phi,model,trial,seed,objective,loss_value,fas_size,num_violations,num_po_violations,num_pmc_violations,epsilon_l1_norm,epsilon_support_percentage,epsilon_sparsity,time_Data Generation,time_Graph Construction,time_Feedback Arc Set,time_LP3 Solve,time_BTL Model Fitting,time_New LP Evaluation,time_BTL Evaluation
0.0,LP3 ($\theta$ Only),0,42,0.0,,0,0,0,0,0.0,0.0,100.0,0.0031674150000071677,0.008417373000156658,0.0008766099999775179,0.4429913909998504,0.08446264899976086,0.02267914499998369,0.00043985399997836794
0.0,LP3 ($\theta$ Only),1,43,0.0,,0,0,0,0,0.0,0.0,100.0,0.0022307149997686793,0.0077527919997919525,8.588099990447517e-05,0.24759736099986185,0.10680021500002113,0.028288018999774067,0.0003986970000369183
0.0,LP3 ($\theta$ Only),2,45,0.0,,0,0,0,0,0.0,0.0,100.0,0.005832676999943942,0.008856046999881073,7.304500013560755e-05,0.20361100899981466,0.14559829600011653,0.023142663999806246,0.00046749600005568936
0.0,LP3 ($\theta$ Only),3,48,0.0,,0,0,0,0,0.0,0.0,100.0,0.0019544870001482195,0.011921856999833835,0.00010377999979027663,0.2326823510002214,0.1236521979999452,0.023381934000099136,0.00043387799996708054
0.0,LP3 ($\theta$ Only),4,52,0.0,,0,0,0,0,0.0,0.0,100.0,0.008381858000120701,0.009563230999901862,7.589599999846541e-05,0.21081430699996417,0.08888204599998062,0.021576538999852346,0.00039503800007878453
0.0,LP3 ($\theta$ Only),5,57,0.0,,0,0,0,0,0.0,0.0,100.0,0.006373325000367913,0.009634789999836357,6.300799987002392e-05,0.20006964599997445,0.12909150199993746,0.0226993510000284,0.00039854900023783557
0.0,LP3 ($\theta$ Only),6,63,0.0,,0,0,0,0,0.0,0.0,100.0,0.0018769860002976202,0.007371272999989742,6.093199999668286e-05,0.19732160200010185,0.10432333500011737,0.02364539900008822,0.0003965239998251491
0.0,LP3 ($\theta$ Only),7,70,0.0,,0,0,0,0,0.0,0.0,100.0,0.0019299809996482509,0.006902636000177154,6.113900008131168e-05,0.19549844099992697,0.12691521700025987,0.023770190000050206,0.00045772999965265626
0.0,LP3 ($\theta$ Only),8,78,0.0,,0,0,0,0,0.0,0.0,100.0,0.0020721840000987868,0.00842845400029546,0.00010144900033992599,0.2080697220003458,0.15345660499997393,0.021849500000371336,0.00039062599989847513
0.0,LP3 ($\theta$ Only),9,87,0.0,,0,0,0,0,0.0,0.0,100.0,0.006422916999781592,0.00806951399999889,7.430999994539889e-05,0.21166072500000155,0.13690230900010647,0.02593588899981114,0.00039436399993064697
0.0,LP3 ($\theta$ Only),10,97,0.0,,0,0,0,0,0.0,0.0,100.0,0.006178895000175544,0.00829930100007914,6.347899989123107e-05,0.18327955699987797,0.12196767999967051,0.027275765000013052,0.000394120000237308
0.0,LP3 ($\theta$ Only),11,108,0.0,,0,0,0,0,0.0,0.0,100.0,0.006365887999891129,0.008953080000082991,7.838600004106411e-05,0.4415865199998734,0.09058109499983402,0.022479233000012755,0.00041640099971118616
0.0,LP3 ($\theta$ Only),12,120,0.0,,0,0,0,0,0.0,0.0,100.0,0.0019366460001037922,0.012319865000335994,7.137000011425698e-05,0.2023613739997927,0.0907401290000962,0.022461783999915497,0.0003993760001321789
0.0,LP3 ($\theta$ Only),13,133,0.0,,0,0,0,0,0.0,0.0,100.0,0.0019199100001969782,0.0074246140002287575,6.476200042015989e-05,0.2198139550000633,0.11812429900010102,0.023288180999770702,0.0003995330002908304
0.0,LP3 ($\theta$ Only),14,147,0.0,,0,0,0,0,0.0,0.0,100.0,0.0018950069998027175,0.007271219999893219,6.0849999954371015e-05,0.20225350800001252,0.11674038399996789,0.021395253999799024,0.00039316299989877734
0.0,LP3 ($\theta$ Only),15,162,0.0,,0,0,0,0,0.0,0.0,100.0,0.0018859990000237303,0.007131931000003533,6.0648000271612545e-05,0.20845156400037013,0.1561179519999314,0.022104022000348778,0.0004081989995938784
0.0,LP3 ($\theta$ Only),16,178,0.0,,0,0,0,0,0.0,0.0,100.0,0.0019569910000427626,0.007017269999778364,6.595100012418698e-05,0.20374354399973527,0.1366043970001556,0.02160310599992954,0.00041401999988011084
0.0,LP3 ($\theta$ Only),17,195,0.0,,0,0,0,0,0.0,0.0,100.0,0.0020148669996160606,0.007170966000103363,6.142799975350499e-05,0.23735580699985803,0.1107782449998922,0.03135324799995942,0.0007102970002961229
0.0,LP3 ($\theta$ Only),18,213,0.0,,0,0,0,0,0.0,0.0,100.0,0.0026357010001447634,0.0072360710000793915,6.91000000188069e-05,0.23222282699998686,0.13871027699997285,0.023715107000043645,0.0008560409996789531
0.0,LP3 ($\theta$ Only),19,232,0.0,,0,0,0,0,0.0,0.0,100.0,0.00898213200025566,0.01242830600040179,0.00013642399972013664,0.22488209199991616,0.12391197199985982,0.022906490999957896,0.00042290900000807596
0.0,Linear BTL,0,42,,-5.463978932474287,0,0,0,0,,,,0.0031674150000071677,0.008417373000156658,0.0008766099999775179,0.4429913909998504,0.08446264899976086,0.02267914499998369,0.00043985399997836794
0.0,Linear BTL,1,43,,-11.750893941698905,0,1,1,0,,,,0.0022307149997686793,0.0077527919997919525,8.588099990447517e-05,0.24759736099986185,0.10680021500002113,0.028288018999774067,0.0003986970000369183
0.0,Linear BTL,2,45,,-2.96395707435161,0,0,0,0,,,,0.005832676999943942,0.008856046999881073,7.304500013560755e-05,0.20361100899981466,0.14559829600011653,0.023142663999806246,0.00046749600005568936
0.0,Linear BTL,3,48,,-10.450167528156133,0,0,0,0,,,,0.0019544870001482195,0.011921856999833835,0.00010377999979027663,0.2326823510002214,0.1236521979999452,0.023381934000099136,0.00043387799996708054
0.0,Linear BTL,4,52,,-8.19030953095897,0,0,0,0,,,,0.008381858000120701,0.009563230999901862,7.589599999846541e-05,0.21081430699996417,0.08888204599998062,0.021576538999852346,0.00039503800007878453
0.0,Linear BTL,5,57,,-7.831756522150226,0,1,1,0,,,,0.006373325000367913,0.009634789999836357,6.300799987002392e-05,0.20006964599997445,0.12909150199993746,0.0226993510000284,0.00039854900023783557
0.0,Linear BTL,6,63,,-8.050996093782834,0,0,0,0,,,,0.0018769860002976202,0.007371272999989742,6.093199999668286e-05,0.19732160200010185,0.10432333500011737,0.02364539900008822,0.0003965239998251491
0.0,Linear BTL,7,70,,-6.200239925304996,0,0,0,0,,,,0.0019299809996482509,0.006902636000177154,6.113900008131168e-05,0.19549844099992697,0.12691521700025987,0.023770190000050206,0.00045772999965265626
0.0,Linear BTL,8,78,,-2.310566118450875,0,0,0,0,,,,0.0020721840000987868,0.00842845400029546,0.00010144900033992599,0.2080697220003458,0.15345660499997393,0.021849500000371336,0.00039062599989847513
0.0,Linear BTL,9,87,,-6.147650610730824,0,0,0,0,,,,0.006422916999781592,0.00806951399999889,7.430999994539889e-05,0.21166072500000155,0.13690230900010647,0.02593588899981114,0.00039436399993064697
0.0,Linear BTL,10,97,,-3.7343588943790644,0,0,0,0,,,,0.006178895000175544,0.00829930100007914,6.347899989123107e-05,0.18327955699987797,0.12196767999967051,0.027275765000013052,0.000394120000237308
0.0,Linear BTL,11,108,,-4.17606193054484,0,0,0,0,,,,0.006365887999891129,0.008953080000082991,7.838600004106411e-05,0.4415865199998734,0.09058109499983402,0.022479233000012755,0.00041640099971118616
0.0,Linear BTL,12,120,,-6.117841226827306,0,0,0,0,,,,0.0019366460001037922,0.012319865000335994,7.137000011425698e-05,0.2023613739997927,0.0907401290000962,0.022461783999915497,0.0003993760001321789
0.0,Linear BTL,13,133,,-6.280022340215242,0,0,0,0,,,,0.0019199100001969782,0.0074246140002287575,6.476200042015989e-05,0.2198139550000633,0.11812429900010102,0.023288180999770702,0.0003995330002908304
0.0,Linear BTL,14,147,,-9.946963242609296,0,0,0,0,,,,0.0018950069998027175,0.007271219999893219,6.0849999954371015e-05,0.20225350800001252,0.11674038399996789,0.021395253999799024,0.00039316299989877734
0.0,Linear BTL,15,162,,-10.964129210030682,0,0,0,0,,,,0.0018859990000237303,0.007131931000003533,6.0648000271612545e-05,0.20845156400037013,0.1561179519999314,0.022104022000348778,0.0004081989995938784
0.0,Linear BTL,16,178,,-6.716084034880783,0,1,1,0,,,,0.0019569910000427626,0.007017269999778364,6.595100012418698e-05,0.20374354399973527,0.1366043970001556,0.02160310599992954,0.00041401999988011084
0.0,Linear BTL,17,195,,-4.675752255016137,0,0,0,0,,,,0.0020148669996160606,0.007170966000103363,6.142799975350499e-05,0.23735580699985803,0.1107782449998922,0.03135324799995942,0.0007102970002961229
0.0,Linear BTL,18,213,,-6.584001625794931,0,0,0,0,,,,0.0026357010001447634,0.0072360710000793915,6.91000000188069e-05,0.23222282699998686,0.13871027699997285,0.023715107000043645,0.0008560409996789531
0.0,Linear BTL,19,232,,-10.413096602357406,0,0,0,0,,,,0.00898213200025566,0.01242830600040179,0.00013642399972013664,0.22488209199991616,0.12391197199985982,0.022906490999957896,0.00042290900000807596
0.1,LP3 ($\theta$ Only),0,42,0.0005785968377759925,,0,2,1,1,5.259971252509022e-05,26.666666666666668,73.33333333333333,0.0023000619999038463,0.007782639999732055,6.804400027249358e-05,0.2194128979999732,0.11098056400032874,0.022961881999890466,0.000422663999870565
0.1,LP3 ($\theta$ Only),1,43,0.00029985867073087895,,0,1,0,1,2.7259879157352632e-05,6.666666666666667,93.33333333333333,0.0019557180003175745,0.007259616999817808,6.163800026115496e-05,0.19699542599983033,0.1162929060001261,0.021640230000230076,0.0004150499999013846
0.1,LP3 ($\theta$ Only),2,45,0.0,,0,0,0,0,0.0,0.0,100.0,0.001971260000118491,0.006998450000082812,6.113900008131168e-05,0.2038875060002283,0.12845841699981975,0.03253152899969791,0.0007054490001792146
0.1,LP3 ($\theta$ Only),3,48,0.0017137067547388584,,1,6,3,3,0.0002125600497228383,73.33333333333333,26.66666666666667,0.002073330000257556,0.007842984000035358,0.00038590799977100687,0.24718348199985485,0.08413198400012334,0.022146286999941367,0.00041249299965784303
0.1,LP3 ($\theta$ Only),4,52,0.0006057570553732209,,0,1,0,1,5.506882321574736e-05,26.666666666666668,73.33333333333333,0.006612620999931096,0.0077298910000536125,7.305300005100435e-05,0.4044278229998781,0.09019266199993581,0.02394004699999641,0.0004435929999999644
0.1,LP3 ($\theta$ Only),5,57,0.0013434710241781874,,0,3,1,2,0.00015960928808356987,86.66666666666667,13.333333333333329,0.0057036789999074244,0.008265939000011713,7.734900009381818e-05,0.2251775530003215,0.10300095999991754,0.024678001000211225,0.0004338079997978639
0.1,LP3 ($\theta$ Only),6,63,0.0006314362530288398,,0,3,3,0,4.410973629523152e-05,20.0,80.0,0.0020135760000812297,0.007645100999980059,7.230500023069908e-05,0.23193357099989953,0.1223158699999658,0.023142041000028257,0.0004372520002107194
0.1,LP3 ($\theta$ Only),7,70,0.0005333516900975562,,0,2,0,2,4.848651728159602e-05,33.333333333333336,66.66666666666666,0.0021420590001071105,0.007227684999634221,6.395900027200696e-05,0.2077465510001275,0.08670000999973126,0.027892368999800965,0.0004179450002084195
0.1,LP3 ($\theta$ Only),8,78,0.0,,0,0,0,0,0.0,0.0,100.0,0.001980602000003273,0.007092361999639252,6.095299977459945e-05,0.20328630899985,0.10179560599999604,0.021531853999931627,0.00041425099971093005
0.1,LP3 ($\theta$ Only),9,87,0.0,,0,0,0,0,0.0,0.0,100.0,0.0019571160000850796,0.006839573999968707,6.0366999605321325e-05,0.19415185999969253,0.1275933619999705,0.022981487999913952,0.000444450000031793
0.1,LP3 ($\theta$ Only),10,97,0.0005565190352147636,,0,2,0,2,5.059263956497851e-05,26.666666666666668,73.33333333333333,0.004239874999711901,0.007988867999756621,7.854200021029101e-05,0.20259155200028545,0.14406087599991224,0.022262444000261894,0.00042180899981758557
0.1,LP3 ($\theta$ Only),11,108,0.0,,0,0,0,0,0.0,0.0,100.0,0.002148573999875225,0.007154939999963972,6.123499997556792e-05,0.19625817699989057,0.10153690400011328,0.021002911999858043,0.0004434500001480046
0.1,LP3 ($\theta$ Only),12,120,0.0008832391459844134,,0,3,1,2,9.389315164422169e-05,60.0,40.0,0.0020122509999964677,0.007073686999774509,6.193199988047127e-05,0.21624739099979706,0.13302197799976057,0.022018405999915558,0.00042728900007205084
0.1,LP3 ($\theta$ Only),13,133,0.0003848818874410556,,0,1,1,0,3.7624788380719355e-05,20.0,80.0,0.007145519000005152,0.009262919999855512,6.402199960575672e-05,0.1954130859999168,0.14613436999979967,0.022005967000040982,0.00041530400039846427
0.1,LP3 ($\theta$ Only),14,147,0.0006892694310034671,,0,3,2,1,5.513155800384876e-05,40.0,60.0,0.0019784809996963304,0.00705173599999398,6.21889998910774e-05,0.19251139800007877,0.10978290299999571,0.021773348999886366,0.00041473500004940433
0.1,LP3 ($\theta$ Only),15,162,0.0,,1,0,0,0,0.0,0.0,100.0,0.0019597199998315773,0.007304125000246131,0.0003243549999751849,0.20228265700006887,0.12836343899971325,0.02134005099969727,0.0004106829996999295
0.1,LP3 ($\theta$ Only),16,178,0.0,,0,0,0,0,0.0,0.0,100.0,0.0019684110002344823,0.0070927929996287276,6.026800019753864e-05,0.4203176529999837,0.1418891509997593,0.021616901000015787,0.0004131739997319528
0.1,LP3 ($\theta$ Only),17,195,0.0003571033032675118,,0,2,1,1,4.155484575159223e-05,20.0,80.0,0.006817372000114119,0.007873442999880353,6.810300010329229e-05,0.21740184899999804,0.12102389200026664,0.022614256999986537,0.00042488499957471504
0.1,LP3 ($\theta$ Only),18,213,0.0,,0,0,0,0,0.0,0.0,100.0,0.001986986999781948,0.006874261999655573,6.260000009206124e-05,0.195750911000232,0.10856893900017894,0.020801980000214826,0.0004115579999961483
0.1,LP3 ($\theta$ Only),19,232,0.0012700791897226453,,0,4,1,3,0.00010181441915195113,60.0,40.0,0.0019861729997501243,0.0068699789999300265,6.371400013449602e-05,0.2027790349998213,0.09720040499996685,0.02193812599989542,0.00041557199983799364
0.1,Linear BTL,0,42,,-49.98305480530476,0,2,0,2,,,,0.0023000619999038463,0.007782639999732055,6.804400027249358e-05,0.2194128979999732,0.11098056400032874,0.022961881999890466,0.000422663999870565
0.1,Linear BTL,1,43,,-29.575692466763396,0,1,0,1,,,,0.0019557180003175745,0.007259616999817808,6.163800026115496e-05,0.19699542599983033,0.1162929060001261,0.021640230000230076,0.0004150499999013846
0.1,Linear BTL,2,45,,-46.154137575665516,0,2,1,1,,,,0.001971260000118491,0.006998450000082812,6.113900008131168e-05,0.2038875060002283,0.12845841699981975,0.03253152899969791,0.0007054490001792146
0.1,Linear BTL,3,48,,-61.471612167404054,1,4,1,3,,,,0.002073330000257556,0.007842984000035358,0.00038590799977100687,0.24718348199985485,0.08413198400012334,0.022146286999941367,0.00041249299965784303
0.1,Linear BTL,4,52,,-59.60181500038833,0,2,0,2,,,,0.006612620999931096,0.0077298910000536125,7.305300005100435e-05,0.4044278229998781,0.09019266199993581,0.02394004699999641,0.0004435929999999644
0.1,Linear BTL,5,57,,-59.02132633348369,0,6,1,5,,,,0.0057036789999074244,0.008265939000011713,7.734900009381818e-05,0.2251775530003215,0.10300095999991754,0.024678001000211225,0.0004338079997978639
0.1,Linear BTL,6,63,,-44.19629097051007,0,4,3,1,,,,0.0020135760000812297,0.007645100999980059,7.230500023069908e-05,0.23193357099989953,0.1223158699999658,0.023142041000028257,0.0004372520002107194
0.1,Linear BTL,7,70,,-94.45804014247246,0,2,0,2,,,,0.0021420590001071105,0.007227684999634221,6.395900027200696e-05,0.2077465510001275,0.08670000999973126,0.027892368999800965,0.0004179450002084195
0.1,Linear BTL,8,78,,-46.971253569690624,0,3,1,2,,,,0.001980602000003273,0.007092361999639252,6.095299977459945e-05,0.20328630899985,0.10179560599999604,0.021531853999931627,0.00041425099971093005
0.1,Linear BTL,9,87,,-57.56343230025869,0,3,0,3,,,,0.0019571160000850796,0.006839573999968707,6.0366999605321325e-05,0.19415185999969253,0.1275933619999705,0.022981487999913952,0.000444450000031793
0.1,Linear BTL,10,97,,-56.86842363329374,0,3,0,3,,,,0.004239874999711901,0.007988867999756621,7.854200021029101e-05,0.20259155200028545,0.14406087599991224,0.022262444000261894,0.00042180899981758557
0.1,Linear BTL,11,108,,-23.478687329188165,0,1,0,1,,,,0.002148573999875225,0.007154939999963972,6.123499997556792e-05,0.19625817699989057,0.10153690400011328,0.021002911999858043,0.0004434500001480046
0.1,Linear BTL,12,120,,-59.86166356865633,0,3,1,2,,,,0.0020122509999964677,0.007073686999774509,6.193199988047127e-05,0.21624739099979706,0.13302197799976057,0.022018405999915558,0.00042728900007205084
0.1,Linear BTL,13,133,,-34.63215903005551,0,1,1,0,,,,0.007145519000005152,0.009262919999855512,6.402199960575672e-05,0.1954130859999168,0.14613436999979967,0.022005967000040982,0.00041530400039846427
0.1,Linear BTL,14,147,,-58.810614115916934,0,5,2,3,,,,0.0019784809996963304,0.00705173599999398,6.21889998910774e-05,0.19251139800007877,0.10978290299999571,0.021773348999886366,0.00041473500004940433
0.1,Linear BTL,15,162,,-57.73238761754662,1,3,1,2,,,,0.0019597199998315773,0.007304125000246131,0.0003243549999751849,0.20228265700006887,0.12836343899971325,0.02134005099969727,0.0004106829996999295
0.1,Linear BTL,16,178,,-51.37349843826343,0,1,0,1,,,,0.0019684110002344823,0.0070927929996287276,6.026800019753864e-05,0.4203176529999837,0.1418891509997593,0.021616901000015787,0.0004131739997319528
0.1,Linear BTL,17,195,,-32.24047383506094,0,1,0,1,,,,0.006817372000114119,0.007873442999880353,6.810300010329229e-05,0.21740184899999804,0.12102389200026664,0.022614256999986537,0.00042488499957471504
0.1,Linear BTL,18,213,,-28.121441300385793,0,0,0,0,,,,0.001986986999781948,0.006874261999655573,6.260000009206124e-05,0.195750911000232,0.10856893900017894,0.020801980000214826,0.0004115579999961483
0.1,Linear BTL,19,232,,-50.6530838574579,0,5,0,5,,,,0.0019861729997501243,0.0068699789999300265,6.371400013449602e-05,0.2027790349998213,0.09720040499996685,0.02193812599989542,0.00041557199983799364
0.2,LP3 ($\theta$ Only),0,42,0.000747796850117373,,2,3,1,2,6.302669753992898e-05,26.666666666666668,73.33333333333333,0.002074497000194242,0.007374676999916119,0.00032329699979527504,0.19551570800012996,0.11134538799979055,0.02131310400000075,0.00044547900006364216
0.2,LP3 ($\theta$ Only),1,43,0.0007285075624044568,,0,3,0,3,6.582614196669714e-05,33.333333333333336,66.66666666666666,0.004399895000005927,0.007911057000001165,6.734500038874103e-05,0.1887615900000128,0.14044179199981954,0.03223487800005387,0.0009471419998590136
0.2,LP3 ($\theta$ Only),2,45,0.000783499738486819,,0,3,0,3,6.528758983486788e-05,33.333333333333336,66.66666666666666,0.0035308960000293155,0.01353210199977184,0.00012940200031152926,0.21162960300034683,0.1075806610001564,0.02383314700000483,0.00042538900015642866
0.2,LP3 ($\theta$ Only),3,48,0.0017581754571671716,,1,6,2,4,0.0002045354901983315,86.66666666666667,13.333333333333329,0.002138586999990366,0.007684613000037643,0.00035845499996867147,0.21606105000000753,0.14018655599966223,0.022704269999849203,0.0004347879998931603
0.2,LP3 ($\theta$ Only),4,52,0.0014079527491920058,,0,5,0,5,9.318854702625526e-05,66.66666666666667,33.33333333333333,0.001984900000024936,0.006938429999991058,6.130600013420917e-05,0.20361318200002643,0.10063064199994187,0.021964121000110026,0.00041860900000756374
0.2,LP3 ($\theta$ Only),5,57,0.0015507348397932252,,0,5,2,3,0.0001303126604897018,66.66666666666667,33.33333333333333,0.001985641999908694,0.007104681000328128,6.19630000073812e-05,0.21232960999986972,0.18922585100017386,0.02246909100040284,0.0007888079999247566
0.2,LP3 ($\theta$ Only),6,63,0.0010899463239197173,,1,3,0,3,0.00012031063667591422,73.33333333333333,26.66666666666667,0.0021994439998707094,0.007385261999843351,0.00033244200039916905,0.2028231849999429,0.10288207699977647,0.025090902000101778,0.0004195749997961684
0.2,LP3 ($\theta$ Only),7,70,0.00196088913320609,,0,8,1,7,0.00018232000741518438,80.0,20.0,0.006535477999932482,0.00875101600013295,6.33529998594895e-05,0.44698029099981795,0.12717507999968802,0.025521164999645407,0.0005265090003376827
0.2,LP3 ($\theta$ Only),8,78,0.001737046350112911,,0,7,0,7,0.00014541346655860452,93.33333333333333,6.666666666666671,0.002499816000181454,0.008171531000243704,6.596699995498057e-05,0.20285972300007415,0.17673603499997625,0.026388587999917945,0.0005571080000663642
0.2,LP3 ($\theta$ Only),9,87,0.0019698239472314095,,3,7,2,5,0.0002585383892203556,93.33333333333333,6.666666666666671,0.0021853729999747884,0.008441284999662457,0.0003494180000416236,0.21794559099998878,0.14497003699989364,0.022326510999846505,0.0004290239999136247
0.2,LP3 ($\theta$ Only),10,97,0.0,,2,0,0,0,0.0,0.0,100.0,0.007900450999841269,0.008634142000119027,0.00037361400018198765,0.20419433999995817,0.1300418890000401,0.023306563999994978,0.0004136099996685516
0.2,LP3 ($\theta$ Only),11,108,0.0007218338473007932,,2,3,0,3,5.3110577261822786e-05,33.333333333333336,66.66666666666666,0.00198194600034185,0.007076521999806573,0.00031498599992119125,0.19885119099990334,0.17013258800034237,0.023083527999915532,0.00042807199997696443
0.2,LP3 ($\theta$ Only),12,120,0.0017052178805621774,,0,8,1,7,0.0001397043456752129,80.0,20.0,0.002019461000145384,0.007261897000262252,6.0229000155231915e-05,0.20129428099971847,0.13791436600013185,0.025580184999853373,0.0004299299998820061
0.2,LP3 ($\theta$ Only),13,133,0.001451345870374775,,1,6,0,6,0.00011333614746594396,73.33333333333333,26.66666666666667,0.002171984999677079,0.007121521000044595,0.0003258010001445655,0.1806400030000077,0.09878219999973226,0.021598036999876058,0.00041263100001742714
0.2,LP3 ($\theta$ Only),14,147,0.003188295943567094,,1,11,4,7,0.0002850640878529729,93.33333333333333,6.666666666666671,0.001964386000054219,0.007095883000147296,0.0003060330000153044,0.21134728700008054,0.14355638500001078,0.026846155999919574,0.000439918000211037
0.2,LP3 ($\theta$ Only),15,162,0.0022370129440697955,,1,6,1,5,0.00019823028202818082,80.0,20.0,0.0022653840001112258,0.007351847999871097,0.0003187060001437203,0.18651588600005198,0.13943310200011183,0.028956484999980603,0.00044587000002138666
0.2,LP3 ($\theta$ Only),16,178,0.001555450813044077,,1,5,1,4,0.00011337593898748854,73.33333333333333,26.66666666666667,0.004006986000149482,0.008426690999840503,0.00034639700015759445,0.20680908999975145,0.14456504899999345,0.022210211999663443,0.0004185709999546816
0.2,LP3 ($\theta$ Only),17,195,0.0007169048356293402,,0,3,1,2,4.492912311047616e-05,20.0,80.0,0.001969429999917338,0.007391742999971029,6.525199978568708e-05,0.20518627399997058,0.09641101300030641,0.022094742000263068,0.0004322040003899019
0.2,LP3 ($\theta$ Only),18,213,0.0011030410994198891,,0,3,1,2,7.761376053309852e-05,40.0,60.0,0.001971939999748429,0.007119457000044349,6.375300017680274e-05,0.42174303499996313,0.10298863499974686,0.021493420000297192,0.0004225920001772465
0.2,LP3 ($\theta$ Only),19,232,0.002148601226762054,,0,7,2,5,0.00020871612244446747,86.66666666666667,13.333333333333329,0.0020078739999007666,0.006978201000038098,5.984700010230881e-05,0.24335661199984315,0.15032321500029866,0.022478832000160764,0.00041626900019764435
0.2,Linear BTL,0,42,,-90.17028649568203,2,6,2,4,,,,0.002074497000194242,0.007374676999916119,0.00032329699979527504,0.19551570800012996,0.11134538799979055,0.02131310400000075,0.00044547900006364216
0.2,Linear BTL,1,43,,-67.73608793645323,0,4,0,4,,,,0.004399895000005927,0.007911057000001165,6.734500038874103e-05,0.1887615900000128,0.14044179199981954,0.03223487800005387,0.0009471419998590136
0.2,Linear BTL,2,45,,-72.40494570053768,0,3,0,3,,,,0.0035308960000293155,0.01353210199977184,0.00012940200031152926,0.21162960300034683,0.1075806610001564,0.02383314700000483,0.00042538900015642866
0.2,Linear BTL,3,48,,-85.4127323838325,1,7,2,5,,,,0.002138586999990366,0.007684613000037643,0.00035845499996867147,0.21606105000000753,0.14018655599966223,0.022704269999849203,0.0004347879998931603
0.2,Linear BTL,4,52,,-84.82365671761214,0,7,1,6,,,,0.001984900000024936,0.006938429999991058,6.130600013420917e-05,0.20361318200002643,0.10063064199994187,0.021964121000110026,0.00041860900000756374
0.2,Linear BTL,5,57,,-79.67096365481326,0,9,2,7,,,,0.001985641999908694,0.007104681000328128,6.19630000073812e-05,0.21232960999986972,0.18922585100017386,0.02246909100040284,0.0007888079999247566
0.2,Linear BTL,6,63,,-63.44002395389562,1,4,0,4,,,,0.0021994439998707094,0.007385261999843351,0.00033244200039916905,0.2028231849999429,0.10288207699977647,0.025090902000101778,0.0004195749997961684
0.2,Linear BTL,7,70,,-88.39657454976363,0,6,0,6,,,,0.006535477999932482,0.00875101600013295,6.33529998594895e-05,0.44698029099981795,0.12717507999968802,0.025521164999645407,0.0005265090003376827
0.2,Linear BTL,8,78,,-77.53635125739609,0,8,0,8,,,,0.002499816000181454,0.008171531000243704,6.596699995498057e-05,0.20285972300007415,0.17673603499997625,0.026388587999917945,0.0005571080000663642
0.2,Linear BTL,9,87,,-87.69945442789928,3,8,0,8,,,,0.0021853729999747884,0.008441284999662457,0.0003494180000416236,0.21794559099998878,0.14497003699989364,0.022326510999846505,0.0004290239999136247
0.2,Linear BTL,10,97,,-93.51099605125576,2,5,1,4,,,,0.007900450999841269,0.008634142000119027,0.00037361400018198765,0.20419433999995817,0.1300418890000401,0.023306563999994978,0.0004136099996685516
0.2,Linear BTL,11,108,,-59.37676096453325,2,2,0,2,,,,0.00198194600034185,0.007076521999806573,0.00031498599992119125,0.19885119099990334,0.17013258800034237,0.023083527999915532,0.00042807199997696443
0.2,Linear BTL,12,120,,-86.2963609949422,0,7,1,6,,,,0.002019461000145384,0.007261897000262252,6.0229000155231915e-05,0.20129428099971847,0.13791436600013185,0.025580184999853373,0.0004299299998820061
0.2,Linear BTL,13,133,,-62.72753814540942,1,6,0,6,,,,0.002171984999677079,0.007121521000044595,0.0003258010001445655,0.1806400030000077,0.09878219999973226,0.021598036999876058,0.00041263100001742714
0.2,Linear BTL,14,147,,-113.41829404661067,1,13,6,7,,,,0.001964386000054219,0.007095883000147296,0.0003060330000153044,0.21134728700008054,0.14355638500001078,0.026846155999919574,0.000439918000211037
0.2,Linear BTL,15,162,,-102.92762486093454,1,7,0,7,,,,0.0022653840001112258,0.007351847999871097,0.0003187060001437203,0.18651588600005198,0.13943310200011183,0.028956484999980603,0.00044587000002138666
0.2,Linear BTL,16,178,,-96.59784598183103,1,6,1,5,,,,0.004006986000149482,0.008426690999840503,0.00034639700015759445,0.20680908999975145,0.14456504899999345,0.022210211999663443,0.0004185709999546816
0.2,Linear BTL,17,195,,-46.92572890029462,0,4,0,4,,,,0.001969429999917338,0.007391742999971029,6.525199978568708e-05,0.20518627399997058,0.09641101300030641,0.022094742000263068,0.0004322040003899019
0.2,Linear BTL,18,213,,-62.21056845960503,0,4,0,4,,,,0.001971939999748429,0.007119457000044349,6.375300017680274e-05,0.42174303499996313,0.10298863499974686,0.021493420000297192,0.0004225920001772465
0.2,Linear BTL,19,232,,-89.66858958811264,0,9,2,7,,,,0.0020078739999007666,0.006978201000038098,5.984700010230881e-05,0.24335661199984315,0.15032321500029866,0.022478832000160764,0.00041626900019764435
0.3,LP3 ($\theta$ Only),0,42,0.00232504752137484,,2,7,0,7,0.00017533139829226379,86.66666666666667,13.333333333333329,0.0024895539995668514,0.008595860000241373,0.00034259899985045195,0.22391448700000183,0.12794319899967377,0.021432513000036124,0.0004093289999218541
0.3,LP3 ($\theta$ Only),1,43,0.0009003488968939168,,0,5,1,4,7.08855103086197e-05,33.333333333333336,66.66666666666666,0.001966825000181416,0.0068464690002656425,6.119500039858394e-05,0.25031124199995247,0.15855067200027406,0.021768124999653082,0.0004164160000073025
0.3,LP3 ($\theta$ Only),2,45,0.001685192010504903,,4,8,1,7,0.00011977230054499172,60.0,40.0,0.0019677289997162006,0.007110509000085585,0.00031133499987845425,0.19253344599974298,0.18482819199971345,0.03679358299996238,0.0004944560000694764
0.3,LP3 ($\theta$ Only),3,48,0.001762433026046936,,1,6,0,6,0.0001766312059210934,73.33333333333333,26.66666666666667,0.002446074999625125,0.008553643999675842,0.00041247499984820024,0.22618058700027177,0.16958325200039326,0.024362480000036157,0.0004183729997748742
0.3,LP3 ($\theta$ Only),4,52,0.0014497710644269493,,0,5,0,5,0.00012639850635482307,66.66666666666667,33.33333333333333,0.0021738929999628454,0.009418473000096128,7.022799991318607e-05,0.2292135809998399,0.1606666130001031,0.028214838999701897,0.00042541299990261905
0.3,LP3 ($\theta$ Only),5,57,0.0017049830257538175,,5,6,1,5,0.00012625869942026557,73.33333333333333,26.66666666666667,0.0028215319998707855,0.011084049000146479,0.00041937800006053294,0.17694782099988515,0.14011340400020345,0.02204772300001423,0.0004236039999341301
0.3,LP3 ($\theta$ Only),6,63,0.0009707569618190306,,1,5,1,4,6.847900043105518e-05,40.0,60.0,0.0029404580000118585,0.011479360000066663,0.0003718120001394709,0.2015613300000041,0.16762259100005394,0.027469865000057325,0.00048611199963488616
0.3,LP3 ($\theta$ Only),7,70,0.0021643658498509285,,0,10,4,6,0.0002314209259893232,86.66666666666667,13.333333333333329,0.0022477649999927962,0.009357987999919715,6.546600025103544e-05,0.24024802600024486,0.13058330500007287,0.029058715000246593,0.0004199499999231193
0.3,LP3 ($\theta$ Only),8,78,0.0020409486104962645,,0,8,4,4,0.00018525345835604734,86.66666666666667,13.333333333333329,0.007110370999726001,0.009182084000258328,6.38940000499133e-05,0.21805110600007538,0.14303172900008576,0.02286686200022814,0.00044742799991581705
0.3,LP3 ($\theta$ Only),9,87,0.0032308703025589153,,3,12,5,7,0.00032824390950903534,93.33333333333333,6.666666666666671,0.0019938089999413933,0.007180863000030513,0.0003223869998691953,0.22880557799999224,0.11422843099990132,0.02169634199981374,0.00040686800002731616
0.3,LP3 ($\theta$ Only),10,97,0.0,,5,0,0,0,0.0,0.0,100.0,0.007380585000191786,0.009819922000133374,0.00043636400005198084,0.4236724540000978,0.1704299699999865,0.02478646999998091,0.0005589409997810435
0.3,LP3 ($\theta$ Only),11,108,0.0015637296892572685,,3,3,0,3,0.0001777899128934119,86.66666666666667,13.333333333333329,0.0030647359999420587,0.014231087000098341,0.00036755200017069,0.22085831399999734,0.13427846999957183,0.021853069999906438,0.000405838999995467
0.3,LP3 ($\theta$ Only),12,120,0.002182997603675837,,0,7,1,6,0.00021742630877005166,80.0,20.0,0.0048276170000463026,0.008764965999944252,7.29010002942232e-05,0.20561667799984207,0.15819593399965015,0.02185635399973762,0.00045749399987471406
0.3,LP3 ($\theta$ Only),13,133,0.0022768046602132485,,0,9,2,7,0.00019057607863675195,80.0,20.0,0.0019586170001275605,0.007296928999949159,5.971000018689665e-05,0.2136078250000537,0.1670126099998015,0.022699432000081288,0.0004247530000611732
0.3,LP3 ($\theta$ Only),14,147,0.0042016573534066175,,4,17,4,13,0.00030746211200743045,93.33333333333333,6.666666666666671,0.0020223020001139957,0.007865633000164962,0.00038061299983382924,0.19169515499970657,0.09734244600031161,0.024146642000232532,0.00046048900003370363
0.3,LP3 ($\theta$ Only),15,162,0.001086542527173699,,1,4,1,3,8.366148250899994e-05,46.666666666666664,53.333333333333336,0.0020049439999638707,0.0072689600001467625,0.00031828999999561347,0.22555819999979576,0.14159073799964972,0.022515186999953585,0.00042291399995519896
0.3,LP3 ($\theta$ Only),16,178,0.0017028722082963956,,5,6,0,6,0.00018742264076393743,86.66666666666667,13.333333333333329,0.0021714139998039172,0.007384675000139396,0.00040358700016440707,0.2079824379998172,0.12874093299978995,0.027763860000050045,0.0008808530001260806
0.3,LP3 ($\theta$ Only),17,195,0.0013419582126089832,,0,4,1,3,0.00012462442988988055,46.666666666666664,53.333333333333336,0.002495842999906017,0.010744017999968491,7.658399999854737e-05,0.22661020599980475,0.13962165500015544,0.02221644599967476,0.0004189659998701245
0.3,LP3 ($\theta$ Only),18,213,0.0011297516830321033,,1,5,2,3,0.00011118385790394699,66.66666666666667,33.33333333333333,0.006234780999875511,0.00853839199999129,0.00041593900004954776,0.18724727000017083,0.16275320999966425,0.021699650999835285,0.0004127110000808898
0.3,LP3 ($\theta$ Only),19,232,0.0025759245266664243,,1,11,2,9,0.00021728316345693687,80.0,20.0,0.0019830109999929846,0.007152031999794417,0.0003224140000384068,0.20128412099984416,0.12216271899978892,0.02177734999986569,0.00041743500014490564
0.3,Linear BTL,0,42,,-122.71629122761577,2,8,0,8,,,,0.0024895539995668514,0.008595860000241373,0.00034259899985045195,0.22391448700000183,0.12794319899967377,0.021432513000036124,0.0004093289999218541
0.3,Linear BTL,1,43,,-94.08620927185093,0,6,0,6,,,,0.001966825000181416,0.0068464690002656425,6.119500039858394e-05,0.25031124199995247,0.15855067200027406,0.021768124999653082,0.0004164160000073025
0.3,Linear BTL,2,45,,-99.84510076043456,4,6,0,6,,,,0.0019677289997162006,0.007110509000085585,0.00031133499987845425,0.19253344599974298,0.18482819199971345,0.03679358299996238,0.0004944560000694764
0.3,Linear BTL,3,48,,-97.31529726516045,1,9,0,9,,,,0.002446074999625125,0.008553643999675842,0.00041247499984820024,0.22618058700027177,0.16958325200039326,0.024362480000036157,0.0004183729997748742
0.3,Linear BTL,4,52,,-111.01725679770547,0,9,0,9,,,,0.0021738929999628454,0.009418473000096128,7.022799991318607e-05,0.2292135809998399,0.1606666130001031,0.028214838999701897,0.00042541299990261905
0.3,Linear BTL,5,57,,-113.2741914453915,5,9,0,9,,,,0.0028215319998707855,0.011084049000146479,0.00041937800006053294,0.17694782099988515,0.14011340400020345,0.02204772300001423,0.0004236039999341301
0.3,Linear BTL,6,63,,-62.931950413557296,1,3,0,3,,,,0.0029404580000118585,0.011479360000066663,0.0003718120001394709,0.2015613300000041,0.16762259100005394,0.027469865000057325,0.00048611199963488616
0.3,Linear BTL,7,70,,-96.48119752533555,0,11,4,7,,,,0.0022477649999927962,0.009357987999919715,6.546600025103544e-05,0.24024802600024486,0.13058330500007287,0.029058715000246593,0.0004199499999231193
0.3,Linear BTL,8,78,,-109.94652522532434,0,9,3,6,,,,0.007110370999726001,0.009182084000258328,6.38940000499133e-05,0.21805110600007538,0.14303172900008576,0.02286686200022814,0.00044742799991581705
0.3,Linear BTL,9,87,,-153.0687457911225,3,15,7,8,,,,0.0019938089999413933,0.007180863000030513,0.0003223869998691953,0.22880557799999224,0.11422843099990132,0.02169634199981374,0.00040686800002731616
0.3,Linear BTL,10,97,,-125.92930814576059,5,4,0,4,,,,0.007380585000191786,0.009819922000133374,0.00043636400005198084,0.4236724540000978,0.1704299699999865,0.02478646999998091,0.0005589409997810435
0.3,Linear BTL,11,108,,-102.90581829130372,3,5,1,4,,,,0.0030647359999420587,0.014231087000098341,0.00036755200017069,0.22085831399999734,0.13427846999957183,0.021853069999906438,0.000405838999995467
0.3,Linear BTL,12,120,,-131.37609810967766,0,9,2,7,,,,0.0048276170000463026,0.008764965999944252,7.29010002942232e-05,0.20561667799984207,0.15819593399965015,0.02185635399973762,0.00045749399987471406
0.3,Linear BTL,13,133,,-87.32413741932136,0,10,1,9,,,,0.0019586170001275605,0.007296928999949159,5.971000018689665e-05,0.2136078250000537,0.1670126099998015,0.022699432000081288,0.0004247530000611732
0.3,Linear BTL,14,147,,-160.62180364589685,4,16,4,12,,,,0.0020223020001139957,0.007865633000164962,0.00038061299983382924,0.19169515499970657,0.09734244600031161,0.024146642000232532,0.00046048900003370363
0.3,Linear BTL,15,162,,-100.57269623021844,1,3,1,2,,,,0.0020049439999638707,0.0072689600001467625,0.00031828999999561347,0.22555819999979576,0.14159073799964972,0.022515186999953585,0.00042291399995519896
0.3,Linear BTL,16,178,,-129.4574076366398,5,6,0,6,,,,0.0021714139998039172,0.007384675000139396,0.00040358700016440707,0.2079824379998172,0.12874093299978995,0.027763860000050045,0.0008808530001260806
0.3,Linear BTL,17,195,,-71.32397150129036,0,4,0,4,,,,0.002495842999906017,0.010744017999968491,7.658399999854737e-05,0.22661020599980475,0.13962165500015544,0.02221644599967476,0.0004189659998701245
0.3,Linear BTL,18,213,,-88.80441210319613,1,5,1,4,,,,0.006234780999875511,0.00853839199999129,0.00041593900004954776,0.18724727000017083,0.16275320999966425,0.021699650999835285,0.0004127110000808898
0.3,Linear BTL,19,232,,-101.21787841418305,1,10,0,10,,,,0.0019830109999929846,0.007152031999794417,0.0003224140000384068,0.20128412099984416,0.12216271899978892,0.02177734999986569,0.00041743500014490564
0.4,LP3 ($\theta$ Only),0,42,0.003605687188725217,,2,15,3,12,0.0003191568224457397,93.33333333333333,6.666666666666671,0.00291074300002947,0.008628909999970347,0.0004237309999552963,0.19482459900018512,0.09778936000020622,0.022458382999957394,0.00042728900007205084
0.4,LP3 ($\theta$ Only),1,43,0.0,,4,0,0,0,0.0,0.0,100.0,0.006559751000168035,0.008630230000107986,0.0004132029998800135,0.1827164520000224,0.1332783399998334,0.023222077000355057,0.0004029239998999401
0.4,LP3 ($\theta$ Only),2,45,0.0019694915825432683,,0,8,2,6,0.00018900151344501887,80.0,20.0,0.0020568800000546617,0.007054318999962561,6.178599960549036e-05,0.4140171700000792,0.10807495700009895,0.02182246100028351,0.000427969000156736
0.4,LP3 ($\theta$ Only),3,48,0.002368455231962286,,3,9,3,6,0.0002334902081412597,86.66666666666667,13.333333333333329,0.0019883179998032574,0.007282175999989704,0.0003140889998576313,0.1949437940002099,0.1221185169997625,0.021340606000194384,0.0004061660001752898
0.4,LP3 ($\theta$ Only),4,52,0.0035611174683998553,,0,14,2,12,0.00029283852107494954,80.0,20.0,0.0019648610000331246,0.007238786000016262,6.028100006005843e-05,0.2028136569997514,0.12954633299978013,0.02163062199997512,0.0004195269998490403
0.4,LP3 ($\theta$ Only),5,57,0.0026216942387702205,,3,11,1,10,0.0002483615002386481,86.66666666666667,13.333333333333329,0.006729372999870975,0.008527695999873686,0.0003069320000577136,0.19828979800013258,0.21445116199993208,0.022502862999772333,0.0004544479998003226
0.4,LP3 ($\theta$ Only),6,63,0.002648714104706711,,0,11,1,10,0.0002472204380586105,80.0,20.0,0.004733312000098522,0.007526939999934257,6.784300012441236e-05,0.19303394899998239,0.13302462199999354,0.02284122999981264,0.000498587000038242
0.4,LP3 ($\theta$ Only),7,70,0.00453193087341559,,3,21,4,17,0.00040484405285929264,93.33333333333333,6.666666666666671,0.001985025000067253,0.007339908000176365,0.00031912400027067633,0.19330762700019477,0.10274838899977112,0.022498651000205427,0.00042710100024123676
0.4,LP3 ($\theta$ Only),8,78,0.002084129074148443,,5,8,0,8,0.0001404444603947813,60.0,40.0,0.0020814310000787373,0.0073073359999398235,0.0003134810003757593,0.18124208800009,0.12186880699982794,0.02252080800008116,0.0004168159998698684
0.4,LP3 ($\theta$ Only),9,87,0.005033260614909768,,7,20,4,16,0.0003459908471931435,86.66666666666667,13.333333333333329,0.0021789580000586284,0.007442875999913667,0.0003267950000918063,0.17808063699976628,0.090288892999979,0.02062462100002449,0.00039679400015302235
0.4,LP3 ($\theta$ Only),10,97,0.001892747324106044,,7,8,0,8,0.00015889091386117152,86.66666666666667,13.333333333333329,0.0020132300001023395,0.0076478760001919,0.00031228499983626534,0.18812376100004258,0.13609959100040214,0.021693353000046045,0.00044140499994682614
0.4,LP3 ($\theta$ Only),11,108,0.0011588457840835337,,5,4,0,4,0.00011534307093704554,46.666666666666664,53.333333333333336,0.004185263999715971,0.00821446100007961,0.00035535400002117967,0.20604600099977688,0.15059037499986516,0.022343377000197506,0.0005071049999969546
0.4,LP3 ($\theta$ Only),12,120,0.002644767804194631,,1,11,3,8,0.00022857259940041365,86.66666666666667,13.333333333333329,0.002326024000012694,0.008419180000146298,0.0006405330000234244,0.21642885899973408,0.1272774090002713,0.024196265000227868,0.0004479109998101194
0.4,LP3 ($\theta$ Only),13,133,0.0030597633327191774,,0,11,5,6,0.00032195348231322054,93.33333333333333,6.666666666666671,0.0020647449996431533,0.011163742000007915,0.00011116099994978867,0.22753767099993638,0.11098974800006545,0.022846211999876687,0.00042052000026160385
0.4,LP3 ($\theta$ Only),14,147,0.0021757813122324564,,4,5,1,4,0.00023755664929235882,93.33333333333333,6.666666666666671,0.0024801859999570297,0.008545837999918149,0.0003598660000534437,0.20714102800002365,0.10210400200003278,0.0223167869999088,0.000431849000051443
0.4,LP3 ($\theta$ Only),15,162,0.0024228304586881226,,2,7,0,7,0.00022437935224105336,80.0,20.0,0.002068997999685962,0.007101377000253706,0.00033512999971208046,0.43935465200002,0.12031624600012947,0.022178359999998065,0.00042678799991335836
0.4,LP3 ($\theta$ Only),16,178,0.002262287727663456,,8,8,0,8,0.0001960891690976951,93.33333333333333,6.666666666666671,0.002120574999935343,0.007563877999928081,0.00031945599994287477,0.18487524500005748,0.12489212599984967,0.021268973000132974,0.0003952479996769398
0.4,LP3 ($\theta$ Only),17,195,0.0007623251101943104,,0,2,0,2,6.973957356568315e-05,40.0,60.0,0.0020026669999424485,0.0071032840000953,6.748299983883044e-05,0.2062695109998458,0.14335282899992308,0.02167561599981127,0.0004979939999429916
0.4,LP3 ($\theta$ Only),18,213,0.0007422339938361628,,2,3,0,3,6.747581762146935e-05,33.333333333333336,66.66666666666666,0.0020084349998796824,0.006913974999861239,0.0003251019998060656,0.22591731900001832,0.15848247099984292,0.02305292599976383,0.0004240049997861206
0.4,LP3 ($\theta$ Only),19,232,0.0041145271761671084,,3,13,3,10,0.0003152205463611387,93.33333333333333,6.666666666666671,0.002033558999755769,0.007310651999887341,0.00032853399989107857,0.18997308899997734,0.12473892500020156,0.02218605899997783,0.00041727200004970655
0.4,Linear BTL,0,42,,-158.67843642017533,2,17,3,14,,,,0.00291074300002947,0.008628909999970347,0.0004237309999552963,0.19482459900018512,0.09778936000020622,0.022458382999957394,0.00042728900007205084
0.4,Linear BTL,1,43,,-117.53559324309134,4,5,2,3,,,,0.006559751000168035,0.008630230000107986,0.0004132029998800135,0.1827164520000224,0.1332783399998334,0.023222077000355057,0.0004029239998999401
0.4,Linear BTL,2,45,,-116.69585919794422,0,8,0,8,,,,0.0020568800000546617,0.007054318999962561,6.178599960549036e-05,0.4140171700000792,0.10807495700009895,0.02182246100028351,0.000427969000156736
0.4,Linear BTL,3,48,,-130.99787693448116,3,10,3,7,,,,0.0019883179998032574,0.007282175999989704,0.0003140889998576313,0.1949437940002099,0.1221185169997625,0.021340606000194384,0.0004061660001752898
0.4,Linear BTL,4,52,,-155.83703396382987,0,13,0,13,,,,0.0019648610000331246,0.007238786000016262,6.028100006005843e-05,0.2028136569997514,0.12954633299978013,0.02163062199997512,0.0004195269998490403
0.4,Linear BTL,5,57,,-145.2641539107165,3,12,1,11,,,,0.006729372999870975,0.008527695999873686,0.0003069320000577136,0.19828979800013258,0.21445116199993208,0.022502862999772333,0.0004544479998003226
0.4,Linear BTL,6,63,,-92.40921900886735,0,10,1,9,,,,0.004733312000098522,0.007526939999934257,6.784300012441236e-05,0.19303394899998239,0.13302462199999354,0.02284122999981264,0.000498587000038242
0.4,Linear BTL,7,70,,-153.65191864299575,3,20,4,16,,,,0.001985025000067253,0.007339908000176365,0.00031912400027067633,0.19330762700019477,0.10274838899977112,0.022498651000205427,0.00042710100024123676
0.4,Linear BTL,8,78,,-118.9564027143852,5,8,0,8,,,,0.0020814310000787373,0.0073073359999398235,0.0003134810003757593,0.18124208800009,0.12186880699982794,0.02252080800008116,0.0004168159998698684
0.4,Linear BTL,9,87,,-172.79304909948863,7,24,6,18,,,,0.0021789580000586284,0.007442875999913667,0.0003267950000918063,0.17808063699976628,0.090288892999979,0.02062462100002449,0.00039679400015302235
0.4,Linear BTL,10,97,,-147.62488169730702,7,8,0,8,,,,0.0020132300001023395,0.0076478760001919,0.00031228499983626534,0.18812376100004258,0.13609959100040214,0.021693353000046045,0.00044140499994682614
0.4,Linear BTL,11,108,,-128.37158656370875,5,7,1,6,,,,0.004185263999715971,0.00821446100007961,0.00035535400002117967,0.20604600099977688,0.15059037499986516,0.022343377000197506,0.0005071049999969546
0.4,Linear BTL,12,120,,-145.19349256754828,1,11,2,9,,,,0.002326024000012694,0.008419180000146298,0.0006405330000234244,0.21642885899973408,0.1272774090002713,0.024196265000227868,0.0004479109998101194
0.4,Linear BTL,13,133,,-118.22850582606517,0,12,4,8,,,,0.0020647449996431533,0.011163742000007915,0.00011116099994978867,0.22753767099993638,0.11098974800006545,0.022846211999876687,0.00042052000026160385
0.4,Linear BTL,14,147,,-152.5672341140852,4,6,1,5,,,,0.0024801859999570297,0.008545837999918149,0.0003598660000534437,0.20714102800002365,0.10210400200003278,0.0223167869999088,0.000431849000051443
0.4,Linear BTL,15,162,,-124.59614567476925,2,9,0,9,,,,0.002068997999685962,0.007101377000253706,0.00033512999971208046,0.43935465200002,0.12031624600012947,0.022178359999998065,0.00042678799991335836
0.4,Linear BTL,16,178,,-148.77813643823686,8,8,0,8,,,,0.002120574999935343,0.007563877999928081,0.00031945599994287477,0.18487524500005748,0.12489212599984967,0.021268973000132974,0.0003952479996769398
0.4,Linear BTL,17,195,,-88.10154582492322,0,4,0,4,,,,0.0020026669999424485,0.0071032840000953,6.748299983883044e-05,0.2062695109998458,0.14335282899992308,0.02167561599981127,0.0004979939999429916
0.4,Linear BTL,18,213,,-112.30818953075735,2,4,0,4,,,,0.0020084349998796824,0.006913974999861239,0.0003251019998060656,0.22591731900001832,0.15848247099984292,0.02305292599976383,0.0004240049997861206
0.4,Linear BTL,19,232,,-148.72197581960262,3,19,4,15,,,,0.002033558999755769,0.007310651999887341,0.00032853399989107857,0.18997308899997734,0.12473892500020156,0.02218605899997783,0.00041727200004970655
0.5,LP3 ($\theta$ Only),0,42,0.0038863885846533233,,4,14,0,14,0.0003861524364340206,93.33333333333333,6.666666666666671,0.0021860560000277474,0.007407630999750836,0.0003686650002237002,0.2350793049999993,0.11722754799984614,0.022127115999865055,0.00044279099984123604
0.5,LP3 ($\theta$ Only),1,43,0.0021223769283118766,,7,8,1,7,0.00013536170122577218,73.33333333333333,26.66666666666667,0.0020675729997492454,0.007593402000111382,0.00031575599996358505,0.2057345839998561,0.11714731400024903,0.023824680999950942,0.0004303480000089621
0.5,LP3 ($\theta$ Only),2,45,0.002735266753823303,,3,11,2,9,0.0002389859048546896,93.33333333333333,6.666666666666671,0.0020959120001862175,0.007435685000018566,0.00031087700017451425,0.1964832909998222,0.14664597900036824,0.021403785000075004,0.000408538999636221
0.5,LP3 ($\theta$ Only),3,48,0.002625256618288466,,7,10,3,7,0.00015660610560772604,73.33333333333333,26.66666666666667,0.0020187459999760904,0.006889593999858334,0.0003063310000470665,0.19861725700002353,0.11412782300021718,0.021517997000046307,0.00043237099998805206
0.5,LP3 ($\theta$ Only),4,52,0.003659621597289695,,0,13,0,13,0.0003491188442023814,86.66666666666667,13.333333333333329,0.0021589610000773973,0.0073822630001814105,7.18100000085542e-05,0.19954534899989085,0.16082542100002684,0.02846872899999653,0.0004518730002018856
0.5,LP3 ($\theta$ Only),5,57,0.0038514437490198596,,11,18,5,13,0.00024178023057358326,93.33333333333333,6.666666666666671,0.0021373019999373355,0.008769158000177413,0.0003381329997864668,0.1847139779997633,0.09873567200020261,0.023235027999817248,0.0003979880002589198
0.5,LP3 ($\theta$ Only),6,63,0.00464421984854963,,3,12,5,7,0.00040829839585868315,93.33333333333333,6.666666666666671,0.0022497160002785677,0.0075067269999635755,0.0003437899999880756,0.2039015059999656,0.10299406400008593,0.024185837999993964,0.0004257229998074763
0.5,LP3 ($\theta$ Only),7,70,0.004447199553351487,,7,18,3,15,0.00031340251755546117,93.33333333333333,6.666666666666671,0.0028931850001754356,0.010276449000230059,0.0003474730001471471,0.2083253609998792,0.11748869199982437,0.022685439999804657,0.0004850809996241878
0.5,LP3 ($\theta$ Only),8,78,0.005997750654141182,,4,24,5,19,0.00038319601174059817,93.33333333333333,6.666666666666671,0.00564907999978459,0.00742610599991167,0.0004425849997460318,0.2120375670001522,0.10678240999959598,0.022448817999702442,0.0004251179998391308
0.5,LP3 ($\theta$ Only),9,87,0.00473103140164712,,9,21,3,18,0.0003441174575338061,86.66666666666667,13.333333333333329,0.005523011000150291,0.009248924000075931,0.00034757399998852634,0.4077702159997898,0.09428474499964068,0.020868087000053492,0.0003930959996978345
0.5,LP3 ($\theta$ Only),10,97,0.0014028105427213594,,10,6,0,6,0.00010726527706742346,60.0,40.0,0.0019856379999509954,0.007200066999757837,0.0003203100000064296,0.1804918880002333,0.11724429100013367,0.020712501999696542,0.000430634000167629
0.5,LP3 ($\theta$ Only),11,108,0.0034215775752071973,,2,10,1,9,0.0003024091000213758,93.33333333333333,6.666666666666671,0.0020314329999564507,0.006767466999917815,0.00031209200005832827,0.19277494300013132,0.10496529900001406,0.022377180000148655,0.00042059999987031915
0.5,LP3 ($\theta$ Only),12,120,0.004416704701453587,,8,17,2,15,0.00029811336307150073,93.33333333333333,6.666666666666671,0.0020828040001106274,0.007203011999990849,0.00030824599980405765,0.18529271899978994,0.09920246199999383,0.023031201000321744,0.00043448599990369985
0.5,LP3 ($\theta$ Only),13,133,0.0021656969788788174,,6,6,1,5,0.00020460611803225674,86.66666666666667,13.333333333333329,0.002384882000114885,0.00708488700001908,0.00031384199974127114,0.18366222400027254,0.0977555989998109,0.020644732000164367,0.0003953340001316974
0.5,LP3 ($\theta$ Only),14,147,0.005323131481350458,,7,23,2,21,0.00037740854648372576,93.33333333333333,6.666666666666671,0.002057440000044153,0.007436586000039824,0.00031770599980518455,0.19371624999985215,0.1426189339999837,0.02116802699993059,0.00040709099994273856
0.5,LP3 ($\theta$ Only),15,162,0.0042401279581068,,6,19,3,16,0.0002530201838989373,93.33333333333333,6.666666666666671,0.004102522000266617,0.010037515000021813,0.00039704299979348434,0.1854757090000021,0.13981725099984033,0.023667890000069747,0.0004213449997223506
0.5,LP3 ($\theta$ Only),16,178,0.0025865857150390754,,10,11,2,9,0.0002704531610552333,86.66666666666667,13.333333333333329,0.002056360000096902,0.009053734000190161,0.0003476699998827826,0.1822100130002582,0.10626257900003111,0.023096272999737266,0.0004183549999652314
0.5,LP3 ($\theta$ Only),17,195,0.0026177032099916416,,7,9,1,8,0.00020194475756113946,80.0,20.0,0.0020228170001246326,0.007862606000344385,0.00034231600011480623,0.18208040600029562,0.10834370400016269,0.0213394940001308,0.0004031230000691721
0.5,LP3 ($\theta$ Only),18,213,0.0021529245571017255,,3,5,0,5,0.0002480197509586013,86.66666666666667,13.333333333333329,0.004198938999707025,0.0088423590000275,0.0004028450002806494,0.19027999799982354,0.10413267700005235,0.02173160900019866,0.000418938999700913
0.5,LP3 ($\theta$ Only),19,232,0.005013375553088452,,4,19,4,15,0.00033345100743775285,93.33333333333333,6.666666666666671,0.0020531449999907636,0.0070931579998614325,0.002393947000200569,0.19530471200005195,0.1068712329997652,0.023712218000127905,0.00040747799994278466
0.5,Linear BTL,0,42,,-165.20879521175985,4,16,0,16,,,,0.0021860560000277474,0.007407630999750836,0.0003686650002237002,0.2350793049999993,0.11722754799984614,0.022127115999865055,0.00044279099984123604
0.5,Linear BTL,1,43,,-132.9939977653962,7,9,2,7,,,,0.0020675729997492454,0.007593402000111382,0.00031575599996358505,0.2057345839998561,0.11714731400024903,0.023824680999950942,0.0004303480000089621
0.5,Linear BTL,2,45,,-136.02238371167243,3,13,1,12,,,,0.0020959120001862175,0.007435685000018566,0.00031087700017451425,0.1964832909998222,0.14664597900036824,0.021403785000075004,0.000408538999636221
0.5,Linear BTL,3,48,,-144.17762213360473,7,9,2,7,,,,0.0020187459999760904,0.006889593999858334,0.0003063310000470665,0.19861725700002353,0.11412782300021718,0.021517997000046307,0.00043237099998805206
0.5,Linear BTL,4,52,,-165.50514737609456,0,17,0,17,,,,0.0021589610000773973,0.0073822630001814105,7.18100000085542e-05,0.19954534899989085,0.16082542100002684,0.02846872899999653,0.0004518730002018856
0.5,Linear BTL,5,57,,-168.69644765752247,11,17,3,14,,,,0.0021373019999373355,0.008769158000177413,0.0003381329997864668,0.1847139779997633,0.09873567200020261,0.023235027999817248,0.0003979880002589198
0.5,Linear BTL,6,63,,-148.96997639783893,3,14,6,8,,,,0.0022497160002785677,0.0075067269999635755,0.0003437899999880756,0.2039015059999656,0.10299406400008593,0.024185837999993964,0.0004257229998074763
0.5,Linear BTL,7,70,,-175.2144153869177,7,18,3,15,,,,0.0028931850001754356,0.010276449000230059,0.0003474730001471471,0.2083253609998792,0.11748869199982437,0.022685439999804657,0.0004850809996241878
0.5,Linear BTL,8,78,,-176.0735979966637,4,24,3,21,,,,0.00564907999978459,0.00742610599991167,0.0004425849997460318,0.2120375670001522,0.10678240999959598,0.022448817999702442,0.0004251179998391308
0.5,Linear BTL,9,87,,-180.58135439884873,9,20,1,19,,,,0.005523011000150291,0.009248924000075931,0.00034757399998852634,0.4077702159997898,0.09428474499964068,0.020868087000053492,0.0003930959996978345
0.5,Linear BTL,10,97,,-159.1253465314263,10,6,0,6,,,,0.0019856379999509954,0.007200066999757837,0.0003203100000064296,0.1804918880002333,0.11724429100013367,0.020712501999696542,0.000430634000167629
0.5,Linear BTL,11,108,,-151.20634551094892,2,12,1,11,,,,0.0020314329999564507,0.006767466999917815,0.00031209200005832827,0.19277494300013132,0.10496529900001406,0.022377180000148655,0.00042059999987031915
0.5,Linear BTL,12,120,,-176.96329257229752,8,20,3,17,,,,0.0020828040001106274,0.007203011999990849,0.00030824599980405765,0.18529271899978994,0.09920246199999383,0.023031201000321744,0.00043448599990369985
0.5,Linear BTL,13,133,,-139.55848559697642,6,11,1,10,,,,0.002384882000114885,0.00708488700001908,0.00031384199974127114,0.18366222400027254,0.0977555989998109,0.020644732000164367,0.0003953340001316974
0.5,Linear BTL,14,147,,-186.2716238458691,7,20,1,19,,,,0.002057440000044153,0.007436586000039824,0.00031770599980518455,0.19371624999985215,0.1426189339999837,0.02116802699993059,0.00040709099994273856
0.5,Linear BTL,15,162,,-144.2325790871802,6,20,3,17,,,,0.004102522000266617,0.010037515000021813,0.00039704299979348434,0.1854757090000021,0.13981725099984033,0.023667890000069747,0.0004213449997223506
0.5,Linear BTL,16,178,,-172.18181543054425,10,9,1,8,,,,0.002056360000096902,0.009053734000190161,0.0003476699998827826,0.1822100130002582,0.10626257900003111,0.023096272999737266,0.0004183549999652314
0.5,Linear BTL,17,195,,-113.30200520778996,7,10,1,9,,,,0.0020228170001246326,0.007862606000344385,0.00034231600011480623,0.18208040600029562,0.10834370400016269,0.0213394940001308,0.0004031230000691721
0.5,Linear BTL,18,213,,-123.53552115172047,3,9,0,9,,,,0.004198938999707025,0.0088423590000275,0.0004028450002806494,0.19027999799982354,0.10413267700005235,0.02173160900019866,0.000418938999700913
0.5,Linear BTL,19,232,,-156.48678662930033,4,22,4,18,,,,0.0020531449999907636,0.0070931579998614325,0.002393947000200569,0.19530471200005195,0.1068712329997652,0.023712218000127905,0.00040747799994278466
0.6,LP3 ($\theta$ Only),0,42,0.004093122077360661,,10,17,1,16,0.0003508585926326217,86.66666666666667,13.333333333333329,0.0028570529998432903,0.009599488999811001,0.0003722619999280141,0.19091613799992047,0.1132659549998607,0.022254359999806184,0.0003961729998991359
0.6,LP3 ($\theta$ Only),1,43,0.0020647565354863073,,6,11,1,10,0.00021786013583575687,86.66666666666667,13.333333333333329,0.004505248999976175,0.008114201999887882,0.000322983999922144,0.18464725100011492,0.10667222999973092,0.021322709000287432,0.0004069769997840922
0.6,LP3 ($\theta$ Only),2,45,0.0020109421281303014,,4,7,2,5,0.00018816811837716227,86.66666666666667,13.333333333333329,0.0020457159998841234,0.007282595000106085,0.0003200009996362496,0.19110268500025995,0.11968096400005379,0.02118927999981679,0.0004048989999319019
0.6,LP3 ($\theta$ Only),3,48,0.0027783053869109725,,9,13,3,10,0.000242783718746674,86.66666666666667,13.333333333333329,0.0019831700001304853,0.007757747999676212,0.00031473000035475707,0.1843441369996981,0.12497366400020837,0.020386388000133593,0.00038656000015180325
0.6,LP3 ($\theta$ Only),4,52,0.004288684565172576,,4,17,1,16,0.00042032550429908517,93.33333333333333,6.666666666666671,0.001961110000138433,0.006798956999773509,0.0003020960002686479,0.4207122000002528,0.10788432299978012,0.021374615999775415,0.000419127999975899
0.6,LP3 ($\theta$ Only),5,57,0.006088449350562506,,9,26,4,22,0.00031595242753479916,93.33333333333333,6.666666666666671,0.0020299829998293717,0.007542751000073622,0.00030806499989921576,0.18315085899985206,0.09663388700028008,0.020696043000043574,0.0004024849999950675
0.6,LP3 ($\theta$ Only),6,63,0.0025113808320703845,,4,7,3,4,0.00019966836958941014,86.66666666666667,13.333333333333329,0.0020207150000715046,0.007604257999901165,0.0005181680003261135,0.1951466549999168,0.1214513730001272,0.02230426100004479,0.0005081130002508871
0.6,LP3 ($\theta$ Only),7,70,0.003911366568502022,,6,14,1,13,0.00028395182057995284,93.33333333333333,6.666666666666671,0.0020446989997253695,0.007340079000186961,0.0003100330000052054,0.1935014969999429,0.10654765799972665,0.021397201000127097,0.0004114369999115297
0.6,LP3 ($\theta$ Only),8,78,0.005751992731270645,,2,26,1,25,0.0004162921598068928,93.33333333333333,6.666666666666671,0.002041486000052828,0.007288481000159663,0.0003272369999649527,0.19803585699992254,0.1045290010001736,0.02387689200031673,0.00041951400044126785
0.6,LP3 ($\theta$ Only),9,87,0.005584919526203355,,12,25,2,23,0.00033101844994022617,93.33333333333333,6.666666666666671,0.0020059859998582397,0.00752566300025137,0.0003009619999829738,0.1937970970002425,0.09355793000031554,0.021559897999850364,0.0003838829998130677
0.6,LP3 ($\theta$ Only),10,97,0.0025314013289244263,,7,10,0,10,0.00015457155933409607,73.33333333333333,26.66666666666667,0.002007421999678627,0.007193223999820475,0.0003149529998154321,0.21874708700033807,0.1208336889999373,0.02155001200026163,0.0004032490001009137
0.6,LP3 ($\theta$ Only),11,108,0.0031395777118288335,,4,11,2,9,0.00028972879531609933,93.33333333333333,6.666666666666671,0.00215705499977048,0.007919467000192526,0.0003143659996567294,0.18888451500015435,0.11062651099973664,0.02163555400011319,0.0004872580002484028
0.6,LP3 ($\theta$ Only),12,120,0.00408142546115906,,12,15,2,13,0.00022333336292657113,73.33333333333333,26.66666666666667,0.0019771800002672535,0.007819955999821104,0.00031260100013241754,0.18175872100027846,0.09389586699990105,0.022696494999763672,0.0004067579998263682
0.6,LP3 ($\theta$ Only),13,133,0.003505881002982563,,5,11,5,6,0.0002832474340056152,93.33333333333333,6.666666666666671,0.002093438999963837,0.007871896999859018,0.0003328849998069927,0.1987632269997448,0.1168687519998457,0.02243755900008182,0.0004031469998153625
0.6,LP3 ($\theta$ Only),14,147,0.00521424804497264,,9,20,3,17,0.00030095298927581887,86.66666666666667,13.333333333333329,0.0020381849999466795,0.007834127000023727,0.00030995799988886574,0.22483092499987833,0.0973738500001673,0.02102098700015631,0.0005394400000113819
0.6,LP3 ($\theta$ Only),15,162,0.00316122461917669,,3,9,0,9,0.00030144784341208625,93.33333333333333,6.666666666666671,0.0020698839998658514,0.00888510300001144,0.0005435100001704996,0.2011014019999493,0.14276448400005393,0.0212590200003433,0.0004102419998162077
0.6,LP3 ($\theta$ Only),16,178,0.0040610918247671775,,13,13,1,12,0.0003223539074844102,86.66666666666667,13.333333333333329,0.0019860249999510415,0.007647284000086074,0.0003021269999408105,0.18015379500002382,0.13669834400025138,0.019679330000144546,0.00043694600026356056
0.6,LP3 ($\theta$ Only),17,195,0.0030546250004815957,,4,13,1,12,0.00027373875579172926,93.33333333333333,6.666666666666671,0.00489061700000093,0.008386885000163602,0.0004326779999246355,0.1875132139998641,0.1353780640001787,0.024269817000003968,0.0004328260001784656
0.6,LP3 ($\theta$ Only),18,213,0.0026061507323218826,,5,8,1,7,0.00027129735719289965,86.66666666666667,13.333333333333329,0.0020760749998771644,0.006932547999895178,0.0003189709996149759,0.4163562329999877,0.12321118199997727,0.02303233500015267,0.0004606070001500484
0.6,LP3 ($\theta$ Only),19,232,0.0043340610366319095,,1,20,6,14,0.00042092380596095235,93.33333333333333,6.666666666666671,0.002645222999944963,0.0072602240002197505,0.00036365999994814047,0.18751591199998074,0.10582117100011601,0.023116525000205,0.0004574079998747038
0.6,Linear BTL,0,42,,-183.5391905619209,10,15,0,15,,,,0.0028570529998432903,0.009599488999811001,0.0003722619999280141,0.19091613799992047,0.1132659549998607,0.022254359999806184,0.0003961729998991359
0.6,Linear BTL,1,43,,-163.9709857779104,6,10,0,10,,,,0.004505248999976175,0.008114201999887882,0.000322983999922144,0.18464725100011492,0.10667222999973092,0.021322709000287432,0.0004069769997840922
0.6,Linear BTL,2,45,,-149.24155483305637,4,7,2,5,,,,0.0020457159998841234,0.007282595000106085,0.0003200009996362496,0.19110268500025995,0.11968096400005379,0.02118927999981679,0.0004048989999319019
0.6,Linear BTL,3,48,,-158.5821984925699,9,12,1,11,,,,0.0019831700001304853,0.007757747999676212,0.00031473000035475707,0.1843441369996981,0.12497366400020837,0.020386388000133593,0.00038656000015180325
0.6,Linear BTL,4,52,,-186.29422669857433,4,17,1,16,,,,0.001961110000138433,0.006798956999773509,0.0003020960002686479,0.4207122000002528,0.10788432299978012,0.021374615999775415,0.000419127999975899
0.6,Linear BTL,5,57,,-192.9001171735357,9,25,2,23,,,,0.0020299829998293717,0.007542751000073622,0.00030806499989921576,0.18315085899985206,0.09663388700028008,0.020696043000043574,0.0004024849999950675
0.6,Linear BTL,6,63,,-141.15041341910572,4,11,3,8,,,,0.0020207150000715046,0.007604257999901165,0.0005181680003261135,0.1951466549999168,0.1214513730001272,0.02230426100004479,0.0005081130002508871
0.6,Linear BTL,7,70,,-188.53216677608722,6,18,2,16,,,,0.0020446989997253695,0.007340079000186961,0.0003100330000052054,0.1935014969999429,0.10654765799972665,0.021397201000127097,0.0004114369999115297
0.6,Linear BTL,8,78,,-174.79804153284027,2,27,3,24,,,,0.002041486000052828,0.007288481000159663,0.0003272369999649527,0.19803585699992254,0.1045290010001736,0.02387689200031673,0.00041951400044126785
0.6,Linear BTL,9,87,,-193.25993103335117,12,25,1,24,,,,0.0020059859998582397,0.00752566300025137,0.0003009619999829738,0.1937970970002425,0.09355793000031554,0.021559897999850364,0.0003838829998130677
0.6,Linear BTL,10,97,,-171.94518961618817,7,11,0,11,,,,0.002007421999678627,0.007193223999820475,0.0003149529998154321,0.21874708700033807,0.1208336889999373,0.02155001200026163,0.0004032490001009137
0.6,Linear BTL,11,108,,-161.26129675556268,4,13,4,9,,,,0.00215705499977048,0.007919467000192526,0.0003143659996567294,0.18888451500015435,0.11062651099973664,0.02163555400011319,0.0004872580002484028
0.6,Linear BTL,12,120,,-184.6839499534805,12,15,2,13,,,,0.0019771800002672535,0.007819955999821104,0.00031260100013241754,0.18175872100027846,0.09389586699990105,0.022696494999763672,0.0004067579998263682
0.6,Linear BTL,13,133,,-157.7132034767677,5,14,5,9,,,,0.002093438999963837,0.007871896999859018,0.0003328849998069927,0.1987632269997448,0.1168687519998457,0.02243755900008182,0.0004031469998153625
0.6,Linear BTL,14,147,,-202.7516363257692,9,22,4,18,,,,0.0020381849999466795,0.007834127000023727,0.00030995799988886574,0.22483092499987833,0.0973738500001673,0.02102098700015631,0.0005394400000113819
0.6,Linear BTL,15,162,,-133.80159361943277,3,10,0,10,,,,0.0020698839998658514,0.00888510300001144,0.0005435100001704996,0.2011014019999493,0.14276448400005393,0.0212590200003433,0.0004102419998162077
0.6,Linear BTL,16,178,,-187.60615160951522,13,14,1,13,,,,0.0019860249999510415,0.007647284000086074,0.0003021269999408105,0.18015379500002382,0.13669834400025138,0.019679330000144546,0.00043694600026356056
0.6,Linear BTL,17,195,,-131.4586627704617,4,14,1,13,,,,0.00489061700000093,0.008386885000163602,0.0004326779999246355,0.1875132139998641,0.1353780640001787,0.024269817000003968,0.0004328260001784656
0.6,Linear BTL,18,213,,-143.34557873843238,5,11,2,9,,,,0.0020760749998771644,0.006932547999895178,0.0003189709996149759,0.4163562329999877,0.12321118199997727,0.02303233500015267,0.0004606070001500484
0.6,Linear BTL,19,232,,-171.4179689708467,1,18,4,14,,,,0.002645222999944963,0.0072602240002197505,0.00036365999994814047,0.18751591199998074,0.10582117100011601,0.023116525000205,0.0004574079998747038
0.7,LP3 ($\theta$ Only),0,42,0.0056427616848334725,,11,24,0,24,0.0003365914806065775,86.66666666666667,13.333333333333329,0.003685184999994817,0.01146590100006506,0.0006077349999031867,0.18531175600037386,0.10377853499994671,0.020960572000149114,0.0004640689999177994
0.7,LP3 ($\theta$ Only),1,43,0.00395127338500073,,12,15,1,14,0.00022664383879956733,86.66666666666667,13.333333333333329,0.0022956210000302235,0.00963897600013297,0.00035061500011579483,0.19540218299971457,0.10110774900022079,0.019903079999949114,0.0003759359997275169
0.7,LP3 ($\theta$ Only),2,45,0.004811475144755039,,6,18,6,12,0.00032552413534252576,93.33333333333333,6.666666666666671,0.002221957000074326,0.0073057129998232995,0.00031553200005873805,0.19229795899991586,0.0959541590000299,0.023550768999939464,0.00041225999984817463
0.7,LP3 ($\theta$ Only),3,48,0.004492929553744339,,13,18,1,17,0.0003398013696702964,93.33333333333333,6.666666666666671,0.0020206740000503487,0.007206756999948993,0.000309052999909909,0.18557061899991822,0.10964457800037053,0.019418941999902017,0.00042148900001848233
0.7,LP3 ($\theta$ Only),4,52,0.0032933735370019915,,5,12,0,12,0.00033497650533616924,86.66666666666667,13.333333333333329,0.00206266199984384,0.007187655000052473,0.0003029009999409027,0.20299664699996356,0.10323692499969184,0.0216432669999449,0.0004495960001804633
0.7,LP3 ($\theta$ Only),5,57,0.006200820680879607,,10,26,3,23,0.00030885927684439634,93.33333333333333,6.666666666666671,0.0020150609998381697,0.007266675999744621,0.0003143499998259358,0.17985294999971302,0.12334394800018345,0.020110627000121895,0.0003847349998977734
0.7,LP3 ($\theta$ Only),6,63,0.0036733472363027833,,3,15,5,10,0.00032915455443110445,86.66666666666667,13.333333333333329,0.0020080449999113625,0.007286563999969076,0.00031924099994284916,0.19065656200018566,0.09136655099973723,0.022268150999934733,0.00043329600021024817
0.7,LP3 ($\theta$ Only),7,70,0.007072991025903624,,1,31,3,28,0.0005000786864669397,93.33333333333333,6.666666666666671,0.00200873199992202,0.007645266000054107,0.0003286139999545412,0.2019851039999594,0.09333361799963313,0.026717780999661045,0.0006052850003470667
0.7,LP3 ($\theta$ Only),8,78,0.004774007265671977,,12,14,2,12,0.00027329592871519633,86.66666666666667,13.333333333333329,0.0024145880001924525,0.007163255000250501,0.00031769599991093855,0.18090288699977464,0.09095101000002614,0.021091891000196483,0.000424556999860215
0.7,LP3 ($\theta$ Only),9,87,0.004979391830380966,,14,22,5,17,0.00023218380968184328,86.66666666666667,13.333333333333329,0.004255393999756052,0.008529908000127762,0.0003417160000935837,0.18072497499997553,0.13679245000002993,0.019945926000218606,0.00040687799992156215
0.7,LP3 ($\theta$ Only),10,97,0.004776588796632234,,11,22,2,20,0.0003396588381544276,93.33333333333333,6.666666666666671,0.005050072999893018,0.00845385599996007,0.000482084999930521,0.18346147300007942,0.10859061900009692,0.02042714299977888,0.0003903949996129086
0.7,LP3 ($\theta$ Only),11,108,0.0026586660653546137,,9,9,1,8,0.0001711988190051989,73.33333333333333,26.66666666666667,0.005640061000121932,0.009656703000018751,0.0003434430000197608,0.39831845399976373,0.10053929299965603,0.021977120999963518,0.00040128799992089625
0.7,LP3 ($\theta$ Only),12,120,0.003774063614995107,,11,17,2,15,0.00027687899765829424,93.33333333333333,6.666666666666671,0.0020302930001889763,0.007681380000121862,0.00030376099994100514,0.1771309650002877,0.09635489900028915,0.01976412700014407,0.00038907299995116773
0.7,LP3 ($\theta$ Only),13,133,0.0044752382645799685,,3,17,6,11,0.0003687479263757284,93.33333333333333,6.666666666666671,0.0020465819998207735,0.007722398000169051,0.000319327999932284,0.23581263100004435,0.11070247299994662,0.022772991999772785,0.00042158799988101237
0.7,LP3 ($\theta$ Only),14,147,0.007024104086054228,,10,27,6,21,0.0003530667757790352,93.33333333333333,6.666666666666671,0.002030185999956302,0.008772251999744185,0.00031878100026005995,0.19832707699970342,0.09742386200014153,0.020838150999679783,0.00039669499983574497
0.7,LP3 ($\theta$ Only),15,162,0.004561365494849269,,9,19,8,11,0.00031953469136195933,86.66666666666667,13.333333333333329,0.002092118999826198,0.007485436000024492,0.00033463299996583373,0.1775766009996005,0.12410797499978798,0.021554410999669926,0.0004133239999646321
0.7,LP3 ($\theta$ Only),16,178,0.005182960366107663,,14,15,1,14,0.00039343353352001793,93.33333333333333,6.666666666666671,0.0020509969999693567,0.0071771190000617935,0.0003019430000676948,0.16944278299979487,0.0938130189997537,0.019238448000123753,0.00036825000006501796
0.7,LP3 ($\theta$ Only),17,195,0.0023555527786499712,,7,11,3,8,0.0001891589936764845,86.66666666666667,13.333333333333329,0.0019580260000111593,0.007504311000047892,0.0003216179998162261,0.1939551919999758,0.12640864300010435,0.021136451000074885,0.0004032900001220696
0.7,LP3 ($\theta$ Only),18,213,0.0033870233967328318,,13,14,4,10,0.00017016309078503257,86.66666666666667,13.333333333333329,0.004347103999862156,0.008866406999914034,0.0003858730001411459,0.1727278739999747,0.11120225500008019,0.020019095999941783,0.00038395900037357933
0.7,LP3 ($\theta$ Only),19,232,0.005534008437643302,,2,21,4,17,0.000354173373178624,80.0,20.0,0.002037313000073482,0.007318246999602707,0.00032649600007061963,0.196227940999961,0.12461497499998586,0.021729578000304173,0.0004138600002079329
0.7,Linear BTL,0,42,,-202.99938109660403,11,24,0,24,,,,0.003685184999994817,0.01146590100006506,0.0006077349999031867,0.18531175600037386,0.10377853499994671,0.020960572000149114,0.0004640689999177994
0.7,Linear BTL,1,43,,-185.79449214180138,12,18,1,17,,,,0.0022956210000302235,0.00963897600013297,0.00035061500011579483,0.19540218299971457,0.10110774900022079,0.019903079999949114,0.0003759359997275169
0.7,Linear BTL,2,45,,-171.53333362076725,6,22,7,15,,,,0.002221957000074326,0.0073057129998232995,0.00031553200005873805,0.19229795899991586,0.0959541590000299,0.023550768999939464,0.00041225999984817463
0.7,Linear BTL,3,48,,-178.6217365278097,13,21,3,18,,,,0.0020206740000503487,0.007206756999948993,0.000309052999909909,0.18557061899991822,0.10964457800037053,0.019418941999902017,0.00042148900001848233
0.7,Linear BTL,4,52,,-192.2671678692973,5,17,1,16,,,,0.00206266199984384,0.007187655000052473,0.0003029009999409027,0.20299664699996356,0.10323692499969184,0.0216432669999449,0.0004495960001804633
0.7,Linear BTL,5,57,,-199.00242409781214,10,25,1,24,,,,0.0020150609998381697,0.007266675999744621,0.0003143499998259358,0.17985294999971302,0.12334394800018345,0.020110627000121895,0.0003847349998977734
0.7,Linear BTL,6,63,,-148.1511312282146,3,14,4,10,,,,0.0020080449999113625,0.007286563999969076,0.00031924099994284916,0.19065656200018566,0.09136655099973723,0.022268150999934733,0.00043329600021024817
0.7,Linear BTL,7,70,,-196.52660677365816,1,30,2,28,,,,0.00200873199992202,0.007645266000054107,0.0003286139999545412,0.2019851039999594,0.09333361799963313,0.026717780999661045,0.0006052850003470667
0.7,Linear BTL,8,78,,-190.4402238327637,12,22,5,17,,,,0.0024145880001924525,0.007163255000250501,0.00031769599991093855,0.18090288699977464,0.09095101000002614,0.021091891000196483,0.000424556999860215
0.7,Linear BTL,9,87,,-198.11634741773517,14,22,4,18,,,,0.004255393999756052,0.008529908000127762,0.0003417160000935837,0.18072497499997553,0.13679245000002993,0.019945926000218606,0.00040687799992156215
0.7,Linear BTL,10,97,,-195.72357641686907,11,20,2,18,,,,0.005050072999893018,0.00845385599996007,0.000482084999930521,0.18346147300007942,0.10859061900009692,0.02042714299977888,0.0003903949996129086
0.7,Linear BTL,11,108,,-179.14057723396348,9,12,1,11,,,,0.005640061000121932,0.009656703000018751,0.0003434430000197608,0.39831845399976373,0.10053929299965603,0.021977120999963518,0.00040128799992089625
0.7,Linear BTL,12,120,,-187.5784415753764,11,16,2,14,,,,0.0020302930001889763,0.007681380000121862,0.00030376099994100514,0.1771309650002877,0.09635489900028915,0.01976412700014407,0.00038907299995116773
0.7,Linear BTL,13,133,,-175.20994542014878,3,22,4,18,,,,0.0020465819998207735,0.007722398000169051,0.000319327999932284,0.23581263100004435,0.11070247299994662,0.022772991999772785,0.00042158799988101237
0.7,Linear BTL,14,147,,-210.54274526337716,10,31,6,25,,,,0.002030185999956302,0.008772251999744185,0.00031878100026005995,0.19832707699970342,0.09742386200014153,0.020838150999679783,0.00039669499983574497
0.7,Linear BTL,15,162,,-174.18847176926639,9,17,5,12,,,,0.002092118999826198,0.007485436000024492,0.00033463299996583373,0.1775766009996005,0.12410797499978798,0.021554410999669926,0.0004133239999646321
0.7,Linear BTL,16,178,,-205.0339481979535,14,16,1,15,,,,0.0020509969999693567,0.0071771190000617935,0.0003019430000676948,0.16944278299979487,0.0938130189997537,0.019238448000123753,0.00036825000006501796
0.7,Linear BTL,17,195,,-142.51302974444022,7,10,2,8,,,,0.0019580260000111593,0.007504311000047892,0.0003216179998162261,0.1939551919999758,0.12640864300010435,0.021136451000074885,0.0004032900001220696
0.7,Linear BTL,18,213,,-171.32658684150715,13,13,2,11,,,,0.004347103999862156,0.008866406999914034,0.0003858730001411459,0.1727278739999747,0.11120225500008019,0.020019095999941783,0.00038395900037357933
0.7,Linear BTL,19,232,,-186.12545774635387,2,31,6,25,,,,0.002037313000073482,0.007318246999602707,0.00032649600007061963,0.196227940999961,0.12461497499998586,0.021729578000304173,0.0004138600002079329
0.8,LP3 ($\theta$ Only),0,42,0.007673130631926672,,13,32,3,29,0.0005372482026076506,93.33333333333333,6.666666666666671,0.0021374269999796525,0.007491493000088667,0.0003484220001155336,0.18077002100017125,0.11139665900009277,0.022287636000328348,0.0004013470002064423
0.8,LP3 ($\theta$ Only),1,43,0.005250298718605254,,12,19,0,19,0.00033427892550082417,93.33333333333333,6.666666666666671,0.002041064999957598,0.0069377670001813385,0.002327220000097441,0.1915662260003046,0.10988599099982821,0.021315268000307697,0.000382395000087854
0.8,LP3 ($\theta$ Only),2,45,0.006763777847676721,,6,31,8,23,0.00037576368049885295,93.33333333333333,6.666666666666671,0.001960958999916329,0.007021996000275976,0.0003268119999120245,0.1928867970000283,0.09425606300010259,0.022106464999978925,0.0004098909998901945
0.8,LP3 ($\theta$ Only),3,48,0.0034998328098038226,,10,11,0,11,0.00017836271134255487,93.33333333333333,6.666666666666671,0.0020599499998752435,0.007597411000006105,0.0003114599999207712,0.40692646200022864,0.12666417299988098,0.01992675399969812,0.0003972580002482573
0.8,LP3 ($\theta$ Only),4,52,0.0033509151645243307,,10,13,6,7,0.0002172980420971855,73.33333333333333,26.66666666666667,0.0019566579999263922,0.006838183999661851,0.00029599500021504355,0.19004877199995462,0.09535428400022283,0.020623247000003175,0.0003949470001316513
0.8,LP3 ($\theta$ Only),5,57,0.005866642427943918,,10,24,6,18,0.00029855205430629763,93.33333333333333,6.666666666666671,0.002001072999973985,0.007174117999966256,0.00030931900028008386,0.1821186189999935,0.09397088500008977,0.02306357299994488,0.00040886999977374217
0.8,LP3 ($\theta$ Only),6,63,0.0056024211147525545,,4,21,9,12,0.0003878624257553756,93.33333333333333,6.666666666666671,0.002050399999916408,0.007983996999882947,0.00034205499969175435,0.19343560000015714,0.0776972220000971,0.024002276999908645,0.00042845000007218914
0.8,LP3 ($\theta$ Only),7,70,0.005328615994566329,,2,19,5,14,0.0003775457276782976,93.33333333333333,6.666666666666671,0.006241220000447356,0.008613713000158896,0.0003583249999792315,0.19143025300036243,0.10226718000012625,0.02233870100008062,0.00043634200028463965
0.8,LP3 ($\theta$ Only),8,78,0.008323977283897601,,4,34,11,23,0.0004536633731869512,93.33333333333333,6.666666666666671,0.004165390999787633,0.008039871000164567,0.0003550390001691994,0.18832244599980186,0.07923422899966681,0.02216148300021814,0.0004191670000182057
0.8,LP3 ($\theta$ Only),9,87,0.008375873251086092,,12,35,11,24,0.00032773410077179373,93.33333333333333,6.666666666666671,0.002042607000021235,0.007194002000233013,0.00030024700026842766,0.1789399159997629,0.0861052010000094,0.02430156700029329,0.00038661700000375276
0.8,LP3 ($\theta$ Only),10,97,0.007272527708890309,,11,29,4,25,0.00040462110904077665,93.33333333333333,6.666666666666671,0.0020228020002832636,0.007556453000233887,0.0003036210000573192,0.18225915899984102,0.08450271399988196,0.020380441999805043,0.0003981599998041929
0.8,LP3 ($\theta$ Only),11,108,0.0039196493736432724,,6,15,4,11,0.00035991300173473514,93.33333333333333,6.666666666666671,0.00432160800028214,0.010208853000222007,0.0003356880001774698,0.1984626059997936,0.09233544200014876,0.020751654999912716,0.0003980609999416629
0.8,LP3 ($\theta$ Only),12,120,0.006351809508624562,,15,25,2,23,0.00039034175360215496,86.66666666666667,13.333333333333329,0.001966051999716001,0.007393747999685729,0.00030298299998321454,0.1778326379999271,0.09235479000017222,0.02142130599986558,0.0004013809998468787
0.8,LP3 ($\theta$ Only),13,133,0.004419746445453393,,4,21,5,16,0.0003975596540915596,93.33333333333333,6.666666666666671,0.002117218999956094,0.007385429999885673,0.0003221830002075876,0.1984044900000299,0.09764581999979782,0.022532037000019045,0.0005108149998704903
0.8,LP3 ($\theta$ Only),14,147,0.006434230153368604,,9,23,4,19,0.00041743937610643037,93.33333333333333,6.666666666666671,0.0019871509998665715,0.0073100899999190005,0.0003682279998429294,0.19111121100013406,0.10992330899989611,0.021240389000013238,0.0004055690001223411
0.8,LP3 ($\theta$ Only),15,162,0.0035836563299534263,,5,16,3,13,0.00030793078628553857,93.33333333333333,6.666666666666671,0.0020668269999077893,0.007480050999674859,0.00032765500009190873,0.40886728199984645,0.11456029400005718,0.020994925000195508,0.0004038689999106282
0.8,LP3 ($\theta$ Only),16,178,0.004129115591484481,,19,13,2,11,0.00027039323165706393,93.33333333333333,6.666666666666671,0.002028213999892614,0.007177985999987868,0.00028953999981240486,0.16837545199996384,0.1050672989999839,0.018582301999686024,0.0003551710001374886
0.8,LP3 ($\theta$ Only),17,195,0.002851958284845456,,9,12,3,9,0.00023487160741502704,86.66666666666667,13.333333333333329,0.002088525000090158,0.0075792920001731545,0.0003214409998690826,0.1916433699998379,0.09830094399967493,0.02299783899979957,0.00040268299972012755
0.8,LP3 ($\theta$ Only),18,213,0.0026927787982768164,,10,11,3,8,0.00019588373837456835,93.33333333333333,6.666666666666671,0.0024569030001657666,0.007817425000212097,0.00032654100004947395,0.1740245349997167,0.11000555500004339,0.02006639899991569,0.0004023500000585045
0.8,LP3 ($\theta$ Only),19,232,0.005431210627970239,,6,24,3,21,0.0004212807898926292,93.33333333333333,6.666666666666671,0.0020053170001119724,0.011723059999894758,0.00033401400014554383,0.18967006899993066,0.1006881850003083,0.02065402499965785,0.0003996269997514901
0.8,Linear BTL,0,42,,-212.06187629334858,13,34,2,32,,,,0.0021374269999796525,0.007491493000088667,0.0003484220001155336,0.18077002100017125,0.11139665900009277,0.022287636000328348,0.0004013470002064423
0.8,Linear BTL,1,43,,-200.22440180805145,12,19,1,18,,,,0.002041064999957598,0.0069377670001813385,0.002327220000097441,0.1915662260003046,0.10988599099982821,0.021315268000307697,0.000382395000087854
0.8,Linear BTL,2,45,,-192.44691936653444,6,28,6,22,,,,0.001960958999916329,0.007021996000275976,0.0003268119999120245,0.1928867970000283,0.09425606300010259,0.022106464999978925,0.0004098909998901945
0.8,Linear BTL,3,48,,-168.18960726279016,10,12,0,12,,,,0.0020599499998752435,0.007597411000006105,0.0003114599999207712,0.40692646200022864,0.12666417299988098,0.01992675399969812,0.0003972580002482573
0.8,Linear BTL,4,52,,-204.48332412066915,10,19,3,16,,,,0.0019566579999263922,0.006838183999661851,0.00029599500021504355,0.19004877199995462,0.09535428400022283,0.020623247000003175,0.0003949470001316513
0.8,Linear BTL,5,57,,-208.01213896686426,10,26,4,22,,,,0.002001072999973985,0.007174117999966256,0.00030931900028008386,0.1821186189999935,0.09397088500008977,0.02306357299994488,0.00040886999977374217
0.8,Linear BTL,6,63,,-185.71786921884808,4,24,11,13,,,,0.002050399999916408,0.007983996999882947,0.00034205499969175435,0.19343560000015714,0.0776972220000971,0.024002276999908645,0.00042845000007218914
0.8,Linear BTL,7,70,,-200.87381355703678,2,20,6,14,,,,0.006241220000447356,0.008613713000158896,0.0003583249999792315,0.19143025300036243,0.10226718000012625,0.02233870100008062,0.00043634200028463965
0.8,Linear BTL,8,78,,-212.00537697982017,4,35,12,23,,,,0.004165390999787633,0.008039871000164567,0.0003550390001691994,0.18832244599980186,0.07923422899966681,0.02216148300021814,0.0004191670000182057
0.8,Linear BTL,9,87,,-217.63502176142885,12,40,12,28,,,,0.002042607000021235,0.007194002000233013,0.00030024700026842766,0.1789399159997629,0.0861052010000094,0.02430156700029329,0.00038661700000375276
0.8,Linear BTL,10,97,,-212.3489025052507,11,31,4,27,,,,0.0020228020002832636,0.007556453000233887,0.0003036210000573192,0.18225915899984102,0.08450271399988196,0.020380441999805043,0.0003981599998041929
0.8,Linear BTL,11,108,,-193.27744967753182,6,18,2,16,,,,0.00432160800028214,0.010208853000222007,0.0003356880001774698,0.1984626059997936,0.09233544200014876,0.020751654999912716,0.0003980609999416629
0.8,Linear BTL,12,120,,-197.81478663059275,15,25,2,23,,,,0.001966051999716001,0.007393747999685729,0.00030298299998321454,0.1778326379999271,0.09235479000017222,0.02142130599986558,0.0004013809998468787
0.8,Linear BTL,13,133,,-182.07159951428744,4,21,6,15,,,,0.002117218999956094,0.007385429999885673,0.0003221830002075876,0.1984044900000299,0.09764581999979782,0.022532037000019045,0.0005108149998704903
0.8,Linear BTL,14,147,,-210.27947028350155,9,27,4,23,,,,0.0019871509998665715,0.0073100899999190005,0.0003682279998429294,0.19111121100013406,0.10992330899989611,0.021240389000013238,0.0004055690001223411
0.8,Linear BTL,15,162,,-164.039914974791,5,13,3,10,,,,0.0020668269999077893,0.007480050999674859,0.00032765500009190873,0.40886728199984645,0.11456029400005718,0.020994925000195508,0.0004038689999106282
0.8,Linear BTL,16,178,,-205.19662879086192,19,15,2,13,,,,0.002028213999892614,0.007177985999987868,0.00028953999981240486,0.16837545199996384,0.1050672989999839,0.018582301999686024,0.0003551710001374886
0.8,Linear BTL,17,195,,-158.72035972287588,9,12,3,9,,,,0.002088525000090158,0.0075792920001731545,0.0003214409998690826,0.1916433699998379,0.09830094399967493,0.02299783899979957,0.00040268299972012755
0.8,Linear BTL,18,213,,-178.3068664446026,10,14,1,13,,,,0.0024569030001657666,0.007817425000212097,0.00032654100004947395,0.1740245349997167,0.11000555500004339,0.02006639899991569,0.0004023500000585045
0.8,Linear BTL,19,232,,-186.3985340343896,6,24,2,22,,,,0.0020053170001119724,0.011723059999894758,0.00033401400014554383,0.18967006899993066,0.1006881850003083,0.02065402499965785,0.0003996269997514901
0.9,LP3 ($\theta$ Only),0,42,0.006894789421165006,,14,28,5,23,0.0003548322429896868,86.66666666666667,13.333333333333329,0.0024599499997748353,0.007713670000157435,0.00033405800013497355,0.1728219930000705,0.12450575000002573,0.01951003900012438,0.00037961099997119163
0.9,LP3 ($\theta$ Only),1,43,0.004741765918305716,,10,19,2,17,0.0003888936637944573,86.66666666666667,13.333333333333329,0.0040090550000968506,0.008008697000150278,0.0003610919998209283,0.1802304580000964,0.09204861500029438,0.0200308420003239,0.0003826229999503994
0.9,LP3 ($\theta$ Only),2,45,0.006546465970854359,,6,27,8,19,0.000473030640568265,93.33333333333333,6.666666666666671,0.0020516200002020923,0.007478458000150567,0.0003032050003639597,0.199254079000184,0.09268797999993694,0.021921211000062613,0.00043679300006260746
0.9,LP3 ($\theta$ Only),3,48,0.007479888528584424,,8,34,4,30,0.000456033638855129,93.33333333333333,6.666666666666671,0.0020962730000064767,0.007625621999977739,0.0003155009999318281,0.2000005970003258,0.11059794699986014,0.02216147999979512,0.0003968800001530326
0.9,LP3 ($\theta$ Only),4,52,0.0033649487893200793,,18,11,2,9,0.00025665354061977987,93.33333333333333,6.666666666666671,0.0020271850003155123,0.007599316999858274,0.00029589999985546456,0.2111289439999382,0.10272264600007475,0.018997207000211347,0.00037283700021362165
0.9,LP3 ($\theta$ Only),5,57,0.004671156124351454,,16,18,4,14,0.0002788526772781696,93.33333333333333,6.666666666666671,0.0021276359998410044,0.007592933000069024,0.0003312650001134898,0.1756669790001979,0.0994415760001175,0.019738477999908355,0.00036870999974780716
0.9,LP3 ($\theta$ Only),6,63,0.00506634930173411,,7,22,11,11,0.0003100641093085858,93.33333333333333,6.666666666666671,0.0019988760000160255,0.007487935999961337,0.0003109670001322229,0.18317689300010898,0.11210858899994491,0.022352167000008194,0.00042985799973394023
0.9,LP3 ($\theta$ Only),7,70,0.0075299955115584035,,6,34,7,27,0.00037000379996289116,93.33333333333333,6.666666666666671,0.0020803600000363076,0.007548572000359854,0.00031443699981537065,0.4035331509999196,0.11871668599997065,0.021627530999921873,0.0004097149999324756
0.9,LP3 ($\theta$ Only),8,78,0.005178426956737414,,10,22,7,15,0.0003102101663433451,86.66666666666667,13.333333333333329,0.0020468519996938994,0.007410908999645471,0.0003145000000586151,0.21834918900003686,0.09566467600006945,0.02057124000020849,0.0007807239999237936
0.9,LP3 ($\theta$ Only),9,87,0.0059010554840005286,,15,27,10,17,0.00033450903205612406,86.66666666666667,13.333333333333329,0.0034894669997811434,0.014383789000021352,0.0005522689998542774,0.18608306400028596,0.09287152000024435,0.01905295799997475,0.000366490999567759
0.9,LP3 ($\theta$ Only),10,97,0.006269496810185375,,15,29,7,22,0.0003366715321940922,93.33333333333333,6.666666666666671,0.0019660119996842695,0.007152201999815588,0.00029683999991902965,0.18087237000008827,0.15364861300031407,0.019586983999943186,0.0003898639997714781
0.9,LP3 ($\theta$ Only),11,108,0.006413298696532278,,14,28,5,23,0.0004013879705342447,86.66666666666667,13.333333333333329,0.005071563999990758,0.009723300999667117,0.00033955599974433426,0.17531755700019858,0.11080665400004364,0.019142297999678703,0.00036983099971621414
0.9,LP3 ($\theta$ Only),12,120,0.006384780654391697,,18,26,5,21,0.00033404943007174525,93.33333333333333,6.666666666666671,0.0019700950001606543,0.007343261999722017,0.00029367600018304074,0.1797231680002369,0.09801189299969337,0.01970202700022128,0.0003612470000007306
0.9,LP3 ($\theta$ Only),13,133,0.007371073475113279,,12,32,11,21,0.00037356846847943587,93.33333333333333,6.666666666666671,0.002195999000377924,0.006915021000168053,0.0003044790000785724,0.18020981299969208,0.09801412900014839,0.022207810999589128,0.00040362300023844
0.9,LP3 ($\theta$ Only),14,147,0.004685338813812988,,11,17,3,14,0.0002999323775754513,93.33333333333333,6.666666666666671,0.002227643999958673,0.00706533800030229,0.0003040990000044985,0.17801430100007565,0.11892542400028105,0.01994958899967969,0.0003896359999089327
0.9,LP3 ($\theta$ Only),15,162,0.006758123741634507,,4,32,9,23,0.0003808085300874849,93.33333333333333,6.666666666666671,0.002011831999880087,0.009506299999884504,0.0003216649997739296,0.1913122050000311,0.08678724399987914,0.021767441000065446,0.0004142090001550969
0.9,LP3 ($\theta$ Only),16,178,0.006737910991853412,,17,30,4,26,0.00030028126485692037,86.66666666666667,13.333333333333329,0.002030493000347633,0.007496157999867137,0.0003022290002263617,0.17519715099979294,0.14051986300000863,0.018751523999981146,0.0003699549997691065
0.9,LP3 ($\theta$ Only),17,195,0.0024029894469808836,,7,8,1,7,0.00019077710625311584,86.66666666666667,13.333333333333329,0.0020089649997316883,0.007112740000138729,0.00031558299997413997,0.1929797839998173,0.11178410000002259,0.020622739000373258,0.0003930580000996997
0.9,LP3 ($\theta$ Only),18,213,0.005106953087343084,,13,19,5,14,0.0003541828465775975,80.0,20.0,0.002014441000028455,0.0070526070003325,0.0003154210003231128,0.18576170500000444,0.08786682000027213,0.023036914999920555,0.00041444399994361447
0.9,LP3 ($\theta$ Only),19,232,0.005929203155961529,,7,26,4,22,0.00048452032786621525,93.33333333333333,6.666666666666671,0.002044124999883934,0.007507076999900164,0.00031609200004822924,0.19021440400001666,0.08635154699959458,0.024366634999751113,0.0004114190001018869
0.9,Linear BTL,0,42,,-215.54083114382348,14,29,4,25,,,,0.0024599499997748353,0.007713670000157435,0.00033405800013497355,0.1728219930000705,0.12450575000002573,0.01951003900012438,0.00037961099997119163
0.9,Linear BTL,1,43,,-204.38418961523772,10,21,2,19,,,,0.0040090550000968506,0.008008697000150278,0.0003610919998209283,0.1802304580000964,0.09204861500029438,0.0200308420003239,0.0003826229999503994
0.9,Linear BTL,2,45,,-192.94590649380024,6,26,9,17,,,,0.0020516200002020923,0.007478458000150567,0.0003032050003639597,0.199254079000184,0.09268797999993694,0.021921211000062613,0.00043679300006260746
0.9,Linear BTL,3,48,,-198.9890560976827,8,34,3,31,,,,0.0020962730000064767,0.007625621999977739,0.0003155009999318281,0.2000005970003258,0.11059794699986014,0.02216147999979512,0.0003968800001530326
0.9,Linear BTL,4,52,,-207.28991051378506,18,16,2,14,,,,0.0020271850003155123,0.007599316999858274,0.00029589999985546456,0.2111289439999382,0.10272264600007475,0.018997207000211347,0.00037283700021362165
0.9,Linear BTL,5,57,,-205.34100349357198,16,19,3,16,,,,0.0021276359998410044,0.007592933000069024,0.0003312650001134898,0.1756669790001979,0.0994415760001175,0.019738477999908355,0.00036870999974780716
0.9,Linear BTL,6,63,,-188.4180030140455,7,20,11,9,,,,0.0019988760000160255,0.007487935999961337,0.0003109670001322229,0.18317689300010898,0.11210858899994491,0.022352167000008194,0.00042985799973394023
0.9,Linear BTL,7,70,,-206.77159942830988,6,32,5,27,,,,0.0020803600000363076,0.007548572000359854,0.00031443699981537065,0.4035331509999196,0.11871668599997065,0.021627530999921873,0.0004097149999324756
0.9,Linear BTL,8,78,,-190.00970614244392,10,26,6,20,,,,0.0020468519996938994,0.007410908999645471,0.0003145000000586151,0.21834918900003686,0.09566467600006945,0.02057124000020849,0.0007807239999237936
0.9,Linear BTL,9,87,,-208.6821571440563,15,25,7,18,,,,0.0034894669997811434,0.014383789000021352,0.0005522689998542774,0.18608306400028596,0.09287152000024435,0.01905295799997475,0.000366490999567759
0.9,Linear BTL,10,97,,-211.10487052260007,15,29,7,22,,,,0.0019660119996842695,0.007152201999815588,0.00029683999991902965,0.18087237000008827,0.15364861300031407,0.019586983999943186,0.0003898639997714781
0.9,Linear BTL,11,108,,-211.41366909701097,14,28,4,24,,,,0.005071563999990758,0.009723300999667117,0.00033955599974433426,0.17531755700019858,0.11080665400004364,0.019142297999678703,0.00036983099971621414
0.9,Linear BTL,12,120,,-211.96173937361985,18,29,5,24,,,,0.0019700950001606543,0.007343261999722017,0.00029367600018304074,0.1797231680002369,0.09801189299969337,0.01970202700022128,0.0003612470000007306
0.9,Linear BTL,13,133,,-206.3636552833586,12,32,10,22,,,,0.002195999000377924,0.006915021000168053,0.0003044790000785724,0.18020981299969208,0.09801412900014839,0.022207810999589128,0.00040362300023844
0.9,Linear BTL,14,147,,-195.7826516196926,11,23,2,21,,,,0.002227643999958673,0.00706533800030229,0.0003040990000044985,0.17801430100007565,0.11892542400028105,0.01994958899967969,0.0003896359999089327
0.9,Linear BTL,15,162,,-194.97711324924668,4,31,5,26,,,,0.002011831999880087,0.009506299999884504,0.0003216649997739296,0.1913122050000311,0.08678724399987914,0.021767441000065446,0.0004142090001550969
0.9,Linear BTL,16,178,,-214.88168522196403,17,34,4,30,,,,0.002030493000347633,0.007496157999867137,0.0003022290002263617,0.17519715099979294,0.14051986300000863,0.018751523999981146,0.0003699549997691065
0.9,Linear BTL,17,195,,-162.69060012525676,7,11,0,11,,,,0.0020089649997316883,0.007112740000138729,0.00031558299997413997,0.1929797839998173,0.11178410000002259,0.020622739000373258,0.0003930580000996997
0.9,Linear BTL,18,213,,-201.43454958464304,13,19,5,14,,,,0.002014441000028455,0.0070526070003325,0.0003154210003231128,0.18576170500000444,0.08786682000027213,0.023036914999920555,0.00041444399994361447
0.9,Linear BTL,19,232,,-199.25731541312715,7,25,3,22,,,,0.002044124999883934,0.007507076999900164,0.00031609200004822924,0.19021440400001666,0.08635154699959458,0.024366634999751113,0.0004114190001018869
1.0,LP3 ($\theta$ Only),0,42,0.00648737009229281,,18,26,3,23,0.0004315463133529211,93.33333333333333,6.666666666666671,0.001854055999956472,0.007252755000081379,0.0003096450000157347,0.1743203569999423,0.09198662999961016,0.018775662999814813,0.0003585579997888999
1.0,LP3 ($\theta$ Only),1,43,0.006242592134777166,,14,26,4,22,0.0003507936030031731,93.33333333333333,6.666666666666671,0.0017141329999503796,0.00778186600018671,0.00032587300029263133,0.18134315099996456,0.09880677099999957,0.020314122999934625,0.0003836549999505223
1.0,LP3 ($\theta$ Only),2,45,0.008946273316686026,,5,42,15,27,0.0005234287553351627,93.33333333333333,6.666666666666671,0.001770623000084015,0.006962054999803513,0.0002999719999934314,0.4096622480001315,0.08574786700000914,0.026893434000157868,0.0007981270000527729
1.0,LP3 ($\theta$ Only),3,48,0.0071193260460192444,,14,34,4,30,0.00036512776207408773,86.66666666666667,13.333333333333329,0.001914240999667527,0.00830120499995246,0.0003553920000740618,0.1789209169996866,0.10831652700017003,0.023024220000024798,0.0005179019999559387
1.0,LP3 ($\theta$ Only),4,52,0.006422240925870251,,24,29,4,25,0.00037210684687863995,93.33333333333333,6.666666666666671,0.0018662219999896479,0.007302744999833521,0.0003080830001636059,0.15819330199974502,0.09716840900000534,0.0172340119997898,0.0003384209999239829
1.0,LP3 ($\theta$ Only),5,57,0.006075671867909471,,10,25,3,22,0.00040813632073542793,86.66666666666667,13.333333333333329,0.0017402240000592428,0.007406980000268959,0.00030536099984601606,0.19185162799976752,0.11568862200010699,0.0201145070000166,0.00038809700026831706
1.0,LP3 ($\theta$ Only),6,63,0.00394805655969751,,8,16,7,9,0.0002608422163364283,86.66666666666667,13.333333333333329,0.0018162920000577287,0.0070716549998905975,0.00030606300015278975,0.19591578199970172,0.09996463999959815,0.020956114000000525,0.00039256699983525323
1.0,LP3 ($\theta$ Only),7,70,0.007977370629540924,,7,38,8,30,0.00048085788493270053,93.33333333333333,6.666666666666671,0.0017184779999297461,0.007431453000208421,0.0003085409998675459,0.1859286769999926,0.12381813399997554,0.020935584000199015,0.00039780499992048135
1.0,LP3 ($\theta$ Only),8,78,0.007856683987155978,,8,37,7,30,0.00040356095689870683,93.33333333333333,6.666666666666671,0.0017654190000939707,0.007073969999964902,0.00030778100017414545,0.1966071249999004,0.0920992869996553,0.03425297500007218,0.0003976689999944938
1.0,LP3 ($\theta$ Only),9,87,0.004346668286046117,,11,15,3,12,0.0003006877539483801,80.0,20.0,0.001739165999879333,0.006985162000091805,0.00030280000009952346,0.1817000949999965,0.10619766900026661,0.02042161400004261,0.0003848950000246987
1.0,LP3 ($\theta$ Only),10,97,0.007583634451083495,,13,34,6,28,0.0003510066938396067,93.33333333333333,6.666666666666671,0.0017239020003216865,0.006976804999794695,0.0002981579996230721,0.17565294399992126,0.12202829299985751,0.020781895000254735,0.00038270599998213584
1.0,LP3 ($\theta$ Only),11,108,0.004407863405896422,,17,14,0,14,0.000280807461861678,93.33333333333333,6.666666666666671,0.001985662000151933,0.007566369999949529,0.000306845999602956,0.16483127599985892,0.09681453600023815,0.018823058000180026,0.0003972700001213525
1.0,LP3 ($\theta$ Only),12,120,0.0067596460474830125,,15,27,2,25,0.0003377966951372384,86.66666666666667,13.333333333333329,0.0017561139998178987,0.007553390999873955,0.00033559900020918576,0.1731597100001636,0.09815582700002778,0.02072064899994075,0.0004266910000296775
1.0,LP3 ($\theta$ Only),13,133,0.004991415530663733,,11,21,5,16,0.0003026833585244241,93.33333333333333,6.666666666666671,0.001785148000180925,0.007207983000171225,0.0003019330001734488,0.1880427090000012,0.09723429499990743,0.021240156999738247,0.0003936779999094142
1.0,LP3 ($\theta$ Only),14,147,0.0035486336139971385,,10,14,1,13,0.00034190530617873274,93.33333333333333,6.666666666666671,0.0018167260000154783,0.0073211089998039824,0.00032133100012288196,0.17746903200031738,0.1348357560000295,0.021309569999630185,0.00047828600008870126
1.0,LP3 ($\theta$ Only),15,162,0.009253603777082885,,6,42,13,29,0.000511358459679513,93.33333333333333,6.666666666666671,0.0018172989998674893,0.0072177170000031765,0.0003232990002288716,0.18666252799994254,0.07620092600018324,0.02202023800009556,0.00044000200023219804
1.0,LP3 ($\theta$ Only),16,178,0.006556369157932598,,18,28,1,27,0.0004201286777059565,86.66666666666667,13.333333333333329,0.00394249500004662,0.009405657000115752,0.0003355010003360803,0.1674770750000789,0.14003285899980256,0.018918280999969284,0.0003656310000224039
1.0,LP3 ($\theta$ Only),17,195,0.005128498178274954,,7,22,4,18,0.00039779438061836656,93.33333333333333,6.666666666666671,0.003921284000170999,0.007968764999986888,0.00034972499997820705,0.40389195099987774,0.11056611599997268,0.021064514000045165,0.00040338100006920286
1.0,LP3 ($\theta$ Only),18,213,0.005242890375615021,,16,25,4,21,0.00021976656429480935,93.33333333333333,6.666666666666671,0.0018312990000595164,0.007462839999789139,0.0003011150001839269,0.17851170099993396,0.09410039500016865,0.019627865000074962,0.0003658480000012787
1.0,LP3 ($\theta$ Only),19,232,0.007436300597830569,,14,32,12,20,0.0003668677957774504,93.33333333333333,6.666666666666671,0.0017812579999372247,0.007771923999825958,0.00032042299972090404,0.1738312649999898,0.09609708800007866,0.024365052000121068,0.000739010000415874
1.0,Linear BTL,0,42,,-216.11436688496337,18,28,4,24,,,,0.001854055999956472,0.007252755000081379,0.0003096450000157347,0.1743203569999423,0.09198662999961016,0.018775662999814813,0.0003585579997888999
1.0,Linear BTL,1,43,,-213.87461257797975,14,32,4,28,,,,0.0017141329999503796,0.00778186600018671,0.00032587300029263133,0.18134315099996456,0.09880677099999957,0.020314122999934625,0.0003836549999505223
1.0,Linear BTL,2,45,,-211.7292223816785,5,42,14,28,,,,0.001770623000084015,0.006962054999803513,0.0002999719999934314,0.4096622480001315,0.08574786700000914,0.026893434000157868,0.0007981270000527729
1.0,Linear BTL,3,48,,-204.48629417725923,14,39,3,36,,,,0.001914240999667527,0.00830120499995246,0.0003553920000740618,0.1789209169996866,0.10831652700017003,0.023024220000024798,0.0005179019999559387
1.0,Linear BTL,4,52,,-214.18598029058825,24,32,2,30,,,,0.0018662219999896479,0.007302744999833521,0.0003080830001636059,0.15819330199974502,0.09716840900000534,0.0172340119997898,0.0003384209999239829
1.0,Linear BTL,5,57,,-196.92183816893302,10,30,2,28,,,,0.0017402240000592428,0.007406980000268959,0.00030536099984601606,0.19185162799976752,0.11568862200010699,0.0201145070000166,0.00038809700026831706
1.0,Linear BTL,6,63,,-175.36416342892315,8,18,9,9,,,,0.0018162920000577287,0.0070716549998905975,0.00030606300015278975,0.19591578199970172,0.09996463999959815,0.020956114000000525,0.00039256699983525323
1.0,Linear BTL,7,70,,-211.01536740395002,7,38,6,32,,,,0.0017184779999297461,0.007431453000208421,0.0003085409998675459,0.1859286769999926,0.12381813399997554,0.020935584000199015,0.00039780499992048135
1.0,Linear BTL,8,78,,-207.15651689921737,8,37,7,30,,,,0.0017654190000939707,0.007073969999964902,0.00030778100017414545,0.1966071249999004,0.0920992869996553,0.03425297500007218,0.0003976689999944938
1.0,Linear BTL,9,87,,-199.17489616805298,11,18,3,15,,,,0.001739165999879333,0.006985162000091805,0.00030280000009952346,0.1817000949999965,0.10619766900026661,0.02042161400004261,0.0003848950000246987
1.0,Linear BTL,10,97,,-211.7432705537846,13,36,6,30,,,,0.0017239020003216865,0.006976804999794695,0.0002981579996230721,0.17565294399992126,0.12202829299985751,0.020781895000254735,0.00038270599998213584
1.0,Linear BTL,11,108,,-202.45363736739293,17,18,1,17,,,,0.001985662000151933,0.007566369999949529,0.000306845999602956,0.16483127599985892,0.09681453600023815,0.018823058000180026,0.0003972700001213525
1.0,Linear BTL,12,120,,-205.9914567420627,15,32,2,30,,,,0.0017561139998178987,0.007553390999873955,0.00033559900020918576,0.1731597100001636,0.09815582700002778,0.02072064899994075,0.0004266910000296775
1.0,Linear BTL,13,133,,-189.4941313118263,11,18,5,13,,,,0.001785148000180925,0.007207983000171225,0.0003019330001734488,0.1880427090000012,0.09723429499990743,0.021240156999738247,0.0003936779999094142
1.0,Linear BTL,14,147,,-185.45039666547945,10,15,2,13,,,,0.0018167260000154783,0.0073211089998039824,0.00032133100012288196,0.17746903200031738,0.1348357560000295,0.021309569999630185,0.00047828600008870126
1.0,Linear BTL,15,162,,-215.1028221696345,6,40,14,26,,,,0.0018172989998674893,0.0072177170000031765,0.0003232990002288716,0.18666252799994254,0.07620092600018324,0.02202023800009556,0.00044000200023219804
1.0,Linear BTL,16,178,,-211.6947359980978,18,27,1,26,,,,0.00394249500004662,0.009405657000115752,0.0003355010003360803,0.1674770750000789,0.14003285899980256,0.018918280999969284,0.0003656310000224039
1.0,Linear BTL,17,195,,-179.56795588249793,7,21,3,18,,,,0.003921284000170999,0.007968764999986888,0.00034972499997820705,0.40389195099987774,0.11056611599997268,0.021064514000045165,0.00040338100006920286
1.0,Linear BTL,18,213,,-204.1507271819764,16,26,3,23,,,,0.0018312990000595164,0.007462839999789139,0.0003011150001839269,0.17851170099993396,0.09410039500016865,0.019627865000074962,0.0003658480000012787
1.0,Linear BTL,19,232,,-213.40083130294627,14,31,8,23,,,,0.0017812579999372247,0.007771923999825958,0.00032042299972090404,0.1738312649999898,0.09609708800007866,0.024365052000121068,0.000739010000415874
