phi,model,trial,seed,objective,loss_value,fas_size,num_violations,num_po_violations,num_pmc_violations,epsilon_l1_norm,epsilon_support_percentage,epsilon_sparsity,time_Data Generation,time_Graph Construction,time_Feedback Arc Set,time_LP2 Solve,time_Borda LP3 Solve,time_BTL Model Fitting,time_Old LP Evaluation,time_New LP Evaluation,time_Weighted LP3 Evaluation,time_Borda LP3 Evaluation,time_BTL Evaluation
0.0,LP2 ($ 	heta $ Only),0,42,0.0,,0,0,0,0,0.0,0.0,100.0,0.001812300004530698,0.010935300000710413,0.0009135000000242144,0.21803630000795238,0.367683999997098,0.11069549998501316,0.02595500001916662,0.03248090000124648,0.0463418000144884,0.04155909997643903,0.0008434999908786267
0.0,LP2 ($ 	heta $ Only),1,43,0.0,,0,0,0,0,0.0,0.0,100.0,0.004084299987880513,0.005999699991662055,8.329999400302768e-05,0.32722649999777786,0.2865818999998737,0.14819239999633282,0.025241199997253716,0.030835900019155815,0.028512999997474253,0.037917799985734746,0.0007191000040620565
0.0,LP2 ($ 	heta $ Only),2,45,0.0,,0,0,0,0,0.0,0.0,100.0,0.0034676999785006046,0.015361800004029647,0.00021249998826533556,0.22783740001614206,0.27155730000231415,0.12007909998646937,0.023713400005362928,0.029428399982862175,0.039252799993846565,0.0288056000135839,0.0004955999902449548
0.0,LP2 ($ 	heta $ Only),3,48,0.0,,0,0,0,0,0.0,0.0,100.0,0.0021388999884948134,0.006819899979745969,7.760000880807638e-05,0.15310249998583458,0.32057670000358485,0.1404892000136897,0.027092200005427003,0.025947700021788478,0.030384100013179705,0.027367100003175437,0.001368099998217076
0.0,LP2 ($ 	heta $ Only),4,52,0.0,,0,0,0,0,0.0,0.0,100.0,0.003034599998500198,0.005913799977861345,7.419998291879892e-05,0.16674410001724027,0.2827668999962043,0.14540199999464676,0.02409250001073815,0.03496340001584031,0.032062799989944324,0.03505939999013208,0.0004743000026792288
0.0,LP2 ($ 	heta $ Only),5,57,0.0,,0,0,0,0,0.0,0.0,100.0,0.0014818999916315079,0.009779099986189976,0.00012170002446509898,0.14796070000738837,0.36139059998095036,0.1258100000268314,0.028684099990641698,0.025717299984535202,0.0321064000017941,0.028266800014534965,0.0004831000114791095
0.0,LP2 ($ 	heta $ Only),6,63,0.0,,0,0,0,0,0.0,0.0,100.0,0.0014866999990772456,0.009846899978583679,0.00012389998300932348,0.16400019999127835,0.2697457000031136,0.2264386999886483,0.042214599990984425,0.028842699975939468,0.024383200012380257,0.030564999993657693,0.0009079999872483313
0.0,LP2 ($ 	heta $ Only),7,70,0.0,,0,0,0,0,0.0,0.0,100.0,0.0014822999946773052,0.007801400002790615,7.71000050008297e-05,0.17428750000544824,0.28134280000813305,0.13764900001115166,0.025778799987165257,0.025069299997994676,0.027054800011683255,0.029724199994234368,0.0004763999895658344
0.0,LP2 ($ 	heta $ Only),8,78,0.0,,0,0,0,0,0.0,0.0,100.0,0.001478400023188442,0.008639600011520088,7.780001033097506e-05,0.19780709999031387,0.27282220000051893,0.1434614000027068,0.023465000005671754,0.028662299999268726,0.02740220000850968,0.031942200002959,0.0010208000021521002
0.0,LP2 ($ 	heta $ Only),9,87,0.0,,0,0,0,0,0.0,0.0,100.0,0.0016214999777730554,0.005845100007718429,7.129998994059861e-05,0.1716982000216376,0.2651723999879323,0.13548990001436323,0.03289880001102574,0.026198699983069673,0.02480939999804832,0.030414100008783862,0.0009095999994315207
0.0,LP2 ($ 	heta $ Only),10,97,0.0,,0,0,0,0,0.0,0.0,100.0,0.0015010999923106283,0.009117600013269112,8.140000863932073e-05,0.15106920001562685,0.28319750001537614,0.13276279999990948,0.027377499995054677,0.02641700001549907,0.03222789999563247,0.027985399996396154,0.0004841000190936029
0.0,LP2 ($ 	heta $ Only),11,108,0.0,,0,0,0,0,0.0,0.0,100.0,0.0014875000051688403,0.006104999978560954,7.9699995694682e-05,0.14316360000520945,0.26778210001066327,0.1620907000033185,0.0427235999959521,0.030309699999634176,0.03781960002379492,0.0442064999951981,0.00048069999320432544
0.0,LP2 ($ 	heta $ Only),12,120,0.0,,0,0,0,0,0.0,0.0,100.0,0.0032410999992862344,0.015170600003330037,0.00018430000636726618,0.18936019999091513,0.3089375999988988,0.1354879999998957,0.02726900001289323,0.027833999978611246,0.031012500025099143,0.027910200005862862,0.0004899999767076224
0.0,LP2 ($ 	heta $ Only),13,133,0.0,,0,0,0,0,0.0,0.0,100.0,0.0015204999945126474,0.009176199993817136,0.00012329997844062746,0.1741520999930799,0.3433781999920029,0.07398099999409169,0.03888609999557957,0.04180320000159554,0.03339580001193099,0.038554900005692616,0.0009393999935127795
0.0,LP2 ($ 	heta $ Only),14,147,0.0,,0,0,0,0,0.0,0.0,100.0,0.005399500019848347,0.006308400013949722,0.00015259999781847,0.18812579999212176,0.35824060000595637,0.16285120000247844,0.029739100020378828,0.03006900000036694,0.04536790002021007,0.049612200004048645,0.0011593999806791544
0.0,LP2 ($ 	heta $ Only),15,162,0.0,,0,0,0,0,0.0,0.0,100.0,0.005782799998996779,0.0070856000238563865,7.949999417178333e-05,0.17686479998519644,0.3008352000033483,0.16153660000418313,0.03179519998957403,0.027183800004422665,0.028692099993349984,0.027850100013893098,0.000909099995624274
0.0,LP2 ($ 	heta $ Only),16,178,0.0,,0,0,0,0,0.0,0.0,100.0,0.001489200018113479,0.007539499987615272,0.00014029999147169292,0.17378199999802746,0.3617337000032421,0.21554679999826476,0.029504999984055758,0.03630669999984093,0.03249709997908212,0.02823769999668002,0.0009107000078074634
0.0,LP2 ($ 	heta $ Only),17,195,0.0,,0,0,0,0,0.0,0.0,100.0,0.0014869000006001443,0.0062077000038698316,7.249999907799065e-05,0.1748305000073742,0.2692934999940917,0.11855990000185557,0.025352299999212846,0.025488299987046048,0.038137399998959154,0.023986100015463307,0.00047950001317076385
0.0,LP2 ($ 	heta $ Only),18,213,0.0,,0,0,0,0,0.0,0.0,100.0,0.0016271000204142183,0.008581300004152581,7.679997361265123e-05,0.22246210000594147,0.6192762999853585,0.1550209000124596,0.025499599985778332,0.026746399991679937,0.024889799999073148,0.0316162999952212,0.000925499974982813
0.0,LP2 ($ 	heta $ Only),19,232,0.0,,0,0,0,0,0.0,0.0,100.0,0.0014970999909564853,0.010122700012288988,0.00017389998538419604,0.162117700005183,0.27010880000307225,0.09621899999910966,0.02799659999436699,0.021820499998284504,0.02364210001542233,0.02925260001211427,0.0004765999910887331
0.0,LP2 ($ 	heta $ Only),20,252,0.0,,0,0,0,0,0.0,0.0,100.0,0.006262799986870959,0.007435999985318631,0.00011669998639263213,0.16221650000079535,0.2257347000122536,0.1299478999862913,0.026815099990926683,0.024534199998015538,0.026810599985765293,0.02544649998890236,0.0004771999956574291
0.0,LP2 ($ 	heta $ Only),21,273,0.0,,0,0,0,0,0.0,0.0,100.0,0.0023622000007890165,0.00929259997792542,7.71000050008297e-05,0.1810651000123471,0.3019810999976471,0.09914959999150597,0.028315300005488098,0.026516899990383536,0.023379099991871044,0.027667000016663224,0.0009004000166896731
0.0,LP2 ($ 	heta $ Only),22,295,0.0,,0,0,0,0,0.0,0.0,100.0,0.001479099999414757,0.010237399983452633,7.670000195503235e-05,0.3204237000027206,0.3045327999861911,0.17211839999072254,0.026543999993009493,0.026487700000870973,0.027219700015848503,0.03143510001245886,0.0009064000041689724
0.0,LP2 ($ 	heta $ Only),23,318,0.0,,0,0,0,0,0.0,0.0,100.0,0.001482499996200204,0.009048699983395636,7.509998977184296e-05,0.1725058000010904,0.2890157999936491,0.10536139999749139,0.02714309998555109,0.02409989997977391,0.023272599995834753,0.027486299979500473,0.0004726999904960394
0.0,LP2 ($ 	heta $ Only),24,342,0.0,,0,0,0,0,0.0,0.0,100.0,0.0017617999983485788,0.009692499996162951,7.599999662488699e-05,0.1602474999963306,0.27395390000310726,0.08812319999560714,0.02188610000303015,0.023314899997785687,0.020790900016436353,0.027739400014979765,0.0004987000138498843
0.0,LP2 ($ 	heta $ Only),25,367,0.0,,0,0,0,0,0.0,0.0,100.0,0.0015398999967146665,0.005568399996263906,7.179999374784529e-05,0.2275212999957148,0.4202967000019271,0.15950089998659678,0.02226830000290647,0.029853899992303923,0.027524500008439645,0.023194100009277463,0.0005936000088695437
0.0,LP2 ($ 	heta $ Only),26,393,0.0,,0,0,0,0,0.0,0.0,100.0,0.0029326000076252967,0.007906899991212413,0.00012240000069141388,0.1580903000140097,0.2821694999875035,0.12108539999462664,0.026118499983567744,0.022606699989410117,0.02184619999025017,0.02286860000458546,0.00047729999641887844
0.0,LP2 ($ 	heta $ Only),27,420,0.0,,0,0,0,0,0.0,0.0,100.0,0.00531160001992248,0.0056637000234331936,7.199999527074397e-05,0.16057950002141297,0.26500149999628775,0.09398970002075657,0.02788229999714531,0.026511300005950034,0.03209910000441596,0.029948799987323582,0.0004731999943032861
0.0,LP2 ($ 	heta $ Only),28,448,0.0,,0,0,0,0,0.0,0.0,100.0,0.0015007000183686614,0.00792810000712052,0.0002516999957151711,0.1689022000064142,0.43773149998742156,0.1607683000038378,0.022765200003050268,0.026370400009909645,0.0296958000108134,0.026959900016663596,0.0004709000058937818
0.0,LP2 ($ 	heta $ Only),29,477,0.0,,0,0,0,0,0.0,0.0,100.0,0.0016574999899603426,0.0061997000011615455,7.43999844416976e-05,0.20696499999030493,0.32457630001590587,0.1067629000172019,0.020549300010316074,0.01988620002521202,0.026310900022508577,0.03499669997836463,0.0005336000176612288
0.0,LP2 ($ 	heta $ Only),30,507,0.0,,0,0,0,0,0.0,0.0,100.0,0.0021755000052507967,0.008767299994360656,7.939999341033399e-05,0.15273489998071454,0.30712599999969825,0.09930820000590757,0.04017849999945611,0.03227570001035929,0.023654400021769106,0.03380010000546463,0.0009081000171136111
0.0,LP2 ($ 	heta $ Only),31,538,0.0,,0,0,0,0,0.0,0.0,100.0,0.0016360999725293368,0.011105099983979017,0.00012059998698532581,0.18336129997624084,0.2858501000155229,0.13232259999495,0.024022099998546764,0.033114799996837974,0.03669340000487864,0.02945590001763776,0.0005172000091988593
0.0,LP2 ($ 	heta $ Only),32,570,0.0,,0,0,0,0,0.0,0.0,100.0,0.0015221000066958368,0.010826999990968034,0.00012409998453222215,0.30370960000436753,0.25009960000170395,0.09531730000162497,0.024406799988355488,0.026744000002508983,0.03159420000156388,0.030124999990221113,0.0013272000069264323
0.0,LP2 ($ 	heta $ Only),33,603,0.0,,0,0,0,0,0.0,0.0,100.0,0.001645500015001744,0.006513000000268221,7.200002437457442e-05,0.15800039999885485,0.30752429997664876,0.10502269997959957,0.024088600010145456,0.025767200015252456,0.030689100007293746,0.024891199980629608,0.0004718000127468258
0.0,LP2 ($ 	heta $ Only),34,637,0.0,,0,0,0,0,0.0,0.0,100.0,0.004358800011686981,0.00654420000500977,7.390000973828137e-05,0.24068899999838322,0.3601699999999255,0.11905879998812452,0.025384799984749407,0.024570600013248622,0.02142669999739155,0.021452699991641566,0.00047209998592734337
0.0,LP2 ($ 	heta $ Only),35,672,0.0,,0,0,0,0,0.0,0.0,100.0,0.004441500001121312,0.00535749999107793,7.040001219138503e-05,0.15948209998896345,0.2738903999852482,0.1093399999954272,0.02974769999855198,0.024200099986046553,0.026762599998619407,0.03018770000198856,0.0004780000017490238
0.0,LP2 ($ 	heta $ Only),36,708,0.0,,0,0,0,0,0.0,0.0,100.0,0.001589599996805191,0.008913600002415478,0.0001227000029757619,0.18270980002125725,0.2679830999986734,0.09915160000673495,0.03540299998712726,0.030309800000395626,0.027786699996795505,0.02577530001872219,0.0009125999931711704
0.0,LP2 ($ 	heta $ Only),37,745,0.0,,0,0,0,0,0.0,0.0,100.0,0.005406599986599758,0.0061147999949753284,0.00011290001566521823,0.23345079997670837,0.2984977000160143,0.10715540000819601,0.02203590000863187,0.02806480001891032,0.02973460001521744,0.028087299986509606,0.00047259998973459005
0.0,LP2 ($ 	heta $ Only),38,783,0.0,,0,0,0,0,0.0,0.0,100.0,0.0019356999837327749,0.006773000000976026,7.539999205619097e-05,0.15171020000707358,0.2499600000155624,0.1397274000046309,0.022848199994768947,0.03106789998128079,0.04890650001470931,0.16761760000372306,0.0013744000170845538
0.0,LP2 ($ 	heta $ Only),39,822,0.0,,0,0,0,0,0.0,0.0,100.0,0.0028833999822381884,0.018871699983719736,0.0001988999720197171,0.23093079999671318,0.2821752000018023,0.12275859998771921,0.02463919998263009,0.020864199992502108,0.024805299995932728,0.027053300000261515,0.000904499989701435
0.0,LP2 ($ 	heta $ Only),40,862,0.0,,0,0,0,0,0.0,0.0,100.0,0.0014939999964553863,0.0068888999812770635,0.00012039998546242714,0.15888589998940006,0.2926105000078678,0.10715759999584407,0.0294467999774497,0.026150599995162338,0.02613680000649765,0.025982199993450195,0.0009040999866556376
0.0,LP2 ($ 	heta $ Only),41,903,0.0,,0,0,0,0,0.0,0.0,100.0,0.0014774000155739486,0.005881499993847683,0.00010960001964122057,0.16843630000948906,0.27408639999339357,0.11650050000753254,0.023545400006696582,0.02614430000539869,0.024063099990598857,0.030148399993777275,0.0012698999780695885
0.0,LP2 ($ 	heta $ Only),42,945,0.0,,0,0,0,0,0.0,0.0,100.0,0.0015153999847825617,0.012856199988164008,0.0001849000109359622,0.18000510000274517,0.31138519998057745,0.10704410000471398,0.022329900006297976,0.03153350000502542,0.03004379998310469,0.026133499981369823,0.0004853999998886138
0.0,LP2 ($ 	heta $ Only),43,988,0.0,,0,0,0,0,0.0,0.0,100.0,0.0029781000048387796,0.005906100006541237,7.20999960321933e-05,0.17736970001715235,0.5813034999882802,0.0773213000211399,0.04195409998646937,0.03993230001651682,0.02784840000094846,0.033160800026962534,0.00048499999684281647
0.0,LP2 ($ 	heta $ Only),44,1032,0.0,,0,0,0,0,0.0,0.0,100.0,0.0017201000009663403,0.012129000009736046,0.00015509998775087297,0.15487340002437122,0.3346241999824997,0.09681869999621995,0.02063870002166368,0.023183700017398223,0.02516819999436848,0.03394950000802055,0.0004797999863512814
0.0,LP2 ($ 	heta $ Only),45,1077,0.0,,0,0,0,0,0.0,0.0,100.0,0.0014826999977231026,0.008661200001370162,0.0001194999786093831,0.15818500000750646,0.3177010000217706,0.11654240000643767,0.021114000002853572,0.023120800004107878,0.028533899981994182,0.030714799999259412,0.000905399996554479
0.0,LP2 ($ 	heta $ Only),46,1123,0.0,,0,0,0,0,0.0,0.0,100.0,0.0014890999882481992,0.005726799980038777,7.160002132877707e-05,0.2231385999766644,0.31032829999458045,0.1262070000229869,0.03067209999426268,0.02440920000663027,0.02548380001098849,0.024547600012738258,0.0009044000180438161
0.0,LP2 ($ 	heta $ Only),47,1170,0.0,,0,0,0,0,0.0,0.0,100.0,0.001490800001192838,0.007084500015480444,8.860000525601208e-05,0.16097710002213717,0.2896912999858614,0.14069430000381544,0.026276899996446446,0.031552900007227436,0.025417800003197044,0.02706310001667589,0.0004749000072479248
0.0,LP2 ($ 	heta $ Only),48,1218,0.0,,0,0,0,0,0.0,0.0,100.0,0.001507199980551377,0.009437300002900884,7.71000050008297e-05,0.18854730000020936,0.2913254000013694,0.1090152999968268,0.02356650002184324,0.06830400001490489,0.10873799998080358,0.05578110000351444,0.0004896000027656555
0.0,LP2 ($ 	heta $ Only),49,1267,0.0,,0,0,0,0,0.0,0.0,100.0,0.0015494000108446926,0.009042699995916337,0.00011989998165518045,0.16566739999689162,0.257897800009232,0.11059389999718405,0.026066399994306266,0.027374600002076477,0.025693499977933243,0.02411469997605309,0.0004763000179082155
0.0,LP3 ($ 	heta $ Only),0,42,0.0,,0,0,0,0,0.0,0.0,100.0,0.001812300004530698,0.010935300000710413,0.0009135000000242144,0.21803630000795238,0.367683999997098,0.11069549998501316,0.02595500001916662,0.03248090000124648,0.0463418000144884,0.04155909997643903,0.0008434999908786267
0.0,LP3 ($ 	heta $ Only),1,43,0.0,,0,0,0,0,0.0,0.0,100.0,0.004084299987880513,0.005999699991662055,8.329999400302768e-05,0.32722649999777786,0.2865818999998737,0.14819239999633282,0.025241199997253716,0.030835900019155815,0.028512999997474253,0.037917799985734746,0.0007191000040620565
0.0,LP3 ($ 	heta $ Only),2,45,0.0,,0,0,0,0,0.0,0.0,100.0,0.0034676999785006046,0.015361800004029647,0.00021249998826533556,0.22783740001614206,0.27155730000231415,0.12007909998646937,0.023713400005362928,0.029428399982862175,0.039252799993846565,0.0288056000135839,0.0004955999902449548
0.0,LP3 ($ 	heta $ Only),3,48,0.0,,0,0,0,0,0.0,0.0,100.0,0.0021388999884948134,0.006819899979745969,7.760000880807638e-05,0.15310249998583458,0.32057670000358485,0.1404892000136897,0.027092200005427003,0.025947700021788478,0.030384100013179705,0.027367100003175437,0.001368099998217076
0.0,LP3 ($ 	heta $ Only),4,52,0.0,,0,0,0,0,0.0,0.0,100.0,0.003034599998500198,0.005913799977861345,7.419998291879892e-05,0.16674410001724027,0.2827668999962043,0.14540199999464676,0.02409250001073815,0.03496340001584031,0.032062799989944324,0.03505939999013208,0.0004743000026792288
0.0,LP3 ($ 	heta $ Only),5,57,0.0,,0,0,0,0,0.0,0.0,100.0,0.0014818999916315079,0.009779099986189976,0.00012170002446509898,0.14796070000738837,0.36139059998095036,0.1258100000268314,0.028684099990641698,0.025717299984535202,0.0321064000017941,0.028266800014534965,0.0004831000114791095
0.0,LP3 ($ 	heta $ Only),6,63,0.0,,0,0,0,0,0.0,0.0,100.0,0.0014866999990772456,0.009846899978583679,0.00012389998300932348,0.16400019999127835,0.2697457000031136,0.2264386999886483,0.042214599990984425,0.028842699975939468,0.024383200012380257,0.030564999993657693,0.0009079999872483313
0.0,LP3 ($ 	heta $ Only),7,70,0.0,,0,0,0,0,0.0,0.0,100.0,0.0014822999946773052,0.007801400002790615,7.71000050008297e-05,0.17428750000544824,0.28134280000813305,0.13764900001115166,0.025778799987165257,0.025069299997994676,0.027054800011683255,0.029724199994234368,0.0004763999895658344
0.0,LP3 ($ 	heta $ Only),8,78,0.0,,0,0,0,0,0.0,0.0,100.0,0.001478400023188442,0.008639600011520088,7.780001033097506e-05,0.19780709999031387,0.27282220000051893,0.1434614000027068,0.023465000005671754,0.028662299999268726,0.02740220000850968,0.031942200002959,0.0010208000021521002
0.0,LP3 ($ 	heta $ Only),9,87,0.0,,0,0,0,0,0.0,0.0,100.0,0.0016214999777730554,0.005845100007718429,7.129998994059861e-05,0.1716982000216376,0.2651723999879323,0.13548990001436323,0.03289880001102574,0.026198699983069673,0.02480939999804832,0.030414100008783862,0.0009095999994315207
0.0,LP3 ($ 	heta $ Only),10,97,0.0,,0,0,0,0,0.0,0.0,100.0,0.0015010999923106283,0.009117600013269112,8.140000863932073e-05,0.15106920001562685,0.28319750001537614,0.13276279999990948,0.027377499995054677,0.02641700001549907,0.03222789999563247,0.027985399996396154,0.0004841000190936029
0.0,LP3 ($ 	heta $ Only),11,108,0.0,,0,0,0,0,0.0,0.0,100.0,0.0014875000051688403,0.006104999978560954,7.9699995694682e-05,0.14316360000520945,0.26778210001066327,0.1620907000033185,0.0427235999959521,0.030309699999634176,0.03781960002379492,0.0442064999951981,0.00048069999320432544
0.0,LP3 ($ 	heta $ Only),12,120,0.0,,0,0,0,0,0.0,0.0,100.0,0.0032410999992862344,0.015170600003330037,0.00018430000636726618,0.18936019999091513,0.3089375999988988,0.1354879999998957,0.02726900001289323,0.027833999978611246,0.031012500025099143,0.027910200005862862,0.0004899999767076224
0.0,LP3 ($ 	heta $ Only),13,133,0.0,,0,0,0,0,0.0,0.0,100.0,0.0015204999945126474,0.009176199993817136,0.00012329997844062746,0.1741520999930799,0.3433781999920029,0.07398099999409169,0.03888609999557957,0.04180320000159554,0.03339580001193099,0.038554900005692616,0.0009393999935127795
0.0,LP3 ($ 	heta $ Only),14,147,0.0,,0,0,0,0,0.0,0.0,100.0,0.005399500019848347,0.006308400013949722,0.00015259999781847,0.18812579999212176,0.35824060000595637,0.16285120000247844,0.029739100020378828,0.03006900000036694,0.04536790002021007,0.049612200004048645,0.0011593999806791544
0.0,LP3 ($ 	heta $ Only),15,162,0.0,,0,0,0,0,0.0,0.0,100.0,0.005782799998996779,0.0070856000238563865,7.949999417178333e-05,0.17686479998519644,0.3008352000033483,0.16153660000418313,0.03179519998957403,0.027183800004422665,0.028692099993349984,0.027850100013893098,0.000909099995624274
0.0,LP3 ($ 	heta $ Only),16,178,0.0,,0,0,0,0,0.0,0.0,100.0,0.001489200018113479,0.007539499987615272,0.00014029999147169292,0.17378199999802746,0.3617337000032421,0.21554679999826476,0.029504999984055758,0.03630669999984093,0.03249709997908212,0.02823769999668002,0.0009107000078074634
0.0,LP3 ($ 	heta $ Only),17,195,0.0,,0,0,0,0,0.0,0.0,100.0,0.0014869000006001443,0.0062077000038698316,7.249999907799065e-05,0.1748305000073742,0.2692934999940917,0.11855990000185557,0.025352299999212846,0.025488299987046048,0.038137399998959154,0.023986100015463307,0.00047950001317076385
0.0,LP3 ($ 	heta $ Only),18,213,0.0,,0,0,0,0,0.0,0.0,100.0,0.0016271000204142183,0.008581300004152581,7.679997361265123e-05,0.22246210000594147,0.6192762999853585,0.1550209000124596,0.025499599985778332,0.026746399991679937,0.024889799999073148,0.0316162999952212,0.000925499974982813
0.0,LP3 ($ 	heta $ Only),19,232,0.0,,0,0,0,0,0.0,0.0,100.0,0.0014970999909564853,0.010122700012288988,0.00017389998538419604,0.162117700005183,0.27010880000307225,0.09621899999910966,0.02799659999436699,0.021820499998284504,0.02364210001542233,0.02925260001211427,0.0004765999910887331
0.0,LP3 ($ 	heta $ Only),20,252,0.0,,0,0,0,0,0.0,0.0,100.0,0.006262799986870959,0.007435999985318631,0.00011669998639263213,0.16221650000079535,0.2257347000122536,0.1299478999862913,0.026815099990926683,0.024534199998015538,0.026810599985765293,0.02544649998890236,0.0004771999956574291
0.0,LP3 ($ 	heta $ Only),21,273,0.0,,0,0,0,0,0.0,0.0,100.0,0.0023622000007890165,0.00929259997792542,7.71000050008297e-05,0.1810651000123471,0.3019810999976471,0.09914959999150597,0.028315300005488098,0.026516899990383536,0.023379099991871044,0.027667000016663224,0.0009004000166896731
0.0,LP3 ($ 	heta $ Only),22,295,0.0,,0,0,0,0,0.0,0.0,100.0,0.001479099999414757,0.010237399983452633,7.670000195503235e-05,0.3204237000027206,0.3045327999861911,0.17211839999072254,0.026543999993009493,0.026487700000870973,0.027219700015848503,0.03143510001245886,0.0009064000041689724
0.0,LP3 ($ 	heta $ Only),23,318,0.0,,0,0,0,0,0.0,0.0,100.0,0.001482499996200204,0.009048699983395636,7.509998977184296e-05,0.1725058000010904,0.2890157999936491,0.10536139999749139,0.02714309998555109,0.02409989997977391,0.023272599995834753,0.027486299979500473,0.0004726999904960394
0.0,LP3 ($ 	heta $ Only),24,342,0.0,,0,0,0,0,0.0,0.0,100.0,0.0017617999983485788,0.009692499996162951,7.599999662488699e-05,0.1602474999963306,0.27395390000310726,0.08812319999560714,0.02188610000303015,0.023314899997785687,0.020790900016436353,0.027739400014979765,0.0004987000138498843
0.0,LP3 ($ 	heta $ Only),25,367,0.0,,0,0,0,0,0.0,0.0,100.0,0.0015398999967146665,0.005568399996263906,7.179999374784529e-05,0.2275212999957148,0.4202967000019271,0.15950089998659678,0.02226830000290647,0.029853899992303923,0.027524500008439645,0.023194100009277463,0.0005936000088695437
0.0,LP3 ($ 	heta $ Only),26,393,0.0,,0,0,0,0,0.0,0.0,100.0,0.0029326000076252967,0.007906899991212413,0.00012240000069141388,0.1580903000140097,0.2821694999875035,0.12108539999462664,0.026118499983567744,0.022606699989410117,0.02184619999025017,0.02286860000458546,0.00047729999641887844
0.0,LP3 ($ 	heta $ Only),27,420,0.0,,0,0,0,0,0.0,0.0,100.0,0.00531160001992248,0.0056637000234331936,7.199999527074397e-05,0.16057950002141297,0.26500149999628775,0.09398970002075657,0.02788229999714531,0.026511300005950034,0.03209910000441596,0.029948799987323582,0.0004731999943032861
0.0,LP3 ($ 	heta $ Only),28,448,0.0,,0,0,0,0,0.0,0.0,100.0,0.0015007000183686614,0.00792810000712052,0.0002516999957151711,0.1689022000064142,0.43773149998742156,0.1607683000038378,0.022765200003050268,0.026370400009909645,0.0296958000108134,0.026959900016663596,0.0004709000058937818
0.0,LP3 ($ 	heta $ Only),29,477,0.0,,0,0,0,0,0.0,0.0,100.0,0.0016574999899603426,0.0061997000011615455,7.43999844416976e-05,0.20696499999030493,0.32457630001590587,0.1067629000172019,0.020549300010316074,0.01988620002521202,0.026310900022508577,0.03499669997836463,0.0005336000176612288
0.0,LP3 ($ 	heta $ Only),30,507,0.0,,0,0,0,0,0.0,0.0,100.0,0.0021755000052507967,0.008767299994360656,7.939999341033399e-05,0.15273489998071454,0.30712599999969825,0.09930820000590757,0.04017849999945611,0.03227570001035929,0.023654400021769106,0.03380010000546463,0.0009081000171136111
0.0,LP3 ($ 	heta $ Only),31,538,0.0,,0,0,0,0,0.0,0.0,100.0,0.0016360999725293368,0.011105099983979017,0.00012059998698532581,0.18336129997624084,0.2858501000155229,0.13232259999495,0.024022099998546764,0.033114799996837974,0.03669340000487864,0.02945590001763776,0.0005172000091988593
0.0,LP3 ($ 	heta $ Only),32,570,0.0,,0,0,0,0,0.0,0.0,100.0,0.0015221000066958368,0.010826999990968034,0.00012409998453222215,0.30370960000436753,0.25009960000170395,0.09531730000162497,0.024406799988355488,0.026744000002508983,0.03159420000156388,0.030124999990221113,0.0013272000069264323
0.0,LP3 ($ 	heta $ Only),33,603,0.0,,0,0,0,0,0.0,0.0,100.0,0.001645500015001744,0.006513000000268221,7.200002437457442e-05,0.15800039999885485,0.30752429997664876,0.10502269997959957,0.024088600010145456,0.025767200015252456,0.030689100007293746,0.024891199980629608,0.0004718000127468258
0.0,LP3 ($ 	heta $ Only),34,637,0.0,,0,0,0,0,0.0,0.0,100.0,0.004358800011686981,0.00654420000500977,7.390000973828137e-05,0.24068899999838322,0.3601699999999255,0.11905879998812452,0.025384799984749407,0.024570600013248622,0.02142669999739155,0.021452699991641566,0.00047209998592734337
0.0,LP3 ($ 	heta $ Only),35,672,0.0,,0,0,0,0,0.0,0.0,100.0,0.004441500001121312,0.00535749999107793,7.040001219138503e-05,0.15948209998896345,0.2738903999852482,0.1093399999954272,0.02974769999855198,0.024200099986046553,0.026762599998619407,0.03018770000198856,0.0004780000017490238
0.0,LP3 ($ 	heta $ Only),36,708,0.0,,0,0,0,0,0.0,0.0,100.0,0.001589599996805191,0.008913600002415478,0.0001227000029757619,0.18270980002125725,0.2679830999986734,0.09915160000673495,0.03540299998712726,0.030309800000395626,0.027786699996795505,0.02577530001872219,0.0009125999931711704
0.0,LP3 ($ 	heta $ Only),37,745,0.0,,0,0,0,0,0.0,0.0,100.0,0.005406599986599758,0.0061147999949753284,0.00011290001566521823,0.23345079997670837,0.2984977000160143,0.10715540000819601,0.02203590000863187,0.02806480001891032,0.02973460001521744,0.028087299986509606,0.00047259998973459005
0.0,LP3 ($ 	heta $ Only),38,783,0.0,,0,0,0,0,0.0,0.0,100.0,0.0019356999837327749,0.006773000000976026,7.539999205619097e-05,0.15171020000707358,0.2499600000155624,0.1397274000046309,0.022848199994768947,0.03106789998128079,0.04890650001470931,0.16761760000372306,0.0013744000170845538
0.0,LP3 ($ 	heta $ Only),39,822,0.0,,0,0,0,0,0.0,0.0,100.0,0.0028833999822381884,0.018871699983719736,0.0001988999720197171,0.23093079999671318,0.2821752000018023,0.12275859998771921,0.02463919998263009,0.020864199992502108,0.024805299995932728,0.027053300000261515,0.000904499989701435
0.0,LP3 ($ 	heta $ Only),40,862,0.0,,0,0,0,0,0.0,0.0,100.0,0.0014939999964553863,0.0068888999812770635,0.00012039998546242714,0.15888589998940006,0.2926105000078678,0.10715759999584407,0.0294467999774497,0.026150599995162338,0.02613680000649765,0.025982199993450195,0.0009040999866556376
0.0,LP3 ($ 	heta $ Only),41,903,0.0,,0,0,0,0,0.0,0.0,100.0,0.0014774000155739486,0.005881499993847683,0.00010960001964122057,0.16843630000948906,0.27408639999339357,0.11650050000753254,0.023545400006696582,0.02614430000539869,0.024063099990598857,0.030148399993777275,0.0012698999780695885
0.0,LP3 ($ 	heta $ Only),42,945,0.0,,0,0,0,0,0.0,0.0,100.0,0.0015153999847825617,0.012856199988164008,0.0001849000109359622,0.18000510000274517,0.31138519998057745,0.10704410000471398,0.022329900006297976,0.03153350000502542,0.03004379998310469,0.026133499981369823,0.0004853999998886138
0.0,LP3 ($ 	heta $ Only),43,988,0.0,,0,0,0,0,0.0,0.0,100.0,0.0029781000048387796,0.005906100006541237,7.20999960321933e-05,0.17736970001715235,0.5813034999882802,0.0773213000211399,0.04195409998646937,0.03993230001651682,0.02784840000094846,0.033160800026962534,0.00048499999684281647
0.0,LP3 ($ 	heta $ Only),44,1032,0.0,,0,0,0,0,0.0,0.0,100.0,0.0017201000009663403,0.012129000009736046,0.00015509998775087297,0.15487340002437122,0.3346241999824997,0.09681869999621995,0.02063870002166368,0.023183700017398223,0.02516819999436848,0.03394950000802055,0.0004797999863512814
0.0,LP3 ($ 	heta $ Only),45,1077,0.0,,0,0,0,0,0.0,0.0,100.0,0.0014826999977231026,0.008661200001370162,0.0001194999786093831,0.15818500000750646,0.3177010000217706,0.11654240000643767,0.021114000002853572,0.023120800004107878,0.028533899981994182,0.030714799999259412,0.000905399996554479
0.0,LP3 ($ 	heta $ Only),46,1123,0.0,,0,0,0,0,0.0,0.0,100.0,0.0014890999882481992,0.005726799980038777,7.160002132877707e-05,0.2231385999766644,0.31032829999458045,0.1262070000229869,0.03067209999426268,0.02440920000663027,0.02548380001098849,0.024547600012738258,0.0009044000180438161
0.0,LP3 ($ 	heta $ Only),47,1170,0.0,,0,0,0,0,0.0,0.0,100.0,0.001490800001192838,0.007084500015480444,8.860000525601208e-05,0.16097710002213717,0.2896912999858614,0.14069430000381544,0.026276899996446446,0.031552900007227436,0.025417800003197044,0.02706310001667589,0.0004749000072479248
0.0,LP3 ($ 	heta $ Only),48,1218,0.0,,0,0,0,0,0.0,0.0,100.0,0.001507199980551377,0.009437300002900884,7.71000050008297e-05,0.18854730000020936,0.2913254000013694,0.1090152999968268,0.02356650002184324,0.06830400001490489,0.10873799998080358,0.05578110000351444,0.0004896000027656555
0.0,LP3 ($ 	heta $ Only),49,1267,0.0,,0,0,0,0,0.0,0.0,100.0,0.0015494000108446926,0.009042699995916337,0.00011989998165518045,0.16566739999689162,0.257897800009232,0.11059389999718405,0.026066399994306266,0.027374600002076477,0.025693499977933243,0.02411469997605309,0.0004763000179082155
0.0,Weighted LP3 ($ 	heta $ Only),0,42,0.0,,0,0,0,0,0.0,0.0,100.0,0.001812300004530698,0.010935300000710413,0.0009135000000242144,0.21803630000795238,0.367683999997098,0.11069549998501316,0.02595500001916662,0.03248090000124648,0.0463418000144884,0.04155909997643903,0.0008434999908786267
0.0,Weighted LP3 ($ 	heta $ Only),1,43,0.0,,0,0,0,0,0.0,0.0,100.0,0.004084299987880513,0.005999699991662055,8.329999400302768e-05,0.32722649999777786,0.2865818999998737,0.14819239999633282,0.025241199997253716,0.030835900019155815,0.028512999997474253,0.037917799985734746,0.0007191000040620565
0.0,Weighted LP3 ($ 	heta $ Only),2,45,0.0,,0,0,0,0,0.0,0.0,100.0,0.0034676999785006046,0.015361800004029647,0.00021249998826533556,0.22783740001614206,0.27155730000231415,0.12007909998646937,0.023713400005362928,0.029428399982862175,0.039252799993846565,0.0288056000135839,0.0004955999902449548
0.0,Weighted LP3 ($ 	heta $ Only),3,48,0.0,,0,0,0,0,0.0,0.0,100.0,0.0021388999884948134,0.006819899979745969,7.760000880807638e-05,0.15310249998583458,0.32057670000358485,0.1404892000136897,0.027092200005427003,0.025947700021788478,0.030384100013179705,0.027367100003175437,0.001368099998217076
0.0,Weighted LP3 ($ 	heta $ Only),4,52,0.0,,0,0,0,0,0.0,0.0,100.0,0.003034599998500198,0.005913799977861345,7.419998291879892e-05,0.16674410001724027,0.2827668999962043,0.14540199999464676,0.02409250001073815,0.03496340001584031,0.032062799989944324,0.03505939999013208,0.0004743000026792288
0.0,Weighted LP3 ($ 	heta $ Only),5,57,0.0,,0,0,0,0,0.0,0.0,100.0,0.0014818999916315079,0.009779099986189976,0.00012170002446509898,0.14796070000738837,0.36139059998095036,0.1258100000268314,0.028684099990641698,0.025717299984535202,0.0321064000017941,0.028266800014534965,0.0004831000114791095
0.0,Weighted LP3 ($ 	heta $ Only),6,63,0.0,,0,0,0,0,0.0,0.0,100.0,0.0014866999990772456,0.009846899978583679,0.00012389998300932348,0.16400019999127835,0.2697457000031136,0.2264386999886483,0.042214599990984425,0.028842699975939468,0.024383200012380257,0.030564999993657693,0.0009079999872483313
0.0,Weighted LP3 ($ 	heta $ Only),7,70,0.0,,0,0,0,0,0.0,0.0,100.0,0.0014822999946773052,0.007801400002790615,7.71000050008297e-05,0.17428750000544824,0.28134280000813305,0.13764900001115166,0.025778799987165257,0.025069299997994676,0.027054800011683255,0.029724199994234368,0.0004763999895658344
0.0,Weighted LP3 ($ 	heta $ Only),8,78,0.0,,0,0,0,0,0.0,0.0,100.0,0.001478400023188442,0.008639600011520088,7.780001033097506e-05,0.19780709999031387,0.27282220000051893,0.1434614000027068,0.023465000005671754,0.028662299999268726,0.02740220000850968,0.031942200002959,0.0010208000021521002
0.0,Weighted LP3 ($ 	heta $ Only),9,87,0.0,,0,0,0,0,0.0,0.0,100.0,0.0016214999777730554,0.005845100007718429,7.129998994059861e-05,0.1716982000216376,0.2651723999879323,0.13548990001436323,0.03289880001102574,0.026198699983069673,0.02480939999804832,0.030414100008783862,0.0009095999994315207
0.0,Weighted LP3 ($ 	heta $ Only),10,97,0.0,,0,0,0,0,0.0,0.0,100.0,0.0015010999923106283,0.009117600013269112,8.140000863932073e-05,0.15106920001562685,0.28319750001537614,0.13276279999990948,0.027377499995054677,0.02641700001549907,0.03222789999563247,0.027985399996396154,0.0004841000190936029
0.0,Weighted LP3 ($ 	heta $ Only),11,108,0.0,,0,0,0,0,0.0,0.0,100.0,0.0014875000051688403,0.006104999978560954,7.9699995694682e-05,0.14316360000520945,0.26778210001066327,0.1620907000033185,0.0427235999959521,0.030309699999634176,0.03781960002379492,0.0442064999951981,0.00048069999320432544
0.0,Weighted LP3 ($ 	heta $ Only),12,120,0.0,,0,0,0,0,0.0,0.0,100.0,0.0032410999992862344,0.015170600003330037,0.00018430000636726618,0.18936019999091513,0.3089375999988988,0.1354879999998957,0.02726900001289323,0.027833999978611246,0.031012500025099143,0.027910200005862862,0.0004899999767076224
0.0,Weighted LP3 ($ 	heta $ Only),13,133,0.0,,0,0,0,0,0.0,0.0,100.0,0.0015204999945126474,0.009176199993817136,0.00012329997844062746,0.1741520999930799,0.3433781999920029,0.07398099999409169,0.03888609999557957,0.04180320000159554,0.03339580001193099,0.038554900005692616,0.0009393999935127795
0.0,Weighted LP3 ($ 	heta $ Only),14,147,0.0,,0,0,0,0,0.0,0.0,100.0,0.005399500019848347,0.006308400013949722,0.00015259999781847,0.18812579999212176,0.35824060000595637,0.16285120000247844,0.029739100020378828,0.03006900000036694,0.04536790002021007,0.049612200004048645,0.0011593999806791544
0.0,Weighted LP3 ($ 	heta $ Only),15,162,0.0,,0,0,0,0,0.0,0.0,100.0,0.005782799998996779,0.0070856000238563865,7.949999417178333e-05,0.17686479998519644,0.3008352000033483,0.16153660000418313,0.03179519998957403,0.027183800004422665,0.028692099993349984,0.027850100013893098,0.000909099995624274
0.0,Weighted LP3 ($ 	heta $ Only),16,178,0.0,,0,0,0,0,0.0,0.0,100.0,0.001489200018113479,0.007539499987615272,0.00014029999147169292,0.17378199999802746,0.3617337000032421,0.21554679999826476,0.029504999984055758,0.03630669999984093,0.03249709997908212,0.02823769999668002,0.0009107000078074634
0.0,Weighted LP3 ($ 	heta $ Only),17,195,0.0,,0,0,0,0,0.0,0.0,100.0,0.0014869000006001443,0.0062077000038698316,7.249999907799065e-05,0.1748305000073742,0.2692934999940917,0.11855990000185557,0.025352299999212846,0.025488299987046048,0.038137399998959154,0.023986100015463307,0.00047950001317076385
0.0,Weighted LP3 ($ 	heta $ Only),18,213,0.0,,0,0,0,0,0.0,0.0,100.0,0.0016271000204142183,0.008581300004152581,7.679997361265123e-05,0.22246210000594147,0.6192762999853585,0.1550209000124596,0.025499599985778332,0.026746399991679937,0.024889799999073148,0.0316162999952212,0.000925499974982813
0.0,Weighted LP3 ($ 	heta $ Only),19,232,0.0,,0,0,0,0,0.0,0.0,100.0,0.0014970999909564853,0.010122700012288988,0.00017389998538419604,0.162117700005183,0.27010880000307225,0.09621899999910966,0.02799659999436699,0.021820499998284504,0.02364210001542233,0.02925260001211427,0.0004765999910887331
0.0,Weighted LP3 ($ 	heta $ Only),20,252,0.0,,0,0,0,0,0.0,0.0,100.0,0.006262799986870959,0.007435999985318631,0.00011669998639263213,0.16221650000079535,0.2257347000122536,0.1299478999862913,0.026815099990926683,0.024534199998015538,0.026810599985765293,0.02544649998890236,0.0004771999956574291
0.0,Weighted LP3 ($ 	heta $ Only),21,273,0.0,,0,0,0,0,0.0,0.0,100.0,0.0023622000007890165,0.00929259997792542,7.71000050008297e-05,0.1810651000123471,0.3019810999976471,0.09914959999150597,0.028315300005488098,0.026516899990383536,0.023379099991871044,0.027667000016663224,0.0009004000166896731
0.0,Weighted LP3 ($ 	heta $ Only),22,295,0.0,,0,0,0,0,0.0,0.0,100.0,0.001479099999414757,0.010237399983452633,7.670000195503235e-05,0.3204237000027206,0.3045327999861911,0.17211839999072254,0.026543999993009493,0.026487700000870973,0.027219700015848503,0.03143510001245886,0.0009064000041689724
0.0,Weighted LP3 ($ 	heta $ Only),23,318,0.0,,0,0,0,0,0.0,0.0,100.0,0.001482499996200204,0.009048699983395636,7.509998977184296e-05,0.1725058000010904,0.2890157999936491,0.10536139999749139,0.02714309998555109,0.02409989997977391,0.023272599995834753,0.027486299979500473,0.0004726999904960394
0.0,Weighted LP3 ($ 	heta $ Only),24,342,0.0,,0,0,0,0,0.0,0.0,100.0,0.0017617999983485788,0.009692499996162951,7.599999662488699e-05,0.1602474999963306,0.27395390000310726,0.08812319999560714,0.02188610000303015,0.023314899997785687,0.020790900016436353,0.027739400014979765,0.0004987000138498843
0.0,Weighted LP3 ($ 	heta $ Only),25,367,0.0,,0,0,0,0,0.0,0.0,100.0,0.0015398999967146665,0.005568399996263906,7.179999374784529e-05,0.2275212999957148,0.4202967000019271,0.15950089998659678,0.02226830000290647,0.029853899992303923,0.027524500008439645,0.023194100009277463,0.0005936000088695437
0.0,Weighted LP3 ($ 	heta $ Only),26,393,0.0,,0,0,0,0,0.0,0.0,100.0,0.0029326000076252967,0.007906899991212413,0.00012240000069141388,0.1580903000140097,0.2821694999875035,0.12108539999462664,0.026118499983567744,0.022606699989410117,0.02184619999025017,0.02286860000458546,0.00047729999641887844
0.0,Weighted LP3 ($ 	heta $ Only),27,420,0.0,,0,0,0,0,0.0,0.0,100.0,0.00531160001992248,0.0056637000234331936,7.199999527074397e-05,0.16057950002141297,0.26500149999628775,0.09398970002075657,0.02788229999714531,0.026511300005950034,0.03209910000441596,0.029948799987323582,0.0004731999943032861
0.0,Weighted LP3 ($ 	heta $ Only),28,448,0.0,,0,0,0,0,0.0,0.0,100.0,0.0015007000183686614,0.00792810000712052,0.0002516999957151711,0.1689022000064142,0.43773149998742156,0.1607683000038378,0.022765200003050268,0.026370400009909645,0.0296958000108134,0.026959900016663596,0.0004709000058937818
0.0,Weighted LP3 ($ 	heta $ Only),29,477,0.0,,0,0,0,0,0.0,0.0,100.0,0.0016574999899603426,0.0061997000011615455,7.43999844416976e-05,0.20696499999030493,0.32457630001590587,0.1067629000172019,0.020549300010316074,0.01988620002521202,0.026310900022508577,0.03499669997836463,0.0005336000176612288
0.0,Weighted LP3 ($ 	heta $ Only),30,507,0.0,,0,0,0,0,0.0,0.0,100.0,0.0021755000052507967,0.008767299994360656,7.939999341033399e-05,0.15273489998071454,0.30712599999969825,0.09930820000590757,0.04017849999945611,0.03227570001035929,0.023654400021769106,0.03380010000546463,0.0009081000171136111
0.0,Weighted LP3 ($ 	heta $ Only),31,538,0.0,,0,0,0,0,0.0,0.0,100.0,0.0016360999725293368,0.011105099983979017,0.00012059998698532581,0.18336129997624084,0.2858501000155229,0.13232259999495,0.024022099998546764,0.033114799996837974,0.03669340000487864,0.02945590001763776,0.0005172000091988593
0.0,Weighted LP3 ($ 	heta $ Only),32,570,0.0,,0,0,0,0,0.0,0.0,100.0,0.0015221000066958368,0.010826999990968034,0.00012409998453222215,0.30370960000436753,0.25009960000170395,0.09531730000162497,0.024406799988355488,0.026744000002508983,0.03159420000156388,0.030124999990221113,0.0013272000069264323
0.0,Weighted LP3 ($ 	heta $ Only),33,603,0.0,,0,0,0,0,0.0,0.0,100.0,0.001645500015001744,0.006513000000268221,7.200002437457442e-05,0.15800039999885485,0.30752429997664876,0.10502269997959957,0.024088600010145456,0.025767200015252456,0.030689100007293746,0.024891199980629608,0.0004718000127468258
0.0,Weighted LP3 ($ 	heta $ Only),34,637,0.0,,0,0,0,0,0.0,0.0,100.0,0.004358800011686981,0.00654420000500977,7.390000973828137e-05,0.24068899999838322,0.3601699999999255,0.11905879998812452,0.025384799984749407,0.024570600013248622,0.02142669999739155,0.021452699991641566,0.00047209998592734337
0.0,Weighted LP3 ($ 	heta $ Only),35,672,0.0,,0,0,0,0,0.0,0.0,100.0,0.004441500001121312,0.00535749999107793,7.040001219138503e-05,0.15948209998896345,0.2738903999852482,0.1093399999954272,0.02974769999855198,0.024200099986046553,0.026762599998619407,0.03018770000198856,0.0004780000017490238
0.0,Weighted LP3 ($ 	heta $ Only),36,708,0.0,,0,0,0,0,0.0,0.0,100.0,0.001589599996805191,0.008913600002415478,0.0001227000029757619,0.18270980002125725,0.2679830999986734,0.09915160000673495,0.03540299998712726,0.030309800000395626,0.027786699996795505,0.02577530001872219,0.0009125999931711704
0.0,Weighted LP3 ($ 	heta $ Only),37,745,0.0,,0,0,0,0,0.0,0.0,100.0,0.005406599986599758,0.0061147999949753284,0.00011290001566521823,0.23345079997670837,0.2984977000160143,0.10715540000819601,0.02203590000863187,0.02806480001891032,0.02973460001521744,0.028087299986509606,0.00047259998973459005
0.0,Weighted LP3 ($ 	heta $ Only),38,783,0.0,,0,0,0,0,0.0,0.0,100.0,0.0019356999837327749,0.006773000000976026,7.539999205619097e-05,0.15171020000707358,0.2499600000155624,0.1397274000046309,0.022848199994768947,0.03106789998128079,0.04890650001470931,0.16761760000372306,0.0013744000170845538
0.0,Weighted LP3 ($ 	heta $ Only),39,822,0.0,,0,0,0,0,0.0,0.0,100.0,0.0028833999822381884,0.018871699983719736,0.0001988999720197171,0.23093079999671318,0.2821752000018023,0.12275859998771921,0.02463919998263009,0.020864199992502108,0.024805299995932728,0.027053300000261515,0.000904499989701435
0.0,Weighted LP3 ($ 	heta $ Only),40,862,0.0,,0,0,0,0,0.0,0.0,100.0,0.0014939999964553863,0.0068888999812770635,0.00012039998546242714,0.15888589998940006,0.2926105000078678,0.10715759999584407,0.0294467999774497,0.026150599995162338,0.02613680000649765,0.025982199993450195,0.0009040999866556376
0.0,Weighted LP3 ($ 	heta $ Only),41,903,0.0,,0,0,0,0,0.0,0.0,100.0,0.0014774000155739486,0.005881499993847683,0.00010960001964122057,0.16843630000948906,0.27408639999339357,0.11650050000753254,0.023545400006696582,0.02614430000539869,0.024063099990598857,0.030148399993777275,0.0012698999780695885
0.0,Weighted LP3 ($ 	heta $ Only),42,945,0.0,,0,0,0,0,0.0,0.0,100.0,0.0015153999847825617,0.012856199988164008,0.0001849000109359622,0.18000510000274517,0.31138519998057745,0.10704410000471398,0.022329900006297976,0.03153350000502542,0.03004379998310469,0.026133499981369823,0.0004853999998886138
0.0,Weighted LP3 ($ 	heta $ Only),43,988,0.0,,0,0,0,0,0.0,0.0,100.0,0.0029781000048387796,0.005906100006541237,7.20999960321933e-05,0.17736970001715235,0.5813034999882802,0.0773213000211399,0.04195409998646937,0.03993230001651682,0.02784840000094846,0.033160800026962534,0.00048499999684281647
0.0,Weighted LP3 ($ 	heta $ Only),44,1032,0.0,,0,0,0,0,0.0,0.0,100.0,0.0017201000009663403,0.012129000009736046,0.00015509998775087297,0.15487340002437122,0.3346241999824997,0.09681869999621995,0.02063870002166368,0.023183700017398223,0.02516819999436848,0.03394950000802055,0.0004797999863512814
0.0,Weighted LP3 ($ 	heta $ Only),45,1077,0.0,,0,0,0,0,0.0,0.0,100.0,0.0014826999977231026,0.008661200001370162,0.0001194999786093831,0.15818500000750646,0.3177010000217706,0.11654240000643767,0.021114000002853572,0.023120800004107878,0.028533899981994182,0.030714799999259412,0.000905399996554479
0.0,Weighted LP3 ($ 	heta $ Only),46,1123,0.0,,0,0,0,0,0.0,0.0,100.0,0.0014890999882481992,0.005726799980038777,7.160002132877707e-05,0.2231385999766644,0.31032829999458045,0.1262070000229869,0.03067209999426268,0.02440920000663027,0.02548380001098849,0.024547600012738258,0.0009044000180438161
0.0,Weighted LP3 ($ 	heta $ Only),47,1170,0.0,,0,0,0,0,0.0,0.0,100.0,0.001490800001192838,0.007084500015480444,8.860000525601208e-05,0.16097710002213717,0.2896912999858614,0.14069430000381544,0.026276899996446446,0.031552900007227436,0.025417800003197044,0.02706310001667589,0.0004749000072479248
0.0,Weighted LP3 ($ 	heta $ Only),48,1218,0.0,,0,0,0,0,0.0,0.0,100.0,0.001507199980551377,0.009437300002900884,7.71000050008297e-05,0.18854730000020936,0.2913254000013694,0.1090152999968268,0.02356650002184324,0.06830400001490489,0.10873799998080358,0.05578110000351444,0.0004896000027656555
0.0,Weighted LP3 ($ 	heta $ Only),49,1267,0.0,,0,0,0,0,0.0,0.0,100.0,0.0015494000108446926,0.009042699995916337,0.00011989998165518045,0.16566739999689162,0.257897800009232,0.11059389999718405,0.026066399994306266,0.027374600002076477,0.025693499977933243,0.02411469997605309,0.0004763000179082155
0.0,Borda LP3 ($ 	heta $ Only),0,42,0.0,,0,0,0,0,0.0,0.0,100.0,0.001812300004530698,0.010935300000710413,0.0009135000000242144,0.21803630000795238,0.367683999997098,0.11069549998501316,0.02595500001916662,0.03248090000124648,0.0463418000144884,0.04155909997643903,0.0008434999908786267
0.0,Borda LP3 ($ 	heta $ Only),1,43,0.0,,0,0,0,0,0.0,0.0,100.0,0.004084299987880513,0.005999699991662055,8.329999400302768e-05,0.32722649999777786,0.2865818999998737,0.14819239999633282,0.025241199997253716,0.030835900019155815,0.028512999997474253,0.037917799985734746,0.0007191000040620565
0.0,Borda LP3 ($ 	heta $ Only),2,45,0.0,,0,0,0,0,0.0,0.0,100.0,0.0034676999785006046,0.015361800004029647,0.00021249998826533556,0.22783740001614206,0.27155730000231415,0.12007909998646937,0.023713400005362928,0.029428399982862175,0.039252799993846565,0.0288056000135839,0.0004955999902449548
0.0,Borda LP3 ($ 	heta $ Only),3,48,0.0,,0,0,0,0,0.0,0.0,100.0,0.0021388999884948134,0.006819899979745969,7.760000880807638e-05,0.15310249998583458,0.32057670000358485,0.1404892000136897,0.027092200005427003,0.025947700021788478,0.030384100013179705,0.027367100003175437,0.001368099998217076
0.0,Borda LP3 ($ 	heta $ Only),4,52,0.0,,0,0,0,0,0.0,0.0,100.0,0.003034599998500198,0.005913799977861345,7.419998291879892e-05,0.16674410001724027,0.2827668999962043,0.14540199999464676,0.02409250001073815,0.03496340001584031,0.032062799989944324,0.03505939999013208,0.0004743000026792288
0.0,Borda LP3 ($ 	heta $ Only),5,57,0.0,,0,0,0,0,0.0,0.0,100.0,0.0014818999916315079,0.009779099986189976,0.00012170002446509898,0.14796070000738837,0.36139059998095036,0.1258100000268314,0.028684099990641698,0.025717299984535202,0.0321064000017941,0.028266800014534965,0.0004831000114791095
0.0,Borda LP3 ($ 	heta $ Only),6,63,0.0,,0,0,0,0,0.0,0.0,100.0,0.0014866999990772456,0.009846899978583679,0.00012389998300932348,0.16400019999127835,0.2697457000031136,0.2264386999886483,0.042214599990984425,0.028842699975939468,0.024383200012380257,0.030564999993657693,0.0009079999872483313
0.0,Borda LP3 ($ 	heta $ Only),7,70,0.0,,0,0,0,0,0.0,0.0,100.0,0.0014822999946773052,0.007801400002790615,7.71000050008297e-05,0.17428750000544824,0.28134280000813305,0.13764900001115166,0.025778799987165257,0.025069299997994676,0.027054800011683255,0.029724199994234368,0.0004763999895658344
0.0,Borda LP3 ($ 	heta $ Only),8,78,0.0,,0,0,0,0,0.0,0.0,100.0,0.001478400023188442,0.008639600011520088,7.780001033097506e-05,0.19780709999031387,0.27282220000051893,0.1434614000027068,0.023465000005671754,0.028662299999268726,0.02740220000850968,0.031942200002959,0.0010208000021521002
0.0,Borda LP3 ($ 	heta $ Only),9,87,0.0,,0,0,0,0,0.0,0.0,100.0,0.0016214999777730554,0.005845100007718429,7.129998994059861e-05,0.1716982000216376,0.2651723999879323,0.13548990001436323,0.03289880001102574,0.026198699983069673,0.02480939999804832,0.030414100008783862,0.0009095999994315207
0.0,Borda LP3 ($ 	heta $ Only),10,97,0.0,,0,0,0,0,0.0,0.0,100.0,0.0015010999923106283,0.009117600013269112,8.140000863932073e-05,0.15106920001562685,0.28319750001537614,0.13276279999990948,0.027377499995054677,0.02641700001549907,0.03222789999563247,0.027985399996396154,0.0004841000190936029
0.0,Borda LP3 ($ 	heta $ Only),11,108,0.0,,0,0,0,0,0.0,0.0,100.0,0.0014875000051688403,0.006104999978560954,7.9699995694682e-05,0.14316360000520945,0.26778210001066327,0.1620907000033185,0.0427235999959521,0.030309699999634176,0.03781960002379492,0.0442064999951981,0.00048069999320432544
0.0,Borda LP3 ($ 	heta $ Only),12,120,0.0,,0,0,0,0,0.0,0.0,100.0,0.0032410999992862344,0.015170600003330037,0.00018430000636726618,0.18936019999091513,0.3089375999988988,0.1354879999998957,0.02726900001289323,0.027833999978611246,0.031012500025099143,0.027910200005862862,0.0004899999767076224
0.0,Borda LP3 ($ 	heta $ Only),13,133,0.0,,0,0,0,0,0.0,0.0,100.0,0.0015204999945126474,0.009176199993817136,0.00012329997844062746,0.1741520999930799,0.3433781999920029,0.07398099999409169,0.03888609999557957,0.04180320000159554,0.03339580001193099,0.038554900005692616,0.0009393999935127795
0.0,Borda LP3 ($ 	heta $ Only),14,147,0.0,,0,0,0,0,0.0,0.0,100.0,0.005399500019848347,0.006308400013949722,0.00015259999781847,0.18812579999212176,0.35824060000595637,0.16285120000247844,0.029739100020378828,0.03006900000036694,0.04536790002021007,0.049612200004048645,0.0011593999806791544
0.0,Borda LP3 ($ 	heta $ Only),15,162,0.0,,0,0,0,0,0.0,0.0,100.0,0.005782799998996779,0.0070856000238563865,7.949999417178333e-05,0.17686479998519644,0.3008352000033483,0.16153660000418313,0.03179519998957403,0.027183800004422665,0.028692099993349984,0.027850100013893098,0.000909099995624274
0.0,Borda LP3 ($ 	heta $ Only),16,178,0.0,,0,0,0,0,0.0,0.0,100.0,0.001489200018113479,0.007539499987615272,0.00014029999147169292,0.17378199999802746,0.3617337000032421,0.21554679999826476,0.029504999984055758,0.03630669999984093,0.03249709997908212,0.02823769999668002,0.0009107000078074634
0.0,Borda LP3 ($ 	heta $ Only),17,195,0.0,,0,0,0,0,0.0,0.0,100.0,0.0014869000006001443,0.0062077000038698316,7.249999907799065e-05,0.1748305000073742,0.2692934999940917,0.11855990000185557,0.025352299999212846,0.025488299987046048,0.038137399998959154,0.023986100015463307,0.00047950001317076385
0.0,Borda LP3 ($ 	heta $ Only),18,213,0.0,,0,0,0,0,0.0,0.0,100.0,0.0016271000204142183,0.008581300004152581,7.679997361265123e-05,0.22246210000594147,0.6192762999853585,0.1550209000124596,0.025499599985778332,0.026746399991679937,0.024889799999073148,0.0316162999952212,0.000925499974982813
0.0,Borda LP3 ($ 	heta $ Only),19,232,0.0,,0,0,0,0,0.0,0.0,100.0,0.0014970999909564853,0.010122700012288988,0.00017389998538419604,0.162117700005183,0.27010880000307225,0.09621899999910966,0.02799659999436699,0.021820499998284504,0.02364210001542233,0.02925260001211427,0.0004765999910887331
0.0,Borda LP3 ($ 	heta $ Only),20,252,0.0,,0,0,0,0,0.0,0.0,100.0,0.006262799986870959,0.007435999985318631,0.00011669998639263213,0.16221650000079535,0.2257347000122536,0.1299478999862913,0.026815099990926683,0.024534199998015538,0.026810599985765293,0.02544649998890236,0.0004771999956574291
0.0,Borda LP3 ($ 	heta $ Only),21,273,0.0,,0,0,0,0,0.0,0.0,100.0,0.0023622000007890165,0.00929259997792542,7.71000050008297e-05,0.1810651000123471,0.3019810999976471,0.09914959999150597,0.028315300005488098,0.026516899990383536,0.023379099991871044,0.027667000016663224,0.0009004000166896731
0.0,Borda LP3 ($ 	heta $ Only),22,295,0.0,,0,0,0,0,0.0,0.0,100.0,0.001479099999414757,0.010237399983452633,7.670000195503235e-05,0.3204237000027206,0.3045327999861911,0.17211839999072254,0.026543999993009493,0.026487700000870973,0.027219700015848503,0.03143510001245886,0.0009064000041689724
0.0,Borda LP3 ($ 	heta $ Only),23,318,0.0,,0,0,0,0,0.0,0.0,100.0,0.001482499996200204,0.009048699983395636,7.509998977184296e-05,0.1725058000010904,0.2890157999936491,0.10536139999749139,0.02714309998555109,0.02409989997977391,0.023272599995834753,0.027486299979500473,0.0004726999904960394
0.0,Borda LP3 ($ 	heta $ Only),24,342,0.0,,0,0,0,0,0.0,0.0,100.0,0.0017617999983485788,0.009692499996162951,7.599999662488699e-05,0.1602474999963306,0.27395390000310726,0.08812319999560714,0.02188610000303015,0.023314899997785687,0.020790900016436353,0.027739400014979765,0.0004987000138498843
0.0,Borda LP3 ($ 	heta $ Only),25,367,0.0,,0,0,0,0,0.0,0.0,100.0,0.0015398999967146665,0.005568399996263906,7.179999374784529e-05,0.2275212999957148,0.4202967000019271,0.15950089998659678,0.02226830000290647,0.029853899992303923,0.027524500008439645,0.023194100009277463,0.0005936000088695437
0.0,Borda LP3 ($ 	heta $ Only),26,393,0.0,,0,0,0,0,0.0,0.0,100.0,0.0029326000076252967,0.007906899991212413,0.00012240000069141388,0.1580903000140097,0.2821694999875035,0.12108539999462664,0.026118499983567744,0.022606699989410117,0.02184619999025017,0.02286860000458546,0.00047729999641887844
0.0,Borda LP3 ($ 	heta $ Only),27,420,0.0,,0,0,0,0,0.0,0.0,100.0,0.00531160001992248,0.0056637000234331936,7.199999527074397e-05,0.16057950002141297,0.26500149999628775,0.09398970002075657,0.02788229999714531,0.026511300005950034,0.03209910000441596,0.029948799987323582,0.0004731999943032861
0.0,Borda LP3 ($ 	heta $ Only),28,448,0.0,,0,0,0,0,0.0,0.0,100.0,0.0015007000183686614,0.00792810000712052,0.0002516999957151711,0.1689022000064142,0.43773149998742156,0.1607683000038378,0.022765200003050268,0.026370400009909645,0.0296958000108134,0.026959900016663596,0.0004709000058937818
0.0,Borda LP3 ($ 	heta $ Only),29,477,0.0,,0,0,0,0,0.0,0.0,100.0,0.0016574999899603426,0.0061997000011615455,7.43999844416976e-05,0.20696499999030493,0.32457630001590587,0.1067629000172019,0.020549300010316074,0.01988620002521202,0.026310900022508577,0.03499669997836463,0.0005336000176612288
0.0,Borda LP3 ($ 	heta $ Only),30,507,0.0,,0,0,0,0,0.0,0.0,100.0,0.0021755000052507967,0.008767299994360656,7.939999341033399e-05,0.15273489998071454,0.30712599999969825,0.09930820000590757,0.04017849999945611,0.03227570001035929,0.023654400021769106,0.03380010000546463,0.0009081000171136111
0.0,Borda LP3 ($ 	heta $ Only),31,538,0.0,,0,0,0,0,0.0,0.0,100.0,0.0016360999725293368,0.011105099983979017,0.00012059998698532581,0.18336129997624084,0.2858501000155229,0.13232259999495,0.024022099998546764,0.033114799996837974,0.03669340000487864,0.02945590001763776,0.0005172000091988593
0.0,Borda LP3 ($ 	heta $ Only),32,570,0.0,,0,0,0,0,0.0,0.0,100.0,0.0015221000066958368,0.010826999990968034,0.00012409998453222215,0.30370960000436753,0.25009960000170395,0.09531730000162497,0.024406799988355488,0.026744000002508983,0.03159420000156388,0.030124999990221113,0.0013272000069264323
0.0,Borda LP3 ($ 	heta $ Only),33,603,0.0,,0,0,0,0,0.0,0.0,100.0,0.001645500015001744,0.006513000000268221,7.200002437457442e-05,0.15800039999885485,0.30752429997664876,0.10502269997959957,0.024088600010145456,0.025767200015252456,0.030689100007293746,0.024891199980629608,0.0004718000127468258
0.0,Borda LP3 ($ 	heta $ Only),34,637,0.0,,0,0,0,0,0.0,0.0,100.0,0.004358800011686981,0.00654420000500977,7.390000973828137e-05,0.24068899999838322,0.3601699999999255,0.11905879998812452,0.025384799984749407,0.024570600013248622,0.02142669999739155,0.021452699991641566,0.00047209998592734337
0.0,Borda LP3 ($ 	heta $ Only),35,672,0.0,,0,0,0,0,0.0,0.0,100.0,0.004441500001121312,0.00535749999107793,7.040001219138503e-05,0.15948209998896345,0.2738903999852482,0.1093399999954272,0.02974769999855198,0.024200099986046553,0.026762599998619407,0.03018770000198856,0.0004780000017490238
0.0,Borda LP3 ($ 	heta $ Only),36,708,0.0,,0,0,0,0,0.0,0.0,100.0,0.001589599996805191,0.008913600002415478,0.0001227000029757619,0.18270980002125725,0.2679830999986734,0.09915160000673495,0.03540299998712726,0.030309800000395626,0.027786699996795505,0.02577530001872219,0.0009125999931711704
0.0,Borda LP3 ($ 	heta $ Only),37,745,0.0,,0,0,0,0,0.0,0.0,100.0,0.005406599986599758,0.0061147999949753284,0.00011290001566521823,0.23345079997670837,0.2984977000160143,0.10715540000819601,0.02203590000863187,0.02806480001891032,0.02973460001521744,0.028087299986509606,0.00047259998973459005
0.0,Borda LP3 ($ 	heta $ Only),38,783,0.0,,0,0,0,0,0.0,0.0,100.0,0.0019356999837327749,0.006773000000976026,7.539999205619097e-05,0.15171020000707358,0.2499600000155624,0.1397274000046309,0.022848199994768947,0.03106789998128079,0.04890650001470931,0.16761760000372306,0.0013744000170845538
0.0,Borda LP3 ($ 	heta $ Only),39,822,0.0,,0,0,0,0,0.0,0.0,100.0,0.0028833999822381884,0.018871699983719736,0.0001988999720197171,0.23093079999671318,0.2821752000018023,0.12275859998771921,0.02463919998263009,0.020864199992502108,0.024805299995932728,0.027053300000261515,0.000904499989701435
0.0,Borda LP3 ($ 	heta $ Only),40,862,0.0,,0,0,0,0,0.0,0.0,100.0,0.0014939999964553863,0.0068888999812770635,0.00012039998546242714,0.15888589998940006,0.2926105000078678,0.10715759999584407,0.0294467999774497,0.026150599995162338,0.02613680000649765,0.025982199993450195,0.0009040999866556376
0.0,Borda LP3 ($ 	heta $ Only),41,903,0.0,,0,0,0,0,0.0,0.0,100.0,0.0014774000155739486,0.005881499993847683,0.00010960001964122057,0.16843630000948906,0.27408639999339357,0.11650050000753254,0.023545400006696582,0.02614430000539869,0.024063099990598857,0.030148399993777275,0.0012698999780695885
0.0,Borda LP3 ($ 	heta $ Only),42,945,0.0,,0,0,0,0,0.0,0.0,100.0,0.0015153999847825617,0.012856199988164008,0.0001849000109359622,0.18000510000274517,0.31138519998057745,0.10704410000471398,0.022329900006297976,0.03153350000502542,0.03004379998310469,0.026133499981369823,0.0004853999998886138
0.0,Borda LP3 ($ 	heta $ Only),43,988,0.0,,0,0,0,0,0.0,0.0,100.0,0.0029781000048387796,0.005906100006541237,7.20999960321933e-05,0.17736970001715235,0.5813034999882802,0.0773213000211399,0.04195409998646937,0.03993230001651682,0.02784840000094846,0.033160800026962534,0.00048499999684281647
0.0,Borda LP3 ($ 	heta $ Only),44,1032,0.0,,0,0,0,0,0.0,0.0,100.0,0.0017201000009663403,0.012129000009736046,0.00015509998775087297,0.15487340002437122,0.3346241999824997,0.09681869999621995,0.02063870002166368,0.023183700017398223,0.02516819999436848,0.03394950000802055,0.0004797999863512814
0.0,Borda LP3 ($ 	heta $ Only),45,1077,0.0,,0,0,0,0,0.0,0.0,100.0,0.0014826999977231026,0.008661200001370162,0.0001194999786093831,0.15818500000750646,0.3177010000217706,0.11654240000643767,0.021114000002853572,0.023120800004107878,0.028533899981994182,0.030714799999259412,0.000905399996554479
0.0,Borda LP3 ($ 	heta $ Only),46,1123,0.0,,0,0,0,0,0.0,0.0,100.0,0.0014890999882481992,0.005726799980038777,7.160002132877707e-05,0.2231385999766644,0.31032829999458045,0.1262070000229869,0.03067209999426268,0.02440920000663027,0.02548380001098849,0.024547600012738258,0.0009044000180438161
0.0,Borda LP3 ($ 	heta $ Only),47,1170,0.0,,0,0,0,0,0.0,0.0,100.0,0.001490800001192838,0.007084500015480444,8.860000525601208e-05,0.16097710002213717,0.2896912999858614,0.14069430000381544,0.026276899996446446,0.031552900007227436,0.025417800003197044,0.02706310001667589,0.0004749000072479248
0.0,Borda LP3 ($ 	heta $ Only),48,1218,0.0,,0,0,0,0,0.0,0.0,100.0,0.001507199980551377,0.009437300002900884,7.71000050008297e-05,0.18854730000020936,0.2913254000013694,0.1090152999968268,0.02356650002184324,0.06830400001490489,0.10873799998080358,0.05578110000351444,0.0004896000027656555
0.0,Borda LP3 ($ 	heta $ Only),49,1267,0.0,,0,0,0,0,0.0,0.0,100.0,0.0015494000108446926,0.009042699995916337,0.00011989998165518045,0.16566739999689162,0.257897800009232,0.11059389999718405,0.026066399994306266,0.027374600002076477,0.025693499977933243,0.02411469997605309,0.0004763000179082155
0.0,Linear BTL,0,42,,-8.744973021607471,0,0,0,0,,,,0.001812300004530698,0.010935300000710413,0.0009135000000242144,0.21803630000795238,0.367683999997098,0.11069549998501316,0.02595500001916662,0.03248090000124648,0.0463418000144884,0.04155909997643903,0.0008434999908786267
0.0,Linear BTL,1,43,,-6.056627377387945,0,0,0,0,,,,0.004084299987880513,0.005999699991662055,8.329999400302768e-05,0.32722649999777786,0.2865818999998737,0.14819239999633282,0.025241199997253716,0.030835900019155815,0.028512999997474253,0.037917799985734746,0.0007191000040620565
0.0,Linear BTL,2,45,,-9.295639567676334,0,1,1,0,,,,0.0034676999785006046,0.015361800004029647,0.00021249998826533556,0.22783740001614206,0.27155730000231415,0.12007909998646937,0.023713400005362928,0.029428399982862175,0.039252799993846565,0.0288056000135839,0.0004955999902449548
0.0,Linear BTL,3,48,,-8.444042742258183,0,0,0,0,,,,0.0021388999884948134,0.006819899979745969,7.760000880807638e-05,0.15310249998583458,0.32057670000358485,0.1404892000136897,0.027092200005427003,0.025947700021788478,0.030384100013179705,0.027367100003175437,0.001368099998217076
0.0,Linear BTL,4,52,,-1.6686905757466812,0,0,0,0,,,,0.003034599998500198,0.005913799977861345,7.419998291879892e-05,0.16674410001724027,0.2827668999962043,0.14540199999464676,0.02409250001073815,0.03496340001584031,0.032062799989944324,0.03505939999013208,0.0004743000026792288
0.0,Linear BTL,5,57,,-4.794900761636436,0,0,0,0,,,,0.0014818999916315079,0.009779099986189976,0.00012170002446509898,0.14796070000738837,0.36139059998095036,0.1258100000268314,0.028684099990641698,0.025717299984535202,0.0321064000017941,0.028266800014534965,0.0004831000114791095
0.0,Linear BTL,6,63,,-7.1083458185906006,0,0,0,0,,,,0.0014866999990772456,0.009846899978583679,0.00012389998300932348,0.16400019999127835,0.2697457000031136,0.2264386999886483,0.042214599990984425,0.028842699975939468,0.024383200012380257,0.030564999993657693,0.0009079999872483313
0.0,Linear BTL,7,70,,-2.7770750854531046,0,0,0,0,,,,0.0014822999946773052,0.007801400002790615,7.71000050008297e-05,0.17428750000544824,0.28134280000813305,0.13764900001115166,0.025778799987165257,0.025069299997994676,0.027054800011683255,0.029724199994234368,0.0004763999895658344
0.0,Linear BTL,8,78,,-6.124377373782514,0,0,0,0,,,,0.001478400023188442,0.008639600011520088,7.780001033097506e-05,0.19780709999031387,0.27282220000051893,0.1434614000027068,0.023465000005671754,0.028662299999268726,0.02740220000850968,0.031942200002959,0.0010208000021521002
0.0,Linear BTL,9,87,,-7.515438301034328,0,0,0,0,,,,0.0016214999777730554,0.005845100007718429,7.129998994059861e-05,0.1716982000216376,0.2651723999879323,0.13548990001436323,0.03289880001102574,0.026198699983069673,0.02480939999804832,0.030414100008783862,0.0009095999994315207
0.0,Linear BTL,10,97,,-7.641781504521665,0,0,0,0,,,,0.0015010999923106283,0.009117600013269112,8.140000863932073e-05,0.15106920001562685,0.28319750001537614,0.13276279999990948,0.027377499995054677,0.02641700001549907,0.03222789999563247,0.027985399996396154,0.0004841000190936029
0.0,Linear BTL,11,108,,-3.3490353166928943,0,0,0,0,,,,0.0014875000051688403,0.006104999978560954,7.9699995694682e-05,0.14316360000520945,0.26778210001066327,0.1620907000033185,0.0427235999959521,0.030309699999634176,0.03781960002379492,0.0442064999951981,0.00048069999320432544
0.0,Linear BTL,12,120,,-3.340722249230236,0,0,0,0,,,,0.0032410999992862344,0.015170600003330037,0.00018430000636726618,0.18936019999091513,0.3089375999988988,0.1354879999998957,0.02726900001289323,0.027833999978611246,0.031012500025099143,0.027910200005862862,0.0004899999767076224
0.0,Linear BTL,13,133,,-7.734736987605864,0,0,0,0,,,,0.0015204999945126474,0.009176199993817136,0.00012329997844062746,0.1741520999930799,0.3433781999920029,0.07398099999409169,0.03888609999557957,0.04180320000159554,0.03339580001193099,0.038554900005692616,0.0009393999935127795
0.0,Linear BTL,14,147,,-5.429844101414207,0,0,0,0,,,,0.005399500019848347,0.006308400013949722,0.00015259999781847,0.18812579999212176,0.35824060000595637,0.16285120000247844,0.029739100020378828,0.03006900000036694,0.04536790002021007,0.049612200004048645,0.0011593999806791544
0.0,Linear BTL,15,162,,-4.855940786985062,0,0,0,0,,,,0.005782799998996779,0.0070856000238563865,7.949999417178333e-05,0.17686479998519644,0.3008352000033483,0.16153660000418313,0.03179519998957403,0.027183800004422665,0.028692099993349984,0.027850100013893098,0.000909099995624274
0.0,Linear BTL,16,178,,-3.516690615029946,0,0,0,0,,,,0.001489200018113479,0.007539499987615272,0.00014029999147169292,0.17378199999802746,0.3617337000032421,0.21554679999826476,0.029504999984055758,0.03630669999984093,0.03249709997908212,0.02823769999668002,0.0009107000078074634
0.0,Linear BTL,17,195,,-5.7984508309649545,0,0,0,0,,,,0.0014869000006001443,0.0062077000038698316,7.249999907799065e-05,0.1748305000073742,0.2692934999940917,0.11855990000185557,0.025352299999212846,0.025488299987046048,0.038137399998959154,0.023986100015463307,0.00047950001317076385
0.0,Linear BTL,18,213,,-9.425340824979363,0,0,0,0,,,,0.0016271000204142183,0.008581300004152581,7.679997361265123e-05,0.22246210000594147,0.6192762999853585,0.1550209000124596,0.025499599985778332,0.026746399991679937,0.024889799999073148,0.0316162999952212,0.000925499974982813
0.0,Linear BTL,19,232,,-4.785105278349964,0,0,0,0,,,,0.0014970999909564853,0.010122700012288988,0.00017389998538419604,0.162117700005183,0.27010880000307225,0.09621899999910966,0.02799659999436699,0.021820499998284504,0.02364210001542233,0.02925260001211427,0.0004765999910887331
0.0,Linear BTL,20,252,,-5.231281476438939,0,0,0,0,,,,0.006262799986870959,0.007435999985318631,0.00011669998639263213,0.16221650000079535,0.2257347000122536,0.1299478999862913,0.026815099990926683,0.024534199998015538,0.026810599985765293,0.02544649998890236,0.0004771999956574291
0.0,Linear BTL,21,273,,-6.178277446833683,0,0,0,0,,,,0.0023622000007890165,0.00929259997792542,7.71000050008297e-05,0.1810651000123471,0.3019810999976471,0.09914959999150597,0.028315300005488098,0.026516899990383536,0.023379099991871044,0.027667000016663224,0.0009004000166896731
0.0,Linear BTL,22,295,,-2.6752677933697253,0,0,0,0,,,,0.001479099999414757,0.010237399983452633,7.670000195503235e-05,0.3204237000027206,0.3045327999861911,0.17211839999072254,0.026543999993009493,0.026487700000870973,0.027219700015848503,0.03143510001245886,0.0009064000041689724
0.0,Linear BTL,23,318,,-6.112272380067714,0,0,0,0,,,,0.001482499996200204,0.009048699983395636,7.509998977184296e-05,0.1725058000010904,0.2890157999936491,0.10536139999749139,0.02714309998555109,0.02409989997977391,0.023272599995834753,0.027486299979500473,0.0004726999904960394
0.0,Linear BTL,24,342,,-5.691692127061093,0,0,0,0,,,,0.0017617999983485788,0.009692499996162951,7.599999662488699e-05,0.1602474999963306,0.27395390000310726,0.08812319999560714,0.02188610000303015,0.023314899997785687,0.020790900016436353,0.027739400014979765,0.0004987000138498843
0.0,Linear BTL,25,367,,-3.340497807733582,0,0,0,0,,,,0.0015398999967146665,0.005568399996263906,7.179999374784529e-05,0.2275212999957148,0.4202967000019271,0.15950089998659678,0.02226830000290647,0.029853899992303923,0.027524500008439645,0.023194100009277463,0.0005936000088695437
0.0,Linear BTL,26,393,,-8.197487531919744,0,0,0,0,,,,0.0029326000076252967,0.007906899991212413,0.00012240000069141388,0.1580903000140097,0.2821694999875035,0.12108539999462664,0.026118499983567744,0.022606699989410117,0.02184619999025017,0.02286860000458546,0.00047729999641887844
0.0,Linear BTL,27,420,,-2.1572654921711,0,0,0,0,,,,0.00531160001992248,0.0056637000234331936,7.199999527074397e-05,0.16057950002141297,0.26500149999628775,0.09398970002075657,0.02788229999714531,0.026511300005950034,0.03209910000441596,0.029948799987323582,0.0004731999943032861
0.0,Linear BTL,28,448,,-11.364877470318119,0,0,0,0,,,,0.0015007000183686614,0.00792810000712052,0.0002516999957151711,0.1689022000064142,0.43773149998742156,0.1607683000038378,0.022765200003050268,0.026370400009909645,0.0296958000108134,0.026959900016663596,0.0004709000058937818
0.0,Linear BTL,29,477,,-6.6053036433323955,0,0,0,0,,,,0.0016574999899603426,0.0061997000011615455,7.43999844416976e-05,0.20696499999030493,0.32457630001590587,0.1067629000172019,0.020549300010316074,0.01988620002521202,0.026310900022508577,0.03499669997836463,0.0005336000176612288
0.0,Linear BTL,30,507,,-6.413065462976208,0,0,0,0,,,,0.0021755000052507967,0.008767299994360656,7.939999341033399e-05,0.15273489998071454,0.30712599999969825,0.09930820000590757,0.04017849999945611,0.03227570001035929,0.023654400021769106,0.03380010000546463,0.0009081000171136111
0.0,Linear BTL,31,538,,-8.90229363063874,0,0,0,0,,,,0.0016360999725293368,0.011105099983979017,0.00012059998698532581,0.18336129997624084,0.2858501000155229,0.13232259999495,0.024022099998546764,0.033114799996837974,0.03669340000487864,0.02945590001763776,0.0005172000091988593
0.0,Linear BTL,32,570,,-8.032573759677577,0,1,1,0,,,,0.0015221000066958368,0.010826999990968034,0.00012409998453222215,0.30370960000436753,0.25009960000170395,0.09531730000162497,0.024406799988355488,0.026744000002508983,0.03159420000156388,0.030124999990221113,0.0013272000069264323
0.0,Linear BTL,33,603,,-3.3898726827711534,0,0,0,0,,,,0.001645500015001744,0.006513000000268221,7.200002437457442e-05,0.15800039999885485,0.30752429997664876,0.10502269997959957,0.024088600010145456,0.025767200015252456,0.030689100007293746,0.024891199980629608,0.0004718000127468258
0.0,Linear BTL,34,637,,-6.832864636812339,0,0,0,0,,,,0.004358800011686981,0.00654420000500977,7.390000973828137e-05,0.24068899999838322,0.3601699999999255,0.11905879998812452,0.025384799984749407,0.024570600013248622,0.02142669999739155,0.021452699991641566,0.00047209998592734337
0.0,Linear BTL,35,672,,-6.783276310495659,0,0,0,0,,,,0.004441500001121312,0.00535749999107793,7.040001219138503e-05,0.15948209998896345,0.2738903999852482,0.1093399999954272,0.02974769999855198,0.024200099986046553,0.026762599998619407,0.03018770000198856,0.0004780000017490238
0.0,Linear BTL,36,708,,-4.608037768074431,0,0,0,0,,,,0.001589599996805191,0.008913600002415478,0.0001227000029757619,0.18270980002125725,0.2679830999986734,0.09915160000673495,0.03540299998712726,0.030309800000395626,0.027786699996795505,0.02577530001872219,0.0009125999931711704
0.0,Linear BTL,37,745,,-5.925985199051036,0,0,0,0,,,,0.005406599986599758,0.0061147999949753284,0.00011290001566521823,0.23345079997670837,0.2984977000160143,0.10715540000819601,0.02203590000863187,0.02806480001891032,0.02973460001521744,0.028087299986509606,0.00047259998973459005
0.0,Linear BTL,38,783,,-2.8699304369653604,0,0,0,0,,,,0.0019356999837327749,0.006773000000976026,7.539999205619097e-05,0.15171020000707358,0.2499600000155624,0.1397274000046309,0.022848199994768947,0.03106789998128079,0.04890650001470931,0.16761760000372306,0.0013744000170845538
0.0,Linear BTL,39,822,,-7.2291259577078035,0,0,0,0,,,,0.0028833999822381884,0.018871699983719736,0.0001988999720197171,0.23093079999671318,0.2821752000018023,0.12275859998771921,0.02463919998263009,0.020864199992502108,0.024805299995932728,0.027053300000261515,0.000904499989701435
0.0,Linear BTL,40,862,,-3.2565871896347094,0,0,0,0,,,,0.0014939999964553863,0.0068888999812770635,0.00012039998546242714,0.15888589998940006,0.2926105000078678,0.10715759999584407,0.0294467999774497,0.026150599995162338,0.02613680000649765,0.025982199993450195,0.0009040999866556376
0.0,Linear BTL,41,903,,-7.7625252496733035,0,0,0,0,,,,0.0014774000155739486,0.005881499993847683,0.00010960001964122057,0.16843630000948906,0.27408639999339357,0.11650050000753254,0.023545400006696582,0.02614430000539869,0.024063099990598857,0.030148399993777275,0.0012698999780695885
0.0,Linear BTL,42,945,,-3.210314940974643,0,0,0,0,,,,0.0015153999847825617,0.012856199988164008,0.0001849000109359622,0.18000510000274517,0.31138519998057745,0.10704410000471398,0.022329900006297976,0.03153350000502542,0.03004379998310469,0.026133499981369823,0.0004853999998886138
0.0,Linear BTL,43,988,,-7.485310123350272,0,0,0,0,,,,0.0029781000048387796,0.005906100006541237,7.20999960321933e-05,0.17736970001715235,0.5813034999882802,0.0773213000211399,0.04195409998646937,0.03993230001651682,0.02784840000094846,0.033160800026962534,0.00048499999684281647
0.0,Linear BTL,44,1032,,-10.562453927111187,0,0,0,0,,,,0.0017201000009663403,0.012129000009736046,0.00015509998775087297,0.15487340002437122,0.3346241999824997,0.09681869999621995,0.02063870002166368,0.023183700017398223,0.02516819999436848,0.03394950000802055,0.0004797999863512814
0.0,Linear BTL,45,1077,,-6.947123067192641,0,0,0,0,,,,0.0014826999977231026,0.008661200001370162,0.0001194999786093831,0.15818500000750646,0.3177010000217706,0.11654240000643767,0.021114000002853572,0.023120800004107878,0.028533899981994182,0.030714799999259412,0.000905399996554479
0.0,Linear BTL,46,1123,,-2.0839630350058775,0,0,0,0,,,,0.0014890999882481992,0.005726799980038777,7.160002132877707e-05,0.2231385999766644,0.31032829999458045,0.1262070000229869,0.03067209999426268,0.02440920000663027,0.02548380001098849,0.024547600012738258,0.0009044000180438161
0.0,Linear BTL,47,1170,,-4.461637415765299,0,0,0,0,,,,0.001490800001192838,0.007084500015480444,8.860000525601208e-05,0.16097710002213717,0.2896912999858614,0.14069430000381544,0.026276899996446446,0.031552900007227436,0.025417800003197044,0.02706310001667589,0.0004749000072479248
0.0,Linear BTL,48,1218,,-5.3733506177455865,0,0,0,0,,,,0.001507199980551377,0.009437300002900884,7.71000050008297e-05,0.18854730000020936,0.2913254000013694,0.1090152999968268,0.02356650002184324,0.06830400001490489,0.10873799998080358,0.05578110000351444,0.0004896000027656555
0.0,Linear BTL,49,1267,,-7.06331243074233,0,0,0,0,,,,0.0015494000108446926,0.009042699995916337,0.00011989998165518045,0.16566739999689162,0.257897800009232,0.11059389999718405,0.026066399994306266,0.027374600002076477,0.025693499977933243,0.02411469997605309,0.0004763000179082155
0.1,LP2 ($ 	heta $ Only),0,42,0.0,,0,0,0,0,0.0,0.0,100.0,0.0020841999794356525,0.015448299993295223,0.00012659997446462512,0.23534049998852424,0.2642570000025444,0.1470866999879945,0.03633470000931993,0.026176699990173802,0.0257741000095848,0.02625240001361817,0.000595899997279048
0.1,LP2 ($ 	heta $ Only),1,43,0.0,,0,0,0,0,0.0,0.0,100.0,0.0018032999942079186,0.006391699978848919,7.479998748749495e-05,0.1429509000154212,0.3444811000081245,0.14631020001252182,0.03532759999507107,0.028975099994568154,0.026821200008271262,0.02666279999539256,0.0009741999965626746
0.1,LP2 ($ 	heta $ Only),2,45,0.0,,0,0,0,0,0.0,0.0,100.0,0.003670199977932498,0.008425399981206283,0.00012000001152046025,0.1560386000201106,0.34282830002484843,0.1291674999811221,0.026343199977418408,0.02347590000135824,0.025690500013297424,0.024872299982234836,0.0014793000009376556
0.1,LP2 ($ 	heta $ Only),3,48,3.932097087566758e-05,,2,5,3,2,3.932097087566758e-05,33.333333333333336,66.66666666666666,0.004261800000676885,0.00617680000141263,0.0004417999880388379,0.18885770000633784,0.27086059999419376,0.15537779999431223,0.021304699999745935,0.02071290000458248,0.023291199991945177,0.03347789999679662,0.0009537999867461622
0.1,LP2 ($ 	heta $ Only),4,52,2.8478785807674743e-05,,0,5,2,3,2.8478785807674746e-05,26.666666666666668,73.33333333333333,0.0016234999930020422,0.009380599978612736,7.959999493323267e-05,0.16846689998055808,0.24569459998747334,0.21671969999442808,0.04399509998620488,0.026519999984884635,0.027742399979615584,0.03175970001029782,0.0009725000127218664
0.1,LP2 ($ 	heta $ Only),5,57,5.424613625990402e-05,,0,2,1,1,5.424613625990402e-05,40.0,60.0,0.0016163000254891813,0.008870799996657297,7.550002192147076e-05,0.24044870000216179,0.28124060001573525,0.2577416999847628,0.02811189999920316,0.024364499986404553,0.02757130001555197,0.0377745000005234,0.0018156000005546957
0.1,LP2 ($ 	heta $ Only),6,63,3.9685753594953296e-05,,0,1,1,0,3.968575359495329e-05,20.0,80.0,0.006833999999798834,0.014574900007573888,8.769999840296805e-05,0.18840469999122433,0.3034538999781944,0.1278714000072796,0.02593559998786077,0.029712399991694838,0.026102600008016452,0.027018199994927272,0.0005043000273872167
0.1,LP2 ($ 	heta $ Only),7,70,0.0,,0,0,0,0,0.0,0.0,100.0,0.0016404000052716583,0.010328000003937632,0.00012240000069141388,0.1656860999937635,0.2732237000018358,0.22258580001653172,0.02134819998173043,0.02398139997967519,0.019260300003224984,0.021644299995386973,0.0005022999830543995
0.1,LP2 ($ 	heta $ Only),8,78,3.322435216726485e-05,,0,4,2,2,3.322435216726485e-05,20.0,80.0,0.0043326999875716865,0.005376700020860881,7.079998613335192e-05,0.1764219999895431,0.4574367000022903,0.13160890000290237,0.02772099999128841,0.024300999997649342,0.028120399976614863,0.029881499998737127,0.001070300000719726
0.1,LP2 ($ 	heta $ Only),9,87,1.4712179697331665e-05,,0,1,0,1,1.4712179697331665e-05,26.666666666666668,73.33333333333333,0.0017114999936893582,0.005354399996576831,7.179999374784529e-05,0.15876790002221242,0.28080390000832267,0.17686850001337007,0.03834709999500774,0.027780799980973825,0.022420199995394796,0.021469400002388284,0.0005093000072520226
0.1,LP2 ($ 	heta $ Only),10,97,1.0974169258248466e-05,,0,2,0,2,1.0974169258248466e-05,6.666666666666667,93.33333333333333,0.0016314999957103282,0.007385499979136512,0.00011590000940486789,0.15637849998893216,0.2863188000046648,0.16787989999284036,0.026343900011852384,0.02368189999833703,0.03077310000662692,0.0452899000083562,0.0011688999948091805
0.1,LP2 ($ 	heta $ Only),11,108,0.0,,0,0,0,0,0.0,0.0,100.0,0.0020921999821439385,0.01195939999888651,0.0001370999962091446,0.17934219999006018,0.3405620999983512,0.21133459999691695,0.02617410002858378,0.025398800004040822,0.02588220001780428,0.02910159999737516,0.0009851999930106103
0.1,LP2 ($ 	heta $ Only),12,120,2.0938439522981004e-05,,0,2,1,1,2.0938439522981004e-05,13.333333333333334,86.66666666666667,0.0018313000036869198,0.006324099987978116,0.001160600018920377,0.3472102000087034,0.3254249999881722,0.14164300000993535,0.031234399997629225,0.03165419999277219,0.02684239999507554,0.02530720000504516,0.0010340999870095402
0.1,LP2 ($ 	heta $ Only),13,133,0.0,,0,0,0,0,0.0,0.0,100.0,0.0017985000158660114,0.005601000011665747,7.429998368024826e-05,0.17976810000254773,0.3519722999772057,0.1708228999923449,0.023052600008668378,0.0271012999874074,0.026055900001665577,0.029281600000103936,0.0009687999845482409
0.1,LP2 ($ 	heta $ Only),14,147,5.252765240948416e-05,,0,4,3,1,5.252765240948416e-05,33.333333333333336,66.66666666666666,0.0016105000104289502,0.008708399982424453,8.16000101622194e-05,0.24345709997578524,0.2955750999972224,0.15936330001568422,0.08031409999239258,0.07702910000807606,0.06561009999131784,0.04372940000030212,0.0005024000129196793
0.1,LP2 ($ 	heta $ Only),15,162,0.0,,1,0,0,0,0.0,0.0,100.0,0.004106799984583631,0.007909699983429164,0.00038910002331249416,0.1644250999961514,0.27645679999841377,0.15351940001710318,0.02249070000834763,0.0249545999977272,0.024070799991022795,0.031201600009808317,0.0009578000172041357
0.1,LP2 ($ 	heta $ Only),16,178,1.1255410814367875e-05,,0,1,0,1,1.1255410814367875e-05,13.333333333333334,86.66666666666667,0.0016100000066217035,0.01070009998511523,7.589999586343765e-05,0.19648300000699237,0.30090140001266263,0.1625726000056602,0.02270850000786595,0.038217399996938184,0.028398599999491125,0.025478700001258403,0.0013526999973692
0.1,LP2 ($ 	heta $ Only),17,195,7.266422690247022e-05,,0,2,1,1,7.266422690247022e-05,33.333333333333336,66.66666666666666,0.005344899982446805,0.007868100015912205,0.00563599998713471,0.2774834000156261,0.2747903999988921,0.15443260001484305,0.02621079998789355,0.025604399997973815,0.025693599978694692,0.03173590000369586,0.0009688000136520714
0.1,LP2 ($ 	heta $ Only),18,213,0.0,,0,0,0,0,0.0,0.0,100.0,0.0016021000046748668,0.011522999993758276,0.0002049999893642962,0.3361140000051819,0.29844640000374056,0.18341270001837984,0.029828400001861155,0.024935900000855327,0.027960200008237734,0.027889499993762,0.0006407999899238348
0.1,LP2 ($ 	heta $ Only),19,232,1.5818340418297636e-05,,0,2,0,2,1.5818340418297636e-05,13.333333333333334,86.66666666666667,0.0016256000089924783,0.005386799981351942,7.090001599863172e-05,0.16523669997695833,0.2708390000043437,0.151868499990087,0.02785389998462051,0.029284899996127933,0.026795499987201765,0.027211799984797835,0.0005505000008270144
0.1,LP2 ($ 	heta $ Only),20,252,1.8315142789499405e-05,,0,2,0,2,1.8315142789499405e-05,13.333333333333334,86.66666666666667,0.00228169999900274,0.008360799984075129,7.729997741989791e-05,0.1605105999915395,0.28662930001155473,0.17056280001997948,0.044294699997408316,0.023283099988475442,0.023629700008314103,0.024039599986281246,0.0009673000022303313
0.1,LP2 ($ 	heta $ Only),21,273,0.0,,0,0,0,0,0.0,0.0,100.0,0.0016168000001925975,0.006677299999864772,7.229999755509198e-05,0.15672490000724792,0.35235699999611825,0.16715860000113025,0.023651399998925626,0.023654499993426725,0.028358500014292076,0.02751070001977496,0.0009646000107750297
0.1,LP2 ($ 	heta $ Only),22,295,0.0,,0,0,0,0,0.0,0.0,100.0,0.00469230001908727,0.006650499999523163,0.00011799999629147351,0.18292460002703592,0.3741870999801904,0.1782431000028737,0.0285075000138022,0.02962489999481477,0.032206200005020946,0.025826700002653524,0.0005099000118207186
0.1,LP2 ($ 	heta $ Only),23,318,4.329401842761232e-05,,2,4,2,2,4.329401842761232e-05,26.666666666666668,73.33333333333333,0.0019125000108033419,0.006618699990212917,0.0004039999912492931,0.15310650001629256,0.29997089999960735,0.13976039999397472,0.027935200021602213,0.06450579999363981,0.09074370001326315,0.0740943000128027,0.0014050999889150262
0.1,LP2 ($ 	heta $ Only),24,342,0.0,,0,0,0,0,0.0,0.0,100.0,0.0029446000116877258,0.01242469999124296,0.0001210999907925725,0.16726449999259785,0.3448779000027571,0.13662819997989573,0.025323099980596453,0.024338599992915988,0.028779099986422807,0.02463040000293404,0.0005072999920230359
0.1,LP2 ($ 	heta $ Only),25,367,0.0,,2,0,0,0,0.0,0.0,100.0,0.005393300001742318,0.005342899996321648,0.0003843999875243753,0.1530268999922555,0.2435696999891661,0.14836240001022816,0.02542119999998249,0.022792600007960573,0.028635800001211464,0.02855799999088049,0.0013509999844245613
0.1,LP2 ($ 	heta $ Only),26,393,0.0,,0,0,0,0,0.0,0.0,100.0,0.001935300009790808,0.006543099996633828,7.180002285167575e-05,0.16450790001545101,0.2681637000059709,0.10358940000878647,0.025799600000027567,0.021516099979635328,0.02889889999642037,0.0256892999750562,0.0005044999998062849
0.1,LP2 ($ 	heta $ Only),27,420,6.630683288775574e-05,,0,4,1,3,6.630683288775574e-05,40.0,60.0,0.004590500000631437,0.0059800999879371375,0.00012260000221431255,0.16218060001847334,0.27176639999379404,0.21227009998983704,0.04832680002436973,0.03644719999283552,0.023705300001893193,0.02764070002012886,0.0009703999967314303
0.1,LP2 ($ 	heta $ Only),28,448,0.0,,0,0,0,0,0.0,0.0,100.0,0.0015899999998509884,0.007870599976740777,7.559999357908964e-05,0.16378070000791922,0.29477639999822713,0.1547718000074383,0.025141799997072667,0.024509099981514737,0.04547750001074746,0.02947930002119392,0.0009744999988470227
0.1,LP2 ($ 	heta $ Only),29,477,0.0,,1,0,0,0,0.0,0.0,100.0,0.0016441000043414533,0.009482399997068569,0.0004403000057209283,0.16849539999384433,0.40676990000065416,0.23254679999081418,0.026043099991511554,0.02396960000623949,0.02395139998407103,0.025590999983251095,0.0005077999958302826
0.1,LP2 ($ 	heta $ Only),30,507,2.618893349124079e-05,,0,3,2,1,2.618893349124079e-05,20.0,80.0,0.0020901000243611634,0.007635399990249425,7.54999928176403e-05,0.17669190000742674,0.36400919998413883,0.34509479999542236,0.035477900004480034,0.03418399998918176,0.036596200021449476,0.024684400006663054,0.0009731999889481813
0.1,LP2 ($ 	heta $ Only),31,538,3.4324272885859246e-05,,0,5,2,3,3.432427288585925e-05,26.666666666666668,73.33333333333333,0.009091600019019097,0.012538599985418841,7.609999738633633e-05,0.17486099997768179,0.3532009999908041,0.143263299978571,0.026214199984679,0.02991819998715073,0.03071500000078231,0.0340913999825716,0.0005020999815315008
0.1,LP2 ($ 	heta $ Only),32,570,0.0,,0,0,0,0,0.0,0.0,100.0,0.0016406999784521759,0.008182300021871924,0.00017479999223724008,0.17023519999929704,0.2952149999910034,0.13616160000674427,0.026475399994524196,0.02945429997635074,0.026825500011909753,0.026072500011650845,0.0005135000101290643
0.1,LP2 ($ 	heta $ Only),33,603,6.407463764469594e-05,,0,7,2,5,6.407463764469594e-05,53.333333333333336,46.666666666666664,0.0016564000106882304,0.0063265000062529,7.51999905332923e-05,0.15193449999787845,0.47007909999229014,0.11836729999049567,0.026352899993071333,0.02634119999129325,0.03738880000310019,0.05715629999758676,0.000908499991055578
0.1,LP2 ($ 	heta $ Only),34,637,4.9336240361642065e-05,,0,6,1,5,4.933624036164206e-05,33.333333333333336,66.66666666666666,0.0032184000010602176,0.010565900010988116,0.00012680000509135425,0.18555530000594445,0.2776292999915313,0.11308139999164268,0.03091070000664331,0.028124499978730455,0.022992099984548986,0.030361899989657104,0.0005033999914303422
0.1,LP2 ($ 	heta $ Only),35,672,0.0,,0,0,0,0,0.0,0.0,100.0,0.001795099989976734,0.009404400014318526,0.00012959999730810523,0.14757729999837466,0.3990765000053216,0.1703202000062447,0.026170400000410154,0.030101100011961535,0.029897700005676597,0.02866450001602061,0.0005341999931260943
0.1,LP2 ($ 	heta $ Only),36,708,2.0703557981281813e-05,,0,2,0,2,2.0703557981281813e-05,6.666666666666667,93.33333333333333,0.0025301999994553626,0.008834399981424212,7.660000119358301e-05,0.17130050002015196,0.29964270000346005,0.11321670000324957,0.02653400000417605,0.026912500004982576,0.027580800000578165,0.02328200000920333,0.0009649999847169966
0.1,LP2 ($ 	heta $ Only),37,745,2.814514541018446e-05,,0,5,0,5,2.814514541018446e-05,20.0,80.0,0.0016567999846301973,0.008999799989396706,0.00011989998165518045,0.35045090000494383,0.28261910000583157,0.14682209998136386,0.021735699992859736,0.020525799976894632,0.025093100004596636,0.03904370000236668,0.0015562000044155866
0.1,LP2 ($ 	heta $ Only),38,783,0.0,,0,0,0,0,0.0,0.0,100.0,0.0061969000089447945,0.006692499999189749,7.839998579584062e-05,0.1749483000021428,0.3217836999974679,0.18802239999058656,0.030090499989455566,0.026144100003875792,0.025656500016339123,0.02460490001249127,0.0016069000121206045
0.1,LP2 ($ 	heta $ Only),39,822,0.0,,0,0,0,0,0.0,0.0,100.0,0.00533380001434125,0.006853400002000853,7.280000136233866e-05,0.17224400001578033,0.2719789000111632,0.12232729999232106,0.026601600024150684,0.026118000008864328,0.026672499981941655,0.028335199982393533,0.0009938000002875924
0.1,LP2 ($ 	heta $ Only),40,862,1.612189628960553e-05,,0,4,1,3,1.612189628960553e-05,13.333333333333334,86.66666666666667,0.0016336000117007643,0.008945199981098995,0.0001370999962091446,0.15205050000804476,0.34832200000528246,0.12388880000798963,0.030637599993497133,0.027100800012703985,0.023581499990541488,0.02614310002536513,0.0009845999884419143
0.1,LP2 ($ 	heta $ Only),41,903,3.0284669598544817e-05,,0,4,0,4,3.028466959854482e-05,20.0,80.0,0.0016190999886021018,0.005869699991308153,7.090001599863172e-05,0.15159159997710958,0.28318769999896176,0.126359699992463,0.025812800013227388,0.026203000015811995,0.03001300001051277,0.029052099998807535,0.0005064000142738223
0.1,LP2 ($ 	heta $ Only),42,945,0.0,,0,0,0,0,0.0,0.0,100.0,0.001885500008938834,0.007702999981120229,0.00015949999215081334,0.16864869999699295,0.28495249999105,0.1503894999914337,0.021996299998136237,0.020536199997877702,0.02133970000431873,0.020435100013855845,0.0005004999984521419
0.1,LP2 ($ 	heta $ Only),43,988,0.0,,0,0,0,0,0.0,0.0,100.0,0.005358499998692423,0.005580299999564886,7.440001354552805e-05,0.2537450999952853,0.3965137999912258,0.32184759998926893,0.02503289998276159,0.023581799992825836,0.025910000025760382,0.02791499998420477,0.0009688999853096902
0.1,LP2 ($ 	heta $ Only),44,1032,0.0,,0,0,0,0,0.0,0.0,100.0,0.0016171000024769455,0.009628500003600493,0.00013719999697059393,0.16506780000054277,0.2777341000037268,0.18826910000643693,0.02470549999270588,0.02236159998574294,0.020527299988316372,0.023353900003712624,0.0012485000188462436
0.1,LP2 ($ 	heta $ Only),45,1077,0.0,,0,0,0,0,0.0,0.0,100.0,0.004449100000783801,0.006458699994254857,8.079997496679425e-05,0.17565940000349656,0.306053799984511,0.18963629999780096,0.02814170002238825,0.02318580000428483,0.02653119998285547,0.022906400001375005,0.0009695000189822167
0.1,LP2 ($ 	heta $ Only),46,1123,2.2011355516832834e-05,,0,4,0,4,2.201135551683283e-05,33.333333333333336,66.66666666666666,0.002069299982395023,0.008757400006288663,0.00012229999992996454,0.16108839999651536,0.27249239999218844,0.13800450001144782,0.027591399993980303,0.026558199984719977,0.04116359999170527,0.037841100012883544,0.0009743999980855733
0.1,LP2 ($ 	heta $ Only),47,1170,0.0,,0,0,0,0,0.0,0.0,100.0,0.0076948000059928745,0.020321000018157065,0.0001269000058528036,0.4563736999989487,0.30992860000696965,0.20578599997679703,0.029641400004038587,0.023066300025675446,0.02777099999366328,0.02341389999492094,0.0006189999985508621
0.1,LP2 ($ 	heta $ Only),48,1218,0.0,,0,0,0,0,0.0,0.0,100.0,0.00742280000122264,0.005346099991584197,7.100001676008105e-05,0.17551949998596683,0.29348920000484213,0.09823010000400245,0.026481200009584427,0.022618799994233996,0.021030500007327646,0.020585100020980462,0.0005047000013291836
0.1,LP2 ($ 	heta $ Only),49,1267,0.0,,0,0,0,0,0.0,0.0,100.0,0.001601299998583272,0.0090601000119932,0.00012009998317807913,0.21615870000096038,0.35804880000068806,0.14903530001174659,0.023630600015167147,0.026527800015173852,0.025958400015952066,0.029565800010459498,0.0005027999868616462
0.1,LP3 ($ 	heta $ Only),0,42,0.0,,0,0,0,0,0.0,0.0,100.0,0.0020841999794356525,0.015448299993295223,0.00012659997446462512,0.23534049998852424,0.2642570000025444,0.1470866999879945,0.03633470000931993,0.026176699990173802,0.0257741000095848,0.02625240001361817,0.000595899997279048
0.1,LP3 ($ 	heta $ Only),1,43,0.0,,0,0,0,0,0.0,0.0,100.0,0.0018032999942079186,0.006391699978848919,7.479998748749495e-05,0.1429509000154212,0.3444811000081245,0.14631020001252182,0.03532759999507107,0.028975099994568154,0.026821200008271262,0.02666279999539256,0.0009741999965626746
0.1,LP3 ($ 	heta $ Only),2,45,0.0,,0,0,0,0,0.0,0.0,100.0,0.003670199977932498,0.008425399981206283,0.00012000001152046025,0.1560386000201106,0.34282830002484843,0.1291674999811221,0.026343199977418408,0.02347590000135824,0.025690500013297424,0.024872299982234836,0.0014793000009376556
0.1,LP3 ($ 	heta $ Only),3,48,0.0011131650997110534,,2,4,1,3,9.232481349988272e-05,66.66666666666667,33.33333333333333,0.004261800000676885,0.00617680000141263,0.0004417999880388379,0.18885770000633784,0.27086059999419376,0.15537779999431223,0.021304699999745935,0.02071290000458248,0.023291199991945177,0.03347789999679662,0.0009537999867461622
0.1,LP3 ($ 	heta $ Only),4,52,0.0009424280488624578,,0,3,1,2,0.00011335384198222057,80.0,20.0,0.0016234999930020422,0.009380599978612736,7.959999493323267e-05,0.16846689998055808,0.24569459998747334,0.21671969999442808,0.04399509998620488,0.026519999984884635,0.027742399979615584,0.03175970001029782,0.0009725000127218664
0.1,LP3 ($ 	heta $ Only),5,57,0.00141477062165581,,0,3,1,2,0.00012348679511862,66.66666666666667,33.33333333333333,0.0016163000254891813,0.008870799996657297,7.550002192147076e-05,0.24044870000216179,0.28124060001573525,0.2577416999847628,0.02811189999920316,0.024364499986404553,0.02757130001555197,0.0377745000005234,0.0018156000005546957
0.1,LP3 ($ 	heta $ Only),6,63,0.0005422734176754997,,0,1,1,0,5.0902486503643464e-05,20.0,80.0,0.006833999999798834,0.014574900007573888,8.769999840296805e-05,0.18840469999122433,0.3034538999781944,0.1278714000072796,0.02593559998786077,0.029712399991694838,0.026102600008016452,0.027018199994927272,0.0005043000273872167
0.1,LP3 ($ 	heta $ Only),7,70,0.0,,0,0,0,0,0.0,0.0,100.0,0.0016404000052716583,0.010328000003937632,0.00012240000069141388,0.1656860999937635,0.2732237000018358,0.22258580001653172,0.02134819998173043,0.02398139997967519,0.019260300003224984,0.021644299995386973,0.0005022999830543995
0.1,LP3 ($ 	heta $ Only),8,78,0.0009132107970975323,,0,4,2,2,9.537939225366042e-05,60.0,40.0,0.0043326999875716865,0.005376700020860881,7.079998613335192e-05,0.1764219999895431,0.4574367000022903,0.13160890000290237,0.02772099999128841,0.024300999997649342,0.028120399976614863,0.029881499998737127,0.001070300000719726
0.1,LP3 ($ 	heta $ Only),9,87,0.0006300924808029487,,0,2,0,2,4.991768084561352e-05,33.333333333333336,66.66666666666666,0.0017114999936893582,0.005354399996576831,7.179999374784529e-05,0.15876790002221242,0.28080390000832267,0.17686850001337007,0.03834709999500774,0.027780799980973825,0.022420199995394796,0.021469400002388284,0.0005093000072520226
0.1,LP3 ($ 	heta $ Only),10,97,0.0003225499079939523,,0,1,0,1,2.9322718908541118e-05,13.333333333333334,86.66666666666667,0.0016314999957103282,0.007385499979136512,0.00011590000940486789,0.15637849998893216,0.2863188000046648,0.16787989999284036,0.026343900011852384,0.02368189999833703,0.03077310000662692,0.0452899000083562,0.0011688999948091805
0.1,LP3 ($ 	heta $ Only),11,108,0.0,,0,0,0,0,0.0,0.0,100.0,0.0020921999821439385,0.01195939999888651,0.0001370999962091446,0.17934219999006018,0.3405620999983512,0.21133459999691695,0.02617410002858378,0.025398800004040822,0.02588220001780428,0.02910159999737516,0.0009851999930106103
0.1,LP3 ($ 	heta $ Only),12,120,0.0005696199379867275,,0,1,1,0,5.1783630726066145e-05,13.333333333333334,86.66666666666667,0.0018313000036869198,0.006324099987978116,0.001160600018920377,0.3472102000087034,0.3254249999881722,0.14164300000993535,0.031234399997629225,0.03165419999277219,0.02684239999507554,0.02530720000504516,0.0010340999870095402
0.1,LP3 ($ 	heta $ Only),13,133,0.0,,0,0,0,0,0.0,0.0,100.0,0.0017985000158660114,0.005601000011665747,7.429998368024826e-05,0.17976810000254773,0.3519722999772057,0.1708228999923449,0.023052600008668378,0.0271012999874074,0.026055900001665577,0.029281600000103936,0.0009687999845482409
0.1,LP3 ($ 	heta $ Only),14,147,0.001297139249789296,,0,7,3,4,0.0001388981242765737,73.33333333333333,26.66666666666667,0.0016105000104289502,0.008708399982424453,8.16000101622194e-05,0.24345709997578524,0.2955750999972224,0.15936330001568422,0.08031409999239258,0.07702910000807606,0.06561009999131784,0.04372940000030212,0.0005024000129196793
0.1,LP3 ($ 	heta $ Only),15,162,0.0,,1,0,0,0,0.0,0.0,100.0,0.004106799984583631,0.007909699983429164,0.00038910002331249416,0.1644250999961514,0.27645679999841377,0.15351940001710318,0.02249070000834763,0.0249545999977272,0.024070799991022795,0.031201600009808317,0.0009578000172041357
0.1,LP3 ($ 	heta $ Only),16,178,0.0004376009634312248,,0,1,0,1,4.3996689959583644e-05,26.666666666666668,73.33333333333333,0.0016100000066217035,0.01070009998511523,7.589999586343765e-05,0.19648300000699237,0.30090140001266263,0.1625726000056602,0.02270850000786595,0.038217399996938184,0.028398599999491125,0.025478700001258403,0.0013526999973692
0.1,LP3 ($ 	heta $ Only),17,195,0.0011511136009161036,,0,2,1,1,0.00012081392499819212,80.0,20.0,0.005344899982446805,0.007868100015912205,0.00563599998713471,0.2774834000156261,0.2747903999988921,0.15443260001484305,0.02621079998789355,0.025604399997973815,0.025693599978694692,0.03173590000369586,0.0009688000136520714
0.1,LP3 ($ 	heta $ Only),18,213,0.0,,0,0,0,0,0.0,0.0,100.0,0.0016021000046748668,0.011522999993758276,0.0002049999893642962,0.3361140000051819,0.29844640000374056,0.18341270001837984,0.029828400001861155,0.024935900000855327,0.027960200008237734,0.027889499993762,0.0006407999899238348
0.1,LP3 ($ 	heta $ Only),19,232,0.0006507138494278127,,0,3,1,2,4.899464614341351e-05,26.666666666666668,73.33333333333333,0.0016256000089924783,0.005386799981351942,7.090001599863172e-05,0.16523669997695833,0.2708390000043437,0.151868499990087,0.02785389998462051,0.029284899996127933,0.026795499987201765,0.027211799984797835,0.0005505000008270144
0.1,LP3 ($ 	heta $ Only),20,252,0.0005556997878411942,,0,2,0,2,3.7438488731003275e-05,13.333333333333334,86.66666666666667,0.00228169999900274,0.008360799984075129,7.729997741989791e-05,0.1605105999915395,0.28662930001155473,0.17056280001997948,0.044294699997408316,0.023283099988475442,0.023629700008314103,0.024039599986281246,0.0009673000022303313
0.1,LP3 ($ 	heta $ Only),21,273,0.0,,0,0,0,0,0.0,0.0,100.0,0.0016168000001925975,0.006677299999864772,7.229999755509198e-05,0.15672490000724792,0.35235699999611825,0.16715860000113025,0.023651399998925626,0.023654499993426725,0.028358500014292076,0.02751070001977496,0.0009646000107750297
0.1,LP3 ($ 	heta $ Only),22,295,0.0,,0,0,0,0,0.0,0.0,100.0,0.00469230001908727,0.006650499999523163,0.00011799999629147351,0.18292460002703592,0.3741870999801904,0.1782431000028737,0.0285075000138022,0.02962489999481477,0.032206200005020946,0.025826700002653524,0.0005099000118207186
0.1,LP3 ($ 	heta $ Only),23,318,0.0009063221010599085,,2,3,2,1,8.051729181797932e-05,40.0,60.0,0.0019125000108033419,0.006618699990212917,0.0004039999912492931,0.15310650001629256,0.29997089999960735,0.13976039999397472,0.027935200021602213,0.06450579999363981,0.09074370001326315,0.0740943000128027,0.0014050999889150262
0.1,LP3 ($ 	heta $ Only),24,342,0.0,,0,0,0,0,0.0,0.0,100.0,0.0029446000116877258,0.01242469999124296,0.0001210999907925725,0.16726449999259785,0.3448779000027571,0.13662819997989573,0.025323099980596453,0.024338599992915988,0.028779099986422807,0.02463040000293404,0.0005072999920230359
0.1,LP3 ($ 	heta $ Only),25,367,0.0,,2,0,0,0,0.0,0.0,100.0,0.005393300001742318,0.005342899996321648,0.0003843999875243753,0.1530268999922555,0.2435696999891661,0.14836240001022816,0.02542119999998249,0.022792600007960573,0.028635800001211464,0.02855799999088049,0.0013509999844245613
0.1,LP3 ($ 	heta $ Only),26,393,0.0,,0,0,0,0,0.0,0.0,100.0,0.001935300009790808,0.006543099996633828,7.180002285167575e-05,0.16450790001545101,0.2681637000059709,0.10358940000878647,0.025799600000027567,0.021516099979635328,0.02889889999642037,0.0256892999750562,0.0005044999998062849
0.1,LP3 ($ 	heta $ Only),27,420,0.0015640658686063523,,0,3,0,3,0.00015080006772106195,73.33333333333333,26.66666666666667,0.004590500000631437,0.0059800999879371375,0.00012260000221431255,0.16218060001847334,0.27176639999379404,0.21227009998983704,0.04832680002436973,0.03644719999283552,0.023705300001893193,0.02764070002012886,0.0009703999967314303
0.1,LP3 ($ 	heta $ Only),28,448,0.0,,0,0,0,0,0.0,0.0,100.0,0.0015899999998509884,0.007870599976740777,7.559999357908964e-05,0.16378070000791922,0.29477639999822713,0.1547718000074383,0.025141799997072667,0.024509099981514737,0.04547750001074746,0.02947930002119392,0.0009744999988470227
0.1,LP3 ($ 	heta $ Only),29,477,0.0,,1,0,0,0,0.0,0.0,100.0,0.0016441000043414533,0.009482399997068569,0.0004403000057209283,0.16849539999384433,0.40676990000065416,0.23254679999081418,0.026043099991511554,0.02396960000623949,0.02395139998407103,0.025590999983251095,0.0005077999958302826
0.1,LP3 ($ 	heta $ Only),30,507,0.0007089924758641562,,0,1,0,1,7.354477053310512e-05,26.666666666666668,73.33333333333333,0.0020901000243611634,0.007635399990249425,7.54999928176403e-05,0.17669190000742674,0.36400919998413883,0.34509479999542236,0.035477900004480034,0.03418399998918176,0.036596200021449476,0.024684400006663054,0.0009731999889481813
0.1,LP3 ($ 	heta $ Only),31,538,0.0012350983808310954,,0,6,3,3,0.00010997543774492636,53.333333333333336,46.666666666666664,0.009091600019019097,0.012538599985418841,7.609999738633633e-05,0.17486099997768179,0.3532009999908041,0.143263299978571,0.026214199984679,0.02991819998715073,0.03071500000078231,0.0340913999825716,0.0005020999815315008
0.1,LP3 ($ 	heta $ Only),32,570,0.0,,0,0,0,0,0.0,0.0,100.0,0.0016406999784521759,0.008182300021871924,0.00017479999223724008,0.17023519999929704,0.2952149999910034,0.13616160000674427,0.026475399994524196,0.02945429997635074,0.026825500011909753,0.026072500011650845,0.0005135000101290643
0.1,LP3 ($ 	heta $ Only),33,603,0.0018619119203956789,,0,6,1,5,0.00015538996442877802,80.0,20.0,0.0016564000106882304,0.0063265000062529,7.51999905332923e-05,0.15193449999787845,0.47007909999229014,0.11836729999049567,0.026352899993071333,0.02634119999129325,0.03738880000310019,0.05715629999758676,0.000908499991055578
0.1,LP3 ($ 	heta $ Only),34,637,0.0013909238842152582,,0,5,1,4,0.00012394917466860314,60.0,40.0,0.0032184000010602176,0.010565900010988116,0.00012680000509135425,0.18555530000594445,0.2776292999915313,0.11308139999164268,0.03091070000664331,0.028124499978730455,0.022992099984548986,0.030361899989657104,0.0005033999914303422
0.1,LP3 ($ 	heta $ Only),35,672,0.0,,0,0,0,0,0.0,0.0,100.0,0.001795099989976734,0.009404400014318526,0.00012959999730810523,0.14757729999837466,0.3990765000053216,0.1703202000062447,0.026170400000410154,0.030101100011961535,0.029897700005676597,0.02866450001602061,0.0005341999931260943
0.1,LP3 ($ 	heta $ Only),36,708,0.0004617189580983747,,0,2,1,1,4.197445073621588e-05,20.0,80.0,0.0025301999994553626,0.008834399981424212,7.660000119358301e-05,0.17130050002015196,0.29964270000346005,0.11321670000324957,0.02653400000417605,0.026912500004982576,0.027580800000578165,0.02328200000920333,0.0009649999847169966
0.1,LP3 ($ 	heta $ Only),37,745,0.0014834891166184687,,0,4,1,3,0.00011009537363979427,80.0,20.0,0.0016567999846301973,0.008999799989396706,0.00011989998165518045,0.35045090000494383,0.28261910000583157,0.14682209998136386,0.021735699992859736,0.020525799976894632,0.025093100004596636,0.03904370000236668,0.0015562000044155866
0.1,LP3 ($ 	heta $ Only),38,783,0.0,,0,0,0,0,0.0,0.0,100.0,0.0061969000089447945,0.006692499999189749,7.839998579584062e-05,0.1749483000021428,0.3217836999974679,0.18802239999058656,0.030090499989455566,0.026144100003875792,0.025656500016339123,0.02460490001249127,0.0016069000121206045
0.1,LP3 ($ 	heta $ Only),39,822,0.0,,0,0,0,0,0.0,0.0,100.0,0.00533380001434125,0.006853400002000853,7.280000136233866e-05,0.17224400001578033,0.2719789000111632,0.12232729999232106,0.026601600024150684,0.026118000008864328,0.026672499981941655,0.028335199982393533,0.0009938000002875924
0.1,LP3 ($ 	heta $ Only),40,862,0.0009675634591869541,,0,5,1,4,6.8674563582222e-05,33.333333333333336,66.66666666666666,0.0016336000117007643,0.008945199981098995,0.0001370999962091446,0.15205050000804476,0.34832200000528246,0.12388880000798963,0.030637599993497133,0.027100800012703985,0.023581499990541488,0.02614310002536513,0.0009845999884419143
0.1,LP3 ($ 	heta $ Only),41,903,0.0013597172829509065,,0,6,1,5,0.0001292841683253375,86.66666666666667,13.333333333333329,0.0016190999886021018,0.005869699991308153,7.090001599863172e-05,0.15159159997710958,0.28318769999896176,0.126359699992463,0.025812800013227388,0.026203000015811995,0.03001300001051277,0.029052099998807535,0.0005064000142738223
0.1,LP3 ($ 	heta $ Only),42,945,0.0,,0,0,0,0,0.0,0.0,100.0,0.001885500008938834,0.007702999981120229,0.00015949999215081334,0.16864869999699295,0.28495249999105,0.1503894999914337,0.021996299998136237,0.020536199997877702,0.02133970000431873,0.020435100013855845,0.0005004999984521419
0.1,LP3 ($ 	heta $ Only),43,988,0.0,,0,0,0,0,0.0,0.0,100.0,0.005358499998692423,0.005580299999564886,7.440001354552805e-05,0.2537450999952853,0.3965137999912258,0.32184759998926893,0.02503289998276159,0.023581799992825836,0.025910000025760382,0.02791499998420477,0.0009688999853096902
0.1,LP3 ($ 	heta $ Only),44,1032,0.0,,0,0,0,0,0.0,0.0,100.0,0.0016171000024769455,0.009628500003600493,0.00013719999697059393,0.16506780000054277,0.2777341000037268,0.18826910000643693,0.02470549999270588,0.02236159998574294,0.020527299988316372,0.023353900003712624,0.0012485000188462436
0.1,LP3 ($ 	heta $ Only),45,1077,0.0,,0,0,0,0,0.0,0.0,100.0,0.004449100000783801,0.006458699994254857,8.079997496679425e-05,0.17565940000349656,0.306053799984511,0.18963629999780096,0.02814170002238825,0.02318580000428483,0.02653119998285547,0.022906400001375005,0.0009695000189822167
0.1,LP3 ($ 	heta $ Only),46,1123,0.001175923609081214,,0,4,0,4,0.0001185493952240132,66.66666666666667,33.33333333333333,0.002069299982395023,0.008757400006288663,0.00012229999992996454,0.16108839999651536,0.27249239999218844,0.13800450001144782,0.027591399993980303,0.026558199984719977,0.04116359999170527,0.037841100012883544,0.0009743999980855733
0.1,LP3 ($ 	heta $ Only),47,1170,0.0,,0,0,0,0,3.197442310920451e-14,6.666666666666667,93.33333333333333,0.0076948000059928745,0.020321000018157065,0.0001269000058528036,0.4563736999989487,0.30992860000696965,0.20578599997679703,0.029641400004038587,0.023066300025675446,0.02777099999366328,0.02341389999492094,0.0006189999985508621
0.1,LP3 ($ 	heta $ Only),48,1218,0.0,,0,0,0,0,0.0,0.0,100.0,0.00742280000122264,0.005346099991584197,7.100001676008105e-05,0.17551949998596683,0.29348920000484213,0.09823010000400245,0.026481200009584427,0.022618799994233996,0.021030500007327646,0.020585100020980462,0.0005047000013291836
0.1,LP3 ($ 	heta $ Only),49,1267,0.0,,0,0,0,0,0.0,0.0,100.0,0.001601299998583272,0.0090601000119932,0.00012009998317807913,0.21615870000096038,0.35804880000068806,0.14903530001174659,0.023630600015167147,0.026527800015173852,0.025958400015952066,0.029565800010459498,0.0005027999868616462
0.1,Weighted LP3 ($ 	heta $ Only),0,42,0.0,,0,0,0,0,0.0,0.0,100.0,0.0020841999794356525,0.015448299993295223,0.00012659997446462512,0.23534049998852424,0.2642570000025444,0.1470866999879945,0.03633470000931993,0.026176699990173802,0.0257741000095848,0.02625240001361817,0.000595899997279048
0.1,Weighted LP3 ($ 	heta $ Only),1,43,0.0,,0,0,0,0,0.0,0.0,100.0,0.0018032999942079186,0.006391699978848919,7.479998748749495e-05,0.1429509000154212,0.3444811000081245,0.14631020001252182,0.03532759999507107,0.028975099994568154,0.026821200008271262,0.02666279999539256,0.0009741999965626746
0.1,Weighted LP3 ($ 	heta $ Only),2,45,0.0,,0,0,0,0,0.0,0.0,100.0,0.003670199977932498,0.008425399981206283,0.00012000001152046025,0.1560386000201106,0.34282830002484843,0.1291674999811221,0.026343199977418408,0.02347590000135824,0.025690500013297424,0.024872299982234836,0.0014793000009376556
0.1,Weighted LP3 ($ 	heta $ Only),3,48,0.000865338390972516,,2,3,1,2,9.321802418875977e-05,40.0,60.0,0.004261800000676885,0.00617680000141263,0.0004417999880388379,0.18885770000633784,0.27086059999419376,0.15537779999431223,0.021304699999745935,0.02071290000458248,0.023291199991945177,0.03347789999679662,0.0009537999867461622
0.1,Weighted LP3 ($ 	heta $ Only),4,52,0.0007001264133241068,,0,3,0,3,0.00010208102522241307,73.33333333333333,26.66666666666667,0.0016234999930020422,0.009380599978612736,7.959999493323267e-05,0.16846689998055808,0.24569459998747334,0.21671969999442808,0.04399509998620488,0.026519999984884635,0.027742399979615584,0.03175970001029782,0.0009725000127218664
0.1,Weighted LP3 ($ 	heta $ Only),5,57,0.0011069904064862051,,0,3,1,2,0.0001233216738181941,60.0,40.0,0.0016163000254891813,0.008870799996657297,7.550002192147076e-05,0.24044870000216179,0.28124060001573525,0.2577416999847628,0.02811189999920316,0.024364499986404553,0.02757130001555197,0.0377745000005234,0.0018156000005546957
0.1,Weighted LP3 ($ 	heta $ Only),6,63,0.0005336734224939718,,0,1,1,0,5.18499654273331e-05,20.0,80.0,0.006833999999798834,0.014574900007573888,8.769999840296805e-05,0.18840469999122433,0.3034538999781944,0.1278714000072796,0.02593559998786077,0.029712399991694838,0.026102600008016452,0.027018199994927272,0.0005043000273872167
0.1,Weighted LP3 ($ 	heta $ Only),7,70,0.0,,0,0,0,0,0.0,0.0,100.0,0.0016404000052716583,0.010328000003937632,0.00012240000069141388,0.1656860999937635,0.2732237000018358,0.22258580001653172,0.02134819998173043,0.02398139997967519,0.019260300003224984,0.021644299995386973,0.0005022999830543995
0.1,Weighted LP3 ($ 	heta $ Only),8,78,0.0007307299808648571,,0,4,2,2,9.537939225366042e-05,60.0,40.0,0.0043326999875716865,0.005376700020860881,7.079998613335192e-05,0.1764219999895431,0.4574367000022903,0.13160890000290237,0.02772099999128841,0.024300999997649342,0.028120399976614863,0.029881499998737127,0.001070300000719726
0.1,Weighted LP3 ($ 	heta $ Only),9,87,0.00045342228296255176,,0,3,0,3,4.9692597253718e-05,20.0,80.0,0.0017114999936893582,0.005354399996576831,7.179999374784529e-05,0.15876790002221242,0.28080390000832267,0.17686850001337007,0.03834709999500774,0.027780799980973825,0.022420199995394796,0.021469400002388284,0.0005093000072520226
0.1,Weighted LP3 ($ 	heta $ Only),10,97,0.00022480751163214856,,0,1,0,1,2.9322718908541118e-05,13.333333333333334,86.66666666666667,0.0016314999957103282,0.007385499979136512,0.00011590000940486789,0.15637849998893216,0.2863188000046648,0.16787989999284036,0.026343900011852384,0.02368189999833703,0.03077310000662692,0.0452899000083562,0.0011688999948091805
0.1,Weighted LP3 ($ 	heta $ Only),11,108,0.0,,0,0,0,0,0.0,0.0,100.0,0.0020921999821439385,0.01195939999888651,0.0001370999962091446,0.17934219999006018,0.3405620999983512,0.21133459999691695,0.02617410002858378,0.025398800004040822,0.02588220001780428,0.02910159999737516,0.0009851999930106103
0.1,Weighted LP3 ($ 	heta $ Only),12,120,0.0005317250150186394,,0,2,1,1,5.2815730003672943e-05,20.0,80.0,0.0018313000036869198,0.006324099987978116,0.001160600018920377,0.3472102000087034,0.3254249999881722,0.14164300000993535,0.031234399997629225,0.03165419999277219,0.02684239999507554,0.02530720000504516,0.0010340999870095402
0.1,Weighted LP3 ($ 	heta $ Only),13,133,0.0,,0,0,0,0,0.0,0.0,100.0,0.0017985000158660114,0.005601000011665747,7.429998368024826e-05,0.17976810000254773,0.3519722999772057,0.1708228999923449,0.023052600008668378,0.0271012999874074,0.026055900001665577,0.029281600000103936,0.0009687999845482409
0.1,Weighted LP3 ($ 	heta $ Only),14,147,0.0010922566502916046,,0,6,2,4,0.00013079744453429364,86.66666666666667,13.333333333333329,0.0016105000104289502,0.008708399982424453,8.16000101622194e-05,0.24345709997578524,0.2955750999972224,0.15936330001568422,0.08031409999239258,0.07702910000807606,0.06561009999131784,0.04372940000030212,0.0005024000129196793
0.1,Weighted LP3 ($ 	heta $ Only),15,162,0.0,,1,0,0,0,0.0,0.0,100.0,0.004106799984583631,0.007909699983429164,0.00038910002331249416,0.1644250999961514,0.27645679999841377,0.15351940001710318,0.02249070000834763,0.0249545999977272,0.024070799991022795,0.031201600009808317,0.0009578000172041357
0.1,Weighted LP3 ($ 	heta $ Only),16,178,0.0003063995389406777,,0,1,0,1,4.3996689959583644e-05,26.666666666666668,73.33333333333333,0.0016100000066217035,0.01070009998511523,7.589999586343765e-05,0.19648300000699237,0.30090140001266263,0.1625726000056602,0.02270850000786595,0.038217399996938184,0.028398599999491125,0.025478700001258403,0.0013526999973692
0.1,Weighted LP3 ($ 	heta $ Only),17,195,0.0008886838413723868,,0,3,1,2,0.00011376090420181835,73.33333333333333,26.66666666666667,0.005344899982446805,0.007868100015912205,0.00563599998713471,0.2774834000156261,0.2747903999988921,0.15443260001484305,0.02621079998789355,0.025604399997973815,0.025693599978694692,0.03173590000369586,0.0009688000136520714
0.1,Weighted LP3 ($ 	heta $ Only),18,213,0.0,,0,0,0,0,0.0,0.0,100.0,0.0016021000046748668,0.011522999993758276,0.0002049999893642962,0.3361140000051819,0.29844640000374056,0.18341270001837984,0.029828400001861155,0.024935900000855327,0.027960200008237734,0.027889499993762,0.0006407999899238348
0.1,Weighted LP3 ($ 	heta $ Only),19,232,0.00046598514962714545,,0,2,0,2,4.436980132803533e-05,20.0,80.0,0.0016256000089924783,0.005386799981351942,7.090001599863172e-05,0.16523669997695833,0.2708390000043437,0.151868499990087,0.02785389998462051,0.029284899996127933,0.026795499987201765,0.027211799984797835,0.0005505000008270144
0.1,Weighted LP3 ($ 	heta $ Only),20,252,0.00038317962689836014,,0,2,0,2,3.7713915180559776e-05,6.666666666666667,93.33333333333333,0.00228169999900274,0.008360799984075129,7.729997741989791e-05,0.1605105999915395,0.28662930001155473,0.17056280001997948,0.044294699997408316,0.023283099988475442,0.023629700008314103,0.024039599986281246,0.0009673000022303313
0.1,Weighted LP3 ($ 	heta $ Only),21,273,0.0,,0,0,0,0,0.0,0.0,100.0,0.0016168000001925975,0.006677299999864772,7.229999755509198e-05,0.15672490000724792,0.35235699999611825,0.16715860000113025,0.023651399998925626,0.023654499993426725,0.028358500014292076,0.02751070001977496,0.0009646000107750297
0.1,Weighted LP3 ($ 	heta $ Only),22,295,0.0,,0,0,0,0,0.0,0.0,100.0,0.00469230001908727,0.006650499999523163,0.00011799999629147351,0.18292460002703592,0.3741870999801904,0.1782431000028737,0.0285075000138022,0.02962489999481477,0.032206200005020946,0.025826700002653524,0.0005099000118207186
0.1,Weighted LP3 ($ 	heta $ Only),23,318,0.0008622539213199484,,2,4,2,2,7.337279871695624e-05,46.666666666666664,53.333333333333336,0.0019125000108033419,0.006618699990212917,0.0004039999912492931,0.15310650001629256,0.29997089999960735,0.13976039999397472,0.027935200021602213,0.06450579999363981,0.09074370001326315,0.0740943000128027,0.0014050999889150262
0.1,Weighted LP3 ($ 	heta $ Only),24,342,0.0,,0,0,0,0,0.0,0.0,100.0,0.0029446000116877258,0.01242469999124296,0.0001210999907925725,0.16726449999259785,0.3448779000027571,0.13662819997989573,0.025323099980596453,0.024338599992915988,0.028779099986422807,0.02463040000293404,0.0005072999920230359
0.1,Weighted LP3 ($ 	heta $ Only),25,367,0.0,,2,0,0,0,0.0,0.0,100.0,0.005393300001742318,0.005342899996321648,0.0003843999875243753,0.1530268999922555,0.2435696999891661,0.14836240001022816,0.02542119999998249,0.022792600007960573,0.028635800001211464,0.02855799999088049,0.0013509999844245613
0.1,Weighted LP3 ($ 	heta $ Only),26,393,0.0,,0,0,0,0,0.0,0.0,100.0,0.001935300009790808,0.006543099996633828,7.180002285167575e-05,0.16450790001545101,0.2681637000059709,0.10358940000878647,0.025799600000027567,0.021516099979635328,0.02889889999642037,0.0256892999750562,0.0005044999998062849
0.1,Weighted LP3 ($ 	heta $ Only),27,420,0.0011712573245364587,,0,3,0,3,0.00014328911983355606,66.66666666666667,33.33333333333333,0.004590500000631437,0.0059800999879371375,0.00012260000221431255,0.16218060001847334,0.27176639999379404,0.21227009998983704,0.04832680002436973,0.03644719999283552,0.023705300001893193,0.02764070002012886,0.0009703999967314303
0.1,Weighted LP3 ($ 	heta $ Only),28,448,0.0,,0,0,0,0,0.0,0.0,100.0,0.0015899999998509884,0.007870599976740777,7.559999357908964e-05,0.16378070000791922,0.29477639999822713,0.1547718000074383,0.025141799997072667,0.024509099981514737,0.04547750001074746,0.02947930002119392,0.0009744999988470227
0.1,Weighted LP3 ($ 	heta $ Only),29,477,0.0,,1,0,0,0,0.0,0.0,100.0,0.0016441000043414533,0.009482399997068569,0.0004403000057209283,0.16849539999384433,0.40676990000065416,0.23254679999081418,0.026043099991511554,0.02396960000623949,0.02395139998407103,0.025590999983251095,0.0005077999958302826
0.1,Weighted LP3 ($ 	heta $ Only),30,507,0.0005297504738750072,,0,1,0,1,7.354477053310512e-05,26.666666666666668,73.33333333333333,0.0020901000243611634,0.007635399990249425,7.54999928176403e-05,0.17669190000742674,0.36400919998413883,0.34509479999542236,0.035477900004480034,0.03418399998918176,0.036596200021449476,0.024684400006663054,0.0009731999889481813
0.1,Weighted LP3 ($ 	heta $ Only),31,538,0.0009980640289072777,,0,6,3,3,0.00010997543774492636,53.333333333333336,46.666666666666664,0.009091600019019097,0.012538599985418841,7.609999738633633e-05,0.17486099997768179,0.3532009999908041,0.143263299978571,0.026214199984679,0.02991819998715073,0.03071500000078231,0.0340913999825716,0.0005020999815315008
0.1,Weighted LP3 ($ 	heta $ Only),32,570,0.0,,0,0,0,0,0.0,0.0,100.0,0.0016406999784521759,0.008182300021871924,0.00017479999223724008,0.17023519999929704,0.2952149999910034,0.13616160000674427,0.026475399994524196,0.02945429997635074,0.026825500011909753,0.026072500011650845,0.0005135000101290643
0.1,Weighted LP3 ($ 	heta $ Only),33,603,0.0013890330108834263,,0,7,1,6,0.00015465161706537927,60.0,40.0,0.0016564000106882304,0.0063265000062529,7.51999905332923e-05,0.15193449999787845,0.47007909999229014,0.11836729999049567,0.026352899993071333,0.02634119999129325,0.03738880000310019,0.05715629999758676,0.000908499991055578
0.1,Weighted LP3 ($ 	heta $ Only),34,637,0.0010090283254605807,,0,4,0,4,0.00012730069628133302,73.33333333333333,26.66666666666667,0.0032184000010602176,0.010565900010988116,0.00012680000509135425,0.18555530000594445,0.2776292999915313,0.11308139999164268,0.03091070000664331,0.028124499978730455,0.022992099984548986,0.030361899989657104,0.0005033999914303422
0.1,Weighted LP3 ($ 	heta $ Only),35,672,0.0,,0,0,0,0,0.0,0.0,100.0,0.001795099989976734,0.009404400014318526,0.00012959999730810523,0.14757729999837466,0.3990765000053216,0.1703202000062447,0.026170400000410154,0.030101100011961535,0.029897700005676597,0.02866450001602061,0.0005341999931260943
0.1,Weighted LP3 ($ 	heta $ Only),36,708,0.00036629351599097256,,0,2,1,1,4.276700438693255e-05,20.0,80.0,0.0025301999994553626,0.008834399981424212,7.660000119358301e-05,0.17130050002015196,0.29964270000346005,0.11321670000324957,0.02653400000417605,0.026912500004982576,0.027580800000578165,0.02328200000920333,0.0009649999847169966
0.1,Weighted LP3 ($ 	heta $ Only),37,745,0.0010409986416908049,,0,5,0,5,9.514025267365198e-05,73.33333333333333,26.66666666666667,0.0016567999846301973,0.008999799989396706,0.00011989998165518045,0.35045090000494383,0.28261910000583157,0.14682209998136386,0.021735699992859736,0.020525799976894632,0.025093100004596636,0.03904370000236668,0.0015562000044155866
0.1,Weighted LP3 ($ 	heta $ Only),38,783,0.0,,0,0,0,0,0.0,0.0,100.0,0.0061969000089447945,0.006692499999189749,7.839998579584062e-05,0.1749483000021428,0.3217836999974679,0.18802239999058656,0.030090499989455566,0.026144100003875792,0.025656500016339123,0.02460490001249127,0.0016069000121206045
0.1,Weighted LP3 ($ 	heta $ Only),39,822,0.0,,0,0,0,0,0.0,0.0,100.0,0.00533380001434125,0.006853400002000853,7.280000136233866e-05,0.17224400001578033,0.2719789000111632,0.12232729999232106,0.026601600024150684,0.026118000008864328,0.026672499981941655,0.028335199982393533,0.0009938000002875924
0.1,Weighted LP3 ($ 	heta $ Only),40,862,0.0007112319583736945,,0,4,0,4,7.169152156108813e-05,40.0,60.0,0.0016336000117007643,0.008945199981098995,0.0001370999962091446,0.15205050000804476,0.34832200000528246,0.12388880000798963,0.030637599993497133,0.027100800012703985,0.023581499990541488,0.02614310002536513,0.0009845999884419143
0.1,Weighted LP3 ($ 	heta $ Only),41,903,0.0009899830538490672,,0,6,1,5,0.00010798631655910432,73.33333333333333,26.66666666666667,0.0016190999886021018,0.005869699991308153,7.090001599863172e-05,0.15159159997710958,0.28318769999896176,0.126359699992463,0.025812800013227388,0.026203000015811995,0.03001300001051277,0.029052099998807535,0.0005064000142738223
0.1,Weighted LP3 ($ 	heta $ Only),42,945,0.0,,0,0,0,0,0.0,0.0,100.0,0.001885500008938834,0.007702999981120229,0.00015949999215081334,0.16864869999699295,0.28495249999105,0.1503894999914337,0.021996299998136237,0.020536199997877702,0.02133970000431873,0.020435100013855845,0.0005004999984521419
0.1,Weighted LP3 ($ 	heta $ Only),43,988,0.0,,0,0,0,0,0.0,0.0,100.0,0.005358499998692423,0.005580299999564886,7.440001354552805e-05,0.2537450999952853,0.3965137999912258,0.32184759998926893,0.02503289998276159,0.023581799992825836,0.025910000025760382,0.02791499998420477,0.0009688999853096902
0.1,Weighted LP3 ($ 	heta $ Only),44,1032,0.0,,0,0,0,0,0.0,0.0,100.0,0.0016171000024769455,0.009628500003600493,0.00013719999697059393,0.16506780000054277,0.2777341000037268,0.18826910000643693,0.02470549999270588,0.02236159998574294,0.020527299988316372,0.023353900003712624,0.0012485000188462436
0.1,Weighted LP3 ($ 	heta $ Only),45,1077,0.0,,0,0,0,0,0.0,0.0,100.0,0.004449100000783801,0.006458699994254857,8.079997496679425e-05,0.17565940000349656,0.306053799984511,0.18963629999780096,0.02814170002238825,0.02318580000428483,0.02653119998285547,0.022906400001375005,0.0009695000189822167
0.1,Weighted LP3 ($ 	heta $ Only),46,1123,0.0008181669979422693,,0,4,0,4,9.963251878905802e-05,46.666666666666664,53.333333333333336,0.002069299982395023,0.008757400006288663,0.00012229999992996454,0.16108839999651536,0.27249239999218844,0.13800450001144782,0.027591399993980303,0.026558199984719977,0.04116359999170527,0.037841100012883544,0.0009743999980855733
0.1,Weighted LP3 ($ 	heta $ Only),47,1170,0.0,,0,0,0,0,3.197442310920451e-14,6.666666666666667,93.33333333333333,0.0076948000059928745,0.020321000018157065,0.0001269000058528036,0.4563736999989487,0.30992860000696965,0.20578599997679703,0.029641400004038587,0.023066300025675446,0.02777099999366328,0.02341389999492094,0.0006189999985508621
0.1,Weighted LP3 ($ 	heta $ Only),48,1218,0.0,,0,0,0,0,0.0,0.0,100.0,0.00742280000122264,0.005346099991584197,7.100001676008105e-05,0.17551949998596683,0.29348920000484213,0.09823010000400245,0.026481200009584427,0.022618799994233996,0.021030500007327646,0.020585100020980462,0.0005047000013291836
0.1,Weighted LP3 ($ 	heta $ Only),49,1267,0.0,,0,0,0,0,0.0,0.0,100.0,0.001601299998583272,0.0090601000119932,0.00012009998317807913,0.21615870000096038,0.35804880000068806,0.14903530001174659,0.023630600015167147,0.026527800015173852,0.025958400015952066,0.029565800010459498,0.0005027999868616462
0.1,Borda LP3 ($ 	heta $ Only),0,42,0.0,,0,0,0,0,0.0,0.0,100.0,0.0020841999794356525,0.015448299993295223,0.00012659997446462512,0.23534049998852424,0.2642570000025444,0.1470866999879945,0.03633470000931993,0.026176699990173802,0.0257741000095848,0.02625240001361817,0.000595899997279048
0.1,Borda LP3 ($ 	heta $ Only),1,43,0.0,,0,0,0,0,0.0,0.0,100.0,0.0018032999942079186,0.006391699978848919,7.479998748749495e-05,0.1429509000154212,0.3444811000081245,0.14631020001252182,0.03532759999507107,0.028975099994568154,0.026821200008271262,0.02666279999539256,0.0009741999965626746
0.1,Borda LP3 ($ 	heta $ Only),2,45,0.0,,0,0,0,0,0.0,0.0,100.0,0.003670199977932498,0.008425399981206283,0.00012000001152046025,0.1560386000201106,0.34282830002484843,0.1291674999811221,0.026343199977418408,0.02347590000135824,0.025690500013297424,0.024872299982234836,0.0014793000009376556
0.1,Borda LP3 ($ 	heta $ Only),3,48,0.0011131650997110534,,2,4,1,3,9.232481349988272e-05,66.66666666666667,33.33333333333333,0.004261800000676885,0.00617680000141263,0.0004417999880388379,0.18885770000633784,0.27086059999419376,0.15537779999431223,0.021304699999745935,0.02071290000458248,0.023291199991945177,0.03347789999679662,0.0009537999867461622
0.1,Borda LP3 ($ 	heta $ Only),4,52,0.0006169650279110384,,0,3,1,2,8.907105608869338e-05,40.0,60.0,0.0016234999930020422,0.009380599978612736,7.959999493323267e-05,0.16846689998055808,0.24569459998747334,0.21671969999442808,0.04399509998620488,0.026519999984884635,0.027742399979615584,0.03175970001029782,0.0009725000127218664
0.1,Borda LP3 ($ 	heta $ Only),5,57,0.0013506121517734941,,0,3,0,3,0.00013126058915062915,73.33333333333333,26.66666666666667,0.0016163000254891813,0.008870799996657297,7.550002192147076e-05,0.24044870000216179,0.28124060001573525,0.2577416999847628,0.02811189999920316,0.024364499986404553,0.02757130001555197,0.0377745000005234,0.0018156000005546957
0.1,Borda LP3 ($ 	heta $ Only),6,63,0.0005422734176754997,,0,1,1,0,5.0902486503643464e-05,20.0,80.0,0.006833999999798834,0.014574900007573888,8.769999840296805e-05,0.18840469999122433,0.3034538999781944,0.1278714000072796,0.02593559998786077,0.029712399991694838,0.026102600008016452,0.027018199994927272,0.0005043000273872167
0.1,Borda LP3 ($ 	heta $ Only),7,70,0.0,,0,0,0,0,0.0,0.0,100.0,0.0016404000052716583,0.010328000003937632,0.00012240000069141388,0.1656860999937635,0.2732237000018358,0.22258580001653172,0.02134819998173043,0.02398139997967519,0.019260300003224984,0.021644299995386973,0.0005022999830543995
0.1,Borda LP3 ($ 	heta $ Only),8,78,0.0009132107970975323,,0,4,2,2,9.537939225366042e-05,60.0,40.0,0.0043326999875716865,0.005376700020860881,7.079998613335192e-05,0.1764219999895431,0.4574367000022903,0.13160890000290237,0.02772099999128841,0.024300999997649342,0.028120399976614863,0.029881499998737127,0.001070300000719726
0.1,Borda LP3 ($ 	heta $ Only),9,87,0.000452961989946924,,0,3,0,3,6.958235930488893e-05,33.333333333333336,66.66666666666666,0.0017114999936893582,0.005354399996576831,7.179999374784529e-05,0.15876790002221242,0.28080390000832267,0.17686850001337007,0.03834709999500774,0.027780799980973825,0.022420199995394796,0.021469400002388284,0.0005093000072520226
0.1,Borda LP3 ($ 	heta $ Only),10,97,2.932271890854117e-05,,0,1,0,1,2.932271890854117e-05,13.333333333333334,86.66666666666667,0.0016314999957103282,0.007385499979136512,0.00011590000940486789,0.15637849998893216,0.2863188000046648,0.16787989999284036,0.026343900011852384,0.02368189999833703,0.03077310000662692,0.0452899000083562,0.0011688999948091805
0.1,Borda LP3 ($ 	heta $ Only),11,108,0.0,,0,0,0,0,0.0,0.0,100.0,0.0020921999821439385,0.01195939999888651,0.0001370999962091446,0.17934219999006018,0.3405620999983512,0.21133459999691695,0.02617410002858378,0.025398800004040822,0.02588220001780428,0.02910159999737516,0.0009851999930106103
0.1,Borda LP3 ($ 	heta $ Only),12,120,0.0005696199379867275,,0,1,1,0,5.1783630726066145e-05,13.333333333333334,86.66666666666667,0.0018313000036869198,0.006324099987978116,0.001160600018920377,0.3472102000087034,0.3254249999881722,0.14164300000993535,0.031234399997629225,0.03165419999277219,0.02684239999507554,0.02530720000504516,0.0010340999870095402
0.1,Borda LP3 ($ 	heta $ Only),13,133,0.0,,0,0,0,0,0.0,0.0,100.0,0.0017985000158660114,0.005601000011665747,7.429998368024826e-05,0.17976810000254773,0.3519722999772057,0.1708228999923449,0.023052600008668378,0.0271012999874074,0.026055900001665577,0.029281600000103936,0.0009687999845482409
0.1,Borda LP3 ($ 	heta $ Only),14,147,0.0010188944608135557,,0,4,3,1,0.00011619599051816199,46.666666666666664,53.333333333333336,0.0016105000104289502,0.008708399982424453,8.16000101622194e-05,0.24345709997578524,0.2955750999972224,0.15936330001568422,0.08031409999239258,0.07702910000807606,0.06561009999131784,0.04372940000030212,0.0005024000129196793
0.1,Borda LP3 ($ 	heta $ Only),15,162,0.0,,1,0,0,0,0.0,0.0,100.0,0.004106799984583631,0.007909699983429164,0.00038910002331249416,0.1644250999961514,0.27645679999841377,0.15351940001710318,0.02249070000834763,0.0249545999977272,0.024070799991022795,0.031201600009808317,0.0009578000172041357
0.1,Borda LP3 ($ 	heta $ Only),16,178,0.0004376009634312248,,0,1,0,1,4.3996689959583644e-05,26.666666666666668,73.33333333333333,0.0016100000066217035,0.01070009998511523,7.589999586343765e-05,0.19648300000699237,0.30090140001266263,0.1625726000056602,0.02270850000786595,0.038217399996938184,0.028398599999491125,0.025478700001258403,0.0013526999973692
0.1,Borda LP3 ($ 	heta $ Only),17,195,0.0011511136009161036,,0,2,1,1,0.00012081392499819212,80.0,20.0,0.005344899982446805,0.007868100015912205,0.00563599998713471,0.2774834000156261,0.2747903999988921,0.15443260001484305,0.02621079998789355,0.025604399997973815,0.025693599978694692,0.03173590000369586,0.0009688000136520714
0.1,Borda LP3 ($ 	heta $ Only),18,213,0.0,,0,0,0,0,0.0,0.0,100.0,0.0016021000046748668,0.011522999993758276,0.0002049999893642962,0.3361140000051819,0.29844640000374056,0.18341270001837984,0.029828400001861155,0.024935900000855327,0.027960200008237734,0.027889499993762,0.0006407999899238348
0.1,Borda LP3 ($ 	heta $ Only),19,232,0.0006274073079697409,,0,3,0,3,5.396662817848599e-05,33.333333333333336,66.66666666666666,0.0016256000089924783,0.005386799981351942,7.090001599863172e-05,0.16523669997695833,0.2708390000043437,0.151868499990087,0.02785389998462051,0.029284899996127933,0.026795499987201765,0.027211799984797835,0.0005505000008270144
0.1,Borda LP3 ($ 	heta $ Only),20,252,0.00012773465404356,,0,1,0,1,0.00012773465404356,13.333333333333334,86.66666666666667,0.00228169999900274,0.008360799984075129,7.729997741989791e-05,0.1605105999915395,0.28662930001155473,0.17056280001997948,0.044294699997408316,0.023283099988475442,0.023629700008314103,0.024039599986281246,0.0009673000022303313
0.1,Borda LP3 ($ 	heta $ Only),21,273,0.0,,0,0,0,0,0.0,0.0,100.0,0.0016168000001925975,0.006677299999864772,7.229999755509198e-05,0.15672490000724792,0.35235699999611825,0.16715860000113025,0.023651399998925626,0.023654499993426725,0.028358500014292076,0.02751070001977496,0.0009646000107750297
0.1,Borda LP3 ($ 	heta $ Only),22,295,0.0,,0,0,0,0,0.0,0.0,100.0,0.00469230001908727,0.006650499999523163,0.00011799999629147351,0.18292460002703592,0.3741870999801904,0.1782431000028737,0.0285075000138022,0.02962489999481477,0.032206200005020946,0.025826700002653524,0.0005099000118207186
0.1,Borda LP3 ($ 	heta $ Only),23,318,0.0007086186241561276,,2,4,2,2,7.299333691740864e-05,33.333333333333336,66.66666666666666,0.0019125000108033419,0.006618699990212917,0.0004039999912492931,0.15310650001629256,0.29997089999960735,0.13976039999397472,0.027935200021602213,0.06450579999363981,0.09074370001326315,0.0740943000128027,0.0014050999889150262
0.1,Borda LP3 ($ 	heta $ Only),24,342,0.0,,0,0,0,0,0.0,0.0,100.0,0.0029446000116877258,0.01242469999124296,0.0001210999907925725,0.16726449999259785,0.3448779000027571,0.13662819997989573,0.025323099980596453,0.024338599992915988,0.028779099986422807,0.02463040000293404,0.0005072999920230359
0.1,Borda LP3 ($ 	heta $ Only),25,367,0.0,,2,0,0,0,0.0,0.0,100.0,0.005393300001742318,0.005342899996321648,0.0003843999875243753,0.1530268999922555,0.2435696999891661,0.14836240001022816,0.02542119999998249,0.022792600007960573,0.028635800001211464,0.02855799999088049,0.0013509999844245613
0.1,Borda LP3 ($ 	heta $ Only),26,393,0.0,,0,0,0,0,0.0,0.0,100.0,0.001935300009790808,0.006543099996633828,7.180002285167575e-05,0.16450790001545101,0.2681637000059709,0.10358940000878647,0.025799600000027567,0.021516099979635328,0.02889889999642037,0.0256892999750562,0.0005044999998062849
0.1,Borda LP3 ($ 	heta $ Only),27,420,0.0011448309732066321,,0,5,1,4,0.0001293483801032,53.333333333333336,46.666666666666664,0.004590500000631437,0.0059800999879371375,0.00012260000221431255,0.16218060001847334,0.27176639999379404,0.21227009998983704,0.04832680002436973,0.03644719999283552,0.023705300001893193,0.02764070002012886,0.0009703999967314303
0.1,Borda LP3 ($ 	heta $ Only),28,448,0.0,,0,0,0,0,0.0,0.0,100.0,0.0015899999998509884,0.007870599976740777,7.559999357908964e-05,0.16378070000791922,0.29477639999822713,0.1547718000074383,0.025141799997072667,0.024509099981514737,0.04547750001074746,0.02947930002119392,0.0009744999988470227
0.1,Borda LP3 ($ 	heta $ Only),29,477,0.0,,1,0,0,0,0.0,0.0,100.0,0.0016441000043414533,0.009482399997068569,0.0004403000057209283,0.16849539999384433,0.40676990000065416,0.23254679999081418,0.026043099991511554,0.02396960000623949,0.02395139998407103,0.025590999983251095,0.0005077999958302826
0.1,Borda LP3 ($ 	heta $ Only),30,507,0.0007089924758641562,,0,1,0,1,7.354477053310512e-05,33.333333333333336,66.66666666666666,0.0020901000243611634,0.007635399990249425,7.54999928176403e-05,0.17669190000742674,0.36400919998413883,0.34509479999542236,0.035477900004480034,0.03418399998918176,0.036596200021449476,0.024684400006663054,0.0009731999889481813
0.1,Borda LP3 ($ 	heta $ Only),31,538,0.0012350983808310954,,0,6,3,3,0.00010997543774492636,53.333333333333336,46.666666666666664,0.009091600019019097,0.012538599985418841,7.609999738633633e-05,0.17486099997768179,0.3532009999908041,0.143263299978571,0.026214199984679,0.02991819998715073,0.03071500000078231,0.0340913999825716,0.0005020999815315008
0.1,Borda LP3 ($ 	heta $ Only),32,570,0.0,,0,0,0,0,0.0,0.0,100.0,0.0016406999784521759,0.008182300021871924,0.00017479999223724008,0.17023519999929704,0.2952149999910034,0.13616160000674427,0.026475399994524196,0.02945429997635074,0.026825500011909753,0.026072500011650845,0.0005135000101290643
0.1,Borda LP3 ($ 	heta $ Only),33,603,0.0018619119203956789,,0,6,1,5,0.00015538996442877802,80.0,20.0,0.0016564000106882304,0.0063265000062529,7.51999905332923e-05,0.15193449999787845,0.47007909999229014,0.11836729999049567,0.026352899993071333,0.02634119999129325,0.03738880000310019,0.05715629999758676,0.000908499991055578
0.1,Borda LP3 ($ 	heta $ Only),34,637,0.0013909238842152582,,0,5,1,4,0.00012394917466860314,60.0,40.0,0.0032184000010602176,0.010565900010988116,0.00012680000509135425,0.18555530000594445,0.2776292999915313,0.11308139999164268,0.03091070000664331,0.028124499978730455,0.022992099984548986,0.030361899989657104,0.0005033999914303422
0.1,Borda LP3 ($ 	heta $ Only),35,672,0.0,,0,0,0,0,0.0,0.0,100.0,0.001795099989976734,0.009404400014318526,0.00012959999730810523,0.14757729999837466,0.3990765000053216,0.1703202000062447,0.026170400000410154,0.030101100011961535,0.029897700005676597,0.02866450001602061,0.0005341999931260943
0.1,Borda LP3 ($ 	heta $ Only),36,708,0.0004617189580983747,,0,2,1,1,4.197445073621588e-05,20.0,80.0,0.0025301999994553626,0.008834399981424212,7.660000119358301e-05,0.17130050002015196,0.29964270000346005,0.11321670000324957,0.02653400000417605,0.026912500004982576,0.027580800000578165,0.02328200000920333,0.0009649999847169966
0.1,Borda LP3 ($ 	heta $ Only),37,745,0.0014767007465084237,,0,5,0,5,0.00013644378246504809,86.66666666666667,13.333333333333329,0.0016567999846301973,0.008999799989396706,0.00011989998165518045,0.35045090000494383,0.28261910000583157,0.14682209998136386,0.021735699992859736,0.020525799976894632,0.025093100004596636,0.03904370000236668,0.0015562000044155866
0.1,Borda LP3 ($ 	heta $ Only),38,783,0.0,,0,0,0,0,0.0,0.0,100.0,0.0061969000089447945,0.006692499999189749,7.839998579584062e-05,0.1749483000021428,0.3217836999974679,0.18802239999058656,0.030090499989455566,0.026144100003875792,0.025656500016339123,0.02460490001249127,0.0016069000121206045
0.1,Borda LP3 ($ 	heta $ Only),39,822,0.0,,0,0,0,0,0.0,0.0,100.0,0.00533380001434125,0.006853400002000853,7.280000136233866e-05,0.17224400001578033,0.2719789000111632,0.12232729999232106,0.026601600024150684,0.026118000008864328,0.026672499981941655,0.028335199982393533,0.0009938000002875924
0.1,Borda LP3 ($ 	heta $ Only),40,862,0.0009675634591869541,,0,5,1,4,6.8674563582222e-05,33.333333333333336,66.66666666666666,0.0016336000117007643,0.008945199981098995,0.0001370999962091446,0.15205050000804476,0.34832200000528246,0.12388880000798963,0.030637599993497133,0.027100800012703985,0.023581499990541488,0.02614310002536513,0.0009845999884419143
0.1,Borda LP3 ($ 	heta $ Only),41,903,0.0006133890419529543,,0,4,1,3,0.0002317065339088836,26.666666666666668,73.33333333333333,0.0016190999886021018,0.005869699991308153,7.090001599863172e-05,0.15159159997710958,0.28318769999896176,0.126359699992463,0.025812800013227388,0.026203000015811995,0.03001300001051277,0.029052099998807535,0.0005064000142738223
0.1,Borda LP3 ($ 	heta $ Only),42,945,0.0,,0,0,0,0,0.0,0.0,100.0,0.001885500008938834,0.007702999981120229,0.00015949999215081334,0.16864869999699295,0.28495249999105,0.1503894999914337,0.021996299998136237,0.020536199997877702,0.02133970000431873,0.020435100013855845,0.0005004999984521419
0.1,Borda LP3 ($ 	heta $ Only),43,988,0.0,,0,0,0,0,0.0,0.0,100.0,0.005358499998692423,0.005580299999564886,7.440001354552805e-05,0.2537450999952853,0.3965137999912258,0.32184759998926893,0.02503289998276159,0.023581799992825836,0.025910000025760382,0.02791499998420477,0.0009688999853096902
0.1,Borda LP3 ($ 	heta $ Only),44,1032,0.0,,0,0,0,0,0.0,0.0,100.0,0.0016171000024769455,0.009628500003600493,0.00013719999697059393,0.16506780000054277,0.2777341000037268,0.18826910000643693,0.02470549999270588,0.02236159998574294,0.020527299988316372,0.023353900003712624,0.0012485000188462436
0.1,Borda LP3 ($ 	heta $ Only),45,1077,0.0,,0,0,0,0,0.0,0.0,100.0,0.004449100000783801,0.006458699994254857,8.079997496679425e-05,0.17565940000349656,0.306053799984511,0.18963629999780096,0.02814170002238825,0.02318580000428483,0.02653119998285547,0.022906400001375005,0.0009695000189822167
0.1,Borda LP3 ($ 	heta $ Only),46,1123,0.001175923609081214,,0,4,0,4,0.0001185493952240132,66.66666666666667,33.33333333333333,0.002069299982395023,0.008757400006288663,0.00012229999992996454,0.16108839999651536,0.27249239999218844,0.13800450001144782,0.027591399993980303,0.026558199984719977,0.04116359999170527,0.037841100012883544,0.0009743999980855733
0.1,Borda LP3 ($ 	heta $ Only),47,1170,0.0,,0,0,0,0,3.197442310920451e-14,6.666666666666667,93.33333333333333,0.0076948000059928745,0.020321000018157065,0.0001269000058528036,0.4563736999989487,0.30992860000696965,0.20578599997679703,0.029641400004038587,0.023066300025675446,0.02777099999366328,0.02341389999492094,0.0006189999985508621
0.1,Borda LP3 ($ 	heta $ Only),48,1218,0.0,,0,0,0,0,0.0,0.0,100.0,0.00742280000122264,0.005346099991584197,7.100001676008105e-05,0.17551949998596683,0.29348920000484213,0.09823010000400245,0.026481200009584427,0.022618799994233996,0.021030500007327646,0.020585100020980462,0.0005047000013291836
0.1,Borda LP3 ($ 	heta $ Only),49,1267,0.0,,0,0,0,0,0.0,0.0,100.0,0.001601299998583272,0.0090601000119932,0.00012009998317807913,0.21615870000096038,0.35804880000068806,0.14903530001174659,0.023630600015167147,0.026527800015173852,0.025958400015952066,0.029565800010459498,0.0005027999868616462
0.1,Linear BTL,0,42,,-45.597045166270135,0,2,0,2,,,,0.0020841999794356525,0.015448299993295223,0.00012659997446462512,0.23534049998852424,0.2642570000025444,0.1470866999879945,0.03633470000931993,0.026176699990173802,0.0257741000095848,0.02625240001361817,0.000595899997279048
0.1,Linear BTL,1,43,,-19.50785185240871,0,0,0,0,,,,0.0018032999942079186,0.006391699978848919,7.479998748749495e-05,0.1429509000154212,0.3444811000081245,0.14631020001252182,0.03532759999507107,0.028975099994568154,0.026821200008271262,0.02666279999539256,0.0009741999965626746
0.1,Linear BTL,2,45,,-39.406397281349896,0,0,0,0,,,,0.003670199977932498,0.008425399981206283,0.00012000001152046025,0.1560386000201106,0.34282830002484843,0.1291674999811221,0.026343199977418408,0.02347590000135824,0.025690500013297424,0.024872299982234836,0.0014793000009376556
0.1,Linear BTL,3,48,,-50.03345739476152,2,4,1,3,,,,0.004261800000676885,0.00617680000141263,0.0004417999880388379,0.18885770000633784,0.27086059999419376,0.15537779999431223,0.021304699999745935,0.02071290000458248,0.023291199991945177,0.03347789999679662,0.0009537999867461622
0.1,Linear BTL,4,52,,-57.425973939557196,0,3,0,3,,,,0.0016234999930020422,0.009380599978612736,7.959999493323267e-05,0.16846689998055808,0.24569459998747334,0.21671969999442808,0.04399509998620488,0.026519999984884635,0.027742399979615584,0.03175970001029782,0.0009725000127218664
0.1,Linear BTL,5,57,,-53.73693468539312,0,5,1,4,,,,0.0016163000254891813,0.008870799996657297,7.550002192147076e-05,0.24044870000216179,0.28124060001573525,0.2577416999847628,0.02811189999920316,0.024364499986404553,0.02757130001555197,0.0377745000005234,0.0018156000005546957
0.1,Linear BTL,6,63,,-47.54312488351126,0,4,2,2,,,,0.006833999999798834,0.014574900007573888,8.769999840296805e-05,0.18840469999122433,0.3034538999781944,0.1278714000072796,0.02593559998786077,0.029712399991694838,0.026102600008016452,0.027018199994927272,0.0005043000273872167
0.1,Linear BTL,7,70,,-65.03180305512379,0,1,1,0,,,,0.0016404000052716583,0.010328000003937632,0.00012240000069141388,0.1656860999937635,0.2732237000018358,0.22258580001653172,0.02134819998173043,0.02398139997967519,0.019260300003224984,0.021644299995386973,0.0005022999830543995
0.1,Linear BTL,8,78,,-56.72483194650572,0,3,1,2,,,,0.0043326999875716865,0.005376700020860881,7.079998613335192e-05,0.1764219999895431,0.4574367000022903,0.13160890000290237,0.02772099999128841,0.024300999997649342,0.028120399976614863,0.029881499998737127,0.001070300000719726
0.1,Linear BTL,9,87,,-62.46602823949196,0,3,0,3,,,,0.0017114999936893582,0.005354399996576831,7.179999374784529e-05,0.15876790002221242,0.28080390000832267,0.17686850001337007,0.03834709999500774,0.027780799980973825,0.022420199995394796,0.021469400002388284,0.0005093000072520226
0.1,Linear BTL,10,97,,-54.42727564643935,0,3,1,2,,,,0.0016314999957103282,0.007385499979136512,0.00011590000940486789,0.15637849998893216,0.2863188000046648,0.16787989999284036,0.026343900011852384,0.02368189999833703,0.03077310000662692,0.0452899000083562,0.0011688999948091805
0.1,Linear BTL,11,108,,-28.69352182130507,0,0,0,0,,,,0.0020921999821439385,0.01195939999888651,0.0001370999962091446,0.17934219999006018,0.3405620999983512,0.21133459999691695,0.02617410002858378,0.025398800004040822,0.02588220001780428,0.02910159999737516,0.0009851999930106103
0.1,Linear BTL,12,120,,-55.575056531949784,0,5,1,4,,,,0.0018313000036869198,0.006324099987978116,0.001160600018920377,0.3472102000087034,0.3254249999881722,0.14164300000993535,0.031234399997629225,0.03165419999277219,0.02684239999507554,0.02530720000504516,0.0010340999870095402
0.1,Linear BTL,13,133,,-49.12642657548942,0,1,0,1,,,,0.0017985000158660114,0.005601000011665747,7.429998368024826e-05,0.17976810000254773,0.3519722999772057,0.1708228999923449,0.023052600008668378,0.0271012999874074,0.026055900001665577,0.029281600000103936,0.0009687999845482409
0.1,Linear BTL,14,147,,-64.98570293024613,0,7,3,4,,,,0.0016105000104289502,0.008708399982424453,8.16000101622194e-05,0.24345709997578524,0.2955750999972224,0.15936330001568422,0.08031409999239258,0.07702910000807606,0.06561009999131784,0.04372940000030212,0.0005024000129196793
0.1,Linear BTL,15,162,,-51.53081484119014,1,2,0,2,,,,0.004106799984583631,0.007909699983429164,0.00038910002331249416,0.1644250999961514,0.27645679999841377,0.15351940001710318,0.02249070000834763,0.0249545999977272,0.024070799991022795,0.031201600009808317,0.0009578000172041357
0.1,Linear BTL,16,178,,-62.24405950693756,0,5,0,5,,,,0.0016100000066217035,0.01070009998511523,7.589999586343765e-05,0.19648300000699237,0.30090140001266263,0.1625726000056602,0.02270850000786595,0.038217399996938184,0.028398599999491125,0.025478700001258403,0.0013526999973692
0.1,Linear BTL,17,195,,-40.19009174156271,0,3,1,2,,,,0.005344899982446805,0.007868100015912205,0.00563599998713471,0.2774834000156261,0.2747903999988921,0.15443260001484305,0.02621079998789355,0.025604399997973815,0.025693599978694692,0.03173590000369586,0.0009688000136520714
0.1,Linear BTL,18,213,,-29.911015397780343,0,3,0,3,,,,0.0016021000046748668,0.011522999993758276,0.0002049999893642962,0.3361140000051819,0.29844640000374056,0.18341270001837984,0.029828400001861155,0.024935900000855327,0.027960200008237734,0.027889499993762,0.0006407999899238348
0.1,Linear BTL,19,232,,-43.075709013198704,0,3,0,3,,,,0.0016256000089924783,0.005386799981351942,7.090001599863172e-05,0.16523669997695833,0.2708390000043437,0.151868499990087,0.02785389998462051,0.029284899996127933,0.026795499987201765,0.027211799984797835,0.0005505000008270144
0.1,Linear BTL,20,252,,-48.40464031153068,0,2,0,2,,,,0.00228169999900274,0.008360799984075129,7.729997741989791e-05,0.1605105999915395,0.28662930001155473,0.17056280001997948,0.044294699997408316,0.023283099988475442,0.023629700008314103,0.024039599986281246,0.0009673000022303313
0.1,Linear BTL,21,273,,-56.319841533608724,0,1,0,1,,,,0.0016168000001925975,0.006677299999864772,7.229999755509198e-05,0.15672490000724792,0.35235699999611825,0.16715860000113025,0.023651399998925626,0.023654499993426725,0.028358500014292076,0.02751070001977496,0.0009646000107750297
0.1,Linear BTL,22,295,,-41.280385140483126,0,1,0,1,,,,0.00469230001908727,0.006650499999523163,0.00011799999629147351,0.18292460002703592,0.3741870999801904,0.1782431000028737,0.0285075000138022,0.02962489999481477,0.032206200005020946,0.025826700002653524,0.0005099000118207186
0.1,Linear BTL,23,318,,-61.601298334294654,2,4,2,2,,,,0.0019125000108033419,0.006618699990212917,0.0004039999912492931,0.15310650001629256,0.29997089999960735,0.13976039999397472,0.027935200021602213,0.06450579999363981,0.09074370001326315,0.0740943000128027,0.0014050999889150262
0.1,Linear BTL,24,342,,-36.72645491821173,0,3,0,3,,,,0.0029446000116877258,0.01242469999124296,0.0001210999907925725,0.16726449999259785,0.3448779000027571,0.13662819997989573,0.025323099980596453,0.024338599992915988,0.028779099986422807,0.02463040000293404,0.0005072999920230359
0.1,Linear BTL,25,367,,-61.18499457987587,2,3,2,1,,,,0.005393300001742318,0.005342899996321648,0.0003843999875243753,0.1530268999922555,0.2435696999891661,0.14836240001022816,0.02542119999998249,0.022792600007960573,0.028635800001211464,0.02855799999088049,0.0013509999844245613
0.1,Linear BTL,26,393,,-59.90170652915723,0,3,0,3,,,,0.001935300009790808,0.006543099996633828,7.180002285167575e-05,0.16450790001545101,0.2681637000059709,0.10358940000878647,0.025799600000027567,0.021516099979635328,0.02889889999642037,0.0256892999750562,0.0005044999998062849
0.1,Linear BTL,27,420,,-49.57771555826553,0,5,0,5,,,,0.004590500000631437,0.0059800999879371375,0.00012260000221431255,0.16218060001847334,0.27176639999379404,0.21227009998983704,0.04832680002436973,0.03644719999283552,0.023705300001893193,0.02764070002012886,0.0009703999967314303
0.1,Linear BTL,28,448,,-40.43260103944352,0,2,0,2,,,,0.0015899999998509884,0.007870599976740777,7.559999357908964e-05,0.16378070000791922,0.29477639999822713,0.1547718000074383,0.025141799997072667,0.024509099981514737,0.04547750001074746,0.02947930002119392,0.0009744999988470227
0.1,Linear BTL,29,477,,-41.91661433866528,1,2,1,1,,,,0.0016441000043414533,0.009482399997068569,0.0004403000057209283,0.16849539999384433,0.40676990000065416,0.23254679999081418,0.026043099991511554,0.02396960000623949,0.02395139998407103,0.025590999983251095,0.0005077999958302826
0.1,Linear BTL,30,507,,-34.688208850345255,0,2,0,2,,,,0.0020901000243611634,0.007635399990249425,7.54999928176403e-05,0.17669190000742674,0.36400919998413883,0.34509479999542236,0.035477900004480034,0.03418399998918176,0.036596200021449476,0.024684400006663054,0.0009731999889481813
0.1,Linear BTL,31,538,,-52.79942762496411,0,6,2,4,,,,0.009091600019019097,0.012538599985418841,7.609999738633633e-05,0.17486099997768179,0.3532009999908041,0.143263299978571,0.026214199984679,0.02991819998715073,0.03071500000078231,0.0340913999825716,0.0005020999815315008
0.1,Linear BTL,32,570,,-55.875191592512515,0,1,0,1,,,,0.0016406999784521759,0.008182300021871924,0.00017479999223724008,0.17023519999929704,0.2952149999910034,0.13616160000674427,0.026475399994524196,0.02945429997635074,0.026825500011909753,0.026072500011650845,0.0005135000101290643
0.1,Linear BTL,33,603,,-64.89627139369674,0,8,1,7,,,,0.0016564000106882304,0.0063265000062529,7.51999905332923e-05,0.15193449999787845,0.47007909999229014,0.11836729999049567,0.026352899993071333,0.02634119999129325,0.03738880000310019,0.05715629999758676,0.000908499991055578
0.1,Linear BTL,34,637,,-54.91239020920264,0,6,1,5,,,,0.0032184000010602176,0.010565900010988116,0.00012680000509135425,0.18555530000594445,0.2776292999915313,0.11308139999164268,0.03091070000664331,0.028124499978730455,0.022992099984548986,0.030361899989657104,0.0005033999914303422
0.1,Linear BTL,35,672,,-46.39494887431051,0,2,0,2,,,,0.001795099989976734,0.009404400014318526,0.00012959999730810523,0.14757729999837466,0.3990765000053216,0.1703202000062447,0.026170400000410154,0.030101100011961535,0.029897700005676597,0.02866450001602061,0.0005341999931260943
0.1,Linear BTL,36,708,,-38.91187991447383,0,2,0,2,,,,0.0025301999994553626,0.008834399981424212,7.660000119358301e-05,0.17130050002015196,0.29964270000346005,0.11321670000324957,0.02653400000417605,0.026912500004982576,0.027580800000578165,0.02328200000920333,0.0009649999847169966
0.1,Linear BTL,37,745,,-66.93187025042691,0,8,1,7,,,,0.0016567999846301973,0.008999799989396706,0.00011989998165518045,0.35045090000494383,0.28261910000583157,0.14682209998136386,0.021735699992859736,0.020525799976894632,0.025093100004596636,0.03904370000236668,0.0015562000044155866
0.1,Linear BTL,38,783,,-44.82640241123506,0,2,0,2,,,,0.0061969000089447945,0.006692499999189749,7.839998579584062e-05,0.1749483000021428,0.3217836999974679,0.18802239999058656,0.030090499989455566,0.026144100003875792,0.025656500016339123,0.02460490001249127,0.0016069000121206045
0.1,Linear BTL,39,822,,-45.975676414784544,0,1,0,1,,,,0.00533380001434125,0.006853400002000853,7.280000136233866e-05,0.17224400001578033,0.2719789000111632,0.12232729999232106,0.026601600024150684,0.026118000008864328,0.026672499981941655,0.028335199982393533,0.0009938000002875924
0.1,Linear BTL,40,862,,-64.86712056530843,0,6,0,6,,,,0.0016336000117007643,0.008945199981098995,0.0001370999962091446,0.15205050000804476,0.34832200000528246,0.12388880000798963,0.030637599993497133,0.027100800012703985,0.023581499990541488,0.02614310002536513,0.0009845999884419143
0.1,Linear BTL,41,903,,-46.92893627385411,0,6,0,6,,,,0.0016190999886021018,0.005869699991308153,7.090001599863172e-05,0.15159159997710958,0.28318769999896176,0.126359699992463,0.025812800013227388,0.026203000015811995,0.03001300001051277,0.029052099998807535,0.0005064000142738223
0.1,Linear BTL,42,945,,-39.69815980351534,0,1,0,1,,,,0.001885500008938834,0.007702999981120229,0.00015949999215081334,0.16864869999699295,0.28495249999105,0.1503894999914337,0.021996299998136237,0.020536199997877702,0.02133970000431873,0.020435100013855845,0.0005004999984521419
0.1,Linear BTL,43,988,,-25.455058865883483,0,1,0,1,,,,0.005358499998692423,0.005580299999564886,7.440001354552805e-05,0.2537450999952853,0.3965137999912258,0.32184759998926893,0.02503289998276159,0.023581799992825836,0.025910000025760382,0.02791499998420477,0.0009688999853096902
0.1,Linear BTL,44,1032,,-76.49130619813468,0,3,1,2,,,,0.0016171000024769455,0.009628500003600493,0.00013719999697059393,0.16506780000054277,0.2777341000037268,0.18826910000643693,0.02470549999270588,0.02236159998574294,0.020527299988316372,0.023353900003712624,0.0012485000188462436
0.1,Linear BTL,45,1077,,-29.009134512637623,0,2,0,2,,,,0.004449100000783801,0.006458699994254857,8.079997496679425e-05,0.17565940000349656,0.306053799984511,0.18963629999780096,0.02814170002238825,0.02318580000428483,0.02653119998285547,0.022906400001375005,0.0009695000189822167
0.1,Linear BTL,46,1123,,-57.15244260976222,0,4,0,4,,,,0.002069299982395023,0.008757400006288663,0.00012229999992996454,0.16108839999651536,0.27249239999218844,0.13800450001144782,0.027591399993980303,0.026558199984719977,0.04116359999170527,0.037841100012883544,0.0009743999980855733
0.1,Linear BTL,47,1170,,-30.266813520131116,0,2,0,2,,,,0.0076948000059928745,0.020321000018157065,0.0001269000058528036,0.4563736999989487,0.30992860000696965,0.20578599997679703,0.029641400004038587,0.023066300025675446,0.02777099999366328,0.02341389999492094,0.0006189999985508621
0.1,Linear BTL,48,1218,,-56.85768246342886,0,4,0,4,,,,0.00742280000122264,0.005346099991584197,7.100001676008105e-05,0.17551949998596683,0.29348920000484213,0.09823010000400245,0.026481200009584427,0.022618799994233996,0.021030500007327646,0.020585100020980462,0.0005047000013291836
0.1,Linear BTL,49,1267,,-35.96466207377699,0,2,0,2,,,,0.001601299998583272,0.0090601000119932,0.00012009998317807913,0.21615870000096038,0.35804880000068806,0.14903530001174659,0.023630600015167147,0.026527800015173852,0.025958400015952066,0.029565800010459498,0.0005027999868616462
0.2,LP2 ($ 	heta $ Only),0,42,3.683692577443415e-05,,4,3,0,3,3.683692577443415e-05,26.666666666666668,73.33333333333333,0.005869899992831051,0.014759100013179705,0.0004039999912492931,0.4008726000029128,0.2595238999929279,0.10679049999453127,0.023490499996114522,0.024875200004316866,0.019801899994490668,0.020046599995112047,0.00048820002120919526
0.2,LP2 ($ 	heta $ Only),1,43,0.0,,0,0,0,0,0.0,0.0,100.0,0.005588200001511723,0.005364499986171722,6.93999754730612e-05,0.1493870000122115,0.27449239999987185,0.1882577000069432,0.031733700016047806,0.02591200001188554,0.04364930000156164,0.03630519998841919,0.0005003999976906925
0.2,LP2 ($ 	heta $ Only),2,45,0.0,,0,0,0,0,0.0,0.0,100.0,0.004646800021873787,0.010753999988082796,7.570002344436944e-05,0.23650300002191216,0.3122276999929454,0.13328430001274683,0.02618149999761954,0.02623479999601841,0.029840500006685033,0.024394299980485812,0.0005024999845772982
0.2,LP2 ($ 	heta $ Only),3,48,3.684466238438404e-05,,2,5,1,4,3.684466238438404e-05,40.0,60.0,0.0033109000069089234,0.005974300001980737,0.00037629998405463994,0.1664720000117086,0.2683197000005748,0.15565309999510646,0.02272499998798594,0.024302400008309633,0.020334200002253056,0.021263000002363697,0.0004981000092811882
0.2,LP2 ($ 	heta $ Only),4,52,2.106823575482646e-05,,0,3,0,3,2.106823575482646e-05,13.333333333333334,86.66666666666667,0.00580640000407584,0.005484599998453632,7.06000137142837e-05,0.16991770002641715,0.32143539999378845,0.25593510002363473,0.04916840000078082,0.045161500020185485,0.034866000001784414,0.026137100008782,0.0016401999746449292
0.2,LP2 ($ 	heta $ Only),5,57,7.614670421670069e-05,,0,13,6,7,7.614670421670069e-05,40.0,60.0,0.004326100024627522,0.0058271999878343195,0.00010770000517368317,0.17536459999973886,0.2959365999849979,0.12978069999371655,0.021336199977668002,0.022544900013599545,0.023752800014335662,0.02478300000075251,0.0016931999998632818
0.2,LP2 ($ 	heta $ Only),6,63,4.8021024977652074e-05,,1,4,1,3,4.8021024977652074e-05,33.333333333333336,66.66666666666666,0.0017472999752499163,0.00540049999835901,0.00038010001298971474,0.16504019999410957,0.2658487999869976,0.15288629999849945,0.028677199996309355,0.030117099988274276,0.025038199994014576,0.027087900001788512,0.0009680999792180955
0.2,LP2 ($ 	heta $ Only),7,70,3.4524297896097965e-06,,0,1,0,1,3.4524297896097965e-06,6.666666666666667,93.33333333333333,0.0016134999750647694,0.007462999987183139,0.00018679999629966915,0.15416299999924377,0.286437400005525,0.15451589997974224,0.03002909998758696,0.028971899999305606,0.025522699987050146,0.023980099998880178,0.0009698999929241836
0.2,LP2 ($ 	heta $ Only),8,78,2.61911990996657e-05,,0,7,0,7,2.61911990996657e-05,46.666666666666664,53.333333333333336,0.0016070000128820539,0.008610799995949492,0.00012120002065785229,0.1625793999992311,0.34110570000484586,0.14453250000951812,0.04745129999355413,0.02834769999026321,0.02675609997822903,0.027098100021248683,0.000972400011960417
0.2,LP2 ($ 	heta $ Only),9,87,7.384192283427013e-05,,5,15,5,10,7.384192283427013e-05,46.666666666666664,53.333333333333336,0.0016013999993447214,0.00866129997302778,0.0006108999950811267,0.16678420000243932,0.2822893999982625,0.15618680001352914,0.027259099995717406,0.026814700016984716,0.024492700002156198,0.03277910000178963,0.0009296000062022358
0.2,LP2 ($ 	heta $ Only),10,97,1.828288065282405e-05,,1,6,0,6,1.8282880652824047e-05,20.0,80.0,0.0015910000074654818,0.008623200003057718,0.0003978000022470951,0.17498260000138544,0.2575893000175711,0.1029807000013534,0.030856400000629947,0.02657400001771748,0.024046100006671622,0.028156699991086498,0.0009579999896232039
0.2,LP2 ($ 	heta $ Only),11,108,3.96033351150845e-05,,2,3,2,1,3.96033351150845e-05,20.0,80.0,0.0016016000008676201,0.0073164000059477985,0.00039209998794831336,0.20472690000315197,0.42042800001217984,0.1803868999995757,0.025347700022393838,0.02738449999014847,0.030422499985434115,0.030199000000720844,0.0004964999970979989
0.2,LP2 ($ 	heta $ Only),12,120,4.3967226617628384e-05,,0,6,1,5,4.396722661762839e-05,46.666666666666664,53.333333333333336,0.001714700018055737,0.006443200021749362,7.249999907799065e-05,0.15918299998156726,0.29475230001844466,0.14197980001335964,0.02631650000694208,0.02233489998616278,0.030464999988907948,0.02948090000427328,0.000538699998287484
0.2,LP2 ($ 	heta $ Only),13,133,1.204139203135198e-05,,1,2,0,2,1.204139203135198e-05,13.333333333333334,86.66666666666667,0.0016312999941874295,0.006229899998288602,0.0003935999993700534,0.15412019999348558,0.25558120000641793,0.1049265000037849,0.026925799989840016,0.026871199981542304,0.026634400011971593,0.03095640000537969,0.0005587000050581992
0.2,LP2 ($ 	heta $ Only),14,147,0.00010475734817176606,,1,11,3,8,0.00010475734817176608,53.333333333333336,46.666666666666664,0.0018128000083379447,0.009318199998233467,0.00040729998727329075,0.1716978000185918,0.27403729999787174,0.1432968000008259,0.02759499999228865,0.04811979999067262,0.04217220001737587,0.1533486999978777,0.0017374999879393727
0.2,LP2 ($ 	heta $ Only),15,162,8.552816770888701e-06,,3,4,0,4,8.552816770888701e-06,20.0,80.0,0.005017999996198341,0.016680699976859614,0.0004230999911669642,0.19303120000404306,0.2697197000088636,0.13249329998507164,0.02329549999558367,0.020928700017975643,0.022750700009055436,0.02294550000806339,0.0004916999896522611
0.2,LP2 ($ 	heta $ Only),16,178,1.4256221437322692e-05,,2,3,0,3,1.4256221437322692e-05,13.333333333333334,86.66666666666667,0.0029055999766569585,0.006579100008821115,0.00037659998633898795,0.16945859999395907,0.3267446999961976,0.15103830001316965,0.027761399978771806,0.029312600003322586,0.04447200000868179,0.03379819999099709,0.0005435000057332218
0.2,LP2 ($ 	heta $ Only),17,195,0.0,,0,0,0,0,0.0,0.0,100.0,0.0016216000076383352,0.006946899986360222,7.479998748749495e-05,0.17316519998712465,0.37759300001198426,0.12698820000514388,0.02687339999829419,0.02566859999205917,0.029173399991123006,0.029157199984183535,0.0005137999833095819
0.2,LP2 ($ 	heta $ Only),18,213,4.41850131280384e-05,,0,6,2,4,4.41850131280384e-05,40.0,60.0,0.0016120999935083091,0.006278699991526082,8.05000017862767e-05,0.1830130000016652,0.25753549998626113,0.14184469997417182,0.02956259998609312,0.0323365000076592,0.026548399997409433,0.027466700004879385,0.0010020000045187771
0.2,LP2 ($ 	heta $ Only),19,232,1.5122682742291117e-05,,0,4,0,4,1.5122682742291117e-05,20.0,80.0,0.0019518000190146267,0.007904600002802908,0.0001154000055976212,0.17963259998941794,0.28660280001349747,0.17067339998902753,0.037706200004322454,0.04125949999433942,0.030407400015974417,0.02458570001181215,0.0005920000257901847
0.2,LP2 ($ 	heta $ Only),20,252,2.6551390345588023e-05,,1,9,1,8,2.6551390345588027e-05,33.333333333333336,66.66666666666666,0.0037235999770928174,0.007968299993081018,0.0006189999985508621,0.18078320001950487,0.2772762000095099,0.14041490000090562,0.022370299993781373,0.02315320001798682,0.023351899988483638,0.023566099989693612,0.0004990999877918512
0.2,LP2 ($ 	heta $ Only),21,273,2.844917424363669e-05,,0,3,0,3,2.844917424363669e-05,13.333333333333334,86.66666666666667,0.0033668000251054764,0.0066223000176250935,7.56000226829201e-05,0.18748510000295937,0.29523000001790933,0.107563300000038,0.043836999975610524,0.0316725000157021,0.03211080000619404,0.028548500005854294,0.001193000003695488
0.2,LP2 ($ 	heta $ Only),22,295,7.095787304678503e-05,,1,9,4,5,7.095787304678504e-05,40.0,60.0,0.0018319000082556158,0.006751799985067919,0.00045349998981691897,0.1641269999963697,0.27616560002206825,0.14585910001187585,0.027395800017984584,0.025771899992832914,0.030652599991299212,0.02637570002116263,0.000499200017657131
0.2,LP2 ($ 	heta $ Only),23,318,0.0,,0,0,0,0,0.0,0.0,100.0,0.0016284000012092292,0.005785299988929182,6.920000305399299e-05,0.14433509999071248,0.33492769999429584,0.14521680001053028,0.02570109997759573,0.032681799988495186,0.03422909998334944,0.03767879999941215,0.0016493000148329884
0.2,LP2 ($ 	heta $ Only),24,342,1.7126270306038273e-05,,0,4,0,4,1.7126270306038273e-05,20.0,80.0,0.0068552000157069415,0.015237299987347797,0.00012079998850822449,0.16946909998659976,0.5262838999915402,0.0805666999949608,0.025524099997710437,0.026820400002179667,0.021692899987101555,0.021148100000573322,0.0006715000199619681
0.2,LP2 ($ 	heta $ Only),25,367,3.851935062502344e-05,,1,9,2,7,3.851935062502344e-05,46.666666666666664,53.333333333333336,0.0016067999822553247,0.005449599993880838,0.00036949999048374593,0.17716220000875182,0.2585583000036422,0.12712869999813847,0.02427740002167411,0.02361250002286397,0.027654599980451167,0.03119380000862293,0.000967800006037578
0.2,LP2 ($ 	heta $ Only),26,393,8.001172597650858e-05,,2,11,8,3,8.001172597650858e-05,40.0,60.0,0.002625699999043718,0.009074400004465133,0.00039889998151920736,0.16605460000573657,0.5566472000209615,0.1597810999955982,0.035923899995395914,0.04090439999708906,0.042964499996742234,0.042216200003167614,0.0019097000185865909
0.2,LP2 ($ 	heta $ Only),27,420,2.0270052700193812e-05,,0,4,2,2,2.0270052700193812e-05,13.333333333333334,86.66666666666667,0.004680600017309189,0.011708100006217137,0.0001270999782718718,0.23403520000283606,0.3026626000064425,0.12467209997703321,0.02707609999924898,0.030637100018793717,0.023721000005025417,0.021326899994164705,0.0005118999979458749
0.2,LP2 ($ 	heta $ Only),28,448,4.1227718017753764e-05,,1,7,5,2,4.1227718017753764e-05,26.666666666666668,73.33333333333333,0.00260470001376234,0.007783099979860708,0.0006104000203777105,0.16328450001310557,0.25037130000418983,0.08455130000947975,0.0317716000135988,0.02850000001490116,0.026051799999549985,0.03244300000369549,0.0004984000115655363
0.2,LP2 ($ 	heta $ Only),29,477,5.840249605175824e-06,,2,1,0,1,5.840249605175824e-06,6.666666666666667,93.33333333333333,0.001939000008860603,0.008427499997196719,0.000618099991697818,0.16556320001836866,0.2943416000052821,0.12619000000995584,0.03011799999512732,0.029870900005334988,0.026056700007757172,0.028292399976635352,0.0005790000141132623
0.2,LP2 ($ 	heta $ Only),30,507,7.62645017235594e-05,,0,7,2,5,7.62645017235594e-05,46.666666666666664,53.333333333333336,0.001790100010111928,0.008712900016689673,7.770000956952572e-05,0.16101410001283512,0.5211853999935556,0.11208009999245405,0.02814290000242181,0.021000499982619658,0.023484400007873774,0.0275917999970261,0.0009727999859023839
0.2,LP2 ($ 	heta $ Only),31,538,5.445295329228483e-05,,0,6,3,3,5.445295329228483e-05,40.0,60.0,0.0018931000086013228,0.013510899996617809,0.00012489999062381685,0.16332249998231418,0.259437100001378,0.10857879999093711,0.02525399997830391,0.02810150000732392,0.026306400017347187,0.03036379997502081,0.0009780999971553683
0.2,LP2 ($ 	heta $ Only),32,570,5.3812762684674204e-05,,0,9,2,7,5.38127626846742e-05,53.333333333333336,46.666666666666664,0.002346399996895343,0.006686599983368069,7.169999298639596e-05,0.18481219999375753,0.3235854999802541,0.1134019999881275,0.030228800023905933,0.026477000006707385,0.02669549998245202,0.022478300001239404,0.0005147000192664564
0.2,LP2 ($ 	heta $ Only),33,603,2.741005636558832e-05,,2,6,0,6,2.741005636558832e-05,40.0,60.0,0.0020169000199530274,0.00781979999737814,0.0005650999955832958,0.1569428000075277,0.3481115000031423,0.13539810001384467,0.023347900016233325,0.027872699982253835,0.03327869999338873,0.11705990001792088,0.0033124999899882823
0.2,LP2 ($ 	heta $ Only),34,637,2.5849415178254968e-05,,3,5,0,5,2.5849415178254968e-05,33.333333333333336,66.66666666666666,0.016012300009606406,0.016077800013590604,0.0013438999885693192,0.2639633000071626,0.28918689998681657,0.14925839999341406,0.023878400010289624,0.03404549998231232,0.038836599997011945,0.025703299994347617,0.0005477999802678823
0.2,LP2 ($ 	heta $ Only),35,672,1.1308672209711896e-05,,3,2,1,1,1.1308672209711896e-05,6.666666666666667,93.33333333333333,0.003279099997598678,0.0081472999881953,0.0009781999979168177,0.1560318000265397,0.3345015999802854,0.15896390000125393,0.03072249999968335,0.02939809998497367,0.022093300009146333,0.02123300000675954,0.0009476000268477947
0.2,LP2 ($ 	heta $ Only),36,708,5.947393827663033e-05,,0,7,0,7,5.947393827663033e-05,33.333333333333336,66.66666666666666,0.0017804999952204525,0.0053038999903947115,6.970000686123967e-05,0.22379009998985566,0.2597138000128325,0.14047529999515973,0.02840700000524521,0.03162799999699928,0.028742100024828687,0.02420060001895763,0.0005053000058978796
0.2,LP2 ($ 	heta $ Only),37,745,4.575263071596468e-05,,1,8,2,6,4.5752630715964684e-05,26.666666666666668,73.33333333333333,0.0016134000034071505,0.007289899978786707,0.0005849000008311123,0.16265670000575483,0.3270836000156123,0.12126270000590011,0.02450129998032935,0.02996720001101494,0.031741400016471744,0.03418809999129735,0.000977099989540875
0.2,LP2 ($ 	heta $ Only),38,783,4.018876402800184e-05,,0,7,0,7,4.018876402800183e-05,33.333333333333336,66.66666666666666,0.0016231999907176942,0.008494900015648454,7.719997665844858e-05,0.1953841999929864,0.3768930000078399,0.22157140000490472,0.030057800002396107,0.027776299975812435,0.040890000003855675,0.03493789999629371,0.000983500009169802
0.2,LP2 ($ 	heta $ Only),39,822,5.497191558097849e-05,,1,9,2,7,5.497191558097849e-05,46.666666666666664,53.333333333333336,0.002609000017400831,0.007204299996374175,0.0005939000111538917,0.18770360000780784,0.30044739998993464,0.11823169997660443,0.029530600004363805,0.02617830000235699,0.020461899985093623,0.02498849999392405,0.0016586999990977347
0.2,LP2 ($ 	heta $ Only),40,862,4.506576827614564e-05,,0,7,1,6,4.506576827614564e-05,33.333333333333336,66.66666666666666,0.002316899975994602,0.006705899984808639,7.760000880807638e-05,0.16049509998993017,0.2989773999725003,0.12233730001025833,0.0274187000177335,0.027678900019964203,0.023611400014488026,0.031295299995690584,0.0007996999775059521
0.2,LP2 ($ 	heta $ Only),41,903,5.781592131363105e-05,,0,8,5,3,5.7815921313631046e-05,40.0,60.0,0.0016084999951999635,0.0094913000066299,0.00014849999570287764,0.18395690000033937,0.27604430000064895,0.15649429999757558,0.046408999973209575,0.04376249999040738,0.03466970002045855,0.030316300020786002,0.0012741000100504607
0.2,LP2 ($ 	heta $ Only),42,945,2.421540449073452e-05,,2,4,0,4,2.421540449073452e-05,26.666666666666668,73.33333333333333,0.0016261999844573438,0.006998500000918284,0.0003931000246666372,0.1491317999898456,0.33219370001461357,0.13443830001051538,0.026198400009889156,0.028685799974482507,0.02950450000935234,0.025729100016178563,0.0004965999978594482
0.2,LP2 ($ 	heta $ Only),43,988,3.0650557016161446e-05,,1,7,1,6,3.0650557016161446e-05,53.333333333333336,46.666666666666664,0.0018022999865934253,0.006453500012867153,0.00038350000977516174,0.17838699999265373,0.27707929999451153,0.09989039998617955,0.053697199997259304,0.03128510000533424,0.023888600000645965,0.03067959999316372,0.0009605999803170562
0.2,LP2 ($ 	heta $ Only),44,1032,4.574403298837002e-05,,5,5,3,2,4.574403298837002e-05,26.666666666666668,73.33333333333333,0.0016072000144049525,0.009497299994109198,0.0005885999999009073,0.14606309999362566,0.2933597000082955,0.13241990000824444,0.021593500016024336,0.020272299996577203,0.02273830000194721,0.024313400004757568,0.00048149999929592013
0.2,LP2 ($ 	heta $ Only),45,1077,3.282344736191465e-05,,0,5,1,4,3.282344736191465e-05,33.333333333333336,66.66666666666666,0.0018450999923516065,0.008896499988622963,7.690000347793102e-05,0.2702411999925971,0.2666623000113759,0.11700329999439418,0.031216300005326048,0.03006930000265129,0.03194369998527691,0.030407899990677834,0.0009719999798107892
0.2,LP2 ($ 	heta $ Only),46,1123,3.007521020413479e-05,,1,9,0,9,3.007521020413479e-05,40.0,60.0,0.001978199987206608,0.005571000016061589,0.0003628999984357506,0.16030010001850314,0.28922229999443516,0.12009630000102334,0.02642749997903593,0.0366296999854967,0.07248690002597868,0.07969169999705628,0.0014496000076178461
0.2,LP2 ($ 	heta $ Only),47,1170,1.3243366761070314e-05,,0,2,0,2,1.3243366761070314e-05,6.666666666666667,93.33333333333333,0.07362210002611391,0.01446639999630861,0.00017099999240599573,0.23704710000311024,0.26438179999240674,0.13493070000549778,0.025705200008815154,0.02685840000049211,0.027303400012897328,0.02617680002003908,0.0005011000030208379
0.2,LP2 ($ 	heta $ Only),48,1218,1.7287553893107875e-05,,4,3,0,3,1.7287553893107875e-05,20.0,80.0,0.004344599990872666,0.005761799984611571,0.0003869999782182276,0.15312920001451857,0.2700974000035785,0.1172810000134632,0.02990600001066923,0.023743099998682737,0.03033879998838529,0.02842600000440143,0.0009319999953731894
0.2,LP2 ($ 	heta $ Only),49,1267,1.175189270133477e-05,,0,2,0,2,1.175189270133477e-05,13.333333333333334,86.66666666666667,0.0015984000056050718,0.005837700009578839,7.20999960321933e-05,0.16802549999556504,0.28454779999447055,0.09110550000332296,0.024272199982078746,0.021784699987620115,0.02103740000165999,0.029634500009706244,0.0009716000058688223
0.2,LP3 ($ 	heta $ Only),0,42,0.001295737554296102,,4,2,0,2,0.00010976887108051002,80.0,20.0,0.005869899992831051,0.014759100013179705,0.0004039999912492931,0.4008726000029128,0.2595238999929279,0.10679049999453127,0.023490499996114522,0.024875200004316866,0.019801899994490668,0.020046599995112047,0.00048820002120919526
0.2,LP3 ($ 	heta $ Only),1,43,0.0,,0,0,0,0,0.0,0.0,100.0,0.005588200001511723,0.005364499986171722,6.93999754730612e-05,0.1493870000122115,0.27449239999987185,0.1882577000069432,0.031733700016047806,0.02591200001188554,0.04364930000156164,0.03630519998841919,0.0005003999976906925
0.2,LP3 ($ 	heta $ Only),2,45,0.0,,0,0,0,0,0.0,0.0,100.0,0.004646800021873787,0.010753999988082796,7.570002344436944e-05,0.23650300002191216,0.3122276999929454,0.13328430001274683,0.02618149999761954,0.02623479999601841,0.029840500006685033,0.024394299980485812,0.0005024999845772982
0.2,LP3 ($ 	heta $ Only),3,48,0.001427491208305138,,2,6,1,5,0.00013425898645217922,80.0,20.0,0.0033109000069089234,0.005974300001980737,0.00037629998405463994,0.1664720000117086,0.2683197000005748,0.15565309999510646,0.02272499998798594,0.024302400008309633,0.020334200002253056,0.021263000002363697,0.0004981000092811882
0.2,LP3 ($ 	heta $ Only),4,52,0.0007157597030431911,,0,2,0,2,6.506906391301737e-05,33.333333333333336,66.66666666666666,0.00580640000407584,0.005484599998453632,7.06000137142837e-05,0.16991770002641715,0.32143539999378845,0.25593510002363473,0.04916840000078082,0.045161500020185485,0.034866000001784414,0.026137100008782,0.0016401999746449292
0.2,LP3 ($ 	heta $ Only),5,57,0.0027623455527676275,,0,9,2,7,0.0002333085316983756,86.66666666666667,13.333333333333329,0.004326100024627522,0.0058271999878343195,0.00010770000517368317,0.17536459999973886,0.2959365999849979,0.12978069999371655,0.021336199977668002,0.022544900013599545,0.023752800014335662,0.02478300000075251,0.0016931999998632818
0.2,LP3 ($ 	heta $ Only),6,63,0.001341573107580706,,1,5,2,3,0.00010567353251910023,53.333333333333336,46.666666666666664,0.0017472999752499163,0.00540049999835901,0.00038010001298971474,0.16504019999410957,0.2658487999869976,0.15288629999849945,0.028677199996309355,0.030117099988274276,0.025038199994014576,0.027087900001788512,0.0009680999792180955
0.2,LP3 ($ 	heta $ Only),7,70,0.0003260512750146642,,0,2,0,2,2.964102500133311e-05,13.333333333333334,86.66666666666667,0.0016134999750647694,0.007462999987183139,0.00018679999629966915,0.15416299999924377,0.286437400005525,0.15451589997974224,0.03002909998758696,0.028971899999305606,0.025522699987050146,0.023980099998880178,0.0009698999929241836
0.2,LP3 ($ 	heta $ Only),8,78,0.002011182348476185,,0,7,1,6,0.00019685438705365816,86.66666666666667,13.333333333333329,0.0016070000128820539,0.008610799995949492,0.00012120002065785229,0.1625793999992311,0.34110570000484586,0.14453250000951812,0.04745129999355413,0.02834769999026321,0.02675609997822903,0.027098100021248683,0.000972400011960417
0.2,LP3 ($ 	heta $ Only),9,87,0.002638051803938572,,5,10,2,8,0.00021176642644709737,86.66666666666667,13.333333333333329,0.0016013999993447214,0.00866129997302778,0.0006108999950811267,0.16678420000243932,0.2822893999982625,0.15618680001352914,0.027259099995717406,0.026814700016984716,0.024492700002156198,0.03277910000178963,0.0009296000062022358
0.2,LP3 ($ 	heta $ Only),10,97,0.000855973795204219,,1,4,0,4,6.413397755533742e-05,40.0,60.0,0.0015910000074654818,0.008623200003057718,0.0003978000022470951,0.17498260000138544,0.2575893000175711,0.1029807000013534,0.030856400000629947,0.02657400001771748,0.024046100006671622,0.028156699991086498,0.0009579999896232039
0.2,LP3 ($ 	heta $ Only),11,108,0.0010084513482197042,,2,4,2,2,9.246644970943915e-05,53.333333333333336,46.666666666666664,0.0016016000008676201,0.0073164000059477985,0.00039209998794831336,0.20472690000315197,0.42042800001217984,0.1803868999995757,0.025347700022393838,0.02738449999014847,0.030422499985434115,0.030199000000720844,0.0004964999970979989
0.2,LP3 ($ 	heta $ Only),12,120,0.0015712081146596205,,0,7,1,6,0.00013099594980883574,73.33333333333333,26.66666666666667,0.001714700018055737,0.006443200021749362,7.249999907799065e-05,0.15918299998156726,0.29475230001844466,0.14197980001335964,0.02631650000694208,0.02233489998616278,0.030464999988907948,0.02948090000427328,0.000538699998287484
0.2,LP3 ($ 	heta $ Only),13,133,0.0003915044678148563,,1,2,0,2,3.809828583312583e-05,26.666666666666668,73.33333333333333,0.0016312999941874295,0.006229899998288602,0.0003935999993700534,0.15412019999348558,0.25558120000641793,0.1049265000037849,0.026925799989840016,0.026871199981542304,0.026634400011971593,0.03095640000537969,0.0005587000050581992
0.2,LP3 ($ 	heta $ Only),14,147,0.0032040444661274236,,1,12,3,9,0.00031001450337270187,86.66666666666667,13.333333333333329,0.0018128000083379447,0.009318199998233467,0.00040729998727329075,0.1716978000185918,0.27403729999787174,0.1432968000008259,0.02759499999228865,0.04811979999067262,0.04217220001737587,0.1533486999978777,0.0017374999879393727
0.2,LP3 ($ 	heta $ Only),15,162,0.0005335244579008709,,3,2,0,2,4.850222344553372e-05,20.0,80.0,0.005017999996198341,0.016680699976859614,0.0004230999911669642,0.19303120000404306,0.2697197000088636,0.13249329998507164,0.02329549999558367,0.020928700017975643,0.022750700009055436,0.02294550000806339,0.0004916999896522611
0.2,LP3 ($ 	heta $ Only),16,178,0.0010380019991605674,,2,3,0,3,8.97035581122118e-05,66.66666666666667,33.33333333333333,0.0029055999766569585,0.006579100008821115,0.00037659998633898795,0.16945859999395907,0.3267446999961976,0.15103830001316965,0.027761399978771806,0.029312600003322586,0.04447200000868179,0.03379819999099709,0.0005435000057332218
0.2,LP3 ($ 	heta $ Only),17,195,0.0,,0,0,0,0,0.0,0.0,100.0,0.0016216000076383352,0.006946899986360222,7.479998748749495e-05,0.17316519998712465,0.37759300001198426,0.12698820000514388,0.02687339999829419,0.02566859999205917,0.029173399991123006,0.029157199984183535,0.0005137999833095819
0.2,LP3 ($ 	heta $ Only),18,213,0.0017607892280563958,,0,5,1,4,0.0001766412242480595,73.33333333333333,26.66666666666667,0.0016120999935083091,0.006278699991526082,8.05000017862767e-05,0.1830130000016652,0.25753549998626113,0.14184469997417182,0.02956259998609312,0.0323365000076592,0.026548399997409433,0.027466700004879385,0.0010020000045187771
0.2,LP3 ($ 	heta $ Only),19,232,0.000706355749905152,,0,2,0,2,7.330506817319551e-05,26.666666666666668,73.33333333333333,0.0019518000190146267,0.007904600002802908,0.0001154000055976212,0.17963259998941794,0.28660280001349747,0.17067339998902753,0.037706200004322454,0.04125949999433942,0.030407400015974417,0.02458570001181215,0.0005920000257901847
0.2,LP3 ($ 	heta $ Only),20,252,0.0018999719422574295,,1,11,2,9,0.0002216526470513421,86.66666666666667,13.333333333333329,0.0037235999770928174,0.007968299993081018,0.0006189999985508621,0.18078320001950487,0.2772762000095099,0.14041490000090562,0.022370299993781373,0.02315320001798682,0.023351899988483638,0.023566099989693612,0.0004990999877918512
0.2,LP3 ($ 	heta $ Only),21,273,0.0009476168181852902,,0,3,0,3,7.116608965270644e-05,46.666666666666664,53.333333333333336,0.0033668000251054764,0.0066223000176250935,7.56000226829201e-05,0.18748510000295937,0.29523000001790933,0.107563300000038,0.043836999975610524,0.0316725000157021,0.03211080000619404,0.028548500005854294,0.001193000003695488
0.2,LP3 ($ 	heta $ Only),22,295,0.0017695813985027025,,1,7,3,4,0.00016301111598378504,80.0,20.0,0.0018319000082556158,0.006751799985067919,0.00045349998981691897,0.1641269999963697,0.27616560002206825,0.14585910001187585,0.027395800017984584,0.025771899992832914,0.030652599991299212,0.02637570002116263,0.000499200017657131
0.2,LP3 ($ 	heta $ Only),23,318,0.0,,0,0,0,0,0.0,0.0,100.0,0.0016284000012092292,0.005785299988929182,6.920000305399299e-05,0.14433509999071248,0.33492769999429584,0.14521680001053028,0.02570109997759573,0.032681799988495186,0.03422909998334944,0.03767879999941215,0.0016493000148329884
0.2,LP3 ($ 	heta $ Only),24,342,0.0010450741809351067,,0,3,0,3,8.531279712887902e-05,53.333333333333336,46.666666666666664,0.0068552000157069415,0.015237299987347797,0.00012079998850822449,0.16946909998659976,0.5262838999915402,0.0805666999949608,0.025524099997710437,0.026820400002179667,0.021692899987101555,0.021148100000573322,0.0006715000199619681
0.2,LP3 ($ 	heta $ Only),25,367,0.0018491881820959766,,1,9,2,7,0.00014179035204744413,86.66666666666667,13.333333333333329,0.0016067999822553247,0.005449599993880838,0.00036949999048374593,0.17716220000875182,0.2585583000036422,0.12712869999813847,0.02427740002167411,0.02361250002286397,0.027654599980451167,0.03119380000862293,0.000967800006037578
0.2,LP3 ($ 	heta $ Only),26,393,0.002916741777286773,,2,9,2,7,0.0002800668597283985,86.66666666666667,13.333333333333329,0.002625699999043718,0.009074400004465133,0.00039889998151920736,0.16605460000573657,0.5566472000209615,0.1597810999955982,0.035923899995395914,0.04090439999708906,0.042964499996742234,0.042216200003167614,0.0019097000185865909
0.2,LP3 ($ 	heta $ Only),27,420,0.0007340530924759385,,0,2,0,2,5.764119022508529e-05,20.0,80.0,0.004680600017309189,0.011708100006217137,0.0001270999782718718,0.23403520000283606,0.3026626000064425,0.12467209997703321,0.02707609999924898,0.030637100018793717,0.023721000005025417,0.021326899994164705,0.0005118999979458749
0.2,LP3 ($ 	heta $ Only),28,448,0.0012836492241870552,,1,3,1,2,0.00014996981726618324,46.666666666666664,53.333333333333336,0.00260470001376234,0.007783099979860708,0.0006104000203777105,0.16328450001310557,0.25037130000418983,0.08455130000947975,0.0317716000135988,0.02850000001490116,0.026051799999549985,0.03244300000369549,0.0004984000115655363
0.2,LP3 ($ 	heta $ Only),29,477,0.00037892757793218435,,2,2,0,2,3.444796163019858e-05,26.666666666666668,73.33333333333333,0.001939000008860603,0.008427499997196719,0.000618099991697818,0.16556320001836866,0.2943416000052821,0.12619000000995584,0.03011799999512732,0.029870900005334988,0.026056700007757172,0.028292399976635352,0.0005790000141132623
0.2,LP3 ($ 	heta $ Only),30,507,0.00193014071373122,,0,7,3,4,0.00019554268456755877,80.0,20.0,0.001790100010111928,0.008712900016689673,7.770000956952572e-05,0.16101410001283512,0.5211853999935556,0.11208009999245405,0.02814290000242181,0.021000499982619658,0.023484400007873774,0.0275917999970261,0.0009727999859023839
0.2,LP3 ($ 	heta $ Only),31,538,0.001798003213980338,,0,7,3,4,0.0001599703343833667,93.33333333333333,6.666666666666671,0.0018931000086013228,0.013510899996617809,0.00012489999062381685,0.16332249998231418,0.259437100001378,0.10857879999093711,0.02525399997830391,0.02810150000732392,0.026306400017347187,0.03036379997502081,0.0009780999971553683
0.2,LP3 ($ 	heta $ Only),32,570,0.0017081209095989557,,0,4,1,3,0.0001296005835389003,46.666666666666664,53.333333333333336,0.002346399996895343,0.006686599983368069,7.169999298639596e-05,0.18481219999375753,0.3235854999802541,0.1134019999881275,0.030228800023905933,0.026477000006707385,0.02669549998245202,0.022478300001239404,0.0005147000192664564
0.2,LP3 ($ 	heta $ Only),33,603,0.0014085069070384107,,2,7,0,7,0.00012883716214861978,80.0,20.0,0.0020169000199530274,0.00781979999737814,0.0005650999955832958,0.1569428000075277,0.3481115000031423,0.13539810001384467,0.023347900016233325,0.027872699982253835,0.03327869999338873,0.11705990001792088,0.0033124999899882823
0.2,LP3 ($ 	heta $ Only),34,637,0.0011583126423038914,,3,5,0,5,8.3706607805409e-05,40.0,60.0,0.016012300009606406,0.016077800013590604,0.0013438999885693192,0.2639633000071626,0.28918689998681657,0.14925839999341406,0.023878400010289624,0.03404549998231232,0.038836599997011945,0.025703299994347617,0.0005477999802678823
0.2,LP3 ($ 	heta $ Only),35,672,0.0005328816431998706,,3,2,1,1,4.1856263858887105e-05,20.0,80.0,0.003279099997598678,0.0081472999881953,0.0009781999979168177,0.1560318000265397,0.3345015999802854,0.15896390000125393,0.03072249999968335,0.02939809998497367,0.022093300009146333,0.02123300000675954,0.0009476000268477947
0.2,LP3 ($ 	heta $ Only),36,708,0.0018283284877003724,,0,5,1,4,0.0001865443654038768,86.66666666666667,13.333333333333329,0.0017804999952204525,0.0053038999903947115,6.970000686123967e-05,0.22379009998985566,0.2597138000128325,0.14047529999515973,0.02840700000524521,0.03162799999699928,0.028742100024828687,0.02420060001895763,0.0005053000058978796
0.2,LP3 ($ 	heta $ Only),37,745,0.002157632260352494,,1,7,1,6,0.00021466730682307122,86.66666666666667,13.333333333333329,0.0016134000034071505,0.007289899978786707,0.0005849000008311123,0.16265670000575483,0.3270836000156123,0.12126270000590011,0.02450129998032935,0.02996720001101494,0.031741400016471744,0.03418809999129735,0.000977099989540875
0.2,LP3 ($ 	heta $ Only),38,783,0.0011862347131720247,,0,5,2,3,0.00011208556247871106,60.0,40.0,0.0016231999907176942,0.008494900015648454,7.719997665844858e-05,0.1953841999929864,0.3768930000078399,0.22157140000490472,0.030057800002396107,0.027776299975812435,0.040890000003855675,0.03493789999629371,0.000983500009169802
0.2,LP3 ($ 	heta $ Only),39,822,0.0026785205456010368,,1,7,1,6,0.00025832884605646485,86.66666666666667,13.333333333333329,0.002609000017400831,0.007204299996374175,0.0005939000111538917,0.18770360000780784,0.30044739998993464,0.11823169997660443,0.029530600004363805,0.02617830000235699,0.020461899985093623,0.02498849999392405,0.0016586999990977347
0.2,LP3 ($ 	heta $ Only),40,862,0.0024092573006561763,,0,8,1,7,0.00019809118427635599,93.33333333333333,6.666666666666671,0.002316899975994602,0.006705899984808639,7.760000880807638e-05,0.16049509998993017,0.2989773999725003,0.12233730001025833,0.0274187000177335,0.027678900019964203,0.023611400014488026,0.031295299995690584,0.0007996999775059521
0.2,LP3 ($ 	heta $ Only),41,903,0.0015993901284221028,,0,6,2,4,0.0001488785484580328,80.0,20.0,0.0016084999951999635,0.0094913000066299,0.00014849999570287764,0.18395690000033937,0.27604430000064895,0.15649429999757558,0.046408999973209575,0.04376249999040738,0.03466970002045855,0.030316300020786002,0.0012741000100504607
0.2,LP3 ($ 	heta $ Only),42,945,0.001211512768405124,,2,4,0,4,0.00010307909107851849,73.33333333333333,26.66666666666667,0.0016261999844573438,0.006998500000918284,0.0003931000246666372,0.1491317999898456,0.33219370001461357,0.13443830001051538,0.026198400009889156,0.028685799974482507,0.02950450000935234,0.025729100016178563,0.0004965999978594482
0.2,LP3 ($ 	heta $ Only),43,988,0.0014891496752740324,,1,4,0,4,0.00012277775943133013,93.33333333333333,6.666666666666671,0.0018022999865934253,0.006453500012867153,0.00038350000977516174,0.17838699999265373,0.27707929999451153,0.09989039998617955,0.053697199997259304,0.03128510000533424,0.023888600000645965,0.03067959999316372,0.0009605999803170562
0.2,LP3 ($ 	heta $ Only),44,1032,0.0010817027596008255,,5,2,1,1,0.0001044040845202346,46.666666666666664,53.333333333333336,0.0016072000144049525,0.009497299994109198,0.0005885999999009073,0.14606309999362566,0.2933597000082955,0.13241990000824444,0.021593500016024336,0.020272299996577203,0.02273830000194721,0.024313400004757568,0.00048149999929592013
0.2,LP3 ($ 	heta $ Only),45,1077,0.001400215883040925,,0,4,1,3,0.0001355549563083386,73.33333333333333,26.66666666666667,0.0018450999923516065,0.008896499988622963,7.690000347793102e-05,0.2702411999925971,0.2666623000113759,0.11700329999439418,0.031216300005326048,0.03006930000265129,0.03194369998527691,0.030407899990677834,0.0009719999798107892
0.2,LP3 ($ 	heta $ Only),46,1123,0.002012282303300301,,1,8,1,7,0.0001608168015127071,73.33333333333333,26.66666666666667,0.001978199987206608,0.005571000016061589,0.0003628999984357506,0.16030010001850314,0.28922229999443516,0.12009630000102334,0.02642749997903593,0.0366296999854967,0.07248690002597868,0.07969169999705628,0.0014496000076178461
0.2,LP3 ($ 	heta $ Only),47,1170,0.0005248294663587548,,0,2,0,2,2.975378411232165e-05,6.666666666666667,93.33333333333333,0.07362210002611391,0.01446639999630861,0.00017099999240599573,0.23704710000311024,0.26438179999240674,0.13493070000549778,0.025705200008815154,0.02685840000049211,0.027303400012897328,0.02617680002003908,0.0005011000030208379
0.2,LP3 ($ 	heta $ Only),48,1218,0.0008903445805677158,,4,2,0,2,5.6717683640390506e-05,40.0,60.0,0.004344599990872666,0.005761799984611571,0.0003869999782182276,0.15312920001451857,0.2700974000035785,0.1172810000134632,0.02990600001066923,0.023743099998682737,0.03033879998838529,0.02842600000440143,0.0009319999953731894
0.2,LP3 ($ 	heta $ Only),49,1267,0.0004858549878931778,,0,2,0,2,4.416863526301617e-05,33.333333333333336,66.66666666666666,0.0015984000056050718,0.005837700009578839,7.20999960321933e-05,0.16802549999556504,0.28454779999447055,0.09110550000332296,0.024272199982078746,0.021784699987620115,0.02103740000165999,0.029634500009706244,0.0009716000058688223
0.2,Weighted LP3 ($ 	heta $ Only),0,42,0.0009047968400013661,,4,2,0,2,9.519646764217431e-05,66.66666666666667,33.33333333333333,0.005869899992831051,0.014759100013179705,0.0004039999912492931,0.4008726000029128,0.2595238999929279,0.10679049999453127,0.023490499996114522,0.024875200004316866,0.019801899994490668,0.020046599995112047,0.00048820002120919526
0.2,Weighted LP3 ($ 	heta $ Only),1,43,0.0,,0,0,0,0,0.0,0.0,100.0,0.005588200001511723,0.005364499986171722,6.93999754730612e-05,0.1493870000122115,0.27449239999987185,0.1882577000069432,0.031733700016047806,0.02591200001188554,0.04364930000156164,0.03630519998841919,0.0005003999976906925
0.2,Weighted LP3 ($ 	heta $ Only),2,45,0.0,,0,0,0,0,0.0,0.0,100.0,0.004646800021873787,0.010753999988082796,7.570002344436944e-05,0.23650300002191216,0.3122276999929454,0.13328430001274683,0.02618149999761954,0.02623479999601841,0.029840500006685033,0.024394299980485812,0.0005024999845772982
0.2,Weighted LP3 ($ 	heta $ Only),3,48,0.0010321915067680002,,2,6,1,5,0.0001196265165723704,86.66666666666667,13.333333333333329,0.0033109000069089234,0.005974300001980737,0.00037629998405463994,0.1664720000117086,0.2683197000005748,0.15565309999510646,0.02272499998798594,0.024302400008309633,0.020334200002253056,0.021263000002363697,0.0004981000092811882
0.2,Weighted LP3 ($ 	heta $ Only),4,52,0.0004988628233331332,,0,2,0,2,6.506906391301737e-05,33.333333333333336,66.66666666666666,0.00580640000407584,0.005484599998453632,7.06000137142837e-05,0.16991770002641715,0.32143539999378845,0.25593510002363473,0.04916840000078082,0.045161500020185485,0.034866000001784414,0.026137100008782,0.0016401999746449292
0.2,Weighted LP3 ($ 	heta $ Only),5,57,0.0020211080823357716,,0,8,1,7,0.00023330853169837578,86.66666666666667,13.333333333333329,0.004326100024627522,0.0058271999878343195,0.00010770000517368317,0.17536459999973886,0.2959365999849979,0.12978069999371655,0.021336199977668002,0.022544900013599545,0.023752800014335662,0.02478300000075251,0.0016931999998632818
0.2,Weighted LP3 ($ 	heta $ Only),6,63,0.0011002186633115292,,1,4,1,3,0.00010643990719047175,60.0,40.0,0.0017472999752499163,0.00540049999835901,0.00038010001298971474,0.16504019999410957,0.2658487999869976,0.15288629999849945,0.028677199996309355,0.030117099988274276,0.025038199994014576,0.027087900001788512,0.0009680999792180955
0.2,Weighted LP3 ($ 	heta $ Only),7,70,0.00022724785834355381,,0,2,0,2,2.964102500133311e-05,13.333333333333334,86.66666666666667,0.0016134999750647694,0.007462999987183139,0.00018679999629966915,0.15416299999924377,0.286437400005525,0.15451589997974224,0.03002909998758696,0.028971899999305606,0.025522699987050146,0.023980099998880178,0.0009698999929241836
0.2,Weighted LP3 ($ 	heta $ Only),8,78,0.0014447440717527112,,0,8,0,8,0.0001683426702721505,80.0,20.0,0.0016070000128820539,0.008610799995949492,0.00012120002065785229,0.1625793999992311,0.34110570000484586,0.14453250000951812,0.04745129999355413,0.02834769999026321,0.02675609997822903,0.027098100021248683,0.000972400011960417
0.2,Weighted LP3 ($ 	heta $ Only),9,87,0.0020246559290349603,,5,11,3,8,0.00017745138049457684,80.0,20.0,0.0016013999993447214,0.00866129997302778,0.0006108999950811267,0.16678420000243932,0.2822893999982625,0.15618680001352914,0.027259099995717406,0.026814700016984716,0.024492700002156198,0.03277910000178963,0.0009296000062022358
0.2,Weighted LP3 ($ 	heta $ Only),10,97,0.0005920271893212584,,1,4,0,4,6.413397755533742e-05,40.0,60.0,0.0015910000074654818,0.008623200003057718,0.0003978000022470951,0.17498260000138544,0.2575893000175711,0.1029807000013534,0.030856400000629947,0.02657400001771748,0.024046100006671622,0.028156699991086498,0.0009579999896232039
0.2,Weighted LP3 ($ 	heta $ Only),11,108,0.0007841451399690666,,2,3,1,2,9.20650298881447e-05,53.333333333333336,46.666666666666664,0.0016016000008676201,0.0073164000059477985,0.00039209998794831336,0.20472690000315197,0.42042800001217984,0.1803868999995757,0.025347700022393838,0.02738449999014847,0.030422499985434115,0.030199000000720844,0.0004964999970979989
0.2,Weighted LP3 ($ 	heta $ Only),12,120,0.0011835807726108352,,0,6,1,5,0.00013090484481679353,80.0,20.0,0.001714700018055737,0.006443200021749362,7.249999907799065e-05,0.15918299998156726,0.29475230001844466,0.14197980001335964,0.02631650000694208,0.02233489998616278,0.030464999988907948,0.02948090000427328,0.000538699998287484
0.2,Weighted LP3 ($ 	heta $ Only),13,133,0.0002736412328139052,,1,1,0,1,3.56923347148572e-05,13.333333333333334,86.66666666666667,0.0016312999941874295,0.006229899998288602,0.0003935999993700534,0.15412019999348558,0.25558120000641793,0.1049265000037849,0.026925799989840016,0.026871199981542304,0.026634400011971593,0.03095640000537969,0.0005587000050581992
0.2,Weighted LP3 ($ 	heta $ Only),14,147,0.00264886381387467,,1,15,4,11,0.0003119979436602978,86.66666666666667,13.333333333333329,0.0018128000083379447,0.009318199998233467,0.00040729998727329075,0.1716978000185918,0.27403729999787174,0.1432968000008259,0.02759499999228865,0.04811979999067262,0.04217220001737587,0.1533486999978777,0.0017374999879393727
0.2,Weighted LP3 ($ 	heta $ Only),15,162,0.00037185037974909183,,3,2,0,2,4.850222344553372e-05,20.0,80.0,0.005017999996198341,0.016680699976859614,0.0004230999911669642,0.19303120000404306,0.2697197000088636,0.13249329998507164,0.02329549999558367,0.020928700017975643,0.022750700009055436,0.02294550000806339,0.0004916999896522611
0.2,Weighted LP3 ($ 	heta $ Only),16,178,0.0007211993133616013,,2,3,0,3,8.744124951104542e-05,66.66666666666667,33.33333333333333,0.0029055999766569585,0.006579100008821115,0.00037659998633898795,0.16945859999395907,0.3267446999961976,0.15103830001316965,0.027761399978771806,0.029312600003322586,0.04447200000868179,0.03379819999099709,0.0005435000057332218
0.2,Weighted LP3 ($ 	heta $ Only),17,195,0.0,,0,0,0,0,0.0,0.0,100.0,0.0016216000076383352,0.006946899986360222,7.479998748749495e-05,0.17316519998712465,0.37759300001198426,0.12698820000514388,0.02687339999829419,0.02566859999205917,0.029173399991123006,0.029157199984183535,0.0005137999833095819
0.2,Weighted LP3 ($ 	heta $ Only),18,213,0.0013109007475890595,,0,6,1,5,0.00016416868140692537,66.66666666666667,33.33333333333333,0.0016120999935083091,0.006278699991526082,8.05000017862767e-05,0.1830130000016652,0.25753549998626113,0.14184469997417182,0.02956259998609312,0.0323365000076592,0.026548399997409433,0.027466700004879385,0.0010020000045187771
0.2,Weighted LP3 ($ 	heta $ Only),19,232,0.0004953388559944996,,0,1,0,1,7.330506817319554e-05,26.666666666666668,73.33333333333333,0.0019518000190146267,0.007904600002802908,0.0001154000055976212,0.17963259998941794,0.28660280001349747,0.17067339998902753,0.037706200004322454,0.04125949999433942,0.030407400015974417,0.02458570001181215,0.0005920000257901847
0.2,Weighted LP3 ($ 	heta $ Only),20,252,0.001385418884600645,,1,9,1,8,0.0001559779365925103,80.0,20.0,0.0037235999770928174,0.007968299993081018,0.0006189999985508621,0.18078320001950487,0.2772762000095099,0.14041490000090562,0.022370299993781373,0.02315320001798682,0.023351899988483638,0.023566099989693612,0.0004990999877918512
0.2,Weighted LP3 ($ 	heta $ Only),21,273,0.0006751310885420304,,0,3,0,3,6.502147366104408e-05,33.333333333333336,66.66666666666666,0.0033668000251054764,0.0066223000176250935,7.56000226829201e-05,0.18748510000295937,0.29523000001790933,0.107563300000038,0.043836999975610524,0.0316725000157021,0.03211080000619404,0.028548500005854294,0.001193000003695488
0.2,Weighted LP3 ($ 	heta $ Only),22,295,0.0014306992901140397,,1,7,2,5,0.00013472336360073337,86.66666666666667,13.333333333333329,0.0018319000082556158,0.006751799985067919,0.00045349998981691897,0.1641269999963697,0.27616560002206825,0.14585910001187585,0.027395800017984584,0.025771899992832914,0.030652599991299212,0.02637570002116263,0.000499200017657131
0.2,Weighted LP3 ($ 	heta $ Only),23,318,0.0,,0,0,0,0,0.0,0.0,100.0,0.0016284000012092292,0.005785299988929182,6.920000305399299e-05,0.14433509999071248,0.33492769999429584,0.14521680001053028,0.02570109997759573,0.032681799988495186,0.03422909998334944,0.03767879999941215,0.0016493000148329884
0.2,Weighted LP3 ($ 	heta $ Only),24,342,0.000725165785847023,,0,3,0,3,8.530644743335552e-05,46.666666666666664,53.333333333333336,0.0068552000157069415,0.015237299987347797,0.00012079998850822449,0.16946909998659976,0.5262838999915402,0.0805666999949608,0.025524099997710437,0.026820400002179667,0.021692899987101555,0.021148100000573322,0.0006715000199619681
0.2,Weighted LP3 ($ 	heta $ Only),25,367,0.0013964338061447827,,1,9,2,7,0.00014179035204744413,86.66666666666667,13.333333333333329,0.0016067999822553247,0.005449599993880838,0.00036949999048374593,0.17716220000875182,0.2585583000036422,0.12712869999813847,0.02427740002167411,0.02361250002286397,0.027654599980451167,0.03119380000862293,0.000967800006037578
0.2,Weighted LP3 ($ 	heta $ Only),26,393,0.0023863367353324895,,2,11,2,9,0.0002606408076160891,86.66666666666667,13.333333333333329,0.002625699999043718,0.009074400004465133,0.00039889998151920736,0.16605460000573657,0.5566472000209615,0.1597810999955982,0.035923899995395914,0.04090439999708906,0.042964499996742234,0.042216200003167614,0.0019097000185865909
0.2,Weighted LP3 ($ 	heta $ Only),27,420,0.0005419157917256542,,0,2,0,2,5.764119022508529e-05,20.0,80.0,0.004680600017309189,0.011708100006217137,0.0001270999782718718,0.23403520000283606,0.3026626000064425,0.12467209997703321,0.02707609999924898,0.030637100018793717,0.023721000005025417,0.021326899994164705,0.0005118999979458749
0.2,Weighted LP3 ($ 	heta $ Only),28,448,0.0009636254583909284,,1,3,1,2,0.0001499698172661833,46.666666666666664,53.333333333333336,0.00260470001376234,0.007783099979860708,0.0006104000203777105,0.16328450001310557,0.25037130000418983,0.08455130000947975,0.0317716000135988,0.02850000001490116,0.026051799999549985,0.03244300000369549,0.0004984000115655363
0.2,Weighted LP3 ($ 	heta $ Only),29,477,0.00026410103916485575,,2,2,0,2,3.444796163019858e-05,26.666666666666668,73.33333333333333,0.001939000008860603,0.008427499997196719,0.000618099991697818,0.16556320001836866,0.2943416000052821,0.12619000000995584,0.03011799999512732,0.029870900005334988,0.026056700007757172,0.028292399976635352,0.0005790000141132623
0.2,Weighted LP3 ($ 	heta $ Only),30,507,0.0015631870198347375,,0,7,3,4,0.000195462873023366,73.33333333333333,26.66666666666667,0.001790100010111928,0.008712900016689673,7.770000956952572e-05,0.16101410001283512,0.5211853999935556,0.11208009999245405,0.02814290000242181,0.021000499982619658,0.023484400007873774,0.0275917999970261,0.0009727999859023839
0.2,Weighted LP3 ($ 	heta $ Only),31,538,0.0014604661327775408,,0,8,3,5,0.0001428838074116822,93.33333333333333,6.666666666666671,0.0018931000086013228,0.013510899996617809,0.00012489999062381685,0.16332249998231418,0.259437100001378,0.10857879999093711,0.02525399997830391,0.02810150000732392,0.026306400017347187,0.03036379997502081,0.0009780999971553683
0.2,Weighted LP3 ($ 	heta $ Only),32,570,0.0013075142977949114,,0,5,1,4,0.00012961645526865975,46.666666666666664,53.333333333333336,0.002346399996895343,0.006686599983368069,7.169999298639596e-05,0.18481219999375753,0.3235854999802541,0.1134019999881275,0.030228800023905933,0.026477000006707385,0.02669549998245202,0.022478300001239404,0.0005147000192664564
0.2,Weighted LP3 ($ 	heta $ Only),33,603,0.0009935811313438385,,2,6,0,6,0.00013037529463703014,73.33333333333333,26.66666666666667,0.0020169000199530274,0.00781979999737814,0.0005650999955832958,0.1569428000075277,0.3481115000031423,0.13539810001384467,0.023347900016233325,0.027872699982253835,0.03327869999338873,0.11705990001792088,0.0033124999899882823
0.2,Weighted LP3 ($ 	heta $ Only),34,637,0.0008001106308043973,,3,5,0,5,8.3706607805409e-05,40.0,60.0,0.016012300009606406,0.016077800013590604,0.0013438999885693192,0.2639633000071626,0.28918689998681657,0.14925839999341406,0.023878400010289624,0.03404549998231232,0.038836599997011945,0.025703299994347617,0.0005477999802678823
0.2,Weighted LP3 ($ 	heta $ Only),35,672,0.0004207051967632201,,3,2,1,1,4.1856263858887105e-05,20.0,80.0,0.003279099997598678,0.0081472999881953,0.0009781999979168177,0.1560318000265397,0.3345015999802854,0.15896390000125393,0.03072249999968335,0.02939809998497367,0.022093300009146333,0.02123300000675954,0.0009476000268477947
0.2,Weighted LP3 ($ 	heta $ Only),36,708,0.0013788598739378996,,0,3,0,3,0.00018103941225722881,86.66666666666667,13.333333333333329,0.0017804999952204525,0.0053038999903947115,6.970000686123967e-05,0.22379009998985566,0.2597138000128325,0.14047529999515973,0.02840700000524521,0.03162799999699928,0.028742100024828687,0.02420060001895763,0.0005053000058978796
0.2,Weighted LP3 ($ 	heta $ Only),37,745,0.0015905425007820661,,1,6,1,5,0.0001815633851968563,80.0,20.0,0.0016134000034071505,0.007289899978786707,0.0005849000008311123,0.16265670000575483,0.3270836000156123,0.12126270000590011,0.02450129998032935,0.02996720001101494,0.031741400016471744,0.03418809999129735,0.000977099989540875
0.2,Weighted LP3 ($ 	heta $ Only),38,783,0.0009008206830869593,,0,5,1,4,0.00011171681027769231,73.33333333333333,26.66666666666667,0.0016231999907176942,0.008494900015648454,7.719997665844858e-05,0.1953841999929864,0.3768930000078399,0.22157140000490472,0.030057800002396107,0.027776299975812435,0.040890000003855675,0.03493789999629371,0.000983500009169802
0.2,Weighted LP3 ($ 	heta $ Only),39,822,0.0020858081912593215,,1,7,1,6,0.00023784169748461623,86.66666666666667,13.333333333333329,0.002609000017400831,0.007204299996374175,0.0005939000111538917,0.18770360000780784,0.30044739998993464,0.11823169997660443,0.029530600004363805,0.02617830000235699,0.020461899985093623,0.02498849999392405,0.0016586999990977347
0.2,Weighted LP3 ($ 	heta $ Only),40,862,0.0017534107158075879,,0,9,1,8,0.00018703295121051997,86.66666666666667,13.333333333333329,0.002316899975994602,0.006705899984808639,7.760000880807638e-05,0.16049509998993017,0.2989773999725003,0.12233730001025833,0.0274187000177335,0.027678900019964203,0.023611400014488026,0.031295299995690584,0.0007996999775059521
0.2,Weighted LP3 ($ 	heta $ Only),41,903,0.0012412277527371204,,0,7,2,5,0.00014418457512181576,73.33333333333333,26.66666666666667,0.0016084999951999635,0.0094913000066299,0.00014849999570287764,0.18395690000033937,0.27604430000064895,0.15649429999757558,0.046408999973209575,0.04376249999040738,0.03466970002045855,0.030316300020786002,0.0012741000100504607
0.2,Weighted LP3 ($ 	heta $ Only),42,945,0.0008415968031917156,,2,4,0,4,0.0001002746801208269,53.333333333333336,46.666666666666664,0.0016261999844573438,0.006998500000918284,0.0003931000246666372,0.1491317999898456,0.33219370001461357,0.13443830001051538,0.026198400009889156,0.028685799974482507,0.02950450000935234,0.025729100016178563,0.0004965999978594482
0.2,Weighted LP3 ($ 	heta $ Only),43,988,0.0010586966415806166,,1,5,0,5,0.00012226728971456748,86.66666666666667,13.333333333333329,0.0018022999865934253,0.006453500012867153,0.00038350000977516174,0.17838699999265373,0.27707929999451153,0.09989039998617955,0.053697199997259304,0.03128510000533424,0.023888600000645965,0.03067959999316372,0.0009605999803170562
0.2,Weighted LP3 ($ 	heta $ Only),44,1032,0.0008544253775223689,,5,2,1,1,0.0001044040845202346,46.666666666666664,53.333333333333336,0.0016072000144049525,0.009497299994109198,0.0005885999999009073,0.14606309999362566,0.2933597000082955,0.13241990000824444,0.021593500016024336,0.020272299996577203,0.02273830000194721,0.024313400004757568,0.00048149999929592013
0.2,Weighted LP3 ($ 	heta $ Only),45,1077,0.0010844698581692028,,0,4,1,3,0.00014028917291641625,73.33333333333333,26.66666666666667,0.0018450999923516065,0.008896499988622963,7.690000347793102e-05,0.2702411999925971,0.2666623000113759,0.11700329999439418,0.031216300005326048,0.03006930000265129,0.03194369998527691,0.030407899990677834,0.0009719999798107892
0.2,Weighted LP3 ($ 	heta $ Only),46,1123,0.0014230389939329728,,1,7,0,7,0.00015621119702384826,73.33333333333333,26.66666666666667,0.001978199987206608,0.005571000016061589,0.0003628999984357506,0.16030010001850314,0.28922229999443516,0.12009630000102334,0.02642749997903593,0.0366296999854967,0.07248690002597868,0.07969169999705628,0.0014496000076178461
0.2,Weighted LP3 ($ 	heta $ Only),47,1170,0.00035980423894327725,,0,2,0,2,2.9753784112321674e-05,6.666666666666667,93.33333333333333,0.07362210002611391,0.01446639999630861,0.00017099999240599573,0.23704710000311024,0.26438179999240674,0.13493070000549778,0.025705200008815154,0.02685840000049211,0.027303400012897328,0.02617680002003908,0.0005011000030208379
0.2,Weighted LP3 ($ 	heta $ Only),48,1218,0.0006136654212377235,,4,3,0,3,5.770719660171061e-05,33.333333333333336,66.66666666666666,0.004344599990872666,0.005761799984611571,0.0003869999782182276,0.15312920001451857,0.2700974000035785,0.1172810000134632,0.02990600001066923,0.023743099998682737,0.03033879998838529,0.02842600000440143,0.0009319999953731894
0.2,Weighted LP3 ($ 	heta $ Only),49,1267,0.000339343238345911,,0,2,0,2,4.4262161523379704e-05,20.0,80.0,0.0015984000056050718,0.005837700009578839,7.20999960321933e-05,0.16802549999556504,0.28454779999447055,0.09110550000332296,0.024272199982078746,0.021784699987620115,0.02103740000165999,0.029634500009706244,0.0009716000058688223
0.2,Borda LP3 ($ 	heta $ Only),0,42,0.0005836405568506233,,4,3,0,3,8.942186880460197e-05,40.0,60.0,0.005869899992831051,0.014759100013179705,0.0004039999912492931,0.4008726000029128,0.2595238999929279,0.10679049999453127,0.023490499996114522,0.024875200004316866,0.019801899994490668,0.020046599995112047,0.00048820002120919526
0.2,Borda LP3 ($ 	heta $ Only),1,43,0.0,,0,0,0,0,0.0,0.0,100.0,0.005588200001511723,0.005364499986171722,6.93999754730612e-05,0.1493870000122115,0.27449239999987185,0.1882577000069432,0.031733700016047806,0.02591200001188554,0.04364930000156164,0.03630519998841919,0.0005003999976906925
0.2,Borda LP3 ($ 	heta $ Only),2,45,0.0,,0,0,0,0,0.0,0.0,100.0,0.004646800021873787,0.010753999988082796,7.570002344436944e-05,0.23650300002191216,0.3122276999929454,0.13328430001274683,0.02618149999761954,0.02623479999601841,0.029840500006685033,0.024394299980485812,0.0005024999845772982
0.2,Borda LP3 ($ 	heta $ Only),3,48,0.0011725257749814458,,2,6,1,5,0.00011579411546558006,80.0,20.0,0.0033109000069089234,0.005974300001980737,0.00037629998405463994,0.1664720000117086,0.2683197000005748,0.15565309999510646,0.02272499998798594,0.024302400008309633,0.020334200002253056,0.021263000002363697,0.0004981000092811882
0.2,Borda LP3 ($ 	heta $ Only),4,52,0.00012808587901255773,,0,1,0,1,0.00012808587901255773,13.333333333333334,86.66666666666667,0.00580640000407584,0.005484599998453632,7.06000137142837e-05,0.16991770002641715,0.32143539999378845,0.25593510002363473,0.04916840000078082,0.045161500020185485,0.034866000001784414,0.026137100008782,0.0016401999746449292
0.2,Borda LP3 ($ 	heta $ Only),5,57,0.0021053820245620254,,0,10,2,8,0.0002143598817270833,86.66666666666667,13.333333333333329,0.004326100024627522,0.0058271999878343195,0.00010770000517368317,0.17536459999973886,0.2959365999849979,0.12978069999371655,0.021336199977668002,0.022544900013599545,0.023752800014335662,0.02478300000075251,0.0016931999998632818
0.2,Borda LP3 ($ 	heta $ Only),6,63,0.001341573107580706,,1,5,2,3,0.00010567353251910023,53.333333333333336,46.666666666666664,0.0017472999752499163,0.00540049999835901,0.00038010001298971474,0.16504019999410957,0.2658487999869976,0.15288629999849945,0.028677199996309355,0.030117099988274276,0.025038199994014576,0.027087900001788512,0.0009680999792180955
0.2,Borda LP3 ($ 	heta $ Only),7,70,3.173904827989833e-05,,0,1,0,1,3.173904827989833e-05,6.666666666666667,93.33333333333333,0.0016134999750647694,0.007462999987183139,0.00018679999629966915,0.15416299999924377,0.286437400005525,0.15451589997974224,0.03002909998758696,0.028971899999305606,0.025522699987050146,0.023980099998880178,0.0009698999929241836
0.2,Borda LP3 ($ 	heta $ Only),8,78,0.002011182348476185,,0,7,1,6,0.00019685438705365816,86.66666666666667,13.333333333333329,0.0016070000128820539,0.008610799995949492,0.00012120002065785229,0.1625793999992311,0.34110570000484586,0.14453250000951812,0.04745129999355413,0.02834769999026321,0.02675609997822903,0.027098100021248683,0.000972400011960417
0.2,Borda LP3 ($ 	heta $ Only),9,87,0.002075965354539273,,5,10,2,8,0.00017601341603014042,80.0,20.0,0.0016013999993447214,0.00866129997302778,0.0006108999950811267,0.16678420000243932,0.2822893999982625,0.15618680001352914,0.027259099995717406,0.026814700016984716,0.024492700002156198,0.03277910000178963,0.0009296000062022358
0.2,Borda LP3 ($ 	heta $ Only),10,97,0.00031082801370191604,,1,3,0,3,0.00011009080407191048,20.0,80.0,0.0015910000074654818,0.008623200003057718,0.0003978000022470951,0.17498260000138544,0.2575893000175711,0.1029807000013534,0.030856400000629947,0.02657400001771748,0.024046100006671622,0.028156699991086498,0.0009579999896232039
0.2,Borda LP3 ($ 	heta $ Only),11,108,0.0008704729844758423,,2,4,1,3,9.861994794450008e-05,46.666666666666664,53.333333333333336,0.0016016000008676201,0.0073164000059477985,0.00039209998794831336,0.20472690000315197,0.42042800001217984,0.1803868999995757,0.025347700022393838,0.02738449999014847,0.030422499985434115,0.030199000000720844,0.0004964999970979989
0.2,Borda LP3 ($ 	heta $ Only),12,120,0.0015393842605704842,,0,6,1,5,0.00013090484481679363,80.0,20.0,0.001714700018055737,0.006443200021749362,7.249999907799065e-05,0.15918299998156726,0.29475230001844466,0.14197980001335964,0.02631650000694208,0.02233489998616278,0.030464999988907948,0.02948090000427328,0.000538699998287484
0.2,Borda LP3 ($ 	heta $ Only),13,133,0.0003915044678148563,,1,2,0,2,3.809828583312583e-05,26.666666666666668,73.33333333333333,0.0016312999941874295,0.006229899998288602,0.0003935999993700534,0.15412019999348558,0.25558120000641793,0.1049265000037849,0.026925799989840016,0.026871199981542304,0.026634400011971593,0.03095640000537969,0.0005587000050581992
0.2,Borda LP3 ($ 	heta $ Only),14,147,0.00279663443278771,,1,12,4,8,0.00030952669821964743,86.66666666666667,13.333333333333329,0.0018128000083379447,0.009318199998233467,0.00040729998727329075,0.1716978000185918,0.27403729999787174,0.1432968000008259,0.02759499999228865,0.04811979999067262,0.04217220001737587,0.1533486999978777,0.0017374999879393727
0.2,Borda LP3 ($ 	heta $ Only),15,162,0.0005335244579008709,,3,2,0,2,4.850222344553372e-05,20.0,80.0,0.005017999996198341,0.016680699976859614,0.0004230999911669642,0.19303120000404306,0.2697197000088636,0.13249329998507164,0.02329549999558367,0.020928700017975643,0.022750700009055436,0.02294550000806339,0.0004916999896522611
0.2,Borda LP3 ($ 	heta $ Only),16,178,0.0010362159416784638,,2,3,0,3,8.891694457100956e-05,73.33333333333333,26.66666666666667,0.0029055999766569585,0.006579100008821115,0.00037659998633898795,0.16945859999395907,0.3267446999961976,0.15103830001316965,0.027761399978771806,0.029312600003322586,0.04447200000868179,0.03379819999099709,0.0005435000057332218
0.2,Borda LP3 ($ 	heta $ Only),17,195,0.0,,0,0,0,0,0.0,0.0,100.0,0.0016216000076383352,0.006946899986360222,7.479998748749495e-05,0.17316519998712465,0.37759300001198426,0.12698820000514388,0.02687339999829419,0.02566859999205917,0.029173399991123006,0.029157199984183535,0.0005137999833095819
0.2,Borda LP3 ($ 	heta $ Only),18,213,0.0016203130869545835,,0,5,0,5,0.00019290573566425054,80.0,20.0,0.0016120999935083091,0.006278699991526082,8.05000017862767e-05,0.1830130000016652,0.25753549998626113,0.14184469997417182,0.02956259998609312,0.0323365000076592,0.026548399997409433,0.027466700004879385,0.0010020000045187771
0.2,Borda LP3 ($ 	heta $ Only),19,232,0.000706355749905152,,0,2,0,2,7.330506817319551e-05,26.666666666666668,73.33333333333333,0.0019518000190146267,0.007904600002802908,0.0001154000055976212,0.17963259998941794,0.28660280001349747,0.17067339998902753,0.037706200004322454,0.04125949999433942,0.030407400015974417,0.02458570001181215,0.0005920000257901847
0.2,Borda LP3 ($ 	heta $ Only),20,252,0.0018999719422574295,,1,11,2,9,0.0002216526470513421,86.66666666666667,13.333333333333329,0.0037235999770928174,0.007968299993081018,0.0006189999985508621,0.18078320001950487,0.2772762000095099,0.14041490000090562,0.022370299993781373,0.02315320001798682,0.023351899988483638,0.023566099989693612,0.0004990999877918512
0.2,Borda LP3 ($ 	heta $ Only),21,273,0.0009476168181852902,,0,3,0,3,7.116608965270644e-05,40.0,60.0,0.0033668000251054764,0.0066223000176250935,7.56000226829201e-05,0.18748510000295937,0.29523000001790933,0.107563300000038,0.043836999975610524,0.0316725000157021,0.03211080000619404,0.028548500005854294,0.001193000003695488
0.2,Borda LP3 ($ 	heta $ Only),22,295,0.001290218138365475,,1,6,2,4,0.000133025074859914,86.66666666666667,13.333333333333329,0.0018319000082556158,0.006751799985067919,0.00045349998981691897,0.1641269999963697,0.27616560002206825,0.14585910001187585,0.027395800017984584,0.025771899992832914,0.030652599991299212,0.02637570002116263,0.000499200017657131
0.2,Borda LP3 ($ 	heta $ Only),23,318,0.0,,0,0,0,0,0.0,0.0,100.0,0.0016284000012092292,0.005785299988929182,6.920000305399299e-05,0.14433509999071248,0.33492769999429584,0.14521680001053028,0.02570109997759573,0.032681799988495186,0.03422909998334944,0.03767879999941215,0.0016493000148329884
0.2,Borda LP3 ($ 	heta $ Only),24,342,0.0006511148630886168,,0,3,0,3,7.908033126363467e-05,40.0,60.0,0.0068552000157069415,0.015237299987347797,0.00012079998850822449,0.16946909998659976,0.5262838999915402,0.0805666999949608,0.025524099997710437,0.026820400002179667,0.021692899987101555,0.021148100000573322,0.0006715000199619681
0.2,Borda LP3 ($ 	heta $ Only),25,367,0.0018491881820959766,,1,9,2,7,0.00014179035204744413,86.66666666666667,13.333333333333329,0.0016067999822553247,0.005449599993880838,0.00036949999048374593,0.17716220000875182,0.2585583000036422,0.12712869999813847,0.02427740002167411,0.02361250002286397,0.027654599980451167,0.03119380000862293,0.000967800006037578
0.2,Borda LP3 ($ 	heta $ Only),26,393,0.002691543701241561,,2,10,3,7,0.0002804421615352992,93.33333333333333,6.666666666666671,0.002625699999043718,0.009074400004465133,0.00039889998151920736,0.16605460000573657,0.5566472000209615,0.1597810999955982,0.035923899995395914,0.04090439999708906,0.042964499996742234,0.042216200003167614,0.0019097000185865909
0.2,Borda LP3 ($ 	heta $ Only),27,420,0.0007340530924759385,,0,2,0,2,5.764119022508529e-05,13.333333333333334,86.66666666666667,0.004680600017309189,0.011708100006217137,0.0001270999782718718,0.23403520000283606,0.3026626000064425,0.12467209997703321,0.02707609999924898,0.030637100018793717,0.023721000005025417,0.021326899994164705,0.0005118999979458749
0.2,Borda LP3 ($ 	heta $ Only),28,448,0.0011992730895503058,,1,3,1,2,0.00014653863949057897,53.333333333333336,46.666666666666664,0.00260470001376234,0.007783099979860708,0.0006104000203777105,0.16328450001310557,0.25037130000418983,0.08455130000947975,0.0317716000135988,0.02850000001490116,0.026051799999549985,0.03244300000369549,0.0004984000115655363
0.2,Borda LP3 ($ 	heta $ Only),29,477,0.0003747981006053691,,2,3,0,3,4.3163463691397324e-05,20.0,80.0,0.001939000008860603,0.008427499997196719,0.000618099991697818,0.16556320001836866,0.2943416000052821,0.12619000000995584,0.03011799999512732,0.029870900005334988,0.026056700007757172,0.028292399976635352,0.0005790000141132623
0.2,Borda LP3 ($ 	heta $ Only),30,507,0.00180912816682275,,0,8,3,5,0.00019557186781448522,86.66666666666667,13.333333333333329,0.001790100010111928,0.008712900016689673,7.770000956952572e-05,0.16101410001283512,0.5211853999935556,0.11208009999245405,0.02814290000242181,0.021000499982619658,0.023484400007873774,0.0275917999970261,0.0009727999859023839
0.2,Borda LP3 ($ 	heta $ Only),31,538,0.0016282759575802681,,0,7,4,3,0.00016032356293808962,93.33333333333333,6.666666666666671,0.0018931000086013228,0.013510899996617809,0.00012489999062381685,0.16332249998231418,0.259437100001378,0.10857879999093711,0.02525399997830391,0.02810150000732392,0.026306400017347187,0.03036379997502081,0.0009780999971553683
0.2,Borda LP3 ($ 	heta $ Only),32,570,0.0017081209095989559,,0,4,1,3,0.00012960058353890034,46.666666666666664,53.333333333333336,0.002346399996895343,0.006686599983368069,7.169999298639596e-05,0.18481219999375753,0.3235854999802541,0.1134019999881275,0.030228800023905933,0.026477000006707385,0.02669549998245202,0.022478300001239404,0.0005147000192664564
0.2,Borda LP3 ($ 	heta $ Only),33,603,0.0011804105865427185,,2,5,0,5,0.00013280585541316877,73.33333333333333,26.66666666666667,0.0020169000199530274,0.00781979999737814,0.0005650999955832958,0.1569428000075277,0.3481115000031423,0.13539810001384467,0.023347900016233325,0.027872699982253835,0.03327869999338873,0.11705990001792088,0.0033124999899882823
0.2,Borda LP3 ($ 	heta $ Only),34,637,0.001036556466440072,,3,4,0,4,8.659064883682797e-05,53.333333333333336,46.666666666666664,0.016012300009606406,0.016077800013590604,0.0013438999885693192,0.2639633000071626,0.28918689998681657,0.14925839999341406,0.023878400010289624,0.03404549998231232,0.038836599997011945,0.025703299994347617,0.0005477999802678823
0.2,Borda LP3 ($ 	heta $ Only),35,672,0.0005328816431998706,,3,2,1,1,4.1856263858887105e-05,20.0,80.0,0.003279099997598678,0.0081472999881953,0.0009781999979168177,0.1560318000265397,0.3345015999802854,0.15896390000125393,0.03072249999968335,0.02939809998497367,0.022093300009146333,0.02123300000675954,0.0009476000268477947
0.2,Borda LP3 ($ 	heta $ Only),36,708,0.0018283284877003724,,0,5,1,4,0.0001865443654038768,86.66666666666667,13.333333333333329,0.0017804999952204525,0.0053038999903947115,6.970000686123967e-05,0.22379009998985566,0.2597138000128325,0.14047529999515973,0.02840700000524521,0.03162799999699928,0.028742100024828687,0.02420060001895763,0.0005053000058978796
0.2,Borda LP3 ($ 	heta $ Only),37,745,0.0019355336417840251,,1,7,1,6,0.00021206389001712407,86.66666666666667,13.333333333333329,0.0016134000034071505,0.007289899978786707,0.0005849000008311123,0.16265670000575483,0.3270836000156123,0.12126270000590011,0.02450129998032935,0.02996720001101494,0.031741400016471744,0.03418809999129735,0.000977099989540875
0.2,Borda LP3 ($ 	heta $ Only),38,783,0.0009536998577467323,,0,6,2,4,0.00011033898042668538,60.0,40.0,0.0016231999907176942,0.008494900015648454,7.719997665844858e-05,0.1953841999929864,0.3768930000078399,0.22157140000490472,0.030057800002396107,0.027776299975812435,0.040890000003855675,0.03493789999629371,0.000983500009169802
0.2,Borda LP3 ($ 	heta $ Only),39,822,0.0026785205456010368,,1,7,1,6,0.00025832884605646485,86.66666666666667,13.333333333333329,0.002609000017400831,0.007204299996374175,0.0005939000111538917,0.18770360000780784,0.30044739998993464,0.11823169997660443,0.029530600004363805,0.02617830000235699,0.020461899985093623,0.02498849999392405,0.0016586999990977347
0.2,Borda LP3 ($ 	heta $ Only),40,862,0.0024092573006561763,,0,8,1,7,0.00019809118427635599,93.33333333333333,6.666666666666671,0.002316899975994602,0.006705899984808639,7.760000880807638e-05,0.16049509998993017,0.2989773999725003,0.12233730001025833,0.0274187000177335,0.027678900019964203,0.023611400014488026,0.031295299995690584,0.0007996999775059521
0.2,Borda LP3 ($ 	heta $ Only),41,903,0.0012804115687798934,,0,6,2,4,0.00014527794526053396,73.33333333333333,26.66666666666667,0.0016084999951999635,0.0094913000066299,0.00014849999570287764,0.18395690000033937,0.27604430000064895,0.15649429999757558,0.046408999973209575,0.04376249999040738,0.03466970002045855,0.030316300020786002,0.0012741000100504607
0.2,Borda LP3 ($ 	heta $ Only),42,945,0.001211512768405124,,2,4,0,4,0.00010307909107851849,73.33333333333333,26.66666666666667,0.0016261999844573438,0.006998500000918284,0.0003931000246666372,0.1491317999898456,0.33219370001461357,0.13443830001051538,0.026198400009889156,0.028685799974482507,0.02950450000935234,0.025729100016178563,0.0004965999978594482
0.2,Borda LP3 ($ 	heta $ Only),43,988,0.0014891496752740324,,1,4,0,4,0.00012277775943133013,86.66666666666667,13.333333333333329,0.0018022999865934253,0.006453500012867153,0.00038350000977516174,0.17838699999265373,0.27707929999451153,0.09989039998617955,0.053697199997259304,0.03128510000533424,0.023888600000645965,0.03067959999316372,0.0009605999803170562
0.2,Borda LP3 ($ 	heta $ Only),44,1032,0.0008491220819503334,,5,5,2,3,9.340877456714031e-05,53.333333333333336,46.666666666666664,0.0016072000144049525,0.009497299994109198,0.0005885999999009073,0.14606309999362566,0.2933597000082955,0.13241990000824444,0.021593500016024336,0.020272299996577203,0.02273830000194721,0.024313400004757568,0.00048149999929592013
0.2,Borda LP3 ($ 	heta $ Only),45,1077,0.0013253147542286756,,0,3,1,2,0.00014028917291641677,86.66666666666667,13.333333333333329,0.0018450999923516065,0.008896499988622963,7.690000347793102e-05,0.2702411999925971,0.2666623000113759,0.11700329999439418,0.031216300005326048,0.03006930000265129,0.03194369998527691,0.030407899990677834,0.0009719999798107892
0.2,Borda LP3 ($ 	heta $ Only),46,1123,0.0016469936414358719,,1,8,1,7,0.00015291706758684676,66.66666666666667,33.33333333333333,0.001978199987206608,0.005571000016061589,0.0003628999984357506,0.16030010001850314,0.28922229999443516,0.12009630000102334,0.02642749997903593,0.0366296999854967,0.07248690002597868,0.07969169999705628,0.0014496000076178461
0.2,Borda LP3 ($ 	heta $ Only),47,1170,0.00022729162523553833,,0,2,0,2,2.9753784112321674e-05,6.666666666666667,93.33333333333333,0.07362210002611391,0.01446639999630861,0.00017099999240599573,0.23704710000311024,0.26438179999240674,0.13493070000549778,0.025705200008815154,0.02685840000049211,0.027303400012897328,0.02617680002003908,0.0005011000030208379
0.2,Borda LP3 ($ 	heta $ Only),48,1218,0.000617374547351685,,4,4,0,4,9.288335656658832e-05,33.333333333333336,66.66666666666666,0.004344599990872666,0.005761799984611571,0.0003869999782182276,0.15312920001451857,0.2700974000035785,0.1172810000134632,0.02990600001066923,0.023743099998682737,0.03033879998838529,0.02842600000440143,0.0009319999953731894
0.2,Borda LP3 ($ 	heta $ Only),49,1267,0.0004858549878931778,,0,2,0,2,4.416863526301617e-05,33.333333333333336,66.66666666666666,0.0015984000056050718,0.005837700009578839,7.20999960321933e-05,0.16802549999556504,0.28454779999447055,0.09110550000332296,0.024272199982078746,0.021784699987620115,0.02103740000165999,0.029634500009706244,0.0009716000058688223
0.2,Linear BTL,0,42,,-89.98690065433718,4,5,0,5,,,,0.005869899992831051,0.014759100013179705,0.0004039999912492931,0.4008726000029128,0.2595238999929279,0.10679049999453127,0.023490499996114522,0.024875200004316866,0.019801899994490668,0.020046599995112047,0.00048820002120919526
0.2,Linear BTL,1,43,,-74.94120059984843,0,2,0,2,,,,0.005588200001511723,0.005364499986171722,6.93999754730612e-05,0.1493870000122115,0.27449239999987185,0.1882577000069432,0.031733700016047806,0.02591200001188554,0.04364930000156164,0.03630519998841919,0.0005003999976906925
0.2,Linear BTL,2,45,,-66.74140436508131,0,3,1,2,,,,0.004646800021873787,0.010753999988082796,7.570002344436944e-05,0.23650300002191216,0.3122276999929454,0.13328430001274683,0.02618149999761954,0.02623479999601841,0.029840500006685033,0.024394299980485812,0.0005024999845772982
0.2,Linear BTL,3,48,,-75.84532206574032,2,7,1,6,,,,0.0033109000069089234,0.005974300001980737,0.00037629998405463994,0.1664720000117086,0.2683197000005748,0.15565309999510646,0.02272499998798594,0.024302400008309633,0.020334200002253056,0.021263000002363697,0.0004981000092811882
0.2,Linear BTL,4,52,,-84.23493760962977,0,3,0,3,,,,0.00580640000407584,0.005484599998453632,7.06000137142837e-05,0.16991770002641715,0.32143539999378845,0.25593510002363473,0.04916840000078082,0.045161500020185485,0.034866000001784414,0.026137100008782,0.0016401999746449292
0.2,Linear BTL,5,57,,-93.8290358838669,0,8,1,7,,,,0.004326100024627522,0.0058271999878343195,0.00010770000517368317,0.17536459999973886,0.2959365999849979,0.12978069999371655,0.021336199977668002,0.022544900013599545,0.023752800014335662,0.02478300000075251,0.0016931999998632818
0.2,Linear BTL,6,63,,-69.30348124273617,1,8,5,3,,,,0.0017472999752499163,0.00540049999835901,0.00038010001298971474,0.16504019999410957,0.2658487999869976,0.15288629999849945,0.028677199996309355,0.030117099988274276,0.025038199994014576,0.027087900001788512,0.0009680999792180955
0.2,Linear BTL,7,70,,-71.4761342093781,0,5,0,5,,,,0.0016134999750647694,0.007462999987183139,0.00018679999629966915,0.15416299999924377,0.286437400005525,0.15451589997974224,0.03002909998758696,0.028971899999305606,0.025522699987050146,0.023980099998880178,0.0009698999929241836
0.2,Linear BTL,8,78,,-80.47155557708862,0,10,0,10,,,,0.0016070000128820539,0.008610799995949492,0.00012120002065785229,0.1625793999992311,0.34110570000484586,0.14453250000951812,0.04745129999355413,0.02834769999026321,0.02675609997822903,0.027098100021248683,0.000972400011960417
0.2,Linear BTL,9,87,,-113.27398989253997,5,11,3,8,,,,0.0016013999993447214,0.00866129997302778,0.0006108999950811267,0.16678420000243932,0.2822893999982625,0.15618680001352914,0.027259099995717406,0.026814700016984716,0.024492700002156198,0.03277910000178963,0.0009296000062022358
0.2,Linear BTL,10,97,,-93.85194146697248,1,7,0,7,,,,0.0015910000074654818,0.008623200003057718,0.0003978000022470951,0.17498260000138544,0.2575893000175711,0.1029807000013534,0.030856400000629947,0.02657400001771748,0.024046100006671622,0.028156699991086498,0.0009579999896232039
0.2,Linear BTL,11,108,,-72.01548924871487,2,4,0,4,,,,0.0016016000008676201,0.0073164000059477985,0.00039209998794831336,0.20472690000315197,0.42042800001217984,0.1803868999995757,0.025347700022393838,0.02738449999014847,0.030422499985434115,0.030199000000720844,0.0004964999970979989
0.2,Linear BTL,12,120,,-87.90001181867126,0,8,1,7,,,,0.001714700018055737,0.006443200021749362,7.249999907799065e-05,0.15918299998156726,0.29475230001844466,0.14197980001335964,0.02631650000694208,0.02233489998616278,0.030464999988907948,0.02948090000427328,0.000538699998287484
0.2,Linear BTL,13,133,,-58.71231582206854,1,3,0,3,,,,0.0016312999941874295,0.006229899998288602,0.0003935999993700534,0.15412019999348558,0.25558120000641793,0.1049265000037849,0.026925799989840016,0.026871199981542304,0.026634400011971593,0.03095640000537969,0.0005587000050581992
0.2,Linear BTL,14,147,,-116.90165729916578,1,13,4,9,,,,0.0018128000083379447,0.009318199998233467,0.00040729998727329075,0.1716978000185918,0.27403729999787174,0.1432968000008259,0.02759499999228865,0.04811979999067262,0.04217220001737587,0.1533486999978777,0.0017374999879393727
0.2,Linear BTL,15,162,,-79.57180259137249,3,5,1,4,,,,0.005017999996198341,0.016680699976859614,0.0004230999911669642,0.19303120000404306,0.2697197000088636,0.13249329998507164,0.02329549999558367,0.020928700017975643,0.022750700009055436,0.02294550000806339,0.0004916999896522611
0.2,Linear BTL,16,178,,-79.19803437084619,2,6,0,6,,,,0.0029055999766569585,0.006579100008821115,0.00037659998633898795,0.16945859999395907,0.3267446999961976,0.15103830001316965,0.027761399978771806,0.029312600003322586,0.04447200000868179,0.03379819999099709,0.0005435000057332218
0.2,Linear BTL,17,195,,-43.039758412146575,0,3,0,3,,,,0.0016216000076383352,0.006946899986360222,7.479998748749495e-05,0.17316519998712465,0.37759300001198426,0.12698820000514388,0.02687339999829419,0.02566859999205917,0.029173399991123006,0.029157199984183535,0.0005137999833095819
0.2,Linear BTL,18,213,,-72.02147676971263,0,5,0,5,,,,0.0016120999935083091,0.006278699991526082,8.05000017862767e-05,0.1830130000016652,0.25753549998626113,0.14184469997417182,0.02956259998609312,0.0323365000076592,0.026548399997409433,0.027466700004879385,0.0010020000045187771
0.2,Linear BTL,19,232,,-79.86635285299838,0,6,0,6,,,,0.0019518000190146267,0.007904600002802908,0.0001154000055976212,0.17963259998941794,0.28660280001349747,0.17067339998902753,0.037706200004322454,0.04125949999433942,0.030407400015974417,0.02458570001181215,0.0005920000257901847
0.2,Linear BTL,20,252,,-90.49540821594881,1,8,1,7,,,,0.0037235999770928174,0.007968299993081018,0.0006189999985508621,0.18078320001950487,0.2772762000095099,0.14041490000090562,0.022370299993781373,0.02315320001798682,0.023351899988483638,0.023566099989693612,0.0004990999877918512
0.2,Linear BTL,21,273,,-92.26831611691237,0,4,1,3,,,,0.0033668000251054764,0.0066223000176250935,7.56000226829201e-05,0.18748510000295937,0.29523000001790933,0.107563300000038,0.043836999975610524,0.0316725000157021,0.03211080000619404,0.028548500005854294,0.001193000003695488
0.2,Linear BTL,22,295,,-73.57276576650526,1,8,2,6,,,,0.0018319000082556158,0.006751799985067919,0.00045349998981691897,0.1641269999963697,0.27616560002206825,0.14585910001187585,0.027395800017984584,0.025771899992832914,0.030652599991299212,0.02637570002116263,0.000499200017657131
0.2,Linear BTL,23,318,,-82.93495184776668,0,4,1,3,,,,0.0016284000012092292,0.005785299988929182,6.920000305399299e-05,0.14433509999071248,0.33492769999429584,0.14521680001053028,0.02570109997759573,0.032681799988495186,0.03422909998334944,0.03767879999941215,0.0016493000148329884
0.2,Linear BTL,24,342,,-64.55631602509229,0,4,0,4,,,,0.0068552000157069415,0.015237299987347797,0.00012079998850822449,0.16946909998659976,0.5262838999915402,0.0805666999949608,0.025524099997710437,0.026820400002179667,0.021692899987101555,0.021148100000573322,0.0006715000199619681
0.2,Linear BTL,25,367,,-87.79276158202671,1,8,2,6,,,,0.0016067999822553247,0.005449599993880838,0.00036949999048374593,0.17716220000875182,0.2585583000036422,0.12712869999813847,0.02427740002167411,0.02361250002286397,0.027654599980451167,0.03119380000862293,0.000967800006037578
0.2,Linear BTL,26,393,,-118.39496807374313,2,10,2,8,,,,0.002625699999043718,0.009074400004465133,0.00039889998151920736,0.16605460000573657,0.5566472000209615,0.1597810999955982,0.035923899995395914,0.04090439999708906,0.042964499996742234,0.042216200003167614,0.0019097000185865909
0.2,Linear BTL,27,420,,-67.91304396280017,0,5,1,4,,,,0.004680600017309189,0.011708100006217137,0.0001270999782718718,0.23403520000283606,0.3026626000064425,0.12467209997703321,0.02707609999924898,0.030637100018793717,0.023721000005025417,0.021326899994164705,0.0005118999979458749
0.2,Linear BTL,28,448,,-97.7838956456937,1,4,0,4,,,,0.00260470001376234,0.007783099979860708,0.0006104000203777105,0.16328450001310557,0.25037130000418983,0.08455130000947975,0.0317716000135988,0.02850000001490116,0.026051799999549985,0.03244300000369549,0.0004984000115655363
0.2,Linear BTL,29,477,,-80.90644032684871,2,3,0,3,,,,0.001939000008860603,0.008427499997196719,0.000618099991697818,0.16556320001836866,0.2943416000052821,0.12619000000995584,0.03011799999512732,0.029870900005334988,0.026056700007757172,0.028292399976635352,0.0005790000141132623
0.2,Linear BTL,30,507,,-83.5553537780825,0,7,3,4,,,,0.001790100010111928,0.008712900016689673,7.770000956952572e-05,0.16101410001283512,0.5211853999935556,0.11208009999245405,0.02814290000242181,0.021000499982619658,0.023484400007873774,0.0275917999970261,0.0009727999859023839
0.2,Linear BTL,31,538,,-71.80252112249751,0,8,3,5,,,,0.0018931000086013228,0.013510899996617809,0.00012489999062381685,0.16332249998231418,0.259437100001378,0.10857879999093711,0.02525399997830391,0.02810150000732392,0.026306400017347187,0.03036379997502081,0.0009780999971553683
0.2,Linear BTL,32,570,,-107.06385022141895,0,5,0,5,,,,0.002346399996895343,0.006686599983368069,7.169999298639596e-05,0.18481219999375753,0.3235854999802541,0.1134019999881275,0.030228800023905933,0.026477000006707385,0.02669549998245202,0.022478300001239404,0.0005147000192664564
0.2,Linear BTL,33,603,,-90.10755698029114,2,5,0,5,,,,0.0020169000199530274,0.00781979999737814,0.0005650999955832958,0.1569428000075277,0.3481115000031423,0.13539810001384467,0.023347900016233325,0.027872699982253835,0.03327869999338873,0.11705990001792088,0.0033124999899882823
0.2,Linear BTL,34,637,,-79.12444561733545,3,6,0,6,,,,0.016012300009606406,0.016077800013590604,0.0013438999885693192,0.2639633000071626,0.28918689998681657,0.14925839999341406,0.023878400010289624,0.03404549998231232,0.038836599997011945,0.025703299994347617,0.0005477999802678823
0.2,Linear BTL,35,672,,-75.67799294116965,3,3,0,3,,,,0.003279099997598678,0.0081472999881953,0.0009781999979168177,0.1560318000265397,0.3345015999802854,0.15896390000125393,0.03072249999968335,0.02939809998497367,0.022093300009146333,0.02123300000675954,0.0009476000268477947
0.2,Linear BTL,36,708,,-64.24366337100989,0,3,0,3,,,,0.0017804999952204525,0.0053038999903947115,6.970000686123967e-05,0.22379009998985566,0.2597138000128325,0.14047529999515973,0.02840700000524521,0.03162799999699928,0.028742100024828687,0.02420060001895763,0.0005053000058978796
0.2,Linear BTL,37,745,,-118.7736931976541,1,7,1,6,,,,0.0016134000034071505,0.007289899978786707,0.0005849000008311123,0.16265670000575483,0.3270836000156123,0.12126270000590011,0.02450129998032935,0.02996720001101494,0.031741400016471744,0.03418809999129735,0.000977099989540875
0.2,Linear BTL,38,783,,-85.19296941149918,0,7,0,7,,,,0.0016231999907176942,0.008494900015648454,7.719997665844858e-05,0.1953841999929864,0.3768930000078399,0.22157140000490472,0.030057800002396107,0.027776299975812435,0.040890000003855675,0.03493789999629371,0.000983500009169802
0.2,Linear BTL,39,822,,-92.3338407112299,1,10,3,7,,,,0.002609000017400831,0.007204299996374175,0.0005939000111538917,0.18770360000780784,0.30044739998993464,0.11823169997660443,0.029530600004363805,0.02617830000235699,0.020461899985093623,0.02498849999392405,0.0016586999990977347
0.2,Linear BTL,40,862,,-101.6409504811639,0,10,2,8,,,,0.002316899975994602,0.006705899984808639,7.760000880807638e-05,0.16049509998993017,0.2989773999725003,0.12233730001025833,0.0274187000177335,0.027678900019964203,0.023611400014488026,0.031295299995690584,0.0007996999775059521
0.2,Linear BTL,41,903,,-79.60901379053067,0,7,1,6,,,,0.0016084999951999635,0.0094913000066299,0.00014849999570287764,0.18395690000033937,0.27604430000064895,0.15649429999757558,0.046408999973209575,0.04376249999040738,0.03466970002045855,0.030316300020786002,0.0012741000100504607
0.2,Linear BTL,42,945,,-74.13589388010385,2,6,0,6,,,,0.0016261999844573438,0.006998500000918284,0.0003931000246666372,0.1491317999898456,0.33219370001461357,0.13443830001051538,0.026198400009889156,0.028685799974482507,0.02950450000935234,0.025729100016178563,0.0004965999978594482
0.2,Linear BTL,43,988,,-64.37862284537881,1,6,0,6,,,,0.0018022999865934253,0.006453500012867153,0.00038350000977516174,0.17838699999265373,0.27707929999451153,0.09989039998617955,0.053697199997259304,0.03128510000533424,0.023888600000645965,0.03067959999316372,0.0009605999803170562
0.2,Linear BTL,44,1032,,-118.14346327120624,5,6,3,3,,,,0.0016072000144049525,0.009497299994109198,0.0005885999999009073,0.14606309999362566,0.2933597000082955,0.13241990000824444,0.021593500016024336,0.020272299996577203,0.02273830000194721,0.024313400004757568,0.00048149999929592013
0.2,Linear BTL,45,1077,,-54.67671963287656,0,6,1,5,,,,0.0018450999923516065,0.008896499988622963,7.690000347793102e-05,0.2702411999925971,0.2666623000113759,0.11700329999439418,0.031216300005326048,0.03006930000265129,0.03194369998527691,0.030407899990677834,0.0009719999798107892
0.2,Linear BTL,46,1123,,-106.03917238172754,1,8,0,8,,,,0.001978199987206608,0.005571000016061589,0.0003628999984357506,0.16030010001850314,0.28922229999443516,0.12009630000102334,0.02642749997903593,0.0366296999854967,0.07248690002597868,0.07969169999705628,0.0014496000076178461
0.2,Linear BTL,47,1170,,-57.83520078815256,0,6,0,6,,,,0.07362210002611391,0.01446639999630861,0.00017099999240599573,0.23704710000311024,0.26438179999240674,0.13493070000549778,0.025705200008815154,0.02685840000049211,0.027303400012897328,0.02617680002003908,0.0005011000030208379
0.2,Linear BTL,48,1218,,-70.273080831642,4,4,0,4,,,,0.004344599990872666,0.005761799984611571,0.0003869999782182276,0.15312920001451857,0.2700974000035785,0.1172810000134632,0.02990600001066923,0.023743099998682737,0.03033879998838529,0.02842600000440143,0.0009319999953731894
0.2,Linear BTL,49,1267,,-62.4150368542629,0,3,1,2,,,,0.0015984000056050718,0.005837700009578839,7.20999960321933e-05,0.16802549999556504,0.28454779999447055,0.09110550000332296,0.024272199982078746,0.021784699987620115,0.02103740000165999,0.029634500009706244,0.0009716000058688223
0.3,LP2 ($ 	heta $ Only),0,42,3.533508439461079e-05,,3,8,1,7,3.533508439461079e-05,46.666666666666664,53.333333333333336,0.003441899985773489,0.01189130000420846,0.0007093999884091318,0.35645459999796003,0.2683911999920383,0.10153270000591874,0.03061450002132915,0.025319500011391938,0.02473240002291277,0.03115679998882115,0.0009463999886065722
0.3,LP2 ($ 	heta $ Only),1,43,3.064776043772903e-05,,0,5,1,4,3.064776043772903e-05,33.333333333333336,66.66666666666666,0.0016487000102642924,0.007854600000428036,0.00015949999215081334,0.13841970000066794,0.3434025000024121,0.1555147000181023,0.03189469999051653,0.026662399992346764,0.02692379997461103,0.02752509998390451,0.0009689999860711396
0.3,LP2 ($ 	heta $ Only),2,45,4.894245008827909e-05,,3,8,2,6,4.894245008827909e-05,46.666666666666664,53.333333333333336,0.0016058000037446618,0.005823399988003075,0.0005055000074207783,0.16311109997332096,0.25487730000168085,0.13218960000085644,0.027487900020787492,0.024494900018908083,0.027658100007101893,0.03267509999568574,0.0009463000169489533
0.3,LP2 ($ 	heta $ Only),3,48,4.304103994845188e-05,,3,9,2,7,4.304103994845188e-05,53.333333333333336,46.666666666666664,0.0016112999874167144,0.008818800008157268,0.00038889999268576503,0.15410610000253655,0.282283800013829,0.13826000000699423,0.02914610001607798,0.038848399999551475,0.031182600010652095,0.025756499991985038,0.0006084000051487237
0.3,LP2 ($ 	heta $ Only),4,52,3.8411401418602265e-05,,0,8,0,8,3.8411401418602265e-05,33.333333333333336,66.66666666666666,0.0016771999944467098,0.0057767999824136496,7.090001599863172e-05,0.1498853999946732,0.3248406999919098,0.10932270000921562,0.023564000002807006,0.027918699983274564,0.026547099987510592,0.02884400001494214,0.0005615999980363995
0.3,LP2 ($ 	heta $ Only),5,57,5.445621519462197e-05,,6,8,1,7,5.445621519462197e-05,46.666666666666664,53.333333333333336,0.0016262999852187932,0.008166000014171004,0.0003714999766089022,0.1555164000019431,0.26252580000436865,0.1331676999980118,0.026320300006773323,0.026075400004629046,0.02898619999177754,0.023857799998950213,0.00047619998804293573
0.3,LP2 ($ 	heta $ Only),6,63,9.240420937763127e-06,,1,4,0,4,9.240420937763127e-06,6.666666666666667,93.33333333333333,0.00198240001918748,0.006234300002688542,0.00038789998507127166,0.19309220000286587,0.3097416999808047,0.13922730000922456,0.021656900004018098,0.02211759999045171,0.037146199989365414,0.028796099999453872,0.000509400008013472
0.3,LP2 ($ 	heta $ Only),7,70,7.088799731084639e-05,,0,15,5,10,7.088799731084639e-05,53.333333333333336,46.666666666666664,0.0016176000062841922,0.009062600001925603,8.820000221021473e-05,0.16118140000617132,0.4188189999840688,0.13276290000067092,0.04264050000347197,0.05396900000050664,0.03760630000033416,0.03675890000886284,0.0008390000148210675
0.3,LP2 ($ 	heta $ Only),8,78,3.679296534813416e-05,,0,12,3,9,3.679296534813416e-05,20.0,80.0,0.0016368000069633126,0.01008229999570176,0.0001453000004403293,0.1721382999967318,0.2778851999901235,0.15871489999699406,0.023699300014413893,0.024162700021406636,0.023961300001246855,0.028166999982204288,0.0005049000028520823
0.3,LP2 ($ 	heta $ Only),9,87,3.835940299171215e-05,,3,7,2,5,3.835940299171215e-05,20.0,80.0,0.0016561999800615013,0.006559799978276715,0.0003952000115532428,0.1566208000003826,0.29207370002404787,0.13727639999706298,0.026906599989160895,0.024741999979596585,0.02903810000861995,0.030299700010800734,0.0009884000173769891
0.3,LP2 ($ 	heta $ Only),10,97,2.6359972369344148e-05,,5,7,1,6,2.6359972369344148e-05,26.666666666666668,73.33333333333333,0.0020744000212289393,0.007849999994505197,0.000881000014487654,0.1501803000282962,0.3470143000013195,0.15126019998569973,0.025552799983415753,0.02401839999947697,0.02730430001975037,0.024484399997163564,0.0005649999948218465
0.3,LP2 ($ 	heta $ Only),11,108,4.852032385780507e-05,,2,7,3,4,4.852032385780507e-05,46.666666666666664,53.333333333333336,0.0028990999853704125,0.008946699992520735,0.000593400007346645,0.3442030000151135,0.2746068999986164,0.10263150001992472,0.02366440001060255,0.04108660001656972,0.025432700000237674,0.03054780000820756,0.0004972999740857631
0.3,LP2 ($ 	heta $ Only),12,120,4.7980183697101534e-05,,0,10,1,9,4.7980183697101534e-05,46.666666666666664,53.333333333333336,0.0018259000207763165,0.01055790000827983,8.840000373311341e-05,0.16718759998911992,0.2563705999928061,0.22198140001273714,0.03139180000289343,0.028653599991230294,0.02377069997601211,0.02886930000386201,0.0005093999789096415
0.3,LP2 ($ 	heta $ Only),13,133,7.130171236170656e-05,,0,10,3,7,7.130171236170656e-05,60.0,40.0,0.0018677999905776232,0.009481799992499873,0.0001145999995060265,0.16190750000532717,0.2669473999994807,0.13189829999464564,0.026278699981048703,0.02676350000547245,0.03214809999917634,0.028354000009130687,0.0005142000154592097
0.3,LP2 ($ 	heta $ Only),14,147,4.8545870182236235e-05,,4,7,1,6,4.8545870182236235e-05,40.0,60.0,0.0024571999965701252,0.02252929998212494,0.0009934999980032444,0.3026407000143081,0.27273179998155683,0.13919310001074336,0.02489090000744909,0.024814700009301305,0.023251299979165196,0.027569199999561533,0.0004897999751847237
0.3,LP2 ($ 	heta $ Only),15,162,3.8457902403626163e-05,,1,12,4,8,3.8457902403626163e-05,33.333333333333336,66.66666666666666,0.0018456999969203025,0.006317099992884323,0.001147200004197657,0.17261190002318472,0.33502909998060204,0.16129089999594726,0.023553499981062487,0.027673999982653186,0.043513899989193305,0.029320700006792322,0.0011226999922655523
0.3,LP2 ($ 	heta $ Only),16,178,2.270677346479353e-05,,6,3,0,3,2.270677346479353e-05,26.666666666666668,73.33333333333333,0.0022776999976485968,0.006112899980507791,0.00035669998032972217,0.16036569999414496,0.26691229999414645,0.14075180000509135,0.022639799979515374,0.028834700002335012,0.025453100010054186,0.025846899981843308,0.0004758999857585877
0.3,LP2 ($ 	heta $ Only),17,195,1.6153852503834814e-05,,0,4,2,2,1.6153852503834818e-05,26.666666666666668,73.33333333333333,0.0016179000085685402,0.006712699978379533,0.00012000001152046025,0.16281710000475869,0.366207300015958,0.1213788999884855,0.03367069998057559,0.03075829998124391,0.02146400001947768,0.027945200010435656,0.0009730000165291131
0.3,LP2 ($ 	heta $ Only),18,213,1.9734120731374528e-05,,2,5,1,4,1.9734120731374528e-05,20.0,80.0,0.0016152999887708575,0.009572799986926839,0.0006007000047247857,0.1680569000018295,0.2724867999786511,0.1541420000139624,0.03259880002588034,0.05045199999585748,0.04583940000156872,0.038965300016570836,0.0004944000102113932
0.3,LP2 ($ 	heta $ Only),19,232,5.791024600412598e-05,,2,11,1,10,5.791024600412598e-05,53.333333333333336,46.666666666666664,0.004560599976684898,0.006491400010418147,0.00040099999750964344,0.16251910000573844,0.27185740001732484,0.14602559999912046,0.024309300002641976,0.028668299986748025,0.024915499991038814,0.027936700003920123,0.0004942000086884946
0.3,LP2 ($ 	heta $ Only),20,252,3.1798496166282034e-05,,6,9,0,9,3.179849616628204e-05,60.0,40.0,0.0016829999804031104,0.007451999990735203,0.0004394999996293336,0.2531304000003729,0.2518772999756038,0.1324087000102736,0.03002320000086911,0.02379880001535639,0.028395600005751476,0.03213180002057925,0.0010142000101041049
0.3,LP2 ($ 	heta $ Only),21,273,3.391413812002197e-05,,2,10,1,9,3.391413812002198e-05,40.0,60.0,0.0016169000009540468,0.008760299999266863,0.0003991000121459365,0.21278329999768175,0.38057150001986884,0.166364100005012,0.030164800002239645,0.04975640002521686,0.056215599994175136,0.049247699993429706,0.0013835999998264015
0.3,LP2 ($ 	heta $ Only),22,295,4.645322804170608e-05,,3,8,2,6,4.6453228041706074e-05,40.0,60.0,0.0024717999913264066,0.0068020999897271395,0.00040010001976042986,0.23012419999577105,0.2751241000078153,0.13563179998891428,0.026275700016412884,0.0232759999926202,0.028880300000309944,0.025434400013182312,0.0005071999912615865
0.3,LP2 ($ 	heta $ Only),23,318,3.384903542517832e-05,,0,5,0,5,3.384903542517832e-05,33.333333333333336,66.66666666666666,0.0020729000098071992,0.007123299990780652,7.399998139590025e-05,0.17212750000180677,0.26713419999578036,0.1309383999905549,0.022331600019242615,0.02317670002230443,0.02366279999841936,0.03543550000176765,0.0014553000219166279
0.3,LP2 ($ 	heta $ Only),24,342,0.0,,6,0,0,0,0.0,0.0,100.0,0.003710199991473928,0.012806299986550584,0.0006205000099726021,0.16018620002432726,0.34024249998037703,0.14192999998340383,0.025139199977274984,0.04626889998326078,0.04467309999745339,0.03755770000861958,0.001399700006004423
0.3,LP2 ($ 	heta $ Only),25,367,3.320066549186263e-05,,1,9,2,7,3.320066549186262e-05,33.333333333333336,66.66666666666666,0.0032190999772865325,0.013176899985410273,0.0006228999991435558,0.1683482000080403,0.2757073000248056,0.1273059000086505,0.02835040001082234,0.03162520000478253,0.03008389999740757,0.024876599985873327,0.0015988000086508691
0.3,LP2 ($ 	heta $ Only),26,393,6.159537526264365e-05,,5,5,1,4,6.159537526264367e-05,46.666666666666664,53.333333333333336,0.0025354000099468976,0.005436900013592094,0.000354900024831295,0.1533149000024423,0.49546030000783503,0.13404979999177158,0.031218099989928305,0.0287829999870155,0.024051399988820776,0.026397400011774153,0.00048740001511760056
0.3,LP2 ($ 	heta $ Only),27,420,7.48939235947219e-05,,1,12,3,9,7.489392359472189e-05,53.333333333333336,46.666666666666664,0.0016185999847948551,0.007883000012952834,0.0006225999968592077,0.23779799998737872,0.2957390999945346,0.14768580000963993,0.023284499999135733,0.027882899972610176,0.030671699991216883,0.027306300005875528,0.0009855000243987888
0.3,LP2 ($ 	heta $ Only),28,448,5.222604457578156e-05,,1,8,1,7,5.2226044575781554e-05,40.0,60.0,0.002900099992984906,0.006374299991875887,0.0003761999832931906,0.17470029997639358,0.3019658000266645,0.12653539999155328,0.026593000016873702,0.021778499998617917,0.03661760000977665,0.03604720000294037,0.003943200019421056
0.3,LP2 ($ 	heta $ Only),29,477,2.34999982161304e-05,,2,5,0,5,2.34999982161304e-05,26.666666666666668,73.33333333333333,0.0016965999966487288,0.01050169998779893,0.0005098000110592693,0.17850219999672845,0.26794499999959953,0.14440130000002682,0.02303869999013841,0.21217270000488497,0.047508500021649525,0.05352270000730641,0.0009522000036668032
0.3,LP2 ($ 	heta $ Only),30,507,5.684934848610385e-05,,1,7,4,3,5.6849348486103856e-05,33.333333333333336,66.66666666666666,0.0015996000147424638,0.011109899991424754,0.0008169999928213656,0.21010130000649951,0.32371389999752864,0.16461889998754486,0.03008560001035221,0.034951900015585124,0.03044110001064837,0.02828670002054423,0.0009653999877627939
0.3,LP2 ($ 	heta $ Only),31,538,7.415561835791569e-05,,0,11,7,4,7.415561835791569e-05,40.0,60.0,0.0016206000000238419,0.006368600006680936,0.00013639999087899923,0.16801769999437965,0.2847524000098929,0.12933639998664148,0.027180600009160116,0.024773299985099584,0.027613199985353276,0.02415589999873191,0.000505700008943677
0.3,LP2 ($ 	heta $ Only),32,570,1.3121300653299855e-05,,2,1,0,1,1.3121300653299855e-05,6.666666666666667,93.33333333333333,0.005909100000280887,0.005424799979664385,0.0003831000067293644,0.1942974999838043,0.27705239999340847,0.1573573000205215,0.02668489998904988,0.02267030000803061,0.029560099996160716,0.0667193999979645,0.0014232000103220344
0.3,LP2 ($ 	heta $ Only),33,603,4.228308534802269e-05,,6,12,0,12,4.2283085348022684e-05,46.666666666666664,53.333333333333336,0.003128799988189712,0.012062000023433939,0.0008683000050950795,0.35324349999427795,0.3525408999994397,0.10567770001944155,0.024011900008190423,0.026071300002513453,0.026241099985782057,0.030283600004622713,0.0009151999838650227
0.3,LP2 ($ 	heta $ Only),34,637,5.327435698871461e-05,,3,13,2,11,5.327435698871461e-05,53.333333333333336,46.666666666666664,0.0016138000064529479,0.008808700018562376,0.00038640000275336206,0.16372040001442656,0.3156349000055343,0.14538850000826642,0.029705900000408292,0.03308530000504106,0.031164699990767986,0.028957400005310774,0.0005563000158872455
0.3,LP2 ($ 	heta $ Only),35,672,3.351019229067549e-05,,5,7,2,5,3.351019229067549e-05,40.0,60.0,0.0024728999997023493,0.008806400001049042,0.00036380000528879464,0.1356067000015173,0.26938730000983924,0.11450359999435022,0.021080799982883036,0.019644000014523044,0.02798750001238659,0.04602020001038909,0.0009423000155948102
0.3,LP2 ($ 	heta $ Only),36,708,4.557734493109565e-05,,0,9,0,9,4.5577344931095657e-05,40.0,60.0,0.0016217999800574034,0.005834700015839189,7.20999960321933e-05,0.2530241000058595,0.27517389997956343,0.12455529998987913,0.026161299989325926,0.027097799989860505,0.026903799996944144,0.029905699979281053,0.0009691999875940382
0.3,LP2 ($ 	heta $ Only),37,745,4.3796112893517606e-05,,6,11,4,7,4.37961128935176e-05,33.333333333333336,66.66666666666666,0.0015918000135570765,0.008805499994195998,0.0003749000024981797,0.17748819998814724,0.2761713000072632,0.11759460001485422,0.030690800020238385,0.024636599991936237,0.020054699998581782,0.019845400005578995,0.00047989998711273074
0.3,LP2 ($ 	heta $ Only),38,783,8.284332364182596e-05,,0,18,4,14,8.284332364182596e-05,46.666666666666664,53.333333333333336,0.00495149998459965,0.022376000008080155,0.00012009998317807913,0.23674009999376722,0.291985800024122,0.24432250001700595,0.03409629999077879,0.03757200000109151,0.040688500012038276,0.033228799991775304,0.0009996999870054424
0.3,LP2 ($ 	heta $ Only),39,822,4.094672843107062e-05,,0,9,1,8,4.094672843107063e-05,46.666666666666664,53.333333333333336,0.0016385999915655702,0.005684600007953122,0.00011039999662898481,0.23223649998544715,0.2798311999940779,0.13915360000100918,0.02777250000508502,0.028655200003413484,0.030213799997000024,0.027650100004393607,0.0005148000200279057
0.3,LP2 ($ 	heta $ Only),40,862,5.617460476234732e-05,,3,13,4,9,5.617460476234731e-05,53.333333333333336,46.666666666666664,0.0016142000094987452,0.010056900006020442,0.0005930000043008476,0.16945669997949153,0.2653495999984443,0.12175650001154281,0.025546099990606308,0.04299119999632239,0.04461840001749806,0.03798120000283234,0.00325949999387376
0.3,LP2 ($ 	heta $ Only),41,903,4.787732530753767e-05,,1,6,3,3,4.787732530753767e-05,46.666666666666664,53.333333333333336,0.007800399995176122,0.017565600021043792,0.0009271999879274517,0.16106919999583624,0.2902740999998059,0.10994639998534694,0.023595800012117252,0.027342100016539916,0.043350099993404,0.0330678999889642,0.0015485000039916486
0.3,LP2 ($ 	heta $ Only),42,945,3.096664990730019e-05,,0,6,1,5,3.096664990730019e-05,26.666666666666668,73.33333333333333,0.0024976999848149717,0.0077092999999877065,0.00015559999155811965,0.17423299999791197,0.4569150999886915,0.13579440000467002,0.02762280000024475,0.02680839999811724,0.028455099993152544,0.0287176999845542,0.0005184999899938703
0.3,LP2 ($ 	heta $ Only),43,988,2.315912914612944e-05,,0,8,0,8,2.315912914612944e-05,40.0,60.0,0.001634400017792359,0.00659470001119189,0.00019890000112354755,0.16583799998625182,0.27539499997510575,0.12527499999850988,0.02358290000120178,0.022590400010813028,0.020930300001055002,0.023839900008169934,0.0005040999967604876
0.3,LP2 ($ 	heta $ Only),44,1032,5.486178503866677e-05,,6,13,4,9,5.486178503866677e-05,33.333333333333336,66.66666666666666,0.0018661999783944339,0.00814719998743385,0.001878799987025559,0.18511400002171285,0.25382689997786656,0.16016779997153208,0.02240170000004582,0.025798599992413074,0.02457259999937378,0.029831299994839355,0.0009227999835275114
0.3,LP2 ($ 	heta $ Only),45,1077,1.3753604082665612e-05,,2,4,0,4,1.3753604082665612e-05,20.0,80.0,0.0022410999808926135,0.009878700016997755,0.000617499987129122,0.15550399999483489,0.4535926999815274,0.18666740000480786,0.03297299999394454,0.02998459999798797,0.023234899999806657,0.020755199977429584,0.0004963999963365495
0.3,LP2 ($ 	heta $ Only),46,1123,6.395266179324945e-05,,1,9,2,7,6.395266179324945e-05,53.333333333333336,46.666666666666664,0.004550699988612905,0.010622899979352951,0.00038189999759197235,0.15488499999628402,0.26880079999682494,0.13260469998931512,0.029813900007866323,0.03713030001381412,0.029593000013846904,0.024475299986079335,0.0005067999882157892
0.3,LP2 ($ 	heta $ Only),47,1170,5.993663221846388e-05,,0,11,3,8,5.993663221846388e-05,53.333333333333336,46.666666666666664,0.0016143000102601945,0.008550600003218278,7.650000043213367e-05,0.16580119999707676,0.28993590001482517,0.11019819998182356,0.03195239999331534,0.024373199994442984,0.028519899991806597,0.02402139999321662,0.0008374000026378781
0.3,LP2 ($ 	heta $ Only),48,1218,4.227620899777592e-05,,0,10,1,9,4.227620899777592e-05,33.333333333333336,66.66666666666666,0.0059880999906454235,0.005882299999939278,6.900000153109431e-05,0.1678865000139922,0.2828058000013698,0.1382663000258617,0.02564490001532249,0.029138000012608245,0.0240926000114996,0.022405700001399964,0.0005170000076759607
0.3,LP2 ($ 	heta $ Only),49,1267,6.627768008067831e-06,,2,1,0,1,6.627768008067831e-06,13.333333333333334,86.66666666666667,0.0017362000071443617,0.005344000004697591,0.0003811000206042081,0.37605309998616576,0.29527500001131557,0.12073500000406057,0.026938899973174557,0.022051400010241196,0.023172800021711737,0.03006310001364909,0.0004928999987896532
0.3,LP3 ($ 	heta $ Only),0,42,0.002276564480859217,,3,8,1,7,0.0001757806711228732,93.33333333333333,6.666666666666671,0.003441899985773489,0.01189130000420846,0.0007093999884091318,0.35645459999796003,0.2683911999920383,0.10153270000591874,0.03061450002132915,0.025319500011391938,0.02473240002291277,0.03115679998882115,0.0009463999886065722
0.3,LP3 ($ 	heta $ Only),1,43,0.001176626969030797,,0,5,1,4,0.00011823575301026719,80.0,20.0,0.0016487000102642924,0.007854600000428036,0.00015949999215081334,0.13841970000066794,0.3434025000024121,0.1555147000181023,0.03189469999051653,0.026662399992346764,0.02692379997461103,0.02752509998390451,0.0009689999860711396
0.3,LP3 ($ 	heta $ Only),2,45,0.002121069005738532,,3,8,1,7,0.0001876379582665066,86.66666666666667,13.333333333333329,0.0016058000037446618,0.005823399988003075,0.0005055000074207783,0.16311109997332096,0.25487730000168085,0.13218960000085644,0.027487900020787492,0.024494900018908083,0.027658100007101893,0.03267509999568574,0.0009463000169489533
0.3,LP3 ($ 	heta $ Only),3,48,0.002836944489492485,,3,9,0,9,0.00023436139340569248,93.33333333333333,6.666666666666671,0.0016112999874167144,0.008818800008157268,0.00038889999268576503,0.15410610000253655,0.282283800013829,0.13826000000699423,0.02914610001607798,0.038848399999551475,0.031182600010652095,0.025756499991985038,0.0006084000051487237
0.3,LP3 ($ 	heta $ Only),4,52,0.0025226054996819003,,0,9,1,8,0.00019880816825567239,86.66666666666667,13.333333333333329,0.0016771999944467098,0.0057767999824136496,7.090001599863172e-05,0.1498853999946732,0.3248406999919098,0.10932270000921562,0.023564000002807006,0.027918699983274564,0.026547099987510592,0.02884400001494214,0.0005615999980363995
0.3,LP3 ($ 	heta $ Only),5,57,0.002877897829418159,,6,12,4,8,0.00023484516851204044,86.66666666666667,13.333333333333329,0.0016262999852187932,0.008166000014171004,0.0003714999766089022,0.1555164000019431,0.26252580000436865,0.1331676999980118,0.026320300006773323,0.026075400004629046,0.02898619999177754,0.023857799998950213,0.00047619998804293573
0.3,LP3 ($ 	heta $ Only),6,63,0.0011286314006643686,,1,4,0,4,0.0001026028546058517,26.666666666666668,73.33333333333333,0.00198240001918748,0.006234300002688542,0.00038789998507127166,0.19309220000286587,0.3097416999808047,0.13922730000922456,0.021656900004018098,0.02211759999045171,0.037146199989365414,0.028796099999453872,0.000509400008013472
0.3,LP3 ($ 	heta $ Only),7,70,0.003163299423335282,,0,12,4,8,0.00035148869426108754,93.33333333333333,6.666666666666671,0.0016176000062841922,0.009062600001925603,8.820000221021473e-05,0.16118140000617132,0.4188189999840688,0.13276290000067092,0.04264050000347197,0.05396900000050664,0.03760630000033416,0.03675890000886284,0.0008390000148210675
0.3,LP3 ($ 	heta $ Only),8,78,0.0028908372389477963,,0,9,2,7,0.00029788424055262003,93.33333333333333,6.666666666666671,0.0016368000069633126,0.01008229999570176,0.0001453000004403293,0.1721382999967318,0.2778851999901235,0.15871489999699406,0.023699300014413893,0.024162700021406636,0.023961300001246855,0.028166999982204288,0.0005049000028520823
0.3,LP3 ($ 	heta $ Only),9,87,0.001917186239280153,,3,7,1,6,0.00010188232026646267,60.0,40.0,0.0016561999800615013,0.006559799978276715,0.0003952000115532428,0.1566208000003826,0.29207370002404787,0.13727639999706298,0.026906599989160895,0.024741999979596585,0.02903810000861995,0.030299700010800734,0.0009884000173769891
0.3,LP3 ($ 	heta $ Only),10,97,0.0014763299682550018,,5,5,0,5,0.00013544449333381038,66.66666666666667,33.33333333333333,0.0020744000212289393,0.007849999994505197,0.000881000014487654,0.1501803000282962,0.3470143000013195,0.15126019998569973,0.025552799983415753,0.02401839999947697,0.02730430001975037,0.024484399997163564,0.0005649999948218465
0.3,LP3 ($ 	heta $ Only),11,108,0.0016952579883983733,,2,6,2,4,0.00019204419892169673,73.33333333333333,26.66666666666667,0.0028990999853704125,0.008946699992520735,0.000593400007346645,0.3442030000151135,0.2746068999986164,0.10263150001992472,0.02366440001060255,0.04108660001656972,0.025432700000237674,0.03054780000820756,0.0004972999740857631
0.3,LP3 ($ 	heta $ Only),12,120,0.002903166107526047,,0,14,2,12,0.0002917248787114962,93.33333333333333,6.666666666666671,0.0018259000207763165,0.01055790000827983,8.840000373311341e-05,0.16718759998911992,0.2563705999928061,0.22198140001273714,0.03139180000289343,0.028653599991230294,0.02377069997601211,0.02886930000386201,0.0005093999789096415
0.3,LP3 ($ 	heta $ Only),13,133,0.002759799902464063,,0,10,2,8,0.00029672624309588883,86.66666666666667,13.333333333333329,0.0018677999905776232,0.009481799992499873,0.0001145999995060265,0.16190750000532717,0.2669473999994807,0.13189829999464564,0.026278699981048703,0.02676350000547245,0.03214809999917634,0.028354000009130687,0.0005142000154592097
0.3,LP3 ($ 	heta $ Only),14,147,0.00252229343029916,,4,9,1,8,0.00021626001026690508,86.66666666666667,13.333333333333329,0.0024571999965701252,0.02252929998212494,0.0009934999980032444,0.3026407000143081,0.27273179998155683,0.13919310001074336,0.02489090000744909,0.024814700009301305,0.023251299979165196,0.027569199999561533,0.0004897999751847237
0.3,LP3 ($ 	heta $ Only),15,162,0.002207939840531837,,1,10,4,6,0.00015836484945324218,80.0,20.0,0.0018456999969203025,0.006317099992884323,0.001147200004197657,0.17261190002318472,0.33502909998060204,0.16129089999594726,0.023553499981062487,0.027673999982653186,0.043513899989193305,0.029320700006792322,0.0011226999922655523
0.3,LP3 ($ 	heta $ Only),16,178,0.0010895768201961075,,6,3,0,3,0.00010576522244185854,53.333333333333336,46.666666666666664,0.0022776999976485968,0.006112899980507791,0.00035669998032972217,0.16036569999414496,0.26691229999414645,0.14075180000509135,0.022639799979515374,0.028834700002335012,0.025453100010054186,0.025846899981843308,0.0004758999857585877
0.3,LP3 ($ 	heta $ Only),17,195,0.0008637907569493791,,0,4,0,4,8.347131258089472e-05,73.33333333333333,26.66666666666667,0.0016179000085685402,0.006712699978379533,0.00012000001152046025,0.16281710000475869,0.366207300015958,0.1213788999884855,0.03367069998057559,0.03075829998124391,0.02146400001947768,0.027945200010435656,0.0009730000165291131
0.3,LP3 ($ 	heta $ Only),18,213,0.0009930555758564492,,2,3,0,3,7.290249792929789e-05,33.333333333333336,66.66666666666666,0.0016152999887708575,0.009572799986926839,0.0006007000047247857,0.1680569000018295,0.2724867999786511,0.1541420000139624,0.03259880002588034,0.05045199999585748,0.04583940000156872,0.038965300016570836,0.0004944000102113932
0.3,LP3 ($ 	heta $ Only),19,232,0.003428666036009685,,2,15,4,11,0.00029652655709145557,86.66666666666667,13.333333333333329,0.004560599976684898,0.006491400010418147,0.00040099999750964344,0.16251910000573844,0.27185740001732484,0.14602559999912046,0.024309300002641976,0.028668299986748025,0.024915499991038814,0.027936700003920123,0.0004942000086884946
0.3,LP3 ($ 	heta $ Only),20,252,0.0017096261183178756,,6,6,1,5,0.00012533474738457695,60.0,40.0,0.0016829999804031104,0.007451999990735203,0.0004394999996293336,0.2531304000003729,0.2518772999756038,0.1324087000102736,0.03002320000086911,0.02379880001535639,0.028395600005751476,0.03213180002057925,0.0010142000101041049
0.3,LP3 ($ 	heta $ Only),21,273,0.0018223987617510626,,2,7,0,7,0.00017566935608016992,86.66666666666667,13.333333333333329,0.0016169000009540468,0.008760299999266863,0.0003991000121459365,0.21278329999768175,0.38057150001986884,0.166364100005012,0.030164800002239645,0.04975640002521686,0.056215599994175136,0.049247699993429706,0.0013835999998264015
0.3,LP3 ($ 	heta $ Only),22,295,0.002330092917534152,,3,10,4,6,0.00017694344323558253,86.66666666666667,13.333333333333329,0.0024717999913264066,0.0068020999897271395,0.00040010001976042986,0.23012419999577105,0.2751241000078153,0.13563179998891428,0.026275700016412884,0.0232759999926202,0.028880300000309944,0.025434400013182312,0.0005071999912615865
0.3,LP3 ($ 	heta $ Only),23,318,0.001595936206929501,,0,4,0,4,0.00012739446481865638,66.66666666666667,33.33333333333333,0.0020729000098071992,0.007123299990780652,7.399998139590025e-05,0.17212750000180677,0.26713419999578036,0.1309383999905549,0.022331600019242615,0.02317670002230443,0.02366279999841936,0.03543550000176765,0.0014553000219166279
0.3,LP3 ($ 	heta $ Only),24,342,0.0,,6,0,0,0,0.0,0.0,100.0,0.003710199991473928,0.012806299986550584,0.0006205000099726021,0.16018620002432726,0.34024249998037703,0.14192999998340383,0.025139199977274984,0.04626889998326078,0.04467309999745339,0.03755770000861958,0.001399700006004423
0.3,LP3 ($ 	heta $ Only),25,367,0.0021819900007469537,,1,8,1,7,0.0002395996568606934,86.66666666666667,13.333333333333329,0.0032190999772865325,0.013176899985410273,0.0006228999991435558,0.1683482000080403,0.2757073000248056,0.1273059000086505,0.02835040001082234,0.03162520000478253,0.03008389999740757,0.024876599985873327,0.0015988000086508691
0.3,LP3 ($ 	heta $ Only),26,393,0.002493557020760912,,5,6,1,5,0.00020936999220127044,93.33333333333333,6.666666666666671,0.0025354000099468976,0.005436900013592094,0.000354900024831295,0.1533149000024423,0.49546030000783503,0.13404979999177158,0.031218099989928305,0.0287829999870155,0.024051399988820776,0.026397400011774153,0.00048740001511760056
0.3,LP3 ($ 	heta $ Only),27,420,0.0029686416769536517,,1,11,1,10,0.0003060609605881587,93.33333333333333,6.666666666666671,0.0016185999847948551,0.007883000012952834,0.0006225999968592077,0.23779799998737872,0.2957390999945346,0.14768580000963993,0.023284499999135733,0.027882899972610176,0.030671699991216883,0.027306300005875528,0.0009855000243987888
0.3,LP3 ($ 	heta $ Only),28,448,0.002622832228271791,,1,9,2,7,0.0002195668408239493,93.33333333333333,6.666666666666671,0.002900099992984906,0.006374299991875887,0.0003761999832931906,0.17470029997639358,0.3019658000266645,0.12653539999155328,0.026593000016873702,0.021778499998617917,0.03661760000977665,0.03604720000294037,0.003943200019421056
0.3,LP3 ($ 	heta $ Only),29,477,0.0014253827031907172,,2,7,0,7,0.0001001505462069821,60.0,40.0,0.0016965999966487288,0.01050169998779893,0.0005098000110592693,0.17850219999672845,0.26794499999959953,0.14440130000002682,0.02303869999013841,0.21217270000488497,0.047508500021649525,0.05352270000730641,0.0009522000036668032
0.3,LP3 ($ 	heta $ Only),30,507,0.0016289512746555676,,1,7,4,3,0.00012762832528639165,66.66666666666667,33.33333333333333,0.0015996000147424638,0.011109899991424754,0.0008169999928213656,0.21010130000649951,0.32371389999752864,0.16461889998754486,0.03008560001035221,0.034951900015585124,0.03044110001064837,0.02828670002054423,0.0009653999877627939
0.3,LP3 ($ 	heta $ Only),31,538,0.002964680460201593,,0,10,5,5,0.0003016071322989448,93.33333333333333,6.666666666666671,0.0016206000000238419,0.006368600006680936,0.00013639999087899923,0.16801769999437965,0.2847524000098929,0.12933639998664148,0.027180600009160116,0.024773299985099584,0.027613199985353276,0.02415589999873191,0.000505700008943677
0.3,LP3 ($ 	heta $ Only),32,570,0.0005969945344193655,,2,1,0,1,6.279580224376045e-05,20.0,80.0,0.005909100000280887,0.005424799979664385,0.0003831000067293644,0.1942974999838043,0.27705239999340847,0.1573573000205215,0.02668489998904988,0.02267030000803061,0.029560099996160716,0.0667193999979645,0.0014232000103220344
0.3,LP3 ($ 	heta $ Only),33,603,0.0032914526156996686,,6,11,1,10,0.000273817969866224,93.33333333333333,6.666666666666671,0.003128799988189712,0.012062000023433939,0.0008683000050950795,0.35324349999427795,0.3525408999994397,0.10567770001944155,0.024011900008190423,0.026071300002513453,0.026241099985782057,0.030283600004622713,0.0009151999838650227
0.3,LP3 ($ 	heta $ Only),34,637,0.0030071965960503707,,3,13,2,11,0.00030743602467811336,93.33333333333333,6.666666666666671,0.0016138000064529479,0.008808700018562376,0.00038640000275336206,0.16372040001442656,0.3156349000055343,0.14538850000826642,0.029705900000408292,0.03308530000504106,0.031164699990767986,0.028957400005310774,0.0005563000158872455
0.3,LP3 ($ 	heta $ Only),35,672,0.0012519372324118377,,5,5,1,4,9.086908537956991e-05,53.333333333333336,46.666666666666664,0.0024728999997023493,0.008806400001049042,0.00036380000528879464,0.1356067000015173,0.26938730000983924,0.11450359999435022,0.021080799982883036,0.019644000014523044,0.02798750001238659,0.04602020001038909,0.0009423000155948102
0.3,LP3 ($ 	heta $ Only),36,708,0.002532813036203867,,0,11,2,9,0.0002695731443468821,93.33333333333333,6.666666666666671,0.0016217999800574034,0.005834700015839189,7.20999960321933e-05,0.2530241000058595,0.27517389997956343,0.12455529998987913,0.026161299989325926,0.027097799989860505,0.026903799996944144,0.029905699979281053,0.0009691999875940382
0.3,LP3 ($ 	heta $ Only),37,745,0.0025386431804664193,,6,10,2,8,0.00027216951628162157,93.33333333333333,6.666666666666671,0.0015918000135570765,0.008805499994195998,0.0003749000024981797,0.17748819998814724,0.2761713000072632,0.11759460001485422,0.030690800020238385,0.024636599991936237,0.020054699998581782,0.019845400005578995,0.00047989998711273074
0.3,LP3 ($ 	heta $ Only),38,783,0.0037039640367980352,,0,15,2,13,0.0003651786106437486,93.33333333333333,6.666666666666671,0.00495149998459965,0.022376000008080155,0.00012009998317807913,0.23674009999376722,0.291985800024122,0.24432250001700595,0.03409629999077879,0.03757200000109151,0.040688500012038276,0.033228799991775304,0.0009996999870054424
0.3,LP3 ($ 	heta $ Only),39,822,0.002299307516043706,,0,9,1,8,0.00018773334473847907,80.0,20.0,0.0016385999915655702,0.005684600007953122,0.00011039999662898481,0.23223649998544715,0.2798311999940779,0.13915360000100918,0.02777250000508502,0.028655200003413484,0.030213799997000024,0.027650100004393607,0.0005148000200279057
0.3,LP3 ($ 	heta $ Only),40,862,0.0033397476859743447,,3,11,2,9,0.00030683350928040323,80.0,20.0,0.0016142000094987452,0.010056900006020442,0.0005930000043008476,0.16945669997949153,0.2653495999984443,0.12175650001154281,0.025546099990606308,0.04299119999632239,0.04461840001749806,0.03798120000283234,0.00325949999387376
0.3,LP3 ($ 	heta $ Only),41,903,0.0019317420989695077,,1,6,2,4,0.0001535709111102518,86.66666666666667,13.333333333333329,0.007800399995176122,0.017565600021043792,0.0009271999879274517,0.16106919999583624,0.2902740999998059,0.10994639998534694,0.023595800012117252,0.027342100016539916,0.043350099993404,0.0330678999889642,0.0015485000039916486
0.3,LP3 ($ 	heta $ Only),42,945,0.0013249884569201816,,0,5,1,4,8.163037465947566e-05,53.333333333333336,46.666666666666664,0.0024976999848149717,0.0077092999999877065,0.00015559999155811965,0.17423299999791197,0.4569150999886915,0.13579440000467002,0.02762280000024475,0.02680839999811724,0.028455099993152544,0.0287176999845542,0.0005184999899938703
0.3,LP3 ($ 	heta $ Only),43,988,0.0017489336609416682,,0,8,0,8,0.0001819617294523115,86.66666666666667,13.333333333333329,0.001634400017792359,0.00659470001119189,0.00019890000112354755,0.16583799998625182,0.27539499997510575,0.12527499999850988,0.02358290000120178,0.022590400010813028,0.020930300001055002,0.023839900008169934,0.0005040999967604876
0.3,LP3 ($ 	heta $ Only),44,1032,0.003454351791875839,,6,13,1,12,0.000346963379185459,93.33333333333333,6.666666666666671,0.0018661999783944339,0.00814719998743385,0.001878799987025559,0.18511400002171285,0.25382689997786656,0.16016779997153208,0.02240170000004582,0.025798599992413074,0.02457259999937378,0.029831299994839355,0.0009227999835275114
0.3,LP3 ($ 	heta $ Only),45,1077,0.0007085178016731885,,2,4,0,4,6.286332850351258e-05,40.0,60.0,0.0022410999808926135,0.009878700016997755,0.000617499987129122,0.15550399999483489,0.4535926999815274,0.18666740000480786,0.03297299999394454,0.02998459999798797,0.023234899999806657,0.020755199977429584,0.0004963999963365495
0.3,LP3 ($ 	heta $ Only),46,1123,0.0025266150663829433,,1,10,2,8,0.000225241403174006,93.33333333333333,6.666666666666671,0.004550699988612905,0.010622899979352951,0.00038189999759197235,0.15488499999628402,0.26880079999682494,0.13260469998931512,0.029813900007866323,0.03713030001381412,0.029593000013846904,0.024475299986079335,0.0005067999882157892
0.3,LP3 ($ 	heta $ Only),47,1170,0.0025162229752661077,,0,10,1,9,0.0002723196055131053,93.33333333333333,6.666666666666671,0.0016143000102601945,0.008550600003218278,7.650000043213367e-05,0.16580119999707676,0.28993590001482517,0.11019819998182356,0.03195239999331534,0.024373199994442984,0.028519899991806597,0.02402139999321662,0.0008374000026378781
0.3,LP3 ($ 	heta $ Only),48,1218,0.002320162345899381,,0,11,1,10,0.0001999998714930167,80.0,20.0,0.0059880999906454235,0.005882299999939278,6.900000153109431e-05,0.1678865000139922,0.2828058000013698,0.1382663000258617,0.02564490001532249,0.029138000012608245,0.0240926000114996,0.022405700001399964,0.0005170000076759607
0.3,LP3 ($ 	heta $ Only),49,1267,0.0005883379463147237,,2,2,0,2,6.260326583846466e-05,53.333333333333336,46.666666666666664,0.0017362000071443617,0.005344000004697591,0.0003811000206042081,0.37605309998616576,0.29527500001131557,0.12073500000406057,0.026938899973174557,0.022051400010241196,0.023172800021711737,0.03006310001364909,0.0004928999987896532
0.3,Weighted LP3 ($ 	heta $ Only),0,42,0.0016567032612068765,,3,8,1,7,0.00017178264765498608,80.0,20.0,0.003441899985773489,0.01189130000420846,0.0007093999884091318,0.35645459999796003,0.2683911999920383,0.10153270000591874,0.03061450002132915,0.025319500011391938,0.02473240002291277,0.03115679998882115,0.0009463999886065722
0.3,Weighted LP3 ($ 	heta $ Only),1,43,0.0008569794866405194,,0,4,0,4,0.00011668514180945331,66.66666666666667,33.33333333333333,0.0016487000102642924,0.007854600000428036,0.00015949999215081334,0.13841970000066794,0.3434025000024121,0.1555147000181023,0.03189469999051653,0.026662399992346764,0.02692379997461103,0.02752509998390451,0.0009689999860711396
0.3,Weighted LP3 ($ 	heta $ Only),2,45,0.001534623252174395,,3,6,1,5,0.00018595760939215528,80.0,20.0,0.0016058000037446618,0.005823399988003075,0.0005055000074207783,0.16311109997332096,0.25487730000168085,0.13218960000085644,0.027487900020787492,0.024494900018908083,0.027658100007101893,0.03267509999568574,0.0009463000169489533
0.3,Weighted LP3 ($ 	heta $ Only),3,48,0.002104009564144831,,3,9,1,8,0.00020882146875242813,93.33333333333333,6.666666666666671,0.0016112999874167144,0.008818800008157268,0.00038889999268576503,0.15410610000253655,0.282283800013829,0.13826000000699423,0.02914610001607798,0.038848399999551475,0.031182600010652095,0.025756499991985038,0.0006084000051487237
0.3,Weighted LP3 ($ 	heta $ Only),4,52,0.0017830790691891472,,0,10,0,10,0.00020366379652873108,86.66666666666667,13.333333333333329,0.0016771999944467098,0.0057767999824136496,7.090001599863172e-05,0.1498853999946732,0.3248406999919098,0.10932270000921562,0.023564000002807006,0.027918699983274564,0.026547099987510592,0.02884400001494214,0.0005615999980363995
0.3,Weighted LP3 ($ 	heta $ Only),5,57,0.002242223288285209,,6,11,4,7,0.0002302203477714884,86.66666666666667,13.333333333333329,0.0016262999852187932,0.008166000014171004,0.0003714999766089022,0.1555164000019431,0.26252580000436865,0.1331676999980118,0.026320300006773323,0.026075400004629046,0.02898619999177754,0.023857799998950213,0.00047619998804293573
0.3,Weighted LP3 ($ 	heta $ Only),6,63,0.0007859365773662374,,1,5,0,5,9.636104005055632e-05,26.666666666666668,73.33333333333333,0.00198240001918748,0.006234300002688542,0.00038789998507127166,0.19309220000286587,0.3097416999808047,0.13922730000922456,0.021656900004018098,0.02211759999045171,0.037146199989365414,0.028796099999453872,0.000509400008013472
0.3,Weighted LP3 ($ 	heta $ Only),7,70,0.0024936193292540523,,0,13,4,9,0.00033022818998950515,80.0,20.0,0.0016176000062841922,0.009062600001925603,8.820000221021473e-05,0.16118140000617132,0.4188189999840688,0.13276290000067092,0.04264050000347197,0.05396900000050664,0.03760630000033416,0.03675890000886284,0.0008390000148210675
0.3,Weighted LP3 ($ 	heta $ Only),8,78,0.0022369598812301923,,0,9,2,7,0.000315259823720667,93.33333333333333,6.666666666666671,0.0016368000069633126,0.01008229999570176,0.0001453000004403293,0.1721382999967318,0.2778851999901235,0.15871489999699406,0.023699300014413893,0.024162700021406636,0.023961300001246855,0.028166999982204288,0.0005049000028520823
0.3,Weighted LP3 ($ 	heta $ Only),9,87,0.0014144012985004438,,3,7,1,6,0.0001006484962293817,53.333333333333336,46.666666666666664,0.0016561999800615013,0.006559799978276715,0.0003952000115532428,0.1566208000003826,0.29207370002404787,0.13727639999706298,0.026906599989160895,0.024741999979596585,0.02903810000861995,0.030299700010800734,0.0009884000173769891
0.3,Weighted LP3 ($ 	heta $ Only),10,97,0.0010293681432812713,,5,5,0,5,0.00013544449333381038,66.66666666666667,33.33333333333333,0.0020744000212289393,0.007849999994505197,0.000881000014487654,0.1501803000282962,0.3470143000013195,0.15126019998569973,0.025552799983415753,0.02401839999947697,0.02730430001975037,0.024484399997163564,0.0005649999948218465
0.3,Weighted LP3 ($ 	heta $ Only),11,108,0.0013079484897504613,,2,6,2,4,0.0001882711252574365,73.33333333333333,26.66666666666667,0.0028990999853704125,0.008946699992520735,0.000593400007346645,0.3442030000151135,0.2746068999986164,0.10263150001992472,0.02366440001060255,0.04108660001656972,0.025432700000237674,0.03054780000820756,0.0004972999740857631
0.3,Weighted LP3 ($ 	heta $ Only),12,120,0.0021424525600475647,,0,13,2,11,0.0002713674122715873,86.66666666666667,13.333333333333329,0.0018259000207763165,0.01055790000827983,8.840000373311341e-05,0.16718759998911992,0.2563705999928061,0.22198140001273714,0.03139180000289343,0.028653599991230294,0.02377069997601211,0.02886930000386201,0.0005093999789096415
0.3,Weighted LP3 ($ 	heta $ Only),13,133,0.0021427318250430458,,0,11,2,9,0.00029079811753837675,93.33333333333333,6.666666666666671,0.0018677999905776232,0.009481799992499873,0.0001145999995060265,0.16190750000532717,0.2669473999994807,0.13189829999464564,0.026278699981048703,0.02676350000547245,0.03214809999917634,0.028354000009130687,0.0005142000154592097
0.3,Weighted LP3 ($ 	heta $ Only),14,147,0.0018350412175743207,,4,9,1,8,0.00021629668970980158,86.66666666666667,13.333333333333329,0.0024571999965701252,0.02252929998212494,0.0009934999980032444,0.3026407000143081,0.27273179998155683,0.13919310001074336,0.02489090000744909,0.024814700009301305,0.023251299979165196,0.027569199999561533,0.0004897999751847237
0.3,Weighted LP3 ($ 	heta $ Only),15,162,0.0017572576989848773,,1,10,4,6,0.0001837007970237727,86.66666666666667,13.333333333333329,0.0018456999969203025,0.006317099992884323,0.001147200004197657,0.17261190002318472,0.33502909998060204,0.16129089999594726,0.023553499981062487,0.027673999982653186,0.043513899989193305,0.029320700006792322,0.0011226999922655523
0.3,Weighted LP3 ($ 	heta $ Only),16,178,0.000761639620944691,,6,3,0,3,0.00010576522244185854,53.333333333333336,46.666666666666664,0.0022776999976485968,0.006112899980507791,0.00035669998032972217,0.16036569999414496,0.26691229999414645,0.14075180000509135,0.022639799979515374,0.028834700002335012,0.025453100010054186,0.025846899981843308,0.0004758999857585877
0.3,Weighted LP3 ($ 	heta $ Only),17,195,0.000603552029554535,,0,4,0,4,8.229062893700226e-05,66.66666666666667,33.33333333333333,0.0016179000085685402,0.006712699978379533,0.00012000001152046025,0.16281710000475869,0.366207300015958,0.1213788999884855,0.03367069998057559,0.03075829998124391,0.02146400001947768,0.027945200010435656,0.0009730000165291131
0.3,Weighted LP3 ($ 	heta $ Only),18,213,0.0006995784394019381,,2,3,0,3,7.324418083872222e-05,40.0,60.0,0.0016152999887708575,0.009572799986926839,0.0006007000047247857,0.1680569000018295,0.2724867999786511,0.1541420000139624,0.03259880002588034,0.05045199999585748,0.04583940000156872,0.038965300016570836,0.0004944000102113932
0.3,Weighted LP3 ($ 	heta $ Only),19,232,0.0025639101117862903,,2,13,1,12,0.0002884270971825469,86.66666666666667,13.333333333333329,0.004560599976684898,0.006491400010418147,0.00040099999750964344,0.16251910000573844,0.27185740001732484,0.14602559999912046,0.024309300002641976,0.028668299986748025,0.024915499991038814,0.027936700003920123,0.0004942000086884946
0.3,Weighted LP3 ($ 	heta $ Only),20,252,0.0012174666481873351,,6,7,0,7,0.00012827461714441887,60.0,40.0,0.0016829999804031104,0.007451999990735203,0.0004394999996293336,0.2531304000003729,0.2518772999756038,0.1324087000102736,0.03002320000086911,0.02379880001535639,0.028395600005751476,0.03213180002057925,0.0010142000101041049
0.3,Weighted LP3 ($ 	heta $ Only),21,273,0.0012734889598607646,,2,7,0,7,0.00017566935608016998,86.66666666666667,13.333333333333329,0.0016169000009540468,0.008760299999266863,0.0003991000121459365,0.21278329999768175,0.38057150001986884,0.166364100005012,0.030164800002239645,0.04975640002521686,0.056215599994175136,0.049247699993429706,0.0013835999998264015
0.3,Weighted LP3 ($ 	heta $ Only),22,295,0.0018474723643354674,,3,9,3,6,0.00017636138567959453,86.66666666666667,13.333333333333329,0.0024717999913264066,0.0068020999897271395,0.00040010001976042986,0.23012419999577105,0.2751241000078153,0.13563179998891428,0.026275700016412884,0.0232759999926202,0.028880300000309944,0.025434400013182312,0.0005071999912615865
0.3,Weighted LP3 ($ 	heta $ Only),23,318,0.001145335550139812,,0,4,0,4,0.00012780741338856466,66.66666666666667,33.33333333333333,0.0020729000098071992,0.007123299990780652,7.399998139590025e-05,0.17212750000180677,0.26713419999578036,0.1309383999905549,0.022331600019242615,0.02317670002230443,0.02366279999841936,0.03543550000176765,0.0014553000219166279
0.3,Weighted LP3 ($ 	heta $ Only),24,342,0.0,,6,0,0,0,0.0,0.0,100.0,0.003710199991473928,0.012806299986550584,0.0006205000099726021,0.16018620002432726,0.34024249998037703,0.14192999998340383,0.025139199977274984,0.04626889998326078,0.04467309999745339,0.03755770000861958,0.001399700006004423
0.3,Weighted LP3 ($ 	heta $ Only),25,367,0.001630293345510634,,1,9,1,8,0.00020942420185575267,73.33333333333333,26.66666666666667,0.0032190999772865325,0.013176899985410273,0.0006228999991435558,0.1683482000080403,0.2757073000248056,0.1273059000086505,0.02835040001082234,0.03162520000478253,0.03008389999740757,0.024876599985873327,0.0015988000086508691
0.3,Weighted LP3 ($ 	heta $ Only),26,393,0.0018937045480758796,,5,6,1,5,0.000195678473670586,80.0,20.0,0.0025354000099468976,0.005436900013592094,0.000354900024831295,0.1533149000024423,0.49546030000783503,0.13404979999177158,0.031218099989928305,0.0287829999870155,0.024051399988820776,0.026397400011774153,0.00048740001511760056
0.3,Weighted LP3 ($ 	heta $ Only),27,420,0.002178199705931116,,1,8,1,7,0.0002881418834771091,93.33333333333333,6.666666666666671,0.0016185999847948551,0.007883000012952834,0.0006225999968592077,0.23779799998737872,0.2957390999945346,0.14768580000963993,0.023284499999135733,0.027882899972610176,0.030671699991216883,0.027306300005875528,0.0009855000243987888
0.3,Weighted LP3 ($ 	heta $ Only),28,448,0.0018891323265744571,,1,9,1,8,0.00021250001293685158,93.33333333333333,6.666666666666671,0.002900099992984906,0.006374299991875887,0.0003761999832931906,0.17470029997639358,0.3019658000266645,0.12653539999155328,0.026593000016873702,0.021778499998617917,0.03661760000977665,0.03604720000294037,0.003943200019421056
0.3,Weighted LP3 ($ 	heta $ Only),29,477,0.0009866075540028367,,2,5,0,5,0.00010267822109637968,53.333333333333336,46.666666666666664,0.0016965999966487288,0.01050169998779893,0.0005098000110592693,0.17850219999672845,0.26794499999959953,0.14440130000002682,0.02303869999013841,0.21217270000488497,0.047508500021649525,0.05352270000730641,0.0009522000036668032
0.3,Weighted LP3 ($ 	heta $ Only),30,507,0.001420378760896256,,1,7,4,3,0.00012631307434383965,66.66666666666667,33.33333333333333,0.0015996000147424638,0.011109899991424754,0.0008169999928213656,0.21010130000649951,0.32371389999752864,0.16461889998754486,0.03008560001035221,0.034951900015585124,0.03044110001064837,0.02828670002054423,0.0009653999877627939
0.3,Weighted LP3 ($ 	heta $ Only),31,538,0.0024449332747733675,,0,10,5,5,0.00029514648253219555,93.33333333333333,6.666666666666671,0.0016206000000238419,0.006368600006680936,0.00013639999087899923,0.16801769999437965,0.2847524000098929,0.12933639998664148,0.027180600009160116,0.024773299985099584,0.027613199985353276,0.02415589999873191,0.000505700008943677
0.3,Weighted LP3 ($ 	heta $ Only),32,570,0.00041892829036083043,,2,1,0,1,6.279580224376045e-05,20.0,80.0,0.005909100000280887,0.005424799979664385,0.0003831000067293644,0.1942974999838043,0.27705239999340847,0.1573573000205215,0.02668489998904988,0.02267030000803061,0.029560099996160716,0.0667193999979645,0.0014232000103220344
0.3,Weighted LP3 ($ 	heta $ Only),33,603,0.0023970302992469385,,6,12,1,11,0.00023278497429740522,93.33333333333333,6.666666666666671,0.003128799988189712,0.012062000023433939,0.0008683000050950795,0.35324349999427795,0.3525408999994397,0.10567770001944155,0.024011900008190423,0.026071300002513453,0.026241099985782057,0.030283600004622713,0.0009151999838650227
0.3,Weighted LP3 ($ 	heta $ Only),34,637,0.0022955666858853353,,3,13,2,11,0.0003058658841345439,93.33333333333333,6.666666666666671,0.0016138000064529479,0.008808700018562376,0.00038640000275336206,0.16372040001442656,0.3156349000055343,0.14538850000826642,0.029705900000408292,0.03308530000504106,0.031164699990767986,0.028957400005310774,0.0005563000158872455
0.3,Weighted LP3 ($ 	heta $ Only),35,672,0.000981807194354994,,5,5,1,4,9.086908537956991e-05,53.333333333333336,46.666666666666664,0.0024728999997023493,0.008806400001049042,0.00036380000528879464,0.1356067000015173,0.26938730000983924,0.11450359999435022,0.021080799982883036,0.019644000014523044,0.02798750001238659,0.04602020001038909,0.0009423000155948102
0.3,Weighted LP3 ($ 	heta $ Only),36,708,0.0018714403383076521,,0,10,0,10,0.0002484642860905101,93.33333333333333,6.666666666666671,0.0016217999800574034,0.005834700015839189,7.20999960321933e-05,0.2530241000058595,0.27517389997956343,0.12455529998987913,0.026161299989325926,0.027097799989860505,0.026903799996944144,0.029905699979281053,0.0009691999875940382
0.3,Weighted LP3 ($ 	heta $ Only),37,745,0.0019413405753010155,,6,9,1,8,0.00018423789429159872,93.33333333333333,6.666666666666671,0.0015918000135570765,0.008805499994195998,0.0003749000024981797,0.17748819998814724,0.2761713000072632,0.11759460001485422,0.030690800020238385,0.024636599991936237,0.020054699998581782,0.019845400005578995,0.00047989998711273074
0.3,Weighted LP3 ($ 	heta $ Only),38,783,0.0027394269642673787,,0,14,1,13,0.00038358057973367823,93.33333333333333,6.666666666666671,0.00495149998459965,0.022376000008080155,0.00012009998317807913,0.23674009999376722,0.291985800024122,0.24432250001700595,0.03409629999077879,0.03757200000109151,0.040688500012038276,0.033228799991775304,0.0009996999870054424
0.3,Weighted LP3 ($ 	heta $ Only),39,822,0.0016856164143093325,,0,9,1,8,0.0001733427845167559,80.0,20.0,0.0016385999915655702,0.005684600007953122,0.00011039999662898481,0.23223649998544715,0.2798311999940779,0.13915360000100918,0.02777250000508502,0.028655200003413484,0.030213799997000024,0.027650100004393607,0.0005148000200279057
0.3,Weighted LP3 ($ 	heta $ Only),40,862,0.002594852675291891,,3,13,3,10,0.0002749509489825673,86.66666666666667,13.333333333333329,0.0016142000094987452,0.010056900006020442,0.0005930000043008476,0.16945669997949153,0.2653495999984443,0.12175650001154281,0.025546099990606308,0.04299119999632239,0.04461840001749806,0.03798120000283234,0.00325949999387376
0.3,Weighted LP3 ($ 	heta $ Only),41,903,0.0015461314192686336,,1,6,2,4,0.0001513152643937575,80.0,20.0,0.007800399995176122,0.017565600021043792,0.0009271999879274517,0.16106919999583624,0.2902740999998059,0.10994639998534694,0.023595800012117252,0.027342100016539916,0.043350099993404,0.0330678999889642,0.0015485000039916486
0.3,Weighted LP3 ($ 	heta $ Only),42,945,0.0009745901727360491,,0,6,1,5,8.214549075083725e-05,53.333333333333336,46.666666666666664,0.0024976999848149717,0.0077092999999877065,0.00015559999155811965,0.17423299999791197,0.4569150999886915,0.13579440000467002,0.02762280000024475,0.02680839999811724,0.028455099993152544,0.0287176999845542,0.0005184999899938703
0.3,Weighted LP3 ($ 	heta $ Only),43,988,0.0012261208402957263,,0,5,0,5,0.00018013885718371812,80.0,20.0,0.001634400017792359,0.00659470001119189,0.00019890000112354755,0.16583799998625182,0.27539499997510575,0.12527499999850988,0.02358290000120178,0.022590400010813028,0.020930300001055002,0.023839900008169934,0.0005040999967604876
0.3,Weighted LP3 ($ 	heta $ Only),44,1032,0.002495192201787413,,6,15,1,14,0.00034697349480585264,93.33333333333333,6.666666666666671,0.0018661999783944339,0.00814719998743385,0.001878799987025559,0.18511400002171285,0.25382689997786656,0.16016779997153208,0.02240170000004582,0.025798599992413074,0.02457259999937378,0.029831299994839355,0.0009227999835275114
0.3,Weighted LP3 ($ 	heta $ Only),45,1077,0.0004940413795885021,,2,4,0,4,6.444017994632637e-05,40.0,60.0,0.0022410999808926135,0.009878700016997755,0.000617499987129122,0.15550399999483489,0.4535926999815274,0.18666740000480786,0.03297299999394454,0.02998459999798797,0.023234899999806657,0.020755199977429584,0.0004963999963365495
0.3,Weighted LP3 ($ 	heta $ Only),46,1123,0.0019333947052145664,,1,10,2,8,0.0002419783346459825,86.66666666666667,13.333333333333329,0.004550699988612905,0.010622899979352951,0.00038189999759197235,0.15488499999628402,0.26880079999682494,0.13260469998931512,0.029813900007866323,0.03713030001381412,0.029593000013846904,0.024475299986079335,0.0005067999882157892
0.3,Weighted LP3 ($ 	heta $ Only),47,1170,0.001908810170547852,,0,10,0,10,0.00023901453351436838,93.33333333333333,6.666666666666671,0.0016143000102601945,0.008550600003218278,7.650000043213367e-05,0.16580119999707676,0.28993590001482517,0.11019819998182356,0.03195239999331534,0.024373199994442984,0.028519899991806597,0.02402139999321662,0.0008374000026378781
0.3,Weighted LP3 ($ 	heta $ Only),48,1218,0.0017085167852317687,,0,10,1,9,0.00020557354671504597,80.0,20.0,0.0059880999906454235,0.005882299999939278,6.900000153109431e-05,0.1678865000139922,0.2828058000013698,0.1382663000258617,0.02564490001532249,0.029138000012608245,0.0240926000114996,0.022405700001399964,0.0005170000076759607
0.3,Weighted LP3 ($ 	heta $ Only),49,1267,0.00041309305282263733,,2,2,0,2,6.260326583846466e-05,53.333333333333336,46.666666666666664,0.0017362000071443617,0.005344000004697591,0.0003811000206042081,0.37605309998616576,0.29527500001131557,0.12073500000406057,0.026938899973174557,0.022051400010241196,0.023172800021711737,0.03006310001364909,0.0004928999987896532
0.3,Borda LP3 ($ 	heta $ Only),0,42,0.0019161441109446392,,3,9,0,9,0.00018825048160797366,80.0,20.0,0.003441899985773489,0.01189130000420846,0.0007093999884091318,0.35645459999796003,0.2683911999920383,0.10153270000591874,0.03061450002132915,0.025319500011391938,0.02473240002291277,0.03115679998882115,0.0009463999886065722
0.3,Borda LP3 ($ 	heta $ Only),1,43,0.0008546125775682365,,0,4,1,3,0.00011344803129251746,66.66666666666667,33.33333333333333,0.0016487000102642924,0.007854600000428036,0.00015949999215081334,0.13841970000066794,0.3434025000024121,0.1555147000181023,0.03189469999051653,0.026662399992346764,0.02692379997461103,0.02752509998390451,0.0009689999860711396
0.3,Borda LP3 ($ 	heta $ Only),2,45,0.002121069005738532,,3,8,1,7,0.0001876379582665066,86.66666666666667,13.333333333333329,0.0016058000037446618,0.005823399988003075,0.0005055000074207783,0.16311109997332096,0.25487730000168085,0.13218960000085644,0.027487900020787492,0.024494900018908083,0.027658100007101893,0.03267509999568574,0.0009463000169489533
0.3,Borda LP3 ($ 	heta $ Only),3,48,0.0022770716415457457,,3,10,1,9,0.00021339448917580346,93.33333333333333,6.666666666666671,0.0016112999874167144,0.008818800008157268,0.00038889999268576503,0.15410610000253655,0.282283800013829,0.13826000000699423,0.02914610001607798,0.038848399999551475,0.031182600010652095,0.025756499991985038,0.0006084000051487237
0.3,Borda LP3 ($ 	heta $ Only),4,52,0.0015960955186538038,,0,11,0,11,0.00019455914635869292,80.0,20.0,0.0016771999944467098,0.0057767999824136496,7.090001599863172e-05,0.1498853999946732,0.3248406999919098,0.10932270000921562,0.023564000002807006,0.027918699983274564,0.026547099987510592,0.02884400001494214,0.0005615999980363995
0.3,Borda LP3 ($ 	heta $ Only),5,57,0.0026506946244078417,,6,10,3,7,0.0002383272140778644,86.66666666666667,13.333333333333329,0.0016262999852187932,0.008166000014171004,0.0003714999766089022,0.1555164000019431,0.26252580000436865,0.1331676999980118,0.026320300006773323,0.026075400004629046,0.02898619999177754,0.023857799998950213,0.00047619998804293573
0.3,Borda LP3 ($ 	heta $ Only),6,63,0.000993368791435451,,1,5,0,5,8.864510565772645e-05,40.0,60.0,0.00198240001918748,0.006234300002688542,0.00038789998507127166,0.19309220000286587,0.3097416999808047,0.13922730000922456,0.021656900004018098,0.02211759999045171,0.037146199989365414,0.028796099999453872,0.000509400008013472
0.3,Borda LP3 ($ 	heta $ Only),7,70,0.003023984331496143,,0,15,4,11,0.00035489416905646037,93.33333333333333,6.666666666666671,0.0016176000062841922,0.009062600001925603,8.820000221021473e-05,0.16118140000617132,0.4188189999840688,0.13276290000067092,0.04264050000347197,0.05396900000050664,0.03760630000033416,0.03675890000886284,0.0008390000148210675
0.3,Borda LP3 ($ 	heta $ Only),8,78,0.0024118136042845526,,0,10,2,8,0.0002663295967340847,93.33333333333333,6.666666666666671,0.0016368000069633126,0.01008229999570176,0.0001453000004403293,0.1721382999967318,0.2778851999901235,0.15871489999699406,0.023699300014413893,0.024162700021406636,0.023961300001246855,0.028166999982204288,0.0005049000028520823
0.3,Borda LP3 ($ 	heta $ Only),9,87,0.0018602021287150872,,3,7,1,6,0.00011522183623515682,73.33333333333333,26.66666666666667,0.0016561999800615013,0.006559799978276715,0.0003952000115532428,0.1566208000003826,0.29207370002404787,0.13727639999706298,0.026906599989160895,0.024741999979596585,0.02903810000861995,0.030299700010800734,0.0009884000173769891
0.3,Borda LP3 ($ 	heta $ Only),10,97,0.0014732396891754614,,5,5,0,5,0.0001382137755520882,73.33333333333333,26.66666666666667,0.0020744000212289393,0.007849999994505197,0.000881000014487654,0.1501803000282962,0.3470143000013195,0.15126019998569973,0.025552799983415753,0.02401839999947697,0.02730430001975037,0.024484399997163564,0.0005649999948218465
0.3,Borda LP3 ($ 	heta $ Only),11,108,0.001620185837645588,,2,6,2,4,0.0002010944707036174,80.0,20.0,0.0028990999853704125,0.008946699992520735,0.000593400007346645,0.3442030000151135,0.2746068999986164,0.10263150001992472,0.02366440001060255,0.04108660001656972,0.025432700000237674,0.03054780000820756,0.0004972999740857631
0.3,Borda LP3 ($ 	heta $ Only),12,120,0.00245165692892009,,0,13,2,11,0.00029213441074010956,93.33333333333333,6.666666666666671,0.0018259000207763165,0.01055790000827983,8.840000373311341e-05,0.16718759998911992,0.2563705999928061,0.22198140001273714,0.03139180000289343,0.028653599991230294,0.02377069997601211,0.02886930000386201,0.0005093999789096415
0.3,Borda LP3 ($ 	heta $ Only),13,133,0.0018533406033667227,,0,8,1,7,0.0002459148070630577,86.66666666666667,13.333333333333329,0.0018677999905776232,0.009481799992499873,0.0001145999995060265,0.16190750000532717,0.2669473999994807,0.13189829999464564,0.026278699981048703,0.02676350000547245,0.03214809999917634,0.028354000009130687,0.0005142000154592097
0.3,Borda LP3 ($ 	heta $ Only),14,147,0.002135937573934261,,4,9,1,8,0.00021450376784720322,86.66666666666667,13.333333333333329,0.0024571999965701252,0.02252929998212494,0.0009934999980032444,0.3026407000143081,0.27273179998155683,0.13919310001074336,0.02489090000744909,0.024814700009301305,0.023251299979165196,0.027569199999561533,0.0004897999751847237
0.3,Borda LP3 ($ 	heta $ Only),15,162,0.002003987313932932,,1,10,4,6,0.00017141660868001218,80.0,20.0,0.0018456999969203025,0.006317099992884323,0.001147200004197657,0.17261190002318472,0.33502909998060204,0.16129089999594726,0.023553499981062487,0.027673999982653186,0.043513899989193305,0.029320700006792322,0.0011226999922655523
0.3,Borda LP3 ($ 	heta $ Only),16,178,0.0010895768201961075,,6,3,0,3,0.00010576522244185854,53.333333333333336,46.666666666666664,0.0022776999976485968,0.006112899980507791,0.00035669998032972217,0.16036569999414496,0.26691229999414645,0.14075180000509135,0.022639799979515374,0.028834700002335012,0.025453100010054186,0.025846899981843308,0.0004758999857585877
0.3,Borda LP3 ($ 	heta $ Only),17,195,0.000712072223032352,,0,4,0,4,8.126424772722735e-05,60.0,40.0,0.0016179000085685402,0.006712699978379533,0.00012000001152046025,0.16281710000475869,0.366207300015958,0.1213788999884855,0.03367069998057559,0.03075829998124391,0.02146400001947768,0.027945200010435656,0.0009730000165291131
0.3,Borda LP3 ($ 	heta $ Only),18,213,0.0009744858030754092,,2,2,0,2,8.135912628310934e-05,53.333333333333336,46.666666666666664,0.0016152999887708575,0.009572799986926839,0.0006007000047247857,0.1680569000018295,0.2724867999786511,0.1541420000139624,0.03259880002588034,0.05045199999585748,0.04583940000156872,0.038965300016570836,0.0004944000102113932
0.3,Borda LP3 ($ 	heta $ Only),19,232,0.0024039678093830145,,2,12,0,12,0.00021521219052334837,93.33333333333333,6.666666666666671,0.004560599976684898,0.006491400010418147,0.00040099999750964344,0.16251910000573844,0.27185740001732484,0.14602559999912046,0.024309300002641976,0.028668299986748025,0.024915499991038814,0.027936700003920123,0.0004942000086884946
0.3,Borda LP3 ($ 	heta $ Only),20,252,0.0017096261183178756,,6,6,1,5,0.00012533474738457695,60.0,40.0,0.0016829999804031104,0.007451999990735203,0.0004394999996293336,0.2531304000003729,0.2518772999756038,0.1324087000102736,0.03002320000086911,0.02379880001535639,0.028395600005751476,0.03213180002057925,0.0010142000101041049
0.3,Borda LP3 ($ 	heta $ Only),21,273,0.0016593514166575141,,2,5,0,5,0.00017142682719754418,80.0,20.0,0.0016169000009540468,0.008760299999266863,0.0003991000121459365,0.21278329999768175,0.38057150001986884,0.166364100005012,0.030164800002239645,0.04975640002521686,0.056215599994175136,0.049247699993429706,0.0013835999998264015
0.3,Borda LP3 ($ 	heta $ Only),22,295,0.002213658573248396,,3,12,5,7,0.00018448472842114215,86.66666666666667,13.333333333333329,0.0024717999913264066,0.0068020999897271395,0.00040010001976042986,0.23012419999577105,0.2751241000078153,0.13563179998891428,0.026275700016412884,0.0232759999926202,0.028880300000309944,0.025434400013182312,0.0005071999912615865
0.3,Borda LP3 ($ 	heta $ Only),23,318,0.0014206805750299502,,0,4,0,4,0.00012739446481865638,66.66666666666667,33.33333333333333,0.0020729000098071992,0.007123299990780652,7.399998139590025e-05,0.17212750000180677,0.26713419999578036,0.1309383999905549,0.022331600019242615,0.02317670002230443,0.02366279999841936,0.03543550000176765,0.0014553000219166279
0.3,Borda LP3 ($ 	heta $ Only),24,342,0.0,,6,0,0,0,0.0,0.0,100.0,0.003710199991473928,0.012806299986550584,0.0006205000099726021,0.16018620002432726,0.34024249998037703,0.14192999998340383,0.025139199977274984,0.04626889998326078,0.04467309999745339,0.03755770000861958,0.001399700006004423
0.3,Borda LP3 ($ 	heta $ Only),25,367,0.001829300576509223,,1,8,1,7,0.00018296072365929983,73.33333333333333,26.66666666666667,0.0032190999772865325,0.013176899985410273,0.0006228999991435558,0.1683482000080403,0.2757073000248056,0.1273059000086505,0.02835040001082234,0.03162520000478253,0.03008389999740757,0.024876599985873327,0.0015988000086508691
0.3,Borda LP3 ($ 	heta $ Only),26,393,0.0021862815719577953,,5,9,2,7,0.0002050452341328566,80.0,20.0,0.0025354000099468976,0.005436900013592094,0.000354900024831295,0.1533149000024423,0.49546030000783503,0.13404979999177158,0.031218099989928305,0.0287829999870155,0.024051399988820776,0.026397400011774153,0.00048740001511760056
0.3,Borda LP3 ($ 	heta $ Only),27,420,0.002849735459116187,,1,11,1,10,0.0002990754464741317,93.33333333333333,6.666666666666671,0.0016185999847948551,0.007883000012952834,0.0006225999968592077,0.23779799998737872,0.2957390999945346,0.14768580000963993,0.023284499999135733,0.027882899972610176,0.030671699991216883,0.027306300005875528,0.0009855000243987888
0.3,Borda LP3 ($ 	heta $ Only),28,448,0.0019501958723373153,,1,8,0,8,0.00019711421715522238,93.33333333333333,6.666666666666671,0.002900099992984906,0.006374299991875887,0.0003761999832931906,0.17470029997639358,0.3019658000266645,0.12653539999155328,0.026593000016873702,0.021778499998617917,0.03661760000977665,0.03604720000294037,0.003943200019421056
0.3,Borda LP3 ($ 	heta $ Only),29,477,0.0014253827031907172,,2,7,0,7,0.0001001505462069821,53.333333333333336,46.666666666666664,0.0016965999966487288,0.01050169998779893,0.0005098000110592693,0.17850219999672845,0.26794499999959953,0.14440130000002682,0.02303869999013841,0.21217270000488497,0.047508500021649525,0.05352270000730641,0.0009522000036668032
0.3,Borda LP3 ($ 	heta $ Only),30,507,0.001474691293477659,,1,7,4,3,0.00012631307434383965,66.66666666666667,33.33333333333333,0.0015996000147424638,0.011109899991424754,0.0008169999928213656,0.21010130000649951,0.32371389999752864,0.16461889998754486,0.03008560001035221,0.034951900015585124,0.03044110001064837,0.02828670002054423,0.0009653999877627939
0.3,Borda LP3 ($ 	heta $ Only),31,538,0.0026647475894582768,,0,10,5,5,0.00028868729908714636,93.33333333333333,6.666666666666671,0.0016206000000238419,0.006368600006680936,0.00013639999087899923,0.16801769999437965,0.2847524000098929,0.12933639998664148,0.027180600009160116,0.024773299985099584,0.027613199985353276,0.02415589999873191,0.000505700008943677
0.3,Borda LP3 ($ 	heta $ Only),32,570,5.598328749387838e-05,,2,1,0,1,5.598328749387838e-05,6.666666666666667,93.33333333333333,0.005909100000280887,0.005424799979664385,0.0003831000067293644,0.1942974999838043,0.27705239999340847,0.1573573000205215,0.02668489998904988,0.02267030000803061,0.029560099996160716,0.0667193999979645,0.0014232000103220344
0.3,Borda LP3 ($ 	heta $ Only),33,603,0.002894318259385732,,6,12,1,11,0.0002665573270730549,93.33333333333333,6.666666666666671,0.003128799988189712,0.012062000023433939,0.0008683000050950795,0.35324349999427795,0.3525408999994397,0.10567770001944155,0.024011900008190423,0.026071300002513453,0.026241099985782057,0.030283600004622713,0.0009151999838650227
0.3,Borda LP3 ($ 	heta $ Only),34,637,0.002243330128756797,,3,14,2,12,0.00028175126232066205,93.33333333333333,6.666666666666671,0.0016138000064529479,0.008808700018562376,0.00038640000275336206,0.16372040001442656,0.3156349000055343,0.14538850000826642,0.029705900000408292,0.03308530000504106,0.031164699990767986,0.028957400005310774,0.0005563000158872455
0.3,Borda LP3 ($ 	heta $ Only),35,672,0.0012519372324118377,,5,5,1,4,9.086908537956991e-05,60.0,40.0,0.0024728999997023493,0.008806400001049042,0.00036380000528879464,0.1356067000015173,0.26938730000983924,0.11450359999435022,0.021080799982883036,0.019644000014523044,0.02798750001238659,0.04602020001038909,0.0009423000155948102
0.3,Borda LP3 ($ 	heta $ Only),36,708,0.002258640473774634,,0,12,3,9,0.00021109377713478695,93.33333333333333,6.666666666666671,0.0016217999800574034,0.005834700015839189,7.20999960321933e-05,0.2530241000058595,0.27517389997956343,0.12455529998987913,0.026161299989325926,0.027097799989860505,0.026903799996944144,0.029905699979281053,0.0009691999875940382
0.3,Borda LP3 ($ 	heta $ Only),37,745,0.0023191040199535395,,6,11,2,9,0.0002638814816967131,93.33333333333333,6.666666666666671,0.0015918000135570765,0.008805499994195998,0.0003749000024981797,0.17748819998814724,0.2761713000072632,0.11759460001485422,0.030690800020238385,0.024636599991936237,0.020054699998581782,0.019845400005578995,0.00047989998711273074
0.3,Borda LP3 ($ 	heta $ Only),38,783,0.002944211423696415,,0,16,1,15,0.00035659816261496014,93.33333333333333,6.666666666666671,0.00495149998459965,0.022376000008080155,0.00012009998317807913,0.23674009999376722,0.291985800024122,0.24432250001700595,0.03409629999077879,0.03757200000109151,0.040688500012038276,0.033228799991775304,0.0009996999870054424
0.3,Borda LP3 ($ 	heta $ Only),39,822,0.0022983367331212133,,0,9,1,8,0.00019084083313358521,80.0,20.0,0.0016385999915655702,0.005684600007953122,0.00011039999662898481,0.23223649998544715,0.2798311999940779,0.13915360000100918,0.02777250000508502,0.028655200003413484,0.030213799997000024,0.027650100004393607,0.0005148000200279057
0.3,Borda LP3 ($ 	heta $ Only),40,862,0.002968374868582896,,3,14,4,10,0.00027040523073165984,86.66666666666667,13.333333333333329,0.0016142000094987452,0.010056900006020442,0.0005930000043008476,0.16945669997949153,0.2653495999984443,0.12175650001154281,0.025546099990606308,0.04299119999632239,0.04461840001749806,0.03798120000283234,0.00325949999387376
0.3,Borda LP3 ($ 	heta $ Only),41,903,0.0018254620038240304,,1,6,2,4,0.00015165976992146524,80.0,20.0,0.007800399995176122,0.017565600021043792,0.0009271999879274517,0.16106919999583624,0.2902740999998059,0.10994639998534694,0.023595800012117252,0.027342100016539916,0.043350099993404,0.0330678999889642,0.0015485000039916486
0.3,Borda LP3 ($ 	heta $ Only),42,945,0.0010663910882802302,,0,5,0,5,8.151026312963583e-05,46.666666666666664,53.333333333333336,0.0024976999848149717,0.0077092999999877065,0.00015559999155811965,0.17423299999791197,0.4569150999886915,0.13579440000467002,0.02762280000024475,0.02680839999811724,0.028455099993152544,0.0287176999845542,0.0005184999899938703
0.3,Borda LP3 ($ 	heta $ Only),43,988,0.0017489336609416682,,0,8,0,8,0.0001819617294523115,86.66666666666667,13.333333333333329,0.001634400017792359,0.00659470001119189,0.00019890000112354755,0.16583799998625182,0.27539499997510575,0.12527499999850988,0.02358290000120178,0.022590400010813028,0.020930300001055002,0.023839900008169934,0.0005040999967604876
0.3,Borda LP3 ($ 	heta $ Only),44,1032,0.0028288508464015746,,6,15,1,14,0.000334819521097013,93.33333333333333,6.666666666666671,0.0018661999783944339,0.00814719998743385,0.001878799987025559,0.18511400002171285,0.25382689997786656,0.16016779997153208,0.02240170000004582,0.025798599992413074,0.02457259999937378,0.029831299994839355,0.0009227999835275114
0.3,Borda LP3 ($ 	heta $ Only),45,1077,0.0005468220932675735,,2,4,0,4,6.277401290815166e-05,26.666666666666668,73.33333333333333,0.0022410999808926135,0.009878700016997755,0.000617499987129122,0.15550399999483489,0.4535926999815274,0.18666740000480786,0.03297299999394454,0.02998459999798797,0.023234899999806657,0.020755199977429584,0.0004963999963365495
0.3,Borda LP3 ($ 	heta $ Only),46,1123,0.0020147512071787897,,1,9,1,8,0.0002350812513133089,93.33333333333333,6.666666666666671,0.004550699988612905,0.010622899979352951,0.00038189999759197235,0.15488499999628402,0.26880079999682494,0.13260469998931512,0.029813900007866323,0.03713030001381412,0.029593000013846904,0.024475299986079335,0.0005067999882157892
0.3,Borda LP3 ($ 	heta $ Only),47,1170,0.0019810746741771713,,0,11,3,8,0.00023572992324926695,86.66666666666667,13.333333333333329,0.0016143000102601945,0.008550600003218278,7.650000043213367e-05,0.16580119999707676,0.28993590001482517,0.11019819998182356,0.03195239999331534,0.024373199994442984,0.028519899991806597,0.02402139999321662,0.0008374000026378781
0.3,Borda LP3 ($ 	heta $ Only),48,1218,0.002320162345899381,,0,11,1,10,0.0001999998714930167,80.0,20.0,0.0059880999906454235,0.005882299999939278,6.900000153109431e-05,0.1678865000139922,0.2828058000013698,0.1382663000258617,0.02564490001532249,0.029138000012608245,0.0240926000114996,0.022405700001399964,0.0005170000076759607
0.3,Borda LP3 ($ 	heta $ Only),49,1267,0.0003251513470692313,,2,2,0,2,5.5244900715340774e-05,13.333333333333334,86.66666666666667,0.0017362000071443617,0.005344000004697591,0.0003811000206042081,0.37605309998616576,0.29527500001131557,0.12073500000406057,0.026938899973174557,0.022051400010241196,0.023172800021711737,0.03006310001364909,0.0004928999987896532
0.3,Linear BTL,0,42,,-119.64012681129185,3,11,2,9,,,,0.003441899985773489,0.01189130000420846,0.0007093999884091318,0.35645459999796003,0.2683911999920383,0.10153270000591874,0.03061450002132915,0.025319500011391938,0.02473240002291277,0.03115679998882115,0.0009463999886065722
0.3,Linear BTL,1,43,,-93.91314493340015,0,5,2,3,,,,0.0016487000102642924,0.007854600000428036,0.00015949999215081334,0.13841970000066794,0.3434025000024121,0.1555147000181023,0.03189469999051653,0.026662399992346764,0.02692379997461103,0.02752509998390451,0.0009689999860711396
0.3,Linear BTL,2,45,,-107.90631195788498,3,8,1,7,,,,0.0016058000037446618,0.005823399988003075,0.0005055000074207783,0.16311109997332096,0.25487730000168085,0.13218960000085644,0.027487900020787492,0.024494900018908083,0.027658100007101893,0.03267509999568574,0.0009463000169489533
0.3,Linear BTL,3,48,,-109.0219171960811,3,11,1,10,,,,0.0016112999874167144,0.008818800008157268,0.00038889999268576503,0.15410610000253655,0.282283800013829,0.13826000000699423,0.02914610001607798,0.038848399999551475,0.031182600010652095,0.025756499991985038,0.0006084000051487237
0.3,Linear BTL,4,52,,-117.07519381557827,0,11,0,11,,,,0.0016771999944467098,0.0057767999824136496,7.090001599863172e-05,0.1498853999946732,0.3248406999919098,0.10932270000921562,0.023564000002807006,0.027918699983274564,0.026547099987510592,0.02884400001494214,0.0005615999980363995
0.3,Linear BTL,5,57,,-128.3004329471881,6,11,1,10,,,,0.0016262999852187932,0.008166000014171004,0.0003714999766089022,0.1555164000019431,0.26252580000436865,0.1331676999980118,0.026320300006773323,0.026075400004629046,0.02898619999177754,0.023857799998950213,0.00047619998804293573
0.3,Linear BTL,6,63,,-74.90829821447261,1,5,0,5,,,,0.00198240001918748,0.006234300002688542,0.00038789998507127166,0.19309220000286587,0.3097416999808047,0.13922730000922456,0.021656900004018098,0.02211759999045171,0.037146199989365414,0.028796099999453872,0.000509400008013472
0.3,Linear BTL,7,70,,-109.21068814263717,0,15,5,10,,,,0.0016176000062841922,0.009062600001925603,8.820000221021473e-05,0.16118140000617132,0.4188189999840688,0.13276290000067092,0.04264050000347197,0.05396900000050664,0.03760630000033416,0.03675890000886284,0.0008390000148210675
0.3,Linear BTL,8,78,,-115.77639944963913,0,10,2,8,,,,0.0016368000069633126,0.01008229999570176,0.0001453000004403293,0.1721382999967318,0.2778851999901235,0.15871489999699406,0.023699300014413893,0.024162700021406636,0.023961300001246855,0.028166999982204288,0.0005049000028520823
0.3,Linear BTL,9,87,,-130.30094332413046,3,12,2,10,,,,0.0016561999800615013,0.006559799978276715,0.0003952000115532428,0.1566208000003826,0.29207370002404787,0.13727639999706298,0.026906599989160895,0.024741999979596585,0.02903810000861995,0.030299700010800734,0.0009884000173769891
0.3,Linear BTL,10,97,,-132.08734861891654,5,7,0,7,,,,0.0020744000212289393,0.007849999994505197,0.000881000014487654,0.1501803000282962,0.3470143000013195,0.15126019998569973,0.025552799983415753,0.02401839999947697,0.02730430001975037,0.024484399997163564,0.0005649999948218465
0.3,Linear BTL,11,108,,-108.24227253938793,2,7,3,4,,,,0.0028990999853704125,0.008946699992520735,0.000593400007346645,0.3442030000151135,0.2746068999986164,0.10263150001992472,0.02366440001060255,0.04108660001656972,0.025432700000237674,0.03054780000820756,0.0004972999740857631
0.3,Linear BTL,12,120,,-136.5664532904747,0,13,1,12,,,,0.0018259000207763165,0.01055790000827983,8.840000373311341e-05,0.16718759998911992,0.2563705999928061,0.22198140001273714,0.03139180000289343,0.028653599991230294,0.02377069997601211,0.02886930000386201,0.0005093999789096415
0.3,Linear BTL,13,133,,-96.5870434965572,0,10,2,8,,,,0.0018677999905776232,0.009481799992499873,0.0001145999995060265,0.16190750000532717,0.2669473999994807,0.13189829999464564,0.026278699981048703,0.02676350000547245,0.03214809999917634,0.028354000009130687,0.0005142000154592097
0.3,Linear BTL,14,147,,-140.70609192516113,4,13,2,11,,,,0.0024571999965701252,0.02252929998212494,0.0009934999980032444,0.3026407000143081,0.27273179998155683,0.13919310001074336,0.02489090000744909,0.024814700009301305,0.023251299979165196,0.027569199999561533,0.0004897999751847237
0.3,Linear BTL,15,162,,-104.03840769351119,1,11,4,7,,,,0.0018456999969203025,0.006317099992884323,0.001147200004197657,0.17261190002318472,0.33502909998060204,0.16129089999594726,0.023553499981062487,0.027673999982653186,0.043513899989193305,0.029320700006792322,0.0011226999922655523
0.3,Linear BTL,16,178,,-133.25271770981806,6,6,0,6,,,,0.0022776999976485968,0.006112899980507791,0.00035669998032972217,0.16036569999414496,0.26691229999414645,0.14075180000509135,0.022639799979515374,0.028834700002335012,0.025453100010054186,0.025846899981843308,0.0004758999857585877
0.3,Linear BTL,17,195,,-66.38068783993575,0,6,1,5,,,,0.0016179000085685402,0.006712699978379533,0.00012000001152046025,0.16281710000475869,0.366207300015958,0.1213788999884855,0.03367069998057559,0.03075829998124391,0.02146400001947768,0.027945200010435656,0.0009730000165291131
0.3,Linear BTL,18,213,,-92.71687829435251,2,5,0,5,,,,0.0016152999887708575,0.009572799986926839,0.0006007000047247857,0.1680569000018295,0.2724867999786511,0.1541420000139624,0.03259880002588034,0.05045199999585748,0.04583940000156872,0.038965300016570836,0.0004944000102113932
0.3,Linear BTL,19,232,,-111.4102740554585,2,14,1,13,,,,0.004560599976684898,0.006491400010418147,0.00040099999750964344,0.16251910000573844,0.27185740001732484,0.14602559999912046,0.024309300002641976,0.028668299986748025,0.024915499991038814,0.027936700003920123,0.0004942000086884946
0.3,Linear BTL,20,252,,-120.96299661533386,6,8,0,8,,,,0.0016829999804031104,0.007451999990735203,0.0004394999996293336,0.2531304000003729,0.2518772999756038,0.1324087000102736,0.03002320000086911,0.02379880001535639,0.028395600005751476,0.03213180002057925,0.0010142000101041049
0.3,Linear BTL,21,273,,-117.25181790087785,2,6,0,6,,,,0.0016169000009540468,0.008760299999266863,0.0003991000121459365,0.21278329999768175,0.38057150001986884,0.166364100005012,0.030164800002239645,0.04975640002521686,0.056215599994175136,0.049247699993429706,0.0013835999998264015
0.3,Linear BTL,22,295,,-110.15250566789561,3,10,2,8,,,,0.0024717999913264066,0.0068020999897271395,0.00040010001976042986,0.23012419999577105,0.2751241000078153,0.13563179998891428,0.026275700016412884,0.0232759999926202,0.028880300000309944,0.025434400013182312,0.0005071999912615865
0.3,Linear BTL,23,318,,-87.5807068904639,0,7,1,6,,,,0.0020729000098071992,0.007123299990780652,7.399998139590025e-05,0.17212750000180677,0.26713419999578036,0.1309383999905549,0.022331600019242615,0.02317670002230443,0.02366279999841936,0.03543550000176765,0.0014553000219166279
0.3,Linear BTL,24,342,,-102.872920865573,6,4,2,2,,,,0.003710199991473928,0.012806299986550584,0.0006205000099726021,0.16018620002432726,0.34024249998037703,0.14192999998340383,0.025139199977274984,0.04626889998326078,0.04467309999745339,0.03755770000861958,0.001399700006004423
0.3,Linear BTL,25,367,,-116.84364177784875,1,8,1,7,,,,0.0032190999772865325,0.013176899985410273,0.0006228999991435558,0.1683482000080403,0.2757073000248056,0.1273059000086505,0.02835040001082234,0.03162520000478253,0.03008389999740757,0.024876599985873327,0.0015988000086508691
0.3,Linear BTL,26,393,,-143.3839577766036,5,12,2,10,,,,0.0025354000099468976,0.005436900013592094,0.000354900024831295,0.1533149000024423,0.49546030000783503,0.13404979999177158,0.031218099989928305,0.0287829999870155,0.024051399988820776,0.026397400011774153,0.00048740001511760056
0.3,Linear BTL,27,420,,-106.7609648846204,1,12,2,10,,,,0.0016185999847948551,0.007883000012952834,0.0006225999968592077,0.23779799998737872,0.2957390999945346,0.14768580000963993,0.023284499999135733,0.027882899972610176,0.030671699991216883,0.027306300005875528,0.0009855000243987888
0.3,Linear BTL,28,448,,-107.12786789744553,1,10,1,9,,,,0.002900099992984906,0.006374299991875887,0.0003761999832931906,0.17470029997639358,0.3019658000266645,0.12653539999155328,0.026593000016873702,0.021778499998617917,0.03661760000977665,0.03604720000294037,0.003943200019421056
0.3,Linear BTL,29,477,,-113.19393552148392,2,7,2,5,,,,0.0016965999966487288,0.01050169998779893,0.0005098000110592693,0.17850219999672845,0.26794499999959953,0.14440130000002682,0.02303869999013841,0.21217270000488497,0.047508500021649525,0.05352270000730641,0.0009522000036668032
0.3,Linear BTL,30,507,,-96.79223923819549,1,6,2,4,,,,0.0015996000147424638,0.011109899991424754,0.0008169999928213656,0.21010130000649951,0.32371389999752864,0.16461889998754486,0.03008560001035221,0.034951900015585124,0.03044110001064837,0.02828670002054423,0.0009653999877627939
0.3,Linear BTL,31,538,,-109.59758588228722,0,10,5,5,,,,0.0016206000000238419,0.006368600006680936,0.00013639999087899923,0.16801769999437965,0.2847524000098929,0.12933639998664148,0.027180600009160116,0.024773299985099584,0.027613199985353276,0.02415589999873191,0.000505700008943677
0.3,Linear BTL,32,570,,-110.93905148771067,2,5,0,5,,,,0.005909100000280887,0.005424799979664385,0.0003831000067293644,0.1942974999838043,0.27705239999340847,0.1573573000205215,0.02668489998904988,0.02267030000803061,0.029560099996160716,0.0667193999979645,0.0014232000103220344
0.3,Linear BTL,33,603,,-147.2028354644643,6,11,0,11,,,,0.003128799988189712,0.012062000023433939,0.0008683000050950795,0.35324349999427795,0.3525408999994397,0.10567770001944155,0.024011900008190423,0.026071300002513453,0.026241099985782057,0.030283600004622713,0.0009151999838650227
0.3,Linear BTL,34,637,,-122.21617285753352,3,13,2,11,,,,0.0016138000064529479,0.008808700018562376,0.00038640000275336206,0.16372040001442656,0.3156349000055343,0.14538850000826642,0.029705900000408292,0.03308530000504106,0.031164699990767986,0.028957400005310774,0.0005563000158872455
0.3,Linear BTL,35,672,,-126.55627410426396,5,5,1,4,,,,0.0024728999997023493,0.008806400001049042,0.00036380000528879464,0.1356067000015173,0.26938730000983924,0.11450359999435022,0.021080799982883036,0.019644000014523044,0.02798750001238659,0.04602020001038909,0.0009423000155948102
0.3,Linear BTL,36,708,,-79.45480754544955,0,11,1,10,,,,0.0016217999800574034,0.005834700015839189,7.20999960321933e-05,0.2530241000058595,0.27517389997956343,0.12455529998987913,0.026161299989325926,0.027097799989860505,0.026903799996944144,0.029905699979281053,0.0009691999875940382
0.3,Linear BTL,37,745,,-147.36347978108932,6,10,2,8,,,,0.0015918000135570765,0.008805499994195998,0.0003749000024981797,0.17748819998814724,0.2761713000072632,0.11759460001485422,0.030690800020238385,0.024636599991936237,0.020054699998581782,0.019845400005578995,0.00047989998711273074
0.3,Linear BTL,38,783,,-112.80223741361718,0,15,2,13,,,,0.00495149998459965,0.022376000008080155,0.00012009998317807913,0.23674009999376722,0.291985800024122,0.24432250001700595,0.03409629999077879,0.03757200000109151,0.040688500012038276,0.033228799991775304,0.0009996999870054424
0.3,Linear BTL,39,822,,-116.97678753991583,0,8,1,7,,,,0.0016385999915655702,0.005684600007953122,0.00011039999662898481,0.23223649998544715,0.2798311999940779,0.13915360000100918,0.02777250000508502,0.028655200003413484,0.030213799997000024,0.027650100004393607,0.0005148000200279057
0.3,Linear BTL,40,862,,-123.91444770456394,3,14,4,10,,,,0.0016142000094987452,0.010056900006020442,0.0005930000043008476,0.16945669997949153,0.2653495999984443,0.12175650001154281,0.025546099990606308,0.04299119999632239,0.04461840001749806,0.03798120000283234,0.00325949999387376
0.3,Linear BTL,41,903,,-117.23000747334017,1,6,2,4,,,,0.007800399995176122,0.017565600021043792,0.0009271999879274517,0.16106919999583624,0.2902740999998059,0.10994639998534694,0.023595800012117252,0.027342100016539916,0.043350099993404,0.0330678999889642,0.0015485000039916486
0.3,Linear BTL,42,945,,-104.21275116656257,0,7,0,7,,,,0.0024976999848149717,0.0077092999999877065,0.00015559999155811965,0.17423299999791197,0.4569150999886915,0.13579440000467002,0.02762280000024475,0.02680839999811724,0.028455099993152544,0.0287176999845542,0.0005184999899938703
0.3,Linear BTL,43,988,,-96.83670624641051,0,7,0,7,,,,0.001634400017792359,0.00659470001119189,0.00019890000112354755,0.16583799998625182,0.27539499997510575,0.12527499999850988,0.02358290000120178,0.022590400010813028,0.020930300001055002,0.023839900008169934,0.0005040999967604876
0.3,Linear BTL,44,1032,,-159.15197788189272,6,16,2,14,,,,0.0018661999783944339,0.00814719998743385,0.001878799987025559,0.18511400002171285,0.25382689997786656,0.16016779997153208,0.02240170000004582,0.025798599992413074,0.02457259999937378,0.029831299994839355,0.0009227999835275114
0.3,Linear BTL,45,1077,,-68.12713221040147,2,4,0,4,,,,0.0022410999808926135,0.009878700016997755,0.000617499987129122,0.15550399999483489,0.4535926999815274,0.18666740000480786,0.03297299999394454,0.02998459999798797,0.023234899999806657,0.020755199977429584,0.0004963999963365495
0.3,Linear BTL,46,1123,,-137.1376097902685,1,9,2,7,,,,0.004550699988612905,0.010622899979352951,0.00038189999759197235,0.15488499999628402,0.26880079999682494,0.13260469998931512,0.029813900007866323,0.03713030001381412,0.029593000013846904,0.024475299986079335,0.0005067999882157892
0.3,Linear BTL,47,1170,,-93.90902379867546,0,11,2,9,,,,0.0016143000102601945,0.008550600003218278,7.650000043213367e-05,0.16580119999707676,0.28993590001482517,0.11019819998182356,0.03195239999331534,0.024373199994442984,0.028519899991806597,0.02402139999321662,0.0008374000026378781
0.3,Linear BTL,48,1218,,-94.73722045749619,0,10,1,9,,,,0.0059880999906454235,0.005882299999939278,6.900000153109431e-05,0.1678865000139922,0.2828058000013698,0.1382663000258617,0.02564490001532249,0.029138000012608245,0.0240926000114996,0.022405700001399964,0.0005170000076759607
0.3,Linear BTL,49,1267,,-98.61485674712159,2,5,0,5,,,,0.0017362000071443617,0.005344000004697591,0.0003811000206042081,0.37605309998616576,0.29527500001131557,0.12073500000406057,0.026938899973174557,0.022051400010241196,0.023172800021711737,0.03006310001364909,0.0004928999987896532
0.4,LP2 ($ 	heta $ Only),0,42,4.018583645228989e-05,,1,13,1,12,4.018583645228989e-05,46.666666666666664,53.333333333333336,0.0034506999945733696,0.015386999992188066,0.00039950001519173384,0.1749137000006158,0.3305594000266865,0.1022979999834206,0.02906040000380017,0.02938039999571629,0.02591309999115765,0.02573819999815896,0.0005036999937146902
0.4,LP2 ($ 	heta $ Only),1,43,0.0,,5,0,0,0,0.0,0.0,100.0,0.004428099986398593,0.015415399975609034,0.0004034000157844275,0.14991639999789186,0.33697030000621453,0.08017790000303648,0.027642600005492568,0.02067590001388453,0.01942240001517348,0.023761300020851195,0.0009568000095896423
0.4,LP2 ($ 	heta $ Only),2,45,5.232656394041809e-05,,0,13,0,13,5.232656394041809e-05,33.333333333333336,66.66666666666666,0.0016334000101778656,0.00993999998900108,0.0005846000276505947,0.19209460000274703,0.3076781999843661,0.12396729999454692,0.0286469999991823,0.025983700004871935,0.02610420002019964,0.03115690001868643,0.0005068999889772385
0.4,LP2 ($ 	heta $ Only),3,48,4.318711723993785e-05,,3,13,2,11,4.318711723993785e-05,46.666666666666664,53.333333333333336,0.0023723999911453575,0.011318300006678328,0.000513700011651963,0.15867480001179501,0.27594139997381717,0.13305629999376833,0.02724649998708628,0.025521600007778034,0.0245207000116352,0.030702200019732118,0.0009621999925002456
0.4,LP2 ($ 	heta $ Only),4,52,5.859971575447089e-05,,0,8,1,7,5.859971575447088e-05,33.333333333333336,66.66666666666666,0.003043700009584427,0.006170499982545152,0.0001900999923236668,0.16124879999551922,0.268532200017944,0.12974520001444034,0.02804390000528656,0.04147280001780018,0.025217299989890307,0.030790399992838502,0.000505700008943677
0.4,LP2 ($ 	heta $ Only),5,57,3.543374941777713e-05,,4,11,1,10,3.543374941777712e-05,46.666666666666664,53.333333333333336,0.0018311000021640211,0.009479900007136166,0.0006016000115778297,0.15783909999299794,0.4462564999994356,0.18647059999057092,0.02464499999769032,0.029440100013744086,0.02918740001041442,0.025726099993335083,0.0009378000104334205
0.4,LP2 ($ 	heta $ Only),6,63,4.8583803055654194e-05,,0,10,4,6,4.85838030556542e-05,46.666666666666664,53.333333333333336,0.0025452999980188906,0.006801399984396994,7.430001278407872e-05,0.19768469998962246,0.27634730000863783,0.10144860000582412,0.021635400014929473,0.0212654999922961,0.025070999981835485,0.0331640999938827,0.0005058000097051263
0.4,LP2 ($ 	heta $ Only),7,70,2.70982295274127e-05,,3,6,0,6,2.70982295274127e-05,33.333333333333336,66.66666666666666,0.0016084999951999635,0.008585100003983825,0.0005937999812886119,0.18184589999145828,0.25670159998117015,0.12156139998114668,0.030065500002820045,0.029698500002268702,0.02651160000823438,0.025374799995915964,0.0009436999971512705
0.4,LP2 ($ 	heta $ Only),8,78,4.2581934092246475e-05,,6,13,3,10,4.2581934092246475e-05,53.333333333333336,46.666666666666664,0.002238399989437312,0.007440499990480021,0.00037140000495128334,0.14404499999363907,0.37029140000231564,0.10429129999829456,0.02838190001784824,0.023196699999971315,0.026094600005308166,0.024020100012421608,0.00092299998505041
0.4,LP2 ($ 	heta $ Only),9,87,6.427435924621488e-05,,5,18,4,14,6.427435924621488e-05,53.333333333333336,46.666666666666664,0.0019321999861858785,0.008562000002712011,0.0005964000010862947,0.15541789997951128,0.27366710000205785,0.09751870000036433,0.021046900015790015,0.027192300010938197,0.02980969997588545,0.03538670000853017,0.0005329999839887023
0.4,LP2 ($ 	heta $ Only),10,97,1.623114002721509e-05,,7,11,0,11,1.6231140027215095e-05,26.666666666666668,73.33333333333333,0.0022265999868977815,0.009045999991940334,0.0006681000231765211,0.18519560000277124,0.23761889999150299,0.1609485999797471,0.024967200006358325,0.02583919998141937,0.03725500000291504,0.04419939999934286,0.0004975000047124922
0.4,LP2 ($ 	heta $ Only),11,108,1.720927363837255e-05,,4,4,0,4,1.720927363837255e-05,26.666666666666668,73.33333333333333,0.003371099999640137,0.014037700020708144,0.000515899999300018,0.18982149998191744,0.2593132999900263,0.1074603000015486,0.025537599984090775,0.022882799996295944,0.026503599976422265,0.025890599994454533,0.0004867000097874552
0.4,LP2 ($ 	heta $ Only),12,120,6.380563331857574e-05,,2,14,3,11,6.380563331857574e-05,46.666666666666664,53.333333333333336,0.004640900006052107,0.0064532999822404236,0.00038720000884495676,0.1583497000101488,0.48127069999463856,0.1319833000015933,0.03103060001740232,0.025060300016775727,0.029370600008405745,0.02755489997798577,0.000957000011112541
0.4,LP2 ($ 	heta $ Only),13,133,8.766513454100205e-05,,0,12,2,10,8.766513454100205e-05,60.0,40.0,0.0016156999918166548,0.006017499981680885,7.280000136233866e-05,0.1591500999929849,0.2944124999921769,0.10114220000104979,0.026731699996162206,0.026574499992420897,0.02637099998537451,0.02810879997559823,0.0005153999954927713
0.4,LP2 ($ 	heta $ Only),14,147,7.721928020874998e-05,,5,17,4,13,7.721928020874998e-05,60.0,40.0,0.002036100020632148,0.006548900011694059,0.00038419998600147665,0.1640350999950897,0.2871733000210952,0.10336000000825152,0.026046099985251203,0.023701500002061948,0.028160000016214326,0.028561700019054115,0.0005578999989666045
0.4,LP2 ($ 	heta $ Only),15,162,3.150155228930249e-05,,2,11,1,10,3.1501552289302496e-05,46.666666666666664,53.333333333333336,0.002682800026377663,0.010525599995162338,0.00040270001045428216,0.15172620001249015,0.35874340002192184,0.08286049999878742,0.02103859998169355,0.02706289998604916,0.02786000000196509,0.030133599997498095,0.0005031000182498246
0.4,LP2 ($ 	heta $ Only),16,178,3.060987717590766e-05,,7,10,3,7,3.060987717590766e-05,40.0,60.0,0.0017902000108733773,0.008354299992788583,0.0005610999942291528,0.16884319999371655,0.2745149999973364,0.1284260000102222,0.022140300017781556,0.024962800001958385,0.023873700003605336,0.02120750001631677,0.0005691999976988882
0.4,LP2 ($ 	heta $ Only),17,195,0.0,,0,0,0,0,0.0,0.0,100.0,0.006579599983524531,0.006105100008426234,9.2999980552122e-05,0.1671317000000272,0.27876539999851957,0.22436220000963658,0.029109700000844896,0.02891809999709949,0.0236389999918174,0.0250258999876678,0.0005037999944761395
0.4,LP2 ($ 	heta $ Only),18,213,2.0423988029840158e-05,,2,2,0,2,2.0423988029840158e-05,20.0,80.0,0.0018742999818641692,0.009753300022566691,0.0004565000126603991,0.25372549999156035,0.24914950001402758,0.09354800000437535,0.030582100007450208,0.027308200020343065,0.024948000005679205,0.02651490000425838,0.0005004999984521419
0.4,LP2 ($ 	heta $ Only),19,232,7.008572839261985e-05,,2,17,6,11,7.008572839261985e-05,53.333333333333336,46.666666666666664,0.0016246000013779849,0.0080110999988392,0.0005936999805271626,0.18854730000020936,0.31212639997829683,0.09881780002615415,0.022146600007545203,0.028529200004413724,0.02611020000767894,0.027260800008662045,0.0005033999914303422
0.4,LP2 ($ 	heta $ Only),20,252,2.9693563887676643e-05,,7,8,0,8,2.9693563887676646e-05,33.333333333333336,66.66666666666666,0.0023129000037442893,0.008385699999053031,0.0003921000170521438,0.16019319999031723,0.26456350000808015,0.17089590002433397,0.01988330000312999,0.022694299987051636,0.020624599972506985,0.022360900009516627,0.0004786000063177198
0.4,LP2 ($ 	heta $ Only),21,273,2.346234205380981e-05,,3,3,0,3,2.346234205380981e-05,20.0,80.0,0.0023723999911453575,0.006332100019790232,0.00039480000850744545,0.16110960001242347,0.2756344999943394,0.15721239999402314,0.02998350001871586,0.029457800003001466,0.02559310002834536,0.025525600009132177,0.0009461999870836735
0.4,LP2 ($ 	heta $ Only),22,295,7.15340385949482e-05,,0,14,2,12,7.15340385949482e-05,46.666666666666664,53.333333333333336,0.0016109000134747475,0.008479700016323477,0.00011890000314451754,0.1889509000175167,0.2785710000025574,0.13821450000978075,0.041405500000109896,0.048112799995578825,0.038266400020802394,0.21315409999806434,0.0014629999932367355
0.4,LP2 ($ 	heta $ Only),23,318,7.156720800950399e-05,,3,7,3,4,7.156720800950399e-05,53.333333333333336,46.666666666666664,0.003095199994277209,0.019764299999224022,0.0027276999899186194,0.22210420001647435,0.2845810000144411,0.08313059998909011,0.031093400000827387,0.02553079999051988,0.025892000005114824,0.04531240000505932,0.0016613999905530363
0.4,LP2 ($ 	heta $ Only),24,342,4.733232997860942e-05,,5,15,4,11,4.733232997860942e-05,46.666666666666664,53.333333333333336,0.002491599996574223,0.006660900020506233,0.0003786000015679747,0.1626371000020299,0.35086870001396164,0.1062077000096906,0.02499030000763014,0.022996799991233274,0.02901099997689016,0.030455100000835955,0.0008733000140637159
0.4,LP2 ($ 	heta $ Only),25,367,2.2427707541825693e-05,,4,9,0,9,2.2427707541825693e-05,46.666666666666664,53.333333333333336,0.002544400020269677,0.005771399999503046,0.00037189997965469956,0.14927339999121614,0.2729172999970615,0.11935209998046048,0.02143729999079369,0.024502099986420944,0.021763600001577288,0.023409800021909177,0.0008556999964639544
0.4,LP2 ($ 	heta $ Only),26,393,2.7441753485715933e-05,,9,11,1,10,2.7441753485715933e-05,40.0,60.0,0.004211799998302013,0.006359499995596707,0.0003588999970816076,0.15284629998495802,0.2627055000048131,0.09243630000855774,0.03133999998681247,0.024726800009375438,0.02344180000363849,0.030460800015134737,0.0012594999861903489
0.4,LP2 ($ 	heta $ Only),27,420,3.600847269005555e-05,,2,13,1,12,3.600847269005555e-05,53.333333333333336,46.666666666666664,0.00166680000256747,0.010676099976990372,0.00040710001485422254,0.1839693000074476,0.28094410002813675,0.15654450000147335,0.03358360001584515,0.059722900012275204,0.026346600003307685,0.030302099999971688,0.0009584000217728317
0.4,LP2 ($ 	heta $ Only),28,448,5.701768704061142e-05,,4,13,4,9,5.701768704061142e-05,46.666666666666664,53.333333333333336,0.002448899991577491,0.008265500015113503,0.0005873999907635152,0.16869230000884272,0.26996620002319105,0.10961919999681413,0.02462589999777265,0.020063100004335865,0.02127999998629093,0.022101699985796586,0.0010848999954760075
0.4,LP2 ($ 	heta $ Only),29,477,4.398170267377567e-05,,0,11,1,10,4.398170267377567e-05,40.0,60.0,0.006644399982178584,0.014200199977494776,0.00020289997337386012,0.1760636999970302,0.4726974999939557,0.1049226000031922,0.028426500008208677,0.024458500003675,0.028940499993041158,0.030188200005795807,0.0005070000188425183
0.4,LP2 ($ 	heta $ Only),30,507,4.412322470695518e-05,,4,5,0,5,4.412322470695518e-05,40.0,60.0,0.0027061000000685453,0.009965900011593476,0.0006420999998226762,0.17770860000746325,0.25757429999066517,0.09813720002421178,0.025488599989330396,0.024007100000744686,0.02133669998147525,0.022131500008981675,0.0004927999980282038
0.4,LP2 ($ 	heta $ Only),31,538,8.26242093869111e-05,,4,14,6,8,8.262420938691112e-05,40.0,60.0,0.004426100000273436,0.007979699992574751,0.001342500007012859,0.1874371999874711,0.32004689998575486,0.15396890000556596,0.030973599990829825,0.04957179998746142,0.04131780000170693,0.03573340000002645,0.0016163999971468002
0.4,LP2 ($ 	heta $ Only),32,570,3.488659018259045e-05,,3,10,3,7,3.488659018259045e-05,40.0,60.0,0.002075900003546849,0.005500300001585856,0.00039019997348077595,0.235921799991047,0.4144197000132408,0.231608200003393,0.03951540001435205,0.02661549998447299,0.033421400003135204,0.03132099998765625,0.0004936000041197985
0.4,LP2 ($ 	heta $ Only),33,603,5.9808166291245294e-05,,4,20,5,15,5.980816629124529e-05,53.333333333333336,46.666666666666664,0.0016315999964717776,0.010099600011017174,0.0005955999949947,0.16610450000735,0.25666590000037104,0.08628399998997338,0.03064280000398867,0.0280598999815993,0.022663099982310086,0.024999699991894886,0.0010551000013947487
0.4,LP2 ($ 	heta $ Only),34,637,5.8873627094766594e-05,,3,12,0,12,5.887362709476659e-05,40.0,60.0,0.0016277999966405332,0.005455000005895272,0.00036460001138038933,0.2785128999967128,0.28460110002197325,0.0977934000256937,0.030816200014669448,0.024267500004498288,0.02506590000120923,0.026026300009107217,0.001094399980502203
0.4,LP2 ($ 	heta $ Only),35,672,2.3511503866052654e-05,,7,7,0,7,2.3511503866052654e-05,33.333333333333336,66.66666666666666,0.001647400000365451,0.005310700013069436,0.00035119999665766954,0.1466643000021577,0.2627756000147201,0.15887369998381473,0.021172799984924495,0.022617000009631738,0.020610200008377433,0.0227825999900233,0.0016116999904625118
0.4,LP2 ($ 	heta $ Only),36,708,4.035012998864111e-05,,1,7,1,6,4.035012998864111e-05,40.0,60.0,0.004124400002183393,0.014714899996761233,0.0006353000062517822,0.15834150000591762,0.27961120000691153,0.12908849999075755,0.03441940000629984,0.03300100000342354,0.02763070000219159,0.02223909998429008,0.0005037999944761395
0.4,LP2 ($ 	heta $ Only),37,745,3.6421741088249845e-05,,6,14,3,11,3.6421741088249845e-05,26.666666666666668,73.33333333333333,0.0061886000039521605,0.00807320000603795,0.0005673000123351812,0.16853210001136176,0.2789539000077639,0.12108939999598078,0.02458699999260716,0.026236600009724498,0.023072400013916194,0.029067099996609613,0.0004841000190936029
0.4,LP2 ($ 	heta $ Only),38,783,4.782849074149618e-05,,2,10,0,10,4.782849074149618e-05,46.666666666666664,53.333333333333336,0.0018680999928619713,0.011897599993972108,0.00038869999116286635,0.15561439999146387,0.32570129999658093,0.10006050000083633,0.03171490001841448,0.02357830002438277,0.028134699998190627,0.026087700010975823,0.0013361999881453812
0.4,LP2 ($ 	heta $ Only),39,822,4.374550880981025e-05,,6,13,1,12,4.3745508809810245e-05,53.333333333333336,46.666666666666664,0.005766799993580207,0.005636699992464855,0.0003789000038523227,0.18850560000282712,0.4324146999861114,0.15791059998446144,0.028781200002413243,0.023749100015265867,0.026010299974586815,0.021943700005067512,0.0005560999852605164
0.4,LP2 ($ 	heta $ Only),40,862,5.468044143652599e-05,,5,22,7,15,5.468044143652599e-05,46.666666666666664,53.333333333333336,0.0016256999806500971,0.007764399982988834,0.0005835999909322709,0.17373569999472238,0.3357296999893151,0.11026050001964904,0.02222240000264719,0.020855500013567507,0.02514589999918826,0.031217799987643957,0.0010078000195790082
0.4,LP2 ($ 	heta $ Only),41,903,7.502479520811738e-05,,7,12,2,10,7.502479520811739e-05,53.333333333333336,46.666666666666664,0.0016251000051852316,0.0058172999997623265,0.0004379000165499747,0.23860190002596937,0.25608580000698566,0.08997949998592958,0.027969100017799065,0.023651900002732873,0.025699299992993474,0.022198299993760884,0.0009138000023085624
0.4,LP2 ($ 	heta $ Only),42,945,6.129992624162352e-05,,0,12,1,11,6.129992624162352e-05,40.0,60.0,0.002084200008539483,0.008859699999447912,0.0001202999847009778,0.18430629998329096,0.29122330000973307,0.10500959999626502,0.02527310000732541,0.02888670001993887,0.03737679999903776,0.02889880002476275,0.000503200019011274
0.4,LP2 ($ 	heta $ Only),43,988,2.2317520744350906e-05,,1,7,0,7,2.2317520744350906e-05,20.0,80.0,0.004659400001401082,0.011206399998627603,0.0004028000112157315,0.1680728000064846,0.2810503999935463,0.11352610000176355,0.022209699993254617,0.021830799989402294,0.021280799992382526,0.03160710001247935,0.00508339999942109
0.4,LP2 ($ 	heta $ Only),44,1032,5.327037176189381e-05,,7,15,4,11,5.327037176189381e-05,53.333333333333336,46.666666666666664,0.005383499985327944,0.015353599999798462,0.000909099995624274,0.1745085000002291,0.2750012000033166,0.09506819999660365,0.022894099995028228,0.02433549999841489,0.02734580001560971,0.02934150001965463,0.0009397999965585768
0.4,LP2 ($ 	heta $ Only),45,1077,7.682833375659505e-05,,0,14,7,7,7.682833375659505e-05,46.666666666666664,53.333333333333336,0.002227099990705028,0.00577240000711754,7.040001219138503e-05,0.1621197999920696,0.3394927000044845,0.1646621999971103,0.026894700014963746,0.02414150000549853,0.02827209999668412,0.029806600010488182,0.0005084000003989786
0.4,LP2 ($ 	heta $ Only),46,1123,6.036613456258216e-05,,2,15,5,10,6.036613456258216e-05,53.333333333333336,46.666666666666664,0.002657600009115413,0.009943300014128909,0.0004318999999668449,0.1583892999915406,0.4488285999977961,0.08375340001657605,0.025761500000953674,0.037814099981915206,0.023674900003243238,0.028136400011135265,0.0009601999772712588
0.4,LP2 ($ 	heta $ Only),47,1170,4.7374427117286605e-05,,3,9,3,6,4.7374427117286605e-05,40.0,60.0,0.001596999994944781,0.008723900013137609,0.0006265999982133508,0.1666636999871116,0.37329200000385754,0.10996229999000207,0.027102400024887174,0.02594610000960529,0.026199899992207065,0.02683940000133589,0.0004960999940522015
0.4,LP2 ($ 	heta $ Only),48,1218,0.00010217330501467202,,2,15,4,11,0.000102173305014672,53.333333333333336,46.666666666666664,0.002650800015544519,0.01564290001988411,0.0009240000217687339,0.17110649999813177,0.2999005999881774,0.1050909000041429,0.02802440000232309,0.022506399982376024,0.027104999986477196,0.029305300005944446,0.0011709000100381672
0.4,LP2 ($ 	heta $ Only),49,1267,2.9535386987200597e-05,,1,7,0,7,2.9535386987200597e-05,46.666666666666664,53.333333333333336,0.0023816999746486545,0.019141600001603365,0.0006217000191099942,0.17564080000738613,0.2600146000040695,0.10153250000439584,0.03200429998105392,0.023366899986285716,0.023035199992591515,0.024437999993097037,0.000984799989964813
0.4,LP3 ($ 	heta $ Only),0,42,0.003848582303203545,,1,15,1,14,0.0003563176644377786,93.33333333333333,6.666666666666671,0.0034506999945733696,0.015386999992188066,0.00039950001519173384,0.1749137000006158,0.3305594000266865,0.1022979999834206,0.02906040000380017,0.02938039999571629,0.02591309999115765,0.02573819999815896,0.0005036999937146902
0.4,LP3 ($ 	heta $ Only),1,43,0.0,,5,0,0,0,0.0,0.0,100.0,0.004428099986398593,0.015415399975609034,0.0004034000157844275,0.14991639999789186,0.33697030000621453,0.08017790000303648,0.027642600005492568,0.02067590001388453,0.01942240001517348,0.023761300020851195,0.0009568000095896423
0.4,LP3 ($ 	heta $ Only),2,45,0.0034391974389522562,,0,12,1,11,0.0002792358061805688,86.66666666666667,13.333333333333329,0.0016334000101778656,0.00993999998900108,0.0005846000276505947,0.19209460000274703,0.3076781999843661,0.12396729999454692,0.0286469999991823,0.025983700004871935,0.02610420002019964,0.03115690001868643,0.0005068999889772385
0.4,LP3 ($ 	heta $ Only),3,48,0.0022591530219382536,,3,9,2,7,0.00023292022804053157,86.66666666666667,13.333333333333329,0.0023723999911453575,0.011318300006678328,0.000513700011651963,0.15867480001179501,0.27594139997381717,0.13305629999376833,0.02724649998708628,0.025521600007778034,0.0245207000116352,0.030702200019732118,0.0009621999925002456
0.4,LP3 ($ 	heta $ Only),4,52,0.0030695150488628765,,0,11,2,9,0.00030815753222263807,93.33333333333333,6.666666666666671,0.003043700009584427,0.006170499982545152,0.0001900999923236668,0.16124879999551922,0.268532200017944,0.12974520001444034,0.02804390000528656,0.04147280001780018,0.025217299989890307,0.030790399992838502,0.000505700008943677
0.4,LP3 ($ 	heta $ Only),5,57,0.0024667369533615258,,4,8,1,7,0.00022035892216848763,93.33333333333333,6.666666666666671,0.0018311000021640211,0.009479900007136166,0.0006016000115778297,0.15783909999299794,0.4462564999994356,0.18647059999057092,0.02464499999769032,0.029440100013744086,0.02918740001041442,0.025726099993335083,0.0009378000104334205
0.4,LP3 ($ 	heta $ Only),6,63,0.002740259875642045,,0,11,3,8,0.00020977793814969388,86.66666666666667,13.333333333333329,0.0025452999980188906,0.006801399984396994,7.430001278407872e-05,0.19768469998962246,0.27634730000863783,0.10144860000582412,0.021635400014929473,0.0212654999922961,0.025070999981835485,0.0331640999938827,0.0005058000097051263
0.4,LP3 ($ 	heta $ Only),7,70,0.0016708270539783267,,3,5,0,5,0.00012961289446201471,66.66666666666667,33.33333333333333,0.0016084999951999635,0.008585100003983825,0.0005937999812886119,0.18184589999145828,0.25670159998117015,0.12156139998114668,0.030065500002820045,0.029698500002268702,0.02651160000823438,0.025374799995915964,0.0009436999971512705
0.4,LP3 ($ 	heta $ Only),8,78,0.0029110256800327578,,6,10,3,7,0.0002499162854264862,93.33333333333333,6.666666666666671,0.002238399989437312,0.007440499990480021,0.00037140000495128334,0.14404499999363907,0.37029140000231564,0.10429129999829456,0.02838190001784824,0.023196699999971315,0.026094600005308166,0.024020100012421608,0.00092299998505041
0.4,LP3 ($ 	heta $ Only),9,87,0.0035826255239659456,,5,16,4,12,0.00041525476258709747,93.33333333333333,6.666666666666671,0.0019321999861858785,0.008562000002712011,0.0005964000010862947,0.15541789997951128,0.27366710000205785,0.09751870000036433,0.021046900015790015,0.027192300010938197,0.02980969997588545,0.03538670000853017,0.0005329999839887023
0.4,LP3 ($ 	heta $ Only),10,97,0.00217675403418169,,7,8,0,8,0.00018363257603078693,80.0,20.0,0.0022265999868977815,0.009045999991940334,0.0006681000231765211,0.18519560000277124,0.23761889999150299,0.1609485999797471,0.024967200006358325,0.02583919998141937,0.03725500000291504,0.04419939999934286,0.0004975000047124922
0.4,LP3 ($ 	heta $ Only),11,108,0.0010986381667367872,,4,5,0,5,9.748636754855626e-05,46.666666666666664,53.333333333333336,0.003371099999640137,0.014037700020708144,0.000515899999300018,0.18982149998191744,0.2593132999900263,0.1074603000015486,0.025537599984090775,0.022882799996295944,0.026503599976422265,0.025890599994454533,0.0004867000097874552
0.4,LP3 ($ 	heta $ Only),12,120,0.0031639328741964,,2,10,0,10,0.0002951100194979691,93.33333333333333,6.666666666666671,0.004640900006052107,0.0064532999822404236,0.00038720000884495676,0.1583497000101488,0.48127069999463856,0.1319833000015933,0.03103060001740232,0.025060300016775727,0.029370600008405745,0.02755489997798577,0.000957000011112541
0.4,LP3 ($ 	heta $ Only),13,133,0.0036228980875785913,,0,13,1,12,0.0003317138737941871,93.33333333333333,6.666666666666671,0.0016156999918166548,0.006017499981680885,7.280000136233866e-05,0.1591500999929849,0.2944124999921769,0.10114220000104979,0.026731699996162206,0.026574499992420897,0.02637099998537451,0.02810879997559823,0.0005153999954927713
0.4,LP3 ($ 	heta $ Only),14,147,0.0045734366877598276,,5,21,4,17,0.0003432988811656372,93.33333333333333,6.666666666666671,0.002036100020632148,0.006548900011694059,0.00038419998600147665,0.1640350999950897,0.2871733000210952,0.10336000000825152,0.026046099985251203,0.023701500002061948,0.028160000016214326,0.028561700019054115,0.0005578999989666045
0.4,LP3 ($ 	heta $ Only),15,162,0.002696769551076547,,2,8,1,7,0.00023244915732152725,80.0,20.0,0.002682800026377663,0.010525599995162338,0.00040270001045428216,0.15172620001249015,0.35874340002192184,0.08286049999878742,0.02103859998169355,0.02706289998604916,0.02786000000196509,0.030133599997498095,0.0005031000182498246
0.4,LP3 ($ 	heta $ Only),16,178,0.0019886192802408926,,7,6,0,6,0.00017189806439898669,66.66666666666667,33.33333333333333,0.0017902000108733773,0.008354299992788583,0.0005610999942291528,0.16884319999371655,0.2745149999973364,0.1284260000102222,0.022140300017781556,0.024962800001958385,0.023873700003605336,0.02120750001631677,0.0005691999976988882
0.4,LP3 ($ 	heta $ Only),17,195,0.0,,0,0,0,0,0.0,0.0,100.0,0.006579599983524531,0.006105100008426234,9.2999980552122e-05,0.1671317000000272,0.27876539999851957,0.22436220000963658,0.029109700000844896,0.02891809999709949,0.0236389999918174,0.0250258999876678,0.0005037999944761395
0.4,LP3 ($ 	heta $ Only),18,213,0.0007896544742047818,,2,3,1,2,7.622618807501156e-05,46.666666666666664,53.333333333333336,0.0018742999818641692,0.009753300022566691,0.0004565000126603991,0.25372549999156035,0.24914950001402758,0.09354800000437535,0.030582100007450208,0.027308200020343065,0.024948000005679205,0.02651490000425838,0.0005004999984521419
0.4,LP3 ($ 	heta $ Only),19,232,0.004056595886925814,,2,16,5,11,0.00035186209978471113,93.33333333333333,6.666666666666671,0.0016246000013779849,0.0080110999988392,0.0005936999805271626,0.18854730000020936,0.31212639997829683,0.09881780002615415,0.022146600007545203,0.028529200004413724,0.02611020000767894,0.027260800008662045,0.0005033999914303422
0.4,LP3 ($ 	heta $ Only),20,252,0.0018230256944156366,,7,9,1,8,0.00022513319954281698,93.33333333333333,6.666666666666671,0.0023129000037442893,0.008385699999053031,0.0003921000170521438,0.16019319999031723,0.26456350000808015,0.17089590002433397,0.01988330000312999,0.022694299987051636,0.020624599972506985,0.022360900009516627,0.0004786000063177198
0.4,LP3 ($ 	heta $ Only),21,273,0.0012872196446392166,,3,5,0,5,0.00010082978000435979,60.0,40.0,0.0023723999911453575,0.006332100019790232,0.00039480000850744545,0.16110960001242347,0.2756344999943394,0.15721239999402314,0.02998350001871586,0.029457800003001466,0.02559310002834536,0.025525600009132177,0.0009461999870836735
0.4,LP3 ($ 	heta $ Only),22,295,0.003950059447317502,,0,15,3,12,0.00035425090128464486,93.33333333333333,6.666666666666671,0.0016109000134747475,0.008479700016323477,0.00011890000314451754,0.1889509000175167,0.2785710000025574,0.13821450000978075,0.041405500000109896,0.048112799995578825,0.038266400020802394,0.21315409999806434,0.0014629999932367355
0.4,LP3 ($ 	heta $ Only),23,318,0.002354183359246051,,3,9,2,7,0.00023031178466079307,80.0,20.0,0.003095199994277209,0.019764299999224022,0.0027276999899186194,0.22210420001647435,0.2845810000144411,0.08313059998909011,0.031093400000827387,0.02553079999051988,0.025892000005114824,0.04531240000505932,0.0016613999905530363
0.4,LP3 ($ 	heta $ Only),24,342,0.0028753198378875214,,5,9,1,8,0.00024165308033408006,93.33333333333333,6.666666666666671,0.002491599996574223,0.006660900020506233,0.0003786000015679747,0.1626371000020299,0.35086870001396164,0.1062077000096906,0.02499030000763014,0.022996799991233274,0.02901099997689016,0.030455100000835955,0.0008733000140637159
0.4,LP3 ($ 	heta $ Only),25,367,0.002004668835821643,,4,8,0,8,0.00017693192842089197,86.66666666666667,13.333333333333329,0.002544400020269677,0.005771399999503046,0.00037189997965469956,0.14927339999121614,0.2729172999970615,0.11935209998046048,0.02143729999079369,0.024502099986420944,0.021763600001577288,0.023409800021909177,0.0008556999964639544
0.4,LP3 ($ 	heta $ Only),26,393,0.0024939847515790107,,9,8,0,8,0.0002403543225908442,86.66666666666667,13.333333333333329,0.004211799998302013,0.006359499995596707,0.0003588999970816076,0.15284629998495802,0.2627055000048131,0.09243630000855774,0.03133999998681247,0.024726800009375438,0.02344180000363849,0.030460800015134737,0.0012594999861903489
0.4,LP3 ($ 	heta $ Only),27,420,0.003004250235613072,,2,9,0,9,0.000258651061189535,86.66666666666667,13.333333333333329,0.00166680000256747,0.010676099976990372,0.00040710001485422254,0.1839693000074476,0.28094410002813675,0.15654450000147335,0.03358360001584515,0.059722900012275204,0.026346600003307685,0.030302099999971688,0.0009584000217728317
0.4,LP3 ($ 	heta $ Only),28,448,0.0033560541839038217,,4,14,1,13,0.0003051336210651953,93.33333333333333,6.666666666666671,0.002448899991577491,0.008265500015113503,0.0005873999907635152,0.16869230000884272,0.26996620002319105,0.10961919999681413,0.02462589999777265,0.020063100004335865,0.02127999998629093,0.022101699985796586,0.0010848999954760075
0.4,LP3 ($ 	heta $ Only),29,477,0.0022675547697135643,,0,10,1,9,0.0002313193263181233,80.0,20.0,0.006644399982178584,0.014200199977494776,0.00020289997337386012,0.1760636999970302,0.4726974999939557,0.1049226000031922,0.028426500008208677,0.024458500003675,0.028940499993041158,0.030188200005795807,0.0005070000188425183
0.4,LP3 ($ 	heta $ Only),30,507,0.0018344748067759434,,4,6,0,6,0.0001715797971295151,66.66666666666667,33.33333333333333,0.0027061000000685453,0.009965900011593476,0.0006420999998226762,0.17770860000746325,0.25757429999066517,0.09813720002421178,0.025488599989330396,0.024007100000744686,0.02133669998147525,0.022131500008981675,0.0004927999980282038
0.4,LP3 ($ 	heta $ Only),31,538,0.0034298807428093108,,4,12,2,10,0.00029470879005701316,93.33333333333333,6.666666666666671,0.004426100000273436,0.007979699992574751,0.001342500007012859,0.1874371999874711,0.32004689998575486,0.15396890000556596,0.030973599990829825,0.04957179998746142,0.04131780000170693,0.03573340000002645,0.0016163999971468002
0.4,LP3 ($ 	heta $ Only),32,570,0.0024435638156646757,,3,8,0,8,0.00019795968726013036,80.0,20.0,0.002075900003546849,0.005500300001585856,0.00039019997348077595,0.235921799991047,0.4144197000132408,0.231608200003393,0.03951540001435205,0.02661549998447299,0.033421400003135204,0.03132099998765625,0.0004936000041197985
0.4,LP3 ($ 	heta $ Only),33,603,0.005072845712554021,,4,19,5,14,0.00040714948032416633,93.33333333333333,6.666666666666671,0.0016315999964717776,0.010099600011017174,0.0005955999949947,0.16610450000735,0.25666590000037104,0.08628399998997338,0.03064280000398867,0.0280598999815993,0.022663099982310086,0.024999699991894886,0.0010551000013947487
0.4,LP3 ($ 	heta $ Only),34,637,0.00448630166727718,,3,13,1,12,0.00043010423195203863,93.33333333333333,6.666666666666671,0.0016277999966405332,0.005455000005895272,0.00036460001138038933,0.2785128999967128,0.28460110002197325,0.0977934000256937,0.030816200014669448,0.024267500004498288,0.02506590000120923,0.026026300009107217,0.001094399980502203
0.4,LP3 ($ 	heta $ Only),35,672,0.0013103737058073521,,7,6,0,6,0.00015854190831258357,80.0,20.0,0.001647400000365451,0.005310700013069436,0.00035119999665766954,0.1466643000021577,0.2627756000147201,0.15887369998381473,0.021172799984924495,0.022617000009631738,0.020610200008377433,0.0227825999900233,0.0016116999904625118
0.4,LP3 ($ 	heta $ Only),36,708,0.002134352981307289,,1,7,0,7,0.0001758072533832248,86.66666666666667,13.333333333333329,0.004124400002183393,0.014714899996761233,0.0006353000062517822,0.15834150000591762,0.27961120000691153,0.12908849999075755,0.03441940000629984,0.03300100000342354,0.02763070000219159,0.02223909998429008,0.0005037999944761395
0.4,LP3 ($ 	heta $ Only),37,745,0.0038570577345228975,,6,15,2,13,0.00029348321427189876,86.66666666666667,13.333333333333329,0.0061886000039521605,0.00807320000603795,0.0005673000123351812,0.16853210001136176,0.2789539000077639,0.12108939999598078,0.02458699999260716,0.026236600009724498,0.023072400013916194,0.029067099996609613,0.0004841000190936029
0.4,LP3 ($ 	heta $ Only),38,783,0.0029603180056909577,,2,10,0,10,0.00020790941211748558,86.66666666666667,13.333333333333329,0.0018680999928619713,0.011897599993972108,0.00038869999116286635,0.15561439999146387,0.32570129999658093,0.10006050000083633,0.03171490001841448,0.02357830002438277,0.028134699998190627,0.026087700010975823,0.0013361999881453812
0.4,LP3 ($ 	heta $ Only),39,822,0.002733355895116357,,6,9,2,7,0.0001992152347440227,80.0,20.0,0.005766799993580207,0.005636699992464855,0.0003789000038523227,0.18850560000282712,0.4324146999861114,0.15791059998446144,0.028781200002413243,0.023749100015265867,0.026010299974586815,0.021943700005067512,0.0005560999852605164
0.4,LP3 ($ 	heta $ Only),40,862,0.0037849955427595628,,5,14,4,10,0.00027778763821103105,93.33333333333333,6.666666666666671,0.0016256999806500971,0.007764399982988834,0.0005835999909322709,0.17373569999472238,0.3357296999893151,0.11026050001964904,0.02222240000264719,0.020855500013567507,0.02514589999918826,0.031217799987643957,0.0010078000195790082
0.4,LP3 ($ 	heta $ Only),41,903,0.0036889101718537752,,7,14,3,11,0.0002125001250571192,93.33333333333333,6.666666666666671,0.0016251000051852316,0.0058172999997623265,0.0004379000165499747,0.23860190002596937,0.25608580000698566,0.08997949998592958,0.027969100017799065,0.023651900002732873,0.025699299992993474,0.022198299993760884,0.0009138000023085624
0.4,LP3 ($ 	heta $ Only),42,945,0.003317116498028409,,0,9,0,9,0.0002658456837285611,80.0,20.0,0.002084200008539483,0.008859699999447912,0.0001202999847009778,0.18430629998329096,0.29122330000973307,0.10500959999626502,0.02527310000732541,0.02888670001993887,0.03737679999903776,0.02889880002476275,0.000503200019011274
0.4,LP3 ($ 	heta $ Only),43,988,0.0018734249088944715,,1,8,1,7,0.00015603706810358333,60.0,40.0,0.004659400001401082,0.011206399998627603,0.0004028000112157315,0.1680728000064846,0.2810503999935463,0.11352610000176355,0.022209699993254617,0.021830799989402294,0.021280799992382526,0.03160710001247935,0.00508339999942109
0.4,LP3 ($ 	heta $ Only),44,1032,0.003436511241582168,,7,18,5,13,0.0002720857023113027,86.66666666666667,13.333333333333329,0.005383499985327944,0.015353599999798462,0.000909099995624274,0.1745085000002291,0.2750012000033166,0.09506819999660365,0.022894099995028228,0.02433549999841489,0.02734580001560971,0.02934150001965463,0.0009397999965585768
0.4,LP3 ($ 	heta $ Only),45,1077,0.0030743074819473888,,0,9,3,6,0.0002711790710742272,86.66666666666667,13.333333333333329,0.002227099990705028,0.00577240000711754,7.040001219138503e-05,0.1621197999920696,0.3394927000044845,0.1646621999971103,0.026894700014963746,0.02414150000549853,0.02827209999668412,0.029806600010488182,0.0005084000003989786
0.4,LP3 ($ 	heta $ Only),46,1123,0.0035119136678155635,,2,14,3,11,0.0002813428145214044,93.33333333333333,6.666666666666671,0.002657600009115413,0.009943300014128909,0.0004318999999668449,0.1583892999915406,0.4488285999977961,0.08375340001657605,0.025761500000953674,0.037814099981915206,0.023674900003243238,0.028136400011135265,0.0009601999772712588
0.4,LP3 ($ 	heta $ Only),47,1170,0.0020542300972204138,,3,9,2,7,0.0002151370901433893,86.66666666666667,13.333333333333329,0.001596999994944781,0.008723900013137609,0.0006265999982133508,0.1666636999871116,0.37329200000385754,0.10996229999000207,0.027102400024887174,0.02594610000960529,0.026199899992207065,0.02683940000133589,0.0004960999940522015
0.4,LP3 ($ 	heta $ Only),48,1218,0.004218404616584873,,2,14,4,10,0.0003724935331618213,93.33333333333333,6.666666666666671,0.002650800015544519,0.01564290001988411,0.0009240000217687339,0.17110649999813177,0.2999005999881774,0.1050909000041429,0.02802440000232309,0.022506399982376024,0.027104999986477196,0.029305300005944446,0.0011709000100381672
0.4,LP3 ($ 	heta $ Only),49,1267,0.0014591035729356937,,1,6,0,6,0.00013492978776673015,60.0,40.0,0.0023816999746486545,0.019141600001603365,0.0006217000191099942,0.17564080000738613,0.2600146000040695,0.10153250000439584,0.03200429998105392,0.023366899986285716,0.023035199992591515,0.024437999993097037,0.000984799989964813
0.4,Weighted LP3 ($ 	heta $ Only),0,42,0.0027902676650881798,,1,13,1,12,0.00033695114606744687,80.0,20.0,0.0034506999945733696,0.015386999992188066,0.00039950001519173384,0.1749137000006158,0.3305594000266865,0.1022979999834206,0.02906040000380017,0.02938039999571629,0.02591309999115765,0.02573819999815896,0.0005036999937146902
0.4,Weighted LP3 ($ 	heta $ Only),1,43,0.0,,5,0,0,0,0.0,0.0,100.0,0.004428099986398593,0.015415399975609034,0.0004034000157844275,0.14991639999789186,0.33697030000621453,0.08017790000303648,0.027642600005492568,0.02067590001388453,0.01942240001517348,0.023761300020851195,0.0009568000095896423
0.4,Weighted LP3 ($ 	heta $ Only),2,45,0.0025147618922340726,,0,15,1,14,0.0002260980346110531,73.33333333333333,26.66666666666667,0.0016334000101778656,0.00993999998900108,0.0005846000276505947,0.19209460000274703,0.3076781999843661,0.12396729999454692,0.0286469999991823,0.025983700004871935,0.02610420002019964,0.03115690001868643,0.0005068999889772385
0.4,Weighted LP3 ($ 	heta $ Only),3,48,0.0016964364037517585,,3,8,2,6,0.00022863835855703636,86.66666666666667,13.333333333333329,0.0023723999911453575,0.011318300006678328,0.000513700011651963,0.15867480001179501,0.27594139997381717,0.13305629999376833,0.02724649998708628,0.025521600007778034,0.0245207000116352,0.030702200019732118,0.0009621999925002456
0.4,Weighted LP3 ($ 	heta $ Only),4,52,0.0022828908151511836,,0,11,2,9,0.00027531785877149794,93.33333333333333,6.666666666666671,0.003043700009584427,0.006170499982545152,0.0001900999923236668,0.16124879999551922,0.268532200017944,0.12974520001444034,0.02804390000528656,0.04147280001780018,0.025217299989890307,0.030790399992838502,0.000505700008943677
0.4,Weighted LP3 ($ 	heta $ Only),5,57,0.0018014510832963621,,4,8,1,7,0.00020999680343751717,93.33333333333333,6.666666666666671,0.0018311000021640211,0.009479900007136166,0.0006016000115778297,0.15783909999299794,0.4462564999994356,0.18647059999057092,0.02464499999769032,0.029440100013744086,0.02918740001041442,0.025726099993335083,0.0009378000104334205
0.4,Weighted LP3 ($ 	heta $ Only),6,63,0.002090656191650702,,0,11,3,8,0.0001949189416106387,86.66666666666667,13.333333333333329,0.0025452999980188906,0.006801399984396994,7.430001278407872e-05,0.19768469998962246,0.27634730000863783,0.10144860000582412,0.021635400014929473,0.0212654999922961,0.025070999981835485,0.0331640999938827,0.0005058000097051263
0.4,Weighted LP3 ($ 	heta $ Only),7,70,0.0011581918274064984,,3,5,0,5,0.00012583595515866394,66.66666666666667,33.33333333333333,0.0016084999951999635,0.008585100003983825,0.0005937999812886119,0.18184589999145828,0.25670159998117015,0.12156139998114668,0.030065500002820045,0.029698500002268702,0.02651160000823438,0.025374799995915964,0.0009436999971512705
0.4,Weighted LP3 ($ 	heta $ Only),8,78,0.0022501794886896328,,6,10,2,8,0.0002442196483003872,86.66666666666667,13.333333333333329,0.002238399989437312,0.007440499990480021,0.00037140000495128334,0.14404499999363907,0.37029140000231564,0.10429129999829456,0.02838190001784824,0.023196699999971315,0.026094600005308166,0.024020100012421608,0.00092299998505041
0.4,Weighted LP3 ($ 	heta $ Only),9,87,0.0027251179997989177,,5,17,4,13,0.00040776531067811034,93.33333333333333,6.666666666666671,0.0019321999861858785,0.008562000002712011,0.0005964000010862947,0.15541789997951128,0.27366710000205785,0.09751870000036433,0.021046900015790015,0.027192300010938197,0.02980969997588545,0.03538670000853017,0.0005329999839887023
0.4,Weighted LP3 ($ 	heta $ Only),10,97,0.0015110307866522943,,7,8,0,8,0.00016659534272396917,80.0,20.0,0.0022265999868977815,0.009045999991940334,0.0006681000231765211,0.18519560000277124,0.23761889999150299,0.1609485999797471,0.024967200006358325,0.02583919998141937,0.03725500000291504,0.04419939999934286,0.0004975000047124922
0.4,Weighted LP3 ($ 	heta $ Only),11,108,0.0007647499616602625,,4,5,0,5,9.66163727869739e-05,46.666666666666664,53.333333333333336,0.003371099999640137,0.014037700020708144,0.000515899999300018,0.18982149998191744,0.2593132999900263,0.1074603000015486,0.025537599984090775,0.022882799996295944,0.026503599976422265,0.025890599994454533,0.0004867000097874552
0.4,Weighted LP3 ($ 	heta $ Only),12,120,0.0022628597174038827,,2,10,0,10,0.0002947466451400655,93.33333333333333,6.666666666666671,0.004640900006052107,0.0064532999822404236,0.00038720000884495676,0.1583497000101488,0.48127069999463856,0.1319833000015933,0.03103060001740232,0.025060300016775727,0.029370600008405745,0.02755489997798577,0.000957000011112541
0.4,Weighted LP3 ($ 	heta $ Only),13,133,0.0026518713245642827,,0,13,1,12,0.0003266515774071211,93.33333333333333,6.666666666666671,0.0016156999918166548,0.006017499981680885,7.280000136233866e-05,0.1591500999929849,0.2944124999921769,0.10114220000104979,0.026731699996162206,0.026574499992420897,0.02637099998537451,0.02810879997559823,0.0005153999954927713
0.4,Weighted LP3 ($ 	heta $ Only),14,147,0.0034363723866710056,,5,22,4,18,0.00034328211368804713,93.33333333333333,6.666666666666671,0.002036100020632148,0.006548900011694059,0.00038419998600147665,0.1640350999950897,0.2871733000210952,0.10336000000825152,0.026046099985251203,0.023701500002061948,0.028160000016214326,0.028561700019054115,0.0005578999989666045
0.4,Weighted LP3 ($ 	heta $ Only),15,162,0.0019701297188339153,,2,8,1,7,0.0002293446848611932,86.66666666666667,13.333333333333329,0.002682800026377663,0.010525599995162338,0.00040270001045428216,0.15172620001249015,0.35874340002192184,0.08286049999878742,0.02103859998169355,0.02706289998604916,0.02786000000196509,0.030133599997498095,0.0005031000182498246
0.4,Weighted LP3 ($ 	heta $ Only),16,178,0.0014433288392164951,,7,5,0,5,0.00017372808708384383,73.33333333333333,26.66666666666667,0.0017902000108733773,0.008354299992788583,0.0005610999942291528,0.16884319999371655,0.2745149999973364,0.1284260000102222,0.022140300017781556,0.024962800001958385,0.023873700003605336,0.02120750001631677,0.0005691999976988882
0.4,Weighted LP3 ($ 	heta $ Only),17,195,0.0,,0,0,0,0,0.0,0.0,100.0,0.006579599983524531,0.006105100008426234,9.2999980552122e-05,0.1671317000000272,0.27876539999851957,0.22436220000963658,0.029109700000844896,0.02891809999709949,0.0236389999918174,0.0250258999876678,0.0005037999944761395
0.4,Weighted LP3 ($ 	heta $ Only),18,213,0.0006124687741528808,,2,3,1,2,7.622618807501156e-05,46.666666666666664,53.333333333333336,0.0018742999818641692,0.009753300022566691,0.0004565000126603991,0.25372549999156035,0.24914950001402758,0.09354800000437535,0.030582100007450208,0.027308200020343065,0.024948000005679205,0.02651490000425838,0.0005004999984521419
0.4,Weighted LP3 ($ 	heta $ Only),19,232,0.0031598428429406356,,2,16,4,12,0.00034799871072147904,93.33333333333333,6.666666666666671,0.0016246000013779849,0.0080110999988392,0.0005936999805271626,0.18854730000020936,0.31212639997829683,0.09881780002615415,0.022146600007545203,0.028529200004413724,0.02611020000767894,0.027260800008662045,0.0005033999914303422
0.4,Weighted LP3 ($ 	heta $ Only),20,252,0.001300237308629634,,7,7,0,7,0.00015373671401603574,80.0,20.0,0.0023129000037442893,0.008385699999053031,0.0003921000170521438,0.16019319999031723,0.26456350000808015,0.17089590002433397,0.01988330000312999,0.022694299987051636,0.020624599972506985,0.022360900009516627,0.0004786000063177198
0.4,Weighted LP3 ($ 	heta $ Only),21,273,0.0008917069936338982,,3,4,0,4,0.00010005971537325171,60.0,40.0,0.0023723999911453575,0.006332100019790232,0.00039480000850744545,0.16110960001242347,0.2756344999943394,0.15721239999402314,0.02998350001871586,0.029457800003001466,0.02559310002834536,0.025525600009132177,0.0009461999870836735
0.4,Weighted LP3 ($ 	heta $ Only),22,295,0.0029931584083252283,,0,15,3,12,0.0003291231491014013,93.33333333333333,6.666666666666671,0.0016109000134747475,0.008479700016323477,0.00011890000314451754,0.1889509000175167,0.2785710000025574,0.13821450000978075,0.041405500000109896,0.048112799995578825,0.038266400020802394,0.21315409999806434,0.0014629999932367355
0.4,Weighted LP3 ($ 	heta $ Only),23,318,0.001893952834265147,,3,10,2,8,0.00023141158495754543,80.0,20.0,0.003095199994277209,0.019764299999224022,0.0027276999899186194,0.22210420001647435,0.2845810000144411,0.08313059998909011,0.031093400000827387,0.02553079999051988,0.025892000005114824,0.04531240000505932,0.0016613999905530363
0.4,Weighted LP3 ($ 	heta $ Only),24,342,0.0021288581814126717,,5,9,1,8,0.00023848126002028487,93.33333333333333,6.666666666666671,0.002491599996574223,0.006660900020506233,0.0003786000015679747,0.1626371000020299,0.35086870001396164,0.1062077000096906,0.02499030000763014,0.022996799991233274,0.02901099997689016,0.030455100000835955,0.0008733000140637159
0.4,Weighted LP3 ($ 	heta $ Only),25,367,0.0014200549450320969,,4,8,0,8,0.00017594199371324942,93.33333333333333,6.666666666666671,0.002544400020269677,0.005771399999503046,0.00037189997965469956,0.14927339999121614,0.2729172999970615,0.11935209998046048,0.02143729999079369,0.024502099986420944,0.021763600001577288,0.023409800021909177,0.0008556999964639544
0.4,Weighted LP3 ($ 	heta $ Only),26,393,0.0017489254941784672,,9,8,0,8,0.00022017980763835152,86.66666666666667,13.333333333333329,0.004211799998302013,0.006359499995596707,0.0003588999970816076,0.15284629998495802,0.2627055000048131,0.09243630000855774,0.03133999998681247,0.024726800009375438,0.02344180000363849,0.030460800015134737,0.0012594999861903489
0.4,Weighted LP3 ($ 	heta $ Only),27,420,0.0021322777967653157,,2,10,0,10,0.00024130946135805822,93.33333333333333,6.666666666666671,0.00166680000256747,0.010676099976990372,0.00040710001485422254,0.1839693000074476,0.28094410002813675,0.15654450000147335,0.03358360001584515,0.059722900012275204,0.026346600003307685,0.030302099999971688,0.0009584000217728317
0.4,Weighted LP3 ($ 	heta $ Only),28,448,0.0024463955130503917,,4,13,1,12,0.0003016502143927533,93.33333333333333,6.666666666666671,0.002448899991577491,0.008265500015113503,0.0005873999907635152,0.16869230000884272,0.26996620002319105,0.10961919999681413,0.02462589999777265,0.020063100004335865,0.02127999998629093,0.022101699985796586,0.0010848999954760075
0.4,Weighted LP3 ($ 	heta $ Only),29,477,0.0016544460962168862,,0,10,1,9,0.00018479209287822746,80.0,20.0,0.006644399982178584,0.014200199977494776,0.00020289997337386012,0.1760636999970302,0.4726974999939557,0.1049226000031922,0.028426500008208677,0.024458500003675,0.028940499993041158,0.030188200005795807,0.0005070000188425183
0.4,Weighted LP3 ($ 	heta $ Only),30,507,0.0013548347314940863,,4,6,0,6,0.00016959012382520455,66.66666666666667,33.33333333333333,0.0027061000000685453,0.009965900011593476,0.0006420999998226762,0.17770860000746325,0.25757429999066517,0.09813720002421178,0.025488599989330396,0.024007100000744686,0.02133669998147525,0.022131500008981675,0.0004927999980282038
0.4,Weighted LP3 ($ 	heta $ Only),31,538,0.002552367285702636,,4,14,2,12,0.00028559560979877867,93.33333333333333,6.666666666666671,0.004426100000273436,0.007979699992574751,0.001342500007012859,0.1874371999874711,0.32004689998575486,0.15396890000556596,0.030973599990829825,0.04957179998746142,0.04131780000170693,0.03573340000002645,0.0016163999971468002
0.4,Weighted LP3 ($ 	heta $ Only),32,570,0.001738622153681748,,3,7,0,7,0.00019244679513407008,73.33333333333333,26.66666666666667,0.002075900003546849,0.005500300001585856,0.00039019997348077595,0.235921799991047,0.4144197000132408,0.231608200003393,0.03951540001435205,0.02661549998447299,0.033421400003135204,0.03132099998765625,0.0004936000041197985
0.4,Weighted LP3 ($ 	heta $ Only),33,603,0.0038627482220396285,,4,20,3,17,0.0003936168644630085,93.33333333333333,6.666666666666671,0.0016315999964717776,0.010099600011017174,0.0005955999949947,0.16610450000735,0.25666590000037104,0.08628399998997338,0.03064280000398867,0.0280598999815993,0.022663099982310086,0.024999699991894886,0.0010551000013947487
0.4,Weighted LP3 ($ 	heta $ Only),34,637,0.003304676206817388,,3,11,0,11,0.000406648056780245,93.33333333333333,6.666666666666671,0.0016277999966405332,0.005455000005895272,0.00036460001138038933,0.2785128999967128,0.28460110002197325,0.0977934000256937,0.030816200014669448,0.024267500004498288,0.02506590000120923,0.026026300009107217,0.001094399980502203
0.4,Weighted LP3 ($ 	heta $ Only),35,672,0.0009264243046499295,,7,5,0,5,0.0001584625979710762,80.0,20.0,0.001647400000365451,0.005310700013069436,0.00035119999665766954,0.1466643000021577,0.2627756000147201,0.15887369998381473,0.021172799984924495,0.022617000009631738,0.020610200008377433,0.0227825999900233,0.0016116999904625118
0.4,Weighted LP3 ($ 	heta $ Only),36,708,0.0014822927118706211,,1,8,0,8,0.00016606278147369944,80.0,20.0,0.004124400002183393,0.014714899996761233,0.0006353000062517822,0.15834150000591762,0.27961120000691153,0.12908849999075755,0.03441940000629984,0.03300100000342354,0.02763070000219159,0.02223909998429008,0.0005037999944761395
0.4,Weighted LP3 ($ 	heta $ Only),37,745,0.0028294001370695963,,6,16,1,15,0.0002961519052980037,86.66666666666667,13.333333333333329,0.0061886000039521605,0.00807320000603795,0.0005673000123351812,0.16853210001136176,0.2789539000077639,0.12108939999598078,0.02458699999260716,0.026236600009724498,0.023072400013916194,0.029067099996609613,0.0004841000190936029
0.4,Weighted LP3 ($ 	heta $ Only),38,783,0.002080587353487346,,2,11,0,11,0.00019884060027227938,86.66666666666667,13.333333333333329,0.0018680999928619713,0.011897599993972108,0.00038869999116286635,0.15561439999146387,0.32570129999658093,0.10006050000083633,0.03171490001841448,0.02357830002438277,0.028134699998190627,0.026087700010975823,0.0013361999881453812
0.4,Weighted LP3 ($ 	heta $ Only),39,822,0.001987065074401555,,6,10,1,9,0.00021550502321301642,86.66666666666667,13.333333333333329,0.005766799993580207,0.005636699992464855,0.0003789000038523227,0.18850560000282712,0.4324146999861114,0.15791059998446144,0.028781200002413243,0.023749100015265867,0.026010299974586815,0.021943700005067512,0.0005560999852605164
0.4,Weighted LP3 ($ 	heta $ Only),40,862,0.0029182883800082317,,5,13,4,9,0.0002768971279640854,93.33333333333333,6.666666666666671,0.0016256999806500971,0.007764399982988834,0.0005835999909322709,0.17373569999472238,0.3357296999893151,0.11026050001964904,0.02222240000264719,0.020855500013567507,0.02514589999918826,0.031217799987643957,0.0010078000195790082
0.4,Weighted LP3 ($ 	heta $ Only),41,903,0.0027583454792281855,,7,13,2,11,0.00020663685549962007,93.33333333333333,6.666666666666671,0.0016251000051852316,0.0058172999997623265,0.0004379000165499747,0.23860190002596937,0.25608580000698566,0.08997949998592958,0.027969100017799065,0.023651900002732873,0.025699299992993474,0.022198299993760884,0.0009138000023085624
0.4,Weighted LP3 ($ 	heta $ Only),42,945,0.002383296610285258,,0,9,0,9,0.00026312337001962305,80.0,20.0,0.002084200008539483,0.008859699999447912,0.0001202999847009778,0.18430629998329096,0.29122330000973307,0.10500959999626502,0.02527310000732541,0.02888670001993887,0.03737679999903776,0.02889880002476275,0.000503200019011274
0.4,Weighted LP3 ($ 	heta $ Only),43,988,0.0013410176329677198,,1,7,1,6,0.00015594071211323616,66.66666666666667,33.33333333333333,0.004659400001401082,0.011206399998627603,0.0004028000112157315,0.1680728000064846,0.2810503999935463,0.11352610000176355,0.022209699993254617,0.021830799989402294,0.021280799992382526,0.03160710001247935,0.00508339999942109
0.4,Weighted LP3 ($ 	heta $ Only),44,1032,0.002608485483851564,,7,17,4,13,0.0002610077565661327,86.66666666666667,13.333333333333329,0.005383499985327944,0.015353599999798462,0.000909099995624274,0.1745085000002291,0.2750012000033166,0.09506819999660365,0.022894099995028228,0.02433549999841489,0.02734580001560971,0.02934150001965463,0.0009397999965585768
0.4,Weighted LP3 ($ 	heta $ Only),45,1077,0.002368070263511266,,0,11,3,8,0.000267674330043993,93.33333333333333,6.666666666666671,0.002227099990705028,0.00577240000711754,7.040001219138503e-05,0.1621197999920696,0.3394927000044845,0.1646621999971103,0.026894700014963746,0.02414150000549853,0.02827209999668412,0.029806600010488182,0.0005084000003989786
0.4,Weighted LP3 ($ 	heta $ Only),46,1123,0.0026267675879099017,,2,13,2,11,0.0002517958850001545,93.33333333333333,6.666666666666671,0.002657600009115413,0.009943300014128909,0.0004318999999668449,0.1583892999915406,0.4488285999977961,0.08375340001657605,0.025761500000953674,0.037814099981915206,0.023674900003243238,0.028136400011135265,0.0009601999772712588
0.4,Weighted LP3 ($ 	heta $ Only),47,1170,0.0015751110210383086,,3,9,2,7,0.00022189946594961408,86.66666666666667,13.333333333333329,0.001596999994944781,0.008723900013137609,0.0006265999982133508,0.1666636999871116,0.37329200000385754,0.10996229999000207,0.027102400024887174,0.02594610000960529,0.026199899992207065,0.02683940000133589,0.0004960999940522015
0.4,Weighted LP3 ($ 	heta $ Only),48,1218,0.003315342883144951,,2,15,4,11,0.00036455047058362924,93.33333333333333,6.666666666666671,0.002650800015544519,0.01564290001988411,0.0009240000217687339,0.17110649999813177,0.2999005999881774,0.1050909000041429,0.02802440000232309,0.022506399982376024,0.027104999986477196,0.029305300005944446,0.0011709000100381672
0.4,Weighted LP3 ($ 	heta $ Only),49,1267,0.0010371981639261797,,1,5,0,5,0.00013895099561928313,66.66666666666667,33.33333333333333,0.0023816999746486545,0.019141600001603365,0.0006217000191099942,0.17564080000738613,0.2600146000040695,0.10153250000439584,0.03200429998105392,0.023366899986285716,0.023035199992591515,0.024437999993097037,0.000984799989964813
0.4,Borda LP3 ($ 	heta $ Only),0,42,0.0025913201346126286,,1,13,1,12,0.0002537358062332899,80.0,20.0,0.0034506999945733696,0.015386999992188066,0.00039950001519173384,0.1749137000006158,0.3305594000266865,0.1022979999834206,0.02906040000380017,0.02938039999571629,0.02591309999115765,0.02573819999815896,0.0005036999937146902
0.4,Borda LP3 ($ 	heta $ Only),1,43,0.0,,5,0,0,0,0.0,0.0,100.0,0.004428099986398593,0.015415399975609034,0.0004034000157844275,0.14991639999789186,0.33697030000621453,0.08017790000303648,0.027642600005492568,0.02067590001388453,0.01942240001517348,0.023761300020851195,0.0009568000095896423
0.4,Borda LP3 ($ 	heta $ Only),2,45,0.002391221154747932,,0,15,1,14,0.0001967993465416601,80.0,20.0,0.0016334000101778656,0.00993999998900108,0.0005846000276505947,0.19209460000274703,0.3076781999843661,0.12396729999454692,0.0286469999991823,0.025983700004871935,0.02610420002019964,0.03115690001868643,0.0005068999889772385
0.4,Borda LP3 ($ 	heta $ Only),3,48,0.0021357832762890277,,3,10,2,8,0.00024669004926074336,93.33333333333333,6.666666666666671,0.0023723999911453575,0.011318300006678328,0.000513700011651963,0.15867480001179501,0.27594139997381717,0.13305629999376833,0.02724649998708628,0.025521600007778034,0.0245207000116352,0.030702200019732118,0.0009621999925002456
0.4,Borda LP3 ($ 	heta $ Only),4,52,0.0023808295570465535,,0,12,2,10,0.0002969184647941116,86.66666666666667,13.333333333333329,0.003043700009584427,0.006170499982545152,0.0001900999923236668,0.16124879999551922,0.268532200017944,0.12974520001444034,0.02804390000528656,0.04147280001780018,0.025217299989890307,0.030790399992838502,0.000505700008943677
0.4,Borda LP3 ($ 	heta $ Only),5,57,0.0015664180220219168,,4,9,1,8,0.0001973222422296941,80.0,20.0,0.0018311000021640211,0.009479900007136166,0.0006016000115778297,0.15783909999299794,0.4462564999994356,0.18647059999057092,0.02464499999769032,0.029440100013744086,0.02918740001041442,0.025726099993335083,0.0009378000104334205
0.4,Borda LP3 ($ 	heta $ Only),6,63,0.002740259875642045,,0,11,3,8,0.00020977793814969388,86.66666666666667,13.333333333333329,0.0025452999980188906,0.006801399984396994,7.430001278407872e-05,0.19768469998962246,0.27634730000863783,0.10144860000582412,0.021635400014929473,0.0212654999922961,0.025070999981835485,0.0331640999938827,0.0005058000097051263
0.4,Borda LP3 ($ 	heta $ Only),7,70,0.0010764871264253748,,3,5,0,5,0.00011972013499127984,66.66666666666667,33.33333333333333,0.0016084999951999635,0.008585100003983825,0.0005937999812886119,0.18184589999145828,0.25670159998117015,0.12156139998114668,0.030065500002820045,0.029698500002268702,0.02651160000823438,0.025374799995915964,0.0009436999971512705
0.4,Borda LP3 ($ 	heta $ Only),8,78,0.0028230597972887625,,6,10,2,8,0.00025113737451910206,93.33333333333333,6.666666666666671,0.002238399989437312,0.007440499990480021,0.00037140000495128334,0.14404499999363907,0.37029140000231564,0.10429129999829456,0.02838190001784824,0.023196699999971315,0.026094600005308166,0.024020100012421608,0.00092299998505041
0.4,Borda LP3 ($ 	heta $ Only),9,87,0.0028001101546847014,,5,18,3,15,0.0004051464799246506,93.33333333333333,6.666666666666671,0.0019321999861858785,0.008562000002712011,0.0005964000010862947,0.15541789997951128,0.27366710000205785,0.09751870000036433,0.021046900015790015,0.027192300010938197,0.02980969997588545,0.03538670000853017,0.0005329999839887023
0.4,Borda LP3 ($ 	heta $ Only),10,97,0.00217675403418169,,7,8,0,8,0.00018363257603078693,80.0,20.0,0.0022265999868977815,0.009045999991940334,0.0006681000231765211,0.18519560000277124,0.23761889999150299,0.1609485999797471,0.024967200006358325,0.02583919998141937,0.03725500000291504,0.04419939999934286,0.0004975000047124922
0.4,Borda LP3 ($ 	heta $ Only),11,108,0.0010986381667367872,,4,5,0,5,9.748636754855626e-05,46.666666666666664,53.333333333333336,0.003371099999640137,0.014037700020708144,0.000515899999300018,0.18982149998191744,0.2593132999900263,0.1074603000015486,0.025537599984090775,0.022882799996295944,0.026503599976422265,0.025890599994454533,0.0004867000097874552
0.4,Borda LP3 ($ 	heta $ Only),12,120,0.0023836929237824396,,2,11,1,10,0.0002552810434545097,93.33333333333333,6.666666666666671,0.004640900006052107,0.0064532999822404236,0.00038720000884495676,0.1583497000101488,0.48127069999463856,0.1319833000015933,0.03103060001740232,0.025060300016775727,0.029370600008405745,0.02755489997798577,0.000957000011112541
0.4,Borda LP3 ($ 	heta $ Only),13,133,0.0028862390701314936,,0,13,2,11,0.00032344721845189994,93.33333333333333,6.666666666666671,0.0016156999918166548,0.006017499981680885,7.280000136233866e-05,0.1591500999929849,0.2944124999921769,0.10114220000104979,0.026731699996162206,0.026574499992420897,0.02637099998537451,0.02810879997559823,0.0005153999954927713
0.4,Borda LP3 ($ 	heta $ Only),14,147,0.004236702577625486,,5,22,4,18,0.0003445082223812626,93.33333333333333,6.666666666666671,0.002036100020632148,0.006548900011694059,0.00038419998600147665,0.1640350999950897,0.2871733000210952,0.10336000000825152,0.026046099985251203,0.023701500002061948,0.028160000016214326,0.028561700019054115,0.0005578999989666045
0.4,Borda LP3 ($ 	heta $ Only),15,162,0.002696769551076547,,2,8,1,7,0.00023244915732152725,80.0,20.0,0.002682800026377663,0.010525599995162338,0.00040270001045428216,0.15172620001249015,0.35874340002192184,0.08286049999878742,0.02103859998169355,0.02706289998604916,0.02786000000196509,0.030133599997498095,0.0005031000182498246
0.4,Borda LP3 ($ 	heta $ Only),16,178,0.001339995288875834,,7,7,1,6,0.00018427038127904541,86.66666666666667,13.333333333333329,0.0017902000108733773,0.008354299992788583,0.0005610999942291528,0.16884319999371655,0.2745149999973364,0.1284260000102222,0.022140300017781556,0.024962800001958385,0.023873700003605336,0.02120750001631677,0.0005691999976988882
0.4,Borda LP3 ($ 	heta $ Only),17,195,0.0,,0,0,0,0,0.0,0.0,100.0,0.006579599983524531,0.006105100008426234,9.2999980552122e-05,0.1671317000000272,0.27876539999851957,0.22436220000963658,0.029109700000844896,0.02891809999709949,0.0236389999918174,0.0250258999876678,0.0005037999944761395
0.4,Borda LP3 ($ 	heta $ Only),18,213,0.0007896544742047818,,2,3,1,2,7.622618807501156e-05,53.333333333333336,46.666666666666664,0.0018742999818641692,0.009753300022566691,0.0004565000126603991,0.25372549999156035,0.24914950001402758,0.09354800000437535,0.030582100007450208,0.027308200020343065,0.024948000005679205,0.02651490000425838,0.0005004999984521419
0.4,Borda LP3 ($ 	heta $ Only),19,232,0.003756995579497984,,2,18,6,12,0.00033116133415193486,93.33333333333333,6.666666666666671,0.0016246000013779849,0.0080110999988392,0.0005936999805271626,0.18854730000020936,0.31212639997829683,0.09881780002615415,0.022146600007545203,0.028529200004413724,0.02611020000767894,0.027260800008662045,0.0005033999914303422
0.4,Borda LP3 ($ 	heta $ Only),20,252,0.0013897129215910044,,7,4,0,4,0.00012578427548996134,66.66666666666667,33.33333333333333,0.0023129000037442893,0.008385699999053031,0.0003921000170521438,0.16019319999031723,0.26456350000808015,0.17089590002433397,0.01988330000312999,0.022694299987051636,0.020624599972506985,0.022360900009516627,0.0004786000063177198
0.4,Borda LP3 ($ 	heta $ Only),21,273,0.0010846282271212298,,3,5,0,5,9.791190068223685e-05,66.66666666666667,33.33333333333333,0.0023723999911453575,0.006332100019790232,0.00039480000850744545,0.16110960001242347,0.2756344999943394,0.15721239999402314,0.02998350001871586,0.029457800003001466,0.02559310002834536,0.025525600009132177,0.0009461999870836735
0.4,Borda LP3 ($ 	heta $ Only),22,295,0.0034164857864312998,,0,16,3,13,0.00035552012939280237,93.33333333333333,6.666666666666671,0.0016109000134747475,0.008479700016323477,0.00011890000314451754,0.1889509000175167,0.2785710000025574,0.13821450000978075,0.041405500000109896,0.048112799995578825,0.038266400020802394,0.21315409999806434,0.0014629999932367355
0.4,Borda LP3 ($ 	heta $ Only),23,318,0.002090494180305814,,3,10,2,8,0.00023807833701992913,73.33333333333333,26.66666666666667,0.003095199994277209,0.019764299999224022,0.0027276999899186194,0.22210420001647435,0.2845810000144411,0.08313059998909011,0.031093400000827387,0.02553079999051988,0.025892000005114824,0.04531240000505932,0.0016613999905530363
0.4,Borda LP3 ($ 	heta $ Only),24,342,0.0028753198378875214,,5,9,1,8,0.00024165308033408006,93.33333333333333,6.666666666666671,0.002491599996574223,0.006660900020506233,0.0003786000015679747,0.1626371000020299,0.35086870001396164,0.1062077000096906,0.02499030000763014,0.022996799991233274,0.02901099997689016,0.030455100000835955,0.0008733000140637159
0.4,Borda LP3 ($ 	heta $ Only),25,367,0.0017539592272481498,,4,10,0,10,0.00019426010625492283,93.33333333333333,6.666666666666671,0.002544400020269677,0.005771399999503046,0.00037189997965469956,0.14927339999121614,0.2729172999970615,0.11935209998046048,0.02143729999079369,0.024502099986420944,0.021763600001577288,0.023409800021909177,0.0008556999964639544
0.4,Borda LP3 ($ 	heta $ Only),26,393,0.002147598018651912,,9,9,0,9,0.00024366091935775267,86.66666666666667,13.333333333333329,0.004211799998302013,0.006359499995596707,0.0003588999970816076,0.15284629998495802,0.2627055000048131,0.09243630000855774,0.03133999998681247,0.024726800009375438,0.02344180000363849,0.030460800015134737,0.0012594999861903489
0.4,Borda LP3 ($ 	heta $ Only),27,420,0.00280848025994319,,2,10,0,10,0.00028391235415804077,86.66666666666667,13.333333333333329,0.00166680000256747,0.010676099976990372,0.00040710001485422254,0.1839693000074476,0.28094410002813675,0.15654450000147335,0.03358360001584515,0.059722900012275204,0.026346600003307685,0.030302099999971688,0.0009584000217728317
0.4,Borda LP3 ($ 	heta $ Only),28,448,0.0033560541839038217,,4,14,1,13,0.0003051336210651953,93.33333333333333,6.666666666666671,0.002448899991577491,0.008265500015113503,0.0005873999907635152,0.16869230000884272,0.26996620002319105,0.10961919999681413,0.02462589999777265,0.020063100004335865,0.02127999998629093,0.022101699985796586,0.0010848999954760075
0.4,Borda LP3 ($ 	heta $ Only),29,477,0.0020025092943767486,,0,11,1,10,0.00016057224237773804,66.66666666666667,33.33333333333333,0.006644399982178584,0.014200199977494776,0.00020289997337386012,0.1760636999970302,0.4726974999939557,0.1049226000031922,0.028426500008208677,0.024458500003675,0.028940499993041158,0.030188200005795807,0.0005070000188425183
0.4,Borda LP3 ($ 	heta $ Only),30,507,0.0010781938600709935,,4,6,1,5,0.0001686102939987542,86.66666666666667,13.333333333333329,0.0027061000000685453,0.009965900011593476,0.0006420999998226762,0.17770860000746325,0.25757429999066517,0.09813720002421178,0.025488599989330396,0.024007100000744686,0.02133669998147525,0.022131500008981675,0.0004927999980282038
0.4,Borda LP3 ($ 	heta $ Only),31,538,0.0025352967969122903,,4,12,1,11,0.00026065557393741505,93.33333333333333,6.666666666666671,0.004426100000273436,0.007979699992574751,0.001342500007012859,0.1874371999874711,0.32004689998575486,0.15396890000556596,0.030973599990829825,0.04957179998746142,0.04131780000170693,0.03573340000002645,0.0016163999971468002
0.4,Borda LP3 ($ 	heta $ Only),32,570,0.0016499380402783949,,3,6,0,6,0.00017212386665628384,53.333333333333336,46.666666666666664,0.002075900003546849,0.005500300001585856,0.00039019997348077595,0.235921799991047,0.4144197000132408,0.231608200003393,0.03951540001435205,0.02661549998447299,0.033421400003135204,0.03132099998765625,0.0004936000041197985
0.4,Borda LP3 ($ 	heta $ Only),33,603,0.003976181331526441,,4,21,4,17,0.00037107261644750883,86.66666666666667,13.333333333333329,0.0016315999964717776,0.010099600011017174,0.0005955999949947,0.16610450000735,0.25666590000037104,0.08628399998997338,0.03064280000398867,0.0280598999815993,0.022663099982310086,0.024999699991894886,0.0010551000013947487
0.4,Borda LP3 ($ 	heta $ Only),34,637,0.0038380193652677768,,3,13,0,13,0.000389532111161359,93.33333333333333,6.666666666666671,0.0016277999966405332,0.005455000005895272,0.00036460001138038933,0.2785128999967128,0.28460110002197325,0.0977934000256937,0.030816200014669448,0.024267500004498288,0.02506590000120923,0.026026300009107217,0.001094399980502203
0.4,Borda LP3 ($ 	heta $ Only),35,672,0.0004970451081408379,,7,5,0,5,0.00015477763432616067,40.0,60.0,0.001647400000365451,0.005310700013069436,0.00035119999665766954,0.1466643000021577,0.2627756000147201,0.15887369998381473,0.021172799984924495,0.022617000009631738,0.020610200008377433,0.0227825999900233,0.0016116999904625118
0.4,Borda LP3 ($ 	heta $ Only),36,708,0.002042294968314932,,1,7,0,7,0.00017718181297591716,86.66666666666667,13.333333333333329,0.004124400002183393,0.014714899996761233,0.0006353000062517822,0.15834150000591762,0.27961120000691153,0.12908849999075755,0.03441940000629984,0.03300100000342354,0.02763070000219159,0.02223909998429008,0.0005037999944761395
0.4,Borda LP3 ($ 	heta $ Only),37,745,0.0031267096674042374,,6,18,2,16,0.00026964672794140834,73.33333333333333,26.66666666666667,0.0061886000039521605,0.00807320000603795,0.0005673000123351812,0.16853210001136176,0.2789539000077639,0.12108939999598078,0.02458699999260716,0.026236600009724498,0.023072400013916194,0.029067099996609613,0.0004841000190936029
0.4,Borda LP3 ($ 	heta $ Only),38,783,0.002486455762749485,,2,11,0,11,0.0001983543696846488,80.0,20.0,0.0018680999928619713,0.011897599993972108,0.00038869999116286635,0.15561439999146387,0.32570129999658093,0.10006050000083633,0.03171490001841448,0.02357830002438277,0.028134699998190627,0.026087700010975823,0.0013361999881453812
0.4,Borda LP3 ($ 	heta $ Only),39,822,0.001981608127361987,,6,10,2,8,0.0001763297988859806,86.66666666666667,13.333333333333329,0.005766799993580207,0.005636699992464855,0.0003789000038523227,0.18850560000282712,0.4324146999861114,0.15791059998446144,0.028781200002413243,0.023749100015265867,0.026010299974586815,0.021943700005067512,0.0005560999852605164
0.4,Borda LP3 ($ 	heta $ Only),40,862,0.003634581937960523,,5,14,4,10,0.0002817640599282968,93.33333333333333,6.666666666666671,0.0016256999806500971,0.007764399982988834,0.0005835999909322709,0.17373569999472238,0.3357296999893151,0.11026050001964904,0.02222240000264719,0.020855500013567507,0.02514589999918826,0.031217799987643957,0.0010078000195790082
0.4,Borda LP3 ($ 	heta $ Only),41,903,0.0034073761438918574,,7,14,2,12,0.00020920304558450225,93.33333333333333,6.666666666666671,0.0016251000051852316,0.0058172999997623265,0.0004379000165499747,0.23860190002596937,0.25608580000698566,0.08997949998592958,0.027969100017799065,0.023651900002732873,0.025699299992993474,0.022198299993760884,0.0009138000023085624
0.4,Borda LP3 ($ 	heta $ Only),42,945,0.0026772941074550537,,0,8,0,8,0.00024164216159443857,93.33333333333333,6.666666666666671,0.002084200008539483,0.008859699999447912,0.0001202999847009778,0.18430629998329096,0.29122330000973307,0.10500959999626502,0.02527310000732541,0.02888670001993887,0.03737679999903776,0.02889880002476275,0.000503200019011274
0.4,Borda LP3 ($ 	heta $ Only),43,988,0.0015416075075429506,,1,8,1,7,0.00015582723891261241,66.66666666666667,33.33333333333333,0.004659400001401082,0.011206399998627603,0.0004028000112157315,0.1680728000064846,0.2810503999935463,0.11352610000176355,0.022209699993254617,0.021830799989402294,0.021280799992382526,0.03160710001247935,0.00508339999942109
0.4,Borda LP3 ($ 	heta $ Only),44,1032,0.0032799103840017944,,7,18,5,13,0.00027398215977315194,86.66666666666667,13.333333333333329,0.005383499985327944,0.015353599999798462,0.000909099995624274,0.1745085000002291,0.2750012000033166,0.09506819999660365,0.022894099995028228,0.02433549999841489,0.02734580001560971,0.02934150001965463,0.0009397999965585768
0.4,Borda LP3 ($ 	heta $ Only),45,1077,0.002522999245745761,,0,9,3,6,0.0002646236366381802,86.66666666666667,13.333333333333329,0.002227099990705028,0.00577240000711754,7.040001219138503e-05,0.1621197999920696,0.3394927000044845,0.1646621999971103,0.026894700014963746,0.02414150000549853,0.02827209999668412,0.029806600010488182,0.0005084000003989786
0.4,Borda LP3 ($ 	heta $ Only),46,1123,0.003333050678384343,,2,14,3,11,0.0002730187200358542,86.66666666666667,13.333333333333329,0.002657600009115413,0.009943300014128909,0.0004318999999668449,0.1583892999915406,0.4488285999977961,0.08375340001657605,0.025761500000953674,0.037814099981915206,0.023674900003243238,0.028136400011135265,0.0009601999772712588
0.4,Borda LP3 ($ 	heta $ Only),47,1170,0.0018984625908736183,,3,9,2,7,0.00022136614071328574,86.66666666666667,13.333333333333329,0.001596999994944781,0.008723900013137609,0.0006265999982133508,0.1666636999871116,0.37329200000385754,0.10996229999000207,0.027102400024887174,0.02594610000960529,0.026199899992207065,0.02683940000133589,0.0004960999940522015
0.4,Borda LP3 ($ 	heta $ Only),48,1218,0.003545031959999576,,2,14,5,9,0.0003552735328684765,86.66666666666667,13.333333333333329,0.002650800015544519,0.01564290001988411,0.0009240000217687339,0.17110649999813177,0.2999005999881774,0.1050909000041429,0.02802440000232309,0.022506399982376024,0.027104999986477196,0.029305300005944446,0.0011709000100381672
0.4,Borda LP3 ($ 	heta $ Only),49,1267,0.0010999741410575587,,1,5,0,5,0.00014711191575066278,60.0,40.0,0.0023816999746486545,0.019141600001603365,0.0006217000191099942,0.17564080000738613,0.2600146000040695,0.10153250000439584,0.03200429998105392,0.023366899986285716,0.023035199992591515,0.024437999993097037,0.000984799989964813
0.4,Linear BTL,0,42,,-154.91456169826688,1,11,1,10,,,,0.0034506999945733696,0.015386999992188066,0.00039950001519173384,0.1749137000006158,0.3305594000266865,0.1022979999834206,0.02906040000380017,0.02938039999571629,0.02591309999115765,0.02573819999815896,0.0005036999937146902
0.4,Linear BTL,1,43,,-114.52313182489758,5,2,0,2,,,,0.004428099986398593,0.015415399975609034,0.0004034000157844275,0.14991639999789186,0.33697030000621453,0.08017790000303648,0.027642600005492568,0.02067590001388453,0.01942240001517348,0.023761300020851195,0.0009568000095896423
0.4,Linear BTL,2,45,,-125.4281380050768,0,15,2,13,,,,0.0016334000101778656,0.00993999998900108,0.0005846000276505947,0.19209460000274703,0.3076781999843661,0.12396729999454692,0.0286469999991823,0.025983700004871935,0.02610420002019964,0.03115690001868643,0.0005068999889772385
0.4,Linear BTL,3,48,,-119.92089278391701,3,11,2,9,,,,0.0023723999911453575,0.011318300006678328,0.000513700011651963,0.15867480001179501,0.27594139997381717,0.13305629999376833,0.02724649998708628,0.025521600007778034,0.0245207000116352,0.030702200019732118,0.0009621999925002456
0.4,Linear BTL,4,52,,-153.11693539191262,0,12,2,10,,,,0.003043700009584427,0.006170499982545152,0.0001900999923236668,0.16124879999551922,0.268532200017944,0.12974520001444034,0.02804390000528656,0.04147280001780018,0.025217299989890307,0.030790399992838502,0.000505700008943677
0.4,Linear BTL,5,57,,-143.4126770651584,4,12,1,11,,,,0.0018311000021640211,0.009479900007136166,0.0006016000115778297,0.15783909999299794,0.4462564999994356,0.18647059999057092,0.02464499999769032,0.029440100013744086,0.02918740001041442,0.025726099993335083,0.0009378000104334205
0.4,Linear BTL,6,63,,-92.83801889304412,0,12,3,9,,,,0.0025452999980188906,0.006801399984396994,7.430001278407872e-05,0.19768469998962246,0.27634730000863783,0.10144860000582412,0.021635400014929473,0.0212654999922961,0.025070999981835485,0.0331640999938827,0.0005058000097051263
0.4,Linear BTL,7,70,,-128.68434357019447,3,9,0,9,,,,0.0016084999951999635,0.008585100003983825,0.0005937999812886119,0.18184589999145828,0.25670159998117015,0.12156139998114668,0.030065500002820045,0.029698500002268702,0.02651160000823438,0.025374799995915964,0.0009436999971512705
0.4,Linear BTL,8,78,,-142.10698084742572,6,13,2,11,,,,0.002238399989437312,0.007440499990480021,0.00037140000495128334,0.14404499999363907,0.37029140000231564,0.10429129999829456,0.02838190001784824,0.023196699999971315,0.026094600005308166,0.024020100012421608,0.00092299998505041
0.4,Linear BTL,9,87,,-149.24999796406215,5,18,2,16,,,,0.0019321999861858785,0.008562000002712011,0.0005964000010862947,0.15541789997951128,0.27366710000205785,0.09751870000036433,0.021046900015790015,0.027192300010938197,0.02980969997588545,0.03538670000853017,0.0005329999839887023
0.4,Linear BTL,10,97,,-144.90445273512125,7,10,0,10,,,,0.0022265999868977815,0.009045999991940334,0.0006681000231765211,0.18519560000277124,0.23761889999150299,0.1609485999797471,0.024967200006358325,0.02583919998141937,0.03725500000291504,0.04419939999934286,0.0004975000047124922
0.4,Linear BTL,11,108,,-118.39172594186725,4,8,0,8,,,,0.003371099999640137,0.014037700020708144,0.000515899999300018,0.18982149998191744,0.2593132999900263,0.1074603000015486,0.025537599984090775,0.022882799996295944,0.026503599976422265,0.025890599994454533,0.0004867000097874552
0.4,Linear BTL,12,120,,-149.17130291261378,2,12,0,12,,,,0.004640900006052107,0.0064532999822404236,0.00038720000884495676,0.1583497000101488,0.48127069999463856,0.1319833000015933,0.03103060001740232,0.025060300016775727,0.029370600008405745,0.02755489997798577,0.000957000011112541
0.4,Linear BTL,13,133,,-120.21850738948204,0,14,2,12,,,,0.0016156999918166548,0.006017499981680885,7.280000136233866e-05,0.1591500999929849,0.2944124999921769,0.10114220000104979,0.026731699996162206,0.026574499992420897,0.02637099998537451,0.02810879997559823,0.0005153999954927713
0.4,Linear BTL,14,147,,-171.06515606342344,5,20,4,16,,,,0.002036100020632148,0.006548900011694059,0.00038419998600147665,0.1640350999950897,0.2871733000210952,0.10336000000825152,0.026046099985251203,0.023701500002061948,0.028160000016214326,0.028561700019054115,0.0005578999989666045
0.4,Linear BTL,15,162,,-127.51592930492968,2,12,2,10,,,,0.002682800026377663,0.010525599995162338,0.00040270001045428216,0.15172620001249015,0.35874340002192184,0.08286049999878742,0.02103859998169355,0.02706289998604916,0.02786000000196509,0.030133599997498095,0.0005031000182498246
0.4,Linear BTL,16,178,,-147.91300626094284,7,7,0,7,,,,0.0017902000108733773,0.008354299992788583,0.0005610999942291528,0.16884319999371655,0.2745149999973364,0.1284260000102222,0.022140300017781556,0.024962800001958385,0.023873700003605336,0.02120750001631677,0.0005691999976988882
0.4,Linear BTL,17,195,,-89.22728569403738,0,2,0,2,,,,0.006579599983524531,0.006105100008426234,9.2999980552122e-05,0.1671317000000272,0.27876539999851957,0.22436220000963658,0.029109700000844896,0.02891809999709949,0.0236389999918174,0.0250258999876678,0.0005037999944761395
0.4,Linear BTL,18,213,,-114.47714216285578,2,4,1,3,,,,0.0018742999818641692,0.009753300022566691,0.0004565000126603991,0.25372549999156035,0.24914950001402758,0.09354800000437535,0.030582100007450208,0.027308200020343065,0.024948000005679205,0.02651490000425838,0.0005004999984521419
0.4,Linear BTL,19,232,,-142.43148123963002,2,19,5,14,,,,0.0016246000013779849,0.0080110999988392,0.0005936999805271626,0.18854730000020936,0.31212639997829683,0.09881780002615415,0.022146600007545203,0.028529200004413724,0.02611020000767894,0.027260800008662045,0.0005033999914303422
0.4,Linear BTL,20,252,,-150.6538145012592,7,9,0,9,,,,0.0023129000037442893,0.008385699999053031,0.0003921000170521438,0.16019319999031723,0.26456350000808015,0.17089590002433397,0.01988330000312999,0.022694299987051636,0.020624599972506985,0.022360900009516627,0.0004786000063177198
0.4,Linear BTL,21,273,,-128.15326492110935,3,8,0,8,,,,0.0023723999911453575,0.006332100019790232,0.00039480000850744545,0.16110960001242347,0.2756344999943394,0.15721239999402314,0.02998350001871586,0.029457800003001466,0.02559310002834536,0.025525600009132177,0.0009461999870836735
0.4,Linear BTL,22,295,,-134.6013328485494,0,17,2,15,,,,0.0016109000134747475,0.008479700016323477,0.00011890000314451754,0.1889509000175167,0.2785710000025574,0.13821450000978075,0.041405500000109896,0.048112799995578825,0.038266400020802394,0.21315409999806434,0.0014629999932367355
0.4,Linear BTL,23,318,,-125.99612537209666,3,9,2,7,,,,0.003095199994277209,0.019764299999224022,0.0027276999899186194,0.22210420001647435,0.2845810000144411,0.08313059998909011,0.031093400000827387,0.02553079999051988,0.025892000005114824,0.04531240000505932,0.0016613999905530363
0.4,Linear BTL,24,342,,-139.04407839933307,5,9,1,8,,,,0.002491599996574223,0.006660900020506233,0.0003786000015679747,0.1626371000020299,0.35086870001396164,0.1062077000096906,0.02499030000763014,0.022996799991233274,0.02901099997689016,0.030455100000835955,0.0008733000140637159
0.4,Linear BTL,25,367,,-141.91108312375528,4,11,0,11,,,,0.002544400020269677,0.005771399999503046,0.00037189997965469956,0.14927339999121614,0.2729172999970615,0.11935209998046048,0.02143729999079369,0.024502099986420944,0.021763600001577288,0.023409800021909177,0.0008556999964639544
0.4,Linear BTL,26,393,,-152.38150904306562,9,12,0,12,,,,0.004211799998302013,0.006359499995596707,0.0003588999970816076,0.15284629998495802,0.2627055000048131,0.09243630000855774,0.03133999998681247,0.024726800009375438,0.02344180000363849,0.030460800015134737,0.0012594999861903489
0.4,Linear BTL,27,420,,-130.53171393991764,2,11,0,11,,,,0.00166680000256747,0.010676099976990372,0.00040710001485422254,0.1839693000074476,0.28094410002813675,0.15654450000147335,0.03358360001584515,0.059722900012275204,0.026346600003307685,0.030302099999971688,0.0009584000217728317
0.4,Linear BTL,28,448,,-141.03704833731553,4,12,0,12,,,,0.002448899991577491,0.008265500015113503,0.0005873999907635152,0.16869230000884272,0.26996620002319105,0.10961919999681413,0.02462589999777265,0.020063100004335865,0.02127999998629093,0.022101699985796586,0.0010848999954760075
0.4,Linear BTL,29,477,,-140.0697151986125,0,11,1,10,,,,0.006644399982178584,0.014200199977494776,0.00020289997337386012,0.1760636999970302,0.4726974999939557,0.1049226000031922,0.028426500008208677,0.024458500003675,0.028940499993041158,0.030188200005795807,0.0005070000188425183
0.4,Linear BTL,30,507,,-127.9995657147799,4,6,1,5,,,,0.0027061000000685453,0.009965900011593476,0.0006420999998226762,0.17770860000746325,0.25757429999066517,0.09813720002421178,0.025488599989330396,0.024007100000744686,0.02133669998147525,0.022131500008981675,0.0004927999980282038
0.4,Linear BTL,31,538,,-120.82421518448243,4,13,1,12,,,,0.004426100000273436,0.007979699992574751,0.001342500007012859,0.1874371999874711,0.32004689998575486,0.15396890000556596,0.030973599990829825,0.04957179998746142,0.04131780000170693,0.03573340000002645,0.0016163999971468002
0.4,Linear BTL,32,570,,-151.25814283988976,3,11,0,11,,,,0.002075900003546849,0.005500300001585856,0.00039019997348077595,0.235921799991047,0.4144197000132408,0.231608200003393,0.03951540001435205,0.02661549998447299,0.033421400003135204,0.03132099998765625,0.0004936000041197985
0.4,Linear BTL,33,603,,-172.6414068505775,4,20,2,18,,,,0.0016315999964717776,0.010099600011017174,0.0005955999949947,0.16610450000735,0.25666590000037104,0.08628399998997338,0.03064280000398867,0.0280598999815993,0.022663099982310086,0.024999699991894886,0.0010551000013947487
0.4,Linear BTL,34,637,,-156.9080831988384,3,12,1,11,,,,0.0016277999966405332,0.005455000005895272,0.00036460001138038933,0.2785128999967128,0.28460110002197325,0.0977934000256937,0.030816200014669448,0.024267500004498288,0.02506590000120923,0.026026300009107217,0.001094399980502203
0.4,Linear BTL,35,672,,-142.1716422963704,7,8,1,7,,,,0.001647400000365451,0.005310700013069436,0.00035119999665766954,0.1466643000021577,0.2627756000147201,0.15887369998381473,0.021172799984924495,0.022617000009631738,0.020610200008377433,0.0227825999900233,0.0016116999904625118
0.4,Linear BTL,36,708,,-100.35229117774733,1,8,0,8,,,,0.004124400002183393,0.014714899996761233,0.0006353000062517822,0.15834150000591762,0.27961120000691153,0.12908849999075755,0.03441940000629984,0.03300100000342354,0.02763070000219159,0.02223909998429008,0.0005037999944761395
0.4,Linear BTL,37,745,,-161.50478099334867,6,16,2,14,,,,0.0061886000039521605,0.00807320000603795,0.0005673000123351812,0.16853210001136176,0.2789539000077639,0.12108939999598078,0.02458699999260716,0.026236600009724498,0.023072400013916194,0.029067099996609613,0.0004841000190936029
0.4,Linear BTL,38,783,,-137.3271430045398,2,12,0,12,,,,0.0018680999928619713,0.011897599993972108,0.00038869999116286635,0.15561439999146387,0.32570129999658093,0.10006050000083633,0.03171490001841448,0.02357830002438277,0.028134699998190627,0.026087700010975823,0.0013361999881453812
0.4,Linear BTL,39,822,,-125.18532141877304,6,14,1,13,,,,0.005766799993580207,0.005636699992464855,0.0003789000038523227,0.18850560000282712,0.4324146999861114,0.15791059998446144,0.028781200002413243,0.023749100015265867,0.026010299974586815,0.021943700005067512,0.0005560999852605164
0.4,Linear BTL,40,862,,-154.84192780006182,5,18,5,13,,,,0.0016256999806500971,0.007764399982988834,0.0005835999909322709,0.17373569999472238,0.3357296999893151,0.11026050001964904,0.02222240000264719,0.020855500013567507,0.02514589999918826,0.031217799987643957,0.0010078000195790082
0.4,Linear BTL,41,903,,-146.1745175122901,7,16,3,13,,,,0.0016251000051852316,0.0058172999997623265,0.0004379000165499747,0.23860190002596937,0.25608580000698566,0.08997949998592958,0.027969100017799065,0.023651900002732873,0.025699299992993474,0.022198299993760884,0.0009138000023085624
0.4,Linear BTL,42,945,,-124.61529124224128,0,11,1,10,,,,0.002084200008539483,0.008859699999447912,0.0001202999847009778,0.18430629998329096,0.29122330000973307,0.10500959999626502,0.02527310000732541,0.02888670001993887,0.03737679999903776,0.02889880002476275,0.000503200019011274
0.4,Linear BTL,43,988,,-121.15148941065004,1,7,1,6,,,,0.004659400001401082,0.011206399998627603,0.0004028000112157315,0.1680728000064846,0.2810503999935463,0.11352610000176355,0.022209699993254617,0.021830799989402294,0.021280799992382526,0.03160710001247935,0.00508339999942109
0.4,Linear BTL,44,1032,,-185.044693477515,7,17,3,14,,,,0.005383499985327944,0.015353599999798462,0.000909099995624274,0.1745085000002291,0.2750012000033166,0.09506819999660365,0.022894099995028228,0.02433549999841489,0.02734580001560971,0.02934150001965463,0.0009397999965585768
0.4,Linear BTL,45,1077,,-107.53295793675456,0,12,4,8,,,,0.002227099990705028,0.00577240000711754,7.040001219138503e-05,0.1621197999920696,0.3394927000044845,0.1646621999971103,0.026894700014963746,0.02414150000549853,0.02827209999668412,0.029806600010488182,0.0005084000003989786
0.4,Linear BTL,46,1123,,-169.19909223005385,2,14,1,13,,,,0.002657600009115413,0.009943300014128909,0.0004318999999668449,0.1583892999915406,0.4488285999977961,0.08375340001657605,0.025761500000953674,0.037814099981915206,0.023674900003243238,0.028136400011135265,0.0009601999772712588
0.4,Linear BTL,47,1170,,-113.48953894165925,3,10,2,8,,,,0.001596999994944781,0.008723900013137609,0.0006265999982133508,0.1666636999871116,0.37329200000385754,0.10996229999000207,0.027102400024887174,0.02594610000960529,0.026199899992207065,0.02683940000133589,0.0004960999940522015
0.4,Linear BTL,48,1218,,-142.20713671954334,2,15,5,10,,,,0.002650800015544519,0.01564290001988411,0.0009240000217687339,0.17110649999813177,0.2999005999881774,0.1050909000041429,0.02802440000232309,0.022506399982376024,0.027104999986477196,0.029305300005944446,0.0011709000100381672
0.4,Linear BTL,49,1267,,-114.22991007465079,1,4,0,4,,,,0.0023816999746486545,0.019141600001603365,0.0006217000191099942,0.17564080000738613,0.2600146000040695,0.10153250000439584,0.03200429998105392,0.023366899986285716,0.023035199992591515,0.024437999993097037,0.000984799989964813
0.5,LP2 ($ 	heta $ Only),0,42,2.2768913272683975e-05,,5,6,1,5,2.2768913272683975e-05,26.666666666666668,73.33333333333333,0.0025904999929480255,0.013543599983677268,0.0004110000154469162,0.3202852999966126,0.31061790001695044,0.12034939997829497,0.026543999993009493,0.04544180000084452,0.030271600000560284,0.023259999987203628,0.00048499999684281647
0.5,LP2 ($ 	heta $ Only),1,43,5.181373747352678e-05,,6,10,2,8,5.1813737473526786e-05,40.0,60.0,0.002276400016853586,0.007363500015344471,0.000375000003259629,0.15572439998504706,0.29195739998249337,0.11793719997513108,0.024770099989837036,0.025444600003538653,0.027178200019989163,0.02838319999864325,0.0004776999994646758
0.5,LP2 ($ 	heta $ Only),2,45,3.1693549690932566e-05,,4,8,1,7,3.1693549690932566e-05,46.666666666666664,53.333333333333336,0.001759799983119592,0.009366000012960285,0.00038059998769313097,0.136869799986016,0.2508123999868985,0.12408020001021214,0.029794700007187203,0.026324199978262186,0.024021699995500967,0.026965900004142895,0.0004870000120718032
0.5,LP2 ($ 	heta $ Only),3,48,4.6102030546612535e-05,,7,11,3,8,4.6102030546612535e-05,46.666666666666664,53.333333333333336,0.001867900020442903,0.0060053999768570065,0.00037150000571273267,0.15656839997973293,0.25769519997993484,0.10637839999981225,0.029329199984204024,0.02475769998272881,0.025186099985148758,0.024610399996163324,0.0012830000196117908
0.5,LP2 ($ 	heta $ Only),4,52,5.9564977355811816e-05,,0,11,0,11,5.956497735581182e-05,46.666666666666664,53.333333333333336,0.0029295000131241977,0.007381899980828166,0.00011720001930370927,0.23610270000062883,0.3877877999912016,0.1270813999872189,0.031689399998867884,0.03056260000448674,0.023010199976852164,0.021534200001042336,0.0005076999950688332
0.5,LP2 ($ 	heta $ Only),5,57,7.827632380141078e-05,,10,17,3,14,7.827632380141077e-05,40.0,60.0,0.001916699984576553,0.005410999990999699,0.0003572000132407993,0.1352533999888692,0.32286410001688637,0.12575680000009015,0.02292210000450723,0.02497550001135096,0.02408329999889247,0.02944980000029318,0.0008852999890223145
0.5,LP2 ($ 	heta $ Only),6,63,7.921265167939477e-05,,3,15,6,9,7.921265167939479e-05,46.666666666666664,53.333333333333336,0.0018454999953974038,0.0088703999936115,0.00039289999403990805,0.16690620000008494,0.28219880000688136,0.12105109999538399,0.028868599998531863,0.02366839998285286,0.02734739999868907,0.029091900010826066,0.002011900010984391
0.5,LP2 ($ 	heta $ Only),7,70,6.0934574527734655e-05,,7,16,2,14,6.0934574527734655e-05,40.0,60.0,0.006757000024663284,0.016445399989606813,0.003569599997717887,0.16286819998640567,0.2808655999833718,0.12538129999302328,0.026315499999327585,0.020728800009237602,0.022798100020736456,0.023056400008499622,0.0004792999825440347
0.5,LP2 ($ 	heta $ Only),8,78,7.099372584331325e-05,,3,8,4,4,7.099372584331325e-05,46.666666666666664,53.333333333333336,0.004570399993099272,0.005513800017070025,0.0003623999946285039,0.17249830000218935,0.2538924000109546,0.21049009999842383,0.07950500000151806,0.04416540000238456,0.05058789998292923,0.03812060001655482,0.0005759999912697822
0.5,LP2 ($ 	heta $ Only),9,87,4.95278221215713e-05,,9,24,4,20,4.95278221215713e-05,53.333333333333336,46.666666666666664,0.002064500004053116,0.013911399990320206,0.0007153000042308122,0.1667001000023447,0.2589913999836426,0.1420302000187803,0.028287699999054894,0.02361969999037683,0.02269829998840578,0.02984859998105094,0.0009070999803952873
0.5,LP2 ($ 	heta $ Only),10,97,3.132658157700975e-05,,7,12,2,10,3.132658157700975e-05,33.333333333333336,66.66666666666666,0.002270400000270456,0.00821860000723973,0.000588800001423806,0.14396760001545772,0.3519539999833796,0.11291019999771379,0.023368599999230355,0.02479320002021268,0.025843100011115894,0.02769869999610819,0.001422800007276237
0.5,LP2 ($ 	heta $ Only),11,108,3.006652744659964e-06,,4,2,0,2,3.006652744659964e-06,6.666666666666667,93.33333333333333,0.0018666999822016805,0.010518199997022748,0.0006022000161465257,0.17611639999086037,0.3312893999973312,0.11582659999839962,0.031122899992624298,0.026037200004793704,0.02280950002023019,0.02563910000026226,0.0006332000193651766
0.5,LP2 ($ 	heta $ Only),12,120,5.5149005491628904e-05,,7,20,4,16,5.5149005491628904e-05,53.333333333333336,46.666666666666664,0.004728800005977973,0.008496399997966364,0.0010264999873470515,0.1717837000032887,0.25725450000027195,0.15362490000552498,0.02501090001896955,0.024552100017899647,0.026349799998570234,0.02603769997949712,0.00047989998711273074
0.5,LP2 ($ 	heta $ Only),13,133,7.197222128918803e-05,,6,16,7,9,7.197222128918803e-05,53.333333333333336,46.666666666666664,0.0018500000005587935,0.007605999999213964,0.000814600003650412,0.14040799997746944,0.2888872000039555,0.09543299998040311,0.022186499991221353,0.019828799995593727,0.022185100009664893,0.032887799985473976,0.0005575999966822565
0.5,LP2 ($ 	heta $ Only),14,147,4.637370925544818e-05,,7,12,4,8,4.637370925544818e-05,33.333333333333336,66.66666666666666,0.00418710001395084,0.005573000002186745,0.00035760001628659666,0.18418200002633967,0.2597742000070866,0.14894869999261573,0.028510100004496053,0.02492070000153035,0.026012999995145947,0.02271750001818873,0.00048430002061650157
0.5,LP2 ($ 	heta $ Only),15,162,8.912281445567957e-05,,5,16,7,9,8.912281445567957e-05,53.333333333333336,46.666666666666664,0.002645700005814433,0.0076938999991398305,0.0005805999971926212,0.16788170000654645,0.4479855999816209,0.17721580000943504,0.0296735999872908,0.022494600008940324,0.027534900000318885,0.02270129998214543,0.00048469999455846846
0.5,LP2 ($ 	heta $ Only),16,178,3.734503196629801e-05,,11,10,3,7,3.734503196629801e-05,26.666666666666668,73.33333333333333,0.0018667999829631299,0.007596700015710667,0.00035810002009384334,0.15814770001452416,0.33622769999783486,0.1568154999986291,0.03280829999130219,0.02829430002020672,0.03841039998224005,0.03322839998872951,0.00046019998262636364
0.5,LP2 ($ 	heta $ Only),17,195,6.300133190062561e-05,,5,14,3,11,6.300133190062561e-05,53.333333333333336,46.666666666666664,0.0016338999848812819,0.010289200028637424,0.0003893999964930117,0.21974470000714064,0.2820007000118494,0.12304760000552051,0.029622900008689612,0.03940280000097118,0.024927699996624142,0.028111399995395914,0.0004882999928668141
0.5,LP2 ($ 	heta $ Only),18,213,2.3586144229832224e-05,,6,3,0,3,2.3586144229832224e-05,20.0,80.0,0.00456630002008751,0.01054170000134036,0.0003843999875243753,0.13949789997423068,0.3522013000037987,0.10408409999217838,0.021719999989727512,0.020705000002635643,0.030352800007676706,0.033501099998829886,0.0006816999812144786
0.5,LP2 ($ 	heta $ Only),19,232,6.305406145471582e-05,,3,20,3,17,6.305406145471581e-05,46.666666666666664,53.333333333333336,0.001823400001740083,0.015161999996053055,0.0009837000106927007,0.3575659999914933,0.289521099999547,0.10205149999819696,0.024293200025567785,0.02664960001129657,0.025132100010523573,0.029367699986323714,0.0009532000112812966
0.5,LP2 ($ 	heta $ Only),20,252,3.445087370263006e-05,,15,9,2,7,3.445087370263006e-05,40.0,60.0,0.0016166999994311482,0.008777899987762794,0.00036979999276809394,0.14623380001285113,0.25988349999533966,0.16942170000402257,0.026073699991684407,0.02458409999962896,0.023254500003531575,0.026850499998545274,0.00043890002416446805
0.5,LP2 ($ 	heta $ Only),21,273,5.567828964801929e-05,,4,12,3,9,5.56782896480193e-05,53.333333333333336,46.666666666666664,0.003284000005805865,0.02324929999304004,0.00040699998498894274,0.1572327000030782,0.3087113999936264,0.09672450000653043,0.02736799998092465,0.023806799988960847,0.0338871999992989,0.02760359999956563,0.0009359999967273325
0.5,LP2 ($ 	heta $ Only),22,295,6.996582052311472e-05,,4,19,3,16,6.996582052311472e-05,46.666666666666664,53.333333333333336,0.0016029999824240804,0.006332300021313131,0.00061779998941347,0.17657829998643138,0.4116382999927737,0.119303299987223,0.025425100000575185,0.08602050002082251,0.044134800002211705,0.05797970001003705,0.0010289000056218356
0.5,LP2 ($ 	heta $ Only),23,318,5.18039022321433e-05,,2,16,1,15,5.18039022321433e-05,53.333333333333336,46.666666666666664,0.008887700008926913,0.012676799990003929,0.001112400001147762,0.19654619999346323,0.3000554999744054,0.11595569999190047,0.020734600024297833,0.034449700004188344,0.03097870000055991,0.030391100008273497,0.0005315000016707927
0.5,LP2 ($ 	heta $ Only),24,342,9.242504611228897e-05,,10,16,3,13,9.242504611228898e-05,60.0,40.0,0.0020573000074364245,0.04768789999070577,0.000611600000411272,0.46437970001716167,0.2519398000149522,0.1358466999954544,0.02849430000060238,0.021297100000083447,0.025449000007938594,0.023562799993669614,0.00046529999235644937
0.5,LP2 ($ 	heta $ Only),25,367,6.797882539435091e-05,,7,17,3,14,6.797882539435091e-05,53.333333333333336,46.666666666666664,0.0054382999951485544,0.007008200016571209,0.0005555000097956508,0.16904540001996793,0.5685472000041045,0.16199199997936375,0.03991619998123497,0.034022999985609204,0.0296336000028532,0.03298059999360703,0.0009214000019710511
0.5,LP2 ($ 	heta $ Only),26,393,3.566073966162621e-05,,11,12,1,11,3.566073966162621e-05,40.0,60.0,0.001604699995368719,0.00840509997215122,0.00037689998862333596,0.2688215999805834,0.2587024999957066,0.09664869998232462,0.024334299989277497,0.025455800001509488,0.022853100002976134,0.02187269998830743,0.00046019998262636364
0.5,LP2 ($ 	heta $ Only),27,420,3.5584987323602815e-05,,6,13,4,9,3.5584987323602815e-05,40.0,60.0,0.006412799993995577,0.00535460002720356,0.0003598000039346516,0.16378860000986606,0.2739216000190936,0.11669439999968745,0.02792990001034923,0.022067399986553937,0.01969479999388568,0.023013400001218542,0.0009426999895367771
0.5,LP2 ($ 	heta $ Only),28,448,5.0237947366781364e-05,,5,12,3,9,5.0237947366781364e-05,33.333333333333336,66.66666666666666,0.004966800013789907,0.016225700004724786,0.0004034999874420464,0.22865570001886226,0.26795559999300167,0.10969390001264401,0.02864209999097511,0.024245599983260036,0.08211789999040775,0.15810260002035648,0.0013344000035431236
0.5,LP2 ($ 	heta $ Only),29,477,2.7941584035759227e-05,,3,6,0,6,2.794158403575923e-05,33.333333333333336,66.66666666666666,0.004169499996351078,0.011418100009905174,0.0004391999973449856,0.1775902999797836,0.2731835000158753,0.10619509997195564,0.027879800007212907,0.025386799999978393,0.026302599988412112,0.033059799985494465,0.0005037999944761395
0.5,LP2 ($ 	heta $ Only),30,507,4.1389998912928976e-05,,8,15,3,12,4.1389998912928976e-05,53.333333333333336,46.666666666666664,0.002677699987543747,0.013139599992427975,0.0008721999765839428,0.13028400001348928,0.38321639999048784,0.10973789999843575,0.025154100003419444,0.030036799988010898,0.03115819999948144,0.03235979998135008,0.0012470000074245036
0.5,LP2 ($ 	heta $ Only),31,538,0.00010304657769276427,,2,16,4,12,0.00010304657769276429,53.333333333333336,46.666666666666664,0.003439399995841086,0.009102200012421235,0.000601100007770583,0.16418039999553002,0.2564163000206463,0.10302119998959824,0.02575490000890568,0.02709109999705106,0.032619700010400265,0.023699299985310063,0.0004982000100426376
0.5,LP2 ($ 	heta $ Only),32,570,1.342099003577725e-05,,4,5,2,3,1.342099003577725e-05,13.333333333333334,86.66666666666667,0.005823599989525974,0.005714900005841628,0.00046449998626485467,0.1516379000095185,0.29586319997906685,0.11216619997867383,0.02443150000181049,0.030801899993093684,0.030644499987829477,0.03255039997748099,0.0004903000080958009
0.5,LP2 ($ 	heta $ Only),33,603,6.734770153883708e-05,,7,23,5,18,6.734770153883708e-05,53.333333333333336,46.666666666666664,0.0016144999826792628,0.006320299988146871,0.0003603000077418983,0.2367378000053577,0.2721997000044212,0.09200410000630654,0.028893199982121587,0.029924800008302554,0.023549700010335073,0.029083500005071983,0.00048099999548867345
0.5,LP2 ($ 	heta $ Only),34,637,5.878096702905452e-05,,5,11,1,10,5.878096702905452e-05,53.333333333333336,46.666666666666664,0.0018552999827079475,0.01179940000292845,0.00044150001485832036,0.1664996999897994,0.3044995999953244,0.11410259999684058,0.026903399993898347,0.026345399994170293,0.03024570000707172,0.026910900021903217,0.0005567000189330429
0.5,LP2 ($ 	heta $ Only),35,672,1.574438919212118e-05,,9,4,0,4,1.574438919212118e-05,20.0,80.0,0.0019632999901659787,0.0057416000054217875,0.0005123000009916723,0.19159180001588538,0.4674910999892745,0.13494530000025406,0.02053959999466315,0.02845400001388043,0.028083400015020743,0.02315580000868067,0.000860299973282963
0.5,LP2 ($ 	heta $ Only),36,708,3.1057052497786226e-05,,3,8,1,7,3.1057052497786226e-05,33.333333333333336,66.66666666666666,0.0025605999981053174,0.012420699989888817,0.000598300015553832,0.18063260000781156,0.28144270001212135,0.13017359998775646,0.025713699986226857,0.029671099997358397,0.02870140000595711,0.02519179999944754,0.0005854999762959778
0.5,LP2 ($ 	heta $ Only),37,745,7.799660647319941e-05,,11,21,3,18,7.799660647319942e-05,53.333333333333336,46.666666666666664,0.0020702999900095165,0.007677000015974045,0.0007102999952621758,0.15189370000734925,0.3337572000164073,0.10573480001767166,0.024951700004749,0.024889200023608282,0.027118800004245713,0.021691599977202713,0.0004622999986167997
0.5,LP2 ($ 	heta $ Only),38,783,7.604712435588018e-05,,3,22,3,19,7.604712435588018e-05,53.333333333333336,46.666666666666664,0.003880500007653609,0.010536400019191206,0.000374700000975281,0.1651236999896355,0.2785740999970585,0.10282589998678304,0.02164599997922778,0.024097599991364405,0.036473399988608435,0.04144770000129938,0.0005360000068321824
0.5,LP2 ($ 	heta $ Only),39,822,6.802293668699325e-05,,7,15,4,11,6.802293668699325e-05,53.333333333333336,46.666666666666664,0.0016673000063747168,0.0067851000057999045,0.00038750001112930477,0.17416540000704117,0.304411400022218,0.13101529999403283,0.025318800006061792,0.02439480001339689,0.024969000020064414,0.024972999992314726,0.00047810000251047313
0.5,LP2 ($ 	heta $ Only),40,862,8.311230483838611e-05,,9,19,5,14,8.311230483838611e-05,53.333333333333336,46.666666666666664,0.004289400007110089,0.006197099981363863,0.00038240000139921904,0.15982080000685528,0.2607343999843579,0.14283729999442585,0.02357510000001639,0.033495199983008206,0.0442777999851387,0.03956610002205707,0.0010719999845605344
0.5,LP2 ($ 	heta $ Only),41,903,6.087744220828367e-05,,6,17,2,15,6.087744220828366e-05,53.333333333333336,46.666666666666664,0.0020791999995708466,0.017087699990952387,0.000585400004638359,0.15246809998643585,0.27912380002089776,0.08216360001824796,0.047297700017225,0.033221100020455196,0.03650260000722483,0.027830800012452528,0.0004825999785680324
0.5,LP2 ($ 	heta $ Only),42,945,5.175072008790532e-05,,9,14,1,13,5.1750720087905324e-05,40.0,60.0,0.0016410999814979732,0.009248999995179474,0.00046839998685754836,0.162436600017827,0.5000058999867178,0.10717830000794493,0.026595300005283207,0.022451099997851998,0.025406000000657514,0.021686499996576458,0.0008993999799713492
0.5,LP2 ($ 	heta $ Only),43,988,5.953134234577849e-05,,6,11,3,8,5.953134234577849e-05,60.0,40.0,0.0016224999853875488,0.00852360000135377,0.0006016999832354486,0.1693301000050269,0.27761889999965206,0.12238370001432486,0.025831300008576363,0.023038300016196445,0.020768799993675202,0.020038000016938895,0.0004825999785680324
0.5,LP2 ($ 	heta $ Only),44,1032,4.921300735006487e-05,,9,19,2,17,4.921300735006487e-05,46.666666666666664,53.333333333333336,0.005593799985945225,0.0052211000001989305,0.00036279999767430127,0.15269369998713955,0.34138789999997243,0.1250276000064332,0.030057900003157556,0.02618610000354238,0.030655200011096895,0.02532520002569072,0.0014004000113345683
0.5,LP2 ($ 	heta $ Only),45,1077,8.860192279552417e-05,,2,13,6,7,8.860192279552419e-05,53.333333333333336,46.666666666666664,0.0020019999938085675,0.005695500003639609,0.000375000003259629,0.1654874999949243,0.2970152999914717,0.1653445000119973,0.031507100007729605,0.027918200008571148,0.023171999986516312,0.025230900006135926,0.0004952000163029879
0.5,LP2 ($ 	heta $ Only),46,1123,7.091111920288373e-05,,3,12,2,10,7.091111920288373e-05,46.666666666666664,53.333333333333336,0.0016055000014603138,0.005846899992320687,0.00046690000453963876,0.15725379998912103,0.2767957999894861,0.1100954000139609,0.023292700003366917,0.02440929997828789,0.023323700006585568,0.022060600022086874,0.0005172000091988593
0.5,LP2 ($ 	heta $ Only),47,1170,5.167764688669125e-05,,1,7,1,6,5.167764688669125e-05,46.666666666666664,53.333333333333336,0.0017491000180598348,0.00779470000998117,0.0006210000137798488,0.20427139999810606,0.2470647000009194,0.18229640001663938,0.027906700008315966,0.029039100016234443,0.024512200005119666,0.03156889998354018,0.0009559000027365983
0.5,LP2 ($ 	heta $ Only),48,1218,8.524801793786228e-05,,2,26,13,13,8.524801793786228e-05,53.333333333333336,46.666666666666664,0.0016943999798968434,0.00866449999739416,0.0006235999753698707,0.1738527999841608,0.2648846000083722,0.12818180001340806,0.023680000012973323,0.02876539999851957,0.03215710000949912,0.027316899999277666,0.0006182999932207167
0.5,LP2 ($ 	heta $ Only),49,1267,3.631012771155163e-05,,3,11,3,8,3.631012771155163e-05,40.0,60.0,0.001619600021513179,0.005851399997482076,0.000519599998369813,0.16111060002003796,0.40947549999691546,0.12110749998828396,0.04595790000166744,0.04442399999243207,0.032244700007140636,0.03187700000125915,0.0009477999992668629
0.5,LP3 ($ 	heta $ Only),0,42,0.001943040467188626,,5,7,0,7,0.00017651712465711347,80.0,20.0,0.0025904999929480255,0.013543599983677268,0.0004110000154469162,0.3202852999966126,0.31061790001695044,0.12034939997829497,0.026543999993009493,0.04544180000084452,0.030271600000560284,0.023259999987203628,0.00048499999684281647
0.5,LP3 ($ 	heta $ Only),1,43,0.001724647467976316,,6,6,1,5,0.0001514529490362323,66.66666666666667,33.33333333333333,0.002276400016853586,0.007363500015344471,0.000375000003259629,0.15572439998504706,0.29195739998249337,0.11793719997513108,0.024770099989837036,0.025444600003538653,0.027178200019989163,0.02838319999864325,0.0004776999994646758
0.5,LP3 ($ 	heta $ Only),2,45,0.0018879383452884144,,4,8,1,7,0.0001593153245762436,86.66666666666667,13.333333333333329,0.001759799983119592,0.009366000012960285,0.00038059998769313097,0.136869799986016,0.2508123999868985,0.12408020001021214,0.029794700007187203,0.026324199978262186,0.024021699995500967,0.026965900004142895,0.0004870000120718032
0.5,LP3 ($ 	heta $ Only),3,48,0.0025219208913495666,,7,9,3,6,0.00016385098716073426,80.0,20.0,0.001867900020442903,0.0060053999768570065,0.00037150000571273267,0.15656839997973293,0.25769519997993484,0.10637839999981225,0.029329199984204024,0.02475769998272881,0.025186099985148758,0.024610399996163324,0.0012830000196117908
0.5,LP3 ($ 	heta $ Only),4,52,0.0033383943554716896,,0,11,1,10,0.00035081165271310945,93.33333333333333,6.666666666666671,0.0029295000131241977,0.007381899980828166,0.00011720001930370927,0.23610270000062883,0.3877877999912016,0.1270813999872189,0.031689399998867884,0.03056260000448674,0.023010199976852164,0.021534200001042336,0.0005076999950688332
0.5,LP3 ($ 	heta $ Only),5,57,0.003954014552676601,,10,14,2,12,0.00031270165183634876,93.33333333333333,6.666666666666671,0.001916699984576553,0.005410999990999699,0.0003572000132407993,0.1352533999888692,0.32286410001688637,0.12575680000009015,0.02292210000450723,0.02497550001135096,0.02408329999889247,0.02944980000029318,0.0008852999890223145
0.5,LP3 ($ 	heta $ Only),6,63,0.004526035325291392,,3,18,6,12,0.0003917234458577925,93.33333333333333,6.666666666666671,0.0018454999953974038,0.0088703999936115,0.00039289999403990805,0.16690620000008494,0.28219880000688136,0.12105109999538399,0.028868599998531863,0.02366839998285286,0.02734739999868907,0.029091900010826066,0.002011900010984391
0.5,LP3 ($ 	heta $ Only),7,70,0.0042581854811109595,,7,18,5,13,0.00031323560534291927,93.33333333333333,6.666666666666671,0.006757000024663284,0.016445399989606813,0.003569599997717887,0.16286819998640567,0.2808655999833718,0.12538129999302328,0.026315499999327585,0.020728800009237602,0.022798100020736456,0.023056400008499622,0.0004792999825440347
0.5,LP3 ($ 	heta $ Only),8,78,0.00227980650952759,,3,7,5,2,0.00023201848184849458,86.66666666666667,13.333333333333329,0.004570399993099272,0.005513800017070025,0.0003623999946285039,0.17249830000218935,0.2538924000109546,0.21049009999842383,0.07950500000151806,0.04416540000238456,0.05058789998292923,0.03812060001655482,0.0005759999912697822
0.5,LP3 ($ 	heta $ Only),9,87,0.00474791037713496,,9,15,0,15,0.0003504307543101562,93.33333333333333,6.666666666666671,0.002064500004053116,0.013911399990320206,0.0007153000042308122,0.1667001000023447,0.2589913999836426,0.1420302000187803,0.028287699999054894,0.02361969999037683,0.02269829998840578,0.02984859998105094,0.0009070999803952873
0.5,LP3 ($ 	heta $ Only),10,97,0.002933354120822568,,7,11,1,10,0.00023094781091564164,86.66666666666667,13.333333333333329,0.002270400000270456,0.00821860000723973,0.000588800001423806,0.14396760001545772,0.3519539999833796,0.11291019999771379,0.023368599999230355,0.02479320002021268,0.025843100011115894,0.02769869999610819,0.001422800007276237
0.5,LP3 ($ 	heta $ Only),11,108,0.00039757154099374356,,4,1,0,1,4.52337764539767e-05,20.0,80.0,0.0018666999822016805,0.010518199997022748,0.0006022000161465257,0.17611639999086037,0.3312893999973312,0.11582659999839962,0.031122899992624298,0.026037200004793704,0.02280950002023019,0.02563910000026226,0.0006332000193651766
0.5,LP3 ($ 	heta $ Only),12,120,0.004336497744860365,,7,20,2,18,0.00031909918662001923,93.33333333333333,6.666666666666671,0.004728800005977973,0.008496399997966364,0.0010264999873470515,0.1717837000032887,0.25725450000027195,0.15362490000552498,0.02501090001896955,0.024552100017899647,0.026349799998570234,0.02603769997949712,0.00047989998711273074
0.5,LP3 ($ 	heta $ Only),13,133,0.002621474205601584,,6,9,4,5,0.0001982165409448383,86.66666666666667,13.333333333333329,0.0018500000005587935,0.007605999999213964,0.000814600003650412,0.14040799997746944,0.2888872000039555,0.09543299998040311,0.022186499991221353,0.019828799995593727,0.022185100009664893,0.032887799985473976,0.0005575999966822565
0.5,LP3 ($ 	heta $ Only),14,147,0.0029600053757212336,,7,12,2,10,0.00026770412680622997,93.33333333333333,6.666666666666671,0.00418710001395084,0.005573000002186745,0.00035760001628659666,0.18418200002633967,0.2597742000070866,0.14894869999261573,0.028510100004496053,0.02492070000153035,0.026012999995145947,0.02271750001818873,0.00048430002061650157
0.5,LP3 ($ 	heta $ Only),15,162,0.0042405432423533035,,5,19,7,12,0.0003216816897946894,93.33333333333333,6.666666666666671,0.002645700005814433,0.0076938999991398305,0.0005805999971926212,0.16788170000654645,0.4479855999816209,0.17721580000943504,0.0296735999872908,0.022494600008940324,0.027534900000318885,0.02270129998214543,0.00048469999455846846
0.5,LP3 ($ 	heta $ Only),16,178,0.0025484188927657686,,11,9,2,7,0.00016797976416891525,73.33333333333333,26.66666666666667,0.0018667999829631299,0.007596700015710667,0.00035810002009384334,0.15814770001452416,0.33622769999783486,0.1568154999986291,0.03280829999130219,0.02829430002020672,0.03841039998224005,0.03322839998872951,0.00046019998262636364
0.5,LP3 ($ 	heta $ Only),17,195,0.003378740369463332,,5,10,2,8,0.00033801047767475817,93.33333333333333,6.666666666666671,0.0016338999848812819,0.010289200028637424,0.0003893999964930117,0.21974470000714064,0.2820007000118494,0.12304760000552051,0.029622900008689612,0.03940280000097118,0.024927699996624142,0.028111399995395914,0.0004882999928668141
0.5,LP3 ($ 	heta $ Only),18,213,0.0010722914513523634,,6,4,1,3,9.741801159881695e-05,60.0,40.0,0.00456630002008751,0.01054170000134036,0.0003843999875243753,0.13949789997423068,0.3522013000037987,0.10408409999217838,0.021719999989727512,0.020705000002635643,0.030352800007676706,0.033501099998829886,0.0006816999812144786
0.5,LP3 ($ 	heta $ Only),19,232,0.005152708127607468,,3,16,4,12,0.00036026377521973263,93.33333333333333,6.666666666666671,0.001823400001740083,0.015161999996053055,0.0009837000106927007,0.3575659999914933,0.289521099999547,0.10205149999819696,0.024293200025567785,0.02664960001129657,0.025132100010523573,0.029367699986323714,0.0009532000112812966
0.5,LP3 ($ 	heta $ Only),20,252,0.00211227491806223,,15,7,1,6,0.00014693615603792002,86.66666666666667,13.333333333333329,0.0016166999994311482,0.008777899987762794,0.00036979999276809394,0.14623380001285113,0.25988349999533966,0.16942170000402257,0.026073699991684407,0.02458409999962896,0.023254500003531575,0.026850499998545274,0.00043890002416446805
0.5,LP3 ($ 	heta $ Only),21,273,0.003328958644675482,,4,13,5,8,0.0002946818586702925,93.33333333333333,6.666666666666671,0.003284000005805865,0.02324929999304004,0.00040699998498894274,0.1572327000030782,0.3087113999936264,0.09672450000653043,0.02736799998092465,0.023806799988960847,0.0338871999992989,0.02760359999956563,0.0009359999967273325
0.5,LP3 ($ 	heta $ Only),22,295,0.004660212764521581,,4,19,2,17,0.00035013995258393525,93.33333333333333,6.666666666666671,0.0016029999824240804,0.006332300021313131,0.00061779998941347,0.17657829998643138,0.4116382999927737,0.119303299987223,0.025425100000575185,0.08602050002082251,0.044134800002211705,0.05797970001003705,0.0010289000056218356
0.5,LP3 ($ 	heta $ Only),23,318,0.002999300316072684,,2,11,1,10,0.0002985164648052948,80.0,20.0,0.008887700008926913,0.012676799990003929,0.001112400001147762,0.19654619999346323,0.3000554999744054,0.11595569999190047,0.020734600024297833,0.034449700004188344,0.03097870000055991,0.030391100008273497,0.0005315000016707927
0.5,LP3 ($ 	heta $ Only),24,342,0.004006121486811285,,10,18,3,15,0.00030662316560232884,93.33333333333333,6.666666666666671,0.0020573000074364245,0.04768789999070577,0.000611600000411272,0.46437970001716167,0.2519398000149522,0.1358466999954544,0.02849430000060238,0.021297100000083447,0.025449000007938594,0.023562799993669614,0.00046529999235644937
0.5,LP3 ($ 	heta $ Only),25,367,0.003956145001289146,,7,16,3,13,0.00032790101419678846,93.33333333333333,6.666666666666671,0.0054382999951485544,0.007008200016571209,0.0005555000097956508,0.16904540001996793,0.5685472000041045,0.16199199997936375,0.03991619998123497,0.034022999985609204,0.0296336000028532,0.03298059999360703,0.0009214000019710511
0.5,LP3 ($ 	heta $ Only),26,393,0.0030754326361680717,,11,14,1,13,0.00024847145345182703,73.33333333333333,26.66666666666667,0.001604699995368719,0.00840509997215122,0.00037689998862333596,0.2688215999805834,0.2587024999957066,0.09664869998232462,0.024334299989277497,0.025455800001509488,0.022853100002976134,0.02187269998830743,0.00046019998262636364
0.5,LP3 ($ 	heta $ Only),27,420,0.0026961838017226336,,6,12,2,10,0.00018442122166475737,93.33333333333333,6.666666666666671,0.006412799993995577,0.00535460002720356,0.0003598000039346516,0.16378860000986606,0.2739216000190936,0.11669439999968745,0.02792990001034923,0.022067399986553937,0.01969479999388568,0.023013400001218542,0.0009426999895367771
0.5,LP3 ($ 	heta $ Only),28,448,0.0029506775745521355,,5,11,1,10,0.0002824175782174046,93.33333333333333,6.666666666666671,0.004966800013789907,0.016225700004724786,0.0004034999874420464,0.22865570001886226,0.26795559999300167,0.10969390001264401,0.02864209999097511,0.024245599983260036,0.08211789999040775,0.15810260002035648,0.0013344000035431236
0.5,LP3 ($ 	heta $ Only),29,477,0.0022734276965058805,,3,6,0,6,0.00019975745333229147,86.66666666666667,13.333333333333329,0.004169499996351078,0.011418100009905174,0.0004391999973449856,0.1775902999797836,0.2731835000158753,0.10619509997195564,0.027879800007212907,0.025386799999978393,0.026302599988412112,0.033059799985494465,0.0005037999944761395
0.5,LP3 ($ 	heta $ Only),30,507,0.0037076424702584087,,8,17,2,15,0.00040009583091150204,93.33333333333333,6.666666666666671,0.002677699987543747,0.013139599992427975,0.0008721999765839428,0.13028400001348928,0.38321639999048784,0.10973789999843575,0.025154100003419444,0.030036799988010898,0.03115819999948144,0.03235979998135008,0.0012470000074245036
0.5,LP3 ($ 	heta $ Only),31,538,0.004568818301352867,,2,18,5,13,0.0003747840751077993,93.33333333333333,6.666666666666671,0.003439399995841086,0.009102200012421235,0.000601100007770583,0.16418039999553002,0.2564163000206463,0.10302119998959824,0.02575490000890568,0.02709109999705106,0.032619700010400265,0.023699299985310063,0.0004982000100426376
0.5,LP3 ($ 	heta $ Only),32,570,0.0013696909544380221,,4,7,2,5,0.00010248538588873894,73.33333333333333,26.66666666666667,0.005823599989525974,0.005714900005841628,0.00046449998626485467,0.1516379000095185,0.29586319997906685,0.11216619997867383,0.02443150000181049,0.030801899993093684,0.030644499987829477,0.03255039997748099,0.0004903000080958009
0.5,LP3 ($ 	heta $ Only),33,603,0.004745871795541287,,7,20,5,15,0.0003382195888319655,86.66666666666667,13.333333333333329,0.0016144999826792628,0.006320299988146871,0.0003603000077418983,0.2367378000053577,0.2721997000044212,0.09200410000630654,0.028893199982121587,0.029924800008302554,0.023549700010335073,0.029083500005071983,0.00048099999548867345
0.5,LP3 ($ 	heta $ Only),34,637,0.0029625821580510107,,5,10,0,10,0.0002679354155584975,93.33333333333333,6.666666666666671,0.0018552999827079475,0.01179940000292845,0.00044150001485832036,0.1664996999897994,0.3044995999953244,0.11410259999684058,0.026903399993898347,0.026345399994170293,0.03024570000707172,0.026910900021903217,0.0005567000189330429
0.5,LP3 ($ 	heta $ Only),35,672,0.0016978847140065759,,9,5,0,5,0.00012148043571404051,60.0,40.0,0.0019632999901659787,0.0057416000054217875,0.0005123000009916723,0.19159180001588538,0.4674910999892745,0.13494530000025406,0.02053959999466315,0.02845400001388043,0.028083400015020743,0.02315580000868067,0.000860299973282963
0.5,LP3 ($ 	heta $ Only),36,708,0.002385057327163642,,3,9,0,9,0.00021669797841420237,93.33333333333333,6.666666666666671,0.0025605999981053174,0.012420699989888817,0.000598300015553832,0.18063260000781156,0.28144270001212135,0.13017359998775646,0.025713699986226857,0.029671099997358397,0.02870140000595711,0.02519179999944754,0.0005854999762959778
0.5,LP3 ($ 	heta $ Only),37,745,0.005460181516044442,,11,23,4,19,0.0004024825729235681,93.33333333333333,6.666666666666671,0.0020702999900095165,0.007677000015974045,0.0007102999952621758,0.15189370000734925,0.3337572000164073,0.10573480001767166,0.024951700004749,0.024889200023608282,0.027118800004245713,0.021691599977202713,0.0004622999986167997
0.5,LP3 ($ 	heta $ Only),38,783,0.005433740513994272,,3,22,2,20,0.00044735062705488296,93.33333333333333,6.666666666666671,0.003880500007653609,0.010536400019191206,0.000374700000975281,0.1651236999896355,0.2785740999970585,0.10282589998678304,0.02164599997922778,0.024097599991364405,0.036473399988608435,0.04144770000129938,0.0005360000068321824
0.5,LP3 ($ 	heta $ Only),39,822,0.003468354039445274,,7,15,5,10,0.00025841152224331126,93.33333333333333,6.666666666666671,0.0016673000063747168,0.0067851000057999045,0.00038750001112930477,0.17416540000704117,0.304411400022218,0.13101529999403283,0.025318800006061792,0.02439480001339689,0.024969000020064414,0.024972999992314726,0.00047810000251047313
0.5,LP3 ($ 	heta $ Only),40,862,0.005130251452294299,,9,20,5,15,0.00038225969443763644,93.33333333333333,6.666666666666671,0.004289400007110089,0.006197099981363863,0.00038240000139921904,0.15982080000685528,0.2607343999843579,0.14283729999442585,0.02357510000001639,0.033495199983008206,0.0442777999851387,0.03956610002205707,0.0010719999845605344
0.5,LP3 ($ 	heta $ Only),41,903,0.004647310685409969,,6,18,5,13,0.0002786639412278008,86.66666666666667,13.333333333333329,0.0020791999995708466,0.017087699990952387,0.000585400004638359,0.15246809998643585,0.27912380002089776,0.08216360001824796,0.047297700017225,0.033221100020455196,0.03650260000722483,0.027830800012452528,0.0004825999785680324
0.5,LP3 ($ 	heta $ Only),42,945,0.003975822437289343,,9,15,2,13,0.00025891039582582844,86.66666666666667,13.333333333333329,0.0016410999814979732,0.009248999995179474,0.00046839998685754836,0.162436600017827,0.5000058999867178,0.10717830000794493,0.026595300005283207,0.022451099997851998,0.025406000000657514,0.021686499996576458,0.0008993999799713492
0.5,LP3 ($ 	heta $ Only),43,988,0.002823372562375405,,6,11,3,8,0.0002514316904849173,80.0,20.0,0.0016224999853875488,0.00852360000135377,0.0006016999832354486,0.1693301000050269,0.27761889999965206,0.12238370001432486,0.025831300008576363,0.023038300016196445,0.020768799993675202,0.020038000016938895,0.0004825999785680324
0.5,LP3 ($ 	heta $ Only),44,1032,0.0052108038676393935,,9,21,2,19,0.00032142590167183785,86.66666666666667,13.333333333333329,0.005593799985945225,0.0052211000001989305,0.00036279999767430127,0.15269369998713955,0.34138789999997243,0.1250276000064332,0.030057900003157556,0.02618610000354238,0.030655200011096895,0.02532520002569072,0.0014004000113345683
0.5,LP3 ($ 	heta $ Only),45,1077,0.003067135388731262,,2,13,4,9,0.0002751863896649132,93.33333333333333,6.666666666666671,0.0020019999938085675,0.005695500003639609,0.000375000003259629,0.1654874999949243,0.2970152999914717,0.1653445000119973,0.031507100007729605,0.027918200008571148,0.023171999986516312,0.025230900006135926,0.0004952000163029879
0.5,LP3 ($ 	heta $ Only),46,1123,0.004283734442408318,,3,15,4,11,0.0003799217091063315,93.33333333333333,6.666666666666671,0.0016055000014603138,0.005846899992320687,0.00046690000453963876,0.15725379998912103,0.2767957999894861,0.1100954000139609,0.023292700003366917,0.02440929997828789,0.023323700006585568,0.022060600022086874,0.0005172000091988593
0.5,LP3 ($ 	heta $ Only),47,1170,0.002119691151965082,,1,9,1,8,0.0002167771747080238,86.66666666666667,13.333333333333329,0.0017491000180598348,0.00779470000998117,0.0006210000137798488,0.20427139999810606,0.2470647000009194,0.18229640001663938,0.027906700008315966,0.029039100016234443,0.024512200005119666,0.03156889998354018,0.0009559000027365983
0.5,LP3 ($ 	heta $ Only),48,1218,0.005977830795626926,,2,23,6,17,0.00037650372965271237,86.66666666666667,13.333333333333329,0.0016943999798968434,0.00866449999739416,0.0006235999753698707,0.1738527999841608,0.2648846000083722,0.12818180001340806,0.023680000012973323,0.02876539999851957,0.03215710000949912,0.027316899999277666,0.0006182999932207167
0.5,LP3 ($ 	heta $ Only),49,1267,0.0020302702007498116,,3,8,2,6,0.0002552737880613677,86.66666666666667,13.333333333333329,0.001619600021513179,0.005851399997482076,0.000519599998369813,0.16111060002003796,0.40947549999691546,0.12110749998828396,0.04595790000166744,0.04442399999243207,0.032244700007140636,0.03187700000125915,0.0009477999992668629
0.5,Weighted LP3 ($ 	heta $ Only),0,42,0.0013882507712003076,,5,7,0,7,0.00013622174569934104,80.0,20.0,0.0025904999929480255,0.013543599983677268,0.0004110000154469162,0.3202852999966126,0.31061790001695044,0.12034939997829497,0.026543999993009493,0.04544180000084452,0.030271600000560284,0.023259999987203628,0.00048499999684281647
0.5,Weighted LP3 ($ 	heta $ Only),1,43,0.001412998052062831,,6,6,1,5,0.0001515177286906374,73.33333333333333,26.66666666666667,0.002276400016853586,0.007363500015344471,0.000375000003259629,0.15572439998504706,0.29195739998249337,0.11793719997513108,0.024770099989837036,0.025444600003538653,0.027178200019989163,0.02838319999864325,0.0004776999994646758
0.5,Weighted LP3 ($ 	heta $ Only),2,45,0.001383032481025471,,4,8,1,7,0.00015249407116236415,80.0,20.0,0.001759799983119592,0.009366000012960285,0.00038059998769313097,0.136869799986016,0.2508123999868985,0.12408020001021214,0.029794700007187203,0.026324199978262186,0.024021699995500967,0.026965900004142895,0.0004870000120718032
0.5,Weighted LP3 ($ 	heta $ Only),3,48,0.0019671288821700352,,7,10,3,7,0.00016491272845205665,73.33333333333333,26.66666666666667,0.001867900020442903,0.0060053999768570065,0.00037150000571273267,0.15656839997973293,0.25769519997993484,0.10637839999981225,0.029329199984204024,0.02475769998272881,0.025186099985148758,0.024610399996163324,0.0012830000196117908
0.5,Weighted LP3 ($ 	heta $ Only),4,52,0.002382978880093794,,0,12,0,12,0.00033369862757399364,86.66666666666667,13.333333333333329,0.0029295000131241977,0.007381899980828166,0.00011720001930370927,0.23610270000062883,0.3877877999912016,0.1270813999872189,0.031689399998867884,0.03056260000448674,0.023010199976852164,0.021534200001042336,0.0005076999950688332
0.5,Weighted LP3 ($ 	heta $ Only),5,57,0.0030243609909399003,,10,12,2,10,0.00031062834115069707,93.33333333333333,6.666666666666671,0.001916699984576553,0.005410999990999699,0.0003572000132407993,0.1352533999888692,0.32286410001688637,0.12575680000009015,0.02292210000450723,0.02497550001135096,0.02408329999889247,0.02944980000029318,0.0008852999890223145
0.5,Weighted LP3 ($ 	heta $ Only),6,63,0.003738242279346232,,3,15,5,10,0.0003728084424354737,93.33333333333333,6.666666666666671,0.0018454999953974038,0.0088703999936115,0.00039289999403990805,0.16690620000008494,0.28219880000688136,0.12105109999538399,0.028868599998531863,0.02366839998285286,0.02734739999868907,0.029091900010826066,0.002011900010984391
0.5,Weighted LP3 ($ 	heta $ Only),7,70,0.0033366225648484237,,7,19,5,14,0.0003046973323384171,93.33333333333333,6.666666666666671,0.006757000024663284,0.016445399989606813,0.003569599997717887,0.16286819998640567,0.2808655999833718,0.12538129999302328,0.026315499999327585,0.020728800009237602,0.022798100020736456,0.023056400008499622,0.0004792999825440347
0.5,Weighted LP3 ($ 	heta $ Only),8,78,0.0019968283726530924,,3,9,5,4,0.0002476929141320724,93.33333333333333,6.666666666666671,0.004570399993099272,0.005513800017070025,0.0003623999946285039,0.17249830000218935,0.2538924000109546,0.21049009999842383,0.07950500000151806,0.04416540000238456,0.05058789998292923,0.03812060001655482,0.0005759999912697822
0.5,Weighted LP3 ($ 	heta $ Only),9,87,0.003372419280602396,,9,16,0,16,0.0003495107555082953,93.33333333333333,6.666666666666671,0.002064500004053116,0.013911399990320206,0.0007153000042308122,0.1667001000023447,0.2589913999836426,0.1420302000187803,0.028287699999054894,0.02361969999037683,0.02269829998840578,0.02984859998105094,0.0009070999803952873
0.5,Weighted LP3 ($ 	heta $ Only),10,97,0.0020870313705167805,,7,11,0,11,0.0002168703541488088,86.66666666666667,13.333333333333329,0.002270400000270456,0.00821860000723973,0.000588800001423806,0.14396760001545772,0.3519539999833796,0.11291019999771379,0.023368599999230355,0.02479320002021268,0.025843100011115894,0.02769869999610819,0.001422800007276237
0.5,Weighted LP3 ($ 	heta $ Only),11,108,0.00028012561948048795,,4,1,0,1,4.52337764539767e-05,20.0,80.0,0.0018666999822016805,0.010518199997022748,0.0006022000161465257,0.17611639999086037,0.3312893999973312,0.11582659999839962,0.031122899992624298,0.026037200004793704,0.02280950002023019,0.02563910000026226,0.0006332000193651766
0.5,Weighted LP3 ($ 	heta $ Only),12,120,0.0031675816424169313,,7,18,2,16,0.0003100612451643553,93.33333333333333,6.666666666666671,0.004728800005977973,0.008496399997966364,0.0010264999873470515,0.1717837000032887,0.25725450000027195,0.15362490000552498,0.02501090001896955,0.024552100017899647,0.026349799998570234,0.02603769997949712,0.00047989998711273074
0.5,Weighted LP3 ($ 	heta $ Only),13,133,0.0021428940286616436,,6,9,4,5,0.00019057819792642355,86.66666666666667,13.333333333333329,0.0018500000005587935,0.007605999999213964,0.000814600003650412,0.14040799997746944,0.2888872000039555,0.09543299998040311,0.022186499991221353,0.019828799995593727,0.022185100009664893,0.032887799985473976,0.0005575999966822565
0.5,Weighted LP3 ($ 	heta $ Only),14,147,0.0022599282451226292,,7,12,2,10,0.00025799847709385125,93.33333333333333,6.666666666666671,0.00418710001395084,0.005573000002186745,0.00035760001628659666,0.18418200002633967,0.2597742000070866,0.14894869999261573,0.028510100004496053,0.02492070000153035,0.026012999995145947,0.02271750001818873,0.00048430002061650157
0.5,Weighted LP3 ($ 	heta $ Only),15,162,0.0033955806283967483,,5,19,7,12,0.00032055640498086514,93.33333333333333,6.666666666666671,0.002645700005814433,0.0076938999991398305,0.0005805999971926212,0.16788170000654645,0.4479855999816209,0.17721580000943504,0.0296735999872908,0.022494600008940324,0.027534900000318885,0.02270129998214543,0.00048469999455846846
0.5,Weighted LP3 ($ 	heta $ Only),16,178,0.001874001243218684,,11,9,1,8,0.00017445685778623887,73.33333333333333,26.66666666666667,0.0018667999829631299,0.007596700015710667,0.00035810002009384334,0.15814770001452416,0.33622769999783486,0.1568154999986291,0.03280829999130219,0.02829430002020672,0.03841039998224005,0.03322839998872951,0.00046019998262636364
0.5,Weighted LP3 ($ 	heta $ Only),17,195,0.0025811359434357527,,5,12,3,9,0.00028291962713211227,86.66666666666667,13.333333333333329,0.0016338999848812819,0.010289200028637424,0.0003893999964930117,0.21974470000714064,0.2820007000118494,0.12304760000552051,0.029622900008689612,0.03940280000097118,0.024927699996624142,0.028111399995395914,0.0004882999928668141
0.5,Weighted LP3 ($ 	heta $ Only),18,213,0.000811033822573701,,6,4,1,3,9.820105197621773e-05,60.0,40.0,0.00456630002008751,0.01054170000134036,0.0003843999875243753,0.13949789997423068,0.3522013000037987,0.10408409999217838,0.021719999989727512,0.020705000002635643,0.030352800007676706,0.033501099998829886,0.0006816999812144786
0.5,Weighted LP3 ($ 	heta $ Only),19,232,0.003915151316083795,,3,19,4,15,0.0003734717565003948,93.33333333333333,6.666666666666671,0.001823400001740083,0.015161999996053055,0.0009837000106927007,0.3575659999914933,0.289521099999547,0.10205149999819696,0.024293200025567785,0.02664960001129657,0.025132100010523573,0.029367699986323714,0.0009532000112812966
0.5,Weighted LP3 ($ 	heta $ Only),20,252,0.0015307360507093948,,15,7,1,6,0.00014693615603792002,86.66666666666667,13.333333333333329,0.0016166999994311482,0.008777899987762794,0.00036979999276809394,0.14623380001285113,0.25988349999533966,0.16942170000402257,0.026073699991684407,0.02458409999962896,0.023254500003531575,0.026850499998545274,0.00043890002416446805
0.5,Weighted LP3 ($ 	heta $ Only),21,273,0.0026573257307398604,,4,12,5,7,0.0002945233679493209,86.66666666666667,13.333333333333329,0.003284000005805865,0.02324929999304004,0.00040699998498894274,0.1572327000030782,0.3087113999936264,0.09672450000653043,0.02736799998092465,0.023806799988960847,0.0338871999992989,0.02760359999956563,0.0009359999967273325
0.5,Weighted LP3 ($ 	heta $ Only),22,295,0.0034952418747214637,,4,20,3,17,0.000347532612588629,93.33333333333333,6.666666666666671,0.0016029999824240804,0.006332300021313131,0.00061779998941347,0.17657829998643138,0.4116382999927737,0.119303299987223,0.025425100000575185,0.08602050002082251,0.044134800002211705,0.05797970001003705,0.0010289000056218356
0.5,Weighted LP3 ($ 	heta $ Only),23,318,0.002194570419858449,,2,12,1,11,0.0002896356511312093,86.66666666666667,13.333333333333329,0.008887700008926913,0.012676799990003929,0.001112400001147762,0.19654619999346323,0.3000554999744054,0.11595569999190047,0.020734600024297833,0.034449700004188344,0.03097870000055991,0.030391100008273497,0.0005315000016707927
0.5,Weighted LP3 ($ 	heta $ Only),24,342,0.003077999415390589,,10,19,3,16,0.0003067851912487508,93.33333333333333,6.666666666666671,0.0020573000074364245,0.04768789999070577,0.000611600000411272,0.46437970001716167,0.2519398000149522,0.1358466999954544,0.02849430000060238,0.021297100000083447,0.025449000007938594,0.023562799993669614,0.00046529999235644937
0.5,Weighted LP3 ($ 	heta $ Only),25,367,0.0029908679291423693,,7,16,3,13,0.000318912605854565,93.33333333333333,6.666666666666671,0.0054382999951485544,0.007008200016571209,0.0005555000097956508,0.16904540001996793,0.5685472000041045,0.16199199997936375,0.03991619998123497,0.034022999985609204,0.0296336000028532,0.03298059999360703,0.0009214000019710511
0.5,Weighted LP3 ($ 	heta $ Only),26,393,0.0022170165909125143,,11,13,1,12,0.0002283308937003968,73.33333333333333,26.66666666666667,0.001604699995368719,0.00840509997215122,0.00037689998862333596,0.2688215999805834,0.2587024999957066,0.09664869998232462,0.024334299989277497,0.025455800001509488,0.022853100002976134,0.02187269998830743,0.00046019998262636364
0.5,Weighted LP3 ($ 	heta $ Only),27,420,0.0020304503180791824,,6,12,2,10,0.00018054585474289097,93.33333333333333,6.666666666666671,0.006412799993995577,0.00535460002720356,0.0003598000039346516,0.16378860000986606,0.2739216000190936,0.11669439999968745,0.02792990001034923,0.022067399986553937,0.01969479999388568,0.023013400001218542,0.0009426999895367771
0.5,Weighted LP3 ($ 	heta $ Only),28,448,0.0021367923151363643,,5,11,1,10,0.0002687257307774243,93.33333333333333,6.666666666666671,0.004966800013789907,0.016225700004724786,0.0004034999874420464,0.22865570001886226,0.26795559999300167,0.10969390001264401,0.02864209999097511,0.024245599983260036,0.08211789999040775,0.15810260002035648,0.0013344000035431236
0.5,Weighted LP3 ($ 	heta $ Only),29,477,0.0015817905884766038,,3,5,0,5,0.00019704537862377713,80.0,20.0,0.004169499996351078,0.011418100009905174,0.0004391999973449856,0.1775902999797836,0.2731835000158753,0.10619509997195564,0.027879800007212907,0.025386799999978393,0.026302599988412112,0.033059799985494465,0.0005037999944761395
0.5,Weighted LP3 ($ 	heta $ Only),30,507,0.0027284435555901152,,8,17,2,15,0.0003435965954173454,93.33333333333333,6.666666666666671,0.002677699987543747,0.013139599992427975,0.0008721999765839428,0.13028400001348928,0.38321639999048784,0.10973789999843575,0.025154100003419444,0.030036799988010898,0.03115819999948144,0.03235979998135008,0.0012470000074245036
0.5,Weighted LP3 ($ 	heta $ Only),31,538,0.0035907307053900683,,2,20,5,15,0.00035323132877720123,93.33333333333333,6.666666666666671,0.003439399995841086,0.009102200012421235,0.000601100007770583,0.16418039999553002,0.2564163000206463,0.10302119998959824,0.02575490000890568,0.02709109999705106,0.032619700010400265,0.023699299985310063,0.0004982000100426376
0.5,Weighted LP3 ($ 	heta $ Only),32,570,0.0010490268180258307,,4,4,1,3,9.726170591492558e-05,73.33333333333333,26.66666666666667,0.005823599989525974,0.005714900005841628,0.00046449998626485467,0.1516379000095185,0.29586319997906685,0.11216619997867383,0.02443150000181049,0.030801899993093684,0.030644499987829477,0.03255039997748099,0.0004903000080958009
0.5,Weighted LP3 ($ 	heta $ Only),33,603,0.003618695264331526,,7,17,2,15,0.00033050756709750504,86.66666666666667,13.333333333333329,0.0016144999826792628,0.006320299988146871,0.0003603000077418983,0.2367378000053577,0.2721997000044212,0.09200410000630654,0.028893199982121587,0.029924800008302554,0.023549700010335073,0.029083500005071983,0.00048099999548867345
0.5,Weighted LP3 ($ 	heta $ Only),34,637,0.002117704647996462,,5,9,0,9,0.00024302182743753855,86.66666666666667,13.333333333333329,0.0018552999827079475,0.01179940000292845,0.00044150001485832036,0.1664996999897994,0.3044995999953244,0.11410259999684058,0.026903399993898347,0.026345399994170293,0.03024570000707172,0.026910900021903217,0.0005567000189330429
0.5,Weighted LP3 ($ 	heta $ Only),35,672,0.0011724166212423973,,9,5,0,5,0.00012148043571404051,60.0,40.0,0.0019632999901659787,0.0057416000054217875,0.0005123000009916723,0.19159180001588538,0.4674910999892745,0.13494530000025406,0.02053959999466315,0.02845400001388043,0.028083400015020743,0.02315580000868067,0.000860299973282963
0.5,Weighted LP3 ($ 	heta $ Only),36,708,0.0016954192790583067,,3,8,0,8,0.00021130257336585416,86.66666666666667,13.333333333333329,0.0025605999981053174,0.012420699989888817,0.000598300015553832,0.18063260000781156,0.28144270001212135,0.13017359998775646,0.025713699986226857,0.029671099997358397,0.02870140000595711,0.02519179999944754,0.0005854999762959778
0.5,Weighted LP3 ($ 	heta $ Only),37,745,0.003994451208107646,,11,23,3,20,0.000402226616607508,93.33333333333333,6.666666666666671,0.0020702999900095165,0.007677000015974045,0.0007102999952621758,0.15189370000734925,0.3337572000164073,0.10573480001767166,0.024951700004749,0.024889200023608282,0.027118800004245713,0.021691599977202713,0.0004622999986167997
0.5,Weighted LP3 ($ 	heta $ Only),38,783,0.003989876107415208,,3,22,2,20,0.00043632882221947256,93.33333333333333,6.666666666666671,0.003880500007653609,0.010536400019191206,0.000374700000975281,0.1651236999896355,0.2785740999970585,0.10282589998678304,0.02164599997922778,0.024097599991364405,0.036473399988608435,0.04144770000129938,0.0005360000068321824
0.5,Weighted LP3 ($ 	heta $ Only),39,822,0.002674153970181317,,7,13,3,10,0.0002573477823515941,80.0,20.0,0.0016673000063747168,0.0067851000057999045,0.00038750001112930477,0.17416540000704117,0.304411400022218,0.13101529999403283,0.025318800006061792,0.02439480001339689,0.024969000020064414,0.024972999992314726,0.00047810000251047313
0.5,Weighted LP3 ($ 	heta $ Only),40,862,0.003985368328707292,,9,20,5,15,0.00037719433151028366,93.33333333333333,6.666666666666671,0.004289400007110089,0.006197099981363863,0.00038240000139921904,0.15982080000685528,0.2607343999843579,0.14283729999442585,0.02357510000001639,0.033495199983008206,0.0442777999851387,0.03956610002205707,0.0010719999845605344
0.5,Weighted LP3 ($ 	heta $ Only),41,903,0.0035193490142107764,,6,17,4,13,0.0002785570836654376,80.0,20.0,0.0020791999995708466,0.017087699990952387,0.000585400004638359,0.15246809998643585,0.27912380002089776,0.08216360001824796,0.047297700017225,0.033221100020455196,0.03650260000722483,0.027830800012452528,0.0004825999785680324
0.5,Weighted LP3 ($ 	heta $ Only),42,945,0.0028398210851982094,,9,16,2,14,0.0002466256544840428,86.66666666666667,13.333333333333329,0.0016410999814979732,0.009248999995179474,0.00046839998685754836,0.162436600017827,0.5000058999867178,0.10717830000794493,0.026595300005283207,0.022451099997851998,0.025406000000657514,0.021686499996576458,0.0008993999799713492
0.5,Weighted LP3 ($ 	heta $ Only),43,988,0.0020906815523456398,,6,9,2,7,0.0002655155188076598,73.33333333333333,26.66666666666667,0.0016224999853875488,0.00852360000135377,0.0006016999832354486,0.1693301000050269,0.27761889999965206,0.12238370001432486,0.025831300008576363,0.023038300016196445,0.020768799993675202,0.020038000016938895,0.0004825999785680324
0.5,Weighted LP3 ($ 	heta $ Only),44,1032,0.0037741113331129783,,9,19,2,17,0.0003145288670527474,86.66666666666667,13.333333333333329,0.005593799985945225,0.0052211000001989305,0.00036279999767430127,0.15269369998713955,0.34138789999997243,0.1250276000064332,0.030057900003157556,0.02618610000354238,0.030655200011096895,0.02532520002569072,0.0014004000113345683
0.5,Weighted LP3 ($ 	heta $ Only),45,1077,0.002355154839872873,,2,13,4,9,0.00027058953538743665,93.33333333333333,6.666666666666671,0.0020019999938085675,0.005695500003639609,0.000375000003259629,0.1654874999949243,0.2970152999914717,0.1653445000119973,0.031507100007729605,0.027918200008571148,0.023171999986516312,0.025230900006135926,0.0004952000163029879
0.5,Weighted LP3 ($ 	heta $ Only),46,1123,0.0032166169720915755,,3,13,3,10,0.0003747624805452961,93.33333333333333,6.666666666666671,0.0016055000014603138,0.005846899992320687,0.00046690000453963876,0.15725379998912103,0.2767957999894861,0.1100954000139609,0.023292700003366917,0.02440929997828789,0.023323700006585568,0.022060600022086874,0.0005172000091988593
0.5,Weighted LP3 ($ 	heta $ Only),47,1170,0.0015482767857606626,,1,7,0,7,0.00018456704523033677,86.66666666666667,13.333333333333329,0.0017491000180598348,0.00779470000998117,0.0006210000137798488,0.20427139999810606,0.2470647000009194,0.18229640001663938,0.027906700008315966,0.029039100016234443,0.024512200005119666,0.03156889998354018,0.0009559000027365983
0.5,Weighted LP3 ($ 	heta $ Only),48,1218,0.004698727521476763,,2,24,6,18,0.0003719823769932962,93.33333333333333,6.666666666666671,0.0016943999798968434,0.00866449999739416,0.0006235999753698707,0.1738527999841608,0.2648846000083722,0.12818180001340806,0.023680000012973323,0.02876539999851957,0.03215710000949912,0.027316899999277666,0.0006182999932207167
0.5,Weighted LP3 ($ 	heta $ Only),49,1267,0.0015152966032111654,,3,8,1,7,0.0002557835246348712,86.66666666666667,13.333333333333329,0.001619600021513179,0.005851399997482076,0.000519599998369813,0.16111060002003796,0.40947549999691546,0.12110749998828396,0.04595790000166744,0.04442399999243207,0.032244700007140636,0.03187700000125915,0.0009477999992668629
0.5,Borda LP3 ($ 	heta $ Only),0,42,0.001390476986669847,,5,7,0,7,0.0001778797556748915,86.66666666666667,13.333333333333329,0.0025904999929480255,0.013543599983677268,0.0004110000154469162,0.3202852999966126,0.31061790001695044,0.12034939997829497,0.026543999993009493,0.04544180000084452,0.030271600000560284,0.023259999987203628,0.00048499999684281647
0.5,Borda LP3 ($ 	heta $ Only),1,43,0.001724647467976316,,6,6,1,5,0.0001514529490362323,66.66666666666667,33.33333333333333,0.002276400016853586,0.007363500015344471,0.000375000003259629,0.15572439998504706,0.29195739998249337,0.11793719997513108,0.024770099989837036,0.025444600003538653,0.027178200019989163,0.02838319999864325,0.0004776999994646758
0.5,Borda LP3 ($ 	heta $ Only),2,45,0.0017070167817194134,,4,6,1,5,0.00014364754579531357,80.0,20.0,0.001759799983119592,0.009366000012960285,0.00038059998769313097,0.136869799986016,0.2508123999868985,0.12408020001021214,0.029794700007187203,0.026324199978262186,0.024021699995500967,0.026965900004142895,0.0004870000120718032
0.5,Borda LP3 ($ 	heta $ Only),3,48,0.002200305380398867,,7,10,2,8,0.0001992575041604722,86.66666666666667,13.333333333333329,0.001867900020442903,0.0060053999768570065,0.00037150000571273267,0.15656839997973293,0.25769519997993484,0.10637839999981225,0.029329199984204024,0.02475769998272881,0.025186099985148758,0.024610399996163324,0.0012830000196117908
0.5,Borda LP3 ($ 	heta $ Only),4,52,0.0017330654246891764,,0,12,0,12,0.00025103885070147045,86.66666666666667,13.333333333333329,0.0029295000131241977,0.007381899980828166,0.00011720001930370927,0.23610270000062883,0.3877877999912016,0.1270813999872189,0.031689399998867884,0.03056260000448674,0.023010199976852164,0.021534200001042336,0.0005076999950688332
0.5,Borda LP3 ($ 	heta $ Only),5,57,0.003656372147487883,,10,14,2,12,0.00031251138586029344,93.33333333333333,6.666666666666671,0.001916699984576553,0.005410999990999699,0.0003572000132407993,0.1352533999888692,0.32286410001688637,0.12575680000009015,0.02292210000450723,0.02497550001135096,0.02408329999889247,0.02944980000029318,0.0008852999890223145
0.5,Borda LP3 ($ 	heta $ Only),6,63,0.004358787628767233,,3,18,6,12,0.0003915564537394411,93.33333333333333,6.666666666666671,0.0018454999953974038,0.0088703999936115,0.00039289999403990805,0.16690620000008494,0.28219880000688136,0.12105109999538399,0.028868599998531863,0.02366839998285286,0.02734739999868907,0.029091900010826066,0.002011900010984391
0.5,Borda LP3 ($ 	heta $ Only),7,70,0.004111898994088366,,7,21,6,15,0.0003178339460870623,86.66666666666667,13.333333333333329,0.006757000024663284,0.016445399989606813,0.003569599997717887,0.16286819998640567,0.2808655999833718,0.12538129999302328,0.026315499999327585,0.020728800009237602,0.022798100020736456,0.023056400008499622,0.0004792999825440347
0.5,Borda LP3 ($ 	heta $ Only),8,78,0.00227980650952759,,3,7,5,2,0.00023201848184849458,86.66666666666667,13.333333333333329,0.004570399993099272,0.005513800017070025,0.0003623999946285039,0.17249830000218935,0.2538924000109546,0.21049009999842383,0.07950500000151806,0.04416540000238456,0.05058789998292923,0.03812060001655482,0.0005759999912697822
0.5,Borda LP3 ($ 	heta $ Only),9,87,0.0046485876025261705,,9,17,0,17,0.00035065523098831735,93.33333333333333,6.666666666666671,0.002064500004053116,0.013911399990320206,0.0007153000042308122,0.1667001000023447,0.2589913999836426,0.1420302000187803,0.028287699999054894,0.02361969999037683,0.02269829998840578,0.02984859998105094,0.0009070999803952873
0.5,Borda LP3 ($ 	heta $ Only),10,97,0.0029218403733445018,,7,11,0,11,0.00024302036432841093,86.66666666666667,13.333333333333329,0.002270400000270456,0.00821860000723973,0.000588800001423806,0.14396760001545772,0.3519539999833796,0.11291019999771379,0.023368599999230355,0.02479320002021268,0.025843100011115894,0.02769869999610819,0.001422800007276237
0.5,Borda LP3 ($ 	heta $ Only),11,108,0.00039757154099374345,,4,2,0,2,4.523377645397668e-05,20.0,80.0,0.0018666999822016805,0.010518199997022748,0.0006022000161465257,0.17611639999086037,0.3312893999973312,0.11582659999839962,0.031122899992624298,0.026037200004793704,0.02280950002023019,0.02563910000026226,0.0006332000193651766
0.5,Borda LP3 ($ 	heta $ Only),12,120,0.0038883972094422956,,7,17,2,15,0.0003100236206717069,93.33333333333333,6.666666666666671,0.004728800005977973,0.008496399997966364,0.0010264999873470515,0.1717837000032887,0.25725450000027195,0.15362490000552498,0.02501090001896955,0.024552100017899647,0.026349799998570234,0.02603769997949712,0.00047989998711273074
0.5,Borda LP3 ($ 	heta $ Only),13,133,0.0021000364684151313,,6,8,3,5,0.00018796287995672957,86.66666666666667,13.333333333333329,0.0018500000005587935,0.007605999999213964,0.000814600003650412,0.14040799997746944,0.2888872000039555,0.09543299998040311,0.022186499991221353,0.019828799995593727,0.022185100009664893,0.032887799985473976,0.0005575999966822565
0.5,Borda LP3 ($ 	heta $ Only),14,147,0.002913592625120893,,7,11,2,9,0.0002855189030366438,93.33333333333333,6.666666666666671,0.00418710001395084,0.005573000002186745,0.00035760001628659666,0.18418200002633967,0.2597742000070866,0.14894869999261573,0.028510100004496053,0.02492070000153035,0.026012999995145947,0.02271750001818873,0.00048430002061650157
0.5,Borda LP3 ($ 	heta $ Only),15,162,0.0041238957625097505,,5,20,7,13,0.0003262273189945477,93.33333333333333,6.666666666666671,0.002645700005814433,0.0076938999991398305,0.0005805999971926212,0.16788170000654645,0.4479855999816209,0.17721580000943504,0.0296735999872908,0.022494600008940324,0.027534900000318885,0.02270129998214543,0.00048469999455846846
0.5,Borda LP3 ($ 	heta $ Only),16,178,0.0025484188927657686,,11,9,2,7,0.00016797976416891525,73.33333333333333,26.66666666666667,0.0018667999829631299,0.007596700015710667,0.00035810002009384334,0.15814770001452416,0.33622769999783486,0.1568154999986291,0.03280829999130219,0.02829430002020672,0.03841039998224005,0.03322839998872951,0.00046019998262636364
0.5,Borda LP3 ($ 	heta $ Only),17,195,0.0027217864332022305,,5,11,2,9,0.00029444461404060047,93.33333333333333,6.666666666666671,0.0016338999848812819,0.010289200028637424,0.0003893999964930117,0.21974470000714064,0.2820007000118494,0.12304760000552051,0.029622900008689612,0.03940280000097118,0.024927699996624142,0.028111399995395914,0.0004882999928668141
0.5,Borda LP3 ($ 	heta $ Only),18,213,0.0010722914513523634,,6,4,1,3,9.741801159881695e-05,60.0,40.0,0.00456630002008751,0.01054170000134036,0.0003843999875243753,0.13949789997423068,0.3522013000037987,0.10408409999217838,0.021719999989727512,0.020705000002635643,0.030352800007676706,0.033501099998829886,0.0006816999812144786
0.5,Borda LP3 ($ 	heta $ Only),19,232,0.004746128987189135,,3,18,4,14,0.00038314567321144925,93.33333333333333,6.666666666666671,0.001823400001740083,0.015161999996053055,0.0009837000106927007,0.3575659999914933,0.289521099999547,0.10205149999819696,0.024293200025567785,0.02664960001129657,0.025132100010523573,0.029367699986323714,0.0009532000112812966
0.5,Borda LP3 ($ 	heta $ Only),20,252,0.002004956535982016,,15,8,1,7,0.00014523225980308125,73.33333333333333,26.66666666666667,0.0016166999994311482,0.008777899987762794,0.00036979999276809394,0.14623380001285113,0.25988349999533966,0.16942170000402257,0.026073699991684407,0.02458409999962896,0.023254500003531575,0.026850499998545274,0.00043890002416446805
0.5,Borda LP3 ($ 	heta $ Only),21,273,0.003328958644675482,,4,13,5,8,0.0002946818586702925,93.33333333333333,6.666666666666671,0.003284000005805865,0.02324929999304004,0.00040699998498894274,0.1572327000030782,0.3087113999936264,0.09672450000653043,0.02736799998092465,0.023806799988960847,0.0338871999992989,0.02760359999956563,0.0009359999967273325
0.5,Borda LP3 ($ 	heta $ Only),22,295,0.004660212764521581,,4,19,2,17,0.00035013995258393525,93.33333333333333,6.666666666666671,0.0016029999824240804,0.006332300021313131,0.00061779998941347,0.17657829998643138,0.4116382999927737,0.119303299987223,0.025425100000575185,0.08602050002082251,0.044134800002211705,0.05797970001003705,0.0010289000056218356
0.5,Borda LP3 ($ 	heta $ Only),23,318,0.0026043139537750937,,2,12,1,11,0.00024128231674133756,86.66666666666667,13.333333333333329,0.008887700008926913,0.012676799990003929,0.001112400001147762,0.19654619999346323,0.3000554999744054,0.11595569999190047,0.020734600024297833,0.034449700004188344,0.03097870000055991,0.030391100008273497,0.0005315000016707927
0.5,Borda LP3 ($ 	heta $ Only),24,342,0.0037368141100692733,,10,18,4,14,0.0003083963435597439,93.33333333333333,6.666666666666671,0.0020573000074364245,0.04768789999070577,0.000611600000411272,0.46437970001716167,0.2519398000149522,0.1358466999954544,0.02849430000060238,0.021297100000083447,0.025449000007938594,0.023562799993669614,0.00046529999235644937
0.5,Borda LP3 ($ 	heta $ Only),25,367,0.0034110353703945212,,7,16,3,13,0.00032046301914624465,93.33333333333333,6.666666666666671,0.0054382999951485544,0.007008200016571209,0.0005555000097956508,0.16904540001996793,0.5685472000041045,0.16199199997936375,0.03991619998123497,0.034022999985609204,0.0296336000028532,0.03298059999360703,0.0009214000019710511
0.5,Borda LP3 ($ 	heta $ Only),26,393,0.0027233776776607946,,11,14,1,13,0.00023291100901643005,73.33333333333333,26.66666666666667,0.001604699995368719,0.00840509997215122,0.00037689998862333596,0.2688215999805834,0.2587024999957066,0.09664869998232462,0.024334299989277497,0.025455800001509488,0.022853100002976134,0.02187269998830743,0.00046019998262636364
0.5,Borda LP3 ($ 	heta $ Only),27,420,0.0025020040625104863,,6,11,2,9,0.00017733915958893307,86.66666666666667,13.333333333333329,0.006412799993995577,0.00535460002720356,0.0003598000039346516,0.16378860000986606,0.2739216000190936,0.11669439999968745,0.02792990001034923,0.022067399986553937,0.01969479999388568,0.023013400001218542,0.0009426999895367771
0.5,Borda LP3 ($ 	heta $ Only),28,448,0.0026047693217508623,,5,10,1,9,0.00025456197645584976,93.33333333333333,6.666666666666671,0.004966800013789907,0.016225700004724786,0.0004034999874420464,0.22865570001886226,0.26795559999300167,0.10969390001264401,0.02864209999097511,0.024245599983260036,0.08211789999040775,0.15810260002035648,0.0013344000035431236
0.5,Borda LP3 ($ 	heta $ Only),29,477,0.0018227574087480792,,3,8,0,8,0.00019386993505453464,80.0,20.0,0.004169499996351078,0.011418100009905174,0.0004391999973449856,0.1775902999797836,0.2731835000158753,0.10619509997195564,0.027879800007212907,0.025386799999978393,0.026302599988412112,0.033059799985494465,0.0005037999944761395
0.5,Borda LP3 ($ 	heta $ Only),30,507,0.0033779942987691956,,8,15,2,13,0.0003943233244718626,93.33333333333333,6.666666666666671,0.002677699987543747,0.013139599992427975,0.0008721999765839428,0.13028400001348928,0.38321639999048784,0.10973789999843575,0.025154100003419444,0.030036799988010898,0.03115819999948144,0.03235979998135008,0.0012470000074245036
0.5,Borda LP3 ($ 	heta $ Only),31,538,0.004303734899915333,,2,18,5,13,0.00037217392009495173,93.33333333333333,6.666666666666671,0.003439399995841086,0.009102200012421235,0.000601100007770583,0.16418039999553002,0.2564163000206463,0.10302119998959824,0.02575490000890568,0.02709109999705106,0.032619700010400265,0.023699299985310063,0.0004982000100426376
0.5,Borda LP3 ($ 	heta $ Only),32,570,0.0013696909544380221,,4,7,2,5,0.00010248538588873894,66.66666666666667,33.33333333333333,0.005823599989525974,0.005714900005841628,0.00046449998626485467,0.1516379000095185,0.29586319997906685,0.11216619997867383,0.02443150000181049,0.030801899993093684,0.030644499987829477,0.03255039997748099,0.0004903000080958009
0.5,Borda LP3 ($ 	heta $ Only),33,603,0.004145999868647257,,7,19,4,15,0.0003410601772244179,93.33333333333333,6.666666666666671,0.0016144999826792628,0.006320299988146871,0.0003603000077418983,0.2367378000053577,0.2721997000044212,0.09200410000630654,0.028893199982121587,0.029924800008302554,0.023549700010335073,0.029083500005071983,0.00048099999548867345
0.5,Borda LP3 ($ 	heta $ Only),34,637,0.001710146579787105,,5,11,0,11,0.0002010575128751062,93.33333333333333,6.666666666666671,0.0018552999827079475,0.01179940000292845,0.00044150001485832036,0.1664996999897994,0.3044995999953244,0.11410259999684058,0.026903399993898347,0.026345399994170293,0.03024570000707172,0.026910900021903217,0.0005567000189330429
0.5,Borda LP3 ($ 	heta $ Only),35,672,0.0016978847140065759,,9,5,0,5,0.00012148043571404051,60.0,40.0,0.0019632999901659787,0.0057416000054217875,0.0005123000009916723,0.19159180001588538,0.4674910999892745,0.13494530000025406,0.02053959999466315,0.02845400001388043,0.028083400015020743,0.02315580000868067,0.000860299973282963
0.5,Borda LP3 ($ 	heta $ Only),36,708,0.0019065470798623242,,3,9,0,9,0.00021275800477467638,93.33333333333333,6.666666666666671,0.0025605999981053174,0.012420699989888817,0.000598300015553832,0.18063260000781156,0.28144270001212135,0.13017359998775646,0.025713699986226857,0.029671099997358397,0.02870140000595711,0.02519179999944754,0.0005854999762959778
0.5,Borda LP3 ($ 	heta $ Only),37,745,0.004842832061800284,,11,22,3,19,0.000398773487906791,93.33333333333333,6.666666666666671,0.0020702999900095165,0.007677000015974045,0.0007102999952621758,0.15189370000734925,0.3337572000164073,0.10573480001767166,0.024951700004749,0.024889200023608282,0.027118800004245713,0.021691599977202713,0.0004622999986167997
0.5,Borda LP3 ($ 	heta $ Only),38,783,0.004440693505669833,,3,20,2,18,0.0004291191690290927,86.66666666666667,13.333333333333329,0.003880500007653609,0.010536400019191206,0.000374700000975281,0.1651236999896355,0.2785740999970585,0.10282589998678304,0.02164599997922778,0.024097599991364405,0.036473399988608435,0.04144770000129938,0.0005360000068321824
0.5,Borda LP3 ($ 	heta $ Only),39,822,0.0032334883609009863,,7,12,4,8,0.0002457616502329641,86.66666666666667,13.333333333333329,0.0016673000063747168,0.0067851000057999045,0.00038750001112930477,0.17416540000704117,0.304411400022218,0.13101529999403283,0.025318800006061792,0.02439480001339689,0.024969000020064414,0.024972999992314726,0.00047810000251047313
0.5,Borda LP3 ($ 	heta $ Only),40,862,0.004560910565286377,,9,20,5,15,0.00038940871071561407,93.33333333333333,6.666666666666671,0.004289400007110089,0.006197099981363863,0.00038240000139921904,0.15982080000685528,0.2607343999843579,0.14283729999442585,0.02357510000001639,0.033495199983008206,0.0442777999851387,0.03956610002205707,0.0010719999845605344
0.5,Borda LP3 ($ 	heta $ Only),41,903,0.004161679643704178,,6,16,3,13,0.00026579140033975194,86.66666666666667,13.333333333333329,0.0020791999995708466,0.017087699990952387,0.000585400004638359,0.15246809998643585,0.27912380002089776,0.08216360001824796,0.047297700017225,0.033221100020455196,0.03650260000722483,0.027830800012452528,0.0004825999785680324
0.5,Borda LP3 ($ 	heta $ Only),42,945,0.002932155980336315,,9,16,2,14,0.00023720493568647448,80.0,20.0,0.0016410999814979732,0.009248999995179474,0.00046839998685754836,0.162436600017827,0.5000058999867178,0.10717830000794493,0.026595300005283207,0.022451099997851998,0.025406000000657514,0.021686499996576458,0.0008993999799713492
0.5,Borda LP3 ($ 	heta $ Only),43,988,0.002456473730402118,,6,9,2,7,0.0002718436892061492,80.0,20.0,0.0016224999853875488,0.00852360000135377,0.0006016999832354486,0.1693301000050269,0.27761889999965206,0.12238370001432486,0.025831300008576363,0.023038300016196445,0.020768799993675202,0.020038000016938895,0.0004825999785680324
0.5,Borda LP3 ($ 	heta $ Only),44,1032,0.004900584752948204,,9,23,3,20,0.0003367914077600494,86.66666666666667,13.333333333333329,0.005593799985945225,0.0052211000001989305,0.00036279999767430127,0.15269369998713955,0.34138789999997243,0.1250276000064332,0.030057900003157556,0.02618610000354238,0.030655200011096895,0.02532520002569072,0.0014004000113345683
0.5,Borda LP3 ($ 	heta $ Only),45,1077,0.002900937586974607,,2,13,4,9,0.0002729829163439415,93.33333333333333,6.666666666666671,0.0020019999938085675,0.005695500003639609,0.000375000003259629,0.1654874999949243,0.2970152999914717,0.1653445000119973,0.031507100007729605,0.027918200008571148,0.023171999986516312,0.025230900006135926,0.0004952000163029879
0.5,Borda LP3 ($ 	heta $ Only),46,1123,0.0036187512387327635,,3,13,3,10,0.0003720738536106641,93.33333333333333,6.666666666666671,0.0016055000014603138,0.005846899992320687,0.00046690000453963876,0.15725379998912103,0.2767957999894861,0.1100954000139609,0.023292700003366917,0.02440929997828789,0.023323700006585568,0.022060600022086874,0.0005172000091988593
0.5,Borda LP3 ($ 	heta $ Only),47,1170,0.0014604125347737005,,1,6,1,5,0.00017006385223204833,86.66666666666667,13.333333333333329,0.0017491000180598348,0.00779470000998117,0.0006210000137798488,0.20427139999810606,0.2470647000009194,0.18229640001663938,0.027906700008315966,0.029039100016234443,0.024512200005119666,0.03156889998354018,0.0009559000027365983
0.5,Borda LP3 ($ 	heta $ Only),48,1218,0.005563844840230233,,2,21,5,16,0.0003775666119987118,86.66666666666667,13.333333333333329,0.0016943999798968434,0.00866449999739416,0.0006235999753698707,0.1738527999841608,0.2648846000083722,0.12818180001340806,0.023680000012973323,0.02876539999851957,0.03215710000949912,0.027316899999277666,0.0006182999932207167
0.5,Borda LP3 ($ 	heta $ Only),49,1267,0.0019345950446566225,,3,8,1,7,0.0002557835246348712,86.66666666666667,13.333333333333329,0.001619600021513179,0.005851399997482076,0.000519599998369813,0.16111060002003796,0.40947549999691546,0.12110749998828396,0.04595790000166744,0.04442399999243207,0.032244700007140636,0.03187700000125915,0.0009477999992668629
0.5,Linear BTL,0,42,,-161.05457054115783,5,6,0,6,,,,0.0025904999929480255,0.013543599983677268,0.0004110000154469162,0.3202852999966126,0.31061790001695044,0.12034939997829497,0.026543999993009493,0.04544180000084452,0.030271600000560284,0.023259999987203628,0.00048499999684281647
0.5,Linear BTL,1,43,,-147.43390462986096,6,10,4,6,,,,0.002276400016853586,0.007363500015344471,0.000375000003259629,0.15572439998504706,0.29195739998249337,0.11793719997513108,0.024770099989837036,0.025444600003538653,0.027178200019989163,0.02838319999864325,0.0004776999994646758
0.5,Linear BTL,2,45,,-129.9303906296935,4,9,1,8,,,,0.001759799983119592,0.009366000012960285,0.00038059998769313097,0.136869799986016,0.2508123999868985,0.12408020001021214,0.029794700007187203,0.026324199978262186,0.024021699995500967,0.026965900004142895,0.0004870000120718032
0.5,Linear BTL,3,48,,-152.5294436985137,7,11,1,10,,,,0.001867900020442903,0.0060053999768570065,0.00037150000571273267,0.15656839997973293,0.25769519997993484,0.10637839999981225,0.029329199984204024,0.02475769998272881,0.025186099985148758,0.024610399996163324,0.0012830000196117908
0.5,Linear BTL,4,52,,-166.64808182282064,0,14,0,14,,,,0.0029295000131241977,0.007381899980828166,0.00011720001930370927,0.23610270000062883,0.3877877999912016,0.1270813999872189,0.031689399998867884,0.03056260000448674,0.023010199976852164,0.021534200001042336,0.0005076999950688332
0.5,Linear BTL,5,57,,-172.89522479083354,10,15,2,13,,,,0.001916699984576553,0.005410999990999699,0.0003572000132407993,0.1352533999888692,0.32286410001688637,0.12575680000009015,0.02292210000450723,0.02497550001135096,0.02408329999889247,0.02944980000029318,0.0008852999890223145
0.5,Linear BTL,6,63,,-137.80792325332632,3,15,5,10,,,,0.0018454999953974038,0.0088703999936115,0.00039289999403990805,0.16690620000008494,0.28219880000688136,0.12105109999538399,0.028868599998531863,0.02366839998285286,0.02734739999868907,0.029091900010826066,0.002011900010984391
0.5,Linear BTL,7,70,,-181.97883557732106,7,20,6,14,,,,0.006757000024663284,0.016445399989606813,0.003569599997717887,0.16286819998640567,0.2808655999833718,0.12538129999302328,0.026315499999327585,0.020728800009237602,0.022798100020736456,0.023056400008499622,0.0004792999825440347
0.5,Linear BTL,8,78,,-150.3270970881976,3,9,3,6,,,,0.004570399993099272,0.005513800017070025,0.0003623999946285039,0.17249830000218935,0.2538924000109546,0.21049009999842383,0.07950500000151806,0.04416540000238456,0.05058789998292923,0.03812060001655482,0.0005759999912697822
0.5,Linear BTL,9,87,,-187.77312319348917,9,18,0,18,,,,0.002064500004053116,0.013911399990320206,0.0007153000042308122,0.1667001000023447,0.2589913999836426,0.1420302000187803,0.028287699999054894,0.02361969999037683,0.02269829998840578,0.02984859998105094,0.0009070999803952873
0.5,Linear BTL,10,97,,-169.41402298117845,7,8,0,8,,,,0.002270400000270456,0.00821860000723973,0.000588800001423806,0.14396760001545772,0.3519539999833796,0.11291019999771379,0.023368599999230355,0.02479320002021268,0.025843100011115894,0.02769869999610819,0.001422800007276237
0.5,Linear BTL,11,108,,-129.92435641667063,4,2,0,2,,,,0.0018666999822016805,0.010518199997022748,0.0006022000161465257,0.17611639999086037,0.3312893999973312,0.11582659999839962,0.031122899992624298,0.026037200004793704,0.02280950002023019,0.02563910000026226,0.0006332000193651766
0.5,Linear BTL,12,120,,-175.99116974955285,7,17,1,16,,,,0.004728800005977973,0.008496399997966364,0.0010264999873470515,0.1717837000032887,0.25725450000027195,0.15362490000552498,0.02501090001896955,0.024552100017899647,0.026349799998570234,0.02603769997949712,0.00047989998711273074
0.5,Linear BTL,13,133,,-152.86256004322632,6,10,5,5,,,,0.0018500000005587935,0.007605999999213964,0.000814600003650412,0.14040799997746944,0.2888872000039555,0.09543299998040311,0.022186499991221353,0.019828799995593727,0.022185100009664893,0.032887799985473976,0.0005575999966822565
0.5,Linear BTL,14,147,,-177.52624898707012,7,13,3,10,,,,0.00418710001395084,0.005573000002186745,0.00035760001628659666,0.18418200002633967,0.2597742000070866,0.14894869999261573,0.028510100004496053,0.02492070000153035,0.026012999995145947,0.02271750001818873,0.00048430002061650157
0.5,Linear BTL,15,162,,-156.34505852103683,5,19,7,12,,,,0.002645700005814433,0.0076938999991398305,0.0005805999971926212,0.16788170000654645,0.4479855999816209,0.17721580000943504,0.0296735999872908,0.022494600008940324,0.027534900000318885,0.02270129998214543,0.00048469999455846846
0.5,Linear BTL,16,178,,-183.46514853740203,11,12,3,9,,,,0.0018667999829631299,0.007596700015710667,0.00035810002009384334,0.15814770001452416,0.33622769999783486,0.1568154999986291,0.03280829999130219,0.02829430002020672,0.03841039998224005,0.03322839998872951,0.00046019998262636364
0.5,Linear BTL,17,195,,-126.799919219685,5,12,2,10,,,,0.0016338999848812819,0.010289200028637424,0.0003893999964930117,0.21974470000714064,0.2820007000118494,0.12304760000552051,0.029622900008689612,0.03940280000097118,0.024927699996624142,0.028111399995395914,0.0004882999928668141
0.5,Linear BTL,18,213,,-120.86197438595961,6,5,1,4,,,,0.00456630002008751,0.01054170000134036,0.0003843999875243753,0.13949789997423068,0.3522013000037987,0.10408409999217838,0.021719999989727512,0.020705000002635643,0.030352800007676706,0.033501099998829886,0.0006816999812144786
0.5,Linear BTL,19,232,,-160.13468484491008,3,21,3,18,,,,0.001823400001740083,0.015161999996053055,0.0009837000106927007,0.3575659999914933,0.289521099999547,0.10205149999819696,0.024293200025567785,0.02664960001129657,0.025132100010523573,0.029367699986323714,0.0009532000112812966
0.5,Linear BTL,20,252,,-176.75781244317145,15,8,1,7,,,,0.0016166999994311482,0.008777899987762794,0.00036979999276809394,0.14623380001285113,0.25988349999533966,0.16942170000402257,0.026073699991684407,0.02458409999962896,0.023254500003531575,0.026850499998545274,0.00043890002416446805
0.5,Linear BTL,21,273,,-154.33223769158084,4,14,4,10,,,,0.003284000005805865,0.02324929999304004,0.00040699998498894274,0.1572327000030782,0.3087113999936264,0.09672450000653043,0.02736799998092465,0.023806799988960847,0.0338871999992989,0.02760359999956563,0.0009359999967273325
0.5,Linear BTL,22,295,,-154.5723489068769,4,19,2,17,,,,0.0016029999824240804,0.006332300021313131,0.00061779998941347,0.17657829998643138,0.4116382999927737,0.119303299987223,0.025425100000575185,0.08602050002082251,0.044134800002211705,0.05797970001003705,0.0010289000056218356
0.5,Linear BTL,23,318,,-134.49339325850627,2,12,1,11,,,,0.008887700008926913,0.012676799990003929,0.001112400001147762,0.19654619999346323,0.3000554999744054,0.11595569999190047,0.020734600024297833,0.034449700004188344,0.03097870000055991,0.030391100008273497,0.0005315000016707927
0.5,Linear BTL,24,342,,-170.66216719007815,10,17,3,14,,,,0.0020573000074364245,0.04768789999070577,0.000611600000411272,0.46437970001716167,0.2519398000149522,0.1358466999954544,0.02849430000060238,0.021297100000083447,0.025449000007938594,0.023562799993669614,0.00046529999235644937
0.5,Linear BTL,25,367,,-165.81412331051388,7,17,3,14,,,,0.0054382999951485544,0.007008200016571209,0.0005555000097956508,0.16904540001996793,0.5685472000041045,0.16199199997936375,0.03991619998123497,0.034022999985609204,0.0296336000028532,0.03298059999360703,0.0009214000019710511
0.5,Linear BTL,26,393,,-174.10558905993872,11,13,1,12,,,,0.001604699995368719,0.00840509997215122,0.00037689998862333596,0.2688215999805834,0.2587024999957066,0.09664869998232462,0.024334299989277497,0.025455800001509488,0.022853100002976134,0.02187269998830743,0.00046019998262636364
0.5,Linear BTL,27,420,,-149.53598055974805,6,12,3,9,,,,0.006412799993995577,0.00535460002720356,0.0003598000039346516,0.16378860000986606,0.2739216000190936,0.11669439999968745,0.02792990001034923,0.022067399986553937,0.01969479999388568,0.023013400001218542,0.0009426999895367771
0.5,Linear BTL,28,448,,-152.83836596666572,5,11,1,10,,,,0.004966800013789907,0.016225700004724786,0.0004034999874420464,0.22865570001886226,0.26795559999300167,0.10969390001264401,0.02864209999097511,0.024245599983260036,0.08211789999040775,0.15810260002035648,0.0013344000035431236
0.5,Linear BTL,29,477,,-151.17313511556614,3,10,0,10,,,,0.004169499996351078,0.011418100009905174,0.0004391999973449856,0.1775902999797836,0.2731835000158753,0.10619509997195564,0.027879800007212907,0.025386799999978393,0.026302599988412112,0.033059799985494465,0.0005037999944761395
0.5,Linear BTL,30,507,,-157.23307378439642,8,16,2,14,,,,0.002677699987543747,0.013139599992427975,0.0008721999765839428,0.13028400001348928,0.38321639999048784,0.10973789999843575,0.025154100003419444,0.030036799988010898,0.03115819999948144,0.03235979998135008,0.0012470000074245036
0.5,Linear BTL,31,538,,-143.93011608544555,2,22,5,17,,,,0.003439399995841086,0.009102200012421235,0.000601100007770583,0.16418039999553002,0.2564163000206463,0.10302119998959824,0.02575490000890568,0.02709109999705106,0.032619700010400265,0.023699299985310063,0.0004982000100426376
0.5,Linear BTL,32,570,,-172.75611208357867,4,7,1,6,,,,0.005823599989525974,0.005714900005841628,0.00046449998626485467,0.1516379000095185,0.29586319997906685,0.11216619997867383,0.02443150000181049,0.030801899993093684,0.030644499987829477,0.03255039997748099,0.0004903000080958009
0.5,Linear BTL,33,603,,-185.89845821330232,7,18,1,17,,,,0.0016144999826792628,0.006320299988146871,0.0003603000077418983,0.2367378000053577,0.2721997000044212,0.09200410000630654,0.028893199982121587,0.029924800008302554,0.023549700010335073,0.029083500005071983,0.00048099999548867345
0.5,Linear BTL,34,637,,-160.70483014128965,5,13,0,13,,,,0.0018552999827079475,0.01179940000292845,0.00044150001485832036,0.1664996999897994,0.3044995999953244,0.11410259999684058,0.026903399993898347,0.026345399994170293,0.03024570000707172,0.026910900021903217,0.0005567000189330429
0.5,Linear BTL,35,672,,-154.99194061569736,9,8,0,8,,,,0.0019632999901659787,0.0057416000054217875,0.0005123000009916723,0.19159180001588538,0.4674910999892745,0.13494530000025406,0.02053959999466315,0.02845400001388043,0.028083400015020743,0.02315580000868067,0.000860299973282963
0.5,Linear BTL,36,708,,-123.67248403285518,3,8,0,8,,,,0.0025605999981053174,0.012420699989888817,0.000598300015553832,0.18063260000781156,0.28144270001212135,0.13017359998775646,0.025713699986226857,0.029671099997358397,0.02870140000595711,0.02519179999944754,0.0005854999762959778
0.5,Linear BTL,37,745,,-187.87955952902539,11,22,2,20,,,,0.0020702999900095165,0.007677000015974045,0.0007102999952621758,0.15189370000734925,0.3337572000164073,0.10573480001767166,0.024951700004749,0.024889200023608282,0.027118800004245713,0.021691599977202713,0.0004622999986167997
0.5,Linear BTL,38,783,,-171.10934776163015,3,23,2,21,,,,0.003880500007653609,0.010536400019191206,0.000374700000975281,0.1651236999896355,0.2785740999970585,0.10282589998678304,0.02164599997922778,0.024097599991364405,0.036473399988608435,0.04144770000129938,0.0005360000068321824
0.5,Linear BTL,39,822,,-155.85880804678365,7,13,2,11,,,,0.0016673000063747168,0.0067851000057999045,0.00038750001112930477,0.17416540000704117,0.304411400022218,0.13101529999403283,0.025318800006061792,0.02439480001339689,0.024969000020064414,0.024972999992314726,0.00047810000251047313
0.5,Linear BTL,40,862,,-178.4705676865534,9,24,6,18,,,,0.004289400007110089,0.006197099981363863,0.00038240000139921904,0.15982080000685528,0.2607343999843579,0.14283729999442585,0.02357510000001639,0.033495199983008206,0.0442777999851387,0.03956610002205707,0.0010719999845605344
0.5,Linear BTL,41,903,,-161.4903964162451,6,17,3,14,,,,0.0020791999995708466,0.017087699990952387,0.000585400004638359,0.15246809998643585,0.27912380002089776,0.08216360001824796,0.047297700017225,0.033221100020455196,0.03650260000722483,0.027830800012452528,0.0004825999785680324
0.5,Linear BTL,42,945,,-159.89734555681653,9,16,1,15,,,,0.0016410999814979732,0.009248999995179474,0.00046839998685754836,0.162436600017827,0.5000058999867178,0.10717830000794493,0.026595300005283207,0.022451099997851998,0.025406000000657514,0.021686499996576458,0.0008993999799713492
0.5,Linear BTL,43,988,,-164.82302346373487,6,8,1,7,,,,0.0016224999853875488,0.00852360000135377,0.0006016999832354486,0.1693301000050269,0.27761889999965206,0.12238370001432486,0.025831300008576363,0.023038300016196445,0.020768799993675202,0.020038000016938895,0.0004825999785680324
0.5,Linear BTL,44,1032,,-201.99843576159574,9,20,2,18,,,,0.005593799985945225,0.0052211000001989305,0.00036279999767430127,0.15269369998713955,0.34138789999997243,0.1250276000064332,0.030057900003157556,0.02618610000354238,0.030655200011096895,0.02532520002569072,0.0014004000113345683
0.5,Linear BTL,45,1077,,-108.86929341105991,2,11,2,9,,,,0.0020019999938085675,0.005695500003639609,0.000375000003259629,0.1654874999949243,0.2970152999914717,0.1653445000119973,0.031507100007729605,0.027918200008571148,0.023171999986516312,0.025230900006135926,0.0004952000163029879
0.5,Linear BTL,46,1123,,-184.7782322477369,3,15,2,13,,,,0.0016055000014603138,0.005846899992320687,0.00046690000453963876,0.15725379998912103,0.2767957999894861,0.1100954000139609,0.023292700003366917,0.02440929997828789,0.023323700006585568,0.022060600022086874,0.0005172000091988593
0.5,Linear BTL,47,1170,,-123.13733535742821,1,10,2,8,,,,0.0017491000180598348,0.00779470000998117,0.0006210000137798488,0.20427139999810606,0.2470647000009194,0.18229640001663938,0.027906700008315966,0.029039100016234443,0.024512200005119666,0.03156889998354018,0.0009559000027365983
0.5,Linear BTL,48,1218,,-172.33503679059373,2,25,8,17,,,,0.0016943999798968434,0.00866449999739416,0.0006235999753698707,0.1738527999841608,0.2648846000083722,0.12818180001340806,0.023680000012973323,0.02876539999851957,0.03215710000949912,0.027316899999277666,0.0006182999932207167
0.5,Linear BTL,49,1267,,-144.42736233542186,3,11,1,10,,,,0.001619600021513179,0.005851399997482076,0.000519599998369813,0.16111060002003796,0.40947549999691546,0.12110749998828396,0.04595790000166744,0.04442399999243207,0.032244700007140636,0.03187700000125915,0.0009477999992668629
0.6,LP2 ($ 	heta $ Only),0,42,4.746851700669388e-05,,12,23,2,21,4.746851700669388e-05,53.333333333333336,46.666666666666664,0.003011199994944036,0.015408300008857623,0.0008860999951139092,0.15047140000388026,0.261278099991614,0.10133929998846725,0.023950999981025234,0.02539450000040233,0.022129599994514138,0.02715609999722801,0.0004589000018313527
0.6,LP2 ($ 	heta $ Only),1,43,5.113167727788472e-05,,5,15,0,15,5.1131677277884724e-05,53.333333333333336,46.666666666666664,0.001857499999459833,0.006679000012809411,0.00037659998633898795,0.1588280999858398,0.3574601000000257,0.11086909999721684,0.028668399987509474,0.029547999991336837,0.02373669997905381,0.024965499993413687,0.0009553999989293516
0.6,LP2 ($ 	heta $ Only),2,45,5.595168187786673e-05,,4,14,5,9,5.595168187786673e-05,40.0,60.0,0.0016399000014644116,0.00546270000631921,0.0003643000090960413,0.14153829999850132,0.26989849997335114,0.10273710000910796,0.031444599997485057,0.023965500004123896,0.020386200019856915,0.03678860000218265,0.0007017000170890242
0.6,LP2 ($ 	heta $ Only),3,48,6.683824757541495e-05,,9,17,6,11,6.683824757541493e-05,46.666666666666664,53.333333333333336,0.007035799993900582,0.017634600022574887,0.0008000000088941306,0.3823600999894552,0.23240809998242185,0.1380432000150904,0.02614580001682043,0.02161220001289621,0.02225690000341274,0.026783999986946583,0.001213999988976866
0.6,LP2 ($ 	heta $ Only),4,52,5.831194953015319e-05,,6,15,1,14,5.831194953015319e-05,46.666666666666664,53.333333333333336,0.001642499992158264,0.010798700008308515,0.0005777000042144209,0.18118240000330843,0.3171266999852378,0.11124420000123791,0.028001300001051277,0.029269799997564405,0.02244639999116771,0.02771500000380911,0.00048180000158026814
0.6,LP2 ($ 	heta $ Only),5,57,6.998646399083252e-05,,8,22,4,18,6.998646399083254e-05,53.333333333333336,46.666666666666664,0.0018869999912567437,0.006609100004425272,0.0012571999977808446,0.1589850000164006,0.2506682999955956,0.1099740999925416,0.02320650001638569,0.02372339999419637,0.01989230001345277,0.02034370001638308,0.00047560001257807016
0.6,LP2 ($ 	heta $ Only),6,63,5.6259062331080975e-05,,4,16,8,8,5.6259062331080975e-05,46.666666666666664,53.333333333333336,0.004662099992856383,0.00847189998603426,0.0003902000025846064,0.15017530001932755,0.30643219998455606,0.10292810000828467,0.025762500008568168,0.026317299983929843,0.024796399986371398,0.025913699995726347,0.0004883999936282635
0.6,LP2 ($ 	heta $ Only),7,70,5.384773764353892e-05,,8,17,4,13,5.384773764353892e-05,53.333333333333336,46.666666666666664,0.004784499993547797,0.010580499976640567,0.000579200015636161,0.1413394000264816,0.28917819997877814,0.0965637999761384,0.027082999993581325,0.026333100016927347,0.023547699995106086,0.024481600004946813,0.0009108000085689127
0.6,LP2 ($ 	heta $ Only),8,78,7.111575755082197e-05,,2,25,7,18,7.111575755082197e-05,53.333333333333336,46.666666666666664,0.0016168000001925975,0.007797600002959371,0.0003895999980159104,0.14932960001169704,0.367184200003976,0.10095779999392107,0.028780900000128895,0.023370399983832613,0.02102839999133721,0.02395599998999387,0.000500100024510175
0.6,LP2 ($ 	heta $ Only),9,87,3.555584150785525e-05,,10,17,1,16,3.555584150785525e-05,53.333333333333336,46.666666666666664,0.0016143000102601945,0.005545199994230643,0.00034089997643604875,0.15124169999035075,0.2548508000036236,0.09268400000291876,0.021897600003285334,0.02516489999834448,0.03713959999731742,0.03082030001678504,0.000906000001123175
0.6,LP2 ($ 	heta $ Only),10,97,3.2913489723662645e-05,,8,12,2,10,3.2913489723662645e-05,40.0,60.0,0.0038340000028256327,0.017870799987576902,0.001061699993442744,0.39282639999873936,0.34011720001581125,0.1641269999963697,0.03382680000504479,0.043143599992617965,0.024217600002884865,0.027155700023286045,0.0004735999973490834
0.6,LP2 ($ 	heta $ Only),11,108,4.09127248093487e-05,,4,10,1,9,4.09127248093487e-05,53.333333333333336,46.666666666666664,0.0018106999923475087,0.0061787000158801675,0.0010298000124748796,0.16241509999963455,0.25409609999042004,0.12458979999064468,0.03698539998731576,0.027007099997717887,0.0391273999994155,0.02945299999555573,0.0005277000018395483
0.6,LP2 ($ 	heta $ Only),12,120,6.016948683220297e-05,,12,19,4,15,6.016948683220297e-05,53.333333333333336,46.666666666666664,0.0023554000072181225,0.008792399981757626,0.0003680999798234552,0.1619823999935761,0.2333230999938678,0.13152299998910166,0.026258199999574572,0.02129240002250299,0.02307880000444129,0.02676489998702891,0.00045339998905546963
0.6,LP2 ($ 	heta $ Only),13,133,4.9244594445064385e-05,,4,13,4,9,4.9244594445064385e-05,40.0,60.0,0.0018656000029295683,0.010780599986901507,0.000454099994385615,0.15695659999619238,0.26227219999418594,0.1136601000034716,0.02446280000731349,0.02761999997892417,0.023163700010627508,0.021052900003269315,0.0005068999889772385
0.6,LP2 ($ 	heta $ Only),14,147,4.945554355236316e-05,,8,21,3,18,4.945554355236316e-05,46.666666666666664,53.333333333333336,0.004386799992062151,0.005525700020371005,0.00035600000410340726,0.1433303999947384,0.2547498999920208,0.15937479998683557,0.03211810000357218,0.026595700008329004,0.024835699994582683,0.03895139999804087,0.0019265000009909272
0.6,LP2 ($ 	heta $ Only),15,162,9.371479597366673e-05,,3,16,10,6,9.371479597366673e-05,60.0,40.0,0.0025231000036001205,0.005726199975470081,0.00038419998600147665,0.18863630000851117,0.36715730000287294,0.10508529999060556,0.023891400021966547,0.026398699992569163,0.025340899999719113,0.030034099996555597,0.0004953999887220562
0.6,LP2 ($ 	heta $ Only),16,178,7.716594658754985e-05,,14,13,2,11,7.716594658754985e-05,53.333333333333336,46.666666666666664,0.001864899997599423,0.009102199983317405,0.000360800011549145,0.15358300000661984,0.32828350001364015,0.1575023000186775,0.023392600007355213,0.028270799986785278,0.06987109998590313,0.10628420001012273,0.0006271000020205975
0.6,LP2 ($ 	heta $ Only),17,195,4.989641017639506e-05,,5,7,0,7,4.989641017639506e-05,53.333333333333336,46.666666666666664,0.005457100021885708,0.013182100025005639,0.0009916000126395375,0.15477130000363104,0.26328929999726824,0.10780990001512691,0.025943300017388538,0.02127880000625737,0.03007070001331158,0.026004199986346066,0.0005762999935541302
0.6,LP2 ($ 	heta $ Only),18,213,3.090450205372932e-05,,7,5,1,4,3.090450205372932e-05,26.666666666666668,73.33333333333333,0.003262299986090511,0.006471200002124533,0.0003687999851536006,0.17889860001741908,0.2852800999826286,0.13360039997496642,0.02513999998336658,0.023485299985622987,0.02105489998939447,0.02879939999547787,0.0004856999730691314
0.6,LP2 ($ 	heta $ Only),19,232,5.8459006796787055e-05,,2,30,7,23,5.8459006796787055e-05,46.666666666666664,53.333333333333336,0.0021545999916270375,0.009571500006131828,0.0006725999992340803,0.1526540000049863,0.40826349999406375,0.19336309999926016,0.046986800007289276,0.029333100013900548,0.02093229998718016,0.025043899979209527,0.0016234000213444233
0.6,LP2 ($ 	heta $ Only),20,252,6.239307374651741e-05,,22,25,3,22,6.239307374651741e-05,46.666666666666664,53.333333333333336,0.0035081999958492815,0.012632500001927838,0.0005649999948218465,0.2300043999857735,0.3204394000058528,0.11165790000814013,0.020083800016436726,0.019531700003426522,0.023134499992011115,0.02291160001186654,0.0004183999844826758
0.6,LP2 ($ 	heta $ Only),21,273,6.123642125803417e-05,,6,18,3,15,6.123642125803416e-05,53.333333333333336,46.666666666666664,0.0018484000174794346,0.010741300007794052,0.0008611000084783882,0.15081049999571405,0.2544071000011172,0.12064280000049621,0.022257500007981434,0.026403399999253452,0.022072000021580607,0.02993429999332875,0.0004903000080958009
0.6,LP2 ($ 	heta $ Only),22,295,5.89381136203155e-05,,5,23,11,12,5.893811362031549e-05,60.0,40.0,0.0023979000106919557,0.010928500007139519,0.000598000013269484,0.14483829998061992,0.2684115000010934,0.0874597999791149,0.024936399975558743,0.021189499995671213,0.022640100010903552,0.02605559999938123,0.001354500011075288
0.6,LP2 ($ 	heta $ Only),23,318,5.6907049787928055e-05,,3,11,2,9,5.690704978792806e-05,40.0,60.0,0.008158300013747066,0.010262600000714883,0.0015819999971427023,0.31097930000396445,0.2698949000041466,0.24552259998745285,0.06487839997862466,0.042496799986111,0.028725899988785386,0.025476699986029416,0.0016833999834489077
0.6,LP2 ($ 	heta $ Only),24,342,0.00012746480792346417,,8,29,4,25,0.00012746480792346417,60.0,40.0,0.002469700004439801,0.007409000012557954,0.0005979999841656536,0.16452440002467483,0.3052769000059925,0.09914469998329878,0.02653979999013245,0.02204780001193285,0.03120259998831898,0.024273899995023385,0.0014002000098116696
0.6,LP2 ($ 	heta $ Only),25,367,4.905893534665807e-05,,10,18,6,12,4.9058935346658074e-05,40.0,60.0,0.004197100002784282,0.005913400003919378,0.0003619000199250877,0.13194189997739159,0.2477626999898348,0.0893653999955859,0.025707599997986108,0.028339699987554923,0.025490600004559383,0.02579179999884218,0.0017686999926809222
0.6,LP2 ($ 	heta $ Only),26,393,6.702828685578294e-05,,9,21,7,14,6.702828685578294e-05,46.666666666666664,53.333333333333336,0.004264300019713119,0.007651499996427447,0.0014073000056669116,0.1782993999950122,0.2708190000266768,0.13949689999572001,0.0225131000042893,0.024930299987317994,0.022657599998638034,0.03036710000014864,0.0009071000094991177
0.6,LP2 ($ 	heta $ Only),27,420,4.5210676420984474e-05,,6,21,1,20,4.5210676420984474e-05,60.0,40.0,0.0016106000111903995,0.010482000012416393,0.0005304999940562993,0.14056540001183748,0.34082240000134334,0.11655079998308793,0.030332499998621643,0.02380190000985749,0.02001510001718998,0.019582000008085743,0.00047989998711273074
0.6,LP2 ($ 	heta $ Only),28,448,7.988304988320101e-05,,3,22,2,20,7.988304988320103e-05,53.333333333333336,46.666666666666664,0.004762900003697723,0.009068400016985834,0.0004093000025022775,0.19994290001341142,0.2589436999987811,0.09076279998407699,0.03112709999550134,0.028065000020433217,0.026141000009374693,0.027824999997392297,0.0004959000216331333
0.6,LP2 ($ 	heta $ Only),29,477,4.262709667755479e-05,,6,12,2,10,4.2627096677554786e-05,40.0,60.0,0.0024046000035014004,0.010748400003649294,0.0005970000056549907,0.18445060000522062,0.29601459999685176,0.15855439999722876,0.033169600006658584,0.030292600014945492,0.024991099984617904,0.025721700018038973,0.0009262000094167888
0.6,LP2 ($ 	heta $ Only),30,507,4.7195292810726727e-05,,5,16,0,16,4.7195292810726727e-05,40.0,60.0,0.0016189000161830336,0.008314299979247153,0.0005910999898333102,0.2548143999883905,0.41832940001040697,0.11313820001669228,0.023088300018571317,0.021189300023252144,0.023484400007873774,0.02422269998351112,0.0012302999966777861
0.6,LP2 ($ 	heta $ Only),31,538,6.396487185800831e-05,,0,19,5,14,6.396487185800831e-05,53.333333333333336,46.666666666666664,0.0018727999995462596,0.0054579999996349216,7.620002725161612e-05,0.16186549997655675,0.2694663000002038,0.09809370001312345,0.028851799987023696,0.0249232999922242,0.027538199996342883,0.02774600000702776,0.0005104999872855842
0.6,LP2 ($ 	heta $ Only),32,570,1.0065190328706022e-05,,8,4,0,4,1.0065190328706022e-05,13.333333333333334,86.66666666666667,0.004923500004224479,0.006347600021399558,0.0004070999857503921,0.18709650001255795,0.2920874999836087,0.15475529999821447,0.024600100005045533,0.02258099999744445,0.025746800005435944,0.03171110001858324,0.0013009999820496887
0.6,LP2 ($ 	heta $ Only),33,603,6.409248659475301e-05,,8,26,7,19,6.409248659475301e-05,53.333333333333336,46.666666666666664,0.006801699986681342,0.01650959998369217,0.0010279999987687916,0.18262490001507103,0.2575270000088494,0.0875870999880135,0.028939500014530495,0.028173399972729385,0.022448700008681044,0.02145090000703931,0.0009138000023085624
0.6,LP2 ($ 	heta $ Only),34,637,7.842128696140374e-05,,4,25,3,22,7.842128696140374e-05,46.666666666666664,53.333333333333336,0.0016033999854698777,0.0068097999901510775,0.00037299998803064227,0.2786333999829367,0.3987009999982547,0.1107833000132814,0.030513000005157664,0.03272610000567511,0.03215420001652092,0.03533489999244921,0.0010495999886188656
0.6,LP2 ($ 	heta $ Only),35,672,5.3536648954133565e-05,,9,21,4,17,5.3536648954133565e-05,46.666666666666664,53.333333333333336,0.004215599998133257,0.008266199991339818,0.0005598999850917608,0.14661609998438507,0.2771455000038259,0.12995790000422858,0.026490400021430105,0.024885899998480454,0.02417389999027364,0.024265300016850233,0.0015749000012874603
0.6,LP2 ($ 	heta $ Only),36,708,4.128497605677263e-05,,3,15,4,11,4.128497605677263e-05,46.666666666666664,53.333333333333336,0.005421100009698421,0.0058729000156745315,0.0004793000116478652,0.16544389998307452,0.2762728999950923,0.1296297999797389,0.025728799984790385,0.02193679998163134,0.02410410001175478,0.025729300017701462,0.0004964999970979989
0.6,LP2 ($ 	heta $ Only),37,745,2.7165790056015484e-05,,12,3,0,3,2.7165790056015484e-05,33.333333333333336,66.66666666666666,0.0018503000028431416,0.008139000012306497,0.0016428999952040613,0.4222200999793131,0.25760470001841895,0.14531809999607503,0.04088009998667985,0.039747800008626655,0.02763169998070225,0.024306100007379428,0.0008910000033210963
0.6,LP2 ($ 	heta $ Only),38,783,0.00012346769430400235,,3,30,8,22,0.00012346769430400235,60.0,40.0,0.0021720000077039003,0.009398099995451048,0.00038270000368356705,0.16307310000411235,0.3138897999888286,0.10543429999961518,0.025968900008592755,0.024891299981391057,0.0276290999900084,0.02577269999892451,0.0014647000061813742
0.6,LP2 ($ 	heta $ Only),39,822,8.76557932229189e-05,,9,20,4,16,8.765579322291888e-05,53.333333333333336,46.666666666666664,0.003487600013613701,0.006274399987887591,0.0003755000070668757,0.1289602999750059,0.3001012000022456,0.0790116999996826,0.03627559999586083,0.02359589998377487,0.026377800008049235,0.0296649000083562,0.0004692999937105924
0.6,LP2 ($ 	heta $ Only),40,862,5.432022036713793e-05,,13,16,5,11,5.432022036713793e-05,40.0,60.0,0.0018074999970849603,0.01118770000175573,0.00036800000816583633,0.150052200013306,0.24717950000194833,0.12062010000227019,0.023340100015047938,0.022214199998416007,0.023912500008009374,0.030211000004783273,0.0008658999868202955
0.6,LP2 ($ 	heta $ Only),41,903,4.5472392027098644e-05,,3,16,3,13,4.5472392027098644e-05,53.333333333333336,46.666666666666664,0.0016186000138986856,0.008764500002143905,0.0006120000034570694,0.32529199999407865,0.36636809998890385,0.0946064000017941,0.02377090000663884,0.02790919999824837,0.024818600009894,0.029924900009064004,0.0004937000048812479
0.6,LP2 ($ 	heta $ Only),42,945,4.764332294042473e-05,,6,14,3,11,4.764332294042473e-05,46.666666666666664,53.333333333333336,0.0016330000071320683,0.008859000023221597,0.0003958999877795577,0.13525740001932718,0.2679255999973975,0.08472620000247844,0.023365200002444908,0.02768100000685081,0.021380199992563576,0.02730289997998625,0.0004894000012427568
0.6,LP2 ($ 	heta $ Only),43,988,4.237942182221314e-05,,13,9,2,7,4.237942182221314e-05,33.333333333333336,66.66666666666666,0.0016242999990936369,0.008897199993953109,0.000592199998209253,0.20001459997729398,0.23087390000000596,0.10797859999001957,0.023014900012640283,0.024173000012524426,0.023298000014619902,0.02415029998519458,0.0004564999835565686
0.6,LP2 ($ 	heta $ Only),44,1032,5.9452571455882946e-05,,15,17,2,15,5.945257145588295e-05,46.666666666666664,53.333333333333336,0.004331299976911396,0.010428399982629344,0.0006250000151339918,0.14147529998444952,0.5618634999846108,0.11541769999894314,0.022273700014920905,0.031997500016586855,0.022953499981667846,0.02508510000188835,0.00044249999336898327
0.6,LP2 ($ 	heta $ Only),45,1077,7.37292095797043e-05,,3,9,1,8,7.37292095797043e-05,53.333333333333336,46.666666666666664,0.0018241000070702285,0.010407099995063618,0.0004116999916732311,0.15321830002358183,0.280840099992929,0.11075829999754205,0.02009480001288466,0.027432600007159635,0.02503750001778826,0.0378212999785319,0.000982900004601106
0.6,LP2 ($ 	heta $ Only),46,1123,6.017703087640007e-05,,0,34,5,29,6.0177030876400066e-05,60.0,40.0,0.0016232999914791435,0.0055118000018410385,6.970000686123967e-05,0.17079309999826364,0.3531432999880053,0.10741860000416636,0.022930299979634583,0.02909699999145232,0.02700809997622855,0.05667029999312945,0.0005209999799262732
0.6,LP2 ($ 	heta $ Only),47,1170,5.309371750942945e-05,,2,18,4,14,5.309371750942944e-05,53.333333333333336,46.666666666666664,0.001650199992582202,0.008331399993039668,0.0007915000023785979,0.17073460001847707,0.3073271000175737,0.2924281999876257,0.02782580000348389,0.032951800007140264,0.029255300003569573,0.04544419999001548,0.0015404000005219132
0.6,LP2 ($ 	heta $ Only),48,1218,8.70709361681015e-05,,5,18,5,13,8.707093616810149e-05,60.0,40.0,0.003986900002928451,0.011764399998355657,0.0005972000071778893,0.17839960000128485,0.2425072000187356,0.11312449999968521,0.022827400011010468,0.024044000019785017,0.022913799999514595,0.030428099998971447,0.00048619997687637806
0.6,LP2 ($ 	heta $ Only),49,1267,3.189379062874884e-05,,5,10,2,8,3.189379062874884e-05,33.333333333333336,66.66666666666666,0.0016075000166893005,0.009642099990742281,0.000653000024612993,0.2324283000198193,0.32505389998550527,0.15900919999694452,0.029367500013904646,0.025745000020833686,0.026233600015984848,0.02410579999559559,0.00097490000189282
0.6,LP3 ($ 	heta $ Only),0,42,0.0049706662220397446,,12,19,1,18,0.00028959042183125184,86.66666666666667,13.333333333333329,0.003011199994944036,0.015408300008857623,0.0008860999951139092,0.15047140000388026,0.261278099991614,0.10133929998846725,0.023950999981025234,0.02539450000040233,0.022129599994514138,0.02715609999722801,0.0004589000018313527
0.6,LP3 ($ 	heta $ Only),1,43,0.003210634978373741,,5,11,0,11,0.0002669209238433476,93.33333333333333,6.666666666666671,0.001857499999459833,0.006679000012809411,0.00037659998633898795,0.1588280999858398,0.3574601000000257,0.11086909999721684,0.028668399987509474,0.029547999991336837,0.02373669997905381,0.024965499993413687,0.0009553999989293516
0.6,LP3 ($ 	heta $ Only),2,45,0.0028412532172780395,,4,12,3,9,0.00022551096862155845,93.33333333333333,6.666666666666671,0.0016399000014644116,0.00546270000631921,0.0003643000090960413,0.14153829999850132,0.26989849997335114,0.10273710000910796,0.031444599997485057,0.023965500004123896,0.020386200019856915,0.03678860000218265,0.0007017000170890242
0.6,LP3 ($ 	heta $ Only),3,48,0.004429142194395917,,9,19,6,13,0.000316860512447989,86.66666666666667,13.333333333333329,0.007035799993900582,0.017634600022574887,0.0008000000088941306,0.3823600999894552,0.23240809998242185,0.1380432000150904,0.02614580001682043,0.02161220001289621,0.02225690000341274,0.026783999986946583,0.001213999988976866
0.6,LP3 ($ 	heta $ Only),4,52,0.003970298384144625,,6,15,2,13,0.0002847597088790997,93.33333333333333,6.666666666666671,0.001642499992158264,0.010798700008308515,0.0005777000042144209,0.18118240000330843,0.3171266999852378,0.11124420000123791,0.028001300001051277,0.029269799997564405,0.02244639999116771,0.02771500000380911,0.00048180000158026814
0.6,LP3 ($ 	heta $ Only),5,57,0.0054403024850234296,,8,21,4,17,0.0003945128034118219,86.66666666666667,13.333333333333329,0.0018869999912567437,0.006609100004425272,0.0012571999977808446,0.1589850000164006,0.2506682999955956,0.1099740999925416,0.02320650001638569,0.02372339999419637,0.01989230001345277,0.02034370001638308,0.00047560001257807016
0.6,LP3 ($ 	heta $ Only),6,63,0.003592022011667838,,4,14,6,8,0.0003291568075051139,93.33333333333333,6.666666666666671,0.004662099992856383,0.00847189998603426,0.0003902000025846064,0.15017530001932755,0.30643219998455606,0.10292810000828467,0.025762500008568168,0.026317299983929843,0.024796399986371398,0.025913699995726347,0.0004883999936282635
0.6,LP3 ($ 	heta $ Only),7,70,0.0036214287138666233,,8,15,2,13,0.00025300231519182013,80.0,20.0,0.004784499993547797,0.010580499976640567,0.000579200015636161,0.1413394000264816,0.28917819997877814,0.0965637999761384,0.027082999993581325,0.026333100016927347,0.023547699995106086,0.024481600004946813,0.0009108000085689127
0.6,LP3 ($ 	heta $ Only),8,78,0.00544772078191609,,2,19,5,14,0.000389173669198191,93.33333333333333,6.666666666666671,0.0016168000001925975,0.007797600002959371,0.0003895999980159104,0.14932960001169704,0.367184200003976,0.10095779999392107,0.028780900000128895,0.023370399983832613,0.02102839999133721,0.02395599998999387,0.000500100024510175
0.6,LP3 ($ 	heta $ Only),9,87,0.004049019887672034,,10,12,0,12,0.00031812572263510924,73.33333333333333,26.66666666666667,0.0016143000102601945,0.005545199994230643,0.00034089997643604875,0.15124169999035075,0.2548508000036236,0.09268400000291876,0.021897600003285334,0.02516489999834448,0.03713959999731742,0.03082030001678504,0.000906000001123175
0.6,LP3 ($ 	heta $ Only),10,97,0.00341519515048745,,8,12,1,11,0.00024964835710955427,86.66666666666667,13.333333333333329,0.0038340000028256327,0.017870799987576902,0.001061699993442744,0.39282639999873936,0.34011720001581125,0.1641269999963697,0.03382680000504479,0.043143599992617965,0.024217600002884865,0.027155700023286045,0.0004735999973490834
0.6,LP3 ($ 	heta $ Only),11,108,0.002871217797783084,,4,9,0,9,0.0002371313739061901,80.0,20.0,0.0018106999923475087,0.0061787000158801675,0.0010298000124748796,0.16241509999963455,0.25409609999042004,0.12458979999064468,0.03698539998731576,0.027007099997717887,0.0391273999994155,0.02945299999555573,0.0005277000018395483
0.6,LP3 ($ 	heta $ Only),12,120,0.004067045577214798,,12,17,3,14,0.00024265766916272262,93.33333333333333,6.666666666666671,0.0023554000072181225,0.008792399981757626,0.0003680999798234552,0.1619823999935761,0.2333230999938678,0.13152299998910166,0.026258199999574572,0.02129240002250299,0.02307880000444129,0.02676489998702891,0.00045339998905546963
0.6,LP3 ($ 	heta $ Only),13,133,0.0028830381214720547,,4,12,4,8,0.0002289634780097874,93.33333333333333,6.666666666666671,0.0018656000029295683,0.010780599986901507,0.000454099994385615,0.15695659999619238,0.26227219999418594,0.1136601000034716,0.02446280000731349,0.02761999997892417,0.023163700010627508,0.021052900003269315,0.0005068999889772385
0.6,LP3 ($ 	heta $ Only),14,147,0.005122002568776018,,8,21,3,18,0.00037142676181651406,93.33333333333333,6.666666666666671,0.004386799992062151,0.005525700020371005,0.00035600000410340726,0.1433303999947384,0.2547498999920208,0.15937479998683557,0.03211810000357218,0.026595700008329004,0.024835699994582683,0.03895139999804087,0.0019265000009909272
0.6,LP3 ($ 	heta $ Only),15,162,0.00481410538352526,,3,19,10,9,0.0004060562968817434,93.33333333333333,6.666666666666671,0.0025231000036001205,0.005726199975470081,0.00038419998600147665,0.18863630000851117,0.36715730000287294,0.10508529999060556,0.023891400021966547,0.026398699992569163,0.025340899999719113,0.030034099996555597,0.0004953999887220562
0.6,LP3 ($ 	heta $ Only),16,178,0.0031905595667918803,,14,11,2,9,0.00024287194123147256,80.0,20.0,0.001864899997599423,0.009102199983317405,0.000360800011549145,0.15358300000661984,0.32828350001364015,0.1575023000186775,0.023392600007355213,0.028270799986785278,0.06987109998590313,0.10628420001012273,0.0006271000020205975
0.6,LP3 ($ 	heta $ Only),17,195,0.0023945973531077466,,5,10,2,8,0.00018962748608754448,80.0,20.0,0.005457100021885708,0.013182100025005639,0.0009916000126395375,0.15477130000363104,0.26328929999726824,0.10780990001512691,0.025943300017388538,0.02127880000625737,0.03007070001331158,0.026004199986346066,0.0005762999935541302
0.6,LP3 ($ 	heta $ Only),18,213,0.001679200099102536,,7,6,1,5,0.0001054505479224931,66.66666666666667,33.33333333333333,0.003262299986090511,0.006471200002124533,0.0003687999851536006,0.17889860001741908,0.2852800999826286,0.13360039997496642,0.02513999998336658,0.023485299985622987,0.02105489998939447,0.02879939999547787,0.0004856999730691314
0.6,LP3 ($ 	heta $ Only),19,232,0.005736664649418486,,2,23,4,19,0.0004149049928041827,86.66666666666667,13.333333333333329,0.0021545999916270375,0.009571500006131828,0.0006725999992340803,0.1526540000049863,0.40826349999406375,0.19336309999926016,0.046986800007289276,0.029333100013900548,0.02093229998718016,0.025043899979209527,0.0016234000213444233
0.6,LP3 ($ 	heta $ Only),20,252,0.005652011292028096,,22,23,5,18,0.00023821529072116463,93.33333333333333,6.666666666666671,0.0035081999958492815,0.012632500001927838,0.0005649999948218465,0.2300043999857735,0.3204394000058528,0.11165790000814013,0.020083800016436726,0.019531700003426522,0.023134499992011115,0.02291160001186654,0.0004183999844826758
0.6,LP3 ($ 	heta $ Only),21,273,0.004140420378635733,,6,18,2,16,0.0003409189013753541,93.33333333333333,6.666666666666671,0.0018484000174794346,0.010741300007794052,0.0008611000084783882,0.15081049999571405,0.2544071000011172,0.12064280000049621,0.022257500007981434,0.026403399999253452,0.022072000021580607,0.02993429999332875,0.0004903000080958009
0.6,LP3 ($ 	heta $ Only),22,295,0.004946772766260258,,5,18,4,14,0.0003853556012608036,93.33333333333333,6.666666666666671,0.0023979000106919557,0.010928500007139519,0.000598000013269484,0.14483829998061992,0.2684115000010934,0.0874597999791149,0.024936399975558743,0.021189499995671213,0.022640100010903552,0.02605559999938123,0.001354500011075288
0.6,LP3 ($ 	heta $ Only),23,318,0.003706313980858303,,3,15,5,10,0.00029805572341060977,93.33333333333333,6.666666666666671,0.008158300013747066,0.010262600000714883,0.0015819999971427023,0.31097930000396445,0.2698949000041466,0.24552259998745285,0.06487839997862466,0.042496799986111,0.028725899988785386,0.025476699986029416,0.0016833999834489077
0.6,LP3 ($ 	heta $ Only),24,342,0.0065458183614252,,8,27,3,24,0.00038208155354352904,86.66666666666667,13.333333333333329,0.002469700004439801,0.007409000012557954,0.0005979999841656536,0.16452440002467483,0.3052769000059925,0.09914469998329878,0.02653979999013245,0.02204780001193285,0.03120259998831898,0.024273899995023385,0.0014002000098116696
0.6,LP3 ($ 	heta $ Only),25,367,0.0047356428476855224,,10,20,3,17,0.00032411772250235505,93.33333333333333,6.666666666666671,0.004197100002784282,0.005913400003919378,0.0003619000199250877,0.13194189997739159,0.2477626999898348,0.0893653999955859,0.025707599997986108,0.028339699987554923,0.025490600004559383,0.02579179999884218,0.0017686999926809222
0.6,LP3 ($ 	heta $ Only),26,393,0.005354785582417655,,9,26,7,19,0.00033035567952187356,86.66666666666667,13.333333333333329,0.004264300019713119,0.007651499996427447,0.0014073000056669116,0.1782993999950122,0.2708190000266768,0.13949689999572001,0.0225131000042893,0.024930299987317994,0.022657599998638034,0.03036710000014864,0.0009071000094991177
0.6,LP3 ($ 	heta $ Only),27,420,0.003438835897208735,,6,12,2,10,0.0002944341639220789,80.0,20.0,0.0016106000111903995,0.010482000012416393,0.0005304999940562993,0.14056540001183748,0.34082240000134334,0.11655079998308793,0.030332499998621643,0.02380190000985749,0.02001510001718998,0.019582000008085743,0.00047989998711273074
0.6,LP3 ($ 	heta $ Only),28,448,0.004664708617884851,,3,14,1,13,0.00037097606213939787,93.33333333333333,6.666666666666671,0.004762900003697723,0.009068400016985834,0.0004093000025022775,0.19994290001341142,0.2589436999987811,0.09076279998407699,0.03112709999550134,0.028065000020433217,0.026141000009374693,0.027824999997392297,0.0004959000216331333
0.6,LP3 ($ 	heta $ Only),29,477,0.0030654482099655884,,6,12,3,9,0.00018282457508307957,80.0,20.0,0.0024046000035014004,0.010748400003649294,0.0005970000056549907,0.18445060000522062,0.29601459999685176,0.15855439999722876,0.033169600006658584,0.030292600014945492,0.024991099984617904,0.025721700018038973,0.0009262000094167888
0.6,LP3 ($ 	heta $ Only),30,507,0.004295919578244926,,5,15,1,14,0.0004154046346512366,86.66666666666667,13.333333333333329,0.0016189000161830336,0.008314299979247153,0.0005910999898333102,0.2548143999883905,0.41832940001040697,0.11313820001669228,0.023088300018571317,0.021189300023252144,0.023484400007873774,0.02422269998351112,0.0012302999966777861
0.6,LP3 ($ 	heta $ Only),31,538,0.005612676441923476,,0,21,4,17,0.0004225778384850204,93.33333333333333,6.666666666666671,0.0018727999995462596,0.0054579999996349216,7.620002725161612e-05,0.16186549997655675,0.2694663000002038,0.09809370001312345,0.028851799987023696,0.0249232999922242,0.027538199996342883,0.02774600000702776,0.0005104999872855842
0.6,LP3 ($ 	heta $ Only),32,570,0.0009694457659924891,,8,3,0,3,6.673126177122728e-05,53.333333333333336,46.666666666666664,0.004923500004224479,0.006347600021399558,0.0004070999857503921,0.18709650001255795,0.2920874999836087,0.15475529999821447,0.024600100005045533,0.02258099999744445,0.025746800005435944,0.03171110001858324,0.0013009999820496887
0.6,LP3 ($ 	heta $ Only),33,603,0.005587673810319822,,8,25,6,19,0.00032224922859216325,93.33333333333333,6.666666666666671,0.006801699986681342,0.01650959998369217,0.0010279999987687916,0.18262490001507103,0.2575270000088494,0.0875870999880135,0.028939500014530495,0.028173399972729385,0.022448700008681044,0.02145090000703931,0.0009138000023085624
0.6,LP3 ($ 	heta $ Only),34,637,0.005970664608145043,,4,26,3,23,0.00047684946781421076,93.33333333333333,6.666666666666671,0.0016033999854698777,0.0068097999901510775,0.00037299998803064227,0.2786333999829367,0.3987009999982547,0.1107833000132814,0.030513000005157664,0.03272610000567511,0.03215420001652092,0.03533489999244921,0.0010495999886188656
0.6,LP3 ($ 	heta $ Only),35,672,0.004212366603485134,,9,16,2,14,0.0003651292094644918,93.33333333333333,6.666666666666671,0.004215599998133257,0.008266199991339818,0.0005598999850917608,0.14661609998438507,0.2771455000038259,0.12995790000422858,0.026490400021430105,0.024885899998480454,0.02417389999027364,0.024265300016850233,0.0015749000012874603
0.6,LP3 ($ 	heta $ Only),36,708,0.0037090310693880693,,3,16,3,13,0.0003844847776917282,93.33333333333333,6.666666666666671,0.005421100009698421,0.0058729000156745315,0.0004793000116478652,0.16544389998307452,0.2762728999950923,0.1296297999797389,0.025728799984790385,0.02193679998163134,0.02410410001175478,0.025729300017701462,0.0004964999970979989
0.6,LP3 ($ 	heta $ Only),37,745,0.0018212938266442785,,12,4,0,4,0.00016845731009488616,73.33333333333333,26.66666666666667,0.0018503000028431416,0.008139000012306497,0.0016428999952040613,0.4222200999793131,0.25760470001841895,0.14531809999607503,0.04088009998667985,0.039747800008626655,0.02763169998070225,0.024306100007379428,0.0008910000033210963
0.6,LP3 ($ 	heta $ Only),38,783,0.006657488600608923,,3,29,9,20,0.0004208257288292256,93.33333333333333,6.666666666666671,0.0021720000077039003,0.009398099995451048,0.00038270000368356705,0.16307310000411235,0.3138897999888286,0.10543429999961518,0.025968900008592755,0.024891299981391057,0.0276290999900084,0.02577269999892451,0.0014647000061813742
0.6,LP3 ($ 	heta $ Only),39,822,0.004975734650937054,,9,19,3,16,0.00025664151051024264,93.33333333333333,6.666666666666671,0.003487600013613701,0.006274399987887591,0.0003755000070668757,0.1289602999750059,0.3001012000022456,0.0790116999996826,0.03627559999586083,0.02359589998377487,0.026377800008049235,0.0296649000083562,0.0004692999937105924
0.6,LP3 ($ 	heta $ Only),40,862,0.003529298580077025,,13,17,3,14,0.00023097567220844482,80.0,20.0,0.0018074999970849603,0.01118770000175573,0.00036800000816583633,0.150052200013306,0.24717950000194833,0.12062010000227019,0.023340100015047938,0.022214199998416007,0.023912500008009374,0.030211000004783273,0.0008658999868202955
0.6,LP3 ($ 	heta $ Only),41,903,0.0037906611768439773,,3,12,1,11,0.0003380031279124716,86.66666666666667,13.333333333333329,0.0016186000138986856,0.008764500002143905,0.0006120000034570694,0.32529199999407865,0.36636809998890385,0.0946064000017941,0.02377090000663884,0.02790919999824837,0.024818600009894,0.029924900009064004,0.0004937000048812479
0.6,LP3 ($ 	heta $ Only),42,945,0.003771870765248838,,6,13,1,12,0.00039518512721574704,93.33333333333333,6.666666666666671,0.0016330000071320683,0.008859000023221597,0.0003958999877795577,0.13525740001932718,0.2679255999973975,0.08472620000247844,0.023365200002444908,0.02768100000685081,0.021380199992563576,0.02730289997998625,0.0004894000012427568
0.6,LP3 ($ 	heta $ Only),43,988,0.002189977557498026,,13,11,2,9,0.00013451142146468517,80.0,20.0,0.0016242999990936369,0.008897199993953109,0.000592199998209253,0.20001459997729398,0.23087390000000596,0.10797859999001957,0.023014900012640283,0.024173000012524426,0.023298000014619902,0.02415029998519458,0.0004564999835565686
0.6,LP3 ($ 	heta $ Only),44,1032,0.004079193484241539,,15,21,3,18,0.00024438706058047503,86.66666666666667,13.333333333333329,0.004331299976911396,0.010428399982629344,0.0006250000151339918,0.14147529998444952,0.5618634999846108,0.11541769999894314,0.022273700014920905,0.031997500016586855,0.022953499981667846,0.02508510000188835,0.00044249999336898327
0.6,LP3 ($ 	heta $ Only),45,1077,0.0033594304440633166,,3,11,2,9,0.0002626648981463091,93.33333333333333,6.666666666666671,0.0018241000070702285,0.010407099995063618,0.0004116999916732311,0.15321830002358183,0.280840099992929,0.11075829999754205,0.02009480001288466,0.027432600007159635,0.02503750001778826,0.0378212999785319,0.000982900004601106
0.6,LP3 ($ 	heta $ Only),46,1123,0.005349139511130896,,0,24,2,22,0.00044015821441663517,86.66666666666667,13.333333333333329,0.0016232999914791435,0.0055118000018410385,6.970000686123967e-05,0.17079309999826364,0.3531432999880053,0.10741860000416636,0.022930299979634583,0.02909699999145232,0.02700809997622855,0.05667029999312945,0.0005209999799262732
0.6,LP3 ($ 	heta $ Only),47,1170,0.0038869898724884413,,2,17,2,15,0.0003937870081012737,93.33333333333333,6.666666666666671,0.001650199992582202,0.008331399993039668,0.0007915000023785979,0.17073460001847707,0.3073271000175737,0.2924281999876257,0.02782580000348389,0.032951800007140264,0.029255300003569573,0.04544419999001548,0.0015404000005219132
0.6,LP3 ($ 	heta $ Only),48,1218,0.004710918193290679,,5,16,3,13,0.000318608971282008,93.33333333333333,6.666666666666671,0.003986900002928451,0.011764399998355657,0.0005972000071778893,0.17839960000128485,0.2425072000187356,0.11312449999968521,0.022827400011010468,0.024044000019785017,0.022913799999514595,0.030428099998971447,0.00048619997687637806
0.6,LP3 ($ 	heta $ Only),49,1267,0.0011320352779721286,,5,5,2,3,8.369198632333843e-05,33.333333333333336,66.66666666666666,0.0016075000166893005,0.009642099990742281,0.000653000024612993,0.2324283000198193,0.32505389998550527,0.15900919999694452,0.029367500013904646,0.025745000020833686,0.026233600015984848,0.02410579999559559,0.00097490000189282
0.6,Weighted LP3 ($ 	heta $ Only),0,42,0.0035291845291196677,,12,19,1,18,0.00028059815179465894,86.66666666666667,13.333333333333329,0.003011199994944036,0.015408300008857623,0.0008860999951139092,0.15047140000388026,0.261278099991614,0.10133929998846725,0.023950999981025234,0.02539450000040233,0.022129599994514138,0.02715609999722801,0.0004589000018313527
0.6,Weighted LP3 ($ 	heta $ Only),1,43,0.0023072732794115914,,5,10,0,10,0.00026078349348543253,93.33333333333333,6.666666666666671,0.001857499999459833,0.006679000012809411,0.00037659998633898795,0.1588280999858398,0.3574601000000257,0.11086909999721684,0.028668399987509474,0.029547999991336837,0.02373669997905381,0.024965499993413687,0.0009553999989293516
0.6,Weighted LP3 ($ 	heta $ Only),2,45,0.002214076234866682,,4,12,3,9,0.0002088230227004431,93.33333333333333,6.666666666666671,0.0016399000014644116,0.00546270000631921,0.0003643000090960413,0.14153829999850132,0.26989849997335114,0.10273710000910796,0.031444599997485057,0.023965500004123896,0.020386200019856915,0.03678860000218265,0.0007017000170890242
0.6,Weighted LP3 ($ 	heta $ Only),3,48,0.0034485152514941338,,9,19,6,13,0.0003092531862921528,86.66666666666667,13.333333333333329,0.007035799993900582,0.017634600022574887,0.0008000000088941306,0.3823600999894552,0.23240809998242185,0.1380432000150904,0.02614580001682043,0.02161220001289621,0.02225690000341274,0.026783999986946583,0.001213999988976866
0.6,Weighted LP3 ($ 	heta $ Only),4,52,0.0028555296820380986,,6,15,1,14,0.0002659163387673316,93.33333333333333,6.666666666666671,0.001642499992158264,0.010798700008308515,0.0005777000042144209,0.18118240000330843,0.3171266999852378,0.11124420000123791,0.028001300001051277,0.029269799997564405,0.02244639999116771,0.02771500000380911,0.00048180000158026814
0.6,Weighted LP3 ($ 	heta $ Only),5,57,0.004124753371999973,,8,22,4,18,0.0003914568959266912,86.66666666666667,13.333333333333329,0.0018869999912567437,0.006609100004425272,0.0012571999977808446,0.1589850000164006,0.2506682999955956,0.1099740999925416,0.02320650001638569,0.02372339999419637,0.01989230001345277,0.02034370001638308,0.00047560001257807016
0.6,Weighted LP3 ($ 	heta $ Only),6,63,0.0029519953259467924,,4,15,7,8,0.00032267463458476745,93.33333333333333,6.666666666666671,0.004662099992856383,0.00847189998603426,0.0003902000025846064,0.15017530001932755,0.30643219998455606,0.10292810000828467,0.025762500008568168,0.026317299983929843,0.024796399986371398,0.025913699995726347,0.0004883999936282635
0.6,Weighted LP3 ($ 	heta $ Only),7,70,0.002748367712175714,,8,13,2,11,0.0002493975752228113,80.0,20.0,0.004784499993547797,0.010580499976640567,0.000579200015636161,0.1413394000264816,0.28917819997877814,0.0965637999761384,0.027082999993581325,0.026333100016927347,0.023547699995106086,0.024481600004946813,0.0009108000085689127
0.6,Weighted LP3 ($ 	heta $ Only),8,78,0.004150741052013769,,2,20,4,16,0.0003809371837935021,93.33333333333333,6.666666666666671,0.0016168000001925975,0.007797600002959371,0.0003895999980159104,0.14932960001169704,0.367184200003976,0.10095779999392107,0.028780900000128895,0.023370399983832613,0.02102839999133721,0.02395599998999387,0.000500100024510175
0.6,Weighted LP3 ($ 	heta $ Only),9,87,0.002839299431649704,,10,13,0,13,0.0003171935628484982,73.33333333333333,26.66666666666667,0.0016143000102601945,0.005545199994230643,0.00034089997643604875,0.15124169999035075,0.2548508000036236,0.09268400000291876,0.021897600003285334,0.02516489999834448,0.03713959999731742,0.03082030001678504,0.000906000001123175
0.6,Weighted LP3 ($ 	heta $ Only),10,97,0.0024175795461231658,,8,14,1,13,0.00025675721073997764,86.66666666666667,13.333333333333329,0.0038340000028256327,0.017870799987576902,0.001061699993442744,0.39282639999873936,0.34011720001581125,0.1641269999963697,0.03382680000504479,0.043143599992617965,0.024217600002884865,0.027155700023286045,0.0004735999973490834
0.6,Weighted LP3 ($ 	heta $ Only),11,108,0.0020019708955652366,,4,8,0,8,0.0002361034352505308,86.66666666666667,13.333333333333329,0.0018106999923475087,0.0061787000158801675,0.0010298000124748796,0.16241509999963455,0.25409609999042004,0.12458979999064468,0.03698539998731576,0.027007099997717887,0.0391273999994155,0.02945299999555573,0.0005277000018395483
0.6,Weighted LP3 ($ 	heta $ Only),12,120,0.003016664054345386,,12,16,2,14,0.00022858283302158245,93.33333333333333,6.666666666666671,0.0023554000072181225,0.008792399981757626,0.0003680999798234552,0.1619823999935761,0.2333230999938678,0.13152299998910166,0.026258199999574572,0.02129240002250299,0.02307880000444129,0.02676489998702891,0.00045339998905546963
0.6,Weighted LP3 ($ 	heta $ Only),13,133,0.0022783682395245653,,4,11,4,7,0.00022545641098679553,93.33333333333333,6.666666666666671,0.0018656000029295683,0.010780599986901507,0.000454099994385615,0.15695659999619238,0.26227219999418594,0.1136601000034716,0.02446280000731349,0.02761999997892417,0.023163700010627508,0.021052900003269315,0.0005068999889772385
0.6,Weighted LP3 ($ 	heta $ Only),14,147,0.003762832627393572,,8,21,3,18,0.0003679848201388368,93.33333333333333,6.666666666666671,0.004386799992062151,0.005525700020371005,0.00035600000410340726,0.1433303999947384,0.2547498999920208,0.15937479998683557,0.03211810000357218,0.026595700008329004,0.024835699994582683,0.03895139999804087,0.0019265000009909272
0.6,Weighted LP3 ($ 	heta $ Only),15,162,0.004115619882682995,,3,19,10,9,0.00040637715395277645,93.33333333333333,6.666666666666671,0.0025231000036001205,0.005726199975470081,0.00038419998600147665,0.18863630000851117,0.36715730000287294,0.10508529999060556,0.023891400021966547,0.026398699992569163,0.025340899999719113,0.030034099996555597,0.0004953999887220562
0.6,Weighted LP3 ($ 	heta $ Only),16,178,0.002381063547337438,,14,11,2,9,0.00023923278133779747,66.66666666666667,33.33333333333333,0.001864899997599423,0.009102199983317405,0.000360800011549145,0.15358300000661984,0.32828350001364015,0.1575023000186775,0.023392600007355213,0.028270799986785278,0.06987109998590313,0.10628420001012273,0.0006271000020205975
0.6,Weighted LP3 ($ 	heta $ Only),17,195,0.0017706408508076621,,5,11,2,9,0.00018881190446438153,80.0,20.0,0.005457100021885708,0.013182100025005639,0.0009916000126395375,0.15477130000363104,0.26328929999726824,0.10780990001512691,0.025943300017388538,0.02127880000625737,0.03007070001331158,0.026004199986346066,0.0005762999935541302
0.6,Weighted LP3 ($ 	heta $ Only),18,213,0.0012115510598602749,,7,6,1,5,9.88225495340743e-05,60.0,40.0,0.003262299986090511,0.006471200002124533,0.0003687999851536006,0.17889860001741908,0.2852800999826286,0.13360039997496642,0.02513999998336658,0.023485299985622987,0.02105489998939447,0.02879939999547787,0.0004856999730691314
0.6,Weighted LP3 ($ 	heta $ Only),19,232,0.00421253300377979,,2,22,2,20,0.00040353952151402377,86.66666666666667,13.333333333333329,0.0021545999916270375,0.009571500006131828,0.0006725999992340803,0.1526540000049863,0.40826349999406375,0.19336309999926016,0.046986800007289276,0.029333100013900548,0.02093229998718016,0.025043899979209527,0.0016234000213444233
0.6,Weighted LP3 ($ 	heta $ Only),20,252,0.004176891663925413,,22,27,4,23,0.00023650079416112055,93.33333333333333,6.666666666666671,0.0035081999958492815,0.012632500001927838,0.0005649999948218465,0.2300043999857735,0.3204394000058528,0.11165790000814013,0.020083800016436726,0.019531700003426522,0.023134499992011115,0.02291160001186654,0.0004183999844826758
0.6,Weighted LP3 ($ 	heta $ Only),21,273,0.003033165794063531,,6,16,2,14,0.0003240159508598297,86.66666666666667,13.333333333333329,0.0018484000174794346,0.010741300007794052,0.0008611000084783882,0.15081049999571405,0.2544071000011172,0.12064280000049621,0.022257500007981434,0.026403399999253452,0.022072000021580607,0.02993429999332875,0.0004903000080958009
0.6,Weighted LP3 ($ 	heta $ Only),22,295,0.0037461582947936906,,5,17,3,14,0.00038348387141276514,93.33333333333333,6.666666666666671,0.0023979000106919557,0.010928500007139519,0.000598000013269484,0.14483829998061992,0.2684115000010934,0.0874597999791149,0.024936399975558743,0.021189499995671213,0.022640100010903552,0.02605559999938123,0.001354500011075288
0.6,Weighted LP3 ($ 	heta $ Only),23,318,0.0028783837426790133,,3,14,4,10,0.0002904871664405681,93.33333333333333,6.666666666666671,0.008158300013747066,0.010262600000714883,0.0015819999971427023,0.31097930000396445,0.2698949000041466,0.24552259998745285,0.06487839997862466,0.042496799986111,0.028725899988785386,0.025476699986029416,0.0016833999834489077
0.6,Weighted LP3 ($ 	heta $ Only),24,342,0.004796077306402704,,8,26,3,23,0.0003742371613934542,93.33333333333333,6.666666666666671,0.002469700004439801,0.007409000012557954,0.0005979999841656536,0.16452440002467483,0.3052769000059925,0.09914469998329878,0.02653979999013245,0.02204780001193285,0.03120259998831898,0.024273899995023385,0.0014002000098116696
0.6,Weighted LP3 ($ 	heta $ Only),25,367,0.0035623868560426164,,10,19,5,14,0.0003050274610014963,93.33333333333333,6.666666666666671,0.004197100002784282,0.005913400003919378,0.0003619000199250877,0.13194189997739159,0.2477626999898348,0.0893653999955859,0.025707599997986108,0.028339699987554923,0.025490600004559383,0.02579179999884218,0.0017686999926809222
0.6,Weighted LP3 ($ 	heta $ Only),26,393,0.004171255274707095,,9,25,7,18,0.00033038767396721105,86.66666666666667,13.333333333333329,0.004264300019713119,0.007651499996427447,0.0014073000056669116,0.1782993999950122,0.2708190000266768,0.13949689999572001,0.0225131000042893,0.024930299987317994,0.022657599998638034,0.03036710000014864,0.0009071000094991177
0.6,Weighted LP3 ($ 	heta $ Only),27,420,0.002542249776608352,,6,12,2,10,0.00026781592312625515,93.33333333333333,6.666666666666671,0.0016106000111903995,0.010482000012416393,0.0005304999940562993,0.14056540001183748,0.34082240000134334,0.11655079998308793,0.030332499998621643,0.02380190000985749,0.02001510001718998,0.019582000008085743,0.00047989998711273074
0.6,Weighted LP3 ($ 	heta $ Only),28,448,0.003458946281000554,,3,15,1,14,0.0003685118232017755,93.33333333333333,6.666666666666671,0.004762900003697723,0.009068400016985834,0.0004093000025022775,0.19994290001341142,0.2589436999987811,0.09076279998407699,0.03112709999550134,0.028065000020433217,0.026141000009374693,0.027824999997392297,0.0004959000216331333
0.6,Weighted LP3 ($ 	heta $ Only),29,477,0.0022632969636328672,,6,11,2,9,0.00017141108327845388,86.66666666666667,13.333333333333329,0.0024046000035014004,0.010748400003649294,0.0005970000056549907,0.18445060000522062,0.29601459999685176,0.15855439999722876,0.033169600006658584,0.030292600014945492,0.024991099984617904,0.025721700018038973,0.0009262000094167888
0.6,Weighted LP3 ($ 	heta $ Only),30,507,0.0031156238399300865,,5,18,1,17,0.0004082777826473172,80.0,20.0,0.0016189000161830336,0.008314299979247153,0.0005910999898333102,0.2548143999883905,0.41832940001040697,0.11313820001669228,0.023088300018571317,0.021189300023252144,0.023484400007873774,0.02422269998351112,0.0012302999966777861
0.6,Weighted LP3 ($ 	heta $ Only),31,538,0.004243361160048044,,0,21,5,16,0.0004179126252887304,93.33333333333333,6.666666666666671,0.0018727999995462596,0.0054579999996349216,7.620002725161612e-05,0.16186549997655675,0.2694663000002038,0.09809370001312345,0.028851799987023696,0.0249232999922242,0.027538199996342883,0.02774600000702776,0.0005104999872855842
0.6,Weighted LP3 ($ 	heta $ Only),32,570,0.0006685409312520684,,8,3,0,3,6.673126177122728e-05,53.333333333333336,46.666666666666664,0.004923500004224479,0.006347600021399558,0.0004070999857503921,0.18709650001255795,0.2920874999836087,0.15475529999821447,0.024600100005045533,0.02258099999744445,0.025746800005435944,0.03171110001858324,0.0013009999820496887
0.6,Weighted LP3 ($ 	heta $ Only),33,603,0.004236948447030523,,8,22,5,17,0.00032331268149932445,93.33333333333333,6.666666666666671,0.006801699986681342,0.01650959998369217,0.0010279999987687916,0.18262490001507103,0.2575270000088494,0.0875870999880135,0.028939500014530495,0.028173399972729385,0.022448700008681044,0.02145090000703931,0.0009138000023085624
0.6,Weighted LP3 ($ 	heta $ Only),34,637,0.004336727792725923,,4,25,3,22,0.0004760908224400024,93.33333333333333,6.666666666666671,0.0016033999854698777,0.0068097999901510775,0.00037299998803064227,0.2786333999829367,0.3987009999982547,0.1107833000132814,0.030513000005157664,0.03272610000567511,0.03215420001652092,0.03533489999244921,0.0010495999886188656
0.6,Weighted LP3 ($ 	heta $ Only),35,672,0.0031145008764351233,,9,16,2,14,0.00036312636214591847,86.66666666666667,13.333333333333329,0.004215599998133257,0.008266199991339818,0.0005598999850917608,0.14661609998438507,0.2771455000038259,0.12995790000422858,0.026490400021430105,0.024885899998480454,0.02417389999027364,0.024265300016850233,0.0015749000012874603
0.6,Weighted LP3 ($ 	heta $ Only),36,708,0.0027744489944518946,,3,11,1,10,0.0003355982014976311,93.33333333333333,6.666666666666671,0.005421100009698421,0.0058729000156745315,0.0004793000116478652,0.16544389998307452,0.2762728999950923,0.1296297999797389,0.025728799984790385,0.02193679998163134,0.02410410001175478,0.025729300017701462,0.0004964999970979989
0.6,Weighted LP3 ($ 	heta $ Only),37,745,0.0012695456455291748,,12,4,0,4,0.0001657452858993528,60.0,40.0,0.0018503000028431416,0.008139000012306497,0.0016428999952040613,0.4222200999793131,0.25760470001841895,0.14531809999607503,0.04088009998667985,0.039747800008626655,0.02763169998070225,0.024306100007379428,0.0008910000033210963
0.6,Weighted LP3 ($ 	heta $ Only),38,783,0.005117959219252343,,3,31,9,22,0.0004146843429532379,93.33333333333333,6.666666666666671,0.0021720000077039003,0.009398099995451048,0.00038270000368356705,0.16307310000411235,0.3138897999888286,0.10543429999961518,0.025968900008592755,0.024891299981391057,0.0276290999900084,0.02577269999892451,0.0014647000061813742
0.6,Weighted LP3 ($ 	heta $ Only),39,822,0.003713591882706399,,9,17,3,14,0.00026044559535529847,93.33333333333333,6.666666666666671,0.003487600013613701,0.006274399987887591,0.0003755000070668757,0.1289602999750059,0.3001012000022456,0.0790116999996826,0.03627559999586083,0.02359589998377487,0.026377800008049235,0.0296649000083562,0.0004692999937105924
0.6,Weighted LP3 ($ 	heta $ Only),40,862,0.0026644148801370435,,13,14,3,11,0.00020457662201610782,80.0,20.0,0.0018074999970849603,0.01118770000175573,0.00036800000816583633,0.150052200013306,0.24717950000194833,0.12062010000227019,0.023340100015047938,0.022214199998416007,0.023912500008009374,0.030211000004783273,0.0008658999868202955
0.6,Weighted LP3 ($ 	heta $ Only),41,903,0.0027240494847714436,,3,12,1,11,0.0003296854753759661,86.66666666666667,13.333333333333329,0.0016186000138986856,0.008764500002143905,0.0006120000034570694,0.32529199999407865,0.36636809998890385,0.0946064000017941,0.02377090000663884,0.02790919999824837,0.024818600009894,0.029924900009064004,0.0004937000048812479
0.6,Weighted LP3 ($ 	heta $ Only),42,945,0.002799855504968106,,6,14,1,13,0.0003919547812432489,93.33333333333333,6.666666666666671,0.0016330000071320683,0.008859000023221597,0.0003958999877795577,0.13525740001932718,0.2679255999973975,0.08472620000247844,0.023365200002444908,0.02768100000685081,0.021380199992563576,0.02730289997998625,0.0004894000012427568
0.6,Weighted LP3 ($ 	heta $ Only),43,988,0.0016557039934525734,,13,11,2,9,0.00014082829602191498,80.0,20.0,0.0016242999990936369,0.008897199993953109,0.000592199998209253,0.20001459997729398,0.23087390000000596,0.10797859999001957,0.023014900012640283,0.024173000012524426,0.023298000014619902,0.02415029998519458,0.0004564999835565686
0.6,Weighted LP3 ($ 	heta $ Only),44,1032,0.0029876834730951677,,15,20,2,18,0.0002489173636039488,86.66666666666667,13.333333333333329,0.004331299976911396,0.010428399982629344,0.0006250000151339918,0.14147529998444952,0.5618634999846108,0.11541769999894314,0.022273700014920905,0.031997500016586855,0.022953499981667846,0.02508510000188835,0.00044249999336898327
0.6,Weighted LP3 ($ 	heta $ Only),45,1077,0.002551599680509435,,3,11,2,9,0.00025703277651538045,80.0,20.0,0.0018241000070702285,0.010407099995063618,0.0004116999916732311,0.15321830002358183,0.280840099992929,0.11075829999754205,0.02009480001288466,0.027432600007159635,0.02503750001778826,0.0378212999785319,0.000982900004601106
0.6,Weighted LP3 ($ 	heta $ Only),46,1123,0.003818287665611691,,0,24,2,22,0.0004378770857003851,93.33333333333333,6.666666666666671,0.0016232999914791435,0.0055118000018410385,6.970000686123967e-05,0.17079309999826364,0.3531432999880053,0.10741860000416636,0.022930299979634583,0.02909699999145232,0.02700809997622855,0.05667029999312945,0.0005209999799262732
0.6,Weighted LP3 ($ 	heta $ Only),47,1170,0.0028798683052366127,,2,16,1,15,0.0003802855924348609,93.33333333333333,6.666666666666671,0.001650199992582202,0.008331399993039668,0.0007915000023785979,0.17073460001847707,0.3073271000175737,0.2924281999876257,0.02782580000348389,0.032951800007140264,0.029255300003569573,0.04544419999001548,0.0015404000005219132
0.6,Weighted LP3 ($ 	heta $ Only),48,1218,0.003559992794945177,,5,17,2,15,0.00031617390456821856,86.66666666666667,13.333333333333329,0.003986900002928451,0.011764399998355657,0.0005972000071778893,0.17839960000128485,0.2425072000187356,0.11312449999968521,0.022827400011010468,0.024044000019785017,0.022913799999514595,0.030428099998971447,0.00048619997687637806
0.6,Weighted LP3 ($ 	heta $ Only),49,1267,0.0009033419185558965,,5,5,2,3,8.44470423651317e-05,46.666666666666664,53.333333333333336,0.0016075000166893005,0.009642099990742281,0.000653000024612993,0.2324283000198193,0.32505389998550527,0.15900919999694452,0.029367500013904646,0.025745000020833686,0.026233600015984848,0.02410579999559559,0.00097490000189282
0.6,Borda LP3 ($ 	heta $ Only),0,42,0.004204551772628806,,12,21,1,20,0.00027214867167762123,86.66666666666667,13.333333333333329,0.003011199994944036,0.015408300008857623,0.0008860999951139092,0.15047140000388026,0.261278099991614,0.10133929998846725,0.023950999981025234,0.02539450000040233,0.022129599994514138,0.02715609999722801,0.0004589000018313527
0.6,Borda LP3 ($ 	heta $ Only),1,43,0.002025816834812033,,5,11,1,10,0.00021656422162206964,80.0,20.0,0.001857499999459833,0.006679000012809411,0.00037659998633898795,0.1588280999858398,0.3574601000000257,0.11086909999721684,0.028668399987509474,0.029547999991336837,0.02373669997905381,0.024965499993413687,0.0009553999989293516
0.6,Borda LP3 ($ 	heta $ Only),2,45,0.0024890417187091274,,4,11,3,8,0.00018559071910665694,86.66666666666667,13.333333333333329,0.0016399000014644116,0.00546270000631921,0.0003643000090960413,0.14153829999850132,0.26989849997335114,0.10273710000910796,0.031444599997485057,0.023965500004123896,0.020386200019856915,0.03678860000218265,0.0007017000170890242
0.6,Borda LP3 ($ 	heta $ Only),3,48,0.004429142194395917,,9,19,6,13,0.000316860512447989,86.66666666666667,13.333333333333329,0.007035799993900582,0.017634600022574887,0.0008000000088941306,0.3823600999894552,0.23240809998242185,0.1380432000150904,0.02614580001682043,0.02161220001289621,0.02225690000341274,0.026783999986946583,0.001213999988976866
0.6,Borda LP3 ($ 	heta $ Only),4,52,0.0028258620179091648,,6,14,3,11,0.00025663695956310305,93.33333333333333,6.666666666666671,0.001642499992158264,0.010798700008308515,0.0005777000042144209,0.18118240000330843,0.3171266999852378,0.11124420000123791,0.028001300001051277,0.029269799997564405,0.02244639999116771,0.02771500000380911,0.00048180000158026814
0.6,Borda LP3 ($ 	heta $ Only),5,57,0.004172770002455181,,8,21,3,18,0.0003793282749468062,86.66666666666667,13.333333333333329,0.0018869999912567437,0.006609100004425272,0.0012571999977808446,0.1589850000164006,0.2506682999955956,0.1099740999925416,0.02320650001638569,0.02372339999419637,0.01989230001345277,0.02034370001638308,0.00047560001257807016
0.6,Borda LP3 ($ 	heta $ Only),6,63,0.003419461217527642,,4,16,8,8,0.0003221000096487404,93.33333333333333,6.666666666666671,0.004662099992856383,0.00847189998603426,0.0003902000025846064,0.15017530001932755,0.30643219998455606,0.10292810000828467,0.025762500008568168,0.026317299983929843,0.024796399986371398,0.025913699995726347,0.0004883999936282635
0.6,Borda LP3 ($ 	heta $ Only),7,70,0.0032838419745715107,,8,15,2,13,0.000254226118386849,80.0,20.0,0.004784499993547797,0.010580499976640567,0.000579200015636161,0.1413394000264816,0.28917819997877814,0.0965637999761384,0.027082999993581325,0.026333100016927347,0.023547699995106086,0.024481600004946813,0.0009108000085689127
0.6,Borda LP3 ($ 	heta $ Only),8,78,0.005044206433669555,,2,17,3,14,0.000389083358326999,93.33333333333333,6.666666666666671,0.0016168000001925975,0.007797600002959371,0.0003895999980159104,0.14932960001169704,0.367184200003976,0.10095779999392107,0.028780900000128895,0.023370399983832613,0.02102839999133721,0.02395599998999387,0.000500100024510175
0.6,Borda LP3 ($ 	heta $ Only),9,87,0.0029631067403066654,,10,17,0,17,0.0003092903033181787,93.33333333333333,6.666666666666671,0.0016143000102601945,0.005545199994230643,0.00034089997643604875,0.15124169999035075,0.2548508000036236,0.09268400000291876,0.021897600003285334,0.02516489999834448,0.03713959999731742,0.03082030001678504,0.000906000001123175
0.6,Borda LP3 ($ 	heta $ Only),10,97,0.00341519515048745,,8,12,1,11,0.00024964835710955427,86.66666666666667,13.333333333333329,0.0038340000028256327,0.017870799987576902,0.001061699993442744,0.39282639999873936,0.34011720001581125,0.1641269999963697,0.03382680000504479,0.043143599992617965,0.024217600002884865,0.027155700023286045,0.0004735999973490834
0.6,Borda LP3 ($ 	heta $ Only),11,108,0.002549987275615721,,4,7,0,7,0.0002319289940708176,86.66666666666667,13.333333333333329,0.0018106999923475087,0.0061787000158801675,0.0010298000124748796,0.16241509999963455,0.25409609999042004,0.12458979999064468,0.03698539998731576,0.027007099997717887,0.0391273999994155,0.02945299999555573,0.0005277000018395483
0.6,Borda LP3 ($ 	heta $ Only),12,120,0.00339347069616292,,12,16,2,14,0.00022773988962869802,93.33333333333333,6.666666666666671,0.0023554000072181225,0.008792399981757626,0.0003680999798234552,0.1619823999935761,0.2333230999938678,0.13152299998910166,0.026258199999574572,0.02129240002250299,0.02307880000444129,0.02676489998702891,0.00045339998905546963
0.6,Borda LP3 ($ 	heta $ Only),13,133,0.002532395751751059,,4,11,2,9,0.000236505083213363,93.33333333333333,6.666666666666671,0.0018656000029295683,0.010780599986901507,0.000454099994385615,0.15695659999619238,0.26227219999418594,0.1136601000034716,0.02446280000731349,0.02761999997892417,0.023163700010627508,0.021052900003269315,0.0005068999889772385
0.6,Borda LP3 ($ 	heta $ Only),14,147,0.004699376047273281,,8,22,4,18,0.00037445028547657144,93.33333333333333,6.666666666666671,0.004386799992062151,0.005525700020371005,0.00035600000410340726,0.1433303999947384,0.2547498999920208,0.15937479998683557,0.03211810000357218,0.026595700008329004,0.024835699994582683,0.03895139999804087,0.0019265000009909272
0.6,Borda LP3 ($ 	heta $ Only),15,162,0.004520727579706484,,3,19,11,8,0.00039937059360986555,93.33333333333333,6.666666666666671,0.0025231000036001205,0.005726199975470081,0.00038419998600147665,0.18863630000851117,0.36715730000287294,0.10508529999060556,0.023891400021966547,0.026398699992569163,0.025340899999719113,0.030034099996555597,0.0004953999887220562
0.6,Borda LP3 ($ 	heta $ Only),16,178,0.0027227517910008757,,14,13,2,11,0.00023657030142707023,80.0,20.0,0.001864899997599423,0.009102199983317405,0.000360800011549145,0.15358300000661984,0.32828350001364015,0.1575023000186775,0.023392600007355213,0.028270799986785278,0.06987109998590313,0.10628420001012273,0.0006271000020205975
0.6,Borda LP3 ($ 	heta $ Only),17,195,0.0023945973531077466,,5,10,2,8,0.00018962748608754448,80.0,20.0,0.005457100021885708,0.013182100025005639,0.0009916000126395375,0.15477130000363104,0.26328929999726824,0.10780990001512691,0.025943300017388538,0.02127880000625737,0.03007070001331158,0.026004199986346066,0.0005762999935541302
0.6,Borda LP3 ($ 	heta $ Only),18,213,0.0009033321330334521,,7,5,1,4,0.00010262701323255594,46.666666666666664,53.333333333333336,0.003262299986090511,0.006471200002124533,0.0003687999851536006,0.17889860001741908,0.2852800999826286,0.13360039997496642,0.02513999998336658,0.023485299985622987,0.02105489998939447,0.02879939999547787,0.0004856999730691314
0.6,Borda LP3 ($ 	heta $ Only),19,232,0.004966900186170198,,2,22,2,20,0.00038799316692102984,93.33333333333333,6.666666666666671,0.0021545999916270375,0.009571500006131828,0.0006725999992340803,0.1526540000049863,0.40826349999406375,0.19336309999926016,0.046986800007289276,0.029333100013900548,0.02093229998718016,0.025043899979209527,0.0016234000213444233
0.6,Borda LP3 ($ 	heta $ Only),20,252,0.00491716779439935,,22,26,5,21,0.00023376209622489957,93.33333333333333,6.666666666666671,0.0035081999958492815,0.012632500001927838,0.0005649999948218465,0.2300043999857735,0.3204394000058528,0.11165790000814013,0.020083800016436726,0.019531700003426522,0.023134499992011115,0.02291160001186654,0.0004183999844826758
0.6,Borda LP3 ($ 	heta $ Only),21,273,0.0034486685506970407,,6,16,2,14,0.0003216542676870965,93.33333333333333,6.666666666666671,0.0018484000174794346,0.010741300007794052,0.0008611000084783882,0.15081049999571405,0.2544071000011172,0.12064280000049621,0.022257500007981434,0.026403399999253452,0.022072000021580607,0.02993429999332875,0.0004903000080958009
0.6,Borda LP3 ($ 	heta $ Only),22,295,0.0041821139339057525,,5,19,4,15,0.00038317615430298526,93.33333333333333,6.666666666666671,0.0023979000106919557,0.010928500007139519,0.000598000013269484,0.14483829998061992,0.2684115000010934,0.0874597999791149,0.024936399975558743,0.021189499995671213,0.022640100010903552,0.02605559999938123,0.001354500011075288
0.6,Borda LP3 ($ 	heta $ Only),23,318,0.00359205293557034,,3,16,5,11,0.00031283610091620073,93.33333333333333,6.666666666666671,0.008158300013747066,0.010262600000714883,0.0015819999971427023,0.31097930000396445,0.2698949000041466,0.24552259998745285,0.06487839997862466,0.042496799986111,0.028725899988785386,0.025476699986029416,0.0016833999834489077
0.6,Borda LP3 ($ 	heta $ Only),24,342,0.005833500084098246,,8,29,4,25,0.0003645299943980569,86.66666666666667,13.333333333333329,0.002469700004439801,0.007409000012557954,0.0005979999841656536,0.16452440002467483,0.3052769000059925,0.09914469998329878,0.02653979999013245,0.02204780001193285,0.03120259998831898,0.024273899995023385,0.0014002000098116696
0.6,Borda LP3 ($ 	heta $ Only),25,367,0.00468977457725289,,10,22,5,17,0.0003230043296137375,93.33333333333333,6.666666666666671,0.004197100002784282,0.005913400003919378,0.0003619000199250877,0.13194189997739159,0.2477626999898348,0.0893653999955859,0.025707599997986108,0.028339699987554923,0.025490600004559383,0.02579179999884218,0.0017686999926809222
0.6,Borda LP3 ($ 	heta $ Only),26,393,0.005226814713859733,,9,25,7,18,0.0003322373523873595,86.66666666666667,13.333333333333329,0.004264300019713119,0.007651499996427447,0.0014073000056669116,0.1782993999950122,0.2708190000266768,0.13949689999572001,0.0225131000042893,0.024930299987317994,0.022657599998638034,0.03036710000014864,0.0009071000094991177
0.6,Borda LP3 ($ 	heta $ Only),27,420,0.002744579349448493,,6,12,2,10,0.0002522339442177156,86.66666666666667,13.333333333333329,0.0016106000111903995,0.010482000012416393,0.0005304999940562993,0.14056540001183748,0.34082240000134334,0.11655079998308793,0.030332499998621643,0.02380190000985749,0.02001510001718998,0.019582000008085743,0.00047989998711273074
0.6,Borda LP3 ($ 	heta $ Only),28,448,0.004278495862399121,,3,17,1,16,0.00036849022425296956,93.33333333333333,6.666666666666671,0.004762900003697723,0.009068400016985834,0.0004093000025022775,0.19994290001341142,0.2589436999987811,0.09076279998407699,0.03112709999550134,0.028065000020433217,0.026141000009374693,0.027824999997392297,0.0004959000216331333
0.6,Borda LP3 ($ 	heta $ Only),29,477,0.002864846928411379,,6,14,2,12,0.0001907183185703386,80.0,20.0,0.0024046000035014004,0.010748400003649294,0.0005970000056549907,0.18445060000522062,0.29601459999685176,0.15855439999722876,0.033169600006658584,0.030292600014945492,0.024991099984617904,0.025721700018038973,0.0009262000094167888
0.6,Borda LP3 ($ 	heta $ Only),30,507,0.0038182786472584717,,5,16,0,16,0.00040552044812677666,93.33333333333333,6.666666666666671,0.0016189000161830336,0.008314299979247153,0.0005910999898333102,0.2548143999883905,0.41832940001040697,0.11313820001669228,0.023088300018571317,0.021189300023252144,0.023484400007873774,0.02422269998351112,0.0012302999966777861
0.6,Borda LP3 ($ 	heta $ Only),31,538,0.004948743706441896,,0,23,5,18,0.00041823975951021226,93.33333333333333,6.666666666666671,0.0018727999995462596,0.0054579999996349216,7.620002725161612e-05,0.16186549997655675,0.2694663000002038,0.09809370001312345,0.028851799987023696,0.0249232999922242,0.027538199996342883,0.02774600000702776,0.0005104999872855842
0.6,Borda LP3 ($ 	heta $ Only),32,570,6.510731576302094e-05,,8,2,0,2,6.510731576302094e-05,26.666666666666668,73.33333333333333,0.004923500004224479,0.006347600021399558,0.0004070999857503921,0.18709650001255795,0.2920874999836087,0.15475529999821447,0.024600100005045533,0.02258099999744445,0.025746800005435944,0.03171110001858324,0.0013009999820496887
0.6,Borda LP3 ($ 	heta $ Only),33,603,0.004961320994684928,,8,24,6,18,0.000317895165859562,93.33333333333333,6.666666666666671,0.006801699986681342,0.01650959998369217,0.0010279999987687916,0.18262490001507103,0.2575270000088494,0.0875870999880135,0.028939500014530495,0.028173399972729385,0.022448700008681044,0.02145090000703931,0.0009138000023085624
0.6,Borda LP3 ($ 	heta $ Only),34,637,0.0050974346018891085,,4,22,3,19,0.0004406243812352979,93.33333333333333,6.666666666666671,0.0016033999854698777,0.0068097999901510775,0.00037299998803064227,0.2786333999829367,0.3987009999982547,0.1107833000132814,0.030513000005157664,0.03272610000567511,0.03215420001652092,0.03533489999244921,0.0010495999886188656
0.6,Borda LP3 ($ 	heta $ Only),35,672,0.0031061336510598662,,9,11,1,10,0.0002935479361358491,93.33333333333333,6.666666666666671,0.004215599998133257,0.008266199991339818,0.0005598999850917608,0.14661609998438507,0.2771455000038259,0.12995790000422858,0.026490400021430105,0.024885899998480454,0.02417389999027364,0.024265300016850233,0.0015749000012874603
0.6,Borda LP3 ($ 	heta $ Only),36,708,0.0030100113910500703,,3,15,2,13,0.0003470759548344027,93.33333333333333,6.666666666666671,0.005421100009698421,0.0058729000156745315,0.0004793000116478652,0.16544389998307452,0.2762728999950923,0.1296297999797389,0.025728799984790385,0.02193679998163134,0.02410410001175478,0.025729300017701462,0.0004964999970979989
0.6,Borda LP3 ($ 	heta $ Only),37,745,0.0016505920383104507,,12,4,0,4,0.00017991785685832426,73.33333333333333,26.66666666666667,0.0018503000028431416,0.008139000012306497,0.0016428999952040613,0.4222200999793131,0.25760470001841895,0.14531809999607503,0.04088009998667985,0.039747800008626655,0.02763169998070225,0.024306100007379428,0.0008910000033210963
0.6,Borda LP3 ($ 	heta $ Only),38,783,0.005131735886347606,,3,30,8,22,0.00040220252175194823,93.33333333333333,6.666666666666671,0.0021720000077039003,0.009398099995451048,0.00038270000368356705,0.16307310000411235,0.3138897999888286,0.10543429999961518,0.025968900008592755,0.024891299981391057,0.0276290999900084,0.02577269999892451,0.0014647000061813742
0.6,Borda LP3 ($ 	heta $ Only),39,822,0.004709712242575793,,9,19,3,16,0.0002447643342874234,93.33333333333333,6.666666666666671,0.003487600013613701,0.006274399987887591,0.0003755000070668757,0.1289602999750059,0.3001012000022456,0.0790116999996826,0.03627559999586083,0.02359589998377487,0.026377800008049235,0.0296649000083562,0.0004692999937105924
0.6,Borda LP3 ($ 	heta $ Only),40,862,0.0028894741750588636,,13,11,3,8,0.00019549441717702014,86.66666666666667,13.333333333333329,0.0018074999970849603,0.01118770000175573,0.00036800000816583633,0.150052200013306,0.24717950000194833,0.12062010000227019,0.023340100015047938,0.022214199998416007,0.023912500008009374,0.030211000004783273,0.0008658999868202955
0.6,Borda LP3 ($ 	heta $ Only),41,903,0.002708725494480429,,3,13,1,12,0.0002940431188095916,93.33333333333333,6.666666666666671,0.0016186000138986856,0.008764500002143905,0.0006120000034570694,0.32529199999407865,0.36636809998890385,0.0946064000017941,0.02377090000663884,0.02790919999824837,0.024818600009894,0.029924900009064004,0.0004937000048812479
0.6,Borda LP3 ($ 	heta $ Only),42,945,0.0031918577698754128,,6,16,1,15,0.00038456657144026054,93.33333333333333,6.666666666666671,0.0016330000071320683,0.008859000023221597,0.0003958999877795577,0.13525740001932718,0.2679255999973975,0.08472620000247844,0.023365200002444908,0.02768100000685081,0.021380199992563576,0.02730289997998625,0.0004894000012427568
0.6,Borda LP3 ($ 	heta $ Only),43,988,0.002142429949123034,,13,9,2,7,0.0001592510690738666,93.33333333333333,6.666666666666671,0.0016242999990936369,0.008897199993953109,0.000592199998209253,0.20001459997729398,0.23087390000000596,0.10797859999001957,0.023014900012640283,0.024173000012524426,0.023298000014619902,0.02415029998519458,0.0004564999835565686
0.6,Borda LP3 ($ 	heta $ Only),44,1032,0.0038656630979869923,,15,18,2,16,0.000264556714670508,86.66666666666667,13.333333333333329,0.004331299976911396,0.010428399982629344,0.0006250000151339918,0.14147529998444952,0.5618634999846108,0.11541769999894314,0.022273700014920905,0.031997500016586855,0.022953499981667846,0.02508510000188835,0.00044249999336898327
0.6,Borda LP3 ($ 	heta $ Only),45,1077,0.0027517081755359003,,3,11,2,9,0.00025156250414322645,86.66666666666667,13.333333333333329,0.0018241000070702285,0.010407099995063618,0.0004116999916732311,0.15321830002358183,0.280840099992929,0.11075829999754205,0.02009480001288466,0.027432600007159635,0.02503750001778826,0.0378212999785319,0.000982900004601106
0.6,Borda LP3 ($ 	heta $ Only),46,1123,0.003998364302936615,,0,25,2,23,0.00042912671598841856,93.33333333333333,6.666666666666671,0.0016232999914791435,0.0055118000018410385,6.970000686123967e-05,0.17079309999826364,0.3531432999880053,0.10741860000416636,0.022930299979634583,0.02909699999145232,0.02700809997622855,0.05667029999312945,0.0005209999799262732
0.6,Borda LP3 ($ 	heta $ Only),47,1170,0.0034305821723701222,,2,18,2,16,0.0003922447490730571,93.33333333333333,6.666666666666671,0.001650199992582202,0.008331399993039668,0.0007915000023785979,0.17073460001847707,0.3073271000175737,0.2924281999876257,0.02782580000348389,0.032951800007140264,0.029255300003569573,0.04544419999001548,0.0015404000005219132
0.6,Borda LP3 ($ 	heta $ Only),48,1218,0.004514968188771252,,5,17,3,14,0.0003171292861752414,93.33333333333333,6.666666666666671,0.003986900002928451,0.011764399998355657,0.0005972000071778893,0.17839960000128485,0.2425072000187356,0.11312449999968521,0.022827400011010468,0.024044000019785017,0.022913799999514595,0.030428099998971447,0.00048619997687637806
0.6,Borda LP3 ($ 	heta $ Only),49,1267,0.001073628095697119,,5,4,2,2,0.00011321992757486643,60.0,40.0,0.0016075000166893005,0.009642099990742281,0.000653000024612993,0.2324283000198193,0.32505389998550527,0.15900919999694452,0.029367500013904646,0.025745000020833686,0.026233600015984848,0.02410579999559559,0.00097490000189282
0.6,Linear BTL,0,42,,-191.96371826978793,12,20,0,20,,,,0.003011199994944036,0.015408300008857623,0.0008860999951139092,0.15047140000388026,0.261278099991614,0.10133929998846725,0.023950999981025234,0.02539450000040233,0.022129599994514138,0.02715609999722801,0.0004589000018313527
0.6,Linear BTL,1,43,,-166.04866406862772,5,15,0,15,,,,0.001857499999459833,0.006679000012809411,0.00037659998633898795,0.1588280999858398,0.3574601000000257,0.11086909999721684,0.028668399987509474,0.029547999991336837,0.02373669997905381,0.024965499993413687,0.0009553999989293516
0.6,Linear BTL,2,45,,-149.75328770730954,4,12,3,9,,,,0.0016399000014644116,0.00546270000631921,0.0003643000090960413,0.14153829999850132,0.26989849997335114,0.10273710000910796,0.031444599997485057,0.023965500004123896,0.020386200019856915,0.03678860000218265,0.0007017000170890242
0.6,Linear BTL,3,48,,-178.1429076677432,9,19,5,14,,,,0.007035799993900582,0.017634600022574887,0.0008000000088941306,0.3823600999894552,0.23240809998242185,0.1380432000150904,0.02614580001682043,0.02161220001289621,0.02225690000341274,0.026783999986946583,0.001213999988976866
0.6,Linear BTL,4,52,,-186.9027755274344,6,18,1,17,,,,0.001642499992158264,0.010798700008308515,0.0005777000042144209,0.18118240000330843,0.3171266999852378,0.11124420000123791,0.028001300001051277,0.029269799997564405,0.02244639999116771,0.02771500000380911,0.00048180000158026814
0.6,Linear BTL,5,57,,-191.4803049902905,8,25,4,21,,,,0.0018869999912567437,0.006609100004425272,0.0012571999977808446,0.1589850000164006,0.2506682999955956,0.1099740999925416,0.02320650001638569,0.02372339999419637,0.01989230001345277,0.02034370001638308,0.00047560001257807016
0.6,Linear BTL,6,63,,-142.68202664083458,4,13,5,8,,,,0.004662099992856383,0.00847189998603426,0.0003902000025846064,0.15017530001932755,0.30643219998455606,0.10292810000828467,0.025762500008568168,0.026317299983929843,0.024796399986371398,0.025913699995726347,0.0004883999936282635
0.6,Linear BTL,7,70,,-189.51189368958973,8,14,4,10,,,,0.004784499993547797,0.010580499976640567,0.000579200015636161,0.1413394000264816,0.28917819997877814,0.0965637999761384,0.027082999993581325,0.026333100016927347,0.023547699995106086,0.024481600004946813,0.0009108000085689127
0.6,Linear BTL,8,78,,-183.16727970560837,2,21,5,16,,,,0.0016168000001925975,0.007797600002959371,0.0003895999980159104,0.14932960001169704,0.367184200003976,0.10095779999392107,0.028780900000128895,0.023370399983832613,0.02102839999133721,0.02395599998999387,0.000500100024510175
0.6,Linear BTL,9,87,,-182.67828137347476,10,19,0,19,,,,0.0016143000102601945,0.005545199994230643,0.00034089997643604875,0.15124169999035075,0.2548508000036236,0.09268400000291876,0.021897600003285334,0.02516489999834448,0.03713959999731742,0.03082030001678504,0.000906000001123175
0.6,Linear BTL,10,97,,-179.4461402706037,8,16,1,15,,,,0.0038340000028256327,0.017870799987576902,0.001061699993442744,0.39282639999873936,0.34011720001581125,0.1641269999963697,0.03382680000504479,0.043143599992617965,0.024217600002884865,0.027155700023286045,0.0004735999973490834
0.6,Linear BTL,11,108,,-162.15299459948392,4,8,0,8,,,,0.0018106999923475087,0.0061787000158801675,0.0010298000124748796,0.16241509999963455,0.25409609999042004,0.12458979999064468,0.03698539998731576,0.027007099997717887,0.0391273999994155,0.02945299999555573,0.0005277000018395483
0.6,Linear BTL,12,120,,-185.05505109524395,12,17,3,14,,,,0.0023554000072181225,0.008792399981757626,0.0003680999798234552,0.1619823999935761,0.2333230999938678,0.13152299998910166,0.026258199999574572,0.02129240002250299,0.02307880000444129,0.02676489998702891,0.00045339998905546963
0.6,Linear BTL,13,133,,-149.6454988264492,4,14,3,11,,,,0.0018656000029295683,0.010780599986901507,0.000454099994385615,0.15695659999619238,0.26227219999418594,0.1136601000034716,0.02446280000731349,0.02761999997892417,0.023163700010627508,0.021052900003269315,0.0005068999889772385
0.6,Linear BTL,14,147,,-199.08362604744886,8,20,3,17,,,,0.004386799992062151,0.005525700020371005,0.00035600000410340726,0.1433303999947384,0.2547498999920208,0.15937479998683557,0.03211810000357218,0.026595700008329004,0.024835699994582683,0.03895139999804087,0.0019265000009909272
0.6,Linear BTL,15,162,,-167.08145058202618,3,20,10,10,,,,0.0025231000036001205,0.005726199975470081,0.00038419998600147665,0.18863630000851117,0.36715730000287294,0.10508529999060556,0.023891400021966547,0.026398699992569163,0.025340899999719113,0.030034099996555597,0.0004953999887220562
0.6,Linear BTL,16,178,,-184.41198593552386,14,12,2,10,,,,0.001864899997599423,0.009102199983317405,0.000360800011549145,0.15358300000661984,0.32828350001364015,0.1575023000186775,0.023392600007355213,0.028270799986785278,0.06987109998590313,0.10628420001012273,0.0006271000020205975
0.6,Linear BTL,17,195,,-129.59414399430236,5,10,1,9,,,,0.005457100021885708,0.013182100025005639,0.0009916000126395375,0.15477130000363104,0.26328929999726824,0.10780990001512691,0.025943300017388538,0.02127880000625737,0.03007070001331158,0.026004199986346066,0.0005762999935541302
0.6,Linear BTL,18,213,,-143.25788845155063,7,6,1,5,,,,0.003262299986090511,0.006471200002124533,0.0003687999851536006,0.17889860001741908,0.2852800999826286,0.13360039997496642,0.02513999998336658,0.023485299985622987,0.02105489998939447,0.02879939999547787,0.0004856999730691314
0.6,Linear BTL,19,232,,-176.60632340850685,2,20,2,18,,,,0.0021545999916270375,0.009571500006131828,0.0006725999992340803,0.1526540000049863,0.40826349999406375,0.19336309999926016,0.046986800007289276,0.029333100013900548,0.02093229998718016,0.025043899979209527,0.0016234000213444233
0.6,Linear BTL,20,252,,-203.92352753492693,22,24,2,22,,,,0.0035081999958492815,0.012632500001927838,0.0005649999948218465,0.2300043999857735,0.3204394000058528,0.11165790000814013,0.020083800016436726,0.019531700003426522,0.023134499992011115,0.02291160001186654,0.0004183999844826758
0.6,Linear BTL,21,273,,-164.015162417215,6,18,2,16,,,,0.0018484000174794346,0.010741300007794052,0.0008611000084783882,0.15081049999571405,0.2544071000011172,0.12064280000049621,0.022257500007981434,0.026403399999253452,0.022072000021580607,0.02993429999332875,0.0004903000080958009
0.6,Linear BTL,22,295,,-175.13808523324758,5,17,1,16,,,,0.0023979000106919557,0.010928500007139519,0.000598000013269484,0.14483829998061992,0.2684115000010934,0.0874597999791149,0.024936399975558743,0.021189499995671213,0.022640100010903552,0.02605559999938123,0.001354500011075288
0.6,Linear BTL,23,318,,-149.01998513218686,3,14,3,11,,,,0.008158300013747066,0.010262600000714883,0.0015819999971427023,0.31097930000396445,0.2698949000041466,0.24552259998745285,0.06487839997862466,0.042496799986111,0.028725899988785386,0.025476699986029416,0.0016833999834489077
0.6,Linear BTL,24,342,,-184.99081789958018,8,25,3,22,,,,0.002469700004439801,0.007409000012557954,0.0005979999841656536,0.16452440002467483,0.3052769000059925,0.09914469998329878,0.02653979999013245,0.02204780001193285,0.03120259998831898,0.024273899995023385,0.0014002000098116696
0.6,Linear BTL,25,367,,-195.73908275667713,10,20,4,16,,,,0.004197100002784282,0.005913400003919378,0.0003619000199250877,0.13194189997739159,0.2477626999898348,0.0893653999955859,0.025707599997986108,0.028339699987554923,0.025490600004559383,0.02579179999884218,0.0017686999926809222
0.6,Linear BTL,26,393,,-189.57614470703035,9,26,7,19,,,,0.004264300019713119,0.007651499996427447,0.0014073000056669116,0.1782993999950122,0.2708190000266768,0.13949689999572001,0.0225131000042893,0.024930299987317994,0.022657599998638034,0.03036710000014864,0.0009071000094991177
0.6,Linear BTL,27,420,,-171.75970124760303,6,13,2,11,,,,0.0016106000111903995,0.010482000012416393,0.0005304999940562993,0.14056540001183748,0.34082240000134334,0.11655079998308793,0.030332499998621643,0.02380190000985749,0.02001510001718998,0.019582000008085743,0.00047989998711273074
0.6,Linear BTL,28,448,,-177.4068654695974,3,23,2,21,,,,0.004762900003697723,0.009068400016985834,0.0004093000025022775,0.19994290001341142,0.2589436999987811,0.09076279998407699,0.03112709999550134,0.028065000020433217,0.026141000009374693,0.027824999997392297,0.0004959000216331333
0.6,Linear BTL,29,477,,-176.57533244274873,6,13,1,12,,,,0.0024046000035014004,0.010748400003649294,0.0005970000056549907,0.18445060000522062,0.29601459999685176,0.15855439999722876,0.033169600006658584,0.030292600014945492,0.024991099984617904,0.025721700018038973,0.0009262000094167888
0.6,Linear BTL,30,507,,-166.2626149777083,5,17,1,16,,,,0.0016189000161830336,0.008314299979247153,0.0005910999898333102,0.2548143999883905,0.41832940001040697,0.11313820001669228,0.023088300018571317,0.021189300023252144,0.023484400007873774,0.02422269998351112,0.0012302999966777861
0.6,Linear BTL,31,538,,-156.00181528800908,0,22,5,17,,,,0.0018727999995462596,0.0054579999996349216,7.620002725161612e-05,0.16186549997655675,0.2694663000002038,0.09809370001312345,0.028851799987023696,0.0249232999922242,0.027538199996342883,0.02774600000702776,0.0005104999872855842
0.6,Linear BTL,32,570,,-173.83595082954636,8,10,0,10,,,,0.004923500004224479,0.006347600021399558,0.0004070999857503921,0.18709650001255795,0.2920874999836087,0.15475529999821447,0.024600100005045533,0.02258099999744445,0.025746800005435944,0.03171110001858324,0.0013009999820496887
0.6,Linear BTL,33,603,,-199.43283150276037,8,24,4,20,,,,0.006801699986681342,0.01650959998369217,0.0010279999987687916,0.18262490001507103,0.2575270000088494,0.0875870999880135,0.028939500014530495,0.028173399972729385,0.022448700008681044,0.02145090000703931,0.0009138000023085624
0.6,Linear BTL,34,637,,-186.61900936370841,4,24,2,22,,,,0.0016033999854698777,0.0068097999901510775,0.00037299998803064227,0.2786333999829367,0.3987009999982547,0.1107833000132814,0.030513000005157664,0.03272610000567511,0.03215420001652092,0.03533489999244921,0.0010495999886188656
0.6,Linear BTL,35,672,,-181.05011575067553,9,17,1,16,,,,0.004215599998133257,0.008266199991339818,0.0005598999850917608,0.14661609998438507,0.2771455000038259,0.12995790000422858,0.026490400021430105,0.024885899998480454,0.02417389999027364,0.024265300016850233,0.0015749000012874603
0.6,Linear BTL,36,708,,-146.28963771240578,3,14,1,13,,,,0.005421100009698421,0.0058729000156745315,0.0004793000116478652,0.16544389998307452,0.2762728999950923,0.1296297999797389,0.025728799984790385,0.02193679998163134,0.02410410001175478,0.025729300017701462,0.0004964999970979989
0.6,Linear BTL,37,745,,-179.59661159486137,12,11,0,11,,,,0.0018503000028431416,0.008139000012306497,0.0016428999952040613,0.4222200999793131,0.25760470001841895,0.14531809999607503,0.04088009998667985,0.039747800008626655,0.02763169998070225,0.024306100007379428,0.0008910000033210963
0.6,Linear BTL,38,783,,-187.88688558227784,3,31,6,25,,,,0.0021720000077039003,0.009398099995451048,0.00038270000368356705,0.16307310000411235,0.3138897999888286,0.10543429999961518,0.025968900008592755,0.024891299981391057,0.0276290999900084,0.02577269999892451,0.0014647000061813742
0.6,Linear BTL,39,822,,-181.81323340593977,9,19,3,16,,,,0.003487600013613701,0.006274399987887591,0.0003755000070668757,0.1289602999750059,0.3001012000022456,0.0790116999996826,0.03627559999586083,0.02359589998377487,0.026377800008049235,0.0296649000083562,0.0004692999937105924
0.6,Linear BTL,40,862,,-172.37648554532637,13,14,3,11,,,,0.0018074999970849603,0.01118770000175573,0.00036800000816583633,0.150052200013306,0.24717950000194833,0.12062010000227019,0.023340100015047938,0.022214199998416007,0.023912500008009374,0.030211000004783273,0.0008658999868202955
0.6,Linear BTL,41,903,,-155.9429524956209,3,14,1,13,,,,0.0016186000138986856,0.008764500002143905,0.0006120000034570694,0.32529199999407865,0.36636809998890385,0.0946064000017941,0.02377090000663884,0.02790919999824837,0.024818600009894,0.029924900009064004,0.0004937000048812479
0.6,Linear BTL,42,945,,-155.16972352666883,6,19,2,17,,,,0.0016330000071320683,0.008859000023221597,0.0003958999877795577,0.13525740001932718,0.2679255999973975,0.08472620000247844,0.023365200002444908,0.02768100000685081,0.021380199992563576,0.02730289997998625,0.0004894000012427568
0.6,Linear BTL,43,988,,-173.44335913579812,13,10,2,8,,,,0.0016242999990936369,0.008897199993953109,0.000592199998209253,0.20001459997729398,0.23087390000000596,0.10797859999001957,0.023014900012640283,0.024173000012524426,0.023298000014619902,0.02415029998519458,0.0004564999835565686
0.6,Linear BTL,44,1032,,-192.67015668038442,15,22,2,20,,,,0.004331299976911396,0.010428399982629344,0.0006250000151339918,0.14147529998444952,0.5618634999846108,0.11541769999894314,0.022273700014920905,0.031997500016586855,0.022953499981667846,0.02508510000188835,0.00044249999336898327
0.6,Linear BTL,45,1077,,-134.5391675553521,3,11,2,9,,,,0.0018241000070702285,0.010407099995063618,0.0004116999916732311,0.15321830002358183,0.280840099992929,0.11075829999754205,0.02009480001288466,0.027432600007159635,0.02503750001778826,0.0378212999785319,0.000982900004601106
0.6,Linear BTL,46,1123,,-193.03037268712677,0,24,2,22,,,,0.0016232999914791435,0.0055118000018410385,6.970000686123967e-05,0.17079309999826364,0.3531432999880053,0.10741860000416636,0.022930299979634583,0.02909699999145232,0.02700809997622855,0.05667029999312945,0.0005209999799262732
0.6,Linear BTL,47,1170,,-150.1312813530234,2,17,1,16,,,,0.001650199992582202,0.008331399993039668,0.0007915000023785979,0.17073460001847707,0.3073271000175737,0.2924281999876257,0.02782580000348389,0.032951800007140264,0.029255300003569573,0.04544419999001548,0.0015404000005219132
0.6,Linear BTL,48,1218,,-190.91309772949148,5,23,4,19,,,,0.003986900002928451,0.011764399998355657,0.0005972000071778893,0.17839960000128485,0.2425072000187356,0.11312449999968521,0.022827400011010468,0.024044000019785017,0.022913799999514595,0.030428099998971447,0.00048619997687637806
0.6,Linear BTL,49,1267,,-152.31372328035465,5,6,2,4,,,,0.0016075000166893005,0.009642099990742281,0.000653000024612993,0.2324283000198193,0.32505389998550527,0.15900919999694452,0.029367500013904646,0.025745000020833686,0.026233600015984848,0.02410579999559559,0.00097490000189282
0.7,LP2 ($ 	heta $ Only),0,42,5.33828397919186e-05,,12,24,1,23,5.33828397919186e-05,60.0,40.0,0.0028178000065963715,0.014435099990805611,0.0003718000079970807,0.16599109998787753,0.2807375999982469,0.08981509998557158,0.02882330000284128,0.027595500025199726,0.022209999995538965,0.021241000009467825,0.0004597000079229474
0.7,LP2 ($ 	heta $ Only),1,43,5.0693885653223466e-05,,10,18,2,16,5.069388565322346e-05,46.666666666666664,53.333333333333336,0.0024769000010564923,0.005820299993501976,0.00037039999733678997,0.13523849999182858,0.2342754999990575,0.1242389999970328,0.022771399992052466,0.023073999996995553,0.02520969999022782,0.021678499993868172,0.0005005999992135912
0.7,LP2 ($ 	heta $ Only),2,45,0.00010427258421579763,,6,14,1,13,0.00010427258421579763,40.0,60.0,0.006545000011101365,0.007854700001189485,0.0006088000081945211,0.16290239998488687,0.25864059999003075,0.09820430001127534,0.02802330002305098,0.02292180000222288,0.026352199987741187,0.029815299989422783,0.000836499995784834
0.7,LP2 ($ 	heta $ Only),3,48,5.06974261771747e-05,,13,22,3,19,5.06974261771747e-05,60.0,40.0,0.0020376000029500574,0.006132500013336539,0.0003630999999586493,0.1597329000069294,0.36490290000801906,0.09182480000890791,0.02521990000968799,0.021570299984887242,0.020923999982187524,0.02768520000972785,0.0004526000120677054
0.7,LP2 ($ 	heta $ Only),4,52,7.349485988271543e-05,,8,10,2,8,7.349485988271543e-05,53.333333333333336,46.666666666666664,0.0016056000022217631,0.012742899998556823,0.0005652999971061945,0.14085529997828417,0.30172119999770075,0.14482020001742058,0.023666499997489154,0.03450070001417771,0.030221499997423962,0.22126779999234714,0.003983099973993376
0.7,LP2 ($ 	heta $ Only),5,57,4.44508072317763e-05,,9,22,7,15,4.4450807231776306e-05,46.666666666666664,53.333333333333336,0.03400749998399988,0.01984010002342984,0.0009267000132240355,0.24688310001511127,0.2548933000070974,0.12437460001092404,0.025962999992771074,0.02230430001509376,0.028401500021573156,0.029136400000425056,0.0022779999999329448
0.7,LP2 ($ 	heta $ Only),6,63,5.9383822201061226e-05,,3,16,6,10,5.938382220106122e-05,46.666666666666664,53.333333333333336,0.0019424999773036689,0.0062867999949958175,0.001567000028444454,0.14298830000916496,0.3137339999957476,0.09658059998764656,0.022794899996370077,0.027833000000100583,0.03159820000291802,0.031489299988606945,0.0009520000021439046
0.7,LP2 ($ 	heta $ Only),7,70,8.946693942021204e-05,,2,30,7,23,8.946693942021203e-05,60.0,40.0,0.0016196999931707978,0.011199000000488013,0.0006392999785020947,0.16239290000521578,0.24874710000585765,0.10047209999174811,0.02951379999285564,0.023674099997151643,0.03061140002682805,0.024204199988162145,0.0027938999992329627
0.7,LP2 ($ 	heta $ Only),8,78,5.058115908863349e-05,,8,24,3,21,5.058115908863349e-05,60.0,40.0,0.0022530000132974237,0.006372000003466383,0.000367300002835691,0.1503284999926109,0.30107410001801327,0.09536149998893961,0.026161099987803027,0.024088200007099658,0.021863100002519786,0.029032999998889863,0.00047450000420212746
0.7,LP2 ($ 	heta $ Only),9,87,5.2521360505303636e-05,,12,19,5,14,5.252136050530362e-05,53.333333333333336,46.666666666666664,0.0018494999967515469,0.008885999995982274,0.000434000015957281,0.12401949998456985,0.2650543999916408,0.13636659999610856,0.02558270000736229,0.01859110000077635,0.0187838000128977,0.021190300001762807,0.0008772000146564096
0.7,LP2 ($ 	heta $ Only),10,97,3.518017333228763e-05,,13,24,1,23,3.518017333228762e-05,46.666666666666664,53.333333333333336,0.0021672000002581626,0.009500999993178993,0.0008974999946076423,0.2022612000000663,0.21731559999170713,0.097019899985753,0.023737599985906854,0.030711900006281212,0.02617540000937879,0.0221871999965515,0.0008688000089023262
0.7,LP2 ($ 	heta $ Only),11,108,3.681146371801909e-05,,9,14,2,12,3.681146371801909e-05,46.666666666666664,53.333333333333336,0.0016030000115279108,0.008965799992438406,0.0005774000019300729,0.23870289998012595,0.2698528999753762,0.18603320000693202,0.14045070001157,0.0661289999843575,0.023077799996826798,0.031123299995670095,0.000899200007552281
0.7,LP2 ($ 	heta $ Only),12,120,7.664324625387052e-05,,11,26,2,24,7.664324625387052e-05,53.333333333333336,46.666666666666664,0.0036265999951865524,0.006313899997621775,0.000543099973583594,0.14307670001289807,0.26385379998828284,0.11721629998646677,0.025176499999361113,0.02839520000270568,0.019574100006138906,0.018846799997845665,0.00046300000394694507
0.7,LP2 ($ 	heta $ Only),13,133,8.42123823651434e-05,,3,16,8,8,8.42123823651434e-05,53.333333333333336,46.666666666666664,0.001597599999513477,0.006832300015958026,0.00038029998540878296,0.16363970001111738,0.32062240000232123,0.11423500001546927,0.04403019999153912,0.037211099988780916,0.03120830000261776,0.04531459999270737,0.001521300000604242
0.7,LP2 ($ 	heta $ Only),14,147,7.696954843369066e-05,,9,33,8,25,7.696954843369065e-05,60.0,40.0,0.0033258000039495528,0.012115699995774776,0.0008344000088982284,0.20453469999483787,0.33923489999142475,0.11359630001243204,0.023489800019888207,0.03024380002170801,0.0285472999967169,0.021509200014406815,0.00048740001511760056
0.7,LP2 ($ 	heta $ Only),15,162,9.432899840704962e-05,,11,28,13,15,9.432899840704962e-05,60.0,40.0,0.0016439000028185546,0.007171599980210885,0.0003755000070668757,0.12622139998711646,0.334160400001565,0.1082518000039272,0.025567000004230067,0.02289520000340417,0.025212799984728917,0.024613199988380075,0.00046300000394694507
0.7,LP2 ($ 	heta $ Only),16,178,8.523992792892423e-05,,19,19,5,14,8.523992792892424e-05,53.333333333333336,46.666666666666664,0.0024611999979242682,0.007475599995814264,0.00035930000012740493,0.14579629999934696,0.29911819999688305,0.11620869999751449,0.031819499999983236,0.03810540001722984,0.027833800006192178,0.02357990000746213,0.0008205999911297113
0.7,LP2 ($ 	heta $ Only),17,195,4.587145120268975e-05,,7,13,2,11,4.5871451202689755e-05,46.666666666666664,53.333333333333336,0.002041500003542751,0.0064430999918840826,0.00037150000571273267,0.18176070001209155,0.25905900000361726,0.10462340002413839,0.034519200009526685,0.039076699991710484,0.027698099991539493,0.027613500016741455,0.0004791000101249665
0.7,LP2 ($ 	heta $ Only),18,213,3.111517903687726e-05,,12,9,1,8,3.1115179036877266e-05,40.0,60.0,0.0018146999937016517,0.007701499998802319,0.0012136000150348991,0.14626229999703355,0.46687989999190904,0.11605649997363798,0.021485899982508272,0.021746400016127154,0.028035399998771027,0.021822100010467693,0.0004869000113103539
0.7,LP2 ($ 	heta $ Only),19,232,9.518648030207787e-05,,1,31,7,24,9.518648030207787e-05,60.0,40.0,0.005645199998980388,0.005842200014740229,0.0003999000182375312,0.1805058000027202,0.27338280002004467,0.0953657999925781,0.026022200006991625,0.025841299997409806,0.023973100003786385,0.028144200012320653,0.0005078999965917319
0.7,LP2 ($ 	heta $ Only),20,252,8.282572954913579e-05,,18,28,9,19,8.282572954913579e-05,46.666666666666664,53.333333333333336,0.0017915999924298376,0.010909900011029094,0.000381199992261827,0.1470710000139661,0.3398069000104442,0.11983409998356365,0.027666599984513596,0.023411700007272884,0.030851999996230006,0.02588219998870045,0.0004414999857544899
0.7,LP2 ($ 	heta $ Only),21,273,6.744821641980374e-05,,6,24,4,20,6.744821641980374e-05,60.0,40.0,0.0016174000047612935,0.006106999993789941,0.000367600005120039,0.1544992999988608,0.27086119999876246,0.10912489998736419,0.02623329998459667,0.022709099983330816,0.023507500009145588,0.02091449999716133,0.0004900000058114529
0.7,LP2 ($ 	heta $ Only),22,295,7.565193579512227e-05,,1,31,9,22,7.565193579512227e-05,60.0,40.0,0.00444630000856705,0.005482099979417399,0.0009079000155907124,0.14470360000268556,0.2583206999988761,0.11307570000644773,0.026068200008012354,0.026176200015470386,0.0303682999801822,0.029794200003379956,0.000618399993982166
0.7,LP2 ($ 	heta $ Only),23,318,5.4022678421069016e-05,,3,16,3,13,5.4022678421069016e-05,46.666666666666664,53.333333333333336,0.0016508999979123473,0.00871620001271367,0.0003868000057991594,0.173206699982984,0.2725718999863602,0.13902939998661168,0.026254799973685294,0.030739999987417832,0.04619540000567213,0.03232109997770749,0.000506000011228025
0.7,LP2 ($ 	heta $ Only),24,342,5.0078306065075035e-05,,7,31,4,27,5.0078306065075035e-05,53.333333333333336,46.666666666666664,0.0018317000067327172,0.007329700019909069,0.0015255999751389027,0.1512120999977924,0.2821185999782756,0.09831540001323447,0.02519450002000667,0.021403899998404086,0.018811499990988523,0.020457100006751716,0.0004810999962501228
0.7,LP2 ($ 	heta $ Only),25,367,7.060508285090152e-05,,13,21,4,17,7.060508285090152e-05,46.666666666666664,53.333333333333336,0.005254099989542738,0.007641300006071106,0.0005554000090342015,0.15000970000983216,0.4400263999996241,0.09877640000195242,0.022623299999395385,0.025284300005296245,0.0233977000170853,0.02646429999731481,0.00045369999133981764
0.7,LP2 ($ 	heta $ Only),26,393,6.59911051429254e-05,,14,36,19,17,6.599110514292541e-05,46.666666666666664,53.333333333333336,0.0016242999990936369,0.006148500018753111,0.0004090000002179295,0.15165029998752289,0.25811520000570454,0.11780770000768825,0.023897900013253093,0.02476500000921078,0.021448899991810322,0.020525400002952665,0.000514300016220659
0.7,LP2 ($ 	heta $ Only),27,420,2.7383754446564533e-05,,8,13,0,13,2.7383754446564533e-05,40.0,60.0,0.0021090999944135547,0.005556500022066757,0.0003651999868452549,0.14952720000292175,0.2723435999942012,0.11510549997910857,0.030612500006100163,0.0394906000001356,0.03550819997326471,0.026764499983983114,0.0004842999915126711
0.7,LP2 ($ 	heta $ Only),28,448,6.180814063326723e-05,,12,20,4,16,6.180814063326723e-05,53.333333333333336,46.666666666666664,0.001649899990297854,0.009078299975953996,0.0005761999927926809,0.20653689999016933,0.2735588999930769,0.0941416000132449,0.025901699991663918,0.021237999986624345,0.020378699991852045,0.020907699974486604,0.00045640001189894974
0.7,LP2 ($ 	heta $ Only),29,477,3.9289275209665715e-05,,8,15,2,13,3.9289275209665715e-05,33.333333333333336,66.66666666666666,0.0016201999969780445,0.005754200014052913,0.0003578999894671142,0.15217079999274574,0.2563850999868009,0.10343109999666922,0.02511309998226352,0.022884000005433336,0.022705200011841953,0.024826800014125183,0.0004797000146936625
0.7,LP2 ($ 	heta $ Only),30,507,6.0640281144530435e-05,,7,21,6,15,6.0640281144530435e-05,46.666666666666664,53.333333333333336,0.0017986999882850796,0.010068500007037073,0.0003847000189125538,0.15079399998649023,0.2793727999960538,0.09969740000087768,0.02881550000165589,0.024105000018607825,0.024727100011659786,0.023955099983140826,0.000922399980481714
0.7,LP2 ($ 	heta $ Only),31,538,7.631432184112283e-05,,2,28,15,13,7.631432184112282e-05,53.333333333333336,46.666666666666664,0.002225100004579872,0.01979570000548847,0.00039909998304210603,0.22180590001516975,0.31465169999864884,0.08338899997761473,0.023287099989829585,0.02834769999026321,0.022640699986368418,0.023254800005815923,0.0005167000053916126
0.7,LP2 ($ 	heta $ Only),32,570,3.885252409655497e-05,,9,13,3,10,3.8852524096554966e-05,40.0,60.0,0.0016155999910552055,0.00554710000869818,0.000368200009688735,0.16332229998079129,0.3370528999948874,0.14559110000845976,0.08057849999750033,0.09320220001973212,0.061100799997802824,0.02787479999824427,0.0004683000151999295
0.7,LP2 ($ 	heta $ Only),33,603,5.847535037357927e-05,,3,19,4,15,5.847535037357927e-05,46.666666666666664,53.333333333333336,0.001819700002670288,0.010419700003694743,0.0003929999948013574,0.16929769999114797,0.2688266999903135,0.1022483000124339,0.029203499987488613,0.024776100006420165,0.03455229999963194,0.03972060000523925,0.0005216999852564186
0.7,LP2 ($ 	heta $ Only),34,637,2.9704638362016292e-05,,6,12,0,12,2.9704638362016292e-05,40.0,60.0,0.0023339000181294978,0.006186599988723174,0.001811399997677654,0.14645080000627786,0.2771556000225246,0.10211959999287501,0.020716699975309893,0.023208200000226498,0.02094829999259673,0.021894199977396056,0.00048680001054890454
0.7,LP2 ($ 	heta $ Only),35,672,4.196720924569367e-05,,11,25,3,22,4.1967209245693675e-05,53.333333333333336,46.666666666666664,0.0017589000053703785,0.007128099998226389,0.0003635000030044466,0.23792439998942427,0.22443729999940842,0.1448683000053279,0.024673600011738017,0.023766700003761798,0.023768399987602606,0.02843029997893609,0.00046320000546984375
0.7,LP2 ($ 	heta $ Only),36,708,6.092269592903064e-05,,6,19,3,16,6.092269592903064e-05,40.0,60.0,0.005099800007883459,0.005629999999655411,0.00035600000410340726,0.1572362000006251,0.4038169000123162,0.11593090000678785,0.027702499995939434,0.02034859999548644,0.022132499987492338,0.02384479998727329,0.0004811999970115721
0.7,LP2 ($ 	heta $ Only),37,745,9.766109199859353e-05,,11,26,9,17,9.766109199859352e-05,53.333333333333336,46.666666666666664,0.001857199997175485,0.007940799987409264,0.00042580001172609627,0.16374059999361634,0.27938049999647774,0.09836629999335855,0.02286570001160726,0.026370400009909645,0.02066259999992326,0.021160700009204447,0.00046540002222172916
0.7,LP2 ($ 	heta $ Only),38,783,6.778845035699183e-05,,4,25,3,22,6.778845035699182e-05,60.0,40.0,0.006881000008434057,0.005676200002199039,0.00035600000410340726,0.1630769000039436,0.2789459000050556,0.1110476000176277,0.024656299996422604,0.026044400001410395,0.023475200025131926,0.029718500009039417,0.0004926999972667545
0.7,LP2 ($ 	heta $ Only),39,822,5.4272869061445364e-05,,9,19,1,18,5.4272869061445364e-05,46.666666666666664,53.333333333333336,0.0016318999987561256,0.010017599997809157,0.0005686999938916415,0.15329940000083297,0.34002940001664683,0.09386400002404116,0.09436389998882078,0.10180799997760914,0.0523484000004828,0.03315400000428781,0.000911299983272329
0.7,LP2 ($ 	heta $ Only),40,862,5.506880109219983e-05,,7,24,6,18,5.506880109219983e-05,53.333333333333336,46.666666666666664,0.001943600014783442,0.007910599990282208,0.0005604999896604568,0.15023850000579841,0.2734864999947604,0.1083828000118956,0.029772600013529882,0.023203000018838793,0.027580900001339614,0.024636799993459135,0.0009239000210072845
0.7,LP2 ($ 	heta $ Only),41,903,7.275233930644709e-05,,3,28,11,17,7.27523393064471e-05,46.666666666666664,53.333333333333336,0.00577079999493435,0.006214900000486523,0.0005189000221434981,0.21238830001675524,0.28026140001020394,0.10092769999755546,0.024674000014783815,0.0259784999943804,0.02563340001506731,0.03165410002111457,0.0009685000113677233
0.7,LP2 ($ 	heta $ Only),42,945,8.24506776537964e-05,,17,35,5,30,8.24506776537964e-05,60.0,40.0,0.0026436000189278275,0.00539149998803623,0.00039999998989515007,0.14659279998159036,0.23791379999602214,0.17863480001688004,0.021829300007084385,0.026299599994672462,0.026130299986107275,0.03201340002124198,0.0010695999953895807
0.7,LP2 ($ 	heta $ Only),43,988,6.348916702054906e-05,,12,20,1,19,6.348916702054906e-05,46.666666666666664,53.333333333333336,0.005480599997099489,0.008990699978312477,0.001215800002682954,0.15094069999759085,0.28475339998840354,0.09068329998990521,0.025450400018598884,0.03089869997347705,0.022949700010940433,0.02547170000616461,0.00046010001096874475
0.7,LP2 ($ 	heta $ Only),44,1032,7.186570571322996e-05,,11,20,7,13,7.186570571322995e-05,53.333333333333336,46.666666666666664,0.004400599980726838,0.010505699989153072,0.000387399981264025,0.14780179999070242,0.38585710001643747,0.08906929998192936,0.025724499981151894,0.026190899981884286,0.024756500002695248,0.02209959999890998,0.0008851000166032463
0.7,LP2 ($ 	heta $ Only),45,1077,6.165906254790135e-05,,8,20,5,15,6.165906254790135e-05,60.0,40.0,0.0015987000078894198,0.007179100008215755,0.00039739999920129776,0.14752869997755624,0.2500751000188757,0.14136060001328588,0.023075600009178743,0.023546499985968694,0.025405599997611716,0.029929199983598664,0.000988499989034608
0.7,LP2 ($ 	heta $ Only),46,1123,0.0001365565121101359,,5,29,8,21,0.00013655651211013587,60.0,40.0,0.001614599983440712,0.008848299999954179,0.000394199974834919,0.15818959998432547,0.26059479999821633,0.10967510001501068,0.029687600006582215,0.025992800015956163,0.0315450000052806,0.034982899989699945,0.002333700016606599
0.7,LP2 ($ 	heta $ Only),47,1170,4.488908044074324e-05,,3,20,4,16,4.488908044074325e-05,40.0,60.0,0.0028939999756403267,0.007084599987138063,0.0006292999896686524,0.37515150001854636,0.2652832000167109,0.13448069998412393,0.027226700010942295,0.025312700017821044,0.022782199986977503,0.026546499982941896,0.0004992999893147498
0.7,LP2 ($ 	heta $ Only),48,1218,0.0001009216850309271,,7,32,8,24,0.00010092168503092709,60.0,40.0,0.004436600022017956,0.013563099986640736,0.0006754999922122806,0.20995619997847825,0.27524229997652583,0.09660009999061003,0.023612899996805936,0.024474200006807223,0.024311899993335828,0.025119700003415346,0.0012873999949079007
0.7,LP2 ($ 	heta $ Only),49,1267,4.7119967810801044e-05,,10,5,3,2,4.7119967810801044e-05,53.333333333333336,46.666666666666664,0.004704199993284419,0.006411999987903982,0.000375000003259629,0.16725830000359565,0.3093444000114687,0.14511479999055155,0.03280590000213124,0.03350009999121539,0.03912729999865405,0.02614149998407811,0.00047289999201893806
0.7,LP3 ($ 	heta $ Only),0,42,0.005414607556737066,,12,21,0,21,0.00035579342247288754,86.66666666666667,13.333333333333329,0.0028178000065963715,0.014435099990805611,0.0003718000079970807,0.16599109998787753,0.2807375999982469,0.08981509998557158,0.02882330000284128,0.027595500025199726,0.022209999995538965,0.021241000009467825,0.0004597000079229474
0.7,LP3 ($ 	heta $ Only),1,43,0.004585963561620731,,10,18,2,16,0.0002983980136631378,93.33333333333333,6.666666666666671,0.0024769000010564923,0.005820299993501976,0.00037039999733678997,0.13523849999182858,0.2342754999990575,0.1242389999970328,0.022771399992052466,0.023073999996995553,0.02520969999022782,0.021678499993868172,0.0005005999992135912
0.7,LP3 ($ 	heta $ Only),2,45,0.004067716211410232,,6,17,8,9,0.00033957881636072354,86.66666666666667,13.333333333333329,0.006545000011101365,0.007854700001189485,0.0006088000081945211,0.16290239998488687,0.25864059999003075,0.09820430001127534,0.02802330002305098,0.02292180000222288,0.026352199987741187,0.029815299989422783,0.000836499995784834
0.7,LP3 ($ 	heta $ Only),3,48,0.004768084687160458,,13,19,1,18,0.00033218816250161863,93.33333333333333,6.666666666666671,0.0020376000029500574,0.006132500013336539,0.0003630999999586493,0.1597329000069294,0.36490290000801906,0.09182480000890791,0.02521990000968799,0.021570299984887242,0.020923999982187524,0.02768520000972785,0.0004526000120677054
0.7,LP3 ($ 	heta $ Only),4,52,0.003191022523145583,,8,12,2,10,0.0002356726571758975,80.0,20.0,0.0016056000022217631,0.012742899998556823,0.0005652999971061945,0.14085529997828417,0.30172119999770075,0.14482020001742058,0.023666499997489154,0.03450070001417771,0.030221499997423962,0.22126779999234714,0.003983099973993376
0.7,LP3 ($ 	heta $ Only),5,57,0.00537783240299857,,9,20,5,15,0.000425479803541241,93.33333333333333,6.666666666666671,0.03400749998399988,0.01984010002342984,0.0009267000132240355,0.24688310001511127,0.2548933000070974,0.12437460001092404,0.025962999992771074,0.02230430001509376,0.028401500021573156,0.029136400000425056,0.0022779999999329448
0.7,LP3 ($ 	heta $ Only),6,63,0.00398281290493998,,3,14,4,10,0.00039388021608516527,93.33333333333333,6.666666666666671,0.0019424999773036689,0.0062867999949958175,0.001567000028444454,0.14298830000916496,0.3137339999957476,0.09658059998764656,0.022794899996370077,0.027833000000100583,0.03159820000291802,0.031489299988606945,0.0009520000021439046
0.7,LP3 ($ 	heta $ Only),7,70,0.005089799988840053,,2,20,4,16,0.0003732186920631719,93.33333333333333,6.666666666666671,0.0016196999931707978,0.011199000000488013,0.0006392999785020947,0.16239290000521578,0.24874710000585765,0.10047209999174811,0.02951379999285564,0.023674099997151643,0.03061140002682805,0.024204199988162145,0.0027938999992329627
0.7,LP3 ($ 	heta $ Only),8,78,0.006281447094678618,,8,25,3,22,0.00040777042264981625,86.66666666666667,13.333333333333329,0.0022530000132974237,0.006372000003466383,0.000367300002835691,0.1503284999926109,0.30107410001801327,0.09536149998893961,0.026161099987803027,0.024088200007099658,0.021863100002519786,0.029032999998889863,0.00047450000420212746
0.7,LP3 ($ 	heta $ Only),9,87,0.005058027765861926,,12,19,3,16,0.00032193255665138556,86.66666666666667,13.333333333333329,0.0018494999967515469,0.008885999995982274,0.000434000015957281,0.12401949998456985,0.2650543999916408,0.13636659999610856,0.02558270000736229,0.01859110000077635,0.0187838000128977,0.021190300001762807,0.0008772000146564096
0.7,LP3 ($ 	heta $ Only),10,97,0.005079860039489655,,13,20,0,20,0.00029450266824724425,93.33333333333333,6.666666666666671,0.0021672000002581626,0.009500999993178993,0.0008974999946076423,0.2022612000000663,0.21731559999170713,0.097019899985753,0.023737599985906854,0.030711900006281212,0.02617540000937879,0.0221871999965515,0.0008688000089023262
0.7,LP3 ($ 	heta $ Only),11,108,0.00321303097820481,,9,13,1,12,0.00024187165832991332,80.0,20.0,0.0016030000115279108,0.008965799992438406,0.0005774000019300729,0.23870289998012595,0.2698528999753762,0.18603320000693202,0.14045070001157,0.0661289999843575,0.023077799996826798,0.031123299995670095,0.000899200007552281
0.7,LP3 ($ 	heta $ Only),12,120,0.006513880042233111,,11,27,2,25,0.0003683933476224303,93.33333333333333,6.666666666666671,0.0036265999951865524,0.006313899997621775,0.000543099973583594,0.14307670001289807,0.26385379998828284,0.11721629998646677,0.025176499999361113,0.02839520000270568,0.019574100006138906,0.018846799997845665,0.00046300000394694507
0.7,LP3 ($ 	heta $ Only),13,133,0.0039880658116082,,3,16,9,7,0.00035674741544978447,93.33333333333333,6.666666666666671,0.001597599999513477,0.006832300015958026,0.00038029998540878296,0.16363970001111738,0.32062240000232123,0.11423500001546927,0.04403019999153912,0.037211099988780916,0.03120830000261776,0.04531459999270737,0.001521300000604242
0.7,LP3 ($ 	heta $ Only),14,147,0.00674859111123391,,9,26,4,22,0.00040666603021590207,93.33333333333333,6.666666666666671,0.0033258000039495528,0.012115699995774776,0.0008344000088982284,0.20453469999483787,0.33923489999142475,0.11359630001243204,0.023489800019888207,0.03024380002170801,0.0285472999967169,0.021509200014406815,0.00048740001511760056
0.7,LP3 ($ 	heta $ Only),15,162,0.005426379504832159,,11,18,9,9,0.000254059926498865,86.66666666666667,13.333333333333329,0.0016439000028185546,0.007171599980210885,0.0003755000070668757,0.12622139998711646,0.334160400001565,0.1082518000039272,0.025567000004230067,0.02289520000340417,0.025212799984728917,0.024613199988380075,0.00046300000394694507
0.7,LP3 ($ 	heta $ Only),16,178,0.004351181454247297,,19,19,4,15,0.0002701001744964455,93.33333333333333,6.666666666666671,0.0024611999979242682,0.007475599995814264,0.00035930000012740493,0.14579629999934696,0.29911819999688305,0.11620869999751449,0.031819499999983236,0.03810540001722984,0.027833800006192178,0.02357990000746213,0.0008205999911297113
0.7,LP3 ($ 	heta $ Only),17,195,0.003200123047413142,,7,12,2,10,0.00027436776525826385,86.66666666666667,13.333333333333329,0.002041500003542751,0.0064430999918840826,0.00037150000571273267,0.18176070001209155,0.25905900000361726,0.10462340002413839,0.034519200009526685,0.039076699991710484,0.027698099991539493,0.027613500016741455,0.0004791000101249665
0.7,LP3 ($ 	heta $ Only),18,213,0.0021859333992396935,,12,7,1,6,0.00012636952298947647,93.33333333333333,6.666666666666671,0.0018146999937016517,0.007701499998802319,0.0012136000150348991,0.14626229999703355,0.46687989999190904,0.11605649997363798,0.021485899982508272,0.021746400016127154,0.028035399998771027,0.021822100010467693,0.0004869000113103539
0.7,LP3 ($ 	heta $ Only),19,232,0.007683186044059483,,1,31,6,25,0.0005165314411524691,93.33333333333333,6.666666666666671,0.005645199998980388,0.005842200014740229,0.0003999000182375312,0.1805058000027202,0.27338280002004467,0.0953657999925781,0.026022200006991625,0.025841299997409806,0.023973100003786385,0.028144200012320653,0.0005078999965917319
0.7,LP3 ($ 	heta $ Only),20,252,0.007320349793978912,,18,31,7,24,0.0003382810384437768,93.33333333333333,6.666666666666671,0.0017915999924298376,0.010909900011029094,0.000381199992261827,0.1470710000139661,0.3398069000104442,0.11983409998356365,0.027666599984513596,0.023411700007272884,0.030851999996230006,0.02588219998870045,0.0004414999857544899
0.7,LP3 ($ 	heta $ Only),21,273,0.005173823495653148,,6,23,2,21,0.00033942969960475394,93.33333333333333,6.666666666666671,0.0016174000047612935,0.006106999993789941,0.000367600005120039,0.1544992999988608,0.27086119999876246,0.10912489998736419,0.02623329998459667,0.022709099983330816,0.023507500009145588,0.02091449999716133,0.0004900000058114529
0.7,LP3 ($ 	heta $ Only),22,295,0.005910523590915133,,1,20,5,15,0.0004627498460052996,93.33333333333333,6.666666666666671,0.00444630000856705,0.005482099979417399,0.0009079000155907124,0.14470360000268556,0.2583206999988761,0.11307570000644773,0.026068200008012354,0.026176200015470386,0.0303682999801822,0.029794200003379956,0.000618399993982166
0.7,LP3 ($ 	heta $ Only),23,318,0.0037321849901945114,,3,15,5,10,0.00034201594333867517,86.66666666666667,13.333333333333329,0.0016508999979123473,0.00871620001271367,0.0003868000057991594,0.173206699982984,0.2725718999863602,0.13902939998661168,0.026254799973685294,0.030739999987417832,0.04619540000567213,0.03232109997770749,0.000506000011228025
0.7,LP3 ($ 	heta $ Only),24,342,0.006082163870143931,,7,26,3,23,0.0003496409239887797,93.33333333333333,6.666666666666671,0.0018317000067327172,0.007329700019909069,0.0015255999751389027,0.1512120999977924,0.2821185999782756,0.09831540001323447,0.02519450002000667,0.021403899998404086,0.018811499990988523,0.020457100006751716,0.0004810999962501228
0.7,LP3 ($ 	heta $ Only),25,367,0.00527269817536602,,13,20,3,17,0.0003043173131693045,93.33333333333333,6.666666666666671,0.005254099989542738,0.007641300006071106,0.0005554000090342015,0.15000970000983216,0.4400263999996241,0.09877640000195242,0.022623299999395385,0.025284300005296245,0.0233977000170853,0.02646429999731481,0.00045369999133981764
0.7,LP3 ($ 	heta $ Only),26,393,0.006312395574928959,,14,24,9,15,0.0003347982542749025,93.33333333333333,6.666666666666671,0.0016242999990936369,0.006148500018753111,0.0004090000002179295,0.15165029998752289,0.25811520000570454,0.11780770000768825,0.023897900013253093,0.02476500000921078,0.021448899991810322,0.020525400002952665,0.000514300016220659
0.7,LP3 ($ 	heta $ Only),27,420,0.003729951855254434,,8,19,1,18,0.0002977919232734228,80.0,20.0,0.0021090999944135547,0.005556500022066757,0.0003651999868452549,0.14952720000292175,0.2723435999942012,0.11510549997910857,0.030612500006100163,0.0394906000001356,0.03550819997326471,0.026764499983983114,0.0004842999915126711
0.7,LP3 ($ 	heta $ Only),28,448,0.004426928264624524,,12,18,4,14,0.0002984137128386557,93.33333333333333,6.666666666666671,0.001649899990297854,0.009078299975953996,0.0005761999927926809,0.20653689999016933,0.2735588999930769,0.0941416000132449,0.025901699991663918,0.021237999986624345,0.020378699991852045,0.020907699974486604,0.00045640001189894974
0.7,LP3 ($ 	heta $ Only),29,477,0.003244221485958949,,8,11,0,11,0.00026341669820421833,86.66666666666667,13.333333333333329,0.0016201999969780445,0.005754200014052913,0.0003578999894671142,0.15217079999274574,0.2563850999868009,0.10343109999666922,0.02511309998226352,0.022884000005433336,0.022705200011841953,0.024826800014125183,0.0004797000146936625
0.7,LP3 ($ 	heta $ Only),30,507,0.00521578807471637,,7,23,5,18,0.0003427935078691956,86.66666666666667,13.333333333333329,0.0017986999882850796,0.010068500007037073,0.0003847000189125538,0.15079399998649023,0.2793727999960538,0.09969740000087768,0.02881550000165589,0.024105000018607825,0.024727100011659786,0.023955099983140826,0.000922399980481714
0.7,LP3 ($ 	heta $ Only),31,538,0.006698308709359801,,2,26,14,12,0.00045817251092438973,93.33333333333333,6.666666666666671,0.002225100004579872,0.01979570000548847,0.00039909998304210603,0.22180590001516975,0.31465169999864884,0.08338899997761473,0.023287099989829585,0.02834769999026321,0.022640699986368418,0.023254800005815923,0.0005167000053916126
0.7,LP3 ($ 	heta $ Only),32,570,0.0033389739612851655,,9,10,2,8,0.00025476460145892996,93.33333333333333,6.666666666666671,0.0016155999910552055,0.00554710000869818,0.000368200009688735,0.16332229998079129,0.3370528999948874,0.14559110000845976,0.08057849999750033,0.09320220001973212,0.061100799997802824,0.02787479999824427,0.0004683000151999295
0.7,LP3 ($ 	heta $ Only),33,603,0.005130693611125271,,3,21,4,17,0.00039478365806107975,93.33333333333333,6.666666666666671,0.001819700002670288,0.010419700003694743,0.0003929999948013574,0.16929769999114797,0.2688266999903135,0.1022483000124339,0.029203499987488613,0.024776100006420165,0.03455229999963194,0.03972060000523925,0.0005216999852564186
0.7,LP3 ($ 	heta $ Only),34,637,0.0039075448541554415,,6,14,0,14,0.000296990929611573,86.66666666666667,13.333333333333329,0.0023339000181294978,0.006186599988723174,0.001811399997677654,0.14645080000627786,0.2771556000225246,0.10211959999287501,0.020716699975309893,0.023208200000226498,0.02094829999259673,0.021894199977396056,0.00048680001054890454
0.7,LP3 ($ 	heta $ Only),35,672,0.004304396617234977,,11,17,2,15,0.00035846261033255005,93.33333333333333,6.666666666666671,0.0017589000053703785,0.007128099998226389,0.0003635000030044466,0.23792439998942427,0.22443729999940842,0.1448683000053279,0.024673600011738017,0.023766700003761798,0.023768399987602606,0.02843029997893609,0.00046320000546984375
0.7,LP3 ($ 	heta $ Only),36,708,0.004437043398496285,,6,17,0,17,0.0003644568725572073,93.33333333333333,6.666666666666671,0.005099800007883459,0.005629999999655411,0.00035600000410340726,0.1572362000006251,0.4038169000123162,0.11593090000678785,0.027702499995939434,0.02034859999548644,0.022132499987492338,0.02384479998727329,0.0004811999970115721
0.7,LP3 ($ 	heta $ Only),37,745,0.0061810337360993835,,11,24,7,17,0.0004174895189489159,93.33333333333333,6.666666666666671,0.001857199997175485,0.007940799987409264,0.00042580001172609627,0.16374059999361634,0.27938049999647774,0.09836629999335855,0.02286570001160726,0.026370400009909645,0.02066259999992326,0.021160700009204447,0.00046540002222172916
0.7,LP3 ($ 	heta $ Only),38,783,0.006179330607498198,,4,23,1,22,0.00043195331915151257,86.66666666666667,13.333333333333329,0.006881000008434057,0.005676200002199039,0.00035600000410340726,0.1630769000039436,0.2789459000050556,0.1110476000176277,0.024656299996422604,0.026044400001410395,0.023475200025131926,0.029718500009039417,0.0004926999972667545
0.7,LP3 ($ 	heta $ Only),39,822,0.005128684052104435,,9,17,1,16,0.00033222459328213305,93.33333333333333,6.666666666666671,0.0016318999987561256,0.010017599997809157,0.0005686999938916415,0.15329940000083297,0.34002940001664683,0.09386400002404116,0.09436389998882078,0.10180799997760914,0.0523484000004828,0.03315400000428781,0.000911299983272329
0.7,LP3 ($ 	heta $ Only),40,862,0.00660026430568156,,7,28,8,20,0.0004818993506681234,93.33333333333333,6.666666666666671,0.001943600014783442,0.007910599990282208,0.0005604999896604568,0.15023850000579841,0.2734864999947604,0.1083828000118956,0.029772600013529882,0.023203000018838793,0.027580900001339614,0.024636799993459135,0.0009239000210072845
0.7,LP3 ($ 	heta $ Only),41,903,0.005268731405327974,,3,22,5,17,0.00038843641816697114,93.33333333333333,6.666666666666671,0.00577079999493435,0.006214900000486523,0.0005189000221434981,0.21238830001675524,0.28026140001020394,0.10092769999755546,0.024674000014783815,0.0259784999943804,0.02563340001506731,0.03165410002111457,0.0009685000113677233
0.7,LP3 ($ 	heta $ Only),42,945,0.006296420490097776,,17,26,6,20,0.0003196325705947422,86.66666666666667,13.333333333333329,0.0026436000189278275,0.00539149998803623,0.00039999998989515007,0.14659279998159036,0.23791379999602214,0.17863480001688004,0.021829300007084385,0.026299599994672462,0.026130299986107275,0.03201340002124198,0.0010695999953895807
0.7,LP3 ($ 	heta $ Only),43,988,0.004602786215096888,,12,19,2,17,0.00025112644679068437,93.33333333333333,6.666666666666671,0.005480599997099489,0.008990699978312477,0.001215800002682954,0.15094069999759085,0.28475339998840354,0.09068329998990521,0.025450400018598884,0.03089869997347705,0.022949700010940433,0.02547170000616461,0.00046010001096874475
0.7,LP3 ($ 	heta $ Only),44,1032,0.006519218057105161,,11,21,7,14,0.00047566311169165904,93.33333333333333,6.666666666666671,0.004400599980726838,0.010505699989153072,0.000387399981264025,0.14780179999070242,0.38585710001643747,0.08906929998192936,0.025724499981151894,0.026190899981884286,0.024756500002695248,0.02209959999890998,0.0008851000166032463
0.7,LP3 ($ 	heta $ Only),45,1077,0.0042250970624078624,,8,14,5,9,0.00026521310890601803,93.33333333333333,6.666666666666671,0.0015987000078894198,0.007179100008215755,0.00039739999920129776,0.14752869997755624,0.2500751000188757,0.14136060001328588,0.023075600009178743,0.023546499985968694,0.025405599997611716,0.029929199983598664,0.000988499989034608
0.7,LP3 ($ 	heta $ Only),46,1123,0.00626967447700922,,5,23,7,16,0.0004136879368840035,93.33333333333333,6.666666666666671,0.001614599983440712,0.008848299999954179,0.000394199974834919,0.15818959998432547,0.26059479999821633,0.10967510001501068,0.029687600006582215,0.025992800015956163,0.0315450000052806,0.034982899989699945,0.002333700016606599
0.7,LP3 ($ 	heta $ Only),47,1170,0.0038545533992487818,,3,15,5,10,0.00036088822342823866,93.33333333333333,6.666666666666671,0.0028939999756403267,0.007084599987138063,0.0006292999896686524,0.37515150001854636,0.2652832000167109,0.13448069998412393,0.027226700010942295,0.025312700017821044,0.022782199986977503,0.026546499982941896,0.0004992999893147498
0.7,LP3 ($ 	heta $ Only),48,1218,0.006311750742499993,,7,29,8,21,0.000349987085640739,93.33333333333333,6.666666666666671,0.004436600022017956,0.013563099986640736,0.0006754999922122806,0.20995619997847825,0.27524229997652583,0.09660009999061003,0.023612899996805936,0.024474200006807223,0.024311899993335828,0.025119700003415346,0.0012873999949079007
0.7,LP3 ($ 	heta $ Only),49,1267,0.0016466389324931567,,10,5,2,3,0.00013971669683841907,86.66666666666667,13.333333333333329,0.004704199993284419,0.006411999987903982,0.000375000003259629,0.16725830000359565,0.3093444000114687,0.14511479999055155,0.03280590000213124,0.03350009999121539,0.03912729999865405,0.02614149998407811,0.00047289999201893806
0.7,Weighted LP3 ($ 	heta $ Only),0,42,0.003806181888091492,,12,23,0,23,0.000354548395990809,86.66666666666667,13.333333333333329,0.0028178000065963715,0.014435099990805611,0.0003718000079970807,0.16599109998787753,0.2807375999982469,0.08981509998557158,0.02882330000284128,0.027595500025199726,0.022209999995538965,0.021241000009467825,0.0004597000079229474
0.7,Weighted LP3 ($ 	heta $ Only),1,43,0.0033479677689274567,,10,14,1,13,0.0002643020702084787,93.33333333333333,6.666666666666671,0.0024769000010564923,0.005820299993501976,0.00037039999733678997,0.13523849999182858,0.2342754999990575,0.1242389999970328,0.022771399992052466,0.023073999996995553,0.02520969999022782,0.021678499993868172,0.0005005999992135912
0.7,Weighted LP3 ($ 	heta $ Only),2,45,0.0032840615392607467,,6,17,5,12,0.00035568639777703247,86.66666666666667,13.333333333333329,0.006545000011101365,0.007854700001189485,0.0006088000081945211,0.16290239998488687,0.25864059999003075,0.09820430001127534,0.02802330002305098,0.02292180000222288,0.026352199987741187,0.029815299989422783,0.000836499995784834
0.7,Weighted LP3 ($ 	heta $ Only),3,48,0.0034233051132280617,,13,19,0,19,0.00033317867683608745,93.33333333333333,6.666666666666671,0.0020376000029500574,0.006132500013336539,0.0003630999999586493,0.1597329000069294,0.36490290000801906,0.09182480000890791,0.02521990000968799,0.021570299984887242,0.020923999982187524,0.02768520000972785,0.0004526000120677054
0.7,Weighted LP3 ($ 	heta $ Only),4,52,0.0024229478289769005,,8,12,2,10,0.00022906419408878705,93.33333333333333,6.666666666666671,0.0016056000022217631,0.012742899998556823,0.0005652999971061945,0.14085529997828417,0.30172119999770075,0.14482020001742058,0.023666499997489154,0.03450070001417771,0.030221499997423962,0.22126779999234714,0.003983099973993376
0.7,Weighted LP3 ($ 	heta $ Only),5,57,0.004169822797239404,,9,20,5,15,0.00043053312661693355,93.33333333333333,6.666666666666671,0.03400749998399988,0.01984010002342984,0.0009267000132240355,0.24688310001511127,0.2548933000070974,0.12437460001092404,0.025962999992771074,0.02230430001509376,0.028401500021573156,0.029136400000425056,0.0022779999999329448
0.7,Weighted LP3 ($ 	heta $ Only),6,63,0.0031349331922633974,,3,15,4,11,0.0003620027251912738,93.33333333333333,6.666666666666671,0.0019424999773036689,0.0062867999949958175,0.001567000028444454,0.14298830000916496,0.3137339999957476,0.09658059998764656,0.022794899996370077,0.027833000000100583,0.03159820000291802,0.031489299988606945,0.0009520000021439046
0.7,Weighted LP3 ($ 	heta $ Only),7,70,0.00386216203557951,,2,18,4,14,0.00036625700864817076,93.33333333333333,6.666666666666671,0.0016196999931707978,0.011199000000488013,0.0006392999785020947,0.16239290000521578,0.24874710000585765,0.10047209999174811,0.02951379999285564,0.023674099997151643,0.03061140002682805,0.024204199988162145,0.0027938999992329627
0.7,Weighted LP3 ($ 	heta $ Only),8,78,0.004601593474061179,,8,24,3,21,0.0004042409528480719,93.33333333333333,6.666666666666671,0.0022530000132974237,0.006372000003466383,0.000367300002835691,0.1503284999926109,0.30107410001801327,0.09536149998893961,0.026161099987803027,0.024088200007099658,0.021863100002519786,0.029032999998889863,0.00047450000420212746
0.7,Weighted LP3 ($ 	heta $ Only),9,87,0.0037455201218669076,,12,22,2,20,0.000326477114819543,86.66666666666667,13.333333333333329,0.0018494999967515469,0.008885999995982274,0.000434000015957281,0.12401949998456985,0.2650543999916408,0.13636659999610856,0.02558270000736229,0.01859110000077635,0.0187838000128977,0.021190300001762807,0.0008772000146564096
0.7,Weighted LP3 ($ 	heta $ Only),10,97,0.003561153100312787,,13,20,1,19,0.000278021521697984,93.33333333333333,6.666666666666671,0.0021672000002581626,0.009500999993178993,0.0008974999946076423,0.2022612000000663,0.21731559999170713,0.097019899985753,0.023737599985906854,0.030711900006281212,0.02617540000937879,0.0221871999965515,0.0008688000089023262
0.7,Weighted LP3 ($ 	heta $ Only),11,108,0.0023173628531269613,,9,13,1,12,0.00024333959831337025,86.66666666666667,13.333333333333329,0.0016030000115279108,0.008965799992438406,0.0005774000019300729,0.23870289998012595,0.2698528999753762,0.18603320000693202,0.14045070001157,0.0661289999843575,0.023077799996826798,0.031123299995670095,0.000899200007552281
0.7,Weighted LP3 ($ 	heta $ Only),12,120,0.004801017281820011,,11,27,2,25,0.00036746988678829805,93.33333333333333,6.666666666666671,0.0036265999951865524,0.006313899997621775,0.000543099973583594,0.14307670001289807,0.26385379998828284,0.11721629998646677,0.025176499999361113,0.02839520000270568,0.019574100006138906,0.018846799997845665,0.00046300000394694507
0.7,Weighted LP3 ($ 	heta $ Only),13,133,0.0033067779119064864,,3,16,8,8,0.00033487811890201474,93.33333333333333,6.666666666666671,0.001597599999513477,0.006832300015958026,0.00038029998540878296,0.16363970001111738,0.32062240000232123,0.11423500001546927,0.04403019999153912,0.037211099988780916,0.03120830000261776,0.04531459999270737,0.001521300000604242
0.7,Weighted LP3 ($ 	heta $ Only),14,147,0.005081150176920669,,9,25,4,21,0.00040644013288200807,93.33333333333333,6.666666666666671,0.0033258000039495528,0.012115699995774776,0.0008344000088982284,0.20453469999483787,0.33923489999142475,0.11359630001243204,0.023489800019888207,0.03024380002170801,0.0285472999967169,0.021509200014406815,0.00048740001511760056
0.7,Weighted LP3 ($ 	heta $ Only),15,162,0.004424167258169761,,11,22,8,14,0.0002442294806240814,86.66666666666667,13.333333333333329,0.0016439000028185546,0.007171599980210885,0.0003755000070668757,0.12622139998711646,0.334160400001565,0.1082518000039272,0.025567000004230067,0.02289520000340417,0.025212799984728917,0.024613199988380075,0.00046300000394694507
0.7,Weighted LP3 ($ 	heta $ Only),16,178,0.0032322779261551413,,19,18,4,14,0.0002672445505844482,93.33333333333333,6.666666666666671,0.0024611999979242682,0.007475599995814264,0.00035930000012740493,0.14579629999934696,0.29911819999688305,0.11620869999751449,0.031819499999983236,0.03810540001722984,0.027833800006192178,0.02357990000746213,0.0008205999911297113
0.7,Weighted LP3 ($ 	heta $ Only),17,195,0.0023753726808233735,,7,13,2,11,0.0002390100434927451,80.0,20.0,0.002041500003542751,0.0064430999918840826,0.00037150000571273267,0.18176070001209155,0.25905900000361726,0.10462340002413839,0.034519200009526685,0.039076699991710484,0.027698099991539493,0.027613500016741455,0.0004791000101249665
0.7,Weighted LP3 ($ 	heta $ Only),18,213,0.001555459715433559,,12,6,0,6,0.00011715067138368153,73.33333333333333,26.66666666666667,0.0018146999937016517,0.007701499998802319,0.0012136000150348991,0.14626229999703355,0.46687989999190904,0.11605649997363798,0.021485899982508272,0.021746400016127154,0.028035399998771027,0.021822100010467693,0.0004869000113103539
0.7,Weighted LP3 ($ 	heta $ Only),19,232,0.005956899680398011,,1,31,6,25,0.0005159134164201715,93.33333333333333,6.666666666666671,0.005645199998980388,0.005842200014740229,0.0003999000182375312,0.1805058000027202,0.27338280002004467,0.0953657999925781,0.026022200006991625,0.025841299997409806,0.023973100003786385,0.028144200012320653,0.0005078999965917319
0.7,Weighted LP3 ($ 	heta $ Only),20,252,0.005421535370949982,,18,31,3,28,0.00034846417345749825,93.33333333333333,6.666666666666671,0.0017915999924298376,0.010909900011029094,0.000381199992261827,0.1470710000139661,0.3398069000104442,0.11983409998356365,0.027666599984513596,0.023411700007272884,0.030851999996230006,0.02588219998870045,0.0004414999857544899
0.7,Weighted LP3 ($ 	heta $ Only),21,273,0.0037384893831425947,,6,21,1,20,0.0003319662932035238,93.33333333333333,6.666666666666671,0.0016174000047612935,0.006106999993789941,0.000367600005120039,0.1544992999988608,0.27086119999876246,0.10912489998736419,0.02623329998459667,0.022709099983330816,0.023507500009145588,0.02091449999716133,0.0004900000058114529
0.7,Weighted LP3 ($ 	heta $ Only),22,295,0.004617961891091446,,1,21,5,16,0.00046057758216192277,93.33333333333333,6.666666666666671,0.00444630000856705,0.005482099979417399,0.0009079000155907124,0.14470360000268556,0.2583206999988761,0.11307570000644773,0.026068200008012354,0.026176200015470386,0.0303682999801822,0.029794200003379956,0.000618399993982166
0.7,Weighted LP3 ($ 	heta $ Only),23,318,0.0029781271428353045,,3,15,4,11,0.00034383617061040827,93.33333333333333,6.666666666666671,0.0016508999979123473,0.00871620001271367,0.0003868000057991594,0.173206699982984,0.2725718999863602,0.13902939998661168,0.026254799973685294,0.030739999987417832,0.04619540000567213,0.03232109997770749,0.000506000011228025
0.7,Weighted LP3 ($ 	heta $ Only),24,342,0.004414752916361733,,7,27,3,24,0.00034294236364480415,93.33333333333333,6.666666666666671,0.0018317000067327172,0.007329700019909069,0.0015255999751389027,0.1512120999977924,0.2821185999782756,0.09831540001323447,0.02519450002000667,0.021403899998404086,0.018811499990988523,0.020457100006751716,0.0004810999962501228
0.7,Weighted LP3 ($ 	heta $ Only),25,367,0.003876963213755632,,13,19,3,16,0.00030051411105473517,93.33333333333333,6.666666666666671,0.005254099989542738,0.007641300006071106,0.0005554000090342015,0.15000970000983216,0.4400263999996241,0.09877640000195242,0.022623299999395385,0.025284300005296245,0.0233977000170853,0.02646429999731481,0.00045369999133981764
0.7,Weighted LP3 ($ 	heta $ Only),26,393,0.005102713314653442,,14,27,10,17,0.0003340169474486984,93.33333333333333,6.666666666666671,0.0016242999990936369,0.006148500018753111,0.0004090000002179295,0.15165029998752289,0.25811520000570454,0.11780770000768825,0.023897900013253093,0.02476500000921078,0.021448899991810322,0.020525400002952665,0.000514300016220659
0.7,Weighted LP3 ($ 	heta $ Only),27,420,0.002648340995208256,,8,18,1,17,0.0002966748661590741,86.66666666666667,13.333333333333329,0.0021090999944135547,0.005556500022066757,0.0003651999868452549,0.14952720000292175,0.2723435999942012,0.11510549997910857,0.030612500006100163,0.0394906000001356,0.03550819997326471,0.026764499983983114,0.0004842999915126711
0.7,Weighted LP3 ($ 	heta $ Only),28,448,0.003309644053164505,,12,16,3,13,0.00029841099155230336,93.33333333333333,6.666666666666671,0.001649899990297854,0.009078299975953996,0.0005761999927926809,0.20653689999016933,0.2735588999930769,0.0941416000132449,0.025901699991663918,0.021237999986624345,0.020378699991852045,0.020907699974486604,0.00045640001189894974
0.7,Weighted LP3 ($ 	heta $ Only),29,477,0.002305154656721659,,8,11,0,11,0.0002512090316520312,86.66666666666667,13.333333333333329,0.0016201999969780445,0.005754200014052913,0.0003578999894671142,0.15217079999274574,0.2563850999868009,0.10343109999666922,0.02511309998226352,0.022884000005433336,0.022705200011841953,0.024826800014125183,0.0004797000146936625
0.7,Weighted LP3 ($ 	heta $ Only),30,507,0.004015556470197045,,7,24,6,18,0.0003392643324326001,93.33333333333333,6.666666666666671,0.0017986999882850796,0.010068500007037073,0.0003847000189125538,0.15079399998649023,0.2793727999960538,0.09969740000087768,0.02881550000165589,0.024105000018607825,0.024727100011659786,0.023955099983140826,0.000922399980481714
0.7,Weighted LP3 ($ 	heta $ Only),31,538,0.005720426976445319,,2,26,13,13,0.0004610062303912188,93.33333333333333,6.666666666666671,0.002225100004579872,0.01979570000548847,0.00039909998304210603,0.22180590001516975,0.31465169999864884,0.08338899997761473,0.023287099989829585,0.02834769999026321,0.022640699986368418,0.023254800005815923,0.0005167000053916126
0.7,Weighted LP3 ($ 	heta $ Only),32,570,0.0025375710649629146,,9,11,2,9,0.0002492338704902755,86.66666666666667,13.333333333333329,0.0016155999910552055,0.00554710000869818,0.000368200009688735,0.16332229998079129,0.3370528999948874,0.14559110000845976,0.08057849999750033,0.09320220001973212,0.061100799997802824,0.02787479999824427,0.0004683000151999295
0.7,Weighted LP3 ($ 	heta $ Only),33,603,0.003851023862520913,,3,17,3,14,0.0003869211637951138,93.33333333333333,6.666666666666671,0.001819700002670288,0.010419700003694743,0.0003929999948013574,0.16929769999114797,0.2688266999903135,0.1022483000124339,0.029203499987488613,0.024776100006420165,0.03455229999963194,0.03972060000523925,0.0005216999852564186
0.7,Weighted LP3 ($ 	heta $ Only),34,637,0.0027016041635389873,,6,14,0,14,0.00028494201385201263,80.0,20.0,0.0023339000181294978,0.006186599988723174,0.001811399997677654,0.14645080000627786,0.2771556000225246,0.10211959999287501,0.020716699975309893,0.023208200000226498,0.02094829999259673,0.021894199977396056,0.00048680001054890454
0.7,Weighted LP3 ($ 	heta $ Only),35,672,0.0031589330186272617,,11,16,2,14,0.00035873166255645766,93.33333333333333,6.666666666666671,0.0017589000053703785,0.007128099998226389,0.0003635000030044466,0.23792439998942427,0.22443729999940842,0.1448683000053279,0.024673600011738017,0.023766700003761798,0.023768399987602606,0.02843029997893609,0.00046320000546984375
0.7,Weighted LP3 ($ 	heta $ Only),36,708,0.003121521637770781,,6,18,0,18,0.00036249948960311967,93.33333333333333,6.666666666666671,0.005099800007883459,0.005629999999655411,0.00035600000410340726,0.1572362000006251,0.4038169000123162,0.11593090000678785,0.027702499995939434,0.02034859999548644,0.022132499987492338,0.02384479998727329,0.0004811999970115721
0.7,Weighted LP3 ($ 	heta $ Only),37,745,0.004781076351933679,,11,23,6,17,0.00041511479099758293,93.33333333333333,6.666666666666671,0.001857199997175485,0.007940799987409264,0.00042580001172609627,0.16374059999361634,0.27938049999647774,0.09836629999335855,0.02286570001160726,0.026370400009909645,0.02066259999992326,0.021160700009204447,0.00046540002222172916
0.7,Weighted LP3 ($ 	heta $ Only),38,783,0.004423483178515676,,4,23,1,22,0.0004237248505549072,86.66666666666667,13.333333333333329,0.006881000008434057,0.005676200002199039,0.00035600000410340726,0.1630769000039436,0.2789459000050556,0.1110476000176277,0.024656299996422604,0.026044400001410395,0.023475200025131926,0.029718500009039417,0.0004926999972667545
0.7,Weighted LP3 ($ 	heta $ Only),39,822,0.0036296063073536747,,9,19,1,18,0.0003258040232795027,93.33333333333333,6.666666666666671,0.0016318999987561256,0.010017599997809157,0.0005686999938916415,0.15329940000083297,0.34002940001664683,0.09386400002404116,0.09436389998882078,0.10180799997760914,0.0523484000004828,0.03315400000428781,0.000911299983272329
0.7,Weighted LP3 ($ 	heta $ Only),40,862,0.005089667456745401,,7,27,5,22,0.0004765076533118041,93.33333333333333,6.666666666666671,0.001943600014783442,0.007910599990282208,0.0005604999896604568,0.15023850000579841,0.2734864999947604,0.1083828000118956,0.029772600013529882,0.023203000018838793,0.027580900001339614,0.024636799993459135,0.0009239000210072845
0.7,Weighted LP3 ($ 	heta $ Only),41,903,0.00401540046922654,,3,22,5,17,0.00038843641816697114,93.33333333333333,6.666666666666671,0.00577079999493435,0.006214900000486523,0.0005189000221434981,0.21238830001675524,0.28026140001020394,0.10092769999755546,0.024674000014783815,0.0259784999943804,0.02563340001506731,0.03165410002111457,0.0009685000113677233
0.7,Weighted LP3 ($ 	heta $ Only),42,945,0.004669188609655791,,17,24,4,20,0.0003190929158913728,86.66666666666667,13.333333333333329,0.0026436000189278275,0.00539149998803623,0.00039999998989515007,0.14659279998159036,0.23791379999602214,0.17863480001688004,0.021829300007084385,0.026299599994672462,0.026130299986107275,0.03201340002124198,0.0010695999953895807
0.7,Weighted LP3 ($ 	heta $ Only),43,988,0.003339028505409821,,12,19,1,18,0.0002518375936278395,93.33333333333333,6.666666666666671,0.005480599997099489,0.008990699978312477,0.001215800002682954,0.15094069999759085,0.28475339998840354,0.09068329998990521,0.025450400018598884,0.03089869997347705,0.022949700010940433,0.02547170000616461,0.00046010001096874475
0.7,Weighted LP3 ($ 	heta $ Only),44,1032,0.005063365254278441,,11,24,7,17,0.00047486072841566575,93.33333333333333,6.666666666666671,0.004400599980726838,0.010505699989153072,0.000387399981264025,0.14780179999070242,0.38585710001643747,0.08906929998192936,0.025724499981151894,0.026190899981884286,0.024756500002695248,0.02209959999890998,0.0008851000166032463
0.7,Weighted LP3 ($ 	heta $ Only),45,1077,0.0033164385568862217,,8,14,3,11,0.0002506568337168251,93.33333333333333,6.666666666666671,0.0015987000078894198,0.007179100008215755,0.00039739999920129776,0.14752869997755624,0.2500751000188757,0.14136060001328588,0.023075600009178743,0.023546499985968694,0.025405599997611716,0.029929199983598664,0.000988499989034608
0.7,Weighted LP3 ($ 	heta $ Only),46,1123,0.004882912458414183,,5,24,7,17,0.00040939654931924224,93.33333333333333,6.666666666666671,0.001614599983440712,0.008848299999954179,0.000394199974834919,0.15818959998432547,0.26059479999821633,0.10967510001501068,0.029687600006582215,0.025992800015956163,0.0315450000052806,0.034982899989699945,0.002333700016606599
0.7,Weighted LP3 ($ 	heta $ Only),47,1170,0.003039048278899071,,3,15,5,10,0.00036708962140434955,93.33333333333333,6.666666666666671,0.0028939999756403267,0.007084599987138063,0.0006292999896686524,0.37515150001854636,0.2652832000167109,0.13448069998412393,0.027226700010942295,0.025312700017821044,0.022782199986977503,0.026546499982941896,0.0004992999893147498
0.7,Weighted LP3 ($ 	heta $ Only),48,1218,0.00488150748917817,,7,29,8,21,0.0003568663725670787,93.33333333333333,6.666666666666671,0.004436600022017956,0.013563099986640736,0.0006754999922122806,0.20995619997847825,0.27524229997652583,0.09660009999061003,0.023612899996805936,0.024474200006807223,0.024311899993335828,0.025119700003415346,0.0012873999949079007
0.7,Weighted LP3 ($ 	heta $ Only),49,1267,0.0013122792149600053,,10,5,2,3,0.00014026622422639204,80.0,20.0,0.004704199993284419,0.006411999987903982,0.000375000003259629,0.16725830000359565,0.3093444000114687,0.14511479999055155,0.03280590000213124,0.03350009999121539,0.03912729999865405,0.02614149998407811,0.00047289999201893806
0.7,Borda LP3 ($ 	heta $ Only),0,42,0.004547540548568601,,12,22,0,22,0.0003550977869729139,86.66666666666667,13.333333333333329,0.0028178000065963715,0.014435099990805611,0.0003718000079970807,0.16599109998787753,0.2807375999982469,0.08981509998557158,0.02882330000284128,0.027595500025199726,0.022209999995538965,0.021241000009467825,0.0004597000079229474
0.7,Borda LP3 ($ 	heta $ Only),1,43,0.004009043088224553,,10,16,1,15,0.0002656548247456332,93.33333333333333,6.666666666666671,0.0024769000010564923,0.005820299993501976,0.00037039999733678997,0.13523849999182858,0.2342754999990575,0.1242389999970328,0.022771399992052466,0.023073999996995553,0.02520969999022782,0.021678499993868172,0.0005005999992135912
0.7,Borda LP3 ($ 	heta $ Only),2,45,0.003774818098338125,,6,17,7,10,0.00032739123381627093,86.66666666666667,13.333333333333329,0.006545000011101365,0.007854700001189485,0.0006088000081945211,0.16290239998488687,0.25864059999003075,0.09820430001127534,0.02802330002305098,0.02292180000222288,0.026352199987741187,0.029815299989422783,0.000836499995784834
0.7,Borda LP3 ($ 	heta $ Only),3,48,0.004501933980836048,,13,19,1,18,0.00033218816250161863,93.33333333333333,6.666666666666671,0.0020376000029500574,0.006132500013336539,0.0003630999999586493,0.1597329000069294,0.36490290000801906,0.09182480000890791,0.02521990000968799,0.021570299984887242,0.020923999982187524,0.02768520000972785,0.0004526000120677054
0.7,Borda LP3 ($ 	heta $ Only),4,52,0.0024361030956600565,,8,12,2,10,0.0002155849280335502,86.66666666666667,13.333333333333329,0.0016056000022217631,0.012742899998556823,0.0005652999971061945,0.14085529997828417,0.30172119999770075,0.14482020001742058,0.023666499997489154,0.03450070001417771,0.030221499997423962,0.22126779999234714,0.003983099973993376
0.7,Borda LP3 ($ 	heta $ Only),5,57,0.004754399252609046,,9,23,5,18,0.0004228480652920906,93.33333333333333,6.666666666666671,0.03400749998399988,0.01984010002342984,0.0009267000132240355,0.24688310001511127,0.2548933000070974,0.12437460001092404,0.025962999992771074,0.02230430001509376,0.028401500021573156,0.029136400000425056,0.0022779999999329448
0.7,Borda LP3 ($ 	heta $ Only),6,63,0.00397757898285687,,3,16,5,11,0.0003905536272370683,93.33333333333333,6.666666666666671,0.0019424999773036689,0.0062867999949958175,0.001567000028444454,0.14298830000916496,0.3137339999957476,0.09658059998764656,0.022794899996370077,0.027833000000100583,0.03159820000291802,0.031489299988606945,0.0009520000021439046
0.7,Borda LP3 ($ 	heta $ Only),7,70,0.0042887218298115395,,2,21,4,17,0.0003523513892183292,93.33333333333333,6.666666666666671,0.0016196999931707978,0.011199000000488013,0.0006392999785020947,0.16239290000521578,0.24874710000585765,0.10047209999174811,0.02951379999285564,0.023674099997151643,0.03061140002682805,0.024204199988162145,0.0027938999992329627
0.7,Borda LP3 ($ 	heta $ Only),8,78,0.0058756886869427176,,8,27,3,24,0.0004084367688107899,93.33333333333333,6.666666666666671,0.0022530000132974237,0.006372000003466383,0.000367300002835691,0.1503284999926109,0.30107410001801327,0.09536149998893961,0.026161099987803027,0.024088200007099658,0.021863100002519786,0.029032999998889863,0.00047450000420212746
0.7,Borda LP3 ($ 	heta $ Only),9,87,0.004495014657743038,,12,24,2,22,0.00033169415027557286,93.33333333333333,6.666666666666671,0.0018494999967515469,0.008885999995982274,0.000434000015957281,0.12401949998456985,0.2650543999916408,0.13636659999610856,0.02558270000736229,0.01859110000077635,0.0187838000128977,0.021190300001762807,0.0008772000146564096
0.7,Borda LP3 ($ 	heta $ Only),10,97,0.005079860039489655,,13,20,0,20,0.00029450266824724425,93.33333333333333,6.666666666666671,0.0021672000002581626,0.009500999993178993,0.0008974999946076423,0.2022612000000663,0.21731559999170713,0.097019899985753,0.023737599985906854,0.030711900006281212,0.02617540000937879,0.0221871999965515,0.0008688000089023262
0.7,Borda LP3 ($ 	heta $ Only),11,108,0.0027721988565973903,,9,14,1,13,0.00023474232630866658,86.66666666666667,13.333333333333329,0.0016030000115279108,0.008965799992438406,0.0005774000019300729,0.23870289998012595,0.2698528999753762,0.18603320000693202,0.14045070001157,0.0661289999843575,0.023077799996826798,0.031123299995670095,0.000899200007552281
0.7,Borda LP3 ($ 	heta $ Only),12,120,0.005468524930486521,,11,27,2,25,0.00035976901852110573,93.33333333333333,6.666666666666671,0.0036265999951865524,0.006313899997621775,0.000543099973583594,0.14307670001289807,0.26385379998828284,0.11721629998646677,0.025176499999361113,0.02839520000270568,0.019574100006138906,0.018846799997845665,0.00046300000394694507
0.7,Borda LP3 ($ 	heta $ Only),13,133,0.0036261093867095986,,3,15,8,7,0.0003474850226015179,93.33333333333333,6.666666666666671,0.001597599999513477,0.006832300015958026,0.00038029998540878296,0.16363970001111738,0.32062240000232123,0.11423500001546927,0.04403019999153912,0.037211099988780916,0.03120830000261776,0.04531459999270737,0.001521300000604242
0.7,Borda LP3 ($ 	heta $ Only),14,147,0.006742233974108278,,9,26,4,22,0.0004066660302159021,93.33333333333333,6.666666666666671,0.0033258000039495528,0.012115699995774776,0.0008344000088982284,0.20453469999483787,0.33923489999142475,0.11359630001243204,0.023489800019888207,0.03024380002170801,0.0285472999967169,0.021509200014406815,0.00048740001511760056
0.7,Borda LP3 ($ 	heta $ Only),15,162,0.005083948961862857,,11,21,8,13,0.000242998424488576,86.66666666666667,13.333333333333329,0.0016439000028185546,0.007171599980210885,0.0003755000070668757,0.12622139998711646,0.334160400001565,0.1082518000039272,0.025567000004230067,0.02289520000340417,0.025212799984728917,0.024613199988380075,0.00046300000394694507
0.7,Borda LP3 ($ 	heta $ Only),16,178,0.0033473633152778523,,19,17,3,14,0.000263839312463312,86.66666666666667,13.333333333333329,0.0024611999979242682,0.007475599995814264,0.00035930000012740493,0.14579629999934696,0.29911819999688305,0.11620869999751449,0.031819499999983236,0.03810540001722984,0.027833800006192178,0.02357990000746213,0.0008205999911297113
0.7,Borda LP3 ($ 	heta $ Only),17,195,0.0028473804177058045,,7,12,1,11,0.000257338734574239,86.66666666666667,13.333333333333329,0.002041500003542751,0.0064430999918840826,0.00037150000571273267,0.18176070001209155,0.25905900000361726,0.10462340002413839,0.034519200009526685,0.039076699991710484,0.027698099991539493,0.027613500016741455,0.0004791000101249665
0.7,Borda LP3 ($ 	heta $ Only),18,213,0.0020729702369010473,,12,8,1,7,0.00012762468053227085,93.33333333333333,6.666666666666671,0.0018146999937016517,0.007701499998802319,0.0012136000150348991,0.14626229999703355,0.46687989999190904,0.11605649997363798,0.021485899982508272,0.021746400016127154,0.028035399998771027,0.021822100010467693,0.0004869000113103539
0.7,Borda LP3 ($ 	heta $ Only),19,232,0.00664495180682385,,1,34,8,26,0.0005095956200184374,93.33333333333333,6.666666666666671,0.005645199998980388,0.005842200014740229,0.0003999000182375312,0.1805058000027202,0.27338280002004467,0.0953657999925781,0.026022200006991625,0.025841299997409806,0.023973100003786385,0.028144200012320653,0.0005078999965917319
0.7,Borda LP3 ($ 	heta $ Only),20,252,0.006952176828754211,,18,33,5,28,0.0003402814811477195,93.33333333333333,6.666666666666671,0.0017915999924298376,0.010909900011029094,0.000381199992261827,0.1470710000139661,0.3398069000104442,0.11983409998356365,0.027666599984513596,0.023411700007272884,0.030851999996230006,0.02588219998870045,0.0004414999857544899
0.7,Borda LP3 ($ 	heta $ Only),21,273,0.004606895818781972,,6,22,2,20,0.00033068973415965815,93.33333333333333,6.666666666666671,0.0016174000047612935,0.006106999993789941,0.000367600005120039,0.1544992999988608,0.27086119999876246,0.10912489998736419,0.02623329998459667,0.022709099983330816,0.023507500009145588,0.02091449999716133,0.0004900000058114529
0.7,Borda LP3 ($ 	heta $ Only),22,295,0.005611228361407873,,1,22,7,15,0.00045760915269089713,93.33333333333333,6.666666666666671,0.00444630000856705,0.005482099979417399,0.0009079000155907124,0.14470360000268556,0.2583206999988761,0.11307570000644773,0.026068200008012354,0.026176200015470386,0.0303682999801822,0.029794200003379956,0.000618399993982166
0.7,Borda LP3 ($ 	heta $ Only),23,318,0.00321114180701105,,3,15,4,11,0.00034286160728103185,93.33333333333333,6.666666666666671,0.0016508999979123473,0.00871620001271367,0.0003868000057991594,0.173206699982984,0.2725718999863602,0.13902939998661168,0.026254799973685294,0.030739999987417832,0.04619540000567213,0.03232109997770749,0.000506000011228025
0.7,Borda LP3 ($ 	heta $ Only),24,342,0.005595226067955946,,7,28,3,25,0.0003404790396512583,93.33333333333333,6.666666666666671,0.0018317000067327172,0.007329700019909069,0.0015255999751389027,0.1512120999977924,0.2821185999782756,0.09831540001323447,0.02519450002000667,0.021403899998404086,0.018811499990988523,0.020457100006751716,0.0004810999962501228
0.7,Borda LP3 ($ 	heta $ Only),25,367,0.004998898493741139,,13,20,2,18,0.0003027709504332475,86.66666666666667,13.333333333333329,0.005254099989542738,0.007641300006071106,0.0005554000090342015,0.15000970000983216,0.4400263999996241,0.09877640000195242,0.022623299999395385,0.025284300005296245,0.0233977000170853,0.02646429999731481,0.00045369999133981764
0.7,Borda LP3 ($ 	heta $ Only),26,393,0.006281490896110851,,14,24,9,15,0.00033595470192418204,93.33333333333333,6.666666666666671,0.0016242999990936369,0.006148500018753111,0.0004090000002179295,0.15165029998752289,0.25811520000570454,0.11780770000768825,0.023897900013253093,0.02476500000921078,0.021448899991810322,0.020525400002952665,0.000514300016220659
0.7,Borda LP3 ($ 	heta $ Only),27,420,0.003343928197265177,,8,16,0,16,0.00030013180373724985,80.0,20.0,0.0021090999944135547,0.005556500022066757,0.0003651999868452549,0.14952720000292175,0.2723435999942012,0.11510549997910857,0.030612500006100163,0.0394906000001356,0.03550819997326471,0.026764499983983114,0.0004842999915126711
0.7,Borda LP3 ($ 	heta $ Only),28,448,0.004073562425966537,,12,17,4,13,0.00029678066259425633,93.33333333333333,6.666666666666671,0.001649899990297854,0.009078299975953996,0.0005761999927926809,0.20653689999016933,0.2735588999930769,0.0941416000132449,0.025901699991663918,0.021237999986624345,0.020378699991852045,0.020907699974486604,0.00045640001189894974
0.7,Borda LP3 ($ 	heta $ Only),29,477,0.003145272281507751,,8,17,2,15,0.0002950029572235968,86.66666666666667,13.333333333333329,0.0016201999969780445,0.005754200014052913,0.0003578999894671142,0.15217079999274574,0.2563850999868009,0.10343109999666922,0.02511309998226352,0.022884000005433336,0.022705200011841953,0.024826800014125183,0.0004797000146936625
0.7,Borda LP3 ($ 	heta $ Only),30,507,0.004858257357265653,,7,26,7,19,0.00035281000204076725,93.33333333333333,6.666666666666671,0.0017986999882850796,0.010068500007037073,0.0003847000189125538,0.15079399998649023,0.2793727999960538,0.09969740000087768,0.02881550000165589,0.024105000018607825,0.024727100011659786,0.023955099983140826,0.000922399980481714
0.7,Borda LP3 ($ 	heta $ Only),31,538,0.006289407732155186,,2,27,14,13,0.00046445847579444,93.33333333333333,6.666666666666671,0.002225100004579872,0.01979570000548847,0.00039909998304210603,0.22180590001516975,0.31465169999864884,0.08338899997761473,0.023287099989829585,0.02834769999026321,0.022640699986368418,0.023254800005815923,0.0005167000053916126
0.7,Borda LP3 ($ 	heta $ Only),32,570,0.003063050670784,,9,16,3,13,0.0002462803154499873,86.66666666666667,13.333333333333329,0.0016155999910552055,0.00554710000869818,0.000368200009688735,0.16332229998079129,0.3370528999948874,0.14559110000845976,0.08057849999750033,0.09320220001973212,0.061100799997802824,0.02787479999824427,0.0004683000151999295
0.7,Borda LP3 ($ 	heta $ Only),33,603,0.004606131507932732,,3,19,4,15,0.00039595790820028234,93.33333333333333,6.666666666666671,0.001819700002670288,0.010419700003694743,0.0003929999948013574,0.16929769999114797,0.2688266999903135,0.1022483000124339,0.029203499987488613,0.024776100006420165,0.03455229999963194,0.03972060000523925,0.0005216999852564186
0.7,Borda LP3 ($ 	heta $ Only),34,637,0.0035923564240534847,,6,15,0,15,0.0002845550360412208,93.33333333333333,6.666666666666671,0.0023339000181294978,0.006186599988723174,0.001811399997677654,0.14645080000627786,0.2771556000225246,0.10211959999287501,0.020716699975309893,0.023208200000226498,0.02094829999259673,0.021894199977396056,0.00048680001054890454
0.7,Borda LP3 ($ 	heta $ Only),35,672,0.004100538595053246,,11,17,2,15,0.0003591244877355777,93.33333333333333,6.666666666666671,0.0017589000053703785,0.007128099998226389,0.0003635000030044466,0.23792439998942427,0.22443729999940842,0.1448683000053279,0.024673600011738017,0.023766700003761798,0.023768399987602606,0.02843029997893609,0.00046320000546984375
0.7,Borda LP3 ($ 	heta $ Only),36,708,0.003120769842500843,,6,19,0,19,0.00035418877942763806,93.33333333333333,6.666666666666671,0.005099800007883459,0.005629999999655411,0.00035600000410340726,0.1572362000006251,0.4038169000123162,0.11593090000678785,0.027702499995939434,0.02034859999548644,0.022132499987492338,0.02384479998727329,0.0004811999970115721
0.7,Borda LP3 ($ 	heta $ Only),37,745,0.005722801327432738,,11,24,7,17,0.00041816561686295044,93.33333333333333,6.666666666666671,0.001857199997175485,0.007940799987409264,0.00042580001172609627,0.16374059999361634,0.27938049999647774,0.09836629999335855,0.02286570001160726,0.026370400009909645,0.02066259999992326,0.021160700009204447,0.00046540002222172916
0.7,Borda LP3 ($ 	heta $ Only),38,783,0.004803637871526015,,4,21,1,20,0.0004207913637779796,93.33333333333333,6.666666666666671,0.006881000008434057,0.005676200002199039,0.00035600000410340726,0.1630769000039436,0.2789459000050556,0.1110476000176277,0.024656299996422604,0.026044400001410395,0.023475200025131926,0.029718500009039417,0.0004926999972667545
0.7,Borda LP3 ($ 	heta $ Only),39,822,0.004278617646244337,,9,19,1,18,0.0003216455486347566,93.33333333333333,6.666666666666671,0.0016318999987561256,0.010017599997809157,0.0005686999938916415,0.15329940000083297,0.34002940001664683,0.09386400002404116,0.09436389998882078,0.10180799997760914,0.0523484000004828,0.03315400000428781,0.000911299983272329
0.7,Borda LP3 ($ 	heta $ Only),40,862,0.006397088512002482,,7,29,7,22,0.00047650765331180416,93.33333333333333,6.666666666666671,0.001943600014783442,0.007910599990282208,0.0005604999896604568,0.15023850000579841,0.2734864999947604,0.1083828000118956,0.029772600013529882,0.023203000018838793,0.027580900001339614,0.024636799993459135,0.0009239000210072845
0.7,Borda LP3 ($ 	heta $ Only),41,903,0.0047843552673133465,,3,21,4,17,0.0003851282500047134,93.33333333333333,6.666666666666671,0.00577079999493435,0.006214900000486523,0.0005189000221434981,0.21238830001675524,0.28026140001020394,0.10092769999755546,0.024674000014783815,0.0259784999943804,0.02563340001506731,0.03165410002111457,0.0009685000113677233
0.7,Borda LP3 ($ 	heta $ Only),42,945,0.006215263370848258,,17,27,4,23,0.00031575449709431554,86.66666666666667,13.333333333333329,0.0026436000189278275,0.00539149998803623,0.00039999998989515007,0.14659279998159036,0.23791379999602214,0.17863480001688004,0.021829300007084385,0.026299599994672462,0.026130299986107275,0.03201340002124198,0.0010695999953895807
0.7,Borda LP3 ($ 	heta $ Only),43,988,0.0038054763547834968,,12,18,2,16,0.00025650692295180666,86.66666666666667,13.333333333333329,0.005480599997099489,0.008990699978312477,0.001215800002682954,0.15094069999759085,0.28475339998840354,0.09068329998990521,0.025450400018598884,0.03089869997347705,0.022949700010940433,0.02547170000616461,0.00046010001096874475
0.7,Borda LP3 ($ 	heta $ Only),44,1032,0.0058638363457119555,,11,23,7,16,0.0004730948288720116,93.33333333333333,6.666666666666671,0.004400599980726838,0.010505699989153072,0.000387399981264025,0.14780179999070242,0.38585710001643747,0.08906929998192936,0.025724499981151894,0.026190899981884286,0.024756500002695248,0.02209959999890998,0.0008851000166032463
0.7,Borda LP3 ($ 	heta $ Only),45,1077,0.004062337796146836,,8,14,5,9,0.00026521310890601803,93.33333333333333,6.666666666666671,0.0015987000078894198,0.007179100008215755,0.00039739999920129776,0.14752869997755624,0.2500751000188757,0.14136060001328588,0.023075600009178743,0.023546499985968694,0.025405599997611716,0.029929199983598664,0.000988499989034608
0.7,Borda LP3 ($ 	heta $ Only),46,1123,0.005469305989985316,,5,25,7,18,0.00039929050100169576,93.33333333333333,6.666666666666671,0.001614599983440712,0.008848299999954179,0.000394199974834919,0.15818959998432547,0.26059479999821633,0.10967510001501068,0.029687600006582215,0.025992800015956163,0.0315450000052806,0.034982899989699945,0.002333700016606599
0.7,Borda LP3 ($ 	heta $ Only),47,1170,0.0035954204941163236,,3,16,5,11,0.0003600653486195798,93.33333333333333,6.666666666666671,0.0028939999756403267,0.007084599987138063,0.0006292999896686524,0.37515150001854636,0.2652832000167109,0.13448069998412393,0.027226700010942295,0.025312700017821044,0.022782199986977503,0.026546499982941896,0.0004992999893147498
0.7,Borda LP3 ($ 	heta $ Only),48,1218,0.005601788808297662,,7,27,7,20,0.00034904653964961595,93.33333333333333,6.666666666666671,0.004436600022017956,0.013563099986640736,0.0006754999922122806,0.20995619997847825,0.27524229997652583,0.09660009999061003,0.023612899996805936,0.024474200006807223,0.024311899993335828,0.025119700003415346,0.0012873999949079007
0.7,Borda LP3 ($ 	heta $ Only),49,1267,0.0016466389324931567,,10,5,2,3,0.00013971669683841907,86.66666666666667,13.333333333333329,0.004704199993284419,0.006411999987903982,0.000375000003259629,0.16725830000359565,0.3093444000114687,0.14511479999055155,0.03280590000213124,0.03350009999121539,0.03912729999865405,0.02614149998407811,0.00047289999201893806
0.7,Linear BTL,0,42,,-205.3057852527786,12,23,0,23,,,,0.0028178000065963715,0.014435099990805611,0.0003718000079970807,0.16599109998787753,0.2807375999982469,0.08981509998557158,0.02882330000284128,0.027595500025199726,0.022209999995538965,0.021241000009467825,0.0004597000079229474
0.7,Linear BTL,1,43,,-185.2863277511021,10,19,2,17,,,,0.0024769000010564923,0.005820299993501976,0.00037039999733678997,0.13523849999182858,0.2342754999990575,0.1242389999970328,0.022771399992052466,0.023073999996995553,0.02520969999022782,0.021678499993868172,0.0005005999992135912
0.7,Linear BTL,2,45,,-166.92475119377033,6,16,3,13,,,,0.006545000011101365,0.007854700001189485,0.0006088000081945211,0.16290239998488687,0.25864059999003075,0.09820430001127534,0.02802330002305098,0.02292180000222288,0.026352199987741187,0.029815299989422783,0.000836499995784834
0.7,Linear BTL,3,48,,-189.7503439581804,13,21,2,19,,,,0.0020376000029500574,0.006132500013336539,0.0003630999999586493,0.1597329000069294,0.36490290000801906,0.09182480000890791,0.02521990000968799,0.021570299984887242,0.020923999982187524,0.02768520000972785,0.0004526000120677054
0.7,Linear BTL,4,52,,-192.91002245069868,8,14,2,12,,,,0.0016056000022217631,0.012742899998556823,0.0005652999971061945,0.14085529997828417,0.30172119999770075,0.14482020001742058,0.023666499997489154,0.03450070001417771,0.030221499997423962,0.22126779999234714,0.003983099973993376
0.7,Linear BTL,5,57,,-202.04630380802166,9,22,6,16,,,,0.03400749998399988,0.01984010002342984,0.0009267000132240355,0.24688310001511127,0.2548933000070974,0.12437460001092404,0.025962999992771074,0.02230430001509376,0.028401500021573156,0.029136400000425056,0.0022779999999329448
0.7,Linear BTL,6,63,,-159.27318432684228,3,16,5,11,,,,0.0019424999773036689,0.0062867999949958175,0.001567000028444454,0.14298830000916496,0.3137339999957476,0.09658059998764656,0.022794899996370077,0.027833000000100583,0.03159820000291802,0.031489299988606945,0.0009520000021439046
0.7,Linear BTL,7,70,,-197.852548834252,2,19,4,15,,,,0.0016196999931707978,0.011199000000488013,0.0006392999785020947,0.16239290000521578,0.24874710000585765,0.10047209999174811,0.02951379999285564,0.023674099997151643,0.03061140002682805,0.024204199988162145,0.0027938999992329627
0.7,Linear BTL,8,78,,-191.24590775856055,8,29,2,27,,,,0.0022530000132974237,0.006372000003466383,0.000367300002835691,0.1503284999926109,0.30107410001801327,0.09536149998893961,0.026161099987803027,0.024088200007099658,0.021863100002519786,0.029032999998889863,0.00047450000420212746
0.7,Linear BTL,9,87,,-193.70775623144308,12,20,1,19,,,,0.0018494999967515469,0.008885999995982274,0.000434000015957281,0.12401949998456985,0.2650543999916408,0.13636659999610856,0.02558270000736229,0.01859110000077635,0.0187838000128977,0.021190300001762807,0.0008772000146564096
0.7,Linear BTL,10,97,,-191.1691020075691,13,23,1,22,,,,0.0021672000002581626,0.009500999993178993,0.0008974999946076423,0.2022612000000663,0.21731559999170713,0.097019899985753,0.023737599985906854,0.030711900006281212,0.02617540000937879,0.0221871999965515,0.0008688000089023262
0.7,Linear BTL,11,108,,-177.16856776278505,9,16,1,15,,,,0.0016030000115279108,0.008965799992438406,0.0005774000019300729,0.23870289998012595,0.2698528999753762,0.18603320000693202,0.14045070001157,0.0661289999843575,0.023077799996826798,0.031123299995670095,0.000899200007552281
0.7,Linear BTL,12,120,,-196.04018608935635,11,28,1,27,,,,0.0036265999951865524,0.006313899997621775,0.000543099973583594,0.14307670001289807,0.26385379998828284,0.11721629998646677,0.025176499999361113,0.02839520000270568,0.019574100006138906,0.018846799997845665,0.00046300000394694507
0.7,Linear BTL,13,133,,-181.6494779188479,3,16,8,8,,,,0.001597599999513477,0.006832300015958026,0.00038029998540878296,0.16363970001111738,0.32062240000232123,0.11423500001546927,0.04403019999153912,0.037211099988780916,0.03120830000261776,0.04531459999270737,0.001521300000604242
0.7,Linear BTL,14,147,,-209.06300931976185,9,27,4,23,,,,0.0033258000039495528,0.012115699995774776,0.0008344000088982284,0.20453469999483787,0.33923489999142475,0.11359630001243204,0.023489800019888207,0.03024380002170801,0.0285472999967169,0.021509200014406815,0.00048740001511760056
0.7,Linear BTL,15,162,,-185.43745711799392,11,20,6,14,,,,0.0016439000028185546,0.007171599980210885,0.0003755000070668757,0.12622139998711646,0.334160400001565,0.1082518000039272,0.025567000004230067,0.02289520000340417,0.025212799984728917,0.024613199988380075,0.00046300000394694507
0.7,Linear BTL,16,178,,-203.59567581665976,19,18,4,14,,,,0.0024611999979242682,0.007475599995814264,0.00035930000012740493,0.14579629999934696,0.29911819999688305,0.11620869999751449,0.031819499999983236,0.03810540001722984,0.027833800006192178,0.02357990000746213,0.0008205999911297113
0.7,Linear BTL,17,195,,-139.4434190471199,7,11,1,10,,,,0.002041500003542751,0.0064430999918840826,0.00037150000571273267,0.18176070001209155,0.25905900000361726,0.10462340002413839,0.034519200009526685,0.039076699991710484,0.027698099991539493,0.027613500016741455,0.0004791000101249665
0.7,Linear BTL,18,213,,-164.9850734553971,12,11,0,11,,,,0.0018146999937016517,0.007701499998802319,0.0012136000150348991,0.14626229999703355,0.46687989999190904,0.11605649997363798,0.021485899982508272,0.021746400016127154,0.028035399998771027,0.021822100010467693,0.0004869000113103539
0.7,Linear BTL,19,232,,-199.1474066097661,1,34,8,26,,,,0.005645199998980388,0.005842200014740229,0.0003999000182375312,0.1805058000027202,0.27338280002004467,0.0953657999925781,0.026022200006991625,0.025841299997409806,0.023973100003786385,0.028144200012320653,0.0005078999965917319
0.7,Linear BTL,20,252,,-211.02710478125485,18,33,3,30,,,,0.0017915999924298376,0.010909900011029094,0.000381199992261827,0.1470710000139661,0.3398069000104442,0.11983409998356365,0.027666599984513596,0.023411700007272884,0.030851999996230006,0.02588219998870045,0.0004414999857544899
0.7,Linear BTL,21,273,,-179.38109364993787,6,22,1,21,,,,0.0016174000047612935,0.006106999993789941,0.000367600005120039,0.1544992999988608,0.27086119999876246,0.10912489998736419,0.02623329998459667,0.022709099983330816,0.023507500009145588,0.02091449999716133,0.0004900000058114529
0.7,Linear BTL,22,295,,-182.26119189425643,1,26,5,21,,,,0.00444630000856705,0.005482099979417399,0.0009079000155907124,0.14470360000268556,0.2583206999988761,0.11307570000644773,0.026068200008012354,0.026176200015470386,0.0303682999801822,0.029794200003379956,0.000618399993982166
0.7,Linear BTL,23,318,,-163.9039702838131,3,16,4,12,,,,0.0016508999979123473,0.00871620001271367,0.0003868000057991594,0.173206699982984,0.2725718999863602,0.13902939998661168,0.026254799973685294,0.030739999987417832,0.04619540000567213,0.03232109997770749,0.000506000011228025
0.7,Linear BTL,24,342,,-195.62105814143717,7,28,2,26,,,,0.0018317000067327172,0.007329700019909069,0.0015255999751389027,0.1512120999977924,0.2821185999782756,0.09831540001323447,0.02519450002000667,0.021403899998404086,0.018811499990988523,0.020457100006751716,0.0004810999962501228
0.7,Linear BTL,25,367,,-201.72562757668487,13,21,3,18,,,,0.005254099989542738,0.007641300006071106,0.0005554000090342015,0.15000970000983216,0.4400263999996241,0.09877640000195242,0.022623299999395385,0.025284300005296245,0.0233977000170853,0.02646429999731481,0.00045369999133981764
0.7,Linear BTL,26,393,,-203.4979555351628,14,29,10,19,,,,0.0016242999990936369,0.006148500018753111,0.0004090000002179295,0.15165029998752289,0.25811520000570454,0.11780770000768825,0.023897900013253093,0.02476500000921078,0.021448899991810322,0.020525400002952665,0.000514300016220659
0.7,Linear BTL,27,420,,-177.12395784795729,8,19,0,19,,,,0.0021090999944135547,0.005556500022066757,0.0003651999868452549,0.14952720000292175,0.2723435999942012,0.11510549997910857,0.030612500006100163,0.0394906000001356,0.03550819997326471,0.026764499983983114,0.0004842999915126711
0.7,Linear BTL,28,448,,-187.17918504410326,12,19,4,15,,,,0.001649899990297854,0.009078299975953996,0.0005761999927926809,0.20653689999016933,0.2735588999930769,0.0941416000132449,0.025901699991663918,0.021237999986624345,0.020378699991852045,0.020907699974486604,0.00045640001189894974
0.7,Linear BTL,29,477,,-186.36150473712257,8,16,1,15,,,,0.0016201999969780445,0.005754200014052913,0.0003578999894671142,0.15217079999274574,0.2563850999868009,0.10343109999666922,0.02511309998226352,0.022884000005433336,0.022705200011841953,0.024826800014125183,0.0004797000146936625
0.7,Linear BTL,30,507,,-180.40221943463374,7,23,4,19,,,,0.0017986999882850796,0.010068500007037073,0.0003847000189125538,0.15079399998649023,0.2793727999960538,0.09969740000087768,0.02881550000165589,0.024105000018607825,0.024727100011659786,0.023955099983140826,0.000922399980481714
0.7,Linear BTL,31,538,,-195.81290702404567,2,27,10,17,,,,0.002225100004579872,0.01979570000548847,0.00039909998304210603,0.22180590001516975,0.31465169999864884,0.08338899997761473,0.023287099989829585,0.02834769999026321,0.022640699986368418,0.023254800005815923,0.0005167000053916126
0.7,Linear BTL,32,570,,-196.35002131543968,9,16,4,12,,,,0.0016155999910552055,0.00554710000869818,0.000368200009688735,0.16332229998079129,0.3370528999948874,0.14559110000845976,0.08057849999750033,0.09320220001973212,0.061100799997802824,0.02787479999824427,0.0004683000151999295
0.7,Linear BTL,33,603,,-199.72033244771728,3,22,3,19,,,,0.001819700002670288,0.010419700003694743,0.0003929999948013574,0.16929769999114797,0.2688266999903135,0.1022483000124339,0.029203499987488613,0.024776100006420165,0.03455229999963194,0.03972060000523925,0.0005216999852564186
0.7,Linear BTL,34,637,,-173.333194757727,6,18,0,18,,,,0.0023339000181294978,0.006186599988723174,0.001811399997677654,0.14645080000627786,0.2771556000225246,0.10211959999287501,0.020716699975309893,0.023208200000226498,0.02094829999259673,0.021894199977396056,0.00048680001054890454
0.7,Linear BTL,35,672,,-194.34139334866543,11,18,2,16,,,,0.0017589000053703785,0.007128099998226389,0.0003635000030044466,0.23792439998942427,0.22443729999940842,0.1448683000053279,0.024673600011738017,0.023766700003761798,0.023768399987602606,0.02843029997893609,0.00046320000546984375
0.7,Linear BTL,36,708,,-175.94962484758656,6,20,0,20,,,,0.005099800007883459,0.005629999999655411,0.00035600000410340726,0.1572362000006251,0.4038169000123162,0.11593090000678785,0.027702499995939434,0.02034859999548644,0.022132499987492338,0.02384479998727329,0.0004811999970115721
0.7,Linear BTL,37,745,,-206.15669871098243,11,26,6,20,,,,0.001857199997175485,0.007940799987409264,0.00042580001172609627,0.16374059999361634,0.27938049999647774,0.09836629999335855,0.02286570001160726,0.026370400009909645,0.02066259999992326,0.021160700009204447,0.00046540002222172916
0.7,Linear BTL,38,783,,-185.81220585020668,4,25,1,24,,,,0.006881000008434057,0.005676200002199039,0.00035600000410340726,0.1630769000039436,0.2789459000050556,0.1110476000176277,0.024656299996422604,0.026044400001410395,0.023475200025131926,0.029718500009039417,0.0004926999972667545
0.7,Linear BTL,39,822,,-193.835119594244,9,22,1,21,,,,0.0016318999987561256,0.010017599997809157,0.0005686999938916415,0.15329940000083297,0.34002940001664683,0.09386400002404116,0.09436389998882078,0.10180799997760914,0.0523484000004828,0.03315400000428781,0.000911299983272329
0.7,Linear BTL,40,862,,-195.6039733692662,7,29,7,22,,,,0.001943600014783442,0.007910599990282208,0.0005604999896604568,0.15023850000579841,0.2734864999947604,0.1083828000118956,0.029772600013529882,0.023203000018838793,0.027580900001339614,0.024636799993459135,0.0009239000210072845
0.7,Linear BTL,41,903,,-184.79891141585838,3,24,5,19,,,,0.00577079999493435,0.006214900000486523,0.0005189000221434981,0.21238830001675524,0.28026140001020394,0.10092769999755546,0.024674000014783815,0.0259784999943804,0.02563340001506731,0.03165410002111457,0.0009685000113677233
0.7,Linear BTL,42,945,,-207.8659929287042,17,29,3,26,,,,0.0026436000189278275,0.00539149998803623,0.00039999998989515007,0.14659279998159036,0.23791379999602214,0.17863480001688004,0.021829300007084385,0.026299599994672462,0.026130299986107275,0.03201340002124198,0.0010695999953895807
0.7,Linear BTL,43,988,,-197.10437931538445,12,21,2,19,,,,0.005480599997099489,0.008990699978312477,0.001215800002682954,0.15094069999759085,0.28475339998840354,0.09068329998990521,0.025450400018598884,0.03089869997347705,0.022949700010940433,0.02547170000616461,0.00046010001096874475
0.7,Linear BTL,44,1032,,-208.41302916960717,11,30,5,25,,,,0.004400599980726838,0.010505699989153072,0.000387399981264025,0.14780179999070242,0.38585710001643747,0.08906929998192936,0.025724499981151894,0.026190899981884286,0.024756500002695248,0.02209959999890998,0.0008851000166032463
0.7,Linear BTL,45,1077,,-166.2520503867213,8,17,5,12,,,,0.0015987000078894198,0.007179100008215755,0.00039739999920129776,0.14752869997755624,0.2500751000188757,0.14136060001328588,0.023075600009178743,0.023546499985968694,0.025405599997611716,0.029929199983598664,0.000988499989034608
0.7,Linear BTL,46,1123,,-206.67302222515323,5,25,6,19,,,,0.001614599983440712,0.008848299999954179,0.000394199974834919,0.15818959998432547,0.26059479999821633,0.10967510001501068,0.029687600006582215,0.025992800015956163,0.0315450000052806,0.034982899989699945,0.002333700016606599
0.7,Linear BTL,47,1170,,-168.27945839970826,3,19,4,15,,,,0.0028939999756403267,0.007084599987138063,0.0006292999896686524,0.37515150001854636,0.2652832000167109,0.13448069998412393,0.027226700010942295,0.025312700017821044,0.022782199986977503,0.026546499982941896,0.0004992999893147498
0.7,Linear BTL,48,1218,,-198.58870057295553,7,27,6,21,,,,0.004436600022017956,0.013563099986640736,0.0006754999922122806,0.20995619997847825,0.27524229997652583,0.09660009999061003,0.023612899996805936,0.024474200006807223,0.024311899993335828,0.025119700003415346,0.0012873999949079007
0.7,Linear BTL,49,1267,,-174.80924063674203,10,8,3,5,,,,0.004704199993284419,0.006411999987903982,0.000375000003259629,0.16725830000359565,0.3093444000114687,0.14511479999055155,0.03280590000213124,0.03350009999121539,0.03912729999865405,0.02614149998407811,0.00047289999201893806
0.8,LP2 ($ 	heta $ Only),0,42,4.0354203809820014e-05,,13,24,5,19,4.0354203809820014e-05,40.0,60.0,0.0027734999894164503,0.014139700011583045,0.0008657999860588461,0.17608460001065396,0.2456155999971088,0.1410459000035189,0.025847099983366206,0.025304000009782612,0.022600900003453717,0.02481999999145046,0.00047330002416856587
0.8,LP2 ($ 	heta $ Only),1,43,7.462464265552046e-05,,12,29,2,27,7.462464265552044e-05,60.0,40.0,0.005240600003162399,0.008755599992582574,0.00059120001969859,0.16087890000198968,0.2687445000046864,0.12966760000563227,0.028021999984048307,0.02779920000466518,0.021846700023161247,0.02098679999471642,0.0004591000033542514
0.8,LP2 ($ 	heta $ Only),2,45,6.426503928143446e-05,,7,37,9,28,6.426503928143446e-05,60.0,40.0,0.0034666999999899417,0.007885899976827204,0.0005827999848406762,0.25554829998873174,0.26242139999521896,0.08716850000200793,0.020078200002899393,0.04265119999763556,0.02397560002282262,0.0210920000099577,0.0011642999888863415
0.8,LP2 ($ 	heta $ Only),3,48,5.2673563465442364e-05,,8,25,7,18,5.267356346544237e-05,53.333333333333336,46.666666666666664,0.0016289999766740948,0.005301299999700859,0.00035089999437332153,0.20267329999478534,0.2583178000058979,0.10607020001043566,0.025047100003575906,0.025130499998340383,0.027136800024891272,0.02608079998753965,0.0005020999815315008
0.8,LP2 ($ 	heta $ Only),4,52,9.242998292020598e-05,,9,21,4,17,9.242998292020598e-05,53.333333333333336,46.666666666666664,0.0023567999887745827,0.008149100001901388,0.0003726000140886754,0.1544817999820225,0.28949950000969693,0.12967080000089481,0.028031199995893985,0.02203309998731129,0.03368299998692237,0.025287700002081692,0.001402800000505522
0.8,LP2 ($ 	heta $ Only),5,57,4.4637454351456055e-05,,9,34,3,31,4.4637454351456055e-05,60.0,40.0,0.0018512999813538045,0.006667600013315678,0.0005788000125903636,0.22626180000952445,0.26458760001696646,0.09987619999446906,0.024686199991265312,0.025538799993228167,0.02138560000457801,0.01996030000736937,0.00047270001959986985
0.8,LP2 ($ 	heta $ Only),6,63,6.176885982211365e-05,,7,17,7,10,6.176885982211365e-05,53.333333333333336,46.666666666666664,0.0016308999911416322,0.005855499999597669,0.00039080000715330243,0.1613286999927368,0.2853627000004053,0.11503250000532717,0.02859790000366047,0.02321360001224093,0.02565390002564527,0.028176699997857213,0.0009476999985054135
0.8,LP2 ($ 	heta $ Only),7,70,0.0001008463796821104,,2,25,6,19,0.00010084637968211038,60.0,40.0,0.0018383999995421618,0.005587700026808307,0.0003750999749172479,0.1566453000123147,0.28629780001938343,0.09463449998293072,0.029517399991163984,0.024217300000600517,0.026232800009893253,0.02323439999599941,0.0005011000030208379
0.8,LP2 ($ 	heta $ Only),8,78,9.451792264894461e-05,,4,35,15,20,9.451792264894461e-05,53.333333333333336,46.666666666666664,0.00622280000243336,0.00587749999249354,0.0003761999832931906,0.16042319999542087,0.2825355000095442,0.2432109999936074,0.03828610002528876,0.025915300007909536,0.023892800003523007,0.024820499995257705,0.005196600017370656
0.8,LP2 ($ 	heta $ Only),9,87,3.521497016180188e-05,,14,25,2,23,3.521497016180187e-05,46.666666666666664,53.333333333333336,0.00412769999820739,0.010407699999632314,0.000384299986762926,0.25174320000223815,0.41523110002162866,0.197408500011079,0.02121659999829717,0.03345149999950081,0.03248860000167042,0.03222380002262071,0.0004734999965876341
0.8,LP2 ($ 	heta $ Only),10,97,9.000479044790673e-05,,13,21,4,17,9.000479044790674e-05,60.0,40.0,0.0016290999774355441,0.009017400006996468,0.00036230002297088504,0.1969960999849718,0.24365939997369424,0.09577889999491163,0.02142259999527596,0.02955489998566918,0.027644799993140623,0.021395200019469485,0.00045200000749900937
0.8,LP2 ($ 	heta $ Only),11,108,6.948728623577092e-05,,7,18,2,16,6.948728623577092e-05,53.333333333333336,46.666666666666664,0.001643700001295656,0.008801299991318956,0.0005680999893229455,0.15374619999784045,0.2687342000135686,0.11815870000282302,0.03154470000299625,0.025899100000970066,0.023900899977888912,0.051630000001750886,0.0011156999971717596
0.8,LP2 ($ 	heta $ Only),12,120,8.649269616360236e-05,,15,30,6,24,8.649269616360238e-05,53.333333333333336,46.666666666666664,0.00428480000118725,0.01631240002461709,0.0007671000203117728,0.3375761000206694,0.25492840001243167,0.10382340001524426,0.023586499999510124,0.02375579997897148,0.02787469999748282,0.022250399983022362,0.0004512000014074147
0.8,LP2 ($ 	heta $ Only),13,133,9.65621294601575e-05,,4,23,7,16,9.65621294601575e-05,60.0,40.0,0.001876299997093156,0.006299900007434189,0.0003902000025846064,0.20153719998779707,0.35627150000073016,0.10188119998201728,0.025556799984769896,0.024776600010227412,0.02148480000323616,0.022832199989352375,0.0005001999961677939
0.8,LP2 ($ 	heta $ Only),14,147,7.362862366215407e-05,,9,30,4,26,7.362862366215406e-05,60.0,40.0,0.008659099985379726,0.0054472000047098845,0.0005152999947313219,0.140987100021448,0.25752330000977963,0.1916301999881398,0.022179999999934807,0.02182120000361465,0.020353600004455075,0.06379890002426691,0.0013958000054117292
0.8,LP2 ($ 	heta $ Only),15,162,7.732935135962849e-05,,4,31,15,16,7.732935135962849e-05,60.0,40.0,0.0027846000157296658,0.00845539997681044,0.000587800022913143,0.17056800000136718,0.4519504999916535,0.1137641999812331,0.02836110000498593,0.024693199986359105,0.0247901999973692,0.025429900008020923,0.0004960000223945826
0.8,LP2 ($ 	heta $ Only),16,178,5.16603705549584e-05,,22,24,3,21,5.16603705549584e-05,46.666666666666664,53.333333333333336,0.0020960000110790133,0.010303799994289875,0.0005601000157184899,0.13055150001309812,0.22622229999979027,0.11537899999530055,0.023562799993669614,0.020122199988691136,0.022690000012516975,0.019348600006196648,0.0007899000192992389
0.8,LP2 ($ 	heta $ Only),17,195,5.2289961928389604e-05,,7,13,4,9,5.2289961928389604e-05,46.666666666666664,53.333333333333336,0.0016273999935947359,0.005825500003993511,0.0005307999963406473,0.15142109998851083,0.25504190000356175,0.08926749997772276,0.029816499998560175,0.026574899995466694,0.024028999992879108,0.020590600004652515,0.0004805999924428761
0.8,LP2 ($ 	heta $ Only),18,213,4.6336346937668574e-05,,13,18,2,16,4.6336346937668574e-05,53.333333333333336,46.666666666666664,0.0016231000190600753,0.007051799999317154,0.0003606999816838652,0.13643310000770725,0.32228749999194406,0.14886449999175966,0.024156400002539158,0.022445099981268868,0.020336799992946908,0.025432599999476224,0.0012568999954964966
0.8,LP2 ($ 	heta $ Only),19,232,6.261517608370317e-05,,8,29,10,19,6.261517608370317e-05,40.0,60.0,0.002455699985148385,0.006521500006783754,0.000513100007083267,0.1506156999967061,0.2936133999901358,0.11587939999299124,0.02379599999403581,0.03291140001965687,0.04695339998579584,0.035711799981072545,0.0004882999928668141
0.8,LP2 ($ 	heta $ Only),20,252,8.023104523982596e-05,,15,27,3,24,8.023104523982596e-05,53.333333333333336,46.666666666666664,0.004372600000351667,0.011230400006752461,0.0007474999874830246,0.14782549999654293,0.24798960000043735,0.09416070001316257,0.02182680001715198,0.026633999979821965,0.022989699995378032,0.023454399983165786,0.0006260999944061041
0.8,LP2 ($ 	heta $ Only),21,273,6.062012681931413e-05,,10,26,5,21,6.062012681931412e-05,53.333333333333336,46.666666666666664,0.0017134000081568956,0.005745100002968684,0.0003600000054575503,0.15371139999479055,0.23749749999842606,0.1811230000166688,0.022420099994633347,0.019753300002776086,0.028355399990687147,0.04593890000251122,0.00048099999548867345
0.8,LP2 ($ 	heta $ Only),22,295,7.160826546019214e-05,,5,25,10,15,7.160826546019214e-05,60.0,40.0,0.001894199987873435,0.01393300000927411,0.00040439999429509044,0.154592800012324,0.2782279999810271,0.12599969998700544,0.15808470000047237,0.06098169999313541,0.026183900015894324,0.03175809999811463,0.0009448999771848321
0.8,LP2 ($ 	heta $ Only),23,318,7.982588418102358e-05,,6,20,6,14,7.982588418102358e-05,60.0,40.0,0.00161339997430332,0.010273199994117022,0.0007750000222586095,0.149654200009536,0.2644473999971524,0.10801510000601411,0.022690200014039874,0.02305550000164658,0.026023400016129017,0.0308810000133235,0.0004870000120718032
0.8,LP2 ($ 	heta $ Only),24,342,8.206067149772884e-05,,11,45,15,30,8.206067149772884e-05,53.333333333333336,46.666666666666664,0.0022222000116016716,0.008982200000900775,0.0005741000059060752,0.14336469999398105,0.26057529999525286,0.09600349998800084,0.022391800011973828,0.02137669999501668,0.02055419998941943,0.018586999998660758,0.00046609999844804406
0.8,LP2 ($ 	heta $ Only),25,367,4.1742421239430904e-05,,11,15,4,11,4.1742421239430904e-05,40.0,60.0,0.001607199985301122,0.005233300005784258,0.00034779999987222254,0.1668414999730885,0.230654399987543,0.0851117999991402,0.03048109999508597,0.02578440000070259,0.03603399998974055,0.024001699988730252,0.00046400001156143844
0.8,LP2 ($ 	heta $ Only),26,393,5.4932754339910315e-05,,15,26,6,20,5.493275433991031e-05,53.333333333333336,46.666666666666664,0.0016191000177059323,0.008583999995607883,0.0005720000190194696,0.24384420001297258,0.3271156999981031,0.08405499998480082,0.02224040002329275,0.021708000014768913,0.02424930001143366,0.02098380000097677,0.0004487999831326306
0.8,LP2 ($ 	heta $ Only),27,420,7.232777623751975e-05,,8,19,2,17,7.232777623751975e-05,53.333333333333336,46.666666666666664,0.005230500013567507,0.008000300003914163,0.0005920999974478036,0.1860805000178516,0.26639989999239333,0.10260829998878762,0.02465820001089014,0.02389059998677112,0.021281399996951222,0.027284500014502555,0.001000799995381385
0.8,LP2 ($ 	heta $ Only),28,448,4.7808610691721503e-05,,10,23,2,21,4.78086106917215e-05,53.333333333333336,46.666666666666664,0.0016386999923270196,0.008039900014409795,0.0005773000011686236,0.1640678999829106,0.25901529999100603,0.1779141000006348,0.021534700004849583,0.022873800015076995,0.020484899985603988,0.022368600009940565,0.0004690999921876937
0.8,LP2 ($ 	heta $ Only),29,477,5.045470822546615e-05,,17,14,3,11,5.045470822546614e-05,46.666666666666664,53.333333333333336,0.004511300008744001,0.006999000004725531,0.00037059999885968864,0.17682250001234934,0.23782249999931082,0.09009560002596118,0.02545570000074804,0.023641599982511252,0.039833799994084984,0.03422390000196174,0.00043569999979808927
0.8,LP2 ($ 	heta $ Only),30,507,6.388780603330106e-05,,11,25,7,18,6.388780603330106e-05,60.0,40.0,0.0016279999981634319,0.005712000012863427,0.0004956999910064042,0.15419370000017807,0.27183909999439493,0.09442310000304133,0.02508530000341125,0.024864999984856695,0.022085500007960945,0.024657900008605793,0.001873200002592057
0.8,LP2 ($ 	heta $ Only),31,538,8.021158351448655e-05,,7,23,8,15,8.021158351448655e-05,53.333333333333336,46.666666666666664,0.0016367999778594822,0.00510859998757951,0.0003609999839682132,0.22685099998489022,0.26184249998186715,0.07701599999563769,0.020354699983727187,0.030525799986207858,0.026529900002060458,0.02826429999549873,0.0005059000104665756
0.8,LP2 ($ 	heta $ Only),32,570,7.26990167610648e-05,,8,20,5,15,7.26990167610648e-05,53.333333333333336,46.666666666666664,0.0016878999886102974,0.010226499987766147,0.0003893999964930117,0.17729759999201633,0.2710435999906622,0.13701969999237917,0.025924100016709417,0.02394400001503527,0.025435900024604052,0.028093900007661432,0.0012340999965090305
0.8,LP2 ($ 	heta $ Only),33,603,7.76242514018513e-05,,8,32,7,25,7.762425140185131e-05,60.0,40.0,0.002323900000192225,0.010841600014828146,0.0005856000061612576,0.15078200001153164,0.2679581999836955,0.2502356999902986,0.05015400002594106,0.033757800003513694,0.037471799994818866,0.02764370001386851,0.0007236000092234462
0.8,LP2 ($ 	heta $ Only),34,637,5.359937846756428e-05,,8,27,3,24,5.359937846756429e-05,53.333333333333336,46.666666666666664,0.0018512000096961856,0.0068968999839853495,0.00038519999361597,0.1513033999945037,0.2667997000098694,0.08949499999289401,0.023956899996846914,0.025761099997907877,0.020287199993617833,0.03135360000305809,0.0009176000021398067
0.8,LP2 ($ 	heta $ Only),35,672,5.656844694383024e-05,,12,25,5,20,5.656844694383024e-05,53.333333333333336,46.666666666666664,0.0016140999796334654,0.009012800001073629,0.0005638999864459038,0.17498979999800213,0.3709089999902062,0.11665899999206886,0.02350099998875521,0.02851650002412498,0.023011799989035353,0.025155000010272488,0.0004613000201061368
0.8,LP2 ($ 	heta $ Only),36,708,8.56585326918711e-05,,7,24,8,16,8.56585326918711e-05,46.666666666666664,53.333333333333336,0.001632300001801923,0.008216699992772192,0.00037910000537522137,0.1551002999767661,0.2717461999855004,0.08708080000360496,0.024286200001370162,0.024362700001802295,0.02241969999158755,0.029129200003808364,0.0004813999985344708
0.8,LP2 ($ 	heta $ Only),37,745,7.592230706460325e-05,,20,29,9,20,7.592230706460325e-05,40.0,60.0,0.001862700009951368,0.00932509999256581,0.0010640000109560788,0.1404962999804411,0.43265339999925345,0.08144520001951605,0.023586199997225776,0.02091130000189878,0.02382000000216067,0.020848000014666468,0.0008156000112649053
0.8,LP2 ($ 	heta $ Only),38,783,5.7509516066221394e-05,,2,25,1,24,5.7509516066221394e-05,60.0,40.0,0.0016227999876718968,0.014529900014167652,0.0005902999837417156,0.1425976000027731,0.2721194000041578,0.1179734000179451,0.03165889999945648,0.028022500016959384,0.03293790001771413,0.02776669999002479,0.000516500003868714
0.8,LP2 ($ 	heta $ Only),39,822,8.663004698109687e-05,,11,34,12,22,8.663004698109687e-05,53.333333333333336,46.666666666666664,0.001648000004934147,0.00664500001585111,0.0003721999819390476,0.18100199999753386,0.26440220000222325,0.15811079999548383,0.02491320000262931,0.025082899985136464,0.027506599988555536,0.021928100002696738,0.00046320000546984375
0.8,LP2 ($ 	heta $ Only),40,862,8.74264186867521e-05,,9,30,13,17,8.742641868675211e-05,60.0,40.0,0.0036443000135477632,0.005816500022774562,0.0003755000070668757,0.1456031000125222,0.28072149999206886,0.09186580000096001,0.024752900004386902,0.023215699999127537,0.024149399978341535,0.031049100012751296,0.000908499991055578
0.8,LP2 ($ 	heta $ Only),41,903,7.434108907372942e-05,,10,26,10,16,7.434108907372942e-05,53.333333333333336,46.666666666666664,0.0016256000089924783,0.008514999994076788,0.0005826999840792269,0.18777180000324734,0.23791950001032092,0.08249440000508912,0.030478700005915016,0.0247531000059098,0.021830999990925193,0.02870450000045821,0.0009324999991804361
0.8,LP2 ($ 	heta $ Only),42,945,6.61215221003679e-05,,14,26,6,20,6.612152210036789e-05,53.333333333333336,46.666666666666664,0.0024030999920796603,0.007578899996588007,0.0006231000006664544,0.15211070000077598,0.22812830001930706,0.1243426000000909,0.046697899990249425,0.04514269999344833,0.03726709997863509,0.023619300016434863,0.0008753000001888722
0.8,LP2 ($ 	heta $ Only),43,988,5.475808462641481e-05,,10,34,8,26,5.475808462641481e-05,53.333333333333336,46.666666666666664,0.0031528999970760196,0.01269869998213835,0.000878200022270903,0.2651657999958843,0.271142100013094,0.10822790002566762,0.025179199990816414,0.025588299991795793,0.022301899996818975,0.026092099986271933,0.00046549999387934804
0.8,LP2 ($ 	heta $ Only),44,1032,7.683708922538635e-05,,15,28,6,22,7.683708922538635e-05,60.0,40.0,0.0046239999937824905,0.010813800006872043,0.0003727999865077436,0.15225280000595376,0.3228227999934461,0.12220020001404919,0.028050900000380352,0.02214529999764636,0.022877999988850206,0.02206399998976849,0.0004496999899856746
0.8,LP2 ($ 	heta $ Only),45,1077,5.178991296951947e-05,,5,19,2,17,5.1789912969519464e-05,46.666666666666664,53.333333333333336,0.00471000000834465,0.047972100001061335,0.0009685999830253422,0.27004180001677014,0.29336730000795797,0.13880539999809116,0.03977649999433197,0.031018000008771196,0.03583460001391359,0.05176319999736734,0.001808900007745251
0.8,LP2 ($ 	heta $ Only),46,1123,6.746495521777714e-05,,10,18,3,15,6.746495521777714e-05,53.333333333333336,46.666666666666664,0.003949900012230501,0.01346769998781383,0.001673899998422712,0.2869313000119291,0.26590550001128577,0.15075110000907443,0.023398399993311614,0.020078999979887158,0.020178800012217835,0.019792400009464473,0.0004641000123228878
0.8,LP2 ($ 	heta $ Only),47,1170,6.660207308263223e-05,,13,22,9,13,6.660207308263223e-05,46.666666666666664,53.333333333333336,0.004162499972153455,0.005626800004392862,0.0003586999955587089,0.1477463000046555,0.24529779999284074,0.11938439999357797,0.02405849998467602,0.027551000006496906,0.036588899994967505,0.021952499984763563,0.0018273000023327768
0.8,LP2 ($ 	heta $ Only),48,1218,5.952201648981997e-05,,9,26,12,14,5.9522016489819964e-05,60.0,40.0,0.008244500000728294,0.005332799977622926,0.0004025000089313835,0.4409051999973599,0.27704660000745207,0.11119250001502223,0.026247200003126636,0.02172029999201186,0.026158299995586276,0.02368330000899732,0.00047989998711273074
0.8,LP2 ($ 	heta $ Only),49,1267,4.514057110244257e-05,,12,10,3,7,4.514057110244257e-05,40.0,60.0,0.0023886999988462776,0.009305400017183274,0.00037730002077296376,0.16197839999222197,0.3130034000205342,0.13062450001598336,0.03776269999798387,0.026595200004521757,0.028227900009369478,0.022200800012797117,0.0004721999866887927
0.8,LP3 ($ 	heta $ Only),0,42,0.005913564474356557,,13,28,6,22,0.0003735187160019954,93.33333333333333,6.666666666666671,0.0027734999894164503,0.014139700011583045,0.0008657999860588461,0.17608460001065396,0.2456155999971088,0.1410459000035189,0.025847099983366206,0.025304000009782612,0.022600900003453717,0.02481999999145046,0.00047330002416856587
0.8,LP3 ($ 	heta $ Only),1,43,0.004446733108928105,,12,13,0,13,0.00029334924251492957,86.66666666666667,13.333333333333329,0.005240600003162399,0.008755599992582574,0.00059120001969859,0.16087890000198968,0.2687445000046864,0.12966760000563227,0.028021999984048307,0.02779920000466518,0.021846700023161247,0.02098679999471642,0.0004591000033542514
0.8,LP3 ($ 	heta $ Only),2,45,0.0077181402149018655,,7,34,8,26,0.0003899346724639291,93.33333333333333,6.666666666666671,0.0034666999999899417,0.007885899976827204,0.0005827999848406762,0.25554829998873174,0.26242139999521896,0.08716850000200793,0.020078200002899393,0.04265119999763556,0.02397560002282262,0.0210920000099577,0.0011642999888863415
0.8,LP3 ($ 	heta $ Only),3,48,0.005400375538679352,,8,22,9,13,0.00032492610312643395,93.33333333333333,6.666666666666671,0.0016289999766740948,0.005301299999700859,0.00035089999437332153,0.20267329999478534,0.2583178000058979,0.10607020001043566,0.025047100003575906,0.025130499998340383,0.027136800024891272,0.02608079998753965,0.0005020999815315008
0.8,LP3 ($ 	heta $ Only),4,52,0.005355125327568766,,9,23,5,18,0.00029624788192249594,93.33333333333333,6.666666666666671,0.0023567999887745827,0.008149100001901388,0.0003726000140886754,0.1544817999820225,0.28949950000969693,0.12967080000089481,0.028031199995893985,0.02203309998731129,0.03368299998692237,0.025287700002081692,0.001402800000505522
0.8,LP3 ($ 	heta $ Only),5,57,0.006837299130583265,,9,32,4,28,0.00038874910743025873,86.66666666666667,13.333333333333329,0.0018512999813538045,0.006667600013315678,0.0005788000125903636,0.22626180000952445,0.26458760001696646,0.09987619999446906,0.024686199991265312,0.025538799993228167,0.02138560000457801,0.01996030000736937,0.00047270001959986985
0.8,LP3 ($ 	heta $ Only),6,63,0.00353927851246513,,7,14,4,10,0.0002278772666322202,86.66666666666667,13.333333333333329,0.0016308999911416322,0.005855499999597669,0.00039080000715330243,0.1613286999927368,0.2853627000004053,0.11503250000532717,0.02859790000366047,0.02321360001224093,0.02565390002564527,0.028176699997857213,0.0009476999985054135
0.8,LP3 ($ 	heta $ Only),7,70,0.005719534085391224,,2,23,5,18,0.000392842784644317,93.33333333333333,6.666666666666671,0.0018383999995421618,0.005587700026808307,0.0003750999749172479,0.1566453000123147,0.28629780001938343,0.09463449998293072,0.029517399991163984,0.024217300000600517,0.026232800009893253,0.02323439999599941,0.0005011000030208379
0.8,LP3 ($ 	heta $ Only),8,78,0.009233331635090387,,4,42,14,28,0.00043759488013605445,93.33333333333333,6.666666666666671,0.00622280000243336,0.00587749999249354,0.0003761999832931906,0.16042319999542087,0.2825355000095442,0.2432109999936074,0.03828610002528876,0.025915300007909536,0.023892800003523007,0.024820499995257705,0.005196600017370656
0.8,LP3 ($ 	heta $ Only),9,87,0.004436047861963453,,14,21,1,20,0.00021760374915292443,93.33333333333333,6.666666666666671,0.00412769999820739,0.010407699999632314,0.000384299986762926,0.25174320000223815,0.41523110002162866,0.197408500011079,0.02121659999829717,0.03345149999950081,0.03248860000167042,0.03222380002262071,0.0004734999965876341
0.8,LP3 ($ 	heta $ Only),10,97,0.005395482175154349,,13,22,4,18,0.0003838583000453092,86.66666666666667,13.333333333333329,0.0016290999774355441,0.009017400006996468,0.00036230002297088504,0.1969960999849718,0.24365939997369424,0.09577889999491163,0.02142259999527596,0.02955489998566918,0.027644799993140623,0.021395200019469485,0.00045200000749900937
0.8,LP3 ($ 	heta $ Only),11,108,0.004810680838790121,,7,22,2,20,0.0003433901900699725,93.33333333333333,6.666666666666671,0.001643700001295656,0.008801299991318956,0.0005680999893229455,0.15374619999784045,0.2687342000135686,0.11815870000282302,0.03154470000299625,0.025899100000970066,0.023900899977888912,0.051630000001750886,0.0011156999971717596
0.8,LP3 ($ 	heta $ Only),12,120,0.0057169658549642574,,15,28,3,25,0.0004003497739819843,86.66666666666667,13.333333333333329,0.00428480000118725,0.01631240002461709,0.0007671000203117728,0.3375761000206694,0.25492840001243167,0.10382340001524426,0.023586499999510124,0.02375579997897148,0.02787469999748282,0.022250399983022362,0.0004512000014074147
0.8,LP3 ($ 	heta $ Only),13,133,0.00567707477948653,,4,21,8,13,0.0004276818065776305,86.66666666666667,13.333333333333329,0.001876299997093156,0.006299900007434189,0.0003902000025846064,0.20153719998779707,0.35627150000073016,0.10188119998201728,0.025556799984769896,0.024776600010227412,0.02148480000323616,0.022832199989352375,0.0005001999961677939
0.8,LP3 ($ 	heta $ Only),14,147,0.006590281082880278,,9,22,3,19,0.00038224704553930307,93.33333333333333,6.666666666666671,0.008659099985379726,0.0054472000047098845,0.0005152999947313219,0.140987100021448,0.25752330000977963,0.1916301999881398,0.022179999999934807,0.02182120000361465,0.020353600004455075,0.06379890002426691,0.0013958000054117292
0.8,LP3 ($ 	heta $ Only),15,162,0.0071271156707587505,,4,32,12,20,0.0004551486750034653,93.33333333333333,6.666666666666671,0.0027846000157296658,0.00845539997681044,0.000587800022913143,0.17056800000136718,0.4519504999916535,0.1137641999812331,0.02836110000498593,0.024693199986359105,0.0247901999973692,0.025429900008020923,0.0004960000223945826
0.8,LP3 ($ 	heta $ Only),16,178,0.004846049243318067,,22,20,3,17,0.0002761390105003648,93.33333333333333,6.666666666666671,0.0020960000110790133,0.010303799994289875,0.0005601000157184899,0.13055150001309812,0.22622229999979027,0.11537899999530055,0.023562799993669614,0.020122199988691136,0.022690000012516975,0.019348600006196648,0.0007899000192992389
0.8,LP3 ($ 	heta $ Only),17,195,0.002692644180213775,,7,12,4,8,0.00024356772738744068,80.0,20.0,0.0016273999935947359,0.005825500003993511,0.0005307999963406473,0.15142109998851083,0.25504190000356175,0.08926749997772276,0.029816499998560175,0.026574899995466694,0.024028999992879108,0.020590600004652515,0.0004805999924428761
0.8,LP3 ($ 	heta $ Only),18,213,0.0036950019559581814,,13,16,2,14,0.00022092019065513788,93.33333333333333,6.666666666666671,0.0016231000190600753,0.007051799999317154,0.0003606999816838652,0.13643310000770725,0.32228749999194406,0.14886449999175966,0.024156400002539158,0.022445099981268868,0.020336799992946908,0.025432599999476224,0.0012568999954964966
0.8,LP3 ($ 	heta $ Only),19,232,0.006420623803324677,,8,25,8,17,0.00037709548360497164,93.33333333333333,6.666666666666671,0.002455699985148385,0.006521500006783754,0.000513100007083267,0.1506156999967061,0.2936133999901358,0.11587939999299124,0.02379599999403581,0.03291140001965687,0.04695339998579584,0.035711799981072545,0.0004882999928668141
0.8,LP3 ($ 	heta $ Only),20,252,0.00644915867377586,,15,28,3,25,0.0004170017521306443,93.33333333333333,6.666666666666671,0.004372600000351667,0.011230400006752461,0.0007474999874830246,0.14782549999654293,0.24798960000043735,0.09416070001316257,0.02182680001715198,0.026633999979821965,0.022989699995378032,0.023454399983165786,0.0006260999944061041
0.8,LP3 ($ 	heta $ Only),21,273,0.005548521763505818,,10,20,3,17,0.00039397619653049434,86.66666666666667,13.333333333333329,0.0017134000081568956,0.005745100002968684,0.0003600000054575503,0.15371139999479055,0.23749749999842606,0.1811230000166688,0.022420099994633347,0.019753300002776086,0.028355399990687147,0.04593890000251122,0.00048099999548867345
0.8,LP3 ($ 	heta $ Only),22,295,0.004849275982644502,,5,24,10,14,0.00034667301931498535,93.33333333333333,6.666666666666671,0.001894199987873435,0.01393300000927411,0.00040439999429509044,0.154592800012324,0.2782279999810271,0.12599969998700544,0.15808470000047237,0.06098169999313541,0.026183900015894324,0.03175809999811463,0.0009448999771848321
0.8,LP3 ($ 	heta $ Only),23,318,0.004741329523084856,,6,20,8,12,0.00038869877457057243,93.33333333333333,6.666666666666671,0.00161339997430332,0.010273199994117022,0.0007750000222586095,0.149654200009536,0.2644473999971524,0.10801510000601411,0.022690200014039874,0.02305550000164658,0.026023400016129017,0.0308810000133235,0.0004870000120718032
0.8,LP3 ($ 	heta $ Only),24,342,0.007475439227383671,,11,29,6,23,0.00036383059644829824,86.66666666666667,13.333333333333329,0.0022222000116016716,0.008982200000900775,0.0005741000059060752,0.14336469999398105,0.26057529999525286,0.09600349998800084,0.022391800011973828,0.02137669999501668,0.02055419998941943,0.018586999998660758,0.00046609999844804406
0.8,LP3 ($ 	heta $ Only),25,367,0.005189211645882825,,11,18,4,14,0.0003543516471539011,93.33333333333333,6.666666666666671,0.001607199985301122,0.005233300005784258,0.00034779999987222254,0.1668414999730885,0.230654399987543,0.0851117999991402,0.03048109999508597,0.02578440000070259,0.03603399998974055,0.024001699988730252,0.00046400001156143844
0.8,LP3 ($ 	heta $ Only),26,393,0.007129502257925598,,15,24,8,16,0.00038229194795381553,93.33333333333333,6.666666666666671,0.0016191000177059323,0.008583999995607883,0.0005720000190194696,0.24384420001297258,0.3271156999981031,0.08405499998480082,0.02224040002329275,0.021708000014768913,0.02424930001143366,0.02098380000097677,0.0004487999831326306
0.8,LP3 ($ 	heta $ Only),27,420,0.005255608207326029,,8,24,3,21,0.00038448771073154353,93.33333333333333,6.666666666666671,0.005230500013567507,0.008000300003914163,0.0005920999974478036,0.1860805000178516,0.26639989999239333,0.10260829998878762,0.02465820001089014,0.02389059998677112,0.021281399996951222,0.027284500014502555,0.001000799995381385
0.8,LP3 ($ 	heta $ Only),28,448,0.00491734782193685,,10,21,2,19,0.0002822631617897644,93.33333333333333,6.666666666666671,0.0016386999923270196,0.008039900014409795,0.0005773000011686236,0.1640678999829106,0.25901529999100603,0.1779141000006348,0.021534700004849583,0.022873800015076995,0.020484899985603988,0.022368600009940565,0.0004690999921876937
0.8,LP3 ($ 	heta $ Only),29,477,0.0036048587074287166,,17,14,1,13,0.00029651203187742905,86.66666666666667,13.333333333333329,0.004511300008744001,0.006999000004725531,0.00037059999885968864,0.17682250001234934,0.23782249999931082,0.09009560002596118,0.02545570000074804,0.023641599982511252,0.039833799994084984,0.03422390000196174,0.00043569999979808927
0.8,LP3 ($ 	heta $ Only),30,507,0.005305530399899087,,11,25,7,18,0.00041331614482993645,93.33333333333333,6.666666666666671,0.0016279999981634319,0.005712000012863427,0.0004956999910064042,0.15419370000017807,0.27183909999439493,0.09442310000304133,0.02508530000341125,0.024864999984856695,0.022085500007960945,0.024657900008605793,0.001873200002592057
0.8,LP3 ($ 	heta $ Only),31,538,0.005903967896229865,,7,21,6,15,0.00040474388889052694,93.33333333333333,6.666666666666671,0.0016367999778594822,0.00510859998757951,0.0003609999839682132,0.22685099998489022,0.26184249998186715,0.07701599999563769,0.020354699983727187,0.030525799986207858,0.026529900002060458,0.02826429999549873,0.0005059000104665756
0.8,LP3 ($ 	heta $ Only),32,570,0.005128083740882116,,8,20,5,15,0.0003353779439255221,86.66666666666667,13.333333333333329,0.0016878999886102974,0.010226499987766147,0.0003893999964930117,0.17729759999201633,0.2710435999906622,0.13701969999237917,0.025924100016709417,0.02394400001503527,0.025435900024604052,0.028093900007661432,0.0012340999965090305
0.8,LP3 ($ 	heta $ Only),33,603,0.008371247197094863,,8,37,10,27,0.00036172545598297737,93.33333333333333,6.666666666666671,0.002323900000192225,0.010841600014828146,0.0005856000061612576,0.15078200001153164,0.2679581999836955,0.2502356999902986,0.05015400002594106,0.033757800003513694,0.037471799994818866,0.02764370001386851,0.0007236000092234462
0.8,LP3 ($ 	heta $ Only),34,637,0.005734398344266794,,8,20,3,17,0.0003676024771577251,93.33333333333333,6.666666666666671,0.0018512000096961856,0.0068968999839853495,0.00038519999361597,0.1513033999945037,0.2667997000098694,0.08949499999289401,0.023956899996846914,0.025761099997907877,0.020287199993617833,0.03135360000305809,0.0009176000021398067
0.8,LP3 ($ 	heta $ Only),35,672,0.005914150660746832,,12,25,3,22,0.00033657737514956334,86.66666666666667,13.333333333333329,0.0016140999796334654,0.009012800001073629,0.0005638999864459038,0.17498979999800213,0.3709089999902062,0.11665899999206886,0.02350099998875521,0.02851650002412498,0.023011799989035353,0.025155000010272488,0.0004613000201061368
0.8,LP3 ($ 	heta $ Only),36,708,0.005254675145073207,,7,22,3,19,0.00040033058267558797,93.33333333333333,6.666666666666671,0.001632300001801923,0.008216699992772192,0.00037910000537522137,0.1551002999767661,0.2717461999855004,0.08708080000360496,0.024286200001370162,0.024362700001802295,0.02241969999158755,0.029129200003808364,0.0004813999985344708
0.8,LP3 ($ 	heta $ Only),37,745,0.006640586007825898,,20,26,6,20,0.0002795945596269146,80.0,20.0,0.001862700009951368,0.00932509999256581,0.0010640000109560788,0.1404962999804411,0.43265339999925345,0.08144520001951605,0.023586199997225776,0.02091130000189878,0.02382000000216067,0.020848000014666468,0.0008156000112649053
0.8,LP3 ($ 	heta $ Only),38,783,0.006179373129221263,,2,25,3,22,0.00044853832020833745,93.33333333333333,6.666666666666671,0.0016227999876718968,0.014529900014167652,0.0005902999837417156,0.1425976000027731,0.2721194000041578,0.1179734000179451,0.03165889999945648,0.028022500016959384,0.03293790001771413,0.02776669999002479,0.000516500003868714
0.8,LP3 ($ 	heta $ Only),39,822,0.006699930097482564,,11,29,6,23,0.00033667548523491186,93.33333333333333,6.666666666666671,0.001648000004934147,0.00664500001585111,0.0003721999819390476,0.18100199999753386,0.26440220000222325,0.15811079999548383,0.02491320000262931,0.025082899985136464,0.027506599988555536,0.021928100002696738,0.00046320000546984375
0.8,LP3 ($ 	heta $ Only),40,862,0.006333040829891263,,9,27,7,20,0.0003405535798027982,93.33333333333333,6.666666666666671,0.0036443000135477632,0.005816500022774562,0.0003755000070668757,0.1456031000125222,0.28072149999206886,0.09186580000096001,0.024752900004386902,0.023215699999127537,0.024149399978341535,0.031049100012751296,0.000908499991055578
0.8,LP3 ($ 	heta $ Only),41,903,0.0065171546395592795,,10,21,6,15,0.0003566542564001733,93.33333333333333,6.666666666666671,0.0016256000089924783,0.008514999994076788,0.0005826999840792269,0.18777180000324734,0.23791950001032092,0.08249440000508912,0.030478700005915016,0.0247531000059098,0.021830999990925193,0.02870450000045821,0.0009324999991804361
0.8,LP3 ($ 	heta $ Only),42,945,0.004593432086243249,,14,19,5,14,0.00028491752067184097,93.33333333333333,6.666666666666671,0.0024030999920796603,0.007578899996588007,0.0006231000006664544,0.15211070000077598,0.22812830001930706,0.1243426000000909,0.046697899990249425,0.04514269999344833,0.03726709997863509,0.023619300016434863,0.0008753000001888722
0.8,LP3 ($ 	heta $ Only),43,988,0.006293729920242523,,10,29,5,24,0.0003922703592021207,93.33333333333333,6.666666666666671,0.0031528999970760196,0.01269869998213835,0.000878200022270903,0.2651657999958843,0.271142100013094,0.10822790002566762,0.025179199990816414,0.025588299991795793,0.022301899996818975,0.026092099986271933,0.00046549999387934804
0.8,LP3 ($ 	heta $ Only),44,1032,0.007234218061069845,,15,31,13,18,0.00029588858196744603,93.33333333333333,6.666666666666671,0.0046239999937824905,0.010813800006872043,0.0003727999865077436,0.15225280000595376,0.3228227999934461,0.12220020001404919,0.028050900000380352,0.02214529999764636,0.022877999988850206,0.02206399998976849,0.0004496999899856746
0.8,LP3 ($ 	heta $ Only),45,1077,0.004510254413920708,,5,20,2,18,0.00040703818945619685,93.33333333333333,6.666666666666671,0.00471000000834465,0.047972100001061335,0.0009685999830253422,0.27004180001677014,0.29336730000795797,0.13880539999809116,0.03977649999433197,0.031018000008771196,0.03583460001391359,0.05176319999736734,0.001808900007745251
0.8,LP3 ($ 	heta $ Only),46,1123,0.005077276128180649,,10,23,5,18,0.0003411260322091188,93.33333333333333,6.666666666666671,0.003949900012230501,0.01346769998781383,0.001673899998422712,0.2869313000119291,0.26590550001128577,0.15075110000907443,0.023398399993311614,0.020078999979887158,0.020178800012217835,0.019792400009464473,0.0004641000123228878
0.8,LP3 ($ 	heta $ Only),47,1170,0.005080942110402338,,13,20,6,14,0.00023869358076488003,93.33333333333333,6.666666666666671,0.004162499972153455,0.005626800004392862,0.0003586999955587089,0.1477463000046555,0.24529779999284074,0.11938439999357797,0.02405849998467602,0.027551000006496906,0.036588899994967505,0.021952499984763563,0.0018273000023327768
0.8,LP3 ($ 	heta $ Only),48,1218,0.00505830958411855,,9,23,13,10,0.0003639182268600023,93.33333333333333,6.666666666666671,0.008244500000728294,0.005332799977622926,0.0004025000089313835,0.4409051999973599,0.27704660000745207,0.11119250001502223,0.026247200003126636,0.02172029999201186,0.026158299995586276,0.02368330000899732,0.00047989998711273074
0.8,LP3 ($ 	heta $ Only),49,1267,0.0029187188007033116,,12,11,2,9,0.0002338206256021654,73.33333333333333,26.66666666666667,0.0023886999988462776,0.009305400017183274,0.00037730002077296376,0.16197839999222197,0.3130034000205342,0.13062450001598336,0.03776269999798387,0.026595200004521757,0.028227900009369478,0.022200800012797117,0.0004721999866887927
0.8,Weighted LP3 ($ 	heta $ Only),0,42,0.004365445329629956,,13,26,6,20,0.00037281765408012595,93.33333333333333,6.666666666666671,0.0027734999894164503,0.014139700011583045,0.0008657999860588461,0.17608460001065396,0.2456155999971088,0.1410459000035189,0.025847099983366206,0.025304000009782612,0.022600900003453717,0.02481999999145046,0.00047330002416856587
0.8,Weighted LP3 ($ 	heta $ Only),1,43,0.0031007709281152046,,12,13,0,13,0.00029329156014706783,86.66666666666667,13.333333333333329,0.005240600003162399,0.008755599992582574,0.00059120001969859,0.16087890000198968,0.2687445000046864,0.12966760000563227,0.028021999984048307,0.02779920000466518,0.021846700023161247,0.02098679999471642,0.0004591000033542514
0.8,Weighted LP3 ($ 	heta $ Only),2,45,0.005934356619774798,,7,30,5,25,0.0003841311909711508,93.33333333333333,6.666666666666671,0.0034666999999899417,0.007885899976827204,0.0005827999848406762,0.25554829998873174,0.26242139999521896,0.08716850000200793,0.020078200002899393,0.04265119999763556,0.02397560002282262,0.0210920000099577,0.0011642999888863415
0.8,Weighted LP3 ($ 	heta $ Only),3,48,0.004266246409810682,,8,21,8,13,0.0003217883299519922,93.33333333333333,6.666666666666671,0.0016289999766740948,0.005301299999700859,0.00035089999437332153,0.20267329999478534,0.2583178000058979,0.10607020001043566,0.025047100003575906,0.025130499998340383,0.027136800024891272,0.02608079998753965,0.0005020999815315008
0.8,Weighted LP3 ($ 	heta $ Only),4,52,0.003979776818296606,,9,20,2,18,0.00029657503602115946,93.33333333333333,6.666666666666671,0.0023567999887745827,0.008149100001901388,0.0003726000140886754,0.1544817999820225,0.28949950000969693,0.12967080000089481,0.028031199995893985,0.02203309998731129,0.03368299998692237,0.025287700002081692,0.001402800000505522
0.8,Weighted LP3 ($ 	heta $ Only),5,57,0.004936852680010504,,9,32,4,28,0.00038859305922373243,86.66666666666667,13.333333333333329,0.0018512999813538045,0.006667600013315678,0.0005788000125903636,0.22626180000952445,0.26458760001696646,0.09987619999446906,0.024686199991265312,0.025538799993228167,0.02138560000457801,0.01996030000736937,0.00047270001959986985
0.8,Weighted LP3 ($ 	heta $ Only),6,63,0.002897530251056877,,7,15,6,9,0.00022331832219106015,86.66666666666667,13.333333333333329,0.0016308999911416322,0.005855499999597669,0.00039080000715330243,0.1613286999927368,0.2853627000004053,0.11503250000532717,0.02859790000366047,0.02321360001224093,0.02565390002564527,0.028176699997857213,0.0009476999985054135
0.8,Weighted LP3 ($ 	heta $ Only),7,70,0.004336153280436174,,2,23,4,19,0.0003921964577807274,93.33333333333333,6.666666666666671,0.0018383999995421618,0.005587700026808307,0.0003750999749172479,0.1566453000123147,0.28629780001938343,0.09463449998293072,0.029517399991163984,0.024217300000600517,0.026232800009893253,0.02323439999599941,0.0005011000030208379
0.8,Weighted LP3 ($ 	heta $ Only),8,78,0.007376915943743796,,4,41,14,27,0.0004385709311066385,93.33333333333333,6.666666666666671,0.00622280000243336,0.00587749999249354,0.0003761999832931906,0.16042319999542087,0.2825355000095442,0.2432109999936074,0.03828610002528876,0.025915300007909536,0.023892800003523007,0.024820499995257705,0.005196600017370656
0.8,Weighted LP3 ($ 	heta $ Only),9,87,0.003170683654487419,,14,19,1,18,0.0002155550872746386,93.33333333333333,6.666666666666671,0.00412769999820739,0.010407699999632314,0.000384299986762926,0.25174320000223815,0.41523110002162866,0.197408500011079,0.02121659999829717,0.03345149999950081,0.03248860000167042,0.03222380002262071,0.0004734999965876341
0.8,Weighted LP3 ($ 	heta $ Only),10,97,0.003998242955822868,,13,23,4,19,0.0003794710066617177,86.66666666666667,13.333333333333329,0.0016290999774355441,0.009017400006996468,0.00036230002297088504,0.1969960999849718,0.24365939997369424,0.09577889999491163,0.02142259999527596,0.02955489998566918,0.027644799993140623,0.021395200019469485,0.00045200000749900937
0.8,Weighted LP3 ($ 	heta $ Only),11,108,0.0035315957487514296,,7,18,2,16,0.0003303251119716591,93.33333333333333,6.666666666666671,0.001643700001295656,0.008801299991318956,0.0005680999893229455,0.15374619999784045,0.2687342000135686,0.11815870000282302,0.03154470000299625,0.025899100000970066,0.023900899977888912,0.051630000001750886,0.0011156999971717596
0.8,Weighted LP3 ($ 	heta $ Only),12,120,0.004260036446521378,,15,28,3,25,0.00039753311161444906,86.66666666666667,13.333333333333329,0.00428480000118725,0.01631240002461709,0.0007671000203117728,0.3375761000206694,0.25492840001243167,0.10382340001524426,0.023586499999510124,0.02375579997897148,0.02787469999748282,0.022250399983022362,0.0004512000014074147
0.8,Weighted LP3 ($ 	heta $ Only),13,133,0.004494351036026428,,4,23,8,15,0.0004280105090610078,93.33333333333333,6.666666666666671,0.001876299997093156,0.006299900007434189,0.0003902000025846064,0.20153719998779707,0.35627150000073016,0.10188119998201728,0.025556799984769896,0.024776600010227412,0.02148480000323616,0.022832199989352375,0.0005001999961677939
0.8,Weighted LP3 ($ 	heta $ Only),14,147,0.004820795217382736,,9,21,3,18,0.0003815240509666496,93.33333333333333,6.666666666666671,0.008659099985379726,0.0054472000047098845,0.0005152999947313219,0.140987100021448,0.25752330000977963,0.1916301999881398,0.022179999999934807,0.02182120000361465,0.020353600004455075,0.06379890002426691,0.0013958000054117292
0.8,Weighted LP3 ($ 	heta $ Only),15,162,0.005645734393039191,,4,28,9,19,0.00045853900525729535,93.33333333333333,6.666666666666671,0.0027846000157296658,0.00845539997681044,0.000587800022913143,0.17056800000136718,0.4519504999916535,0.1137641999812331,0.02836110000498593,0.024693199986359105,0.0247901999973692,0.025429900008020923,0.0004960000223945826
0.8,Weighted LP3 ($ 	heta $ Only),16,178,0.003545871441577478,,22,22,3,19,0.00026155744349306724,93.33333333333333,6.666666666666671,0.0020960000110790133,0.010303799994289875,0.0005601000157184899,0.13055150001309812,0.22622229999979027,0.11537899999530055,0.023562799993669614,0.020122199988691136,0.022690000012516975,0.019348600006196648,0.0007899000192992389
0.8,Weighted LP3 ($ 	heta $ Only),17,195,0.0020804067003052673,,7,13,4,9,0.0002403793281005282,80.0,20.0,0.0016273999935947359,0.005825500003993511,0.0005307999963406473,0.15142109998851083,0.25504190000356175,0.08926749997772276,0.029816499998560175,0.026574899995466694,0.024028999992879108,0.020590600004652515,0.0004805999924428761
0.8,Weighted LP3 ($ 	heta $ Only),18,213,0.0026872352731041704,,13,18,2,16,0.00021280095235084757,93.33333333333333,6.666666666666671,0.0016231000190600753,0.007051799999317154,0.0003606999816838652,0.13643310000770725,0.32228749999194406,0.14886449999175966,0.024156400002539158,0.022445099981268868,0.020336799992946908,0.025432599999476224,0.0012568999954964966
0.8,Weighted LP3 ($ 	heta $ Only),19,232,0.004907129271236093,,8,30,8,22,0.0003750775240686695,93.33333333333333,6.666666666666671,0.002455699985148385,0.006521500006783754,0.000513100007083267,0.1506156999967061,0.2936133999901358,0.11587939999299124,0.02379599999403581,0.03291140001965687,0.04695339998579584,0.035711799981072545,0.0004882999928668141
0.8,Weighted LP3 ($ 	heta $ Only),20,252,0.004744644708900061,,15,30,3,27,0.0004159711964114039,93.33333333333333,6.666666666666671,0.004372600000351667,0.011230400006752461,0.0007474999874830246,0.14782549999654293,0.24798960000043735,0.09416070001316257,0.02182680001715198,0.026633999979821965,0.022989699995378032,0.023454399983165786,0.0006260999944061041
0.8,Weighted LP3 ($ 	heta $ Only),21,273,0.004183469699332544,,10,21,3,18,0.00039978574060827663,86.66666666666667,13.333333333333329,0.0017134000081568956,0.005745100002968684,0.0003600000054575503,0.15371139999479055,0.23749749999842606,0.1811230000166688,0.022420099994633347,0.019753300002776086,0.028355399990687147,0.04593890000251122,0.00048099999548867345
0.8,Weighted LP3 ($ 	heta $ Only),22,295,0.003870304973571298,,5,24,9,15,0.00034465726859042703,93.33333333333333,6.666666666666671,0.001894199987873435,0.01393300000927411,0.00040439999429509044,0.154592800012324,0.2782279999810271,0.12599969998700544,0.15808470000047237,0.06098169999313541,0.026183900015894324,0.03175809999811463,0.0009448999771848321
0.8,Weighted LP3 ($ 	heta $ Only),23,318,0.003851549531214978,,6,20,7,13,0.0003864924148372475,93.33333333333333,6.666666666666671,0.00161339997430332,0.010273199994117022,0.0007750000222586095,0.149654200009536,0.2644473999971524,0.10801510000601411,0.022690200014039874,0.02305550000164658,0.026023400016129017,0.0308810000133235,0.0004870000120718032
0.8,Weighted LP3 ($ 	heta $ Only),24,342,0.00552980737047484,,11,30,6,24,0.00036375042452740697,86.66666666666667,13.333333333333329,0.0022222000116016716,0.008982200000900775,0.0005741000059060752,0.14336469999398105,0.26057529999525286,0.09600349998800084,0.022391800011973828,0.02137669999501668,0.02055419998941943,0.018586999998660758,0.00046609999844804406
0.8,Weighted LP3 ($ 	heta $ Only),25,367,0.003805591020143028,,11,17,4,13,0.00035065711628845026,93.33333333333333,6.666666666666671,0.001607199985301122,0.005233300005784258,0.00034779999987222254,0.1668414999730885,0.230654399987543,0.0851117999991402,0.03048109999508597,0.02578440000070259,0.03603399998974055,0.024001699988730252,0.00046400001156143844
0.8,Weighted LP3 ($ 	heta $ Only),26,393,0.0056274283636159675,,15,28,7,21,0.00037903487443399477,86.66666666666667,13.333333333333329,0.0016191000177059323,0.008583999995607883,0.0005720000190194696,0.24384420001297258,0.3271156999981031,0.08405499998480082,0.02224040002329275,0.021708000014768913,0.02424930001143366,0.02098380000097677,0.0004487999831326306
0.8,Weighted LP3 ($ 	heta $ Only),27,420,0.003921767334033858,,8,23,4,19,0.0003843757700183854,93.33333333333333,6.666666666666671,0.005230500013567507,0.008000300003914163,0.0005920999974478036,0.1860805000178516,0.26639989999239333,0.10260829998878762,0.02465820001089014,0.02389059998677112,0.021281399996951222,0.027284500014502555,0.001000799995381385
0.8,Weighted LP3 ($ 	heta $ Only),28,448,0.003519390925786127,,10,21,2,19,0.0002822631617897644,93.33333333333333,6.666666666666671,0.0016386999923270196,0.008039900014409795,0.0005773000011686236,0.1640678999829106,0.25901529999100603,0.1779141000006348,0.021534700004849583,0.022873800015076995,0.020484899985603988,0.022368600009940565,0.0004690999921876937
0.8,Weighted LP3 ($ 	heta $ Only),29,477,0.0025764407386327723,,17,13,1,12,0.00026999432935546425,86.66666666666667,13.333333333333329,0.004511300008744001,0.006999000004725531,0.00037059999885968864,0.17682250001234934,0.23782249999931082,0.09009560002596118,0.02545570000074804,0.023641599982511252,0.039833799994084984,0.03422390000196174,0.00043569999979808927
0.8,Weighted LP3 ($ 	heta $ Only),30,507,0.004061057156546598,,11,24,6,18,0.00041538412430149095,93.33333333333333,6.666666666666671,0.0016279999981634319,0.005712000012863427,0.0004956999910064042,0.15419370000017807,0.27183909999439493,0.09442310000304133,0.02508530000341125,0.024864999984856695,0.022085500007960945,0.024657900008605793,0.001873200002592057
0.8,Weighted LP3 ($ 	heta $ Only),31,538,0.004541041279475945,,7,21,5,16,0.0004041750562014533,93.33333333333333,6.666666666666671,0.0016367999778594822,0.00510859998757951,0.0003609999839682132,0.22685099998489022,0.26184249998186715,0.07701599999563769,0.020354699983727187,0.030525799986207858,0.026529900002060458,0.02826429999549873,0.0005059000104665756
0.8,Weighted LP3 ($ 	heta $ Only),32,570,0.0037900988855274704,,8,19,4,15,0.00033488655198898176,86.66666666666667,13.333333333333329,0.0016878999886102974,0.010226499987766147,0.0003893999964930117,0.17729759999201633,0.2710435999906622,0.13701969999237917,0.025924100016709417,0.02394400001503527,0.025435900024604052,0.028093900007661432,0.0012340999965090305
0.8,Weighted LP3 ($ 	heta $ Only),33,603,0.006289712937424901,,8,39,8,31,0.00036386934458327636,93.33333333333333,6.666666666666671,0.002323900000192225,0.010841600014828146,0.0005856000061612576,0.15078200001153164,0.2679581999836955,0.2502356999902986,0.05015400002594106,0.033757800003513694,0.037471799994818866,0.02764370001386851,0.0007236000092234462
0.8,Weighted LP3 ($ 	heta $ Only),34,637,0.004276784535887803,,8,23,3,20,0.0003626636050985213,93.33333333333333,6.666666666666671,0.0018512000096961856,0.0068968999839853495,0.00038519999361597,0.1513033999945037,0.2667997000098694,0.08949499999289401,0.023956899996846914,0.025761099997907877,0.020287199993617833,0.03135360000305809,0.0009176000021398067
0.8,Weighted LP3 ($ 	heta $ Only),35,672,0.004339004655555862,,12,25,3,22,0.0003187995101982559,86.66666666666667,13.333333333333329,0.0016140999796334654,0.009012800001073629,0.0005638999864459038,0.17498979999800213,0.3709089999902062,0.11665899999206886,0.02350099998875521,0.02851650002412498,0.023011799989035353,0.025155000010272488,0.0004613000201061368
0.8,Weighted LP3 ($ 	heta $ Only),36,708,0.003995340829235224,,7,22,3,19,0.00040033058267558797,93.33333333333333,6.666666666666671,0.001632300001801923,0.008216699992772192,0.00037910000537522137,0.1551002999767661,0.2717461999855004,0.08708080000360496,0.024286200001370162,0.024362700001802295,0.02241969999158755,0.029129200003808364,0.0004813999985344708
0.8,Weighted LP3 ($ 	heta $ Only),37,745,0.004976663543016773,,20,29,6,23,0.0002809390830343479,86.66666666666667,13.333333333333329,0.001862700009951368,0.00932509999256581,0.0010640000109560788,0.1404962999804411,0.43265339999925345,0.08144520001951605,0.023586199997225776,0.02091130000189878,0.02382000000216067,0.020848000014666468,0.0008156000112649053
0.8,Weighted LP3 ($ 	heta $ Only),38,783,0.00449259616176514,,2,24,1,23,0.000445228781397277,93.33333333333333,6.666666666666671,0.0016227999876718968,0.014529900014167652,0.0005902999837417156,0.1425976000027731,0.2721194000041578,0.1179734000179451,0.03165889999945648,0.028022500016959384,0.03293790001771413,0.02776669999002479,0.000516500003868714
0.8,Weighted LP3 ($ 	heta $ Only),39,822,0.004943920707231963,,11,28,4,24,0.0003366900950378114,93.33333333333333,6.666666666666671,0.001648000004934147,0.00664500001585111,0.0003721999819390476,0.18100199999753386,0.26440220000222325,0.15811079999548383,0.02491320000262931,0.025082899985136464,0.027506599988555536,0.021928100002696738,0.00046320000546984375
0.8,Weighted LP3 ($ 	heta $ Only),40,862,0.004779526441275354,,9,25,5,20,0.00033543411527301494,93.33333333333333,6.666666666666671,0.0036443000135477632,0.005816500022774562,0.0003755000070668757,0.1456031000125222,0.28072149999206886,0.09186580000096001,0.024752900004386902,0.023215699999127537,0.024149399978341535,0.031049100012751296,0.000908499991055578
0.8,Weighted LP3 ($ 	heta $ Only),41,903,0.005105989433602607,,10,24,9,15,0.00035660469226140375,93.33333333333333,6.666666666666671,0.0016256000089924783,0.008514999994076788,0.0005826999840792269,0.18777180000324734,0.23791950001032092,0.08249440000508912,0.030478700005915016,0.0247531000059098,0.021830999990925193,0.02870450000045821,0.0009324999991804361
0.8,Weighted LP3 ($ 	heta $ Only),42,945,0.0035375171154357413,,14,20,5,15,0.0002824225517478929,93.33333333333333,6.666666666666671,0.0024030999920796603,0.007578899996588007,0.0006231000006664544,0.15211070000077598,0.22812830001930706,0.1243426000000909,0.046697899990249425,0.04514269999344833,0.03726709997863509,0.023619300016434863,0.0008753000001888722
0.8,Weighted LP3 ($ 	heta $ Only),43,988,0.004689488896254047,,10,29,5,24,0.0003896328768328649,93.33333333333333,6.666666666666671,0.0031528999970760196,0.01269869998213835,0.000878200022270903,0.2651657999958843,0.271142100013094,0.10822790002566762,0.025179199990816414,0.025588299991795793,0.022301899996818975,0.026092099986271933,0.00046549999387934804
0.8,Weighted LP3 ($ 	heta $ Only),44,1032,0.005720393644045279,,15,32,11,21,0.00029587178122089544,93.33333333333333,6.666666666666671,0.0046239999937824905,0.010813800006872043,0.0003727999865077436,0.15225280000595376,0.3228227999934461,0.12220020001404919,0.028050900000380352,0.02214529999764636,0.022877999988850206,0.02206399998976849,0.0004496999899856746
0.8,Weighted LP3 ($ 	heta $ Only),45,1077,0.0033294344508820587,,5,19,1,18,0.0004066374951523872,93.33333333333333,6.666666666666671,0.00471000000834465,0.047972100001061335,0.0009685999830253422,0.27004180001677014,0.29336730000795797,0.13880539999809116,0.03977649999433197,0.031018000008771196,0.03583460001391359,0.05176319999736734,0.001808900007745251
0.8,Weighted LP3 ($ 	heta $ Only),46,1123,0.0037338865164416738,,10,23,5,18,0.000338620153027755,93.33333333333333,6.666666666666671,0.003949900012230501,0.01346769998781383,0.001673899998422712,0.2869313000119291,0.26590550001128577,0.15075110000907443,0.023398399993311614,0.020078999979887158,0.020178800012217835,0.019792400009464473,0.0004641000123228878
0.8,Weighted LP3 ($ 	heta $ Only),47,1170,0.003990086122660901,,13,22,6,16,0.0002410461055508822,93.33333333333333,6.666666666666671,0.004162499972153455,0.005626800004392862,0.0003586999955587089,0.1477463000046555,0.24529779999284074,0.11938439999357797,0.02405849998467602,0.027551000006496906,0.036588899994967505,0.021952499984763563,0.0018273000023327768
0.8,Weighted LP3 ($ 	heta $ Only),48,1218,0.004248378034536994,,9,23,12,11,0.0003746469901726669,93.33333333333333,6.666666666666671,0.008244500000728294,0.005332799977622926,0.0004025000089313835,0.4409051999973599,0.27704660000745207,0.11119250001502223,0.026247200003126636,0.02172029999201186,0.026158299995586276,0.02368330000899732,0.00047989998711273074
0.8,Weighted LP3 ($ 	heta $ Only),49,1267,0.0022135974483762696,,12,11,2,9,0.0002338206256021654,73.33333333333333,26.66666666666667,0.0023886999988462776,0.009305400017183274,0.00037730002077296376,0.16197839999222197,0.3130034000205342,0.13062450001598336,0.03776269999798387,0.026595200004521757,0.028227900009369478,0.022200800012797117,0.0004721999866887927
0.8,Borda LP3 ($ 	heta $ Only),0,42,0.005463478839558826,,13,27,6,21,0.0003694910511573527,93.33333333333333,6.666666666666671,0.0027734999894164503,0.014139700011583045,0.0008657999860588461,0.17608460001065396,0.2456155999971088,0.1410459000035189,0.025847099983366206,0.025304000009782612,0.022600900003453717,0.02481999999145046,0.00047330002416856587
0.8,Borda LP3 ($ 	heta $ Only),1,43,0.003771518358875117,,12,11,0,11,0.0002923352210786722,80.0,20.0,0.005240600003162399,0.008755599992582574,0.00059120001969859,0.16087890000198968,0.2687445000046864,0.12966760000563227,0.028021999984048307,0.02779920000466518,0.021846700023161247,0.02098679999471642,0.0004591000033542514
0.8,Borda LP3 ($ 	heta $ Only),2,45,0.007324986965082381,,7,35,8,27,0.000390769769419035,93.33333333333333,6.666666666666671,0.0034666999999899417,0.007885899976827204,0.0005827999848406762,0.25554829998873174,0.26242139999521896,0.08716850000200793,0.020078200002899393,0.04265119999763556,0.02397560002282262,0.0210920000099577,0.0011642999888863415
0.8,Borda LP3 ($ 	heta $ Only),3,48,0.005298948247250191,,8,22,8,14,0.00032642863812764987,93.33333333333333,6.666666666666671,0.0016289999766740948,0.005301299999700859,0.00035089999437332153,0.20267329999478534,0.2583178000058979,0.10607020001043566,0.025047100003575906,0.025130499998340383,0.027136800024891272,0.02608079998753965,0.0005020999815315008
0.8,Borda LP3 ($ 	heta $ Only),4,52,0.0044652705377788105,,9,23,2,21,0.0002939287754121941,93.33333333333333,6.666666666666671,0.0023567999887745827,0.008149100001901388,0.0003726000140886754,0.1544817999820225,0.28949950000969693,0.12967080000089481,0.028031199995893985,0.02203309998731129,0.03368299998692237,0.025287700002081692,0.001402800000505522
0.8,Borda LP3 ($ 	heta $ Only),5,57,0.005507394095633366,,9,33,4,29,0.0003806579921150618,93.33333333333333,6.666666666666671,0.0018512999813538045,0.006667600013315678,0.0005788000125903636,0.22626180000952445,0.26458760001696646,0.09987619999446906,0.024686199991265312,0.025538799993228167,0.02138560000457801,0.01996030000736937,0.00047270001959986985
0.8,Borda LP3 ($ 	heta $ Only),6,63,0.00353927851246513,,7,14,4,10,0.00022787726663222024,86.66666666666667,13.333333333333329,0.0016308999911416322,0.005855499999597669,0.00039080000715330243,0.1613286999927368,0.2853627000004053,0.11503250000532717,0.02859790000366047,0.02321360001224093,0.02565390002564527,0.028176699997857213,0.0009476999985054135
0.8,Borda LP3 ($ 	heta $ Only),7,70,0.005434334596074324,,2,23,5,18,0.00038968655789927,93.33333333333333,6.666666666666671,0.0018383999995421618,0.005587700026808307,0.0003750999749172479,0.1566453000123147,0.28629780001938343,0.09463449998293072,0.029517399991163984,0.024217300000600517,0.026232800009893253,0.02323439999599941,0.0005011000030208379
0.8,Borda LP3 ($ 	heta $ Only),8,78,0.00874739163945304,,4,43,16,27,0.00044009817399714117,93.33333333333333,6.666666666666671,0.00622280000243336,0.00587749999249354,0.0003761999832931906,0.16042319999542087,0.2825355000095442,0.2432109999936074,0.03828610002528876,0.025915300007909536,0.023892800003523007,0.024820499995257705,0.005196600017370656
0.8,Borda LP3 ($ 	heta $ Only),9,87,0.004102611751330484,,14,18,2,16,0.0002132725939264804,93.33333333333333,6.666666666666671,0.00412769999820739,0.010407699999632314,0.000384299986762926,0.25174320000223815,0.41523110002162866,0.197408500011079,0.02121659999829717,0.03345149999950081,0.03248860000167042,0.03222380002262071,0.0004734999965876341
0.8,Borda LP3 ($ 	heta $ Only),10,97,0.004738565446185209,,13,21,3,18,0.0003787801347346499,93.33333333333333,6.666666666666671,0.0016290999774355441,0.009017400006996468,0.00036230002297088504,0.1969960999849718,0.24365939997369424,0.09577889999491163,0.02142259999527596,0.02955489998566918,0.027644799993140623,0.021395200019469485,0.00045200000749900937
0.8,Borda LP3 ($ 	heta $ Only),11,108,0.004460839494028555,,7,17,2,15,0.00033630449981067933,93.33333333333333,6.666666666666671,0.001643700001295656,0.008801299991318956,0.0005680999893229455,0.15374619999784045,0.2687342000135686,0.11815870000282302,0.03154470000299625,0.025899100000970066,0.023900899977888912,0.051630000001750886,0.0011156999971717596
0.8,Borda LP3 ($ 	heta $ Only),12,120,0.005356702510777388,,15,25,3,22,0.00039586137198243195,86.66666666666667,13.333333333333329,0.00428480000118725,0.01631240002461709,0.0007671000203117728,0.3375761000206694,0.25492840001243167,0.10382340001524426,0.023586499999510124,0.02375579997897148,0.02787469999748282,0.022250399983022362,0.0004512000014074147
0.8,Borda LP3 ($ 	heta $ Only),13,133,0.005307210356470153,,4,21,8,13,0.00043638172836703174,93.33333333333333,6.666666666666671,0.001876299997093156,0.006299900007434189,0.0003902000025846064,0.20153719998779707,0.35627150000073016,0.10188119998201728,0.025556799984769896,0.024776600010227412,0.02148480000323616,0.022832199989352375,0.0005001999961677939
0.8,Borda LP3 ($ 	heta $ Only),14,147,0.006279069572722429,,9,22,3,19,0.00038224704553930307,93.33333333333333,6.666666666666671,0.008659099985379726,0.0054472000047098845,0.0005152999947313219,0.140987100021448,0.25752330000977963,0.1916301999881398,0.022179999999934807,0.02182120000361465,0.020353600004455075,0.06379890002426691,0.0013958000054117292
0.8,Borda LP3 ($ 	heta $ Only),15,162,0.006572834290856366,,4,28,8,20,0.000455981912550657,93.33333333333333,6.666666666666671,0.0027846000157296658,0.00845539997681044,0.000587800022913143,0.17056800000136718,0.4519504999916535,0.1137641999812331,0.02836110000498593,0.024693199986359105,0.0247901999973692,0.025429900008020923,0.0004960000223945826
0.8,Borda LP3 ($ 	heta $ Only),16,178,0.004243350004604607,,22,21,3,18,0.00025884399533555424,86.66666666666667,13.333333333333329,0.0020960000110790133,0.010303799994289875,0.0005601000157184899,0.13055150001309812,0.22622229999979027,0.11537899999530055,0.023562799993669614,0.020122199988691136,0.022690000012516975,0.019348600006196648,0.0007899000192992389
0.8,Borda LP3 ($ 	heta $ Only),17,195,0.002692644180213775,,7,12,4,8,0.00024356772738744068,80.0,20.0,0.0016273999935947359,0.005825500003993511,0.0005307999963406473,0.15142109998851083,0.25504190000356175,0.08926749997772276,0.029816499998560175,0.026574899995466694,0.024028999992879108,0.020590600004652515,0.0004805999924428761
0.8,Borda LP3 ($ 	heta $ Only),18,213,0.0033014763059917313,,13,17,2,15,0.00020503578688160385,93.33333333333333,6.666666666666671,0.0016231000190600753,0.007051799999317154,0.0003606999816838652,0.13643310000770725,0.32228749999194406,0.14886449999175966,0.024156400002539158,0.022445099981268868,0.020336799992946908,0.025432599999476224,0.0012568999954964966
0.8,Borda LP3 ($ 	heta $ Only),19,232,0.006234919546309268,,8,25,8,17,0.0003770610692730074,86.66666666666667,13.333333333333329,0.002455699985148385,0.006521500006783754,0.000513100007083267,0.1506156999967061,0.2936133999901358,0.11587939999299124,0.02379599999403581,0.03291140001965687,0.04695339998579584,0.035711799981072545,0.0004882999928668141
0.8,Borda LP3 ($ 	heta $ Only),20,252,0.006158199640955312,,15,28,3,25,0.00041649314524362115,93.33333333333333,6.666666666666671,0.004372600000351667,0.011230400006752461,0.0007474999874830246,0.14782549999654293,0.24798960000043735,0.09416070001316257,0.02182680001715198,0.026633999979821965,0.022989699995378032,0.023454399983165786,0.0006260999944061041
0.8,Borda LP3 ($ 	heta $ Only),21,273,0.004670893346109198,,10,24,4,20,0.000393585866529025,86.66666666666667,13.333333333333329,0.0017134000081568956,0.005745100002968684,0.0003600000054575503,0.15371139999479055,0.23749749999842606,0.1811230000166688,0.022420099994633347,0.019753300002776086,0.028355399990687147,0.04593890000251122,0.00048099999548867345
0.8,Borda LP3 ($ 	heta $ Only),22,295,0.004602672482807014,,5,25,10,15,0.0003458951444486572,93.33333333333333,6.666666666666671,0.001894199987873435,0.01393300000927411,0.00040439999429509044,0.154592800012324,0.2782279999810271,0.12599969998700544,0.15808470000047237,0.06098169999313541,0.026183900015894324,0.03175809999811463,0.0009448999771848321
0.8,Borda LP3 ($ 	heta $ Only),23,318,0.004238962767272889,,6,20,7,13,0.00038120316045978943,93.33333333333333,6.666666666666671,0.00161339997430332,0.010273199994117022,0.0007750000222586095,0.149654200009536,0.2644473999971524,0.10801510000601411,0.022690200014039874,0.02305550000164658,0.026023400016129017,0.0308810000133235,0.0004870000120718032
0.8,Borda LP3 ($ 	heta $ Only),24,342,0.006635044615322073,,11,28,5,23,0.0003657799878759559,93.33333333333333,6.666666666666671,0.0022222000116016716,0.008982200000900775,0.0005741000059060752,0.14336469999398105,0.26057529999525286,0.09600349998800084,0.022391800011973828,0.02137669999501668,0.02055419998941943,0.018586999998660758,0.00046609999844804406
0.8,Borda LP3 ($ 	heta $ Only),25,367,0.0048459061864275805,,11,19,4,15,0.00035196346949274585,93.33333333333333,6.666666666666671,0.001607199985301122,0.005233300005784258,0.00034779999987222254,0.1668414999730885,0.230654399987543,0.0851117999991402,0.03048109999508597,0.02578440000070259,0.03603399998974055,0.024001699988730252,0.00046400001156143844
0.8,Borda LP3 ($ 	heta $ Only),26,393,0.006595878134474591,,15,29,7,22,0.00037503112424548945,86.66666666666667,13.333333333333329,0.0016191000177059323,0.008583999995607883,0.0005720000190194696,0.24384420001297258,0.3271156999981031,0.08405499998480082,0.02224040002329275,0.021708000014768913,0.02424930001143366,0.02098380000097677,0.0004487999831326306
0.8,Borda LP3 ($ 	heta $ Only),27,420,0.00494276780138647,,8,24,5,19,0.0003799122645988916,93.33333333333333,6.666666666666671,0.005230500013567507,0.008000300003914163,0.0005920999974478036,0.1860805000178516,0.26639989999239333,0.10260829998878762,0.02465820001089014,0.02389059998677112,0.021281399996951222,0.027284500014502555,0.001000799995381385
0.8,Borda LP3 ($ 	heta $ Only),28,448,0.004431394502415544,,10,21,2,19,0.00028522639341806795,93.33333333333333,6.666666666666671,0.0016386999923270196,0.008039900014409795,0.0005773000011686236,0.1640678999829106,0.25901529999100603,0.1779141000006348,0.021534700004849583,0.022873800015076995,0.020484899985603988,0.022368600009940565,0.0004690999921876937
0.8,Borda LP3 ($ 	heta $ Only),29,477,0.0032832979475818655,,17,14,1,13,0.00029731735161612707,93.33333333333333,6.666666666666671,0.004511300008744001,0.006999000004725531,0.00037059999885968864,0.17682250001234934,0.23782249999931082,0.09009560002596118,0.02545570000074804,0.023641599982511252,0.039833799994084984,0.03422390000196174,0.00043569999979808927
0.8,Borda LP3 ($ 	heta $ Only),30,507,0.004607184456970425,,11,22,6,16,0.0004068140882946491,93.33333333333333,6.666666666666671,0.0016279999981634319,0.005712000012863427,0.0004956999910064042,0.15419370000017807,0.27183909999439493,0.09442310000304133,0.02508530000341125,0.024864999984856695,0.022085500007960945,0.024657900008605793,0.001873200002592057
0.8,Borda LP3 ($ 	heta $ Only),31,538,0.0049164330226725665,,7,24,6,18,0.00039132907209094356,93.33333333333333,6.666666666666671,0.0016367999778594822,0.00510859998757951,0.0003609999839682132,0.22685099998489022,0.26184249998186715,0.07701599999563769,0.020354699983727187,0.030525799986207858,0.026529900002060458,0.02826429999549873,0.0005059000104665756
0.8,Borda LP3 ($ 	heta $ Only),32,570,0.0046459781284210605,,8,22,4,18,0.0003399540575209557,80.0,20.0,0.0016878999886102974,0.010226499987766147,0.0003893999964930117,0.17729759999201633,0.2710435999906622,0.13701969999237917,0.025924100016709417,0.02394400001503527,0.025435900024604052,0.028093900007661432,0.0012340999965090305
0.8,Borda LP3 ($ 	heta $ Only),33,603,0.008149500705468382,,8,34,8,26,0.0003647623513232014,93.33333333333333,6.666666666666671,0.002323900000192225,0.010841600014828146,0.0005856000061612576,0.15078200001153164,0.2679581999836955,0.2502356999902986,0.05015400002594106,0.033757800003513694,0.037471799994818866,0.02764370001386851,0.0007236000092234462
0.8,Borda LP3 ($ 	heta $ Only),34,637,0.005408068300468766,,8,20,3,17,0.0003735686683135844,93.33333333333333,6.666666666666671,0.0018512000096961856,0.0068968999839853495,0.00038519999361597,0.1513033999945037,0.2667997000098694,0.08949499999289401,0.023956899996846914,0.025761099997907877,0.020287199993617833,0.03135360000305809,0.0009176000021398067
0.8,Borda LP3 ($ 	heta $ Only),35,672,0.005745413420727058,,12,25,3,22,0.0003341655958977918,86.66666666666667,13.333333333333329,0.0016140999796334654,0.009012800001073629,0.0005638999864459038,0.17498979999800213,0.3709089999902062,0.11665899999206886,0.02350099998875521,0.02851650002412498,0.023011799989035353,0.025155000010272488,0.0004613000201061368
0.8,Borda LP3 ($ 	heta $ Only),36,708,0.004778141950227238,,7,21,4,17,0.00039116561311144476,86.66666666666667,13.333333333333329,0.001632300001801923,0.008216699992772192,0.00037910000537522137,0.1551002999767661,0.2717461999855004,0.08708080000360496,0.024286200001370162,0.024362700001802295,0.02241969999158755,0.029129200003808364,0.0004813999985344708
0.8,Borda LP3 ($ 	heta $ Only),37,745,0.006228720738756402,,20,29,7,22,0.0002804312699988934,86.66666666666667,13.333333333333329,0.001862700009951368,0.00932509999256581,0.0010640000109560788,0.1404962999804411,0.43265339999925345,0.08144520001951605,0.023586199997225776,0.02091130000189878,0.02382000000216067,0.020848000014666468,0.0008156000112649053
0.8,Borda LP3 ($ 	heta $ Only),38,783,0.005312132232400353,,2,25,0,25,0.00043767306633292914,93.33333333333333,6.666666666666671,0.0016227999876718968,0.014529900014167652,0.0005902999837417156,0.1425976000027731,0.2721194000041578,0.1179734000179451,0.03165889999945648,0.028022500016959384,0.03293790001771413,0.02776669999002479,0.000516500003868714
0.8,Borda LP3 ($ 	heta $ Only),39,822,0.006066320149705249,,11,31,5,26,0.0003352114027977627,86.66666666666667,13.333333333333329,0.001648000004934147,0.00664500001585111,0.0003721999819390476,0.18100199999753386,0.26440220000222325,0.15811079999548383,0.02491320000262931,0.025082899985136464,0.027506599988555536,0.021928100002696738,0.00046320000546984375
0.8,Borda LP3 ($ 	heta $ Only),40,862,0.006191159233002224,,9,25,6,19,0.0003373233322197612,93.33333333333333,6.666666666666671,0.0036443000135477632,0.005816500022774562,0.0003755000070668757,0.1456031000125222,0.28072149999206886,0.09186580000096001,0.024752900004386902,0.023215699999127537,0.024149399978341535,0.031049100012751296,0.000908499991055578
0.8,Borda LP3 ($ 	heta $ Only),41,903,0.00611060079323238,,10,23,8,15,0.00035588121931498274,93.33333333333333,6.666666666666671,0.0016256000089924783,0.008514999994076788,0.0005826999840792269,0.18777180000324734,0.23791950001032092,0.08249440000508912,0.030478700005915016,0.0247531000059098,0.021830999990925193,0.02870450000045821,0.0009324999991804361
0.8,Borda LP3 ($ 	heta $ Only),42,945,0.0045446149667381875,,14,18,5,13,0.0002864523290748151,93.33333333333333,6.666666666666671,0.0024030999920796603,0.007578899996588007,0.0006231000006664544,0.15211070000077598,0.22812830001930706,0.1243426000000909,0.046697899990249425,0.04514269999344833,0.03726709997863509,0.023619300016434863,0.0008753000001888722
0.8,Borda LP3 ($ 	heta $ Only),43,988,0.005508282663138398,,10,30,5,25,0.00039774004214546685,93.33333333333333,6.666666666666671,0.0031528999970760196,0.01269869998213835,0.000878200022270903,0.2651657999958843,0.271142100013094,0.10822790002566762,0.025179199990816414,0.025588299991795793,0.022301899996818975,0.026092099986271933,0.00046549999387934804
0.8,Borda LP3 ($ 	heta $ Only),44,1032,0.007120771746853312,,15,27,10,17,0.0002931844378851601,93.33333333333333,6.666666666666671,0.0046239999937824905,0.010813800006872043,0.0003727999865077436,0.15225280000595376,0.3228227999934461,0.12220020001404919,0.028050900000380352,0.02214529999764636,0.022877999988850206,0.02206399998976849,0.0004496999899856746
0.8,Borda LP3 ($ 	heta $ Only),45,1077,0.004267467871669479,,5,19,2,17,0.0004099828447381898,93.33333333333333,6.666666666666671,0.00471000000834465,0.047972100001061335,0.0009685999830253422,0.27004180001677014,0.29336730000795797,0.13880539999809116,0.03977649999433197,0.031018000008771196,0.03583460001391359,0.05176319999736734,0.001808900007745251
0.8,Borda LP3 ($ 	heta $ Only),46,1123,0.004742415105571784,,10,21,5,16,0.0003412876102285538,93.33333333333333,6.666666666666671,0.003949900012230501,0.01346769998781383,0.001673899998422712,0.2869313000119291,0.26590550001128577,0.15075110000907443,0.023398399993311614,0.020078999979887158,0.020178800012217835,0.019792400009464473,0.0004641000123228878
0.8,Borda LP3 ($ 	heta $ Only),47,1170,0.004917508316702936,,13,21,7,14,0.00023776072107830183,93.33333333333333,6.666666666666671,0.004162499972153455,0.005626800004392862,0.0003586999955587089,0.1477463000046555,0.24529779999284074,0.11938439999357797,0.02405849998467602,0.027551000006496906,0.036588899994967505,0.021952499984763563,0.0018273000023327768
0.8,Borda LP3 ($ 	heta $ Only),48,1218,0.0049388385984530546,,9,23,12,11,0.0003702864409598997,93.33333333333333,6.666666666666671,0.008244500000728294,0.005332799977622926,0.0004025000089313835,0.4409051999973599,0.27704660000745207,0.11119250001502223,0.026247200003126636,0.02172029999201186,0.026158299995586276,0.02368330000899732,0.00047989998711273074
0.8,Borda LP3 ($ 	heta $ Only),49,1267,0.0025429640688076132,,12,11,2,9,0.00021868287808210498,66.66666666666667,33.33333333333333,0.0023886999988462776,0.009305400017183274,0.00037730002077296376,0.16197839999222197,0.3130034000205342,0.13062450001598336,0.03776269999798387,0.026595200004521757,0.028227900009369478,0.022200800012797117,0.0004721999866887927
0.8,Linear BTL,0,42,,-210.23841927019066,13,29,4,25,,,,0.0027734999894164503,0.014139700011583045,0.0008657999860588461,0.17608460001065396,0.2456155999971088,0.1410459000035189,0.025847099983366206,0.025304000009782612,0.022600900003453717,0.02481999999145046,0.00047330002416856587
0.8,Linear BTL,1,43,,-200.88855435793414,12,20,0,20,,,,0.005240600003162399,0.008755599992582574,0.00059120001969859,0.16087890000198968,0.2687445000046864,0.12966760000563227,0.028021999984048307,0.02779920000466518,0.021846700023161247,0.02098679999471642,0.0004591000033542514
0.8,Linear BTL,2,45,,-199.62259610377978,7,33,6,27,,,,0.0034666999999899417,0.007885899976827204,0.0005827999848406762,0.25554829998873174,0.26242139999521896,0.08716850000200793,0.020078200002899393,0.04265119999763556,0.02397560002282262,0.0210920000099577,0.0011642999888863415
0.8,Linear BTL,3,48,,-197.91677119027676,8,25,6,19,,,,0.0016289999766740948,0.005301299999700859,0.00035089999437332153,0.20267329999478534,0.2583178000058979,0.10607020001043566,0.025047100003575906,0.025130499998340383,0.027136800024891272,0.02608079998753965,0.0005020999815315008
0.8,Linear BTL,4,52,,-206.85842610288233,9,19,2,17,,,,0.0023567999887745827,0.008149100001901388,0.0003726000140886754,0.1544817999820225,0.28949950000969693,0.12967080000089481,0.028031199995893985,0.02203309998731129,0.03368299998692237,0.025287700002081692,0.001402800000505522
0.8,Linear BTL,5,57,,-206.2656434863283,9,34,5,29,,,,0.0018512999813538045,0.006667600013315678,0.0005788000125903636,0.22626180000952445,0.26458760001696646,0.09987619999446906,0.024686199991265312,0.025538799993228167,0.02138560000457801,0.01996030000736937,0.00047270001959986985
0.8,Linear BTL,6,63,,-167.5738797888749,7,15,6,9,,,,0.0016308999911416322,0.005855499999597669,0.00039080000715330243,0.1613286999927368,0.2853627000004053,0.11503250000532717,0.02859790000366047,0.02321360001224093,0.02565390002564527,0.028176699997857213,0.0009476999985054135
0.8,Linear BTL,7,70,,-200.02393377681827,2,26,6,20,,,,0.0018383999995421618,0.005587700026808307,0.0003750999749172479,0.1566453000123147,0.28629780001938343,0.09463449998293072,0.029517399991163984,0.024217300000600517,0.026232800009893253,0.02323439999599941,0.0005011000030208379
0.8,Linear BTL,8,78,,-213.65408305329535,4,43,14,29,,,,0.00622280000243336,0.00587749999249354,0.0003761999832931906,0.16042319999542087,0.2825355000095442,0.2432109999936074,0.03828610002528876,0.025915300007909536,0.023892800003523007,0.024820499995257705,0.005196600017370656
0.8,Linear BTL,9,87,,-199.68270459608217,14,23,2,21,,,,0.00412769999820739,0.010407699999632314,0.000384299986762926,0.25174320000223815,0.41523110002162866,0.197408500011079,0.02121659999829717,0.03345149999950081,0.03248860000167042,0.03222380002262071,0.0004734999965876341
0.8,Linear BTL,10,97,,-207.51705897003595,13,22,3,19,,,,0.0016290999774355441,0.009017400006996468,0.00036230002297088504,0.1969960999849718,0.24365939997369424,0.09577889999491163,0.02142259999527596,0.02955489998566918,0.027644799993140623,0.021395200019469485,0.00045200000749900937
0.8,Linear BTL,11,108,,-197.28240736389654,7,22,2,20,,,,0.001643700001295656,0.008801299991318956,0.0005680999893229455,0.15374619999784045,0.2687342000135686,0.11815870000282302,0.03154470000299625,0.025899100000970066,0.023900899977888912,0.051630000001750886,0.0011156999971717596
0.8,Linear BTL,12,120,,-198.21557238099493,15,30,5,25,,,,0.00428480000118725,0.01631240002461709,0.0007671000203117728,0.3375761000206694,0.25492840001243167,0.10382340001524426,0.023586499999510124,0.02375579997897148,0.02787469999748282,0.022250399983022362,0.0004512000014074147
0.8,Linear BTL,13,133,,-191.20159917195087,4,18,6,12,,,,0.001876299997093156,0.006299900007434189,0.0003902000025846064,0.20153719998779707,0.35627150000073016,0.10188119998201728,0.025556799984769896,0.024776600010227412,0.02148480000323616,0.022832199989352375,0.0005001999961677939
0.8,Linear BTL,14,147,,-208.30804919770935,9,23,4,19,,,,0.008659099985379726,0.0054472000047098845,0.0005152999947313219,0.140987100021448,0.25752330000977963,0.1916301999881398,0.022179999999934807,0.02182120000361465,0.020353600004455075,0.06379890002426691,0.0013958000054117292
0.8,Linear BTL,15,162,,-193.7040553080006,4,30,8,22,,,,0.0027846000157296658,0.00845539997681044,0.000587800022913143,0.17056800000136718,0.4519504999916535,0.1137641999812331,0.02836110000498593,0.024693199986359105,0.0247901999973692,0.025429900008020923,0.0004960000223945826
0.8,Linear BTL,16,178,,-208.1636720729677,22,22,4,18,,,,0.0020960000110790133,0.010303799994289875,0.0005601000157184899,0.13055150001309812,0.22622229999979027,0.11537899999530055,0.023562799993669614,0.020122199988691136,0.022690000012516975,0.019348600006196648,0.0007899000192992389
0.8,Linear BTL,17,195,,-154.07644244181478,7,12,3,9,,,,0.0016273999935947359,0.005825500003993511,0.0005307999963406473,0.15142109998851083,0.25504190000356175,0.08926749997772276,0.029816499998560175,0.026574899995466694,0.024028999992879108,0.020590600004652515,0.0004805999924428761
0.8,Linear BTL,18,213,,-178.21833831026592,13,19,2,17,,,,0.0016231000190600753,0.007051799999317154,0.0003606999816838652,0.13643310000770725,0.32228749999194406,0.14886449999175966,0.024156400002539158,0.022445099981268868,0.020336799992946908,0.025432599999476224,0.0012568999954964966
0.8,Linear BTL,19,232,,-200.54171299527502,8,27,5,22,,,,0.002455699985148385,0.006521500006783754,0.000513100007083267,0.1506156999967061,0.2936133999901358,0.11587939999299124,0.02379599999403581,0.03291140001965687,0.04695339998579584,0.035711799981072545,0.0004882999928668141
0.8,Linear BTL,20,252,,-210.55353611894267,15,27,3,24,,,,0.004372600000351667,0.011230400006752461,0.0007474999874830246,0.14782549999654293,0.24798960000043735,0.09416070001316257,0.02182680001715198,0.026633999979821965,0.022989699995378032,0.023454399983165786,0.0006260999944061041
0.8,Linear BTL,21,273,,-195.14662253933773,10,24,3,21,,,,0.0017134000081568956,0.005745100002968684,0.0003600000054575503,0.15371139999479055,0.23749749999842606,0.1811230000166688,0.022420099994633347,0.019753300002776086,0.028355399990687147,0.04593890000251122,0.00048099999548867345
0.8,Linear BTL,22,295,,-189.5924879473172,5,21,7,14,,,,0.001894199987873435,0.01393300000927411,0.00040439999429509044,0.154592800012324,0.2782279999810271,0.12599969998700544,0.15808470000047237,0.06098169999313541,0.026183900015894324,0.03175809999811463,0.0009448999771848321
0.8,Linear BTL,23,318,,-188.78875299069935,6,22,7,15,,,,0.00161339997430332,0.010273199994117022,0.0007750000222586095,0.149654200009536,0.2644473999971524,0.10801510000601411,0.022690200014039874,0.02305550000164658,0.026023400016129017,0.0308810000133235,0.0004870000120718032
0.8,Linear BTL,24,342,,-208.9140372580407,11,35,4,31,,,,0.0022222000116016716,0.008982200000900775,0.0005741000059060752,0.14336469999398105,0.26057529999525286,0.09600349998800084,0.022391800011973828,0.02137669999501668,0.02055419998941943,0.018586999998660758,0.00046609999844804406
0.8,Linear BTL,25,367,,-200.05611801728205,11,21,3,18,,,,0.001607199985301122,0.005233300005784258,0.00034779999987222254,0.1668414999730885,0.230654399987543,0.0851117999991402,0.03048109999508597,0.02578440000070259,0.03603399998974055,0.024001699988730252,0.00046400001156143844
0.8,Linear BTL,26,393,,-208.96752910288168,15,30,8,22,,,,0.0016191000177059323,0.008583999995607883,0.0005720000190194696,0.24384420001297258,0.3271156999981031,0.08405499998480082,0.02224040002329275,0.021708000014768913,0.02424930001143366,0.02098380000097677,0.0004487999831326306
0.8,Linear BTL,27,420,,-200.41858230333142,8,24,4,20,,,,0.005230500013567507,0.008000300003914163,0.0005920999974478036,0.1860805000178516,0.26639989999239333,0.10260829998878762,0.02465820001089014,0.02389059998677112,0.021281399996951222,0.027284500014502555,0.001000799995381385
0.8,Linear BTL,28,448,,-191.2786352772758,10,20,1,19,,,,0.0016386999923270196,0.008039900014409795,0.0005773000011686236,0.1640678999829106,0.25901529999100603,0.1779141000006348,0.021534700004849583,0.022873800015076995,0.020484899985603988,0.022368600009940565,0.0004690999921876937
0.8,Linear BTL,29,477,,-199.22795396820308,17,15,1,14,,,,0.004511300008744001,0.006999000004725531,0.00037059999885968864,0.17682250001234934,0.23782249999931082,0.09009560002596118,0.02545570000074804,0.023641599982511252,0.039833799994084984,0.03422390000196174,0.00043569999979808927
0.8,Linear BTL,30,507,,-189.84692952306125,11,22,4,18,,,,0.0016279999981634319,0.005712000012863427,0.0004956999910064042,0.15419370000017807,0.27183909999439493,0.09442310000304133,0.02508530000341125,0.024864999984856695,0.022085500007960945,0.024657900008605793,0.001873200002592057
0.8,Linear BTL,31,538,,-178.89025500772487,7,21,4,17,,,,0.0016367999778594822,0.00510859998757951,0.0003609999839682132,0.22685099998489022,0.26184249998186715,0.07701599999563769,0.020354699983727187,0.030525799986207858,0.026529900002060458,0.02826429999549873,0.0005059000104665756
0.8,Linear BTL,32,570,,-201.5028902371491,8,22,4,18,,,,0.0016878999886102974,0.010226499987766147,0.0003893999964930117,0.17729759999201633,0.2710435999906622,0.13701969999237917,0.025924100016709417,0.02394400001503527,0.025435900024604052,0.028093900007661432,0.0012340999965090305
0.8,Linear BTL,33,603,,-216.34593535685448,8,39,5,34,,,,0.002323900000192225,0.010841600014828146,0.0005856000061612576,0.15078200001153164,0.2679581999836955,0.2502356999902986,0.05015400002594106,0.033757800003513694,0.037471799994818866,0.02764370001386851,0.0007236000092234462
0.8,Linear BTL,34,637,,-202.15607588785895,8,31,3,28,,,,0.0018512000096961856,0.0068968999839853495,0.00038519999361597,0.1513033999945037,0.2667997000098694,0.08949499999289401,0.023956899996846914,0.025761099997907877,0.020287199993617833,0.03135360000305809,0.0009176000021398067
0.8,Linear BTL,35,672,,-206.4088692760705,12,26,2,24,,,,0.0016140999796334654,0.009012800001073629,0.0005638999864459038,0.17498979999800213,0.3709089999902062,0.11665899999206886,0.02350099998875521,0.02851650002412498,0.023011799989035353,0.025155000010272488,0.0004613000201061368
0.8,Linear BTL,36,708,,-191.2263603861017,7,24,4,20,,,,0.001632300001801923,0.008216699992772192,0.00037910000537522137,0.1551002999767661,0.2717461999855004,0.08708080000360496,0.024286200001370162,0.024362700001802295,0.02241969999158755,0.029129200003808364,0.0004813999985344708
0.8,Linear BTL,37,745,,-209.92754151844304,20,29,5,24,,,,0.001862700009951368,0.00932509999256581,0.0010640000109560788,0.1404962999804411,0.43265339999925345,0.08144520001951605,0.023586199997225776,0.02091130000189878,0.02382000000216067,0.020848000014666468,0.0008156000112649053
0.8,Linear BTL,38,783,,-190.90013378565155,2,29,2,27,,,,0.0016227999876718968,0.014529900014167652,0.0005902999837417156,0.1425976000027731,0.2721194000041578,0.1179734000179451,0.03165889999945648,0.028022500016959384,0.03293790001771413,0.02776669999002479,0.000516500003868714
0.8,Linear BTL,39,822,,-206.48868444575612,11,29,3,26,,,,0.001648000004934147,0.00664500001585111,0.0003721999819390476,0.18100199999753386,0.26440220000222325,0.15811079999548383,0.02491320000262931,0.025082899985136464,0.027506599988555536,0.021928100002696738,0.00046320000546984375
0.8,Linear BTL,40,862,,-201.04473284828825,9,27,5,22,,,,0.0036443000135477632,0.005816500022774562,0.0003755000070668757,0.1456031000125222,0.28072149999206886,0.09186580000096001,0.024752900004386902,0.023215699999127537,0.024149399978341535,0.031049100012751296,0.000908499991055578
0.8,Linear BTL,41,903,,-205.23160273287104,10,25,7,18,,,,0.0016256000089924783,0.008514999994076788,0.0005826999840792269,0.18777180000324734,0.23791950001032092,0.08249440000508912,0.030478700005915016,0.0247531000059098,0.021830999990925193,0.02870450000045821,0.0009324999991804361
0.8,Linear BTL,42,945,,-202.66439471019802,14,21,4,17,,,,0.0024030999920796603,0.007578899996588007,0.0006231000006664544,0.15211070000077598,0.22812830001930706,0.1243426000000909,0.046697899990249425,0.04514269999344833,0.03726709997863509,0.023619300016434863,0.0008753000001888722
0.8,Linear BTL,43,988,,-207.05658455183504,10,31,4,27,,,,0.0031528999970760196,0.01269869998213835,0.000878200022270903,0.2651657999958843,0.271142100013094,0.10822790002566762,0.025179199990816414,0.025588299991795793,0.022301899996818975,0.026092099986271933,0.00046549999387934804
0.8,Linear BTL,44,1032,,-215.26604598140545,15,29,7,22,,,,0.0046239999937824905,0.010813800006872043,0.0003727999865077436,0.15225280000595376,0.3228227999934461,0.12220020001404919,0.028050900000380352,0.02214529999764636,0.022877999988850206,0.02206399998976849,0.0004496999899856746
0.8,Linear BTL,45,1077,,-163.89336395343756,5,20,2,18,,,,0.00471000000834465,0.047972100001061335,0.0009685999830253422,0.27004180001677014,0.29336730000795797,0.13880539999809116,0.03977649999433197,0.031018000008771196,0.03583460001391359,0.05176319999736734,0.001808900007745251
0.8,Linear BTL,46,1123,,-207.07885601982855,10,21,2,19,,,,0.003949900012230501,0.01346769998781383,0.001673899998422712,0.2869313000119291,0.26590550001128577,0.15075110000907443,0.023398399993311614,0.020078999979887158,0.020178800012217835,0.019792400009464473,0.0004641000123228878
0.8,Linear BTL,47,1170,,-198.3299209543447,13,24,7,17,,,,0.004162499972153455,0.005626800004392862,0.0003586999955587089,0.1477463000046555,0.24529779999284074,0.11938439999357797,0.02405849998467602,0.027551000006496906,0.036588899994967505,0.021952499984763563,0.0018273000023327768
0.8,Linear BTL,48,1218,,-205.48269652452043,9,27,9,18,,,,0.008244500000728294,0.005332799977622926,0.0004025000089313835,0.4409051999973599,0.27704660000745207,0.11119250001502223,0.026247200003126636,0.02172029999201186,0.026158299995586276,0.02368330000899732,0.00047989998711273074
0.8,Linear BTL,49,1267,,-183.8261867268593,12,10,2,8,,,,0.0023886999988462776,0.009305400017183274,0.00037730002077296376,0.16197839999222197,0.3130034000205342,0.13062450001598336,0.03776269999798387,0.026595200004521757,0.028227900009369478,0.022200800012797117,0.0004721999866887927
0.9,LP2 ($ 	heta $ Only),0,42,6.487390924193249e-05,,14,34,3,31,6.487390924193249e-05,60.0,40.0,0.0031220999953802675,0.014024100004462525,0.00038919999497011304,0.16171279997797683,0.22533700001076795,0.13799369998741895,0.021255700004985556,0.02551500001573004,0.022590400010813028,0.021470399980898947,0.004458999988855794
0.9,LP2 ($ 	heta $ Only),1,43,8.508773116860931e-05,,10,25,2,23,8.508773116860931e-05,53.333333333333336,46.666666666666664,0.0018629999831318855,0.006584099988685921,0.0005036999937146902,0.1735266000032425,0.2885979000129737,0.12906870001461357,0.02526599998236634,0.02484509997884743,0.028941299999132752,0.024177900020731613,0.00046549999387934804
0.9,LP2 ($ 	heta $ Only),2,45,0.00013139477902369186,,5,27,9,18,0.00013139477902369186,53.333333333333336,46.666666666666664,0.00230679998639971,0.00607760000275448,0.00035909999860450625,0.158451099996455,0.4169887000171002,0.13484660000540316,0.025338100007502362,0.026401299983263016,0.019586000009439886,0.030325100000482053,0.001355499989585951
0.9,LP2 ($ 	heta $ Only),3,48,6.340243525764045e-05,,8,30,6,24,6.340243525764046e-05,60.0,40.0,0.0025507999816909432,0.008128399989800528,0.00041439998312853277,0.15876079999725334,0.2415169000159949,0.1274118000001181,0.023243900010129437,0.02564219999476336,0.02392790000885725,0.02970919999643229,0.0009199999913107604
0.9,LP2 ($ 	heta $ Only),4,52,4.827617208387183e-05,,20,19,4,15,4.827617208387182e-05,53.333333333333336,46.666666666666664,0.001618400012375787,0.00918289998662658,0.0005612999957520515,0.15424250002251938,0.2945453000138514,0.16753340000286698,0.02340790000744164,0.032719200011342764,0.03166229999624193,0.02248939999844879,0.002175999979954213
0.9,LP2 ($ 	heta $ Only),5,57,4.584501544665798e-05,,17,20,3,17,4.584501544665798e-05,46.666666666666664,53.333333333333336,0.0025631000171415508,0.006177600007504225,0.00043479999294504523,0.18758239998714998,0.2932573999860324,0.09334679998573847,0.018758299993351102,0.025796699977945536,0.020994899998186156,0.019664699997520074,0.00044510001316666603
0.9,LP2 ($ 	heta $ Only),6,63,7.338795681911625e-05,,7,31,15,16,7.338795681911625e-05,53.333333333333336,46.666666666666664,0.002296899998327717,0.006033699988620356,0.00036830001045018435,0.182515600026818,0.2594075000088196,0.13237199999275617,0.024382999981753528,0.024958599999081343,0.02387480001198128,0.025864100025501102,0.00048180000158026814
0.9,LP2 ($ 	heta $ Only),7,70,6.52718623267752e-05,,6,25,8,17,6.52718623267752e-05,46.666666666666664,53.333333333333336,0.004693099996075034,0.009989700018195435,0.0003907000063918531,0.18113340000854805,0.4952798999729566,0.1729596999939531,0.052941400004783645,0.07867279998026788,0.03200009997817688,0.026920100004645064,0.0005031000182498246
0.9,LP2 ($ 	heta $ Only),8,78,7.933602921220676e-05,,12,37,9,28,7.933602921220676e-05,60.0,40.0,0.001931000006152317,0.008579500019550323,0.0004039000195916742,0.1301233999838587,0.248814599995967,0.07426480000140145,0.025365899986354634,0.02478739997604862,0.020552400004817173,0.020422900008270517,0.000884400011273101
0.9,LP2 ($ 	heta $ Only),9,87,7.961605587960152e-05,,14,27,9,18,7.96160558796015e-05,46.666666666666664,53.333333333333336,0.0016212000045925379,0.00572190000093542,0.00034550001146271825,0.14653239998733625,0.2822297999809962,0.114029299991671,0.024208900023950264,0.024657200003275648,0.029549800005042925,0.027434099989477545,0.000672499998472631
0.9,LP2 ($ 	heta $ Only),10,97,3.610112886293633e-05,,15,16,3,13,3.610112886293633e-05,33.333333333333336,66.66666666666666,0.0019526999967638403,0.006441000004997477,0.000378400000045076,0.16055190001497976,0.24526419999892823,0.11384800000814721,0.023018799984129146,0.03521349999937229,0.0332576000073459,0.02505379999638535,0.0004450000124052167
0.9,LP2 ($ 	heta $ Only),11,108,3.758171170228639e-05,,18,26,4,22,3.7581711702286384e-05,40.0,60.0,0.001628900005016476,0.006235000008018687,0.0007496000034734607,0.14373059998615645,0.44065859998227097,0.13144319999264553,0.021147999999811873,0.022422200010623783,0.028771999990567565,0.020807099994271994,0.00043650000588968396
0.9,LP2 ($ 	heta $ Only),12,120,6.010463435201866e-05,,18,25,2,23,6.010463435201866e-05,53.333333333333336,46.666666666666664,0.0016381999885197729,0.00840369999059476,0.0003643000090960413,0.12908720000996254,0.3109955000109039,0.10065040001063608,0.0176326000073459,0.017321999999694526,0.02062699999078177,0.025023199996212497,0.0009180000051856041
0.9,LP2 ($ 	heta $ Only),13,133,9.226615394124941e-05,,12,29,12,17,9.22661539412494e-05,53.333333333333336,46.666666666666664,0.0016552000015508384,0.005563000013353303,0.0003769999893847853,0.14802719998988323,0.22687549999682233,0.08068059998913668,0.033495299983769655,0.023999899975024164,0.028545600012876093,0.026441599999088794,0.0013035000010859221
0.9,LP2 ($ 	heta $ Only),14,147,5.1298663036742395e-05,,12,23,7,16,5.1298663036742395e-05,46.666666666666664,53.333333333333336,0.003314500005217269,0.011446000018622726,0.0003892999957315624,0.1556218999903649,0.24693399999523535,0.08886960000381805,0.028512799995951355,0.024971400009235367,0.025990699999965727,0.022476600017398596,0.0009004000166896731
0.9,LP2 ($ 	heta $ Only),15,162,7.006957823918852e-05,,4,29,11,18,7.00695782391885e-05,53.333333333333336,46.666666666666664,0.002176200010580942,0.005738700012443587,0.0003658000205177814,0.1776798999926541,0.31398179999087006,0.08595840001362376,0.02451610000571236,0.025331999990157783,0.030664099991554394,0.02541240002028644,0.000502600014442578
0.9,LP2 ($ 	heta $ Only),16,178,0.00010835643000307063,,14,35,0,35,0.00010835643000307063,60.0,40.0,0.0016192999901250005,0.006303800008026883,0.0004326000052969903,0.1497553999943193,0.3019196999957785,0.10308380000060424,0.02529570000478998,0.019476299989037216,0.030190299992682412,0.02404499999829568,0.0004563000111375004
0.9,LP2 ($ 	heta $ Only),17,195,2.8974890042156317e-05,,7,9,0,9,2.8974890042156317e-05,33.333333333333336,66.66666666666666,0.00561980000929907,0.006465499987825751,0.00036619999445974827,0.16532120000920258,0.3233192999905441,0.1345331000047736,0.02712959999917075,0.024375599983613938,0.022813099989434704,0.029139499994926155,0.00047790000098757446
0.9,LP2 ($ 	heta $ Only),18,213,7.048567984031085e-05,,14,18,1,17,7.048567984031085e-05,60.0,40.0,0.0022160999942570925,0.010135799995623529,0.0003637000045273453,0.15980610001133755,0.2483092000184115,0.14248440001392737,0.02478549999068491,0.022455600003013387,0.02318419999210164,0.02472630000556819,0.00045190000673756003
0.9,LP2 ($ 	heta $ Only),19,232,6.366023244238543e-05,,9,33,9,24,6.366023244238543e-05,60.0,40.0,0.001855600014096126,0.010253699991153553,0.00039030000334605575,0.15363529999740422,0.27593119998346083,0.0927300000039395,0.02411470000515692,0.020782200008397922,0.020104299997910857,0.023056200006976724,0.0009475999977439642
0.9,LP2 ($ 	heta $ Only),20,252,5.695700470712406e-05,,15,31,7,24,5.6957004707124065e-05,53.333333333333336,46.666666666666664,0.005196599988266826,0.005445499991765246,0.00034759999834932387,0.13367089998791926,0.22778980000293814,0.09300760002224706,0.021133900008862838,0.028059799980837852,0.029743899998720735,0.021608700015349314,0.000450699997600168
0.9,LP2 ($ 	heta $ Only),21,273,5.0016108552015525e-05,,14,18,3,15,5.001610855201552e-05,53.333333333333336,46.666666666666664,0.0024243000079877675,0.008014899998670444,0.000555399979930371,0.14179279998643324,0.22960210000746883,0.12267509999219328,0.02369969998835586,0.023278199980268255,0.022560799989150837,0.025000199995702133,0.0004529000143520534
0.9,LP2 ($ 	heta $ Only),22,295,9.129838986048788e-05,,3,34,12,22,9.129838986048788e-05,53.333333333333336,46.666666666666664,0.0018600999901536852,0.007382000010693446,0.0011579999991226941,0.1610235999978613,0.3762863999872934,0.14307049999479204,0.031668399984482676,0.0275357999780681,0.024706299998797476,0.024499100021785125,0.00096010000561364
0.9,LP2 ($ 	heta $ Only),23,318,7.442187310672454e-05,,9,16,6,10,7.442187310672454e-05,40.0,60.0,0.0016032000130508095,0.007110100006684661,0.0007204000139608979,0.2616459999990184,0.3009258999954909,0.09815069998148829,0.02128939999965951,0.0307139000215102,0.025118399993516505,0.024807100009638816,0.00047309999354183674
0.9,LP2 ($ 	heta $ Only),24,342,7.40004278040989e-05,,13,24,3,21,7.40004278040989e-05,53.333333333333336,46.666666666666664,0.001900999981444329,0.011096000001998618,0.0005723999929614365,0.16339739999966696,0.23586660000728443,0.11269460001494735,0.030384000012418255,0.027357099985238165,0.02185950000421144,0.023806100012734532,0.001109600008931011
0.9,LP2 ($ 	heta $ Only),25,367,5.1344993333278725e-05,,16,28,14,14,5.134499333327873e-05,60.0,40.0,0.001894499990157783,0.006104500003857538,0.00037120000342838466,0.14617360002011992,0.2814346000086516,0.10053629998583347,0.026699300011387095,0.026724399998784065,0.036338599980808794,0.024840199999744073,0.0004429000255186111
0.9,LP2 ($ 	heta $ Only),26,393,8.459518571557908e-05,,14,22,11,11,8.459518571557908e-05,46.666666666666664,53.333333333333336,0.0018720999942161143,0.010986699984641746,0.0008017999934963882,0.15358939999714494,0.3006545999960508,0.1998375999974087,0.02132050000363961,0.02052469999762252,0.02664350002305582,0.02564209999400191,0.002829399978509173
0.9,LP2 ($ 	heta $ Only),27,420,6.779109145755566e-05,,9,32,6,26,6.779109145755566e-05,60.0,40.0,0.0016834000125527382,0.006455199996707961,0.0003733999910764396,0.13510129999485798,0.2522746000031475,0.08981299999868497,0.024933399981819093,0.026955599983921275,0.022934400010854006,0.026044500002171844,0.0004734999965876341
0.9,LP2 ($ 	heta $ Only),28,448,4.381313421811033e-05,,12,16,2,14,4.381313421811033e-05,60.0,40.0,0.0016132999735418707,0.005687099997885525,0.0012388000031933188,0.159597300022142,0.24787819999619387,0.11841520000598393,0.023489999992307276,0.02880369999911636,0.028712700004689395,0.025325499998871237,0.0004655999946407974
0.9,LP2 ($ 	heta $ Only),29,477,5.536004223588115e-05,,18,17,2,15,5.5360042235881146e-05,53.333333333333336,46.666666666666664,0.003909000020939857,0.005555500014452264,0.0003457000129856169,0.1518375999876298,0.2623156000045128,0.12315110000781715,0.026342400000430644,0.020248599990736693,0.0225159999972675,0.06600059999618679,0.00825549999717623
0.9,LP2 ($ 	heta $ Only),30,507,7.24351172890364e-05,,12,30,6,24,7.24351172890364e-05,60.0,40.0,0.0019828999938908964,0.009138199995504692,0.00045059999683871865,0.14533849997678772,0.2906896000204142,0.09339739999268204,0.02120610000565648,0.02038850000826642,0.024626499973237514,0.020436199993127957,0.0004774999979417771
0.9,LP2 ($ 	heta $ Only),31,538,8.81521575991305e-05,,6,27,12,15,8.81521575991305e-05,46.666666666666664,53.333333333333336,0.004413000016938895,0.012173600000096485,0.0003835999814327806,0.1655689000035636,0.23587659999611787,0.15237520000664517,0.032707300008041784,0.02656379999825731,0.029031000012764707,0.02857289998792112,0.0009277999924961478
0.9,LP2 ($ 	heta $ Only),32,570,7.102374198669778e-05,,5,26,2,24,7.102374198669778e-05,46.666666666666664,53.333333333333336,0.006148900021798909,0.006382300023688003,0.000381499994546175,0.1654702000087127,0.27224769999156706,0.15942949999589473,0.023379099991871044,0.028217599989147857,0.025083000015001744,0.02854880000813864,0.0006141000194475055
0.9,LP2 ($ 	heta $ Only),33,603,5.811809319966073e-05,,8,25,2,23,5.8118093199660725e-05,46.666666666666664,53.333333333333336,0.0017239000007975847,0.008684399974299595,0.0003834000090137124,0.15768779997597449,0.27646979998098686,0.1026506999915,0.072546900017187,0.09419370000250638,0.03458360000513494,0.0334902000031434,0.001079299981938675
0.9,LP2 ($ 	heta $ Only),34,637,2.9641000566217777e-05,,11,10,3,7,2.9641000566217777e-05,26.666666666666668,73.33333333333333,0.0021072999807074666,0.008952599979238585,0.0003704999980982393,0.14846520000719465,0.27163430000655353,0.1140043999766931,0.02604199998313561,0.022239299985812977,0.02257829997688532,0.025289100012741983,0.0004659999976865947
0.9,LP2 ($ 	heta $ Only),35,672,6.652356950705931e-05,,13,28,5,23,6.652356950705931e-05,53.333333333333336,46.666666666666664,0.0017459999944549054,0.009147200005827472,0.0006910000229254365,0.23841089999768883,0.2424921999918297,0.11885479997727089,0.02451920000021346,0.025271299993619323,0.022107299999333918,0.024699400004465133,0.0009222000080626458
0.9,LP2 ($ 	heta $ Only),36,708,4.339549074661301e-05,,10,16,3,13,4.3395490746613004e-05,40.0,60.0,0.004488300008233637,0.006994899973506108,0.0018597000162117183,0.19011840000166558,0.2685639999981504,0.1350539999839384,0.023527100012870505,0.019254499988164753,0.021679800003767014,0.02705539998714812,0.000988799991318956
0.9,LP2 ($ 	heta $ Only),37,745,5.729411992810737e-05,,14,20,5,15,5.729411992810737e-05,46.666666666666664,53.333333333333336,0.0016539999924134463,0.005390300008002669,0.0003443000023253262,0.15110770001774654,0.3020705000089947,0.11367699998663738,0.026206899987300858,0.022731799981556833,0.02425960000255145,0.021688700013328344,0.00044930001604370773
0.9,LP2 ($ 	heta $ Only),38,783,4.77888867932721e-05,,9,33,4,29,4.77888867932721e-05,60.0,40.0,0.0058923999895341694,0.005577000003540888,0.0003559000033419579,0.1699046999856364,0.260951300006127,0.1257284999883268,0.026844499981962144,0.03555569998570718,0.029663699999218807,0.025695800024550408,0.002664200001163408
0.9,LP2 ($ 	heta $ Only),39,822,5.722026186868144e-05,,11,41,6,35,5.722026186868145e-05,53.333333333333336,46.666666666666664,0.0019055000157095492,0.006012199999531731,0.0003525000065565109,0.15111830001114868,0.25991459999931976,0.09228290000464767,0.028812100004870445,0.024583899998106062,0.024771299998974428,0.021032099990407005,0.0004607000155374408
0.9,LP2 ($ 	heta $ Only),40,862,8.284369505421333e-05,,9,37,12,25,8.284369505421334e-05,60.0,40.0,0.0016907999815884978,0.008540200011339039,0.0005966000026091933,0.22350790002383292,0.260831000021426,0.08607850002590567,0.01935700001195073,0.02124790000380017,0.026245599990943447,0.035180000006221235,0.0006173000147100538
0.9,LP2 ($ 	heta $ Only),41,903,7.673875082838088e-05,,6,22,12,10,7.673875082838087e-05,46.666666666666664,53.333333333333336,0.0019278999825473875,0.008125699998345226,0.0008614000107627362,0.157708199985791,0.34476780000841245,0.20806549998815171,0.02817720000166446,0.027039599983254448,0.024409900011960417,0.029736899974523112,0.0004883999936282635
0.9,LP2 ($ 	heta $ Only),42,945,9.189013816053278e-05,,10,25,4,21,9.189013816053278e-05,60.0,40.0,0.0018689999997150153,0.011330199980875477,0.0005881999968551099,0.13730410000425763,0.29598960001021624,0.10250770000857301,0.01951569999800995,0.023679800011450425,0.028514499979792163,0.024217099999077618,0.000467999983811751
0.9,LP2 ($ 	heta $ Only),43,988,2.725992395583745e-05,,16,26,4,22,2.725992395583745e-05,33.333333333333336,66.66666666666666,0.005992499995045364,0.006014099984895438,0.0003575000155251473,0.14585709999664687,0.22069219997501932,0.11140069999964908,0.026737999985925853,0.027242999989539385,0.025069600000279024,0.02184190001571551,0.000843599991640076
0.9,LP2 ($ 	heta $ Only),44,1032,8.348358357987561e-05,,13,28,5,23,8.348358357987561e-05,53.333333333333336,46.666666666666664,0.0016171000024769455,0.008928499999456108,0.0005750000127591193,0.1467871000058949,0.4794372000033036,0.17701279997709207,0.02407139999559149,0.023140699981013313,0.025552800012519583,0.0354386999970302,0.0013112000015098602
0.9,LP2 ($ 	heta $ Only),45,1077,6.0375130398837626e-05,,4,25,8,17,6.0375130398837626e-05,46.666666666666664,53.333333333333336,0.003919199982192367,0.01923410000745207,0.0003926999925170094,0.16156220002449118,0.2901236999896355,0.09692730000824668,0.025624800007790327,0.02433379998547025,0.020860099990386516,0.020851699984632432,0.0004945000109728426
0.9,LP2 ($ 	heta $ Only),46,1123,8.427281494130382e-05,,10,48,13,35,8.427281494130382e-05,60.0,40.0,0.004585799993947148,0.006434299983084202,0.00038219999987632036,0.1306507999834139,0.25763300000107847,0.07534559999476187,0.027262499992502853,0.03301640000427142,0.024467700015520677,0.025120000005699694,0.0009043999889399856
0.9,LP2 ($ 	heta $ Only),47,1170,7.600004828500332e-05,,11,29,13,16,7.600004828500333e-05,60.0,40.0,0.003127400006633252,0.005686799995601177,0.00036570001975633204,0.1588414999714587,0.23360079998383299,0.10006590001285076,0.02784510000492446,0.024740200024098158,0.025037000013981014,0.020128000003751367,0.00046419998398050666
0.9,LP2 ($ 	heta $ Only),48,1218,8.391914932784204e-05,,7,32,12,20,8.391914932784204e-05,53.333333333333336,46.666666666666664,0.0016177000070456415,0.008860400004778057,0.0003809999907389283,0.16536729998188093,0.27114610001444817,0.08907010001712479,0.041891800006851554,0.03008119997684844,0.021942099992884323,0.02858589999959804,0.0004826999793294817
0.9,LP2 ($ 	heta $ Only),49,1267,4.133803595526867e-05,,16,22,5,17,4.133803595526867e-05,46.666666666666664,53.333333333333336,0.001858100004028529,0.01600010000402108,0.0005703999777324498,0.12344179998035543,0.3417928999988362,0.11405520001426339,0.01861050000297837,0.018202299979748204,0.03680699999677017,0.03634839999722317,0.0004406999796628952
0.9,LP3 ($ 	heta $ Only),0,42,0.007464862863064087,,14,33,4,29,0.0004077353045258016,86.66666666666667,13.333333333333329,0.0031220999953802675,0.014024100004462525,0.00038919999497011304,0.16171279997797683,0.22533700001076795,0.13799369998741895,0.021255700004985556,0.02551500001573004,0.022590400010813028,0.021470399980898947,0.004458999988855794
0.9,LP3 ($ 	heta $ Only),1,43,0.004741248134464798,,10,16,2,14,0.00041494726742440297,86.66666666666667,13.333333333333329,0.0018629999831318855,0.006584099988685921,0.0005036999937146902,0.1735266000032425,0.2885979000129737,0.12906870001461357,0.02526599998236634,0.02484509997884743,0.028941299999132752,0.024177900020731613,0.00046549999387934804
0.9,LP3 ($ 	heta $ Only),2,45,0.0073599667924256346,,5,30,8,22,0.0005197867640550938,93.33333333333333,6.666666666666671,0.00230679998639971,0.00607760000275448,0.00035909999860450625,0.158451099996455,0.4169887000171002,0.13484660000540316,0.025338100007502362,0.026401299983263016,0.019586000009439886,0.030325100000482053,0.001355499989585951
0.9,LP3 ($ 	heta $ Only),3,48,0.007999437676553834,,8,33,5,28,0.0004597780090467988,93.33333333333333,6.666666666666671,0.0025507999816909432,0.008128399989800528,0.00041439998312853277,0.15876079999725334,0.2415169000159949,0.1274118000001181,0.023243900010129437,0.02564219999476336,0.02392790000885725,0.02970919999643229,0.0009199999913107604
0.9,LP3 ($ 	heta $ Only),4,52,0.0040411588776748586,,20,15,3,12,0.00022593583805485267,86.66666666666667,13.333333333333329,0.001618400012375787,0.00918289998662658,0.0005612999957520515,0.15424250002251938,0.2945453000138514,0.16753340000286698,0.02340790000744164,0.032719200011342764,0.03166229999624193,0.02248939999844879,0.002175999979954213
0.9,LP3 ($ 	heta $ Only),5,57,0.00416392923127214,,17,17,2,15,0.0002884465650578689,93.33333333333333,6.666666666666671,0.0025631000171415508,0.006177600007504225,0.00043479999294504523,0.18758239998714998,0.2932573999860324,0.09334679998573847,0.018758299993351102,0.025796699977945536,0.020994899998186156,0.019664699997520074,0.00044510001316666603
0.9,LP3 ($ 	heta $ Only),6,63,0.0068126488093130325,,7,28,11,17,0.0003473682263445357,93.33333333333333,6.666666666666671,0.002296899998327717,0.006033699988620356,0.00036830001045018435,0.182515600026818,0.2594075000088196,0.13237199999275617,0.024382999981753528,0.024958599999081343,0.02387480001198128,0.025864100025501102,0.00048180000158026814
0.9,LP3 ($ 	heta $ Only),7,70,0.006384621602755047,,6,26,5,21,0.0003685472174606735,93.33333333333333,6.666666666666671,0.004693099996075034,0.009989700018195435,0.0003907000063918531,0.18113340000854805,0.4952798999729566,0.1729596999939531,0.052941400004783645,0.07867279998026788,0.03200009997817688,0.026920100004645064,0.0005031000182498246
0.9,LP3 ($ 	heta $ Only),8,78,0.007543515663847274,,12,33,7,26,0.0003640731784637214,93.33333333333333,6.666666666666671,0.001931000006152317,0.008579500019550323,0.0004039000195916742,0.1301233999838587,0.248814599995967,0.07426480000140145,0.025365899986354634,0.02478739997604862,0.020552400004817173,0.020422900008270517,0.000884400011273101
0.9,LP3 ($ 	heta $ Only),9,87,0.005869052570973541,,14,25,6,19,0.00030919622274447925,93.33333333333333,6.666666666666671,0.0016212000045925379,0.00572190000093542,0.00034550001146271825,0.14653239998733625,0.2822297999809962,0.114029299991671,0.024208900023950264,0.024657200003275648,0.029549800005042925,0.027434099989477545,0.000672499998472631
0.9,LP3 ($ 	heta $ Only),10,97,0.004542446927787245,,15,18,1,17,0.0002923813092492443,93.33333333333333,6.666666666666671,0.0019526999967638403,0.006441000004997477,0.000378400000045076,0.16055190001497976,0.24526419999892823,0.11384800000814721,0.023018799984129146,0.03521349999937229,0.0332576000073459,0.02505379999638535,0.0004450000124052167
0.9,LP3 ($ 	heta $ Only),11,108,0.004270602533128765,,18,18,2,16,0.00028425025021640765,80.0,20.0,0.001628900005016476,0.006235000008018687,0.0007496000034734607,0.14373059998615645,0.44065859998227097,0.13144319999264553,0.021147999999811873,0.022422200010623783,0.028771999990567565,0.020807099994271994,0.00043650000588968396
0.9,LP3 ($ 	heta $ Only),12,120,0.005975022931435103,,18,25,5,20,0.0003333183634999403,93.33333333333333,6.666666666666671,0.0016381999885197729,0.00840369999059476,0.0003643000090960413,0.12908720000996254,0.3109955000109039,0.10065040001063608,0.0176326000073459,0.017321999999694526,0.02062699999078177,0.025023199996212497,0.0009180000051856041
0.9,LP3 ($ 	heta $ Only),13,133,0.006098260602517867,,12,27,10,17,0.0003407710251223236,86.66666666666667,13.333333333333329,0.0016552000015508384,0.005563000013353303,0.0003769999893847853,0.14802719998988323,0.22687549999682233,0.08068059998913668,0.033495299983769655,0.023999899975024164,0.028545600012876093,0.026441599999088794,0.0013035000010859221
0.9,LP3 ($ 	heta $ Only),14,147,0.0049158199984131795,,12,19,7,12,0.00024905770003602373,86.66666666666667,13.333333333333329,0.003314500005217269,0.011446000018622726,0.0003892999957315624,0.1556218999903649,0.24693399999523535,0.08886960000381805,0.028512799995951355,0.024971400009235367,0.025990699999965727,0.022476600017398596,0.0009004000166896731
0.9,LP3 ($ 	heta $ Only),15,162,0.005853566707823992,,4,24,7,17,0.0003714357393949178,93.33333333333333,6.666666666666671,0.002176200010580942,0.005738700012443587,0.0003658000205177814,0.1776798999926541,0.31398179999087006,0.08595840001362376,0.02451610000571236,0.025331999990157783,0.030664099991554394,0.02541240002028644,0.000502600014442578
0.9,LP3 ($ 	heta $ Only),16,178,0.007301257848943752,,14,34,3,31,0.0003640517607367251,93.33333333333333,6.666666666666671,0.0016192999901250005,0.006303800008026883,0.0004326000052969903,0.1497553999943193,0.3019196999957785,0.10308380000060424,0.02529570000478998,0.019476299989037216,0.030190299992682412,0.02404499999829568,0.0004563000111375004
0.9,LP3 ($ 	heta $ Only),17,195,0.00245879858075285,,7,11,1,10,0.00021687423047884893,86.66666666666667,13.333333333333329,0.00561980000929907,0.006465499987825751,0.00036619999445974827,0.16532120000920258,0.3233192999905441,0.1345331000047736,0.02712959999917075,0.024375599983613938,0.022813099989434704,0.029139499994926155,0.00047790000098757446
0.9,LP3 ($ 	heta $ Only),18,213,0.004398685237878929,,14,17,2,15,0.00028609855517616577,86.66666666666667,13.333333333333329,0.0022160999942570925,0.010135799995623529,0.0003637000045273453,0.15980610001133755,0.2483092000184115,0.14248440001392737,0.02478549999068491,0.022455600003013387,0.02318419999210164,0.02472630000556819,0.00045190000673756003
0.9,LP3 ($ 	heta $ Only),19,232,0.007258994104330455,,9,24,10,14,0.00041047544084581205,93.33333333333333,6.666666666666671,0.001855600014096126,0.010253699991153553,0.00039030000334605575,0.15363529999740422,0.27593119998346083,0.0927300000039395,0.02411470000515692,0.020782200008397922,0.020104299997910857,0.023056200006976724,0.0009475999977439642
0.9,LP3 ($ 	heta $ Only),20,252,0.006340465266824036,,15,32,6,26,0.00033960914834209354,80.0,20.0,0.005196599988266826,0.005445499991765246,0.00034759999834932387,0.13367089998791926,0.22778980000293814,0.09300760002224706,0.021133900008862838,0.028059799980837852,0.029743899998720735,0.021608700015349314,0.000450699997600168
0.9,LP3 ($ 	heta $ Only),21,273,0.0044281115012529786,,14,18,3,15,0.00027369138879110695,93.33333333333333,6.666666666666671,0.0024243000079877675,0.008014899998670444,0.000555399979930371,0.14179279998643324,0.22960210000746883,0.12267509999219328,0.02369969998835586,0.023278199980268255,0.022560799989150837,0.025000199995702133,0.0004529000143520534
0.9,LP3 ($ 	heta $ Only),22,295,0.008701295584316282,,3,45,14,31,0.00047849668877439903,93.33333333333333,6.666666666666671,0.0018600999901536852,0.007382000010693446,0.0011579999991226941,0.1610235999978613,0.3762863999872934,0.14307049999479204,0.031668399984482676,0.0275357999780681,0.024706299998797476,0.024499100021785125,0.00096010000561364
0.9,LP3 ($ 	heta $ Only),23,318,0.0037479486618391426,,9,15,2,13,0.0002709908026127718,86.66666666666667,13.333333333333329,0.0016032000130508095,0.007110100006684661,0.0007204000139608979,0.2616459999990184,0.3009258999954909,0.09815069998148829,0.02128939999965951,0.0307139000215102,0.025118399993516505,0.024807100009638816,0.00047309999354183674
0.9,LP3 ($ 	heta $ Only),24,342,0.005406506436221423,,13,21,3,18,0.0002936827988162284,93.33333333333333,6.666666666666671,0.001900999981444329,0.011096000001998618,0.0005723999929614365,0.16339739999966696,0.23586660000728443,0.11269460001494735,0.030384000012418255,0.027357099985238165,0.02185950000421144,0.023806100012734532,0.001109600008931011
0.9,LP3 ($ 	heta $ Only),25,367,0.007336562303722123,,16,35,14,21,0.0003510693488061878,80.0,20.0,0.001894499990157783,0.006104500003857538,0.00037120000342838466,0.14617360002011992,0.2814346000086516,0.10053629998583347,0.026699300011387095,0.026724399998784065,0.036338599980808794,0.024840199999744073,0.0004429000255186111
0.9,LP3 ($ 	heta $ Only),26,393,0.006494358070567952,,14,25,8,17,0.00044378632287717546,93.33333333333333,6.666666666666671,0.0018720999942161143,0.010986699984641746,0.0008017999934963882,0.15358939999714494,0.3006545999960508,0.1998375999974087,0.02132050000363961,0.02052469999762252,0.02664350002305582,0.02564209999400191,0.002829399978509173
0.9,LP3 ($ 	heta $ Only),27,420,0.007510335565422178,,9,38,6,32,0.00037783607294485967,93.33333333333333,6.666666666666671,0.0016834000125527382,0.006455199996707961,0.0003733999910764396,0.13510129999485798,0.2522746000031475,0.08981299999868497,0.024933399981819093,0.026955599983921275,0.022934400010854006,0.026044500002171844,0.0004734999965876341
0.9,LP3 ($ 	heta $ Only),28,448,0.0037417143403860728,,12,17,3,14,0.0003287168731945437,93.33333333333333,6.666666666666671,0.0016132999735418707,0.005687099997885525,0.0012388000031933188,0.159597300022142,0.24787819999619387,0.11841520000598393,0.023489999992307276,0.02880369999911636,0.028712700004689395,0.025325499998871237,0.0004655999946407974
0.9,LP3 ($ 	heta $ Only),29,477,0.003724466290840494,,18,15,2,13,0.00026160322706587653,93.33333333333333,6.666666666666671,0.003909000020939857,0.005555500014452264,0.0003457000129856169,0.1518375999876298,0.2623156000045128,0.12315110000781715,0.026342400000430644,0.020248599990736693,0.0225159999972675,0.06600059999618679,0.00825549999717623
0.9,LP3 ($ 	heta $ Only),30,507,0.006807880020917989,,12,29,5,24,0.00034548168610660054,93.33333333333333,6.666666666666671,0.0019828999938908964,0.009138199995504692,0.00045059999683871865,0.14533849997678772,0.2906896000204142,0.09339739999268204,0.02120610000565648,0.02038850000826642,0.024626499973237514,0.020436199993127957,0.0004774999979417771
0.9,LP3 ($ 	heta $ Only),31,538,0.006478561311055237,,6,29,12,17,0.0004338134582188044,86.66666666666667,13.333333333333329,0.004413000016938895,0.012173600000096485,0.0003835999814327806,0.1655689000035636,0.23587659999611787,0.15237520000664517,0.032707300008041784,0.02656379999825731,0.029031000012764707,0.02857289998792112,0.0009277999924961478
0.9,LP3 ($ 	heta $ Only),32,570,0.006820099468040257,,5,27,2,25,0.00041340515666195017,93.33333333333333,6.666666666666671,0.006148900021798909,0.006382300023688003,0.000381499994546175,0.1654702000087127,0.27224769999156706,0.15942949999589473,0.023379099991871044,0.028217599989147857,0.025083000015001744,0.02854880000813864,0.0006141000194475055
0.9,LP3 ($ 	heta $ Only),33,603,0.0058633549605147505,,8,22,2,20,0.0003245820858278446,86.66666666666667,13.333333333333329,0.0017239000007975847,0.008684399974299595,0.0003834000090137124,0.15768779997597449,0.27646979998098686,0.1026506999915,0.072546900017187,0.09419370000250638,0.03458360000513494,0.0334902000031434,0.001079299981938675
0.9,LP3 ($ 	heta $ Only),34,637,0.0026531800773696907,,11,10,2,8,0.00022593256624590073,73.33333333333333,26.66666666666667,0.0021072999807074666,0.008952599979238585,0.0003704999980982393,0.14846520000719465,0.27163430000655353,0.1140043999766931,0.02604199998313561,0.022239299985812977,0.02257829997688532,0.025289100012741983,0.0004659999976865947
0.9,LP3 ($ 	heta $ Only),35,672,0.006729710962971071,,13,26,7,19,0.0004519823978891329,93.33333333333333,6.666666666666671,0.0017459999944549054,0.009147200005827472,0.0006910000229254365,0.23841089999768883,0.2424921999918297,0.11885479997727089,0.02451920000021346,0.025271299993619323,0.022107299999333918,0.024699400004465133,0.0009222000080626458
0.9,LP3 ($ 	heta $ Only),36,708,0.0032663183818235062,,10,15,2,13,0.00023425111222320771,86.66666666666667,13.333333333333329,0.004488300008233637,0.006994899973506108,0.0018597000162117183,0.19011840000166558,0.2685639999981504,0.1350539999839384,0.023527100012870505,0.019254499988164753,0.021679800003767014,0.02705539998714812,0.000988799991318956
0.9,LP3 ($ 	heta $ Only),37,745,0.004462277130857012,,14,16,3,13,0.0003902407744301796,93.33333333333333,6.666666666666671,0.0016539999924134463,0.005390300008002669,0.0003443000023253262,0.15110770001774654,0.3020705000089947,0.11367699998663738,0.026206899987300858,0.022731799981556833,0.02425960000255145,0.021688700013328344,0.00044930001604370773
0.9,LP3 ($ 	heta $ Only),38,783,0.006784888782074087,,9,29,5,24,0.00034619993787102525,93.33333333333333,6.666666666666671,0.0058923999895341694,0.005577000003540888,0.0003559000033419579,0.1699046999856364,0.260951300006127,0.1257284999883268,0.026844499981962144,0.03555569998570718,0.029663699999218807,0.025695800024550408,0.002664200001163408
0.9,LP3 ($ 	heta $ Only),39,822,0.007194645212190095,,11,33,4,29,0.00032996528646281375,86.66666666666667,13.333333333333329,0.0019055000157095492,0.006012199999531731,0.0003525000065565109,0.15111830001114868,0.25991459999931976,0.09228290000464767,0.028812100004870445,0.024583899998106062,0.024771299998974428,0.021032099990407005,0.0004607000155374408
0.9,LP3 ($ 	heta $ Only),40,862,0.007664455498236753,,9,37,8,29,0.0004404268564904904,93.33333333333333,6.666666666666671,0.0016907999815884978,0.008540200011339039,0.0005966000026091933,0.22350790002383292,0.260831000021426,0.08607850002590567,0.01935700001195073,0.02124790000380017,0.026245599990943447,0.035180000006221235,0.0006173000147100538
0.9,LP3 ($ 	heta $ Only),41,903,0.005185618420906532,,6,20,9,11,0.0003189954586509857,93.33333333333333,6.666666666666671,0.0019278999825473875,0.008125699998345226,0.0008614000107627362,0.157708199985791,0.34476780000841245,0.20806549998815171,0.02817720000166446,0.027039599983254448,0.024409900011960417,0.029736899974523112,0.0004883999936282635
0.9,LP3 ($ 	heta $ Only),42,945,0.005956638089623847,,10,24,5,19,0.0003222910371769109,93.33333333333333,6.666666666666671,0.0018689999997150153,0.011330199980875477,0.0005881999968551099,0.13730410000425763,0.29598960001021624,0.10250770000857301,0.01951569999800995,0.023679800011450425,0.028514499979792163,0.024217099999077618,0.000467999983811751
0.9,LP3 ($ 	heta $ Only),43,988,0.005468868013954669,,16,22,3,19,0.00032297695155914636,86.66666666666667,13.333333333333329,0.005992499995045364,0.006014099984895438,0.0003575000155251473,0.14585709999664687,0.22069219997501932,0.11140069999964908,0.026737999985925853,0.027242999989539385,0.025069600000279024,0.02184190001571551,0.000843599991640076
0.9,LP3 ($ 	heta $ Only),44,1032,0.0057160891056938475,,13,22,6,16,0.00032337689524175015,86.66666666666667,13.333333333333329,0.0016171000024769455,0.008928499999456108,0.0005750000127591193,0.1467871000058949,0.4794372000033036,0.17701279997709207,0.02407139999559149,0.023140699981013313,0.025552800012519583,0.0354386999970302,0.0013112000015098602
0.9,LP3 ($ 	heta $ Only),45,1077,0.005950324942874747,,4,20,3,17,0.00040661893845525765,86.66666666666667,13.333333333333329,0.003919199982192367,0.01923410000745207,0.0003926999925170094,0.16156220002449118,0.2901236999896355,0.09692730000824668,0.025624800007790327,0.02433379998547025,0.020860099990386516,0.020851699984632432,0.0004945000109728426
0.9,LP3 ($ 	heta $ Only),46,1123,0.008562591393039231,,10,39,11,28,0.00039791097541073885,86.66666666666667,13.333333333333329,0.004585799993947148,0.006434299983084202,0.00038219999987632036,0.1306507999834139,0.25763300000107847,0.07534559999476187,0.027262499992502853,0.03301640000427142,0.024467700015520677,0.025120000005699694,0.0009043999889399856
0.9,LP3 ($ 	heta $ Only),47,1170,0.0062527450370035344,,11,30,13,17,0.00030304124473699005,93.33333333333333,6.666666666666671,0.003127400006633252,0.005686799995601177,0.00036570001975633204,0.1588414999714587,0.23360079998383299,0.10006590001285076,0.02784510000492446,0.024740200024098158,0.025037000013981014,0.020128000003751367,0.00046419998398050666
0.9,LP3 ($ 	heta $ Only),48,1218,0.007553592167761445,,7,27,5,22,0.0004828408232605614,93.33333333333333,6.666666666666671,0.0016177000070456415,0.008860400004778057,0.0003809999907389283,0.16536729998188093,0.27114610001444817,0.08907010001712479,0.041891800006851554,0.03008119997684844,0.021942099992884323,0.02858589999959804,0.0004826999793294817
0.9,LP3 ($ 	heta $ Only),49,1267,0.004046428686420973,,16,18,2,16,0.00025753315601591655,93.33333333333333,6.666666666666671,0.001858100004028529,0.01600010000402108,0.0005703999777324498,0.12344179998035543,0.3417928999988362,0.11405520001426339,0.01861050000297837,0.018202299979748204,0.03680699999677017,0.03634839999722317,0.0004406999796628952
0.9,Weighted LP3 ($ 	heta $ Only),0,42,0.005375645638779402,,14,32,3,29,0.00040736787780578455,86.66666666666667,13.333333333333329,0.0031220999953802675,0.014024100004462525,0.00038919999497011304,0.16171279997797683,0.22533700001076795,0.13799369998741895,0.021255700004985556,0.02551500001573004,0.022590400010813028,0.021470399980898947,0.004458999988855794
0.9,Weighted LP3 ($ 	heta $ Only),1,43,0.003449780106442067,,10,16,2,14,0.00041537236402651917,93.33333333333333,6.666666666666671,0.0018629999831318855,0.006584099988685921,0.0005036999937146902,0.1735266000032425,0.2885979000129737,0.12906870001461357,0.02526599998236634,0.02484509997884743,0.028941299999132752,0.024177900020731613,0.00046549999387934804
0.9,Weighted LP3 ($ 	heta $ Only),2,45,0.005750513229189542,,5,30,8,22,0.0005181445664710107,93.33333333333333,6.666666666666671,0.00230679998639971,0.00607760000275448,0.00035909999860450625,0.158451099996455,0.4169887000171002,0.13484660000540316,0.025338100007502362,0.026401299983263016,0.019586000009439886,0.030325100000482053,0.001355499989585951
0.9,Weighted LP3 ($ 	heta $ Only),3,48,0.0059084216997322405,,8,32,4,28,0.0004622281078294475,93.33333333333333,6.666666666666671,0.0025507999816909432,0.008128399989800528,0.00041439998312853277,0.15876079999725334,0.2415169000159949,0.1274118000001181,0.023243900010129437,0.02564219999476336,0.02392790000885725,0.02970919999643229,0.0009199999913107604
0.9,Weighted LP3 ($ 	heta $ Only),4,52,0.0029072246408024826,,20,14,2,12,0.00022118913415820587,86.66666666666667,13.333333333333329,0.001618400012375787,0.00918289998662658,0.0005612999957520515,0.15424250002251938,0.2945453000138514,0.16753340000286698,0.02340790000744164,0.032719200011342764,0.03166229999624193,0.02248939999844879,0.002175999979954213
0.9,Weighted LP3 ($ 	heta $ Only),5,57,0.0030821578140881436,,17,17,2,15,0.0002888918733324847,93.33333333333333,6.666666666666671,0.0025631000171415508,0.006177600007504225,0.00043479999294504523,0.18758239998714998,0.2932573999860324,0.09334679998573847,0.018758299993351102,0.025796699977945536,0.020994899998186156,0.019664699997520074,0.00044510001316666603
0.9,Weighted LP3 ($ 	heta $ Only),6,63,0.005499155499807797,,7,27,8,19,0.00035216554550833776,93.33333333333333,6.666666666666671,0.002296899998327717,0.006033699988620356,0.00036830001045018435,0.182515600026818,0.2594075000088196,0.13237199999275617,0.024382999981753528,0.024958599999081343,0.02387480001198128,0.025864100025501102,0.00048180000158026814
0.9,Weighted LP3 ($ 	heta $ Only),7,70,0.004878946564546811,,6,26,6,20,0.00037350136888159035,93.33333333333333,6.666666666666671,0.004693099996075034,0.009989700018195435,0.0003907000063918531,0.18113340000854805,0.4952798999729566,0.1729596999939531,0.052941400004783645,0.07867279998026788,0.03200009997817688,0.026920100004645064,0.0005031000182498246
0.9,Weighted LP3 ($ 	heta $ Only),8,78,0.005817802114800755,,12,31,6,25,0.0003632110050775909,93.33333333333333,6.666666666666671,0.001931000006152317,0.008579500019550323,0.0004039000195916742,0.1301233999838587,0.248814599995967,0.07426480000140145,0.025365899986354634,0.02478739997604862,0.020552400004817173,0.020422900008270517,0.000884400011273101
0.9,Weighted LP3 ($ 	heta $ Only),9,87,0.004555429121818763,,14,26,6,20,0.0003082877036156953,93.33333333333333,6.666666666666671,0.0016212000045925379,0.00572190000093542,0.00034550001146271825,0.14653239998733625,0.2822297999809962,0.114029299991671,0.024208900023950264,0.024657200003275648,0.029549800005042925,0.027434099989477545,0.000672499998472631
0.9,Weighted LP3 ($ 	heta $ Only),10,97,0.003300887847773233,,15,19,2,17,0.00027993583012399237,93.33333333333333,6.666666666666671,0.0019526999967638403,0.006441000004997477,0.000378400000045076,0.16055190001497976,0.24526419999892823,0.11384800000814721,0.023018799984129146,0.03521349999937229,0.0332576000073459,0.02505379999638535,0.0004450000124052167
0.9,Weighted LP3 ($ 	heta $ Only),11,108,0.003123960206708295,,18,18,2,16,0.0002814056865491224,86.66666666666667,13.333333333333329,0.001628900005016476,0.006235000008018687,0.0007496000034734607,0.14373059998615645,0.44065859998227097,0.13144319999264553,0.021147999999811873,0.022422200010623783,0.028771999990567565,0.020807099994271994,0.00043650000588968396
0.9,Weighted LP3 ($ 	heta $ Only),12,120,0.004501246603233144,,18,28,5,23,0.00032877957420148743,93.33333333333333,6.666666666666671,0.0016381999885197729,0.00840369999059476,0.0003643000090960413,0.12908720000996254,0.3109955000109039,0.10065040001063608,0.0176326000073459,0.017321999999694526,0.02062699999078177,0.025023199996212497,0.0009180000051856041
0.9,Weighted LP3 ($ 	heta $ Only),13,133,0.004872283641858121,,12,26,8,18,0.00033920706641288225,93.33333333333333,6.666666666666671,0.0016552000015508384,0.005563000013353303,0.0003769999893847853,0.14802719998988323,0.22687549999682233,0.08068059998913668,0.033495299983769655,0.023999899975024164,0.028545600012876093,0.026441599999088794,0.0013035000010859221
0.9,Weighted LP3 ($ 	heta $ Only),14,147,0.0037468263053142105,,12,20,6,14,0.0002489380197191141,86.66666666666667,13.333333333333329,0.003314500005217269,0.011446000018622726,0.0003892999957315624,0.1556218999903649,0.24693399999523535,0.08886960000381805,0.028512799995951355,0.024971400009235367,0.025990699999965727,0.022476600017398596,0.0009004000166896731
0.9,Weighted LP3 ($ 	heta $ Only),15,162,0.004552294551734866,,4,23,6,17,0.0003691630114081315,93.33333333333333,6.666666666666671,0.002176200010580942,0.005738700012443587,0.0003658000205177814,0.1776798999926541,0.31398179999087006,0.08595840001362376,0.02451610000571236,0.025331999990157783,0.030664099991554394,0.02541240002028644,0.000502600014442578
0.9,Weighted LP3 ($ 	heta $ Only),16,178,0.005249197446755027,,14,35,3,32,0.0003640148451145446,93.33333333333333,6.666666666666671,0.0016192999901250005,0.006303800008026883,0.0004326000052969903,0.1497553999943193,0.3019196999957785,0.10308380000060424,0.02529570000478998,0.019476299989037216,0.030190299992682412,0.02404499999829568,0.0004563000111375004
0.9,Weighted LP3 ($ 	heta $ Only),17,195,0.001754672282115444,,7,10,0,10,0.00019945478867735482,86.66666666666667,13.333333333333329,0.00561980000929907,0.006465499987825751,0.00036619999445974827,0.16532120000920258,0.3233192999905441,0.1345331000047736,0.02712959999917075,0.024375599983613938,0.022813099989434704,0.029139499994926155,0.00047790000098757446
0.9,Weighted LP3 ($ 	heta $ Only),18,213,0.0032139981886833906,,14,16,1,15,0.0002798700438572629,86.66666666666667,13.333333333333329,0.0022160999942570925,0.010135799995623529,0.0003637000045273453,0.15980610001133755,0.2483092000184115,0.14248440001392737,0.02478549999068491,0.022455600003013387,0.02318419999210164,0.02472630000556819,0.00045190000673756003
0.9,Weighted LP3 ($ 	heta $ Only),19,232,0.005641757835214138,,9,27,10,17,0.0004101332385387225,93.33333333333333,6.666666666666671,0.001855600014096126,0.010253699991153553,0.00039030000334605575,0.15363529999740422,0.27593119998346083,0.0927300000039395,0.02411470000515692,0.020782200008397922,0.020104299997910857,0.023056200006976724,0.0009475999977439642
0.9,Weighted LP3 ($ 	heta $ Only),20,252,0.00478318032904484,,15,30,5,25,0.0003374624939554395,80.0,20.0,0.005196599988266826,0.005445499991765246,0.00034759999834932387,0.13367089998791926,0.22778980000293814,0.09300760002224706,0.021133900008862838,0.028059799980837852,0.029743899998720735,0.021608700015349314,0.000450699997600168
0.9,Weighted LP3 ($ 	heta $ Only),21,273,0.0032400459285463245,,14,16,2,14,0.0002729852545284569,93.33333333333333,6.666666666666671,0.0024243000079877675,0.008014899998670444,0.000555399979930371,0.14179279998643324,0.22960210000746883,0.12267509999219328,0.02369969998835586,0.023278199980268255,0.022560799989150837,0.025000199995702133,0.0004529000143520534
0.9,Weighted LP3 ($ 	heta $ Only),22,295,0.006709957900545614,,3,44,10,34,0.00048016842169967355,93.33333333333333,6.666666666666671,0.0018600999901536852,0.007382000010693446,0.0011579999991226941,0.1610235999978613,0.3762863999872934,0.14307049999479204,0.031668399984482676,0.0275357999780681,0.024706299998797476,0.024499100021785125,0.00096010000561364
0.9,Weighted LP3 ($ 	heta $ Only),23,318,0.002799970930040173,,9,12,1,11,0.0002549742757527037,86.66666666666667,13.333333333333329,0.0016032000130508095,0.007110100006684661,0.0007204000139608979,0.2616459999990184,0.3009258999954909,0.09815069998148829,0.02128939999965951,0.0307139000215102,0.025118399993516505,0.024807100009638816,0.00047309999354183674
0.9,Weighted LP3 ($ 	heta $ Only),24,342,0.0038996054303938035,,13,22,3,19,0.00029317873646864275,93.33333333333333,6.666666666666671,0.001900999981444329,0.011096000001998618,0.0005723999929614365,0.16339739999966696,0.23586660000728443,0.11269460001494735,0.030384000012418255,0.027357099985238165,0.02185950000421144,0.023806100012734532,0.001109600008931011
0.9,Weighted LP3 ($ 	heta $ Only),25,367,0.005788982173247844,,16,34,12,22,0.00035406413924757,86.66666666666667,13.333333333333329,0.001894499990157783,0.006104500003857538,0.00037120000342838466,0.14617360002011992,0.2814346000086516,0.10053629998583347,0.026699300011387095,0.026724399998784065,0.036338599980808794,0.024840199999744073,0.0004429000255186111
0.9,Weighted LP3 ($ 	heta $ Only),26,393,0.0051942688875616745,,14,32,10,22,0.0004499754433386265,93.33333333333333,6.666666666666671,0.0018720999942161143,0.010986699984641746,0.0008017999934963882,0.15358939999714494,0.3006545999960508,0.1998375999974087,0.02132050000363961,0.02052469999762252,0.02664350002305582,0.02564209999400191,0.002829399978509173
0.9,Weighted LP3 ($ 	heta $ Only),27,420,0.00562501915741247,,9,38,6,32,0.0003770479575601533,93.33333333333333,6.666666666666671,0.0016834000125527382,0.006455199996707961,0.0003733999910764396,0.13510129999485798,0.2522746000031475,0.08981299999868497,0.024933399981819093,0.026955599983921275,0.022934400010854006,0.026044500002171844,0.0004734999965876341
0.9,Weighted LP3 ($ 	heta $ Only),28,448,0.002800383290429514,,12,16,3,13,0.000327704274891944,93.33333333333333,6.666666666666671,0.0016132999735418707,0.005687099997885525,0.0012388000031933188,0.159597300022142,0.24787819999619387,0.11841520000598393,0.023489999992307276,0.02880369999911636,0.028712700004689395,0.025325499998871237,0.0004655999946407974
0.9,Weighted LP3 ($ 	heta $ Only),29,477,0.0027526173636748994,,18,14,2,12,0.000264224574549445,93.33333333333333,6.666666666666671,0.003909000020939857,0.005555500014452264,0.0003457000129856169,0.1518375999876298,0.2623156000045128,0.12315110000781715,0.026342400000430644,0.020248599990736693,0.0225159999972675,0.06600059999618679,0.00825549999717623
0.9,Weighted LP3 ($ 	heta $ Only),30,507,0.005112573147676655,,12,30,5,25,0.00034094737934074385,86.66666666666667,13.333333333333329,0.0019828999938908964,0.009138199995504692,0.00045059999683871865,0.14533849997678772,0.2906896000204142,0.09339739999268204,0.02120610000565648,0.02038850000826642,0.024626499973237514,0.020436199993127957,0.0004774999979417771
0.9,Weighted LP3 ($ 	heta $ Only),31,538,0.005186295812922873,,6,31,12,19,0.00043135822722340785,93.33333333333333,6.666666666666671,0.004413000016938895,0.012173600000096485,0.0003835999814327806,0.1655689000035636,0.23587659999611787,0.15237520000664517,0.032707300008041784,0.02656379999825731,0.029031000012764707,0.02857289998792112,0.0009277999924961478
0.9,Weighted LP3 ($ 	heta $ Only),32,570,0.004920596739183473,,5,26,2,24,0.0004091322751834607,93.33333333333333,6.666666666666671,0.006148900021798909,0.006382300023688003,0.000381499994546175,0.1654702000087127,0.27224769999156706,0.15942949999589473,0.023379099991871044,0.028217599989147857,0.025083000015001744,0.02854880000813864,0.0006141000194475055
0.9,Weighted LP3 ($ 	heta $ Only),33,603,0.004234591653361596,,8,23,2,21,0.00032391059225443306,86.66666666666667,13.333333333333329,0.0017239000007975847,0.008684399974299595,0.0003834000090137124,0.15768779997597449,0.27646979998098686,0.1026506999915,0.072546900017187,0.09419370000250638,0.03458360000513494,0.0334902000031434,0.001079299981938675
0.9,Weighted LP3 ($ 	heta $ Only),34,637,0.0019864306811270814,,11,10,2,8,0.00022612610337367772,73.33333333333333,26.66666666666667,0.0021072999807074666,0.008952599979238585,0.0003704999980982393,0.14846520000719465,0.27163430000655353,0.1140043999766931,0.02604199998313561,0.022239299985812977,0.02257829997688532,0.025289100012741983,0.0004659999976865947
0.9,Weighted LP3 ($ 	heta $ Only),35,672,0.005088966250542107,,13,25,5,20,0.00045504017623912196,93.33333333333333,6.666666666666671,0.0017459999944549054,0.009147200005827472,0.0006910000229254365,0.23841089999768883,0.2424921999918297,0.11885479997727089,0.02451920000021346,0.025271299993619323,0.022107299999333918,0.024699400004465133,0.0009222000080626458
0.9,Weighted LP3 ($ 	heta $ Only),36,708,0.002433789738529979,,10,15,2,13,0.0002354487962830488,86.66666666666667,13.333333333333329,0.004488300008233637,0.006994899973506108,0.0018597000162117183,0.19011840000166558,0.2685639999981504,0.1350539999839384,0.023527100012870505,0.019254499988164753,0.021679800003767014,0.02705539998714812,0.000988799991318956
0.9,Weighted LP3 ($ 	heta $ Only),37,745,0.0033618984681434362,,14,15,2,13,0.0003969502939356551,93.33333333333333,6.666666666666671,0.0016539999924134463,0.005390300008002669,0.0003443000023253262,0.15110770001774654,0.3020705000089947,0.11367699998663738,0.026206899987300858,0.022731799981556833,0.02425960000255145,0.021688700013328344,0.00044930001604370773
0.9,Weighted LP3 ($ 	heta $ Only),38,783,0.005067536786728071,,9,31,5,26,0.000345226360844698,93.33333333333333,6.666666666666671,0.0058923999895341694,0.005577000003540888,0.0003559000033419579,0.1699046999856364,0.260951300006127,0.1257284999883268,0.026844499981962144,0.03555569998570718,0.029663699999218807,0.025695800024550408,0.002664200001163408
0.9,Weighted LP3 ($ 	heta $ Only),39,822,0.005253540744028688,,11,29,3,26,0.00033059061990585074,86.66666666666667,13.333333333333329,0.0019055000157095492,0.006012199999531731,0.0003525000065565109,0.15111830001114868,0.25991459999931976,0.09228290000464767,0.028812100004870445,0.024583899998106062,0.024771299998974428,0.021032099990407005,0.0004607000155374408
0.9,Weighted LP3 ($ 	heta $ Only),40,862,0.005680405877107249,,9,38,8,30,0.00043991873595858246,93.33333333333333,6.666666666666671,0.0016907999815884978,0.008540200011339039,0.0005966000026091933,0.22350790002383292,0.260831000021426,0.08607850002590567,0.01935700001195073,0.02124790000380017,0.026245599990943447,0.035180000006221235,0.0006173000147100538
0.9,Weighted LP3 ($ 	heta $ Only),41,903,0.004238896691002313,,6,20,10,10,0.0003141335265290514,93.33333333333333,6.666666666666671,0.0019278999825473875,0.008125699998345226,0.0008614000107627362,0.157708199985791,0.34476780000841245,0.20806549998815171,0.02817720000166446,0.027039599983254448,0.024409900011960417,0.029736899974523112,0.0004883999936282635
0.9,Weighted LP3 ($ 	heta $ Only),42,945,0.00449934945038851,,10,26,6,20,0.0003221775753386821,93.33333333333333,6.666666666666671,0.0018689999997150153,0.011330199980875477,0.0005881999968551099,0.13730410000425763,0.29598960001021624,0.10250770000857301,0.01951569999800995,0.023679800011450425,0.028514499979792163,0.024217099999077618,0.000467999983811751
0.9,Weighted LP3 ($ 	heta $ Only),43,988,0.003911087372451454,,16,25,3,22,0.00032047726722400085,86.66666666666667,13.333333333333329,0.005992499995045364,0.006014099984895438,0.0003575000155251473,0.14585709999664687,0.22069219997501932,0.11140069999964908,0.026737999985925853,0.027242999989539385,0.025069600000279024,0.02184190001571551,0.000843599991640076
0.9,Weighted LP3 ($ 	heta $ Only),44,1032,0.004294413090077747,,13,23,4,19,0.0003234410327568809,86.66666666666667,13.333333333333329,0.0016171000024769455,0.008928499999456108,0.0005750000127591193,0.1467871000058949,0.4794372000033036,0.17701279997709207,0.02407139999559149,0.023140699981013313,0.025552800012519583,0.0354386999970302,0.0013112000015098602
0.9,Weighted LP3 ($ 	heta $ Only),45,1077,0.00456213808120947,,4,22,5,17,0.00039917354382076203,86.66666666666667,13.333333333333329,0.003919199982192367,0.01923410000745207,0.0003926999925170094,0.16156220002449118,0.2901236999896355,0.09692730000824668,0.025624800007790327,0.02433379998547025,0.020860099990386516,0.020851699984632432,0.0004945000109728426
0.9,Weighted LP3 ($ 	heta $ Only),46,1123,0.006412191345109782,,10,42,8,34,0.00039765331323506916,93.33333333333333,6.666666666666671,0.004585799993947148,0.006434299983084202,0.00038219999987632036,0.1306507999834139,0.25763300000107847,0.07534559999476187,0.027262499992502853,0.03301640000427142,0.024467700015520677,0.025120000005699694,0.0009043999889399856
0.9,Weighted LP3 ($ 	heta $ Only),47,1170,0.0049639876103184785,,11,31,13,18,0.00030364382180129453,93.33333333333333,6.666666666666671,0.003127400006633252,0.005686799995601177,0.00036570001975633204,0.1588414999714587,0.23360079998383299,0.10006590001285076,0.02784510000492446,0.024740200024098158,0.025037000013981014,0.020128000003751367,0.00046419998398050666
0.9,Weighted LP3 ($ 	heta $ Only),48,1218,0.005645590416774226,,7,28,6,22,0.0004829351943561842,93.33333333333333,6.666666666666671,0.0016177000070456415,0.008860400004778057,0.0003809999907389283,0.16536729998188093,0.27114610001444817,0.08907010001712479,0.041891800006851554,0.03008119997684844,0.021942099992884323,0.02858589999959804,0.0004826999793294817
0.9,Weighted LP3 ($ 	heta $ Only),49,1267,0.002955604094648833,,16,18,2,16,0.0002563541894526873,93.33333333333333,6.666666666666671,0.001858100004028529,0.01600010000402108,0.0005703999777324498,0.12344179998035543,0.3417928999988362,0.11405520001426339,0.01861050000297837,0.018202299979748204,0.03680699999677017,0.03634839999722317,0.0004406999796628952
0.9,Borda LP3 ($ 	heta $ Only),0,42,0.0068142623800402395,,14,33,4,29,0.00040734439129822713,93.33333333333333,6.666666666666671,0.0031220999953802675,0.014024100004462525,0.00038919999497011304,0.16171279997797683,0.22533700001076795,0.13799369998741895,0.021255700004985556,0.02551500001573004,0.022590400010813028,0.021470399980898947,0.004458999988855794
0.9,Borda LP3 ($ 	heta $ Only),1,43,0.003231420524994131,,10,16,2,14,0.00037906159483700776,86.66666666666667,13.333333333333329,0.0018629999831318855,0.006584099988685921,0.0005036999937146902,0.1735266000032425,0.2885979000129737,0.12906870001461357,0.02526599998236634,0.02484509997884743,0.028941299999132752,0.024177900020731613,0.00046549999387934804
0.9,Borda LP3 ($ 	heta $ Only),2,45,0.006832530828750026,,5,30,8,22,0.0005210822192152846,93.33333333333333,6.666666666666671,0.00230679998639971,0.00607760000275448,0.00035909999860450625,0.158451099996455,0.4169887000171002,0.13484660000540316,0.025338100007502362,0.026401299983263016,0.019586000009439886,0.030325100000482053,0.001355499989585951
0.9,Borda LP3 ($ 	heta $ Only),3,48,0.00766086492560436,,8,30,5,25,0.0004586977263323208,93.33333333333333,6.666666666666671,0.0025507999816909432,0.008128399989800528,0.00041439998312853277,0.15876079999725334,0.2415169000159949,0.1274118000001181,0.023243900010129437,0.02564219999476336,0.02392790000885725,0.02970919999643229,0.0009199999913107604
0.9,Borda LP3 ($ 	heta $ Only),4,52,0.003945180067287245,,20,14,2,12,0.0002208197533578755,93.33333333333333,6.666666666666671,0.001618400012375787,0.00918289998662658,0.0005612999957520515,0.15424250002251938,0.2945453000138514,0.16753340000286698,0.02340790000744164,0.032719200011342764,0.03166229999624193,0.02248939999844879,0.002175999979954213
0.9,Borda LP3 ($ 	heta $ Only),5,57,0.004057704796437865,,17,18,2,16,0.0002891432388622398,93.33333333333333,6.666666666666671,0.0025631000171415508,0.006177600007504225,0.00043479999294504523,0.18758239998714998,0.2932573999860324,0.09334679998573847,0.018758299993351102,0.025796699977945536,0.020994899998186156,0.019664699997520074,0.00044510001316666603
0.9,Borda LP3 ($ 	heta $ Only),6,63,0.0068126488093130325,,7,28,11,17,0.0003473682263445357,93.33333333333333,6.666666666666671,0.002296899998327717,0.006033699988620356,0.00036830001045018435,0.182515600026818,0.2594075000088196,0.13237199999275617,0.024382999981753528,0.024958599999081343,0.02387480001198128,0.025864100025501102,0.00048180000158026814
0.9,Borda LP3 ($ 	heta $ Only),7,70,0.005717596500174928,,6,24,5,19,0.0003616267888938465,93.33333333333333,6.666666666666671,0.004693099996075034,0.009989700018195435,0.0003907000063918531,0.18113340000854805,0.4952798999729566,0.1729596999939531,0.052941400004783645,0.07867279998026788,0.03200009997817688,0.026920100004645064,0.0005031000182498246
0.9,Borda LP3 ($ 	heta $ Only),8,78,0.007271867379163599,,12,33,6,27,0.00036485697431423345,93.33333333333333,6.666666666666671,0.001931000006152317,0.008579500019550323,0.0004039000195916742,0.1301233999838587,0.248814599995967,0.07426480000140145,0.025365899986354634,0.02478739997604862,0.020552400004817173,0.020422900008270517,0.000884400011273101
0.9,Borda LP3 ($ 	heta $ Only),9,87,0.005720645736059425,,14,25,6,19,0.0003060192082339887,93.33333333333333,6.666666666666671,0.0016212000045925379,0.00572190000093542,0.00034550001146271825,0.14653239998733625,0.2822297999809962,0.114029299991671,0.024208900023950264,0.024657200003275648,0.029549800005042925,0.027434099989477545,0.000672499998472631
0.9,Borda LP3 ($ 	heta $ Only),10,97,0.0042271118821096566,,15,19,3,16,0.00027809448222959095,86.66666666666667,13.333333333333329,0.0019526999967638403,0.006441000004997477,0.000378400000045076,0.16055190001497976,0.24526419999892823,0.11384800000814721,0.023018799984129146,0.03521349999937229,0.0332576000073459,0.02505379999638535,0.0004450000124052167
0.9,Borda LP3 ($ 	heta $ Only),11,108,0.004240970867400208,,18,18,2,16,0.00028370456015555835,93.33333333333333,6.666666666666671,0.001628900005016476,0.006235000008018687,0.0007496000034734607,0.14373059998615645,0.44065859998227097,0.13144319999264553,0.021147999999811873,0.022422200010623783,0.028771999990567565,0.020807099994271994,0.00043650000588968396
0.9,Borda LP3 ($ 	heta $ Only),12,120,0.005448602487567089,,18,25,3,22,0.0003331275489243193,93.33333333333333,6.666666666666671,0.0016381999885197729,0.00840369999059476,0.0003643000090960413,0.12908720000996254,0.3109955000109039,0.10065040001063608,0.0176326000073459,0.017321999999694526,0.02062699999078177,0.025023199996212497,0.0009180000051856041
0.9,Borda LP3 ($ 	heta $ Only),13,133,0.0058822811805129705,,12,26,9,17,0.0003409270423597054,93.33333333333333,6.666666666666671,0.0016552000015508384,0.005563000013353303,0.0003769999893847853,0.14802719998988323,0.22687549999682233,0.08068059998913668,0.033495299983769655,0.023999899975024164,0.028545600012876093,0.026441599999088794,0.0013035000010859221
0.9,Borda LP3 ($ 	heta $ Only),14,147,0.004643680528436717,,12,18,6,12,0.0002478089875309173,86.66666666666667,13.333333333333329,0.003314500005217269,0.011446000018622726,0.0003892999957315624,0.1556218999903649,0.24693399999523535,0.08886960000381805,0.028512799995951355,0.024971400009235367,0.025990699999965727,0.022476600017398596,0.0009004000166896731
0.9,Borda LP3 ($ 	heta $ Only),15,162,0.005501145210844364,,4,24,6,18,0.00037280844040067223,93.33333333333333,6.666666666666671,0.002176200010580942,0.005738700012443587,0.0003658000205177814,0.1776798999926541,0.31398179999087006,0.08595840001362376,0.02451610000571236,0.025331999990157783,0.030664099991554394,0.02541240002028644,0.000502600014442578
0.9,Borda LP3 ($ 	heta $ Only),16,178,0.006743801621968771,,14,32,2,30,0.00036386200696879447,93.33333333333333,6.666666666666671,0.0016192999901250005,0.006303800008026883,0.0004326000052969903,0.1497553999943193,0.3019196999957785,0.10308380000060424,0.02529570000478998,0.019476299989037216,0.030190299992682412,0.02404499999829568,0.0004563000111375004
0.9,Borda LP3 ($ 	heta $ Only),17,195,0.0018099922922344147,,7,9,1,8,0.0001508465933356175,73.33333333333333,26.66666666666667,0.00561980000929907,0.006465499987825751,0.00036619999445974827,0.16532120000920258,0.3233192999905441,0.1345331000047736,0.02712959999917075,0.024375599983613938,0.022813099989434704,0.029139499994926155,0.00047790000098757446
0.9,Borda LP3 ($ 	heta $ Only),18,213,0.003909976062246755,,14,17,2,15,0.00028144078623940994,86.66666666666667,13.333333333333329,0.0022160999942570925,0.010135799995623529,0.0003637000045273453,0.15980610001133755,0.2483092000184115,0.14248440001392737,0.02478549999068491,0.022455600003013387,0.02318419999210164,0.02472630000556819,0.00045190000673756003
0.9,Borda LP3 ($ 	heta $ Only),19,232,0.007020569167365749,,9,24,10,14,0.0004095622598090233,93.33333333333333,6.666666666666671,0.001855600014096126,0.010253699991153553,0.00039030000334605575,0.15363529999740422,0.27593119998346083,0.0927300000039395,0.02411470000515692,0.020782200008397922,0.020104299997910857,0.023056200006976724,0.0009475999977439642
0.9,Borda LP3 ($ 	heta $ Only),20,252,0.006338529526256954,,15,34,7,27,0.00033946688394339766,80.0,20.0,0.005196599988266826,0.005445499991765246,0.00034759999834932387,0.13367089998791926,0.22778980000293814,0.09300760002224706,0.021133900008862838,0.028059799980837852,0.029743899998720735,0.021608700015349314,0.000450699997600168
0.9,Borda LP3 ($ 	heta $ Only),21,273,0.004297894188235159,,14,17,3,14,0.00027408137234370765,86.66666666666667,13.333333333333329,0.0024243000079877675,0.008014899998670444,0.000555399979930371,0.14179279998643324,0.22960210000746883,0.12267509999219328,0.02369969998835586,0.023278199980268255,0.022560799989150837,0.025000199995702133,0.0004529000143520534
0.9,Borda LP3 ($ 	heta $ Only),22,295,0.007771393573399586,,3,43,10,33,0.0004768021340212174,93.33333333333333,6.666666666666671,0.0018600999901536852,0.007382000010693446,0.0011579999991226941,0.1610235999978613,0.3762863999872934,0.14307049999479204,0.031668399984482676,0.0275357999780681,0.024706299998797476,0.024499100021785125,0.00096010000561364
0.9,Borda LP3 ($ 	heta $ Only),23,318,0.0037479486618391426,,9,15,2,13,0.0002709908026127718,86.66666666666667,13.333333333333329,0.0016032000130508095,0.007110100006684661,0.0007204000139608979,0.2616459999990184,0.3009258999954909,0.09815069998148829,0.02128939999965951,0.0307139000215102,0.025118399993516505,0.024807100009638816,0.00047309999354183674
0.9,Borda LP3 ($ 	heta $ Only),24,342,0.004794186806413345,,13,22,3,19,0.00028819970331995235,93.33333333333333,6.666666666666671,0.001900999981444329,0.011096000001998618,0.0005723999929614365,0.16339739999966696,0.23586660000728443,0.11269460001494735,0.030384000012418255,0.027357099985238165,0.02185950000421144,0.023806100012734532,0.001109600008931011
0.9,Borda LP3 ($ 	heta $ Only),25,367,0.006944621089612501,,16,30,11,19,0.00034385422889196,93.33333333333333,6.666666666666671,0.001894499990157783,0.006104500003857538,0.00037120000342838466,0.14617360002011992,0.2814346000086516,0.10053629998583347,0.026699300011387095,0.026724399998784065,0.036338599980808794,0.024840199999744073,0.0004429000255186111
0.9,Borda LP3 ($ 	heta $ Only),26,393,0.006435427881195681,,14,25,8,17,0.00044378632287717546,93.33333333333333,6.666666666666671,0.0018720999942161143,0.010986699984641746,0.0008017999934963882,0.15358939999714494,0.3006545999960508,0.1998375999974087,0.02132050000363961,0.02052469999762252,0.02664350002305582,0.02564209999400191,0.002829399978509173
0.9,Borda LP3 ($ 	heta $ Only),27,420,0.007138587290558983,,9,38,6,32,0.00037768893660789,93.33333333333333,6.666666666666671,0.0016834000125527382,0.006455199996707961,0.0003733999910764396,0.13510129999485798,0.2522746000031475,0.08981299999868497,0.024933399981819093,0.026955599983921275,0.022934400010854006,0.026044500002171844,0.0004734999965876341
0.9,Borda LP3 ($ 	heta $ Only),28,448,0.0031414796918160315,,12,13,2,11,0.00031246713603087924,80.0,20.0,0.0016132999735418707,0.005687099997885525,0.0012388000031933188,0.159597300022142,0.24787819999619387,0.11841520000598393,0.023489999992307276,0.02880369999911636,0.028712700004689395,0.025325499998871237,0.0004655999946407974
0.9,Borda LP3 ($ 	heta $ Only),29,477,0.0033388295150853942,,18,14,2,12,0.00026237067493272933,93.33333333333333,6.666666666666671,0.003909000020939857,0.005555500014452264,0.0003457000129856169,0.1518375999876298,0.2623156000045128,0.12315110000781715,0.026342400000430644,0.020248599990736693,0.0225159999972675,0.06600059999618679,0.00825549999717623
0.9,Borda LP3 ($ 	heta $ Only),30,507,0.006688806596595983,,12,28,3,25,0.00034295733795829114,93.33333333333333,6.666666666666671,0.0019828999938908964,0.009138199995504692,0.00045059999683871865,0.14533849997678772,0.2906896000204142,0.09339739999268204,0.02120610000565648,0.02038850000826642,0.024626499973237514,0.020436199993127957,0.0004774999979417771
0.9,Borda LP3 ($ 	heta $ Only),31,538,0.006209404263965998,,6,29,12,17,0.00042962824453600667,93.33333333333333,6.666666666666671,0.004413000016938895,0.012173600000096485,0.0003835999814327806,0.1655689000035636,0.23587659999611787,0.15237520000664517,0.032707300008041784,0.02656379999825731,0.029031000012764707,0.02857289998792112,0.0009277999924961478
0.9,Borda LP3 ($ 	heta $ Only),32,570,0.006133456486075874,,5,29,2,27,0.0004078801376638718,93.33333333333333,6.666666666666671,0.006148900021798909,0.006382300023688003,0.000381499994546175,0.1654702000087127,0.27224769999156706,0.15942949999589473,0.023379099991871044,0.028217599989147857,0.025083000015001744,0.02854880000813864,0.0006141000194475055
0.9,Borda LP3 ($ 	heta $ Only),33,603,0.005023418207625171,,8,22,2,20,0.00032331981371416167,86.66666666666667,13.333333333333329,0.0017239000007975847,0.008684399974299595,0.0003834000090137124,0.15768779997597449,0.27646979998098686,0.1026506999915,0.072546900017187,0.09419370000250638,0.03458360000513494,0.0334902000031434,0.001079299981938675
0.9,Borda LP3 ($ 	heta $ Only),34,637,0.00238864214543094,,11,11,2,9,0.00022607115204166395,73.33333333333333,26.66666666666667,0.0021072999807074666,0.008952599979238585,0.0003704999980982393,0.14846520000719465,0.27163430000655353,0.1140043999766931,0.02604199998313561,0.022239299985812977,0.02257829997688532,0.025289100012741983,0.0004659999976865947
0.9,Borda LP3 ($ 	heta $ Only),35,672,0.006729710962971071,,13,26,7,19,0.0004519823978891329,86.66666666666667,13.333333333333329,0.0017459999944549054,0.009147200005827472,0.0006910000229254365,0.23841089999768883,0.2424921999918297,0.11885479997727089,0.02451920000021346,0.025271299993619323,0.022107299999333918,0.024699400004465133,0.0009222000080626458
0.9,Borda LP3 ($ 	heta $ Only),36,708,0.002806638204445182,,10,14,2,12,0.00023345747778975552,86.66666666666667,13.333333333333329,0.004488300008233637,0.006994899973506108,0.0018597000162117183,0.19011840000166558,0.2685639999981504,0.1350539999839384,0.023527100012870505,0.019254499988164753,0.021679800003767014,0.02705539998714812,0.000988799991318956
0.9,Borda LP3 ($ 	heta $ Only),37,745,0.003949486364480177,,14,17,2,15,0.0003648146109876877,93.33333333333333,6.666666666666671,0.0016539999924134463,0.005390300008002669,0.0003443000023253262,0.15110770001774654,0.3020705000089947,0.11367699998663738,0.026206899987300858,0.022731799981556833,0.02425960000255145,0.021688700013328344,0.00044930001604370773
0.9,Borda LP3 ($ 	heta $ Only),38,783,0.005749163227073953,,9,29,5,24,0.0003403046766801081,93.33333333333333,6.666666666666671,0.0058923999895341694,0.005577000003540888,0.0003559000033419579,0.1699046999856364,0.260951300006127,0.1257284999883268,0.026844499981962144,0.03555569998570718,0.029663699999218807,0.025695800024550408,0.002664200001163408
0.9,Borda LP3 ($ 	heta $ Only),39,822,0.006858260607631803,,11,32,3,29,0.00033016355698587855,86.66666666666667,13.333333333333329,0.0019055000157095492,0.006012199999531731,0.0003525000065565109,0.15111830001114868,0.25991459999931976,0.09228290000464767,0.028812100004870445,0.024583899998106062,0.024771299998974428,0.021032099990407005,0.0004607000155374408
0.9,Borda LP3 ($ 	heta $ Only),40,862,0.006605010216479619,,9,35,9,26,0.0004403217702960632,93.33333333333333,6.666666666666671,0.0016907999815884978,0.008540200011339039,0.0005966000026091933,0.22350790002383292,0.260831000021426,0.08607850002590567,0.01935700001195073,0.02124790000380017,0.026245599990943447,0.035180000006221235,0.0006173000147100538
0.9,Borda LP3 ($ 	heta $ Only),41,903,0.004897309344245672,,6,20,9,11,0.0003288429682328665,93.33333333333333,6.666666666666671,0.0019278999825473875,0.008125699998345226,0.0008614000107627362,0.157708199985791,0.34476780000841245,0.20806549998815171,0.02817720000166446,0.027039599983254448,0.024409900011960417,0.029736899974523112,0.0004883999936282635
0.9,Borda LP3 ($ 	heta $ Only),42,945,0.005615226681867234,,10,26,5,21,0.0003205585611329111,93.33333333333333,6.666666666666671,0.0018689999997150153,0.011330199980875477,0.0005881999968551099,0.13730410000425763,0.29598960001021624,0.10250770000857301,0.01951569999800995,0.023679800011450425,0.028514499979792163,0.024217099999077618,0.000467999983811751
0.9,Borda LP3 ($ 	heta $ Only),43,988,0.005468868013954669,,16,22,3,19,0.00032297695155914636,86.66666666666667,13.333333333333329,0.005992499995045364,0.006014099984895438,0.0003575000155251473,0.14585709999664687,0.22069219997501932,0.11140069999964908,0.026737999985925853,0.027242999989539385,0.025069600000279024,0.02184190001571551,0.000843599991640076
0.9,Borda LP3 ($ 	heta $ Only),44,1032,0.005243582841968272,,13,22,4,18,0.0003258495857269572,86.66666666666667,13.333333333333329,0.0016171000024769455,0.008928499999456108,0.0005750000127591193,0.1467871000058949,0.4794372000033036,0.17701279997709207,0.02407139999559149,0.023140699981013313,0.025552800012519583,0.0354386999970302,0.0013112000015098602
0.9,Borda LP3 ($ 	heta $ Only),45,1077,0.005425541901553887,,4,24,4,20,0.00040012269085798393,86.66666666666667,13.333333333333329,0.003919199982192367,0.01923410000745207,0.0003926999925170094,0.16156220002449118,0.2901236999896355,0.09692730000824668,0.025624800007790327,0.02433379998547025,0.020860099990386516,0.020851699984632432,0.0004945000109728426
0.9,Borda LP3 ($ 	heta $ Only),46,1123,0.007382156551937223,,10,42,2,40,0.0004014720502150272,93.33333333333333,6.666666666666671,0.004585799993947148,0.006434299983084202,0.00038219999987632036,0.1306507999834139,0.25763300000107847,0.07534559999476187,0.027262499992502853,0.03301640000427142,0.024467700015520677,0.025120000005699694,0.0009043999889399856
0.9,Borda LP3 ($ 	heta $ Only),47,1170,0.0060591043071570195,,11,31,13,18,0.00030425370084963835,93.33333333333333,6.666666666666671,0.003127400006633252,0.005686799995601177,0.00036570001975633204,0.1588414999714587,0.23360079998383299,0.10006590001285076,0.02784510000492446,0.024740200024098158,0.025037000013981014,0.020128000003751367,0.00046419998398050666
0.9,Borda LP3 ($ 	heta $ Only),48,1218,0.007403185001003508,,7,30,6,24,0.00048756179624158706,93.33333333333333,6.666666666666671,0.0016177000070456415,0.008860400004778057,0.0003809999907389283,0.16536729998188093,0.27114610001444817,0.08907010001712479,0.041891800006851554,0.03008119997684844,0.021942099992884323,0.02858589999959804,0.0004826999793294817
0.9,Borda LP3 ($ 	heta $ Only),49,1267,0.0035043650196552086,,16,16,2,14,0.00026112861437869826,93.33333333333333,6.666666666666671,0.001858100004028529,0.01600010000402108,0.0005703999777324498,0.12344179998035543,0.3417928999988362,0.11405520001426339,0.01861050000297837,0.018202299979748204,0.03680699999677017,0.03634839999722317,0.0004406999796628952
0.9,Linear BTL,0,42,,-213.8075182163302,14,33,4,29,,,,0.0031220999953802675,0.014024100004462525,0.00038919999497011304,0.16171279997797683,0.22533700001076795,0.13799369998741895,0.021255700004985556,0.02551500001573004,0.022590400010813028,0.021470399980898947,0.004458999988855794
0.9,Linear BTL,1,43,,-205.1038014901162,10,20,2,18,,,,0.0018629999831318855,0.006584099988685921,0.0005036999937146902,0.1735266000032425,0.2885979000129737,0.12906870001461357,0.02526599998236634,0.02484509997884743,0.028941299999132752,0.024177900020731613,0.00046549999387934804
0.9,Linear BTL,2,45,,-197.3378131349123,5,31,9,22,,,,0.00230679998639971,0.00607760000275448,0.00035909999860450625,0.158451099996455,0.4169887000171002,0.13484660000540316,0.025338100007502362,0.026401299983263016,0.019586000009439886,0.030325100000482053,0.001355499989585951
0.9,Linear BTL,3,48,,-207.819556397357,8,35,4,31,,,,0.0025507999816909432,0.008128399989800528,0.00041439998312853277,0.15876079999725334,0.2415169000159949,0.1274118000001181,0.023243900010129437,0.02564219999476336,0.02392790000885725,0.02970919999643229,0.0009199999913107604
0.9,Linear BTL,4,52,,-211.6627609223895,20,18,2,16,,,,0.001618400012375787,0.00918289998662658,0.0005612999957520515,0.15424250002251938,0.2945453000138514,0.16753340000286698,0.02340790000744164,0.032719200011342764,0.03166229999624193,0.02248939999844879,0.002175999979954213
0.9,Linear BTL,5,57,,-202.59396923230025,17,24,3,21,,,,0.0025631000171415508,0.006177600007504225,0.00043479999294504523,0.18758239998714998,0.2932573999860324,0.09334679998573847,0.018758299993351102,0.025796699977945536,0.020994899998186156,0.019664699997520074,0.00044510001316666603
0.9,Linear BTL,6,63,,-189.63592549877805,7,30,9,21,,,,0.002296899998327717,0.006033699988620356,0.00036830001045018435,0.182515600026818,0.2594075000088196,0.13237199999275617,0.024382999981753528,0.024958599999081343,0.02387480001198128,0.025864100025501102,0.00048180000158026814
0.9,Linear BTL,7,70,,-200.3985391628602,6,26,6,20,,,,0.004693099996075034,0.009989700018195435,0.0003907000063918531,0.18113340000854805,0.4952798999729566,0.1729596999939531,0.052941400004783645,0.07867279998026788,0.03200009997817688,0.026920100004645064,0.0005031000182498246
0.9,Linear BTL,8,78,,-209.322853252635,12,32,6,26,,,,0.001931000006152317,0.008579500019550323,0.0004039000195916742,0.1301233999838587,0.248814599995967,0.07426480000140145,0.025365899986354634,0.02478739997604862,0.020552400004817173,0.020422900008270517,0.000884400011273101
0.9,Linear BTL,9,87,,-207.74255521019825,14,25,7,18,,,,0.0016212000045925379,0.00572190000093542,0.00034550001146271825,0.14653239998733625,0.2822297999809962,0.114029299991671,0.024208900023950264,0.024657200003275648,0.029549800005042925,0.027434099989477545,0.000672499998472631
0.9,Linear BTL,10,97,,-203.45302862571182,15,19,2,17,,,,0.0019526999967638403,0.006441000004997477,0.000378400000045076,0.16055190001497976,0.24526419999892823,0.11384800000814721,0.023018799984129146,0.03521349999937229,0.0332576000073459,0.02505379999638535,0.0004450000124052167
0.9,Linear BTL,11,108,,-208.71071485876521,18,16,2,14,,,,0.001628900005016476,0.006235000008018687,0.0007496000034734607,0.14373059998615645,0.44065859998227097,0.13144319999264553,0.021147999999811873,0.022422200010623783,0.028771999990567565,0.020807099994271994,0.00043650000588968396
0.9,Linear BTL,12,120,,-207.86417367060594,18,26,3,23,,,,0.0016381999885197729,0.00840369999059476,0.0003643000090960413,0.12908720000996254,0.3109955000109039,0.10065040001063608,0.0176326000073459,0.017321999999694526,0.02062699999078177,0.025023199996212497,0.0009180000051856041
0.9,Linear BTL,13,133,,-201.88564294158633,12,28,7,21,,,,0.0016552000015508384,0.005563000013353303,0.0003769999893847853,0.14802719998988323,0.22687549999682233,0.08068059998913668,0.033495299983769655,0.023999899975024164,0.028545600012876093,0.026441599999088794,0.0013035000010859221
0.9,Linear BTL,14,147,,-205.78319950848075,12,20,5,15,,,,0.003314500005217269,0.011446000018622726,0.0003892999957315624,0.1556218999903649,0.24693399999523535,0.08886960000381805,0.028512799995951355,0.024971400009235367,0.025990699999965727,0.022476600017398596,0.0009004000166896731
0.9,Linear BTL,15,162,,-192.19864128929524,4,24,6,18,,,,0.002176200010580942,0.005738700012443587,0.0003658000205177814,0.1776798999926541,0.31398179999087006,0.08595840001362376,0.02451610000571236,0.025331999990157783,0.030664099991554394,0.02541240002028644,0.000502600014442578
0.9,Linear BTL,16,178,,-213.30784187610072,14,35,2,33,,,,0.0016192999901250005,0.006303800008026883,0.0004326000052969903,0.1497553999943193,0.3019196999957785,0.10308380000060424,0.02529570000478998,0.019476299989037216,0.030190299992682412,0.02404499999829568,0.0004563000111375004
0.9,Linear BTL,17,195,,-156.21970026404318,7,10,0,10,,,,0.00561980000929907,0.006465499987825751,0.00036619999445974827,0.16532120000920258,0.3233192999905441,0.1345331000047736,0.02712959999917075,0.024375599983613938,0.022813099989434704,0.029139499994926155,0.00047790000098757446
0.9,Linear BTL,18,213,,-192.82259124880997,14,23,1,22,,,,0.0022160999942570925,0.010135799995623529,0.0003637000045273453,0.15980610001133755,0.2483092000184115,0.14248440001392737,0.02478549999068491,0.022455600003013387,0.02318419999210164,0.02472630000556819,0.00045190000673756003
0.9,Linear BTL,19,232,,-205.74717152549366,9,32,9,23,,,,0.001855600014096126,0.010253699991153553,0.00039030000334605575,0.15363529999740422,0.27593119998346083,0.0927300000039395,0.02411470000515692,0.020782200008397922,0.020104299997910857,0.023056200006976724,0.0009475999977439642
0.9,Linear BTL,20,252,,-212.1658824886373,15,25,5,20,,,,0.005196599988266826,0.005445499991765246,0.00034759999834932387,0.13367089998791926,0.22778980000293814,0.09300760002224706,0.021133900008862838,0.028059799980837852,0.029743899998720735,0.021608700015349314,0.000450699997600168
0.9,Linear BTL,21,273,,-197.75584723962942,14,18,2,16,,,,0.0024243000079877675,0.008014899998670444,0.000555399979930371,0.14179279998643324,0.22960210000746883,0.12267509999219328,0.02369969998835586,0.023278199980268255,0.022560799989150837,0.025000199995702133,0.0004529000143520534
0.9,Linear BTL,22,295,,-206.09974389270494,3,43,9,34,,,,0.0018600999901536852,0.007382000010693446,0.0011579999991226941,0.1610235999978613,0.3762863999872934,0.14307049999479204,0.031668399984482676,0.0275357999780681,0.024706299998797476,0.024499100021785125,0.00096010000561364
0.9,Linear BTL,23,318,,-188.1503162556504,9,15,3,12,,,,0.0016032000130508095,0.007110100006684661,0.0007204000139608979,0.2616459999990184,0.3009258999954909,0.09815069998148829,0.02128939999965951,0.0307139000215102,0.025118399993516505,0.024807100009638816,0.00047309999354183674
0.9,Linear BTL,24,342,,-202.60443061103723,13,22,2,20,,,,0.001900999981444329,0.011096000001998618,0.0005723999929614365,0.16339739999966696,0.23586660000728443,0.11269460001494735,0.030384000012418255,0.027357099985238165,0.02185950000421144,0.023806100012734532,0.001109600008931011
0.9,Linear BTL,25,367,,-215.21619538570596,16,35,7,28,,,,0.001894499990157783,0.006104500003857538,0.00037120000342838466,0.14617360002011992,0.2814346000086516,0.10053629998583347,0.026699300011387095,0.026724399998784065,0.036338599980808794,0.024840199999744073,0.0004429000255186111
0.9,Linear BTL,26,393,,-206.00644013714975,14,33,10,23,,,,0.0018720999942161143,0.010986699984641746,0.0008017999934963882,0.15358939999714494,0.3006545999960508,0.1998375999974087,0.02132050000363961,0.02052469999762252,0.02664350002305582,0.02564209999400191,0.002829399978509173
0.9,Linear BTL,27,420,,-211.55119220647668,9,34,6,28,,,,0.0016834000125527382,0.006455199996707961,0.0003733999910764396,0.13510129999485798,0.2522746000031475,0.08981299999868497,0.024933399981819093,0.026955599983921275,0.022934400010854006,0.026044500002171844,0.0004734999965876341
0.9,Linear BTL,28,448,,-193.41292727923755,12,18,2,16,,,,0.0016132999735418707,0.005687099997885525,0.0012388000031933188,0.159597300022142,0.24787819999619387,0.11841520000598393,0.023489999992307276,0.02880369999911636,0.028712700004689395,0.025325499998871237,0.0004655999946407974
0.9,Linear BTL,29,477,,-204.91066522217355,18,12,2,10,,,,0.003909000020939857,0.005555500014452264,0.0003457000129856169,0.1518375999876298,0.2623156000045128,0.12315110000781715,0.026342400000430644,0.020248599990736693,0.0225159999972675,0.06600059999618679,0.00825549999717623
0.9,Linear BTL,30,507,,-205.1908256014366,12,30,2,28,,,,0.0019828999938908964,0.009138199995504692,0.00045059999683871865,0.14533849997678772,0.2906896000204142,0.09339739999268204,0.02120610000565648,0.02038850000826642,0.024626499973237514,0.020436199993127957,0.0004774999979417771
0.9,Linear BTL,31,538,,-195.11638876639074,6,30,9,21,,,,0.004413000016938895,0.012173600000096485,0.0003835999814327806,0.1655689000035636,0.23587659999611787,0.15237520000664517,0.032707300008041784,0.02656379999825731,0.029031000012764707,0.02857289998792112,0.0009277999924961478
0.9,Linear BTL,32,570,,-204.64826344973767,5,28,1,27,,,,0.006148900021798909,0.006382300023688003,0.000381499994546175,0.1654702000087127,0.27224769999156706,0.15942949999589473,0.023379099991871044,0.028217599989147857,0.025083000015001744,0.02854880000813864,0.0006141000194475055
0.9,Linear BTL,33,603,,-200.07004115306748,8,26,3,23,,,,0.0017239000007975847,0.008684399974299595,0.0003834000090137124,0.15768779997597449,0.27646979998098686,0.1026506999915,0.072546900017187,0.09419370000250638,0.03458360000513494,0.0334902000031434,0.001079299981938675
0.9,Linear BTL,34,637,,-184.68769015440068,11,11,1,10,,,,0.0021072999807074666,0.008952599979238585,0.0003704999980982393,0.14846520000719465,0.27163430000655353,0.1140043999766931,0.02604199998313561,0.022239299985812977,0.02257829997688532,0.025289100012741983,0.0004659999976865947
0.9,Linear BTL,35,672,,-212.92943828825622,13,29,6,23,,,,0.0017459999944549054,0.009147200005827472,0.0006910000229254365,0.23841089999768883,0.2424921999918297,0.11885479997727089,0.02451920000021346,0.025271299993619323,0.022107299999333918,0.024699400004465133,0.0009222000080626458
0.9,Linear BTL,36,708,,-190.58337047560403,10,18,1,17,,,,0.004488300008233637,0.006994899973506108,0.0018597000162117183,0.19011840000166558,0.2685639999981504,0.1350539999839384,0.023527100012870505,0.019254499988164753,0.021679800003767014,0.02705539998714812,0.000988799991318956
0.9,Linear BTL,37,745,,-200.0427601218462,14,25,4,21,,,,0.0016539999924134463,0.005390300008002669,0.0003443000023253262,0.15110770001774654,0.3020705000089947,0.11367699998663738,0.026206899987300858,0.022731799981556833,0.02425960000255145,0.021688700013328344,0.00044930001604370773
0.9,Linear BTL,38,783,,-204.4625805029082,9,29,5,24,,,,0.0058923999895341694,0.005577000003540888,0.0003559000033419579,0.1699046999856364,0.260951300006127,0.1257284999883268,0.026844499981962144,0.03555569998570718,0.029663699999218807,0.025695800024550408,0.002664200001163408
0.9,Linear BTL,39,822,,-211.5735431861093,11,35,5,30,,,,0.0019055000157095492,0.006012199999531731,0.0003525000065565109,0.15111830001114868,0.25991459999931976,0.09228290000464767,0.028812100004870445,0.024583899998106062,0.024771299998974428,0.021032099990407005,0.0004607000155374408
0.9,Linear BTL,40,862,,-204.22481681881771,9,37,6,31,,,,0.0016907999815884978,0.008540200011339039,0.0005966000026091933,0.22350790002383292,0.260831000021426,0.08607850002590567,0.01935700001195073,0.02124790000380017,0.026245599990943447,0.035180000006221235,0.0006173000147100538
0.9,Linear BTL,41,903,,-193.01111149349265,6,25,10,15,,,,0.0019278999825473875,0.008125699998345226,0.0008614000107627362,0.157708199985791,0.34476780000841245,0.20806549998815171,0.02817720000166446,0.027039599983254448,0.024409900011960417,0.029736899974523112,0.0004883999936282635
0.9,Linear BTL,42,945,,-204.73725038167794,10,26,5,21,,,,0.0018689999997150153,0.011330199980875477,0.0005881999968551099,0.13730410000425763,0.29598960001021624,0.10250770000857301,0.01951569999800995,0.023679800011450425,0.028514499979792163,0.024217099999077618,0.000467999983811751
0.9,Linear BTL,43,988,,-207.97212287319246,16,25,2,23,,,,0.005992499995045364,0.006014099984895438,0.0003575000155251473,0.14585709999664687,0.22069219997501932,0.11140069999964908,0.026737999985925853,0.027242999989539385,0.025069600000279024,0.02184190001571551,0.000843599991640076
0.9,Linear BTL,44,1032,,-206.09351575961875,13,24,4,20,,,,0.0016171000024769455,0.008928499999456108,0.0005750000127591193,0.1467871000058949,0.4794372000033036,0.17701279997709207,0.02407139999559149,0.023140699981013313,0.025552800012519583,0.0354386999970302,0.0013112000015098602
0.9,Linear BTL,45,1077,,-187.22025068270653,4,25,4,21,,,,0.003919199982192367,0.01923410000745207,0.0003926999925170094,0.16156220002449118,0.2901236999896355,0.09692730000824668,0.025624800007790327,0.02433379998547025,0.020860099990386516,0.020851699984632432,0.0004945000109728426
0.9,Linear BTL,46,1123,,-213.73183742148504,10,47,3,44,,,,0.004585799993947148,0.006434299983084202,0.00038219999987632036,0.1306507999834139,0.25763300000107847,0.07534559999476187,0.027262499992502853,0.03301640000427142,0.024467700015520677,0.025120000005699694,0.0009043999889399856
0.9,Linear BTL,47,1170,,-199.68265160083106,11,29,8,21,,,,0.003127400006633252,0.005686799995601177,0.00036570001975633204,0.1588414999714587,0.23360079998383299,0.10006590001285076,0.02784510000492446,0.024740200024098158,0.025037000013981014,0.020128000003751367,0.00046419998398050666
0.9,Linear BTL,48,1218,,-210.98235245560736,7,34,7,27,,,,0.0016177000070456415,0.008860400004778057,0.0003809999907389283,0.16536729998188093,0.27114610001444817,0.08907010001712479,0.041891800006851554,0.03008119997684844,0.021942099992884323,0.02858589999959804,0.0004826999793294817
0.9,Linear BTL,49,1267,,-196.87344106840973,16,15,2,13,,,,0.001858100004028529,0.01600010000402108,0.0005703999777324498,0.12344179998035543,0.3417928999988362,0.11405520001426339,0.01861050000297837,0.018202299979748204,0.03680699999677017,0.03634839999722317,0.0004406999796628952
1.0,LP2 ($ 	heta $ Only),0,42,6.57017850322425e-05,,18,26,6,20,6.570178503224249e-05,46.666666666666664,53.333333333333336,0.0036647999950218946,0.018337099987547845,0.0003994999860879034,0.1679895999841392,0.21573320002062246,0.08245330001227558,0.022552700014784932,0.024628100014524534,0.02304020000156015,0.03215119999367744,0.0012283999822102487
1.0,LP2 ($ 	heta $ Only),1,43,8.140628268645388e-05,,18,28,7,21,8.140628268645386e-05,60.0,40.0,0.001808300003176555,0.020400899986270815,0.0006961000035516918,0.2233913000090979,0.3787953999999445,0.14998720001312904,0.030299900012323633,0.027471299981698394,0.020172899996396154,0.020819800003664568,0.00043829999049194157
1.0,LP2 ($ 	heta $ Only),2,45,6.95308903753555e-05,,6,27,12,15,6.953089037535551e-05,53.333333333333336,46.666666666666664,0.006436499999836087,0.00761979998787865,0.0005588999774772674,0.1670385999896098,0.26886509999167174,0.10555920001934282,0.029134700016584247,0.02292620000662282,0.026925699989078566,0.02266089999466203,0.0005686000222340226
1.0,LP2 ($ 	heta $ Only),3,48,4.3131522676859155e-05,,14,22,7,15,4.3131522676859155e-05,46.666666666666664,53.333333333333336,0.0014537000097334385,0.008006999996723607,0.0005609999934677035,0.15911680000135675,0.30626560002565384,0.0932604999979958,0.026796599995577708,0.026866300002438948,0.02063900002394803,0.02578460000222549,0.0004527999844867736
1.0,LP2 ($ 	heta $ Only),4,52,5.87589400545001e-05,,26,24,5,19,5.87589400545001e-05,40.0,60.0,0.001560300006531179,0.006615000020246953,0.0003330999752506614,0.12851849998696707,0.3222370999865234,0.08723560001817532,0.01882990001467988,0.01974670001072809,0.024448499985737726,0.021999799995683134,0.000758399983169511
1.0,LP2 ($ 	heta $ Only),5,57,5.164148542632617e-05,,12,27,7,20,5.164148542632618e-05,53.333333333333336,46.666666666666664,0.0013745000178460032,0.008466300001600757,0.00039010000182315707,0.14964509999845177,0.26022609998472035,0.09913260000757873,0.022875500028021634,0.0256379000202287,0.020913999993354082,0.021177199989324436,0.0009671000007074326
1.0,LP2 ($ 	heta $ Only),6,63,0.00012833567331066299,,6,22,13,9,0.00012833567331066299,53.333333333333336,46.666666666666664,0.0022800999868195504,0.00805549998767674,0.00061779998941347,0.18333609998808242,0.2758660000108648,0.12870059997658245,0.02281809999840334,0.023431899986462668,0.023069499991834164,0.02398549998179078,0.0005619999719783664
1.0,LP2 ($ 	heta $ Only),7,70,4.684300393492283e-05,,9,30,4,26,4.684300393492283e-05,60.0,40.0,0.0018406999879516661,0.010938000021269545,0.0022680000110995024,0.35539489999064244,0.41187000001082197,0.09467610000865534,0.025900600012391806,0.027262400020845234,0.02289809999638237,0.027389499999117106,0.0004746000049635768
1.0,LP2 ($ 	heta $ Only),8,78,7.748544492235591e-05,,7,38,15,23,7.748544492235591e-05,60.0,40.0,0.001557500014314428,0.008773400011705235,0.00039590001688338816,0.15387980002560653,0.3529772000038065,0.09961140001541935,0.03739819998736493,0.020716099999845028,0.01999249999062158,0.01965039997594431,0.00048550000065006316
1.0,LP2 ($ 	heta $ Only),9,87,6.198687314330143e-05,,9,22,6,16,6.198687314330143e-05,53.333333333333336,46.666666666666664,0.0013541999796871096,0.007172999990871176,0.00037200000951997936,0.15761719999136403,0.26280870000482537,0.1171254999935627,0.022368200006894767,0.027038900007028133,0.023617799975909293,0.03050200000870973,0.0004802999901585281
1.0,LP2 ($ 	heta $ Only),10,97,4.708957648131531e-05,,13,25,4,21,4.708957648131531e-05,46.666666666666664,53.333333333333336,0.0013804000045638531,0.010255799978040159,0.0003718000079970807,0.21629630000097677,0.9377870000025723,0.3820228000113275,0.08940689999144524,0.07932759998948313,0.065692800009856,0.041629200015449896,0.0014335000014398247
1.0,LP2 ($ 	heta $ Only),11,108,5.4274989777806e-05,,16,26,3,23,5.4274989777806e-05,60.0,40.0,0.0027205999940633774,0.01968769999803044,0.0057628999929875135,0.2153249999973923,0.2575322999909986,0.1025822999945376,0.024906099977670237,0.022416199994040653,0.024380999995628372,0.03927740000654012,0.0013109999999869615
1.0,LP2 ($ 	heta $ Only),12,120,5.161384933814762e-05,,14,24,6,18,5.161384933814762e-05,46.666666666666664,53.333333333333336,0.0025043000059667975,0.009158399974694476,0.0005520000122487545,0.2737022000073921,0.6749044999887701,0.13733890000730753,0.021368300018366426,0.023051900003338233,0.02217199999722652,0.020784599997568876,0.00044929998693987727
1.0,LP2 ($ 	heta $ Only),13,133,6.878865824226113e-05,,10,14,3,11,6.878865824226112e-05,60.0,40.0,0.006134600000223145,0.006342499982565641,0.0003958999877795577,0.19930659999954514,0.3967275000177324,0.17087699999683537,0.048548499995376915,0.03734400001121685,0.03026600001612678,0.030365100014023483,0.00048129999777302146
1.0,LP2 ($ 	heta $ Only),14,147,5.372012519856872e-05,,10,21,2,19,5.372012519856872e-05,53.333333333333336,46.666666666666664,0.0015434999950230122,0.016555799986235797,0.0003837999829556793,0.20514090001233853,0.4465063999814447,0.18205860001035035,0.025510800012852997,0.025630899996031076,0.03581589998793788,0.02966159998322837,0.0005507000023499131
1.0,LP2 ($ 	heta $ Only),15,162,7.142111959698812e-05,,9,25,12,13,7.142111959698812e-05,40.0,60.0,0.0016767000197432935,0.014887900004396215,0.00045159997534938157,0.2041138999920804,0.46628280001459643,0.10916079999879003,0.03531659999862313,0.03170599997974932,0.03909970002132468,0.03768039998249151,0.0004827000084333122
1.0,LP2 ($ 	heta $ Only),16,178,5.602888992439773e-05,,18,32,5,27,5.602888992439773e-05,53.333333333333336,46.666666666666664,0.0023734999995213,0.012998399994103238,0.0012814999790862203,0.22457479999866337,0.35467689999495633,0.2664443000103347,0.02711660001659766,0.023795599990990013,0.02898000000277534,0.025834000000031665,0.0008339000050909817
1.0,LP2 ($ 	heta $ Only),17,195,4.962838815145384e-05,,8,17,2,15,4.962838815145384e-05,53.333333333333336,46.666666666666664,0.0013555000186897814,0.005796899989945814,0.00045870000030845404,0.31040930000017397,0.48667179999756627,0.22314799999003299,0.05409750001854263,0.024544699990656227,0.03751549997832626,0.038353600015398115,0.0014266000071074814
1.0,LP2 ($ 	heta $ Only),18,213,6.825420082186971e-05,,15,19,4,15,6.825420082186971e-05,53.333333333333336,46.666666666666664,0.0029276999994181097,0.00579160000779666,0.001498199999332428,0.2044334000092931,0.24897250000503846,0.09752640000078827,0.028416799992555752,0.04263280000304803,0.024522499996237457,0.035756099998252466,0.0004454999871086329
1.0,LP2 ($ 	heta $ Only),19,232,5.106777387886757e-05,,13,27,11,16,5.1067773878867575e-05,53.333333333333336,46.666666666666664,0.005002700025215745,0.00894739999785088,0.0005662000039592385,0.18045320000965148,0.24275390000548214,0.15596749997348525,0.04851679998682812,0.04488219998893328,0.02708800000254996,0.02798169999732636,0.0010136000055354089
1.0,LP2 ($ 	heta $ Only),20,252,6.166077847151848e-05,,13,25,5,20,6.166077847151849e-05,46.666666666666664,53.333333333333336,0.0018284999823663384,0.00762290001148358,0.00037399999564513564,0.1545060999924317,0.358656800002791,0.11015039999620058,0.029620799992699176,0.025110499991569668,0.04929490000358783,0.0716565000184346,0.0014310000115074217
1.0,LP2 ($ 	heta $ Only),21,273,3.450063035447101e-05,,12,18,1,17,3.450063035447101e-05,53.333333333333336,46.666666666666664,0.003979700006311759,0.022491100011393428,0.001931300008436665,0.23160229998757131,0.27564560002065264,0.12512369998148642,0.021273200021823868,0.02794140001060441,0.050172199989901856,0.05085579998558387,0.0034423999895807356
1.0,LP2 ($ 	heta $ Only),22,295,9.919791545715068e-05,,3,29,8,21,9.919791545715068e-05,53.333333333333336,46.666666666666664,0.0034439000010024756,0.020706399984192103,0.0003890999942086637,0.5143516999960411,0.32953429999179207,0.11082840000744909,0.021727100014686584,0.021865899994736537,0.021888900024350733,0.023539400019217283,0.003334800014272332
1.0,LP2 ($ 	heta $ Only),23,318,5.7211031703746445e-05,,7,34,8,26,5.7211031703746445e-05,53.333333333333336,46.666666666666664,0.001581899996381253,0.006104500003857538,0.00038940002559684217,0.2509503000183031,0.3973761000088416,0.15431359998183325,0.024366899975575507,0.042527100013103336,0.05038659999263473,0.04032589998678304,0.0005155999970156699
1.0,LP2 ($ 	heta $ Only),24,342,8.761001059458926e-05,,11,33,6,27,8.761001059458926e-05,60.0,40.0,0.001811099995393306,0.006173200003104284,0.0005494999932125211,0.1897686000156682,0.24022760000661947,0.12900809998973273,0.027666899986797944,0.02133799999137409,0.027946699992753565,0.024584499973570928,0.00046499999007210135
1.0,LP2 ($ 	heta $ Only),25,367,5.444272380111357e-05,,16,15,9,6,5.4442723801113566e-05,53.333333333333336,46.666666666666664,0.006476399983512238,0.006611799995880574,0.0022287000028882176,0.26281569999991916,0.2681946999800857,0.09734049998223782,0.026792300021043047,0.020263000013073906,0.02158530001179315,0.02433850002125837,0.000840499997138977
1.0,LP2 ($ 	heta $ Only),26,393,0.00013321105351533227,,13,33,14,19,0.0001332110535153323,46.666666666666664,53.333333333333336,0.0013797999999951571,0.0065922999929171056,0.0003698999935295433,0.1483701000106521,0.2601339000102598,0.1017365999869071,0.039515000011306256,0.023060699983034283,0.019591699994634837,0.03638969999155961,0.0019770000071730465
1.0,LP2 ($ 	heta $ Only),27,420,2.9642404472603114e-05,,11,15,0,15,2.9642404472603114e-05,60.0,40.0,0.008604100003140047,0.014700300002004951,0.00038129999302327633,0.29584569999133237,0.256079500017222,0.10404249999555759,0.0278468000178691,0.024322500015841797,0.024281499994685873,0.022780700004659593,0.0004661999992094934
1.0,LP2 ($ 	heta $ Only),28,448,6.21448100935476e-05,,12,31,6,25,6.21448100935476e-05,46.666666666666664,53.333333333333336,0.001348600024357438,0.010792600020067766,0.0009660999930929393,0.15616089999093674,0.3340248000167776,0.1203823999967426,0.024893499998142943,0.023146199993789196,0.022031900007277727,0.027850799990119413,0.00046519999159500003
1.0,LP2 ($ 	heta $ Only),29,477,5.374825072079037e-05,,13,32,4,28,5.3748250720790376e-05,53.333333333333336,46.666666666666664,0.00135420000879094,0.010175200004596263,0.0007822000188753009,0.14929460000712425,0.27743800001917407,0.12376039999071509,0.023543699993751943,0.023015900020254776,0.019676900003105402,0.01815990000613965,0.0004599000094458461
1.0,LP2 ($ 	heta $ Only),30,507,7.340097571210437e-05,,8,32,15,17,7.340097571210437e-05,60.0,40.0,0.001346500008367002,0.005808299989439547,0.0009070999803952873,0.13080049998825416,0.34596929998951964,0.16269080000347458,0.03316399999312125,0.03237140001147054,0.034603800013428554,0.04245290000108071,0.0005150999932084233
1.0,LP2 ($ 	heta $ Only),31,538,0.00012583502589925142,,6,39,20,19,0.0001258350258992514,53.333333333333336,46.666666666666664,0.0017539999971631914,0.01293729999451898,0.0006668000132776797,0.1970228000136558,0.3899377000052482,0.09025490001658909,0.024905099999159575,0.043423800001619384,0.04688249999890104,0.05244449997553602,0.0010956999904010445
1.0,LP2 ($ 	heta $ Only),32,570,6.520782383249971e-05,,13,23,4,19,6.520782383249971e-05,40.0,60.0,0.0038006000104360282,0.01381299999775365,0.0005017999792471528,0.1439230999967549,0.2673529000021517,0.10497169999871403,0.02344489999813959,0.019034500000998378,0.019593400007579476,0.020961300004273653,0.0008698000165168196
1.0,LP2 ($ 	heta $ Only),33,603,6.668562881246706e-05,,8,27,5,22,6.668562881246706e-05,53.333333333333336,46.666666666666664,0.0013604999985545874,0.005895899987081066,0.000374099996406585,0.17956690001301467,0.27177630001096986,0.16879399999743327,0.030245000001741573,0.030062800011364743,0.026887299987720326,0.02414709998993203,0.0009113000123761594
1.0,LP2 ($ 	heta $ Only),34,637,6.999298931703825e-05,,9,47,10,37,6.999298931703826e-05,53.333333333333336,46.666666666666664,0.0013605999993160367,0.00844380000489764,0.00037480000173673034,0.15735020002466626,0.2754725000122562,0.12078159998054616,0.02488049998646602,0.024793899996438995,0.02523299999302253,0.025304700015112758,0.0004783000040333718
1.0,LP2 ($ 	heta $ Only),35,672,6.072592768537808e-05,,20,29,6,23,6.0725927685378086e-05,40.0,60.0,0.0015810000186320394,0.010092000011354685,0.0004890999989584088,0.1473900999990292,0.3161870999902021,0.22770379998837598,0.022820100013632327,0.025807500001974404,0.02101039999979548,0.01769459998467937,0.0004299999854993075
1.0,LP2 ($ 	heta $ Only),36,708,5.006448992792741e-05,,20,26,3,23,5.006448992792742e-05,60.0,40.0,0.0021431999921333045,0.0074878000013995916,0.0005317000031936914,0.13536329998169094,0.31549559999257326,0.10821009997744113,0.01779709997936152,0.01726359999156557,0.022316799993859604,0.028656000009505078,0.0008111000061035156
1.0,LP2 ($ 	heta $ Only),37,745,5.9469498962699e-05,,15,29,10,19,5.9469498962698994e-05,60.0,40.0,0.001355199987301603,0.010208799998508766,0.0005632000102195889,0.1575301999982912,0.22455459999036975,0.13905500000691973,0.02389980002772063,0.022942000010516495,0.022362499992595986,0.027437100012321025,0.000450699997600168
1.0,LP2 ($ 	heta $ Only),38,783,6.734599571313401e-05,,15,24,11,13,6.734599571313401e-05,46.666666666666664,53.333333333333336,0.0015519000007770956,0.009787900024093688,0.0005794000171590596,0.15494989999569952,0.27449779998278245,0.10114660000544973,0.02567299999645911,0.02141649997793138,0.024383699987083673,0.024889099993743002,0.0004440000047907233
1.0,LP2 ($ 	heta $ Only),39,822,5.386649878776542e-05,,7,25,3,22,5.3866498787765426e-05,53.333333333333336,46.666666666666664,0.0020161000138614327,0.010410900023998693,0.000375300005543977,0.14926820000982843,0.27503089999663644,0.10348270001122728,0.02708199998596683,0.030726700002560392,0.025620700005674735,0.029776800016406924,0.00047980001545511186
1.0,LP2 ($ 	heta $ Only),40,862,5.5643683192502465e-05,,7,22,10,12,5.5643683192502465e-05,46.666666666666664,53.333333333333336,0.0013739000132773072,0.009350000007543713,0.00038240000139921904,0.14199799997732043,0.37713319997419603,0.16623750000144355,0.03352470000390895,0.041652999992948025,0.0375820999906864,0.03231809998396784,0.000920199992833659
1.0,LP2 ($ 	heta $ Only),41,903,9.712235772792822e-05,,8,35,12,23,9.712235772792822e-05,60.0,40.0,0.001359499990940094,0.007570500019937754,0.001317500020377338,0.19797290000133216,0.3661668999993708,0.09305699999094941,0.03585230000317097,0.022999699984211475,0.02046229998813942,0.019710900000063702,0.0008286000229418278
1.0,LP2 ($ 	heta $ Only),42,945,5.8644038697229384e-05,,16,26,4,22,5.8644038697229384e-05,53.333333333333336,46.666666666666664,0.005231500021182001,0.006284600007347763,0.0003648999845609069,0.12925579998409376,0.2576293000020087,0.10471640000469051,0.02576650000992231,0.02144189999671653,0.02974759999779053,0.022625000012340024,0.0005193999968469143
1.0,LP2 ($ 	heta $ Only),43,988,6.029191350584705e-05,,18,18,2,16,6.029191350584705e-05,53.333333333333336,46.666666666666664,0.005561600002693012,0.005658899986883625,0.0003391000209376216,0.23705699999118224,0.20091889999457635,0.1070418999879621,0.03223129999241792,0.028921299992362037,0.021593499986920506,0.021301900007529184,0.0007479999912902713
1.0,LP2 ($ 	heta $ Only),44,1032,6.69511014612192e-05,,6,27,3,24,6.69511014612192e-05,53.333333333333336,46.666666666666664,0.0023145999875850976,0.007664500008104369,0.0007226000016089529,0.16161009998177178,0.3313670000061393,0.20979279998573475,0.024566099978983402,0.02665539999725297,0.027061800006777048,0.02744520001579076,0.0005935999797657132
1.0,LP2 ($ 	heta $ Only),45,1077,6.743478935984609e-05,,5,33,10,23,6.743478935984609e-05,40.0,60.0,0.0013877000019419938,0.009190000011585653,0.00039239999023266137,0.1486768999893684,0.2924350000103004,0.11470390000613406,0.024286800005938858,0.02355579999857582,0.02032609999878332,0.023055800003930926,0.0004996999923605472
1.0,LP2 ($ 	heta $ Only),46,1123,7.019878750645623e-05,,12,26,2,24,7.019878750645621e-05,53.333333333333336,46.666666666666664,0.004154299997026101,0.005727499985368922,0.0004698999982792884,0.15696249998291023,0.2371147999947425,0.09760459998506121,0.024999900022521615,0.026391499995952472,0.023008399992249906,0.03657339999335818,0.002059200021903962
1.0,LP2 ($ 	heta $ Only),47,1170,6.0620349554710195e-05,,9,24,5,19,6.06203495547102e-05,53.333333333333336,46.666666666666664,0.004295399994589388,0.012500100012402982,0.0007707999902777374,0.15840499999467283,0.33114610001211986,0.11232970000128262,0.02505560001009144,0.025279699999373406,0.02887930002179928,0.02595909999217838,0.0004904000088572502
1.0,LP2 ($ 	heta $ Only),48,1218,0.00011082925927071016,,6,31,6,25,0.00011082925927071017,60.0,40.0,0.001362899987725541,0.0067057000123895705,0.0004030000127386302,0.1469228999922052,0.39263840002240613,0.09988789999624714,0.02431169999181293,0.026086099998792633,0.02527169999666512,0.02705249999416992,0.00048389998846687376
1.0,LP2 ($ 	heta $ Only),49,1267,5.730813987494583e-05,,12,27,7,20,5.7308139874945835e-05,53.333333333333336,46.666666666666664,0.0015693999885115772,0.010110999981407076,0.0008005000127013773,0.21527980000246316,0.26689309999346733,0.09490310002001934,0.023325899994233623,0.020432299992535263,0.020426099974429235,0.020929799997247756,0.0004640999832190573
1.0,LP3 ($ 	heta $ Only),0,42,0.006933693543332835,,18,24,5,19,0.00042905172061826624,86.66666666666667,13.333333333333329,0.0036647999950218946,0.018337099987547845,0.0003994999860879034,0.1679895999841392,0.21573320002062246,0.08245330001227558,0.022552700014784932,0.024628100014524534,0.02304020000156015,0.03215119999367744,0.0012283999822102487
1.0,LP3 ($ 	heta $ Only),1,43,0.005947754452203724,,18,26,5,21,0.00026001222943996096,93.33333333333333,6.666666666666671,0.001808300003176555,0.020400899986270815,0.0006961000035516918,0.2233913000090979,0.3787953999999445,0.14998720001312904,0.030299900012323633,0.027471299981698394,0.020172899996396154,0.020819800003664568,0.00043829999049194157
1.0,LP3 ($ 	heta $ Only),2,45,0.007065858717246816,,6,29,11,18,0.0003661117732853941,80.0,20.0,0.006436499999836087,0.00761979998787865,0.0005588999774772674,0.1670385999896098,0.26886509999167174,0.10555920001934282,0.029134700016584247,0.02292620000662282,0.026925699989078566,0.02266089999466203,0.0005686000222340226
1.0,LP3 ($ 	heta $ Only),3,48,0.00500202591025406,,14,24,6,18,0.0002945919258445984,86.66666666666667,13.333333333333329,0.0014537000097334385,0.008006999996723607,0.0005609999934677035,0.15911680000135675,0.30626560002565384,0.0932604999979958,0.026796599995577708,0.026866300002438948,0.02063900002394803,0.02578460000222549,0.0004527999844867736
1.0,LP3 ($ 	heta $ Only),4,52,0.005694268337758282,,26,23,6,17,0.0002305151603147347,86.66666666666667,13.333333333333329,0.001560300006531179,0.006615000020246953,0.0003330999752506614,0.12851849998696707,0.3222370999865234,0.08723560001817532,0.01882990001467988,0.01974670001072809,0.024448499985737726,0.021999799995683134,0.000758399983169511
1.0,LP3 ($ 	heta $ Only),5,57,0.006154197269632743,,12,26,5,21,0.0003267448894091111,93.33333333333333,6.666666666666671,0.0013745000178460032,0.008466300001600757,0.00039010000182315707,0.14964509999845177,0.26022609998472035,0.09913260000757873,0.022875500028021634,0.0256379000202287,0.020913999993354082,0.021177199989324436,0.0009671000007074326
1.0,LP3 ($ 	heta $ Only),6,63,0.005644183507497205,,6,26,11,15,0.00038128457212257844,93.33333333333333,6.666666666666671,0.0022800999868195504,0.00805549998767674,0.00061779998941347,0.18333609998808242,0.2758660000108648,0.12870059997658245,0.02281809999840334,0.023431899986462668,0.023069499991834164,0.02398549998179078,0.0005619999719783664
1.0,LP3 ($ 	heta $ Only),7,70,0.006041326120402262,,9,22,3,19,0.000327230350569679,86.66666666666667,13.333333333333329,0.0018406999879516661,0.010938000021269545,0.0022680000110995024,0.35539489999064244,0.41187000001082197,0.09467610000865534,0.025900600012391806,0.027262400020845234,0.02289809999638237,0.027389499999117106,0.0004746000049635768
1.0,LP3 ($ 	heta $ Only),8,78,0.007830155077622206,,7,33,13,20,0.0005074201171353544,93.33333333333333,6.666666666666671,0.001557500014314428,0.008773400011705235,0.00039590001688338816,0.15387980002560653,0.3529772000038065,0.09961140001541935,0.03739819998736493,0.020716099999845028,0.01999249999062158,0.01965039997594431,0.00048550000065006316
1.0,LP3 ($ 	heta $ Only),9,87,0.004540475904028164,,9,19,5,14,0.0003710804102675512,93.33333333333333,6.666666666666671,0.0013541999796871096,0.007172999990871176,0.00037200000951997936,0.15761719999136403,0.26280870000482537,0.1171254999935627,0.022368200006894767,0.027038900007028133,0.023617799975909293,0.03050200000870973,0.0004802999901585281
1.0,LP3 ($ 	heta $ Only),10,97,0.005242274269349835,,13,22,3,19,0.00035759357826434485,93.33333333333333,6.666666666666671,0.0013804000045638531,0.010255799978040159,0.0003718000079970807,0.21629630000097677,0.9377870000025723,0.3820228000113275,0.08940689999144524,0.07932759998948313,0.065692800009856,0.041629200015449896,0.0014335000014398247
1.0,LP3 ($ 	heta $ Only),11,108,0.005212925674018565,,16,23,2,21,0.00028225870266677114,93.33333333333333,6.666666666666671,0.0027205999940633774,0.01968769999803044,0.0057628999929875135,0.2153249999973923,0.2575322999909986,0.1025822999945376,0.024906099977670237,0.022416199994040653,0.024380999995628372,0.03927740000654012,0.0013109999999869615
1.0,LP3 ($ 	heta $ Only),12,120,0.006222425807963287,,14,23,5,18,0.00044691709457013484,93.33333333333333,6.666666666666671,0.0025043000059667975,0.009158399974694476,0.0005520000122487545,0.2737022000073921,0.6749044999887701,0.13733890000730753,0.021368300018366426,0.023051900003338233,0.02217199999722652,0.020784599997568876,0.00044929998693987727
1.0,LP3 ($ 	heta $ Only),13,133,0.004294482808669963,,10,16,4,12,0.0003004953813487653,93.33333333333333,6.666666666666671,0.006134600000223145,0.006342499982565641,0.0003958999877795577,0.19930659999954514,0.3967275000177324,0.17087699999683537,0.048548499995376915,0.03734400001121685,0.03026600001612678,0.030365100014023483,0.00048129999777302146
1.0,LP3 ($ 	heta $ Only),14,147,0.005523962781202723,,10,24,3,21,0.00038878816375510143,93.33333333333333,6.666666666666671,0.0015434999950230122,0.016555799986235797,0.0003837999829556793,0.20514090001233853,0.4465063999814447,0.18205860001035035,0.025510800012852997,0.025630899996031076,0.03581589998793788,0.02966159998322837,0.0005507000023499131
1.0,LP3 ($ 	heta $ Only),15,162,0.006129017075510371,,9,29,9,20,0.0003492333875345019,86.66666666666667,13.333333333333329,0.0016767000197432935,0.014887900004396215,0.00045159997534938157,0.2041138999920804,0.46628280001459643,0.10916079999879003,0.03531659999862313,0.03170599997974932,0.03909970002132468,0.03768039998249151,0.0004827000084333122
1.0,LP3 ($ 	heta $ Only),16,178,0.006559502001039014,,18,26,5,21,0.0004019203338508971,86.66666666666667,13.333333333333329,0.0023734999995213,0.012998399994103238,0.0012814999790862203,0.22457479999866337,0.35467689999495633,0.2664443000103347,0.02711660001659766,0.023795599990990013,0.02898000000277534,0.025834000000031665,0.0008339000050909817
1.0,LP3 ($ 	heta $ Only),17,195,0.0032723202195052065,,8,13,1,12,0.00028543823566013615,93.33333333333333,6.666666666666671,0.0013555000186897814,0.005796899989945814,0.00045870000030845404,0.31040930000017397,0.48667179999756627,0.22314799999003299,0.05409750001854263,0.024544699990656227,0.03751549997832626,0.038353600015398115,0.0014266000071074814
1.0,LP3 ($ 	heta $ Only),18,213,0.0047133381325927945,,15,18,4,14,0.00027596821274738007,86.66666666666667,13.333333333333329,0.0029276999994181097,0.00579160000779666,0.001498199999332428,0.2044334000092931,0.24897250000503846,0.09752640000078827,0.028416799992555752,0.04263280000304803,0.024522499996237457,0.035756099998252466,0.0004454999871086329
1.0,LP3 ($ 	heta $ Only),19,232,0.007068594667180914,,13,30,7,23,0.0004025299395872046,86.66666666666667,13.333333333333329,0.005002700025215745,0.00894739999785088,0.0005662000039592385,0.18045320000965148,0.24275390000548214,0.15596749997348525,0.04851679998682812,0.04488219998893328,0.02708800000254996,0.02798169999732636,0.0010136000055354089
1.0,LP3 ($ 	heta $ Only),20,252,0.006187598832399568,,13,27,5,22,0.0003573609457897297,93.33333333333333,6.666666666666671,0.0018284999823663384,0.00762290001148358,0.00037399999564513564,0.1545060999924317,0.358656800002791,0.11015039999620058,0.029620799992699176,0.025110499991569668,0.04929490000358783,0.0716565000184346,0.0014310000115074217
1.0,LP3 ($ 	heta $ Only),21,273,0.00397879355736572,,12,17,1,16,0.0002199702148108729,93.33333333333333,6.666666666666671,0.003979700006311759,0.022491100011393428,0.001931300008436665,0.23160229998757131,0.27564560002065264,0.12512369998148642,0.021273200021823868,0.02794140001060441,0.050172199989901856,0.05085579998558387,0.0034423999895807356
1.0,LP3 ($ 	heta $ Only),22,295,0.0053383220881179794,,3,23,4,19,0.0004062414066107451,86.66666666666667,13.333333333333329,0.0034439000010024756,0.020706399984192103,0.0003890999942086637,0.5143516999960411,0.32953429999179207,0.11082840000744909,0.021727100014686584,0.021865899994736537,0.021888900024350733,0.023539400019217283,0.003334800014272332
1.0,LP3 ($ 	heta $ Only),23,318,0.0075390049593136495,,7,38,8,30,0.0004085021727588702,93.33333333333333,6.666666666666671,0.001581899996381253,0.006104500003857538,0.00038940002559684217,0.2509503000183031,0.3973761000088416,0.15431359998183325,0.024366899975575507,0.042527100013103336,0.05038659999263473,0.04032589998678304,0.0005155999970156699
1.0,LP3 ($ 	heta $ Only),24,342,0.006667589650022463,,11,31,6,25,0.00034528466287113966,86.66666666666667,13.333333333333329,0.001811099995393306,0.006173200003104284,0.0005494999932125211,0.1897686000156682,0.24022760000661947,0.12900809998973273,0.027666899986797944,0.02133799999137409,0.027946699992753565,0.024584499973570928,0.00046499999007210135
1.0,LP3 ($ 	heta $ Only),25,367,0.004190755163383885,,16,16,9,7,0.0002622712146713203,93.33333333333333,6.666666666666671,0.006476399983512238,0.006611799995880574,0.0022287000028882176,0.26281569999991916,0.2681946999800857,0.09734049998223782,0.026792300021043047,0.020263000013073906,0.02158530001179315,0.02433850002125837,0.000840499997138977
1.0,LP3 ($ 	heta $ Only),26,393,0.006532030032658388,,13,26,10,16,0.00038646208295603,93.33333333333333,6.666666666666671,0.0013797999999951571,0.0065922999929171056,0.0003698999935295433,0.1483701000106521,0.2601339000102598,0.1017365999869071,0.039515000011306256,0.023060699983034283,0.019591699994634837,0.03638969999155961,0.0019770000071730465
1.0,LP3 ($ 	heta $ Only),27,420,0.0037584353551928145,,11,16,1,15,0.00026394889603936794,86.66666666666667,13.333333333333329,0.008604100003140047,0.014700300002004951,0.00038129999302327633,0.29584569999133237,0.256079500017222,0.10404249999555759,0.0278468000178691,0.024322500015841797,0.024281499994685873,0.022780700004659593,0.0004661999992094934
1.0,LP3 ($ 	heta $ Only),28,448,0.006753020775336709,,12,28,5,23,0.0004484596512355544,86.66666666666667,13.333333333333329,0.001348600024357438,0.010792600020067766,0.0009660999930929393,0.15616089999093674,0.3340248000167776,0.1203823999967426,0.024893499998142943,0.023146199993789196,0.022031900007277727,0.027850799990119413,0.00046519999159500003
1.0,LP3 ($ 	heta $ Only),29,477,0.007439345126288646,,13,25,3,22,0.00038278386240803874,80.0,20.0,0.00135420000879094,0.010175200004596263,0.0007822000188753009,0.14929460000712425,0.27743800001917407,0.12376039999071509,0.023543699993751943,0.023015900020254776,0.019676900003105402,0.01815990000613965,0.0004599000094458461
1.0,LP3 ($ 	heta $ Only),30,507,0.00683143211123614,,8,29,10,19,0.0004112838695786206,93.33333333333333,6.666666666666671,0.001346500008367002,0.005808299989439547,0.0009070999803952873,0.13080049998825416,0.34596929998951964,0.16269080000347458,0.03316399999312125,0.03237140001147054,0.034603800013428554,0.04245290000108071,0.0005150999932084233
1.0,LP3 ($ 	heta $ Only),31,538,0.008811489593344367,,6,38,17,21,0.0004830492141164171,93.33333333333333,6.666666666666671,0.0017539999971631914,0.01293729999451898,0.0006668000132776797,0.1970228000136558,0.3899377000052482,0.09025490001658909,0.024905099999159575,0.043423800001619384,0.04688249999890104,0.05244449997553602,0.0010956999904010445
1.0,LP3 ($ 	heta $ Only),32,570,0.00544909940922995,,13,23,3,20,0.00025962334025005557,93.33333333333333,6.666666666666671,0.0038006000104360282,0.01381299999775365,0.0005017999792471528,0.1439230999967549,0.2673529000021517,0.10497169999871403,0.02344489999813959,0.019034500000998378,0.019593400007579476,0.020961300004273653,0.0008698000165168196
1.0,LP3 ($ 	heta $ Only),33,603,0.006173011988380739,,8,26,5,21,0.00041140795367110484,93.33333333333333,6.666666666666671,0.0013604999985545874,0.005895899987081066,0.000374099996406585,0.17956690001301467,0.27177630001096986,0.16879399999743327,0.030245000001741573,0.030062800011364743,0.026887299987720326,0.02414709998993203,0.0009113000123761594
1.0,LP3 ($ 	heta $ Only),34,637,0.009198259324233547,,9,45,6,39,0.00045458813713404486,86.66666666666667,13.333333333333329,0.0013605999993160367,0.00844380000489764,0.00037480000173673034,0.15735020002466626,0.2754725000122562,0.12078159998054616,0.02488049998646602,0.024793899996438995,0.02523299999302253,0.025304700015112758,0.0004783000040333718
1.0,LP3 ($ 	heta $ Only),35,672,0.00689567677722008,,20,33,4,29,0.0003106857815919058,86.66666666666667,13.333333333333329,0.0015810000186320394,0.010092000011354685,0.0004890999989584088,0.1473900999990292,0.3161870999902021,0.22770379998837598,0.022820100013632327,0.025807500001974404,0.02101039999979548,0.01769459998467937,0.0004299999854993075
1.0,LP3 ($ 	heta $ Only),36,708,0.005493367593832922,,20,24,3,21,0.0002884293237420666,93.33333333333333,6.666666666666671,0.0021431999921333045,0.0074878000013995916,0.0005317000031936914,0.13536329998169094,0.31549559999257326,0.10821009997744113,0.01779709997936152,0.01726359999156557,0.022316799993859604,0.028656000009505078,0.0008111000061035156
1.0,LP3 ($ 	heta $ Only),37,745,0.006408420828497794,,15,31,10,21,0.00045877249931362954,93.33333333333333,6.666666666666671,0.001355199987301603,0.010208799998508766,0.0005632000102195889,0.1575301999982912,0.22455459999036975,0.13905500000691973,0.02389980002772063,0.022942000010516495,0.022362499992595986,0.027437100012321025,0.000450699997600168
1.0,LP3 ($ 	heta $ Only),38,783,0.00577809573763145,,15,25,8,17,0.00027491672646017104,86.66666666666667,13.333333333333329,0.0015519000007770956,0.009787900024093688,0.0005794000171590596,0.15494989999569952,0.27449779998278245,0.10114660000544973,0.02567299999645911,0.02141649997793138,0.024383699987083673,0.024889099993743002,0.0004440000047907233
1.0,LP3 ($ 	heta $ Only),39,822,0.005962764078177984,,7,25,3,22,0.00045578331788970547,86.66666666666667,13.333333333333329,0.0020161000138614327,0.010410900023998693,0.000375300005543977,0.14926820000982843,0.27503089999663644,0.10348270001122728,0.02708199998596683,0.030726700002560392,0.025620700005674735,0.029776800016406924,0.00047980001545511186
1.0,LP3 ($ 	heta $ Only),40,862,0.00544140637021022,,7,20,7,13,0.0003608205411756211,93.33333333333333,6.666666666666671,0.0013739000132773072,0.009350000007543713,0.00038240000139921904,0.14199799997732043,0.37713319997419603,0.16623750000144355,0.03352470000390895,0.041652999992948025,0.0375820999906864,0.03231809998396784,0.000920199992833659
1.0,LP3 ($ 	heta $ Only),41,903,0.008429862935705815,,8,38,8,30,0.0003974521297553099,93.33333333333333,6.666666666666671,0.001359499990940094,0.007570500019937754,0.001317500020377338,0.19797290000133216,0.3661668999993708,0.09305699999094941,0.03585230000317097,0.022999699984211475,0.02046229998813942,0.019710900000063702,0.0008286000229418278
1.0,LP3 ($ 	heta $ Only),42,945,0.005498317963388876,,16,23,2,21,0.0002667160313279867,86.66666666666667,13.333333333333329,0.005231500021182001,0.006284600007347763,0.0003648999845609069,0.12925579998409376,0.2576293000020087,0.10471640000469051,0.02576650000992231,0.02144189999671653,0.02974759999779053,0.022625000012340024,0.0005193999968469143
1.0,LP3 ($ 	heta $ Only),43,988,0.005175698448706113,,18,20,2,18,0.0003514813924283364,86.66666666666667,13.333333333333329,0.005561600002693012,0.005658899986883625,0.0003391000209376216,0.23705699999118224,0.20091889999457635,0.1070418999879621,0.03223129999241792,0.028921299992362037,0.021593499986920506,0.021301900007529184,0.0007479999912902713
1.0,LP3 ($ 	heta $ Only),44,1032,0.007168587630152173,,6,33,4,29,0.0004919839860298165,93.33333333333333,6.666666666666671,0.0023145999875850976,0.007664500008104369,0.0007226000016089529,0.16161009998177178,0.3313670000061393,0.20979279998573475,0.024566099978983402,0.02665539999725297,0.027061800006777048,0.02744520001579076,0.0005935999797657132
1.0,LP3 ($ 	heta $ Only),45,1077,0.006981394971932104,,5,34,10,24,0.00043124912752712913,93.33333333333333,6.666666666666671,0.0013877000019419938,0.009190000011585653,0.00039239999023266137,0.1486768999893684,0.2924350000103004,0.11470390000613406,0.024286800005938858,0.02355579999857582,0.02032609999878332,0.023055800003930926,0.0004996999923605472
1.0,LP3 ($ 	heta $ Only),46,1123,0.006344255223010892,,12,25,3,22,0.00031777686991020607,86.66666666666667,13.333333333333329,0.004154299997026101,0.005727499985368922,0.0004698999982792884,0.15696249998291023,0.2371147999947425,0.09760459998506121,0.024999900022521615,0.026391499995952472,0.023008399992249906,0.03657339999335818,0.002059200021903962
1.0,LP3 ($ 	heta $ Only),47,1170,0.004788400846139932,,9,19,4,15,0.000291476452084964,93.33333333333333,6.666666666666671,0.004295399994589388,0.012500100012402982,0.0007707999902777374,0.15840499999467283,0.33114610001211986,0.11232970000128262,0.02505560001009144,0.025279699999373406,0.02887930002179928,0.02595909999217838,0.0004904000088572502
1.0,LP3 ($ 	heta $ Only),48,1218,0.00683866908566961,,6,29,5,24,0.00045764555832884877,93.33333333333333,6.666666666666671,0.001362899987725541,0.0067057000123895705,0.0004030000127386302,0.1469228999922052,0.39263840002240613,0.09988789999624714,0.02431169999181293,0.026086099998792633,0.02527169999666512,0.02705249999416992,0.00048389998846687376
1.0,LP3 ($ 	heta $ Only),49,1267,0.0065816876466691715,,12,26,7,19,0.00031594132544367144,93.33333333333333,6.666666666666671,0.0015693999885115772,0.010110999981407076,0.0008005000127013773,0.21527980000246316,0.26689309999346733,0.09490310002001934,0.023325899994233623,0.020432299992535263,0.020426099974429235,0.020929799997247756,0.0004640999832190573
1.0,Weighted LP3 ($ 	heta $ Only),0,42,0.005120858819080409,,18,24,4,20,0.00042773549381468857,86.66666666666667,13.333333333333329,0.0036647999950218946,0.018337099987547845,0.0003994999860879034,0.1679895999841392,0.21573320002062246,0.08245330001227558,0.022552700014784932,0.024628100014524534,0.02304020000156015,0.03215119999367744,0.0012283999822102487
1.0,Weighted LP3 ($ 	heta $ Only),1,43,0.004420422619372077,,18,26,5,21,0.0002599194823456876,93.33333333333333,6.666666666666671,0.001808300003176555,0.020400899986270815,0.0006961000035516918,0.2233913000090979,0.3787953999999445,0.14998720001312904,0.030299900012323633,0.027471299981698394,0.020172899996396154,0.020819800003664568,0.00043829999049194157
1.0,Weighted LP3 ($ 	heta $ Only),2,45,0.005606870496638659,,6,29,11,18,0.000366111773285394,80.0,20.0,0.006436499999836087,0.00761979998787865,0.0005588999774772674,0.1670385999896098,0.26886509999167174,0.10555920001934282,0.029134700016584247,0.02292620000662282,0.026925699989078566,0.02266089999466203,0.0005686000222340226
1.0,Weighted LP3 ($ 	heta $ Only),3,48,0.003860719122462344,,14,24,6,18,0.0002862445590805369,86.66666666666667,13.333333333333329,0.0014537000097334385,0.008006999996723607,0.0005609999934677035,0.15911680000135675,0.30626560002565384,0.0932604999979958,0.026796599995577708,0.026866300002438948,0.02063900002394803,0.02578460000222549,0.0004527999844867736
1.0,Weighted LP3 ($ 	heta $ Only),4,52,0.00429893359401909,,26,22,5,17,0.00023207290689556385,80.0,20.0,0.001560300006531179,0.006615000020246953,0.0003330999752506614,0.12851849998696707,0.3222370999865234,0.08723560001817532,0.01882990001467988,0.01974670001072809,0.024448499985737726,0.021999799995683134,0.000758399983169511
1.0,Weighted LP3 ($ 	heta $ Only),5,57,0.004638220243475856,,12,27,5,22,0.00033246921072983674,93.33333333333333,6.666666666666671,0.0013745000178460032,0.008466300001600757,0.00039010000182315707,0.14964509999845177,0.26022609998472035,0.09913260000757873,0.022875500028021634,0.0256379000202287,0.020913999993354082,0.021177199989324436,0.0009671000007074326
1.0,Weighted LP3 ($ 	heta $ Only),6,63,0.00453490179337412,,6,28,12,16,0.0003787586326654166,93.33333333333333,6.666666666666671,0.0022800999868195504,0.00805549998767674,0.00061779998941347,0.18333609998808242,0.2758660000108648,0.12870059997658245,0.02281809999840334,0.023431899986462668,0.023069499991834164,0.02398549998179078,0.0005619999719783664
1.0,Weighted LP3 ($ 	heta $ Only),7,70,0.004362940554113615,,9,23,3,20,0.00032275381978353685,80.0,20.0,0.0018406999879516661,0.010938000021269545,0.0022680000110995024,0.35539489999064244,0.41187000001082197,0.09467610000865534,0.025900600012391806,0.027262400020845234,0.02289809999638237,0.027389499999117106,0.0004746000049635768
1.0,Weighted LP3 ($ 	heta $ Only),8,78,0.006304564184019013,,7,31,12,19,0.0005052614557563043,93.33333333333333,6.666666666666671,0.001557500014314428,0.008773400011705235,0.00039590001688338816,0.15387980002560653,0.3529772000038065,0.09961140001541935,0.03739819998736493,0.020716099999845028,0.01999249999062158,0.01965039997594431,0.00048550000065006316
1.0,Weighted LP3 ($ 	heta $ Only),9,87,0.003570593270363999,,9,20,5,15,0.0003674775633110721,93.33333333333333,6.666666666666671,0.0013541999796871096,0.007172999990871176,0.00037200000951997936,0.15761719999136403,0.26280870000482537,0.1171254999935627,0.022368200006894767,0.027038900007028133,0.023617799975909293,0.03050200000870973,0.0004802999901585281
1.0,Weighted LP3 ($ 	heta $ Only),10,97,0.0038503769038945234,,13,22,3,19,0.0003596299616049929,93.33333333333333,6.666666666666671,0.0013804000045638531,0.010255799978040159,0.0003718000079970807,0.21629630000097677,0.9377870000025723,0.3820228000113275,0.08940689999144524,0.07932759998948313,0.065692800009856,0.041629200015449896,0.0014335000014398247
1.0,Weighted LP3 ($ 	heta $ Only),11,108,0.0037930170651307217,,16,20,2,18,0.0002814481253508609,93.33333333333333,6.666666666666671,0.0027205999940633774,0.01968769999803044,0.0057628999929875135,0.2153249999973923,0.2575322999909986,0.1025822999945376,0.024906099977670237,0.022416199994040653,0.024380999995628372,0.03927740000654012,0.0013109999999869615
1.0,Weighted LP3 ($ 	heta $ Only),12,120,0.004694961102383851,,14,24,5,19,0.00044691474304857506,93.33333333333333,6.666666666666671,0.0025043000059667975,0.009158399974694476,0.0005520000122487545,0.2737022000073921,0.6749044999887701,0.13733890000730753,0.021368300018366426,0.023051900003338233,0.02217199999722652,0.020784599997568876,0.00044929998693987727
1.0,Weighted LP3 ($ 	heta $ Only),13,133,0.0032485038824759884,,10,17,4,13,0.0003014989787264959,86.66666666666667,13.333333333333329,0.006134600000223145,0.006342499982565641,0.0003958999877795577,0.19930659999954514,0.3967275000177324,0.17087699999683537,0.048548499995376915,0.03734400001121685,0.03026600001612678,0.030365100014023483,0.00048129999777302146
1.0,Weighted LP3 ($ 	heta $ Only),14,147,0.0040348106348937,,10,23,3,20,0.00038569497505364065,93.33333333333333,6.666666666666671,0.0015434999950230122,0.016555799986235797,0.0003837999829556793,0.20514090001233853,0.4465063999814447,0.18205860001035035,0.025510800012852997,0.025630899996031076,0.03581589998793788,0.02966159998322837,0.0005507000023499131
1.0,Weighted LP3 ($ 	heta $ Only),15,162,0.004787980756031422,,9,28,8,20,0.00034785081442788903,86.66666666666667,13.333333333333329,0.0016767000197432935,0.014887900004396215,0.00045159997534938157,0.2041138999920804,0.46628280001459643,0.10916079999879003,0.03531659999862313,0.03170599997974932,0.03909970002132468,0.03768039998249151,0.0004827000084333122
1.0,Weighted LP3 ($ 	heta $ Only),16,178,0.004768040153908774,,18,27,4,23,0.00039549636201526874,80.0,20.0,0.0023734999995213,0.012998399994103238,0.0012814999790862203,0.22457479999866337,0.35467689999495633,0.2664443000103347,0.02711660001659766,0.023795599990990013,0.02898000000277534,0.025834000000031665,0.0008339000050909817
1.0,Weighted LP3 ($ 	heta $ Only),17,195,0.0023866337961112975,,8,12,1,11,0.00029198898455417964,93.33333333333333,6.666666666666671,0.0013555000186897814,0.005796899989945814,0.00045870000030845404,0.31040930000017397,0.48667179999756627,0.22314799999003299,0.05409750001854263,0.024544699990656227,0.03751549997832626,0.038353600015398115,0.0014266000071074814
1.0,Weighted LP3 ($ 	heta $ Only),18,213,0.0034722417001685434,,15,16,3,13,0.00026698618592495646,86.66666666666667,13.333333333333329,0.0029276999994181097,0.00579160000779666,0.001498199999332428,0.2044334000092931,0.24897250000503846,0.09752640000078827,0.028416799992555752,0.04263280000304803,0.024522499996237457,0.035756099998252466,0.0004454999871086329
1.0,Weighted LP3 ($ 	heta $ Only),19,232,0.005414131024047806,,13,29,7,22,0.000400762435918139,86.66666666666667,13.333333333333329,0.005002700025215745,0.00894739999785088,0.0005662000039592385,0.18045320000965148,0.24275390000548214,0.15596749997348525,0.04851679998682812,0.04488219998893328,0.02708800000254996,0.02798169999732636,0.0010136000055354089
1.0,Weighted LP3 ($ 	heta $ Only),20,252,0.004597828507343651,,13,28,5,23,0.00035736094578972966,93.33333333333333,6.666666666666671,0.0018284999823663384,0.00762290001148358,0.00037399999564513564,0.1545060999924317,0.358656800002791,0.11015039999620058,0.029620799992699176,0.025110499991569668,0.04929490000358783,0.0716565000184346,0.0014310000115074217
1.0,Weighted LP3 ($ 	heta $ Only),21,273,0.0028804816919136256,,12,18,1,17,0.00021794068253274236,93.33333333333333,6.666666666666671,0.003979700006311759,0.022491100011393428,0.001931300008436665,0.23160229998757131,0.27564560002065264,0.12512369998148642,0.021273200021823868,0.02794140001060441,0.050172199989901856,0.05085579998558387,0.0034423999895807356
1.0,Weighted LP3 ($ 	heta $ Only),22,295,0.0040104189332185415,,3,22,4,18,0.00040210245997490386,93.33333333333333,6.666666666666671,0.0034439000010024756,0.020706399984192103,0.0003890999942086637,0.5143516999960411,0.32953429999179207,0.11082840000744909,0.021727100014686584,0.021865899994736537,0.021888900024350733,0.023539400019217283,0.003334800014272332
1.0,Weighted LP3 ($ 	heta $ Only),23,318,0.005662133374529084,,7,37,7,30,0.00040911763518040775,93.33333333333333,6.666666666666671,0.001581899996381253,0.006104500003857538,0.00038940002559684217,0.2509503000183031,0.3973761000088416,0.15431359998183325,0.024366899975575507,0.042527100013103336,0.05038659999263473,0.04032589998678304,0.0005155999970156699
1.0,Weighted LP3 ($ 	heta $ Only),24,342,0.00492267162034127,,11,33,6,27,0.000345174994138217,86.66666666666667,13.333333333333329,0.001811099995393306,0.006173200003104284,0.0005494999932125211,0.1897686000156682,0.24022760000661947,0.12900809998973273,0.027666899986797944,0.02133799999137409,0.027946699992753565,0.024584499973570928,0.00046499999007210135
1.0,Weighted LP3 ($ 	heta $ Only),25,367,0.003492290778388776,,16,16,10,6,0.00025826806228135155,93.33333333333333,6.666666666666671,0.006476399983512238,0.006611799995880574,0.0022287000028882176,0.26281569999991916,0.2681946999800857,0.09734049998223782,0.026792300021043047,0.020263000013073906,0.02158530001179315,0.02433850002125837,0.000840499997138977
1.0,Weighted LP3 ($ 	heta $ Only),26,393,0.005147558801056358,,13,29,9,20,0.00038973541241304327,93.33333333333333,6.666666666666671,0.0013797999999951571,0.0065922999929171056,0.0003698999935295433,0.1483701000106521,0.2601339000102598,0.1017365999869071,0.039515000011306256,0.023060699983034283,0.019591699994634837,0.03638969999155961,0.0019770000071730465
1.0,Weighted LP3 ($ 	heta $ Only),27,420,0.0026778310899064958,,11,16,1,15,0.00025461268080594106,86.66666666666667,13.333333333333329,0.008604100003140047,0.014700300002004951,0.00038129999302327633,0.29584569999133237,0.256079500017222,0.10404249999555759,0.0278468000178691,0.024322500015841797,0.024281499994685873,0.022780700004659593,0.0004661999992094934
1.0,Weighted LP3 ($ 	heta $ Only),28,448,0.0050508215434429985,,12,28,5,23,0.00045293106690966385,93.33333333333333,6.666666666666671,0.001348600024357438,0.010792600020067766,0.0009660999930929393,0.15616089999093674,0.3340248000167776,0.1203823999967426,0.024893499998142943,0.023146199993789196,0.022031900007277727,0.027850799990119413,0.00046519999159500003
1.0,Weighted LP3 ($ 	heta $ Only),29,477,0.005381398484983582,,13,28,3,25,0.00038027552001486034,80.0,20.0,0.00135420000879094,0.010175200004596263,0.0007822000188753009,0.14929460000712425,0.27743800001917407,0.12376039999071509,0.023543699993751943,0.023015900020254776,0.019676900003105402,0.01815990000613965,0.0004599000094458461
1.0,Weighted LP3 ($ 	heta $ Only),30,507,0.005450426331110584,,8,31,9,22,0.0004090939778935822,93.33333333333333,6.666666666666671,0.001346500008367002,0.005808299989439547,0.0009070999803952873,0.13080049998825416,0.34596929998951964,0.16269080000347458,0.03316399999312125,0.03237140001147054,0.034603800013428554,0.04245290000108071,0.0005150999932084233
1.0,Weighted LP3 ($ 	heta $ Only),31,538,0.0073457216884529495,,6,40,18,22,0.0004899387180195695,93.33333333333333,6.666666666666671,0.0017539999971631914,0.01293729999451898,0.0006668000132776797,0.1970228000136558,0.3899377000052482,0.09025490001658909,0.024905099999159575,0.043423800001619384,0.04688249999890104,0.05244449997553602,0.0010956999904010445
1.0,Weighted LP3 ($ 	heta $ Only),32,570,0.003987616191858452,,13,23,3,20,0.00025817051847091854,93.33333333333333,6.666666666666671,0.0038006000104360282,0.01381299999775365,0.0005017999792471528,0.1439230999967549,0.2673529000021517,0.10497169999871403,0.02344489999813959,0.019034500000998378,0.019593400007579476,0.020961300004273653,0.0008698000165168196
1.0,Weighted LP3 ($ 	heta $ Only),33,603,0.004636531543754205,,8,26,5,21,0.00041122739442322456,93.33333333333333,6.666666666666671,0.0013604999985545874,0.005895899987081066,0.000374099996406585,0.17956690001301467,0.27177630001096986,0.16879399999743327,0.030245000001741573,0.030062800011364743,0.026887299987720326,0.02414709998993203,0.0009113000123761594
1.0,Weighted LP3 ($ 	heta $ Only),34,637,0.006722284655648315,,9,47,5,42,0.0004565415342599239,80.0,20.0,0.0013605999993160367,0.00844380000489764,0.00037480000173673034,0.15735020002466626,0.2754725000122562,0.12078159998054616,0.02488049998646602,0.024793899996438995,0.02523299999302253,0.025304700015112758,0.0004783000040333718
1.0,Weighted LP3 ($ 	heta $ Only),35,672,0.005070216604422683,,20,34,4,30,0.000313582697031402,86.66666666666667,13.333333333333329,0.0015810000186320394,0.010092000011354685,0.0004890999989584088,0.1473900999990292,0.3161870999902021,0.22770379998837598,0.022820100013632327,0.025807500001974404,0.02101039999979548,0.01769459998467937,0.0004299999854993075
1.0,Weighted LP3 ($ 	heta $ Only),36,708,0.00401854425992363,,20,24,3,21,0.0002794090720328282,93.33333333333333,6.666666666666671,0.0021431999921333045,0.0074878000013995916,0.0005317000031936914,0.13536329998169094,0.31549559999257326,0.10821009997744113,0.01779709997936152,0.01726359999156557,0.022316799993859604,0.028656000009505078,0.0008111000061035156
1.0,Weighted LP3 ($ 	heta $ Only),37,745,0.004931259417798151,,15,32,10,22,0.0004585712929633035,93.33333333333333,6.666666666666671,0.001355199987301603,0.010208799998508766,0.0005632000102195889,0.1575301999982912,0.22455459999036975,0.13905500000691973,0.02389980002772063,0.022942000010516495,0.022362499992595986,0.027437100012321025,0.000450699997600168
1.0,Weighted LP3 ($ 	heta $ Only),38,783,0.004408522685750937,,15,23,6,17,0.0002821516967822548,93.33333333333333,6.666666666666671,0.0015519000007770956,0.009787900024093688,0.0005794000171590596,0.15494989999569952,0.27449779998278245,0.10114660000544973,0.02567299999645911,0.02141649997793138,0.024383699987083673,0.024889099993743002,0.0004440000047907233
1.0,Weighted LP3 ($ 	heta $ Only),39,822,0.004315018331275781,,7,27,3,24,0.0004523022491830057,86.66666666666667,13.333333333333329,0.0020161000138614327,0.010410900023998693,0.000375300005543977,0.14926820000982843,0.27503089999663644,0.10348270001122728,0.02708199998596683,0.030726700002560392,0.025620700005674735,0.029776800016406924,0.00047980001545511186
1.0,Weighted LP3 ($ 	heta $ Only),40,862,0.004277770075251439,,7,19,6,13,0.00037095177430593925,93.33333333333333,6.666666666666671,0.0013739000132773072,0.009350000007543713,0.00038240000139921904,0.14199799997732043,0.37713319997419603,0.16623750000144355,0.03352470000390895,0.041652999992948025,0.0375820999906864,0.03231809998396784,0.000920199992833659
1.0,Weighted LP3 ($ 	heta $ Only),41,903,0.006455571945614329,,8,39,8,31,0.0003975268620563288,93.33333333333333,6.666666666666671,0.001359499990940094,0.007570500019937754,0.001317500020377338,0.19797290000133216,0.3661668999993708,0.09305699999094941,0.03585230000317097,0.022999699984211475,0.02046229998813942,0.019710900000063702,0.0008286000229418278
1.0,Weighted LP3 ($ 	heta $ Only),42,945,0.003911787926875189,,16,22,2,20,0.0002711138138916243,93.33333333333333,6.666666666666671,0.005231500021182001,0.006284600007347763,0.0003648999845609069,0.12925579998409376,0.2576293000020087,0.10471640000469051,0.02576650000992231,0.02144189999671653,0.02974759999779053,0.022625000012340024,0.0005193999968469143
1.0,Weighted LP3 ($ 	heta $ Only),43,988,0.0037379550171614344,,18,20,2,18,0.000347837393113322,86.66666666666667,13.333333333333329,0.005561600002693012,0.005658899986883625,0.0003391000209376216,0.23705699999118224,0.20091889999457635,0.1070418999879621,0.03223129999241792,0.028921299992362037,0.021593499986920506,0.021301900007529184,0.0007479999912902713
1.0,Weighted LP3 ($ 	heta $ Only),44,1032,0.005314090590378703,,6,30,4,26,0.00048697073285298027,93.33333333333333,6.666666666666671,0.0023145999875850976,0.007664500008104369,0.0007226000016089529,0.16161009998177178,0.3313670000061393,0.20979279998573475,0.024566099978983402,0.02665539999725297,0.027061800006777048,0.02744520001579076,0.0005935999797657132
1.0,Weighted LP3 ($ 	heta $ Only),45,1077,0.005412692430374353,,5,34,10,24,0.0004310329761305074,93.33333333333333,6.666666666666671,0.0013877000019419938,0.009190000011585653,0.00039239999023266137,0.1486768999893684,0.2924350000103004,0.11470390000613406,0.024286800005938858,0.02355579999857582,0.02032609999878332,0.023055800003930926,0.0004996999923605472
1.0,Weighted LP3 ($ 	heta $ Only),46,1123,0.0046399299436463565,,12,27,3,24,0.00031765122911066806,86.66666666666667,13.333333333333329,0.004154299997026101,0.005727499985368922,0.0004698999982792884,0.15696249998291023,0.2371147999947425,0.09760459998506121,0.024999900022521615,0.026391499995952472,0.023008399992249906,0.03657339999335818,0.002059200021903962
1.0,Weighted LP3 ($ 	heta $ Only),47,1170,0.0035585076450216583,,9,21,3,18,0.0002898084602607019,93.33333333333333,6.666666666666671,0.004295399994589388,0.012500100012402982,0.0007707999902777374,0.15840499999467283,0.33114610001211986,0.11232970000128262,0.02505560001009144,0.025279699999373406,0.02887930002179928,0.02595909999217838,0.0004904000088572502
1.0,Weighted LP3 ($ 	heta $ Only),48,1218,0.005079032483194261,,6,29,4,25,0.0004539455994405494,93.33333333333333,6.666666666666671,0.001362899987725541,0.0067057000123895705,0.0004030000127386302,0.1469228999922052,0.39263840002240613,0.09988789999624714,0.02431169999181293,0.026086099998792633,0.02527169999666512,0.02705249999416992,0.00048389998846687376
1.0,Weighted LP3 ($ 	heta $ Only),49,1267,0.005038374733665994,,12,28,7,21,0.00031831925017720487,93.33333333333333,6.666666666666671,0.0015693999885115772,0.010110999981407076,0.0008005000127013773,0.21527980000246316,0.26689309999346733,0.09490310002001934,0.023325899994233623,0.020432299992535263,0.020426099974429235,0.020929799997247756,0.0004640999832190573
1.0,Borda LP3 ($ 	heta $ Only),0,42,0.0068564384835335095,,18,26,5,21,0.00042902014290506176,86.66666666666667,13.333333333333329,0.0036647999950218946,0.018337099987547845,0.0003994999860879034,0.1679895999841392,0.21573320002062246,0.08245330001227558,0.022552700014784932,0.024628100014524534,0.02304020000156015,0.03215119999367744,0.0012283999822102487
1.0,Borda LP3 ($ 	heta $ Only),1,43,0.00592486435500925,,18,26,5,21,0.00026001222943996096,93.33333333333333,6.666666666666671,0.001808300003176555,0.020400899986270815,0.0006961000035516918,0.2233913000090979,0.3787953999999445,0.14998720001312904,0.030299900012323633,0.027471299981698394,0.020172899996396154,0.020819800003664568,0.00043829999049194157
1.0,Borda LP3 ($ 	heta $ Only),2,45,0.006631724952817259,,6,29,12,17,0.0003703865865439998,80.0,20.0,0.006436499999836087,0.00761979998787865,0.0005588999774772674,0.1670385999896098,0.26886509999167174,0.10555920001934282,0.029134700016584247,0.02292620000662282,0.026925699989078566,0.02266089999466203,0.0005686000222340226
1.0,Borda LP3 ($ 	heta $ Only),3,48,0.004805719609749735,,14,25,6,19,0.0002951070225435258,86.66666666666667,13.333333333333329,0.0014537000097334385,0.008006999996723607,0.0005609999934677035,0.15911680000135675,0.30626560002565384,0.0932604999979958,0.026796599995577708,0.026866300002438948,0.02063900002394803,0.02578460000222549,0.0004527999844867736
1.0,Borda LP3 ($ 	heta $ Only),4,52,0.00559419939828682,,26,22,5,17,0.00023317900955714568,86.66666666666667,13.333333333333329,0.001560300006531179,0.006615000020246953,0.0003330999752506614,0.12851849998696707,0.3222370999865234,0.08723560001817532,0.01882990001467988,0.01974670001072809,0.024448499985737726,0.021999799995683134,0.000758399983169511
1.0,Borda LP3 ($ 	heta $ Only),5,57,0.005821465162563701,,12,27,5,22,0.000319754720558066,86.66666666666667,13.333333333333329,0.0013745000178460032,0.008466300001600757,0.00039010000182315707,0.14964509999845177,0.26022609998472035,0.09913260000757873,0.022875500028021634,0.0256379000202287,0.020913999993354082,0.021177199989324436,0.0009671000007074326
1.0,Borda LP3 ($ 	heta $ Only),6,63,0.005263960894005271,,6,27,10,17,0.0003836857672890709,93.33333333333333,6.666666666666671,0.0022800999868195504,0.00805549998767674,0.00061779998941347,0.18333609998808242,0.2758660000108648,0.12870059997658245,0.02281809999840334,0.023431899986462668,0.023069499991834164,0.02398549998179078,0.0005619999719783664
1.0,Borda LP3 ($ 	heta $ Only),7,70,0.0057882649501033,,9,25,3,22,0.00032610329200820934,86.66666666666667,13.333333333333329,0.0018406999879516661,0.010938000021269545,0.0022680000110995024,0.35539489999064244,0.41187000001082197,0.09467610000865534,0.025900600012391806,0.027262400020845234,0.02289809999638237,0.027389499999117106,0.0004746000049635768
1.0,Borda LP3 ($ 	heta $ Only),8,78,0.006950740540279215,,7,32,12,20,0.0004968177657789221,93.33333333333333,6.666666666666671,0.001557500014314428,0.008773400011705235,0.00039590001688338816,0.15387980002560653,0.3529772000038065,0.09961140001541935,0.03739819998736493,0.020716099999845028,0.01999249999062158,0.01965039997594431,0.00048550000065006316
1.0,Borda LP3 ($ 	heta $ Only),9,87,0.003928773529013682,,9,20,5,15,0.00037140363696621477,93.33333333333333,6.666666666666671,0.0013541999796871096,0.007172999990871176,0.00037200000951997936,0.15761719999136403,0.26280870000482537,0.1171254999935627,0.022368200006894767,0.027038900007028133,0.023617799975909293,0.03050200000870973,0.0004802999901585281
1.0,Borda LP3 ($ 	heta $ Only),10,97,0.005034913862584069,,13,23,4,19,0.0003577859243738644,93.33333333333333,6.666666666666671,0.0013804000045638531,0.010255799978040159,0.0003718000079970807,0.21629630000097677,0.9377870000025723,0.3820228000113275,0.08940689999144524,0.07932759998948313,0.065692800009856,0.041629200015449896,0.0014335000014398247
1.0,Borda LP3 ($ 	heta $ Only),11,108,0.0044676137223117135,,16,22,2,20,0.00027902779525336056,93.33333333333333,6.666666666666671,0.0027205999940633774,0.01968769999803044,0.0057628999929875135,0.2153249999973923,0.2575322999909986,0.1025822999945376,0.024906099977670237,0.022416199994040653,0.024380999995628372,0.03927740000654012,0.0013109999999869615
1.0,Borda LP3 ($ 	heta $ Only),12,120,0.005782977204831868,,14,27,7,20,0.0004459350246535621,93.33333333333333,6.666666666666671,0.0025043000059667975,0.009158399974694476,0.0005520000122487545,0.2737022000073921,0.6749044999887701,0.13733890000730753,0.021368300018366426,0.023051900003338233,0.02217199999722652,0.020784599997568876,0.00044929998693987727
1.0,Borda LP3 ($ 	heta $ Only),13,133,0.0034862683995701264,,10,17,4,13,0.00029210546354971307,93.33333333333333,6.666666666666671,0.006134600000223145,0.006342499982565641,0.0003958999877795577,0.19930659999954514,0.3967275000177324,0.17087699999683537,0.048548499995376915,0.03734400001121685,0.03026600001612678,0.030365100014023483,0.00048129999777302146
1.0,Borda LP3 ($ 	heta $ Only),14,147,0.005159528519721827,,10,24,3,21,0.00038466876794454927,93.33333333333333,6.666666666666671,0.0015434999950230122,0.016555799986235797,0.0003837999829556793,0.20514090001233853,0.4465063999814447,0.18205860001035035,0.025510800012852997,0.025630899996031076,0.03581589998793788,0.02966159998322837,0.0005507000023499131
1.0,Borda LP3 ($ 	heta $ Only),15,162,0.005603559827850481,,9,29,8,21,0.00034880350486079126,93.33333333333333,6.666666666666671,0.0016767000197432935,0.014887900004396215,0.00045159997534938157,0.2041138999920804,0.46628280001459643,0.10916079999879003,0.03531659999862313,0.03170599997974932,0.03909970002132468,0.03768039998249151,0.0004827000084333122
1.0,Borda LP3 ($ 	heta $ Only),16,178,0.006075066644608237,,18,30,3,27,0.000402942835348551,86.66666666666667,13.333333333333329,0.0023734999995213,0.012998399994103238,0.0012814999790862203,0.22457479999866337,0.35467689999495633,0.2664443000103347,0.02711660001659766,0.023795599990990013,0.02898000000277534,0.025834000000031665,0.0008339000050909817
1.0,Borda LP3 ($ 	heta $ Only),17,195,0.0029974273078058273,,8,12,1,11,0.0002973039854478541,93.33333333333333,6.666666666666671,0.0013555000186897814,0.005796899989945814,0.00045870000030845404,0.31040930000017397,0.48667179999756627,0.22314799999003299,0.05409750001854263,0.024544699990656227,0.03751549997832626,0.038353600015398115,0.0014266000071074814
1.0,Borda LP3 ($ 	heta $ Only),18,213,0.004099767752714002,,15,18,4,14,0.000264106911215042,86.66666666666667,13.333333333333329,0.0029276999994181097,0.00579160000779666,0.001498199999332428,0.2044334000092931,0.24897250000503846,0.09752640000078827,0.028416799992555752,0.04263280000304803,0.024522499996237457,0.035756099998252466,0.0004454999871086329
1.0,Borda LP3 ($ 	heta $ Only),19,232,0.006968936692669265,,13,30,7,23,0.0003994757303976499,86.66666666666667,13.333333333333329,0.005002700025215745,0.00894739999785088,0.0005662000039592385,0.18045320000965148,0.24275390000548214,0.15596749997348525,0.04851679998682812,0.04488219998893328,0.02708800000254996,0.02798169999732636,0.0010136000055354089
1.0,Borda LP3 ($ 	heta $ Only),20,252,0.00585977987318978,,13,28,6,22,0.00035911616812538236,93.33333333333333,6.666666666666671,0.0018284999823663384,0.00762290001148358,0.00037399999564513564,0.1545060999924317,0.358656800002791,0.11015039999620058,0.029620799992699176,0.025110499991569668,0.04929490000358783,0.0716565000184346,0.0014310000115074217
1.0,Borda LP3 ($ 	heta $ Only),21,273,0.003895483292595748,,12,17,1,16,0.00022107616994272808,86.66666666666667,13.333333333333329,0.003979700006311759,0.022491100011393428,0.001931300008436665,0.23160229998757131,0.27564560002065264,0.12512369998148642,0.021273200021823868,0.02794140001060441,0.050172199989901856,0.05085579998558387,0.0034423999895807356
1.0,Borda LP3 ($ 	heta $ Only),22,295,0.004761602008372539,,3,22,4,18,0.0004073623116024045,93.33333333333333,6.666666666666671,0.0034439000010024756,0.020706399984192103,0.0003890999942086637,0.5143516999960411,0.32953429999179207,0.11082840000744909,0.021727100014686584,0.021865899994736537,0.021888900024350733,0.023539400019217283,0.003334800014272332
1.0,Borda LP3 ($ 	heta $ Only),23,318,0.007356777528271175,,7,40,9,31,0.000410433651114588,93.33333333333333,6.666666666666671,0.001581899996381253,0.006104500003857538,0.00038940002559684217,0.2509503000183031,0.3973761000088416,0.15431359998183325,0.024366899975575507,0.042527100013103336,0.05038659999263473,0.04032589998678304,0.0005155999970156699
1.0,Borda LP3 ($ 	heta $ Only),24,342,0.006229945584580028,,11,31,6,25,0.0003504694720487926,93.33333333333333,6.666666666666671,0.001811099995393306,0.006173200003104284,0.0005494999932125211,0.1897686000156682,0.24022760000661947,0.12900809998973273,0.027666899986797944,0.02133799999137409,0.027946699992753565,0.024584499973570928,0.00046499999007210135
1.0,Borda LP3 ($ 	heta $ Only),25,367,0.004122266342121801,,16,16,9,7,0.0002623488312602672,86.66666666666667,13.333333333333329,0.006476399983512238,0.006611799995880574,0.0022287000028882176,0.26281569999991916,0.2681946999800857,0.09734049998223782,0.026792300021043047,0.020263000013073906,0.02158530001179315,0.02433850002125837,0.000840499997138977
1.0,Borda LP3 ($ 	heta $ Only),26,393,0.005604372185637596,,13,31,10,21,0.00038835657846723453,93.33333333333333,6.666666666666671,0.0013797999999951571,0.0065922999929171056,0.0003698999935295433,0.1483701000106521,0.2601339000102598,0.1017365999869071,0.039515000011306256,0.023060699983034283,0.019591699994634837,0.03638969999155961,0.0019770000071730465
1.0,Borda LP3 ($ 	heta $ Only),27,420,0.0028123150421997967,,11,18,1,17,0.00024142341293502455,86.66666666666667,13.333333333333329,0.008604100003140047,0.014700300002004951,0.00038129999302327633,0.29584569999133237,0.256079500017222,0.10404249999555759,0.0278468000178691,0.024322500015841797,0.024281499994685873,0.022780700004659593,0.0004661999992094934
1.0,Borda LP3 ($ 	heta $ Only),28,448,0.0064477339305355555,,12,28,5,23,0.0004526891402270471,93.33333333333333,6.666666666666671,0.001348600024357438,0.010792600020067766,0.0009660999930929393,0.15616089999093674,0.3340248000167776,0.1203823999967426,0.024893499998142943,0.023146199993789196,0.022031900007277727,0.027850799990119413,0.00046519999159500003
1.0,Borda LP3 ($ 	heta $ Only),29,477,0.007340427207331535,,13,25,3,22,0.00038272923023962343,80.0,20.0,0.00135420000879094,0.010175200004596263,0.0007822000188753009,0.14929460000712425,0.27743800001917407,0.12376039999071509,0.023543699993751943,0.023015900020254776,0.019676900003105402,0.01815990000613965,0.0004599000094458461
1.0,Borda LP3 ($ 	heta $ Only),30,507,0.006203139274973009,,8,31,9,22,0.0004086654362344221,93.33333333333333,6.666666666666671,0.001346500008367002,0.005808299989439547,0.0009070999803952873,0.13080049998825416,0.34596929998951964,0.16269080000347458,0.03316399999312125,0.03237140001147054,0.034603800013428554,0.04245290000108071,0.0005150999932084233
1.0,Borda LP3 ($ 	heta $ Only),31,538,0.008424195328328998,,6,42,19,23,0.0004876473982556971,93.33333333333333,6.666666666666671,0.0017539999971631914,0.01293729999451898,0.0006668000132776797,0.1970228000136558,0.3899377000052482,0.09025490001658909,0.024905099999159575,0.043423800001619384,0.04688249999890104,0.05244449997553602,0.0010956999904010445
1.0,Borda LP3 ($ 	heta $ Only),32,570,0.005293755654084562,,13,23,3,20,0.00025962334025005557,93.33333333333333,6.666666666666671,0.0038006000104360282,0.01381299999775365,0.0005017999792471528,0.1439230999967549,0.2673529000021517,0.10497169999871403,0.02344489999813959,0.019034500000998378,0.019593400007579476,0.020961300004273653,0.0008698000165168196
1.0,Borda LP3 ($ 	heta $ Only),33,603,0.005852828732247154,,8,26,5,21,0.0004112011406713883,93.33333333333333,6.666666666666671,0.0013604999985545874,0.005895899987081066,0.000374099996406585,0.17956690001301467,0.27177630001096986,0.16879399999743327,0.030245000001741573,0.030062800011364743,0.026887299987720326,0.02414709998993203,0.0009113000123761594
1.0,Borda LP3 ($ 	heta $ Only),34,637,0.008821110445187439,,9,44,5,39,0.00045447442151759965,86.66666666666667,13.333333333333329,0.0013605999993160367,0.00844380000489764,0.00037480000173673034,0.15735020002466626,0.2754725000122562,0.12078159998054616,0.02488049998646602,0.024793899996438995,0.02523299999302253,0.025304700015112758,0.0004783000040333718
1.0,Borda LP3 ($ 	heta $ Only),35,672,0.006631953078574123,,20,35,4,31,0.00030997826389103227,86.66666666666667,13.333333333333329,0.0015810000186320394,0.010092000011354685,0.0004890999989584088,0.1473900999990292,0.3161870999902021,0.22770379998837598,0.022820100013632327,0.025807500001974404,0.02101039999979548,0.01769459998467937,0.0004299999854993075
1.0,Borda LP3 ($ 	heta $ Only),36,708,0.005403012693164116,,20,23,3,20,0.00028703886133100905,93.33333333333333,6.666666666666671,0.0021431999921333045,0.0074878000013995916,0.0005317000031936914,0.13536329998169094,0.31549559999257326,0.10821009997744113,0.01779709997936152,0.01726359999156557,0.022316799993859604,0.028656000009505078,0.0008111000061035156
1.0,Borda LP3 ($ 	heta $ Only),37,745,0.006202822733803927,,15,28,9,19,0.00045554041189550896,93.33333333333333,6.666666666666671,0.001355199987301603,0.010208799998508766,0.0005632000102195889,0.1575301999982912,0.22455459999036975,0.13905500000691973,0.02389980002772063,0.022942000010516495,0.022362499992595986,0.027437100012321025,0.000450699997600168
1.0,Borda LP3 ($ 	heta $ Only),38,783,0.005702559834523519,,15,24,8,16,0.0002772484662030256,93.33333333333333,6.666666666666671,0.0015519000007770956,0.009787900024093688,0.0005794000171590596,0.15494989999569952,0.27449779998278245,0.10114660000544973,0.02567299999645911,0.02141649997793138,0.024383699987083673,0.024889099993743002,0.0004440000047907233
1.0,Borda LP3 ($ 	heta $ Only),39,822,0.005441187773470396,,7,25,3,22,0.00044815126041926903,86.66666666666667,13.333333333333329,0.0020161000138614327,0.010410900023998693,0.000375300005543977,0.14926820000982843,0.27503089999663644,0.10348270001122728,0.02708199998596683,0.030726700002560392,0.025620700005674735,0.029776800016406924,0.00047980001545511186
1.0,Borda LP3 ($ 	heta $ Only),40,862,0.004927462806249392,,7,21,7,14,0.00036364980742754004,93.33333333333333,6.666666666666671,0.0013739000132773072,0.009350000007543713,0.00038240000139921904,0.14199799997732043,0.37713319997419603,0.16623750000144355,0.03352470000390895,0.041652999992948025,0.0375820999906864,0.03231809998396784,0.000920199992833659
1.0,Borda LP3 ($ 	heta $ Only),41,903,0.008429862935705815,,8,38,8,30,0.0003974521297553099,93.33333333333333,6.666666666666671,0.001359499990940094,0.007570500019937754,0.001317500020377338,0.19797290000133216,0.3661668999993708,0.09305699999094941,0.03585230000317097,0.022999699984211475,0.02046229998813942,0.019710900000063702,0.0008286000229418278
1.0,Borda LP3 ($ 	heta $ Only),42,945,0.0050302941732698675,,16,26,2,24,0.00026841519770157173,93.33333333333333,6.666666666666671,0.005231500021182001,0.006284600007347763,0.0003648999845609069,0.12925579998409376,0.2576293000020087,0.10471640000469051,0.02576650000992231,0.02144189999671653,0.02974759999779053,0.022625000012340024,0.0005193999968469143
1.0,Borda LP3 ($ 	heta $ Only),43,988,0.004874407396565225,,18,23,2,21,0.00036041197387689594,86.66666666666667,13.333333333333329,0.005561600002693012,0.005658899986883625,0.0003391000209376216,0.23705699999118224,0.20091889999457635,0.1070418999879621,0.03223129999241792,0.028921299992362037,0.021593499986920506,0.021301900007529184,0.0007479999912902713
1.0,Borda LP3 ($ 	heta $ Only),44,1032,0.006696305032602606,,6,29,4,25,0.0004853656762410578,93.33333333333333,6.666666666666671,0.0023145999875850976,0.007664500008104369,0.0007226000016089529,0.16161009998177178,0.3313670000061393,0.20979279998573475,0.024566099978983402,0.02665539999725297,0.027061800006777048,0.02744520001579076,0.0005935999797657132
1.0,Borda LP3 ($ 	heta $ Only),45,1077,0.006717251498714679,,5,33,10,23,0.0004301864592882964,93.33333333333333,6.666666666666671,0.0013877000019419938,0.009190000011585653,0.00039239999023266137,0.1486768999893684,0.2924350000103004,0.11470390000613406,0.024286800005938858,0.02355579999857582,0.02032609999878332,0.023055800003930926,0.0004996999923605472
1.0,Borda LP3 ($ 	heta $ Only),46,1123,0.005689375575614321,,12,28,4,24,0.0003177415238595642,86.66666666666667,13.333333333333329,0.004154299997026101,0.005727499985368922,0.0004698999982792884,0.15696249998291023,0.2371147999947425,0.09760459998506121,0.024999900022521615,0.026391499995952472,0.023008399992249906,0.03657339999335818,0.002059200021903962
1.0,Borda LP3 ($ 	heta $ Only),47,1170,0.004788400846139932,,9,19,4,15,0.000291476452084964,93.33333333333333,6.666666666666671,0.004295399994589388,0.012500100012402982,0.0007707999902777374,0.15840499999467283,0.33114610001211986,0.11232970000128262,0.02505560001009144,0.025279699999373406,0.02887930002179928,0.02595909999217838,0.0004904000088572502
1.0,Borda LP3 ($ 	heta $ Only),48,1218,0.005544935873198088,,6,26,4,22,0.00046274398234281327,93.33333333333333,6.666666666666671,0.001362899987725541,0.0067057000123895705,0.0004030000127386302,0.1469228999922052,0.39263840002240613,0.09988789999624714,0.02431169999181293,0.026086099998792633,0.02527169999666512,0.02705249999416992,0.00048389998846687376
1.0,Borda LP3 ($ 	heta $ Only),49,1267,0.0062766093399253195,,12,25,7,18,0.0003147612688236281,93.33333333333333,6.666666666666671,0.0015693999885115772,0.010110999981407076,0.0008005000127013773,0.21527980000246316,0.26689309999346733,0.09490310002001934,0.023325899994233623,0.020432299992535263,0.020426099974429235,0.020929799997247756,0.0004640999832190573
1.0,Linear BTL,0,42,,-216.12578876720042,18,27,2,25,,,,0.0036647999950218946,0.018337099987547845,0.0003994999860879034,0.1679895999841392,0.21573320002062246,0.08245330001227558,0.022552700014784932,0.024628100014524534,0.02304020000156015,0.03215119999367744,0.0012283999822102487
1.0,Linear BTL,1,43,,-214.02136025619143,18,28,5,23,,,,0.001808300003176555,0.020400899986270815,0.0006961000035516918,0.2233913000090979,0.3787953999999445,0.14998720001312904,0.030299900012323633,0.027471299981698394,0.020172899996396154,0.020819800003664568,0.00043829999049194157
1.0,Linear BTL,2,45,,-202.2799099035661,6,27,10,17,,,,0.006436499999836087,0.00761979998787865,0.0005588999774772674,0.1670385999896098,0.26886509999167174,0.10555920001934282,0.029134700016584247,0.02292620000662282,0.026925699989078566,0.02266089999466203,0.0005686000222340226
1.0,Linear BTL,3,48,,-208.91174131555238,14,20,6,14,,,,0.0014537000097334385,0.008006999996723607,0.0005609999934677035,0.15911680000135675,0.30626560002565384,0.0932604999979958,0.026796599995577708,0.026866300002438948,0.02063900002394803,0.02578460000222549,0.0004527999844867736
1.0,Linear BTL,4,52,,-216.79299677681811,26,29,2,27,,,,0.001560300006531179,0.006615000020246953,0.0003330999752506614,0.12851849998696707,0.3222370999865234,0.08723560001817532,0.01882990001467988,0.01974670001072809,0.024448499985737726,0.021999799995683134,0.000758399983169511
1.0,Linear BTL,5,57,,-205.46487921266626,12,25,4,21,,,,0.0013745000178460032,0.008466300001600757,0.00039010000182315707,0.14964509999845177,0.26022609998472035,0.09913260000757873,0.022875500028021634,0.0256379000202287,0.020913999993354082,0.021177199989324436,0.0009671000007074326
1.0,Linear BTL,6,63,,-186.84282352849567,6,24,8,16,,,,0.0022800999868195504,0.00805549998767674,0.00061779998941347,0.18333609998808242,0.2758660000108648,0.12870059997658245,0.02281809999840334,0.023431899986462668,0.023069499991834164,0.02398549998179078,0.0005619999719783664
1.0,Linear BTL,7,70,,-203.82017240199377,9,27,3,24,,,,0.0018406999879516661,0.010938000021269545,0.0022680000110995024,0.35539489999064244,0.41187000001082197,0.09467610000865534,0.025900600012391806,0.027262400020845234,0.02289809999638237,0.027389499999117106,0.0004746000049635768
1.0,Linear BTL,8,78,,-210.8204835502772,7,32,11,21,,,,0.001557500014314428,0.008773400011705235,0.00039590001688338816,0.15387980002560653,0.3529772000038065,0.09961140001541935,0.03739819998736493,0.020716099999845028,0.01999249999062158,0.01965039997594431,0.00048550000065006316
1.0,Linear BTL,9,87,,-199.64092316173006,9,22,5,17,,,,0.0013541999796871096,0.007172999990871176,0.00037200000951997936,0.15761719999136403,0.26280870000482537,0.1171254999935627,0.022368200006894767,0.027038900007028133,0.023617799975909293,0.03050200000870973,0.0004802999901585281
1.0,Linear BTL,10,97,,-201.46866686293637,13,25,3,22,,,,0.0013804000045638531,0.010255799978040159,0.0003718000079970807,0.21629630000097677,0.9377870000025723,0.3820228000113275,0.08940689999144524,0.07932759998948313,0.065692800009856,0.041629200015449896,0.0014335000014398247
1.0,Linear BTL,11,108,,-204.76682382678484,16,21,1,20,,,,0.0027205999940633774,0.01968769999803044,0.0057628999929875135,0.2153249999973923,0.2575322999909986,0.1025822999945376,0.024906099977670237,0.022416199994040653,0.024380999995628372,0.03927740000654012,0.0013109999999869615
1.0,Linear BTL,12,120,,-209.88833014019545,14,23,5,18,,,,0.0025043000059667975,0.009158399974694476,0.0005520000122487545,0.2737022000073921,0.6749044999887701,0.13733890000730753,0.021368300018366426,0.023051900003338233,0.02217199999722652,0.020784599997568876,0.00044929998693987727
1.0,Linear BTL,13,133,,-183.92916623024598,10,14,3,11,,,,0.006134600000223145,0.006342499982565641,0.0003958999877795577,0.19930659999954514,0.3967275000177324,0.17087699999683537,0.048548499995376915,0.03734400001121685,0.03026600001612678,0.030365100014023483,0.00048129999777302146
1.0,Linear BTL,14,147,,-197.95351788284134,10,23,3,20,,,,0.0015434999950230122,0.016555799986235797,0.0003837999829556793,0.20514090001233853,0.4465063999814447,0.18205860001035035,0.025510800012852997,0.025630899996031076,0.03581589998793788,0.02966159998322837,0.0005507000023499131
1.0,Linear BTL,15,162,,-192.158284852958,9,26,8,18,,,,0.0016767000197432935,0.014887900004396215,0.00045159997534938157,0.2041138999920804,0.46628280001459643,0.10916079999879003,0.03531659999862313,0.03170599997974932,0.03909970002132468,0.03768039998249151,0.0004827000084333122
1.0,Linear BTL,16,178,,-213.9344312611037,18,33,1,32,,,,0.0023734999995213,0.012998399994103238,0.0012814999790862203,0.22457479999866337,0.35467689999495633,0.2664443000103347,0.02711660001659766,0.023795599990990013,0.02898000000277534,0.025834000000031665,0.0008339000050909817
1.0,Linear BTL,17,195,,-167.9769840054757,8,13,1,12,,,,0.0013555000186897814,0.005796899989945814,0.00045870000030845404,0.31040930000017397,0.48667179999756627,0.22314799999003299,0.05409750001854263,0.024544699990656227,0.03751549997832626,0.038353600015398115,0.0014266000071074814
1.0,Linear BTL,18,213,,-197.02548735328932,15,16,2,14,,,,0.0029276999994181097,0.00579160000779666,0.001498199999332428,0.2044334000092931,0.24897250000503846,0.09752640000078827,0.028416799992555752,0.04263280000304803,0.024522499996237457,0.035756099998252466,0.0004454999871086329
1.0,Linear BTL,19,232,,-208.8267431108392,13,33,8,25,,,,0.005002700025215745,0.00894739999785088,0.0005662000039592385,0.18045320000965148,0.24275390000548214,0.15596749997348525,0.04851679998682812,0.04488219998893328,0.02708800000254996,0.02798169999732636,0.0010136000055354089
1.0,Linear BTL,20,252,,-206.5322389322028,13,27,6,21,,,,0.0018284999823663384,0.00762290001148358,0.00037399999564513564,0.1545060999924317,0.358656800002791,0.11015039999620058,0.029620799992699176,0.025110499991569668,0.04929490000358783,0.0716565000184346,0.0014310000115074217
1.0,Linear BTL,21,273,,-196.48134889037598,12,19,1,18,,,,0.003979700006311759,0.022491100011393428,0.001931300008436665,0.23160229998757131,0.27564560002065264,0.12512369998148642,0.021273200021823868,0.02794140001060441,0.050172199989901856,0.05085579998558387,0.0034423999895807356
1.0,Linear BTL,22,295,,-171.61206473102627,3,24,4,20,,,,0.0034439000010024756,0.020706399984192103,0.0003890999942086637,0.5143516999960411,0.32953429999179207,0.11082840000744909,0.021727100014686584,0.021865899994736537,0.021888900024350733,0.023539400019217283,0.003334800014272332
1.0,Linear BTL,23,318,,-208.20832760495406,7,37,8,29,,,,0.001581899996381253,0.006104500003857538,0.00038940002559684217,0.2509503000183031,0.3973761000088416,0.15431359998183325,0.024366899975575507,0.042527100013103336,0.05038659999263473,0.04032589998678304,0.0005155999970156699
1.0,Linear BTL,24,342,,-209.1219282348177,11,32,6,26,,,,0.001811099995393306,0.006173200003104284,0.0005494999932125211,0.1897686000156682,0.24022760000661947,0.12900809998973273,0.027666899986797944,0.02133799999137409,0.027946699992753565,0.024584499973570928,0.00046499999007210135
1.0,Linear BTL,25,367,,-198.30422836634153,16,19,10,9,,,,0.006476399983512238,0.006611799995880574,0.0022287000028882176,0.26281569999991916,0.2681946999800857,0.09734049998223782,0.026792300021043047,0.020263000013073906,0.02158530001179315,0.02433850002125837,0.000840499997138977
1.0,Linear BTL,26,393,,-205.1341215883188,13,28,9,19,,,,0.0013797999999951571,0.0065922999929171056,0.0003698999935295433,0.1483701000106521,0.2601339000102598,0.1017365999869071,0.039515000011306256,0.023060699983034283,0.019591699994634837,0.03638969999155961,0.0019770000071730465
1.0,Linear BTL,27,420,,-191.90157612463236,11,18,1,17,,,,0.008604100003140047,0.014700300002004951,0.00038129999302327633,0.29584569999133237,0.256079500017222,0.10404249999555759,0.0278468000178691,0.024322500015841797,0.024281499994685873,0.022780700004659593,0.0004661999992094934
1.0,Linear BTL,28,448,,-207.05581441592176,12,32,6,26,,,,0.001348600024357438,0.010792600020067766,0.0009660999930929393,0.15616089999093674,0.3340248000167776,0.1203823999967426,0.024893499998142943,0.023146199993789196,0.022031900007277727,0.027850799990119413,0.00046519999159500003
1.0,Linear BTL,29,477,,-213.45989254428,13,33,3,30,,,,0.00135420000879094,0.010175200004596263,0.0007822000188753009,0.14929460000712425,0.27743800001917407,0.12376039999071509,0.023543699993751943,0.023015900020254776,0.019676900003105402,0.01815990000613965,0.0004599000094458461
1.0,Linear BTL,30,507,,-199.77869580348198,8,31,10,21,,,,0.001346500008367002,0.005808299989439547,0.0009070999803952873,0.13080049998825416,0.34596929998951964,0.16269080000347458,0.03316399999312125,0.03237140001147054,0.034603800013428554,0.04245290000108071,0.0005150999932084233
1.0,Linear BTL,31,538,,-212.67077343305948,6,42,17,25,,,,0.0017539999971631914,0.01293729999451898,0.0006668000132776797,0.1970228000136558,0.3899377000052482,0.09025490001658909,0.024905099999159575,0.043423800001619384,0.04688249999890104,0.05244449997553602,0.0010956999904010445
1.0,Linear BTL,32,570,,-205.49779139807558,13,23,3,20,,,,0.0038006000104360282,0.01381299999775365,0.0005017999792471528,0.1439230999967549,0.2673529000021517,0.10497169999871403,0.02344489999813959,0.019034500000998378,0.019593400007579476,0.020961300004273653,0.0008698000165168196
1.0,Linear BTL,33,603,,-204.9577812709847,8,27,5,22,,,,0.0013604999985545874,0.005895899987081066,0.000374099996406585,0.17956690001301467,0.27177630001096986,0.16879399999743327,0.030245000001741573,0.030062800011364743,0.026887299987720326,0.02414709998993203,0.0009113000123761594
1.0,Linear BTL,34,637,,-213.13104472471935,9,48,6,42,,,,0.0013605999993160367,0.00844380000489764,0.00037480000173673034,0.15735020002466626,0.2754725000122562,0.12078159998054616,0.02488049998646602,0.024793899996438995,0.02523299999302253,0.025304700015112758,0.0004783000040333718
1.0,Linear BTL,35,672,,-212.32608702167303,20,36,4,32,,,,0.0015810000186320394,0.010092000011354685,0.0004890999989584088,0.1473900999990292,0.3161870999902021,0.22770379998837598,0.022820100013632327,0.025807500001974404,0.02101039999979548,0.01769459998467937,0.0004299999854993075
1.0,Linear BTL,36,708,,-207.52701672166302,20,25,3,22,,,,0.0021431999921333045,0.0074878000013995916,0.0005317000031936914,0.13536329998169094,0.31549559999257326,0.10821009997744113,0.01779709997936152,0.01726359999156557,0.022316799993859604,0.028656000009505078,0.0008111000061035156
1.0,Linear BTL,37,745,,-210.37211770733379,15,29,9,20,,,,0.001355199987301603,0.010208799998508766,0.0005632000102195889,0.1575301999982912,0.22455459999036975,0.13905500000691973,0.02389980002772063,0.022942000010516495,0.022362499992595986,0.027437100012321025,0.000450699997600168
1.0,Linear BTL,38,783,,-210.1988960936315,15,24,7,17,,,,0.0015519000007770956,0.009787900024093688,0.0005794000171590596,0.15494989999569952,0.27449779998278245,0.10114660000544973,0.02567299999645911,0.02141649997793138,0.024383699987083673,0.024889099993743002,0.0004440000047907233
1.0,Linear BTL,39,822,,-199.82470469102284,7,27,2,25,,,,0.0020161000138614327,0.010410900023998693,0.000375300005543977,0.14926820000982843,0.27503089999663644,0.10348270001122728,0.02708199998596683,0.030726700002560392,0.025620700005674735,0.029776800016406924,0.00047980001545511186
1.0,Linear BTL,40,862,,-201.37499594076016,7,23,6,17,,,,0.0013739000132773072,0.009350000007543713,0.00038240000139921904,0.14199799997732043,0.37713319997419603,0.16623750000144355,0.03352470000390895,0.041652999992948025,0.0375820999906864,0.03231809998396784,0.000920199992833659
1.0,Linear BTL,41,903,,-207.9341958713399,8,37,6,31,,,,0.001359499990940094,0.007570500019937754,0.001317500020377338,0.19797290000133216,0.3661668999993708,0.09305699999094941,0.03585230000317097,0.022999699984211475,0.02046229998813942,0.019710900000063702,0.0008286000229418278
1.0,Linear BTL,42,945,,-208.40469554058276,16,25,2,23,,,,0.005231500021182001,0.006284600007347763,0.0003648999845609069,0.12925579998409376,0.2576293000020087,0.10471640000469051,0.02576650000992231,0.02144189999671653,0.02974759999779053,0.022625000012340024,0.0005193999968469143
1.0,Linear BTL,43,988,,-211.3841509567841,18,22,1,21,,,,0.005561600002693012,0.005658899986883625,0.0003391000209376216,0.23705699999118224,0.20091889999457635,0.1070418999879621,0.03223129999241792,0.028921299992362037,0.021593499986920506,0.021301900007529184,0.0007479999912902713
1.0,Linear BTL,44,1032,,-206.3220633820847,6,31,3,28,,,,0.0023145999875850976,0.007664500008104369,0.0007226000016089529,0.16161009998177178,0.3313670000061393,0.20979279998573475,0.024566099978983402,0.02665539999725297,0.027061800006777048,0.02744520001579076,0.0005935999797657132
1.0,Linear BTL,45,1077,,-199.75932085233023,5,33,10,23,,,,0.0013877000019419938,0.009190000011585653,0.00039239999023266137,0.1486768999893684,0.2924350000103004,0.11470390000613406,0.024286800005938858,0.02355579999857582,0.02032609999878332,0.023055800003930926,0.0004996999923605472
1.0,Linear BTL,46,1123,,-206.6169985059323,12,29,3,26,,,,0.004154299997026101,0.005727499985368922,0.0004698999982792884,0.15696249998291023,0.2371147999947425,0.09760459998506121,0.024999900022521615,0.026391499995952472,0.023008399992249906,0.03657339999335818,0.002059200021903962
1.0,Linear BTL,47,1170,,-190.2771366055261,9,30,6,24,,,,0.004295399994589388,0.012500100012402982,0.0007707999902777374,0.15840499999467283,0.33114610001211986,0.11232970000128262,0.02505560001009144,0.025279699999373406,0.02887930002179928,0.02595909999217838,0.0004904000088572502
1.0,Linear BTL,48,1218,,-197.63823511961456,6,30,4,26,,,,0.001362899987725541,0.0067057000123895705,0.0004030000127386302,0.1469228999922052,0.39263840002240613,0.09988789999624714,0.02431169999181293,0.026086099998792633,0.02527169999666512,0.02705249999416992,0.00048389998846687376
1.0,Linear BTL,49,1267,,-210.46936158224557,12,27,7,20,,,,0.0015693999885115772,0.010110999981407076,0.0008005000127013773,0.21527980000246316,0.26689309999346733,0.09490310002001934,0.023325899994233623,0.020432299992535263,0.020426099974429235,0.020929799997247756,0.0004640999832190573
