phi,model,trial,seed,objective,loss_value,fas_size,num_violations,num_po_violations,num_pmc_violations,epsilon_l1_norm,epsilon_support_percentage,epsilon_sparsity,time_Data Generation,time_Graph Construction,time_Feedback Arc Set,time_LP2 Solve,time_Borda LP3 Solve,time_BTL Model Fitting,time_Old LP Evaluation,time_New LP Evaluation,time_Weighted LP3 Evaluation,time_Borda LP3 Evaluation,time_BTL Evaluation
0.0,LP2 ($ 	heta $ Only),0,42,0.0,,0,0,0,0,0.0,0.0,100.0,0.001320600014878437,0.005921100004343316,0.0007945999968796968,0.10949849997996353,0.14620129999821074,0.051381400000536814,0.01339969999389723,0.010527499980526045,0.012005099997622892,0.014695100020617247,0.0002474000211805105
0.0,LP2 ($ 	heta $ Only),1,43,0.0,,0,0,0,0,0.0,0.0,100.0,0.0012180000194348395,0.0029861000075470656,0.00012430001515895128,0.08612590000848286,0.1279457999917213,0.06904030000441708,0.01395229998161085,0.013465500000165775,0.01272860000608489,0.010764699982246384,0.00023689999943599105
0.0,LP2 ($ 	heta $ Only),2,45,0.0,,0,0,0,0,0.0,0.0,100.0,0.0012515000125858933,0.005199600011110306,7.109998841769993e-05,0.07644820000859909,0.11537570002838038,0.06922689999919385,0.009922600002028048,0.01090609998209402,0.013452499988488853,0.00891479998244904,0.0005144999886397272
0.0,LP2 ($ 	heta $ Only),3,48,0.0,,0,0,0,0,0.0,0.0,100.0,0.0019985999970231205,0.00315140001475811,9.049999061971903e-05,0.2420124000054784,0.14047240000218153,0.04912290000356734,0.012256399990292266,0.00845709998975508,0.011276699980953708,0.010397500009275973,0.00041779997991397977
0.0,LP2 ($ 	heta $ Only),4,52,0.0,,0,0,0,0,0.0,0.0,100.0,0.0046033000107854605,0.0023714000126346946,5.85000088904053e-05,0.08537429998978041,0.14858460001414642,0.08479029999580234,0.008579399989685044,0.013004300009924918,0.011723800009349361,0.009175100014545023,0.0009905000042635947
0.0,LP2 ($ 	heta $ Only),5,57,0.0,,0,0,0,0,0.0,0.0,100.0,0.002286000002641231,0.0025018000160343945,5.949998740106821e-05,0.084101099986583,0.11020260001532733,0.055230300000403076,0.013837799982866272,0.011787199997343123,0.014531199994962662,0.009304799983510748,0.00023210002109408379
0.0,LP2 ($ 	heta $ Only),6,63,0.0,,0,0,0,0,0.0,0.0,100.0,0.0026036000053863972,0.0035468999994918704,8.9899986051023e-05,0.08811299997614697,0.11559810000471771,0.09453040000516921,0.02139170002192259,0.023628400027519092,0.023370300012174994,0.01922550000017509,0.00046800001291558146
0.0,LP2 ($ 	heta $ Only),7,70,0.0,,0,0,0,0,0.0,0.0,100.0,0.001062900002580136,0.0036745000106748194,8.239998714998364e-05,0.08498919999692589,0.13315750000765547,0.049806399998487905,0.017536800005473197,0.012319900008151308,0.011731500009773299,0.008815999986836687,0.00023189999046735466
0.0,LP2 ($ 	heta $ Only),8,78,0.0,,0,0,0,0,0.0,0.0,100.0,0.004281300003640354,0.004425100021762773,8.629998774267733e-05,0.0829383000091184,0.12643410000600852,0.10596009998698719,0.010871900012716651,0.014569799997843802,0.011932599998544902,0.008283500006655231,0.00022819999139755964
0.0,LP2 ($ 	heta $ Only),9,87,0.0,,0,0,0,0,0.0,0.0,100.0,0.002312500000698492,0.003358499991009012,8.50000069476664e-05,0.0919034999969881,0.1316928000014741,0.054560899996431544,0.011756400024751201,0.01218769999104552,0.014509900007396936,0.010272099985741079,0.00035370001569390297
0.0,LP2 ($ 	heta $ Only),10,97,0.0,,0,0,0,0,0.0,0.0,100.0,0.0045264000073075294,0.0027818999951705337,6.420002318918705e-05,0.07444949998171069,0.12907939997967333,0.11740399998961948,0.014066900010220706,0.010125700006028637,0.013461099995765835,0.012120799976401031,0.00022899999748915434
0.0,LP2 ($ 	heta $ Only),11,108,0.0,,0,0,0,0,0.0,0.0,100.0,0.0011267000227235258,0.0023304999922402203,5.859998054802418e-05,0.0825030000123661,0.1256615000020247,0.06840899999951944,0.010214299982180819,0.010947899980237707,0.008857899985741824,0.013772700011031702,0.00022990000434219837
0.0,LP2 ($ 	heta $ Only),12,120,0.0,,0,0,0,0,0.0,0.0,100.0,0.0038566000002902,0.004764699988299981,9.670000872574747e-05,0.12856330000795424,0.1389195999945514,0.0934263999806717,0.014257000002544373,0.014072599995415658,0.012562000018078834,0.0092956000007689,0.00023659999715164304
0.0,LP2 ($ 	heta $ Only),13,133,0.0,,0,0,0,0,0.0,0.0,100.0,0.002164800011087209,0.0031553000153508037,7.37000082153827e-05,0.08247220001067035,0.24882740000612102,0.07119590000365861,0.014272500004153699,0.013188599987188354,0.011028399982023984,0.01255959999980405,0.0002306999813299626
0.0,LP2 ($ 	heta $ Only),14,147,0.0,,0,0,0,0,0.0,0.0,100.0,0.0010424999927636236,0.0024884000013116747,0.00035849999403581023,0.07325239997589961,0.13233240001136437,0.0951333999983035,0.014162300009047613,0.011170599987963215,0.011488899996038526,0.012236400012625381,0.0002311999851372093
0.0,LP2 ($ 	heta $ Only),15,162,0.0,,0,0,0,0,0.0,0.0,100.0,0.001060199982021004,0.003018899995367974,5.900001269765198e-05,0.0763450000085868,0.13527879997855052,0.09864989999914542,0.01393590000225231,0.009509700001217425,0.015830200019991025,0.0153952999971807,0.00041879998752847314
0.0,LP2 ($ 	heta $ Only),16,178,0.0,,0,0,0,0,0.0,0.0,100.0,0.0010353999969083816,0.003709500015247613,6.510000093840063e-05,0.06540500000119209,0.1308009000204038,0.10257640000781976,0.014705999987199903,0.013041300000622869,0.0125906000030227,0.009772099991096184,0.00025260000256821513
0.0,LP2 ($ 	heta $ Only),17,195,0.0,,0,0,0,0,0.0,0.0,100.0,0.0020422999805305153,0.0025402000173926353,5.85000088904053e-05,0.11080110000330023,0.10351060001994483,0.08069940001587383,0.01500270000542514,0.013641600002301857,0.017695799993816763,0.015520399989327416,0.00023040000814944506
0.0,LP2 ($ 	heta $ Only),18,213,0.0,,0,0,0,0,0.0,0.0,100.0,0.0012147999950684607,0.0033290999999735504,6.570000550709665e-05,0.07924029999412596,0.13203659999999218,0.07014900000649504,0.014569699997082353,0.013181599992094561,0.013334099989151582,0.009570800000801682,0.000228599994443357
0.0,LP2 ($ 	heta $ Only),19,232,0.0,,0,0,0,0,0.0,0.0,100.0,0.001049699989380315,0.0043667000136338174,8.180001168511808e-05,0.10421119999955408,0.13346819998696446,0.05987940001068637,0.010454699979163706,0.01211219999822788,0.019237699976656586,0.01999400000204332,0.0007112000021152198
0.0,LP2 ($ 	heta $ Only),20,252,0.0,,0,0,0,0,0.0,0.0,100.0,0.005448200012324378,0.00301799998851493,0.0001370999962091446,0.0803060999896843,0.16493820000323467,0.06391309999162331,0.009419099980732426,0.013822700013406575,0.014220000011846423,0.012936400016769767,0.00022849999368190765
0.0,LP2 ($ 	heta $ Only),21,273,0.0,,0,0,0,0,0.0,0.0,100.0,0.001070300000719726,0.003544600011082366,5.830000736750662e-05,0.08450589998392388,0.12437199999112636,0.08093220001319423,0.011825299996417016,0.009469600016018376,0.012176999996881932,0.010560599999735132,0.00023079998209141195
0.0,LP2 ($ 	heta $ Only),22,295,0.0,,0,0,0,0,0.0,0.0,100.0,0.0016023999778553843,0.0024381999974139035,5.740000051446259e-05,0.07240979999187402,0.11612709998735227,0.09466419997625053,0.013011600007303059,0.01453170002787374,0.013342099991859868,0.01291369998943992,0.000611299998126924
0.0,LP2 ($ 	heta $ Only),23,318,0.0,,0,0,0,0,0.0,0.0,100.0,0.0012134000135120004,0.0023003999958746135,5.7900004321709275e-05,0.08230519999051467,0.18753799999831244,0.07900619998690672,0.023134699993534014,0.0253740000189282,0.01818240000284277,0.018064700008835644,0.000232299993513152
0.0,LP2 ($ 	heta $ Only),24,342,0.0,,0,0,0,0,0.0,0.0,100.0,0.0011807999981101602,0.0063698999874759465,0.00013280002167448401,0.09010219998890534,0.1394356999953743,0.07473870000103489,0.01023929999792017,0.01192250000895001,0.008703400002559647,0.012525099999038503,0.00023100001271814108
0.0,LP2 ($ 	heta $ Only),25,367,0.0,,0,0,0,0,0.0,0.0,100.0,0.0012629000120796263,0.0026135999942198396,6.130000110715628e-05,0.06766719999723136,0.13233219998073764,0.06884120000177063,0.009075699985260144,0.013770399993518367,0.013615100004244596,0.012541400006739423,0.00024950000806711614
0.0,LP2 ($ 	heta $ Only),26,393,0.0,,0,0,0,0,0.0,0.0,100.0,0.0010492999863345176,0.0029596999811474234,6.10999995842576e-05,0.07056220000959001,0.1166656999848783,0.07124819999444298,0.011184100003447384,0.01360860001295805,0.00875619999715127,0.014781500009121373,0.00022799998987466097
0.0,LP2 ($ 	heta $ Only),27,420,0.0,,0,0,0,0,0.0,0.0,100.0,0.0010489999840501696,0.004400499979965389,0.00010770000517368317,0.07550530001753941,0.3205300999979954,0.048135199991520494,0.008704000007128343,0.010590100020635873,0.013105999998515472,0.008705499989446253,0.00022810001973994076
0.0,LP2 ($ 	heta $ Only),28,448,0.0,,0,0,0,0,0.0,0.0,100.0,0.001209600013680756,0.005767499998910353,0.00010419997852295637,0.09735039999941364,0.21540980000281706,0.10226250000414439,0.010483199992449954,0.011461199988843873,0.012136599980294704,0.009006200009025633,0.0002269999822601676
0.0,LP2 ($ 	heta $ Only),29,477,0.0,,0,0,0,0,0.0,0.0,100.0,0.0051503999857231975,0.0024853000068105757,5.629999213851988e-05,0.08017120001022704,0.12705820001428947,0.0869642999896314,0.013911299989558756,0.013387999992119148,0.011340500001097098,0.012858700007200241,0.00022870002430863678
0.0,LP2 ($ 	heta $ Only),30,507,0.0,,0,0,0,0,0.0,0.0,100.0,0.0010467999964021146,0.005904799996642396,6.279998342506588e-05,0.07322550000390038,0.17993519999436103,0.0899339999887161,0.012168999994173646,0.012828700011596084,0.01055199999245815,0.011044999992009252,0.00022689998149871826
0.0,LP2 ($ 	heta $ Only),31,538,0.0,,0,0,0,0,0.0,0.0,100.0,0.0010359000007156283,0.002401199977612123,5.7900004321709275e-05,0.09483759998693131,0.13475189998280257,0.07356839999556541,0.011511699995025992,0.01333739998517558,0.008830600010696799,0.017378899996401742,0.0008579999848734587
0.0,LP2 ($ 	heta $ Only),32,570,0.0,,0,0,0,0,0.0,0.0,100.0,0.0049322999839205295,0.004045900015626103,8.890000754036009e-05,0.08390850000432692,0.1431350999919232,0.0534992000029888,0.011954599991440773,0.010373500001151115,0.013531900011003017,0.014293599990196526,0.0004172999761067331
0.0,LP2 ($ 	heta $ Only),33,603,0.0,,0,0,0,0,0.0,0.0,100.0,0.001041000010445714,0.0026821000210475177,0.00010050000855699182,0.07357340000453405,0.28659370000241324,0.34445549998781644,0.023205299978144467,0.029025600000750273,0.03893899999093264,0.03674849998787977,0.0012035999970976263
0.0,LP2 ($ 	heta $ Only),34,637,0.0,,0,0,0,0,0.0,0.0,100.0,0.003983299975516275,0.012029699981212616,0.00027150000096298754,0.1925160999817308,0.12953969999216497,0.15338340000016615,0.012143400002969429,0.008715599979041144,0.012284900003578514,0.011683399992762133,0.00023029997828416526
0.0,LP2 ($ 	heta $ Only),35,672,0.0,,0,0,0,0,0.0,0.0,100.0,0.0010340999870095402,0.0024357000074815005,5.629999213851988e-05,0.08505910000531003,0.15474369999719784,0.03838110002106987,0.008736400021007285,0.01209579998976551,0.012601599999470636,0.013452399987727404,0.0004180999821983278
0.0,LP2 ($ 	heta $ Only),36,708,0.0,,0,0,0,0,0.0,0.0,100.0,0.0010624999995343387,0.0024178999883588403,5.6599994422867894e-05,0.06848749998607673,0.19984860002296045,0.08275799997500144,0.01506209999206476,0.01629490000777878,0.013151899998774752,0.009085700003197417,0.0010867000091820955
0.0,LP2 ($ 	heta $ Only),37,745,0.0,,0,0,0,0,0.0,0.0,100.0,0.0017709000094328076,0.0024910999927669764,5.810000584460795e-05,0.08527110001887195,0.29210999998031184,0.22003990001394413,0.01677180000115186,0.015102999983355403,0.013837499980581924,0.010386500012828037,0.00033110001822933555
0.0,LP2 ($ 	heta $ Only),38,783,0.0,,0,0,0,0,0.0,0.0,100.0,0.0031501000048592687,0.004836300009628758,0.00014970000484026968,0.15901459997985512,0.12351920001674443,0.057152099994709715,0.009364300000015646,0.010829900013050064,0.010899599990807474,0.010553000000072643,0.00022950000129640102
0.0,LP2 ($ 	heta $ Only),39,822,0.0,,0,0,0,0,0.0,0.0,100.0,0.0038212999934330583,0.007517499994719401,0.00016659998800605536,0.09394679998513311,0.11482340001384728,0.07121389999520034,0.013904499995987862,0.015313200012315065,0.012699400016572326,0.0092644999967888,0.0002395999908912927
0.0,LP2 ($ 	heta $ Only),40,862,0.0,,0,0,0,0,0.0,0.0,100.0,0.0010803999903146178,0.005229900008998811,6.479999865405262e-05,0.07340630001272075,0.12665590000688098,0.04135109999333508,0.01174919999903068,0.01079359999857843,0.011016300006303936,0.013336200005142018,0.00044929998693987727
0.0,LP2 ($ 	heta $ Only),41,903,0.0,,0,0,0,0,0.0,0.0,100.0,0.0011775000020861626,0.003091000020503998,5.930001498199999e-05,0.07794320001266897,0.16068959998665377,0.04431620001560077,0.011511499993503094,0.015023199986899272,0.012091700016753748,0.01142319999053143,0.00023969999165274203
0.0,LP2 ($ 	heta $ Only),42,945,0.0,,0,0,0,0,0.0,0.0,100.0,0.002930899994680658,0.003296000009868294,0.00013650002074427903,0.07200459999148734,0.12364679999882355,0.06124019998242147,0.01290339999832213,0.008497499977238476,0.010184900020249188,0.008416099997702986,0.00041649999911896884
0.0,LP2 ($ 	heta $ Only),43,988,0.0,,0,0,0,0,0.0,0.0,100.0,0.0010557999776210636,0.0032842999789863825,6.290001329034567e-05,0.10743610002100468,0.1316596000106074,0.08450110000558197,0.01114310001139529,0.013931699999375269,0.010318600019672886,0.013091800006804988,0.0004759000148624182
0.0,LP2 ($ 	heta $ Only),44,1032,0.0,,0,0,0,0,0.0,0.0,100.0,0.0011580999998841435,0.0035380999906919897,6.120000034570694e-05,0.07270119999884628,0.13004460002412088,0.06259919999865815,0.010602100024698302,0.010463799990247935,0.014995700010331348,0.012928300013300031,0.0004175000067334622
0.0,LP2 ($ 	heta $ Only),45,1077,0.0,,0,0,0,0,0.0,0.0,100.0,0.0010930999997071922,0.002455599984386936,5.980001878924668e-05,0.06969709999975748,0.12916260000201873,0.22052889998303726,0.011822100001154467,0.009087399987038225,0.010810800013132393,0.009328000014647841,0.0004462999932002276
0.0,LP2 ($ 	heta $ Only),46,1123,0.0,,0,0,0,0,0.0,0.0,100.0,0.0011761999921873212,0.002958500001113862,8.220001473091543e-05,0.07820469999569468,0.13698579999618232,0.07292569999117404,0.013927499996498227,0.013991199986776337,0.013052700000116602,0.009053799993125722,0.00022929999977350235
0.0,LP2 ($ 	heta $ Only),47,1170,0.0,,0,0,0,0,0.0,0.0,100.0,0.0026083999837283045,0.00328770000487566,6.059999577701092e-05,0.08407609999994747,0.14403369999490678,0.08091680001234636,0.015542299981461838,0.013857100013410673,0.012672700016992167,0.010584000003291294,0.0016813999973237514
0.0,LP2 ($ 	heta $ Only),48,1218,0.0,,0,0,0,0,0.0,0.0,100.0,0.0017404000100214034,0.002323299995623529,5.8900011936202645e-05,0.08272449998185039,0.1600480999913998,0.0534990000014659,0.008613399986643344,0.008548299985704944,0.009600099991075695,0.009280099999159575,0.000225800002226606
0.0,LP2 ($ 	heta $ Only),49,1267,0.0,,0,0,0,0,0.0,0.0,100.0,0.004021500004455447,0.0035284000041428953,6.200000643730164e-05,0.06929079999099486,0.13655220001237467,0.1268106000206899,0.019333200005348772,0.012605299998540431,0.013636300020152703,0.010738300014054403,0.0005123000009916723
0.0,LP3 ($ 	heta $ Only),0,42,0.0,,0,0,0,0,0.0,0.0,100.0,0.001320600014878437,0.005921100004343316,0.0007945999968796968,0.10949849997996353,0.14620129999821074,0.051381400000536814,0.01339969999389723,0.010527499980526045,0.012005099997622892,0.014695100020617247,0.0002474000211805105
0.0,LP3 ($ 	heta $ Only),1,43,0.0,,0,0,0,0,0.0,0.0,100.0,0.0012180000194348395,0.0029861000075470656,0.00012430001515895128,0.08612590000848286,0.1279457999917213,0.06904030000441708,0.01395229998161085,0.013465500000165775,0.01272860000608489,0.010764699982246384,0.00023689999943599105
0.0,LP3 ($ 	heta $ Only),2,45,0.0,,0,0,0,0,0.0,0.0,100.0,0.0012515000125858933,0.005199600011110306,7.109998841769993e-05,0.07644820000859909,0.11537570002838038,0.06922689999919385,0.009922600002028048,0.01090609998209402,0.013452499988488853,0.00891479998244904,0.0005144999886397272
0.0,LP3 ($ 	heta $ Only),3,48,0.0,,0,0,0,0,0.0,0.0,100.0,0.0019985999970231205,0.00315140001475811,9.049999061971903e-05,0.2420124000054784,0.14047240000218153,0.04912290000356734,0.012256399990292266,0.00845709998975508,0.011276699980953708,0.010397500009275973,0.00041779997991397977
0.0,LP3 ($ 	heta $ Only),4,52,0.0,,0,0,0,0,0.0,0.0,100.0,0.0046033000107854605,0.0023714000126346946,5.85000088904053e-05,0.08537429998978041,0.14858460001414642,0.08479029999580234,0.008579399989685044,0.013004300009924918,0.011723800009349361,0.009175100014545023,0.0009905000042635947
0.0,LP3 ($ 	heta $ Only),5,57,0.0,,0,0,0,0,0.0,0.0,100.0,0.002286000002641231,0.0025018000160343945,5.949998740106821e-05,0.084101099986583,0.11020260001532733,0.055230300000403076,0.013837799982866272,0.011787199997343123,0.014531199994962662,0.009304799983510748,0.00023210002109408379
0.0,LP3 ($ 	heta $ Only),6,63,0.0,,0,0,0,0,0.0,0.0,100.0,0.0026036000053863972,0.0035468999994918704,8.9899986051023e-05,0.08811299997614697,0.11559810000471771,0.09453040000516921,0.02139170002192259,0.023628400027519092,0.023370300012174994,0.01922550000017509,0.00046800001291558146
0.0,LP3 ($ 	heta $ Only),7,70,0.0,,0,0,0,0,0.0,0.0,100.0,0.001062900002580136,0.0036745000106748194,8.239998714998364e-05,0.08498919999692589,0.13315750000765547,0.049806399998487905,0.017536800005473197,0.012319900008151308,0.011731500009773299,0.008815999986836687,0.00023189999046735466
0.0,LP3 ($ 	heta $ Only),8,78,0.0,,0,0,0,0,0.0,0.0,100.0,0.004281300003640354,0.004425100021762773,8.629998774267733e-05,0.0829383000091184,0.12643410000600852,0.10596009998698719,0.010871900012716651,0.014569799997843802,0.011932599998544902,0.008283500006655231,0.00022819999139755964
0.0,LP3 ($ 	heta $ Only),9,87,0.0,,0,0,0,0,0.0,0.0,100.0,0.002312500000698492,0.003358499991009012,8.50000069476664e-05,0.0919034999969881,0.1316928000014741,0.054560899996431544,0.011756400024751201,0.01218769999104552,0.014509900007396936,0.010272099985741079,0.00035370001569390297
0.0,LP3 ($ 	heta $ Only),10,97,0.0,,0,0,0,0,0.0,0.0,100.0,0.0045264000073075294,0.0027818999951705337,6.420002318918705e-05,0.07444949998171069,0.12907939997967333,0.11740399998961948,0.014066900010220706,0.010125700006028637,0.013461099995765835,0.012120799976401031,0.00022899999748915434
0.0,LP3 ($ 	heta $ Only),11,108,0.0,,0,0,0,0,0.0,0.0,100.0,0.0011267000227235258,0.0023304999922402203,5.859998054802418e-05,0.0825030000123661,0.1256615000020247,0.06840899999951944,0.010214299982180819,0.010947899980237707,0.008857899985741824,0.013772700011031702,0.00022990000434219837
0.0,LP3 ($ 	heta $ Only),12,120,0.0,,0,0,0,0,0.0,0.0,100.0,0.0038566000002902,0.004764699988299981,9.670000872574747e-05,0.12856330000795424,0.1389195999945514,0.0934263999806717,0.014257000002544373,0.014072599995415658,0.012562000018078834,0.0092956000007689,0.00023659999715164304
0.0,LP3 ($ 	heta $ Only),13,133,0.0,,0,0,0,0,0.0,0.0,100.0,0.002164800011087209,0.0031553000153508037,7.37000082153827e-05,0.08247220001067035,0.24882740000612102,0.07119590000365861,0.014272500004153699,0.013188599987188354,0.011028399982023984,0.01255959999980405,0.0002306999813299626
0.0,LP3 ($ 	heta $ Only),14,147,0.0,,0,0,0,0,0.0,0.0,100.0,0.0010424999927636236,0.0024884000013116747,0.00035849999403581023,0.07325239997589961,0.13233240001136437,0.0951333999983035,0.014162300009047613,0.011170599987963215,0.011488899996038526,0.012236400012625381,0.0002311999851372093
0.0,LP3 ($ 	heta $ Only),15,162,0.0,,0,0,0,0,0.0,0.0,100.0,0.001060199982021004,0.003018899995367974,5.900001269765198e-05,0.0763450000085868,0.13527879997855052,0.09864989999914542,0.01393590000225231,0.009509700001217425,0.015830200019991025,0.0153952999971807,0.00041879998752847314
0.0,LP3 ($ 	heta $ Only),16,178,0.0,,0,0,0,0,0.0,0.0,100.0,0.0010353999969083816,0.003709500015247613,6.510000093840063e-05,0.06540500000119209,0.1308009000204038,0.10257640000781976,0.014705999987199903,0.013041300000622869,0.0125906000030227,0.009772099991096184,0.00025260000256821513
0.0,LP3 ($ 	heta $ Only),17,195,0.0,,0,0,0,0,0.0,0.0,100.0,0.0020422999805305153,0.0025402000173926353,5.85000088904053e-05,0.11080110000330023,0.10351060001994483,0.08069940001587383,0.01500270000542514,0.013641600002301857,0.017695799993816763,0.015520399989327416,0.00023040000814944506
0.0,LP3 ($ 	heta $ Only),18,213,0.0,,0,0,0,0,0.0,0.0,100.0,0.0012147999950684607,0.0033290999999735504,6.570000550709665e-05,0.07924029999412596,0.13203659999999218,0.07014900000649504,0.014569699997082353,0.013181599992094561,0.013334099989151582,0.009570800000801682,0.000228599994443357
0.0,LP3 ($ 	heta $ Only),19,232,0.0,,0,0,0,0,0.0,0.0,100.0,0.001049699989380315,0.0043667000136338174,8.180001168511808e-05,0.10421119999955408,0.13346819998696446,0.05987940001068637,0.010454699979163706,0.01211219999822788,0.019237699976656586,0.01999400000204332,0.0007112000021152198
0.0,LP3 ($ 	heta $ Only),20,252,0.0,,0,0,0,0,0.0,0.0,100.0,0.005448200012324378,0.00301799998851493,0.0001370999962091446,0.0803060999896843,0.16493820000323467,0.06391309999162331,0.009419099980732426,0.013822700013406575,0.014220000011846423,0.012936400016769767,0.00022849999368190765
0.0,LP3 ($ 	heta $ Only),21,273,0.0,,0,0,0,0,0.0,0.0,100.0,0.001070300000719726,0.003544600011082366,5.830000736750662e-05,0.08450589998392388,0.12437199999112636,0.08093220001319423,0.011825299996417016,0.009469600016018376,0.012176999996881932,0.010560599999735132,0.00023079998209141195
0.0,LP3 ($ 	heta $ Only),22,295,0.0,,0,0,0,0,0.0,0.0,100.0,0.0016023999778553843,0.0024381999974139035,5.740000051446259e-05,0.07240979999187402,0.11612709998735227,0.09466419997625053,0.013011600007303059,0.01453170002787374,0.013342099991859868,0.01291369998943992,0.000611299998126924
0.0,LP3 ($ 	heta $ Only),23,318,0.0,,0,0,0,0,0.0,0.0,100.0,0.0012134000135120004,0.0023003999958746135,5.7900004321709275e-05,0.08230519999051467,0.18753799999831244,0.07900619998690672,0.023134699993534014,0.0253740000189282,0.01818240000284277,0.018064700008835644,0.000232299993513152
0.0,LP3 ($ 	heta $ Only),24,342,0.0,,0,0,0,0,0.0,0.0,100.0,0.0011807999981101602,0.0063698999874759465,0.00013280002167448401,0.09010219998890534,0.1394356999953743,0.07473870000103489,0.01023929999792017,0.01192250000895001,0.008703400002559647,0.012525099999038503,0.00023100001271814108
0.0,LP3 ($ 	heta $ Only),25,367,0.0,,0,0,0,0,0.0,0.0,100.0,0.0012629000120796263,0.0026135999942198396,6.130000110715628e-05,0.06766719999723136,0.13233219998073764,0.06884120000177063,0.009075699985260144,0.013770399993518367,0.013615100004244596,0.012541400006739423,0.00024950000806711614
0.0,LP3 ($ 	heta $ Only),26,393,0.0,,0,0,0,0,0.0,0.0,100.0,0.0010492999863345176,0.0029596999811474234,6.10999995842576e-05,0.07056220000959001,0.1166656999848783,0.07124819999444298,0.011184100003447384,0.01360860001295805,0.00875619999715127,0.014781500009121373,0.00022799998987466097
0.0,LP3 ($ 	heta $ Only),27,420,0.0,,0,0,0,0,0.0,0.0,100.0,0.0010489999840501696,0.004400499979965389,0.00010770000517368317,0.07550530001753941,0.3205300999979954,0.048135199991520494,0.008704000007128343,0.010590100020635873,0.013105999998515472,0.008705499989446253,0.00022810001973994076
0.0,LP3 ($ 	heta $ Only),28,448,0.0,,0,0,0,0,0.0,0.0,100.0,0.001209600013680756,0.005767499998910353,0.00010419997852295637,0.09735039999941364,0.21540980000281706,0.10226250000414439,0.010483199992449954,0.011461199988843873,0.012136599980294704,0.009006200009025633,0.0002269999822601676
0.0,LP3 ($ 	heta $ Only),29,477,0.0,,0,0,0,0,0.0,0.0,100.0,0.0051503999857231975,0.0024853000068105757,5.629999213851988e-05,0.08017120001022704,0.12705820001428947,0.0869642999896314,0.013911299989558756,0.013387999992119148,0.011340500001097098,0.012858700007200241,0.00022870002430863678
0.0,LP3 ($ 	heta $ Only),30,507,0.0,,0,0,0,0,0.0,0.0,100.0,0.0010467999964021146,0.005904799996642396,6.279998342506588e-05,0.07322550000390038,0.17993519999436103,0.0899339999887161,0.012168999994173646,0.012828700011596084,0.01055199999245815,0.011044999992009252,0.00022689998149871826
0.0,LP3 ($ 	heta $ Only),31,538,0.0,,0,0,0,0,0.0,0.0,100.0,0.0010359000007156283,0.002401199977612123,5.7900004321709275e-05,0.09483759998693131,0.13475189998280257,0.07356839999556541,0.011511699995025992,0.01333739998517558,0.008830600010696799,0.017378899996401742,0.0008579999848734587
0.0,LP3 ($ 	heta $ Only),32,570,0.0,,0,0,0,0,0.0,0.0,100.0,0.0049322999839205295,0.004045900015626103,8.890000754036009e-05,0.08390850000432692,0.1431350999919232,0.0534992000029888,0.011954599991440773,0.010373500001151115,0.013531900011003017,0.014293599990196526,0.0004172999761067331
0.0,LP3 ($ 	heta $ Only),33,603,0.0,,0,0,0,0,0.0,0.0,100.0,0.001041000010445714,0.0026821000210475177,0.00010050000855699182,0.07357340000453405,0.28659370000241324,0.34445549998781644,0.023205299978144467,0.029025600000750273,0.03893899999093264,0.03674849998787977,0.0012035999970976263
0.0,LP3 ($ 	heta $ Only),34,637,0.0,,0,0,0,0,0.0,0.0,100.0,0.003983299975516275,0.012029699981212616,0.00027150000096298754,0.1925160999817308,0.12953969999216497,0.15338340000016615,0.012143400002969429,0.008715599979041144,0.012284900003578514,0.011683399992762133,0.00023029997828416526
0.0,LP3 ($ 	heta $ Only),35,672,0.0,,0,0,0,0,0.0,0.0,100.0,0.0010340999870095402,0.0024357000074815005,5.629999213851988e-05,0.08505910000531003,0.15474369999719784,0.03838110002106987,0.008736400021007285,0.01209579998976551,0.012601599999470636,0.013452399987727404,0.0004180999821983278
0.0,LP3 ($ 	heta $ Only),36,708,0.0,,0,0,0,0,0.0,0.0,100.0,0.0010624999995343387,0.0024178999883588403,5.6599994422867894e-05,0.06848749998607673,0.19984860002296045,0.08275799997500144,0.01506209999206476,0.01629490000777878,0.013151899998774752,0.009085700003197417,0.0010867000091820955
0.0,LP3 ($ 	heta $ Only),37,745,0.0,,0,0,0,0,0.0,0.0,100.0,0.0017709000094328076,0.0024910999927669764,5.810000584460795e-05,0.08527110001887195,0.29210999998031184,0.22003990001394413,0.01677180000115186,0.015102999983355403,0.013837499980581924,0.010386500012828037,0.00033110001822933555
0.0,LP3 ($ 	heta $ Only),38,783,0.0,,0,0,0,0,0.0,0.0,100.0,0.0031501000048592687,0.004836300009628758,0.00014970000484026968,0.15901459997985512,0.12351920001674443,0.057152099994709715,0.009364300000015646,0.010829900013050064,0.010899599990807474,0.010553000000072643,0.00022950000129640102
0.0,LP3 ($ 	heta $ Only),39,822,0.0,,0,0,0,0,0.0,0.0,100.0,0.0038212999934330583,0.007517499994719401,0.00016659998800605536,0.09394679998513311,0.11482340001384728,0.07121389999520034,0.013904499995987862,0.015313200012315065,0.012699400016572326,0.0092644999967888,0.0002395999908912927
0.0,LP3 ($ 	heta $ Only),40,862,0.0,,0,0,0,0,0.0,0.0,100.0,0.0010803999903146178,0.005229900008998811,6.479999865405262e-05,0.07340630001272075,0.12665590000688098,0.04135109999333508,0.01174919999903068,0.01079359999857843,0.011016300006303936,0.013336200005142018,0.00044929998693987727
0.0,LP3 ($ 	heta $ Only),41,903,0.0,,0,0,0,0,0.0,0.0,100.0,0.0011775000020861626,0.003091000020503998,5.930001498199999e-05,0.07794320001266897,0.16068959998665377,0.04431620001560077,0.011511499993503094,0.015023199986899272,0.012091700016753748,0.01142319999053143,0.00023969999165274203
0.0,LP3 ($ 	heta $ Only),42,945,0.0,,0,0,0,0,0.0,0.0,100.0,0.002930899994680658,0.003296000009868294,0.00013650002074427903,0.07200459999148734,0.12364679999882355,0.06124019998242147,0.01290339999832213,0.008497499977238476,0.010184900020249188,0.008416099997702986,0.00041649999911896884
0.0,LP3 ($ 	heta $ Only),43,988,0.0,,0,0,0,0,0.0,0.0,100.0,0.0010557999776210636,0.0032842999789863825,6.290001329034567e-05,0.10743610002100468,0.1316596000106074,0.08450110000558197,0.01114310001139529,0.013931699999375269,0.010318600019672886,0.013091800006804988,0.0004759000148624182
0.0,LP3 ($ 	heta $ Only),44,1032,0.0,,0,0,0,0,0.0,0.0,100.0,0.0011580999998841435,0.0035380999906919897,6.120000034570694e-05,0.07270119999884628,0.13004460002412088,0.06259919999865815,0.010602100024698302,0.010463799990247935,0.014995700010331348,0.012928300013300031,0.0004175000067334622
0.0,LP3 ($ 	heta $ Only),45,1077,0.0,,0,0,0,0,0.0,0.0,100.0,0.0010930999997071922,0.002455599984386936,5.980001878924668e-05,0.06969709999975748,0.12916260000201873,0.22052889998303726,0.011822100001154467,0.009087399987038225,0.010810800013132393,0.009328000014647841,0.0004462999932002276
0.0,LP3 ($ 	heta $ Only),46,1123,0.0,,0,0,0,0,0.0,0.0,100.0,0.0011761999921873212,0.002958500001113862,8.220001473091543e-05,0.07820469999569468,0.13698579999618232,0.07292569999117404,0.013927499996498227,0.013991199986776337,0.013052700000116602,0.009053799993125722,0.00022929999977350235
0.0,LP3 ($ 	heta $ Only),47,1170,0.0,,0,0,0,0,0.0,0.0,100.0,0.0026083999837283045,0.00328770000487566,6.059999577701092e-05,0.08407609999994747,0.14403369999490678,0.08091680001234636,0.015542299981461838,0.013857100013410673,0.012672700016992167,0.010584000003291294,0.0016813999973237514
0.0,LP3 ($ 	heta $ Only),48,1218,0.0,,0,0,0,0,0.0,0.0,100.0,0.0017404000100214034,0.002323299995623529,5.8900011936202645e-05,0.08272449998185039,0.1600480999913998,0.0534990000014659,0.008613399986643344,0.008548299985704944,0.009600099991075695,0.009280099999159575,0.000225800002226606
0.0,LP3 ($ 	heta $ Only),49,1267,0.0,,0,0,0,0,0.0,0.0,100.0,0.004021500004455447,0.0035284000041428953,6.200000643730164e-05,0.06929079999099486,0.13655220001237467,0.1268106000206899,0.019333200005348772,0.012605299998540431,0.013636300020152703,0.010738300014054403,0.0005123000009916723
0.0,Weighted LP3 ($ 	heta $ Only),0,42,0.0,,0,0,0,0,0.0,0.0,100.0,0.001320600014878437,0.005921100004343316,0.0007945999968796968,0.10949849997996353,0.14620129999821074,0.051381400000536814,0.01339969999389723,0.010527499980526045,0.012005099997622892,0.014695100020617247,0.0002474000211805105
0.0,Weighted LP3 ($ 	heta $ Only),1,43,0.0,,0,0,0,0,0.0,0.0,100.0,0.0012180000194348395,0.0029861000075470656,0.00012430001515895128,0.08612590000848286,0.1279457999917213,0.06904030000441708,0.01395229998161085,0.013465500000165775,0.01272860000608489,0.010764699982246384,0.00023689999943599105
0.0,Weighted LP3 ($ 	heta $ Only),2,45,0.0,,0,0,0,0,0.0,0.0,100.0,0.0012515000125858933,0.005199600011110306,7.109998841769993e-05,0.07644820000859909,0.11537570002838038,0.06922689999919385,0.009922600002028048,0.01090609998209402,0.013452499988488853,0.00891479998244904,0.0005144999886397272
0.0,Weighted LP3 ($ 	heta $ Only),3,48,0.0,,0,0,0,0,0.0,0.0,100.0,0.0019985999970231205,0.00315140001475811,9.049999061971903e-05,0.2420124000054784,0.14047240000218153,0.04912290000356734,0.012256399990292266,0.00845709998975508,0.011276699980953708,0.010397500009275973,0.00041779997991397977
0.0,Weighted LP3 ($ 	heta $ Only),4,52,0.0,,0,0,0,0,0.0,0.0,100.0,0.0046033000107854605,0.0023714000126346946,5.85000088904053e-05,0.08537429998978041,0.14858460001414642,0.08479029999580234,0.008579399989685044,0.013004300009924918,0.011723800009349361,0.009175100014545023,0.0009905000042635947
0.0,Weighted LP3 ($ 	heta $ Only),5,57,0.0,,0,0,0,0,0.0,0.0,100.0,0.002286000002641231,0.0025018000160343945,5.949998740106821e-05,0.084101099986583,0.11020260001532733,0.055230300000403076,0.013837799982866272,0.011787199997343123,0.014531199994962662,0.009304799983510748,0.00023210002109408379
0.0,Weighted LP3 ($ 	heta $ Only),6,63,0.0,,0,0,0,0,0.0,0.0,100.0,0.0026036000053863972,0.0035468999994918704,8.9899986051023e-05,0.08811299997614697,0.11559810000471771,0.09453040000516921,0.02139170002192259,0.023628400027519092,0.023370300012174994,0.01922550000017509,0.00046800001291558146
0.0,Weighted LP3 ($ 	heta $ Only),7,70,0.0,,0,0,0,0,0.0,0.0,100.0,0.001062900002580136,0.0036745000106748194,8.239998714998364e-05,0.08498919999692589,0.13315750000765547,0.049806399998487905,0.017536800005473197,0.012319900008151308,0.011731500009773299,0.008815999986836687,0.00023189999046735466
0.0,Weighted LP3 ($ 	heta $ Only),8,78,0.0,,0,0,0,0,0.0,0.0,100.0,0.004281300003640354,0.004425100021762773,8.629998774267733e-05,0.0829383000091184,0.12643410000600852,0.10596009998698719,0.010871900012716651,0.014569799997843802,0.011932599998544902,0.008283500006655231,0.00022819999139755964
0.0,Weighted LP3 ($ 	heta $ Only),9,87,0.0,,0,0,0,0,0.0,0.0,100.0,0.002312500000698492,0.003358499991009012,8.50000069476664e-05,0.0919034999969881,0.1316928000014741,0.054560899996431544,0.011756400024751201,0.01218769999104552,0.014509900007396936,0.010272099985741079,0.00035370001569390297
0.0,Weighted LP3 ($ 	heta $ Only),10,97,0.0,,0,0,0,0,0.0,0.0,100.0,0.0045264000073075294,0.0027818999951705337,6.420002318918705e-05,0.07444949998171069,0.12907939997967333,0.11740399998961948,0.014066900010220706,0.010125700006028637,0.013461099995765835,0.012120799976401031,0.00022899999748915434
0.0,Weighted LP3 ($ 	heta $ Only),11,108,0.0,,0,0,0,0,0.0,0.0,100.0,0.0011267000227235258,0.0023304999922402203,5.859998054802418e-05,0.0825030000123661,0.1256615000020247,0.06840899999951944,0.010214299982180819,0.010947899980237707,0.008857899985741824,0.013772700011031702,0.00022990000434219837
0.0,Weighted LP3 ($ 	heta $ Only),12,120,0.0,,0,0,0,0,0.0,0.0,100.0,0.0038566000002902,0.004764699988299981,9.670000872574747e-05,0.12856330000795424,0.1389195999945514,0.0934263999806717,0.014257000002544373,0.014072599995415658,0.012562000018078834,0.0092956000007689,0.00023659999715164304
0.0,Weighted LP3 ($ 	heta $ Only),13,133,0.0,,0,0,0,0,0.0,0.0,100.0,0.002164800011087209,0.0031553000153508037,7.37000082153827e-05,0.08247220001067035,0.24882740000612102,0.07119590000365861,0.014272500004153699,0.013188599987188354,0.011028399982023984,0.01255959999980405,0.0002306999813299626
0.0,Weighted LP3 ($ 	heta $ Only),14,147,0.0,,0,0,0,0,0.0,0.0,100.0,0.0010424999927636236,0.0024884000013116747,0.00035849999403581023,0.07325239997589961,0.13233240001136437,0.0951333999983035,0.014162300009047613,0.011170599987963215,0.011488899996038526,0.012236400012625381,0.0002311999851372093
0.0,Weighted LP3 ($ 	heta $ Only),15,162,0.0,,0,0,0,0,0.0,0.0,100.0,0.001060199982021004,0.003018899995367974,5.900001269765198e-05,0.0763450000085868,0.13527879997855052,0.09864989999914542,0.01393590000225231,0.009509700001217425,0.015830200019991025,0.0153952999971807,0.00041879998752847314
0.0,Weighted LP3 ($ 	heta $ Only),16,178,0.0,,0,0,0,0,0.0,0.0,100.0,0.0010353999969083816,0.003709500015247613,6.510000093840063e-05,0.06540500000119209,0.1308009000204038,0.10257640000781976,0.014705999987199903,0.013041300000622869,0.0125906000030227,0.009772099991096184,0.00025260000256821513
0.0,Weighted LP3 ($ 	heta $ Only),17,195,0.0,,0,0,0,0,0.0,0.0,100.0,0.0020422999805305153,0.0025402000173926353,5.85000088904053e-05,0.11080110000330023,0.10351060001994483,0.08069940001587383,0.01500270000542514,0.013641600002301857,0.017695799993816763,0.015520399989327416,0.00023040000814944506
0.0,Weighted LP3 ($ 	heta $ Only),18,213,0.0,,0,0,0,0,0.0,0.0,100.0,0.0012147999950684607,0.0033290999999735504,6.570000550709665e-05,0.07924029999412596,0.13203659999999218,0.07014900000649504,0.014569699997082353,0.013181599992094561,0.013334099989151582,0.009570800000801682,0.000228599994443357
0.0,Weighted LP3 ($ 	heta $ Only),19,232,0.0,,0,0,0,0,0.0,0.0,100.0,0.001049699989380315,0.0043667000136338174,8.180001168511808e-05,0.10421119999955408,0.13346819998696446,0.05987940001068637,0.010454699979163706,0.01211219999822788,0.019237699976656586,0.01999400000204332,0.0007112000021152198
0.0,Weighted LP3 ($ 	heta $ Only),20,252,0.0,,0,0,0,0,0.0,0.0,100.0,0.005448200012324378,0.00301799998851493,0.0001370999962091446,0.0803060999896843,0.16493820000323467,0.06391309999162331,0.009419099980732426,0.013822700013406575,0.014220000011846423,0.012936400016769767,0.00022849999368190765
0.0,Weighted LP3 ($ 	heta $ Only),21,273,0.0,,0,0,0,0,0.0,0.0,100.0,0.001070300000719726,0.003544600011082366,5.830000736750662e-05,0.08450589998392388,0.12437199999112636,0.08093220001319423,0.011825299996417016,0.009469600016018376,0.012176999996881932,0.010560599999735132,0.00023079998209141195
0.0,Weighted LP3 ($ 	heta $ Only),22,295,0.0,,0,0,0,0,0.0,0.0,100.0,0.0016023999778553843,0.0024381999974139035,5.740000051446259e-05,0.07240979999187402,0.11612709998735227,0.09466419997625053,0.013011600007303059,0.01453170002787374,0.013342099991859868,0.01291369998943992,0.000611299998126924
0.0,Weighted LP3 ($ 	heta $ Only),23,318,0.0,,0,0,0,0,0.0,0.0,100.0,0.0012134000135120004,0.0023003999958746135,5.7900004321709275e-05,0.08230519999051467,0.18753799999831244,0.07900619998690672,0.023134699993534014,0.0253740000189282,0.01818240000284277,0.018064700008835644,0.000232299993513152
0.0,Weighted LP3 ($ 	heta $ Only),24,342,0.0,,0,0,0,0,0.0,0.0,100.0,0.0011807999981101602,0.0063698999874759465,0.00013280002167448401,0.09010219998890534,0.1394356999953743,0.07473870000103489,0.01023929999792017,0.01192250000895001,0.008703400002559647,0.012525099999038503,0.00023100001271814108
0.0,Weighted LP3 ($ 	heta $ Only),25,367,0.0,,0,0,0,0,0.0,0.0,100.0,0.0012629000120796263,0.0026135999942198396,6.130000110715628e-05,0.06766719999723136,0.13233219998073764,0.06884120000177063,0.009075699985260144,0.013770399993518367,0.013615100004244596,0.012541400006739423,0.00024950000806711614
0.0,Weighted LP3 ($ 	heta $ Only),26,393,0.0,,0,0,0,0,0.0,0.0,100.0,0.0010492999863345176,0.0029596999811474234,6.10999995842576e-05,0.07056220000959001,0.1166656999848783,0.07124819999444298,0.011184100003447384,0.01360860001295805,0.00875619999715127,0.014781500009121373,0.00022799998987466097
0.0,Weighted LP3 ($ 	heta $ Only),27,420,0.0,,0,0,0,0,0.0,0.0,100.0,0.0010489999840501696,0.004400499979965389,0.00010770000517368317,0.07550530001753941,0.3205300999979954,0.048135199991520494,0.008704000007128343,0.010590100020635873,0.013105999998515472,0.008705499989446253,0.00022810001973994076
0.0,Weighted LP3 ($ 	heta $ Only),28,448,0.0,,0,0,0,0,0.0,0.0,100.0,0.001209600013680756,0.005767499998910353,0.00010419997852295637,0.09735039999941364,0.21540980000281706,0.10226250000414439,0.010483199992449954,0.011461199988843873,0.012136599980294704,0.009006200009025633,0.0002269999822601676
0.0,Weighted LP3 ($ 	heta $ Only),29,477,0.0,,0,0,0,0,0.0,0.0,100.0,0.0051503999857231975,0.0024853000068105757,5.629999213851988e-05,0.08017120001022704,0.12705820001428947,0.0869642999896314,0.013911299989558756,0.013387999992119148,0.011340500001097098,0.012858700007200241,0.00022870002430863678
0.0,Weighted LP3 ($ 	heta $ Only),30,507,0.0,,0,0,0,0,0.0,0.0,100.0,0.0010467999964021146,0.005904799996642396,6.279998342506588e-05,0.07322550000390038,0.17993519999436103,0.0899339999887161,0.012168999994173646,0.012828700011596084,0.01055199999245815,0.011044999992009252,0.00022689998149871826
0.0,Weighted LP3 ($ 	heta $ Only),31,538,0.0,,0,0,0,0,0.0,0.0,100.0,0.0010359000007156283,0.002401199977612123,5.7900004321709275e-05,0.09483759998693131,0.13475189998280257,0.07356839999556541,0.011511699995025992,0.01333739998517558,0.008830600010696799,0.017378899996401742,0.0008579999848734587
0.0,Weighted LP3 ($ 	heta $ Only),32,570,0.0,,0,0,0,0,0.0,0.0,100.0,0.0049322999839205295,0.004045900015626103,8.890000754036009e-05,0.08390850000432692,0.1431350999919232,0.0534992000029888,0.011954599991440773,0.010373500001151115,0.013531900011003017,0.014293599990196526,0.0004172999761067331
0.0,Weighted LP3 ($ 	heta $ Only),33,603,0.0,,0,0,0,0,0.0,0.0,100.0,0.001041000010445714,0.0026821000210475177,0.00010050000855699182,0.07357340000453405,0.28659370000241324,0.34445549998781644,0.023205299978144467,0.029025600000750273,0.03893899999093264,0.03674849998787977,0.0012035999970976263
0.0,Weighted LP3 ($ 	heta $ Only),34,637,0.0,,0,0,0,0,0.0,0.0,100.0,0.003983299975516275,0.012029699981212616,0.00027150000096298754,0.1925160999817308,0.12953969999216497,0.15338340000016615,0.012143400002969429,0.008715599979041144,0.012284900003578514,0.011683399992762133,0.00023029997828416526
0.0,Weighted LP3 ($ 	heta $ Only),35,672,0.0,,0,0,0,0,0.0,0.0,100.0,0.0010340999870095402,0.0024357000074815005,5.629999213851988e-05,0.08505910000531003,0.15474369999719784,0.03838110002106987,0.008736400021007285,0.01209579998976551,0.012601599999470636,0.013452399987727404,0.0004180999821983278
0.0,Weighted LP3 ($ 	heta $ Only),36,708,0.0,,0,0,0,0,0.0,0.0,100.0,0.0010624999995343387,0.0024178999883588403,5.6599994422867894e-05,0.06848749998607673,0.19984860002296045,0.08275799997500144,0.01506209999206476,0.01629490000777878,0.013151899998774752,0.009085700003197417,0.0010867000091820955
0.0,Weighted LP3 ($ 	heta $ Only),37,745,0.0,,0,0,0,0,0.0,0.0,100.0,0.0017709000094328076,0.0024910999927669764,5.810000584460795e-05,0.08527110001887195,0.29210999998031184,0.22003990001394413,0.01677180000115186,0.015102999983355403,0.013837499980581924,0.010386500012828037,0.00033110001822933555
0.0,Weighted LP3 ($ 	heta $ Only),38,783,0.0,,0,0,0,0,0.0,0.0,100.0,0.0031501000048592687,0.004836300009628758,0.00014970000484026968,0.15901459997985512,0.12351920001674443,0.057152099994709715,0.009364300000015646,0.010829900013050064,0.010899599990807474,0.010553000000072643,0.00022950000129640102
0.0,Weighted LP3 ($ 	heta $ Only),39,822,0.0,,0,0,0,0,0.0,0.0,100.0,0.0038212999934330583,0.007517499994719401,0.00016659998800605536,0.09394679998513311,0.11482340001384728,0.07121389999520034,0.013904499995987862,0.015313200012315065,0.012699400016572326,0.0092644999967888,0.0002395999908912927
0.0,Weighted LP3 ($ 	heta $ Only),40,862,0.0,,0,0,0,0,0.0,0.0,100.0,0.0010803999903146178,0.005229900008998811,6.479999865405262e-05,0.07340630001272075,0.12665590000688098,0.04135109999333508,0.01174919999903068,0.01079359999857843,0.011016300006303936,0.013336200005142018,0.00044929998693987727
0.0,Weighted LP3 ($ 	heta $ Only),41,903,0.0,,0,0,0,0,0.0,0.0,100.0,0.0011775000020861626,0.003091000020503998,5.930001498199999e-05,0.07794320001266897,0.16068959998665377,0.04431620001560077,0.011511499993503094,0.015023199986899272,0.012091700016753748,0.01142319999053143,0.00023969999165274203
0.0,Weighted LP3 ($ 	heta $ Only),42,945,0.0,,0,0,0,0,0.0,0.0,100.0,0.002930899994680658,0.003296000009868294,0.00013650002074427903,0.07200459999148734,0.12364679999882355,0.06124019998242147,0.01290339999832213,0.008497499977238476,0.010184900020249188,0.008416099997702986,0.00041649999911896884
0.0,Weighted LP3 ($ 	heta $ Only),43,988,0.0,,0,0,0,0,0.0,0.0,100.0,0.0010557999776210636,0.0032842999789863825,6.290001329034567e-05,0.10743610002100468,0.1316596000106074,0.08450110000558197,0.01114310001139529,0.013931699999375269,0.010318600019672886,0.013091800006804988,0.0004759000148624182
0.0,Weighted LP3 ($ 	heta $ Only),44,1032,0.0,,0,0,0,0,0.0,0.0,100.0,0.0011580999998841435,0.0035380999906919897,6.120000034570694e-05,0.07270119999884628,0.13004460002412088,0.06259919999865815,0.010602100024698302,0.010463799990247935,0.014995700010331348,0.012928300013300031,0.0004175000067334622
0.0,Weighted LP3 ($ 	heta $ Only),45,1077,0.0,,0,0,0,0,0.0,0.0,100.0,0.0010930999997071922,0.002455599984386936,5.980001878924668e-05,0.06969709999975748,0.12916260000201873,0.22052889998303726,0.011822100001154467,0.009087399987038225,0.010810800013132393,0.009328000014647841,0.0004462999932002276
0.0,Weighted LP3 ($ 	heta $ Only),46,1123,0.0,,0,0,0,0,0.0,0.0,100.0,0.0011761999921873212,0.002958500001113862,8.220001473091543e-05,0.07820469999569468,0.13698579999618232,0.07292569999117404,0.013927499996498227,0.013991199986776337,0.013052700000116602,0.009053799993125722,0.00022929999977350235
0.0,Weighted LP3 ($ 	heta $ Only),47,1170,0.0,,0,0,0,0,0.0,0.0,100.0,0.0026083999837283045,0.00328770000487566,6.059999577701092e-05,0.08407609999994747,0.14403369999490678,0.08091680001234636,0.015542299981461838,0.013857100013410673,0.012672700016992167,0.010584000003291294,0.0016813999973237514
0.0,Weighted LP3 ($ 	heta $ Only),48,1218,0.0,,0,0,0,0,0.0,0.0,100.0,0.0017404000100214034,0.002323299995623529,5.8900011936202645e-05,0.08272449998185039,0.1600480999913998,0.0534990000014659,0.008613399986643344,0.008548299985704944,0.009600099991075695,0.009280099999159575,0.000225800002226606
0.0,Weighted LP3 ($ 	heta $ Only),49,1267,0.0,,0,0,0,0,0.0,0.0,100.0,0.004021500004455447,0.0035284000041428953,6.200000643730164e-05,0.06929079999099486,0.13655220001237467,0.1268106000206899,0.019333200005348772,0.012605299998540431,0.013636300020152703,0.010738300014054403,0.0005123000009916723
0.0,Borda LP3 ($ 	heta $ Only),0,42,0.0,,0,0,0,0,0.0,0.0,100.0,0.001320600014878437,0.005921100004343316,0.0007945999968796968,0.10949849997996353,0.14620129999821074,0.051381400000536814,0.01339969999389723,0.010527499980526045,0.012005099997622892,0.014695100020617247,0.0002474000211805105
0.0,Borda LP3 ($ 	heta $ Only),1,43,0.0,,0,0,0,0,0.0,0.0,100.0,0.0012180000194348395,0.0029861000075470656,0.00012430001515895128,0.08612590000848286,0.1279457999917213,0.06904030000441708,0.01395229998161085,0.013465500000165775,0.01272860000608489,0.010764699982246384,0.00023689999943599105
0.0,Borda LP3 ($ 	heta $ Only),2,45,0.0,,0,0,0,0,0.0,0.0,100.0,0.0012515000125858933,0.005199600011110306,7.109998841769993e-05,0.07644820000859909,0.11537570002838038,0.06922689999919385,0.009922600002028048,0.01090609998209402,0.013452499988488853,0.00891479998244904,0.0005144999886397272
0.0,Borda LP3 ($ 	heta $ Only),3,48,0.0,,0,0,0,0,0.0,0.0,100.0,0.0019985999970231205,0.00315140001475811,9.049999061971903e-05,0.2420124000054784,0.14047240000218153,0.04912290000356734,0.012256399990292266,0.00845709998975508,0.011276699980953708,0.010397500009275973,0.00041779997991397977
0.0,Borda LP3 ($ 	heta $ Only),4,52,0.0,,0,0,0,0,0.0,0.0,100.0,0.0046033000107854605,0.0023714000126346946,5.85000088904053e-05,0.08537429998978041,0.14858460001414642,0.08479029999580234,0.008579399989685044,0.013004300009924918,0.011723800009349361,0.009175100014545023,0.0009905000042635947
0.0,Borda LP3 ($ 	heta $ Only),5,57,0.0,,0,0,0,0,0.0,0.0,100.0,0.002286000002641231,0.0025018000160343945,5.949998740106821e-05,0.084101099986583,0.11020260001532733,0.055230300000403076,0.013837799982866272,0.011787199997343123,0.014531199994962662,0.009304799983510748,0.00023210002109408379
0.0,Borda LP3 ($ 	heta $ Only),6,63,0.0,,0,0,0,0,0.0,0.0,100.0,0.0026036000053863972,0.0035468999994918704,8.9899986051023e-05,0.08811299997614697,0.11559810000471771,0.09453040000516921,0.02139170002192259,0.023628400027519092,0.023370300012174994,0.01922550000017509,0.00046800001291558146
0.0,Borda LP3 ($ 	heta $ Only),7,70,0.0,,0,0,0,0,0.0,0.0,100.0,0.001062900002580136,0.0036745000106748194,8.239998714998364e-05,0.08498919999692589,0.13315750000765547,0.049806399998487905,0.017536800005473197,0.012319900008151308,0.011731500009773299,0.008815999986836687,0.00023189999046735466
0.0,Borda LP3 ($ 	heta $ Only),8,78,0.0,,0,0,0,0,0.0,0.0,100.0,0.004281300003640354,0.004425100021762773,8.629998774267733e-05,0.0829383000091184,0.12643410000600852,0.10596009998698719,0.010871900012716651,0.014569799997843802,0.011932599998544902,0.008283500006655231,0.00022819999139755964
0.0,Borda LP3 ($ 	heta $ Only),9,87,0.0,,0,0,0,0,0.0,0.0,100.0,0.002312500000698492,0.003358499991009012,8.50000069476664e-05,0.0919034999969881,0.1316928000014741,0.054560899996431544,0.011756400024751201,0.01218769999104552,0.014509900007396936,0.010272099985741079,0.00035370001569390297
0.0,Borda LP3 ($ 	heta $ Only),10,97,0.0,,0,0,0,0,0.0,0.0,100.0,0.0045264000073075294,0.0027818999951705337,6.420002318918705e-05,0.07444949998171069,0.12907939997967333,0.11740399998961948,0.014066900010220706,0.010125700006028637,0.013461099995765835,0.012120799976401031,0.00022899999748915434
0.0,Borda LP3 ($ 	heta $ Only),11,108,0.0,,0,0,0,0,0.0,0.0,100.0,0.0011267000227235258,0.0023304999922402203,5.859998054802418e-05,0.0825030000123661,0.1256615000020247,0.06840899999951944,0.010214299982180819,0.010947899980237707,0.008857899985741824,0.013772700011031702,0.00022990000434219837
0.0,Borda LP3 ($ 	heta $ Only),12,120,0.0,,0,0,0,0,0.0,0.0,100.0,0.0038566000002902,0.004764699988299981,9.670000872574747e-05,0.12856330000795424,0.1389195999945514,0.0934263999806717,0.014257000002544373,0.014072599995415658,0.012562000018078834,0.0092956000007689,0.00023659999715164304
0.0,Borda LP3 ($ 	heta $ Only),13,133,0.0,,0,0,0,0,0.0,0.0,100.0,0.002164800011087209,0.0031553000153508037,7.37000082153827e-05,0.08247220001067035,0.24882740000612102,0.07119590000365861,0.014272500004153699,0.013188599987188354,0.011028399982023984,0.01255959999980405,0.0002306999813299626
0.0,Borda LP3 ($ 	heta $ Only),14,147,0.0,,0,0,0,0,0.0,0.0,100.0,0.0010424999927636236,0.0024884000013116747,0.00035849999403581023,0.07325239997589961,0.13233240001136437,0.0951333999983035,0.014162300009047613,0.011170599987963215,0.011488899996038526,0.012236400012625381,0.0002311999851372093
0.0,Borda LP3 ($ 	heta $ Only),15,162,0.0,,0,0,0,0,0.0,0.0,100.0,0.001060199982021004,0.003018899995367974,5.900001269765198e-05,0.0763450000085868,0.13527879997855052,0.09864989999914542,0.01393590000225231,0.009509700001217425,0.015830200019991025,0.0153952999971807,0.00041879998752847314
0.0,Borda LP3 ($ 	heta $ Only),16,178,0.0,,0,0,0,0,0.0,0.0,100.0,0.0010353999969083816,0.003709500015247613,6.510000093840063e-05,0.06540500000119209,0.1308009000204038,0.10257640000781976,0.014705999987199903,0.013041300000622869,0.0125906000030227,0.009772099991096184,0.00025260000256821513
0.0,Borda LP3 ($ 	heta $ Only),17,195,0.0,,0,0,0,0,0.0,0.0,100.0,0.0020422999805305153,0.0025402000173926353,5.85000088904053e-05,0.11080110000330023,0.10351060001994483,0.08069940001587383,0.01500270000542514,0.013641600002301857,0.017695799993816763,0.015520399989327416,0.00023040000814944506
0.0,Borda LP3 ($ 	heta $ Only),18,213,0.0,,0,0,0,0,0.0,0.0,100.0,0.0012147999950684607,0.0033290999999735504,6.570000550709665e-05,0.07924029999412596,0.13203659999999218,0.07014900000649504,0.014569699997082353,0.013181599992094561,0.013334099989151582,0.009570800000801682,0.000228599994443357
0.0,Borda LP3 ($ 	heta $ Only),19,232,0.0,,0,0,0,0,0.0,0.0,100.0,0.001049699989380315,0.0043667000136338174,8.180001168511808e-05,0.10421119999955408,0.13346819998696446,0.05987940001068637,0.010454699979163706,0.01211219999822788,0.019237699976656586,0.01999400000204332,0.0007112000021152198
0.0,Borda LP3 ($ 	heta $ Only),20,252,0.0,,0,0,0,0,0.0,0.0,100.0,0.005448200012324378,0.00301799998851493,0.0001370999962091446,0.0803060999896843,0.16493820000323467,0.06391309999162331,0.009419099980732426,0.013822700013406575,0.014220000011846423,0.012936400016769767,0.00022849999368190765
0.0,Borda LP3 ($ 	heta $ Only),21,273,0.0,,0,0,0,0,0.0,0.0,100.0,0.001070300000719726,0.003544600011082366,5.830000736750662e-05,0.08450589998392388,0.12437199999112636,0.08093220001319423,0.011825299996417016,0.009469600016018376,0.012176999996881932,0.010560599999735132,0.00023079998209141195
0.0,Borda LP3 ($ 	heta $ Only),22,295,0.0,,0,0,0,0,0.0,0.0,100.0,0.0016023999778553843,0.0024381999974139035,5.740000051446259e-05,0.07240979999187402,0.11612709998735227,0.09466419997625053,0.013011600007303059,0.01453170002787374,0.013342099991859868,0.01291369998943992,0.000611299998126924
0.0,Borda LP3 ($ 	heta $ Only),23,318,0.0,,0,0,0,0,0.0,0.0,100.0,0.0012134000135120004,0.0023003999958746135,5.7900004321709275e-05,0.08230519999051467,0.18753799999831244,0.07900619998690672,0.023134699993534014,0.0253740000189282,0.01818240000284277,0.018064700008835644,0.000232299993513152
0.0,Borda LP3 ($ 	heta $ Only),24,342,0.0,,0,0,0,0,0.0,0.0,100.0,0.0011807999981101602,0.0063698999874759465,0.00013280002167448401,0.09010219998890534,0.1394356999953743,0.07473870000103489,0.01023929999792017,0.01192250000895001,0.008703400002559647,0.012525099999038503,0.00023100001271814108
0.0,Borda LP3 ($ 	heta $ Only),25,367,0.0,,0,0,0,0,0.0,0.0,100.0,0.0012629000120796263,0.0026135999942198396,6.130000110715628e-05,0.06766719999723136,0.13233219998073764,0.06884120000177063,0.009075699985260144,0.013770399993518367,0.013615100004244596,0.012541400006739423,0.00024950000806711614
0.0,Borda LP3 ($ 	heta $ Only),26,393,0.0,,0,0,0,0,0.0,0.0,100.0,0.0010492999863345176,0.0029596999811474234,6.10999995842576e-05,0.07056220000959001,0.1166656999848783,0.07124819999444298,0.011184100003447384,0.01360860001295805,0.00875619999715127,0.014781500009121373,0.00022799998987466097
0.0,Borda LP3 ($ 	heta $ Only),27,420,0.0,,0,0,0,0,0.0,0.0,100.0,0.0010489999840501696,0.004400499979965389,0.00010770000517368317,0.07550530001753941,0.3205300999979954,0.048135199991520494,0.008704000007128343,0.010590100020635873,0.013105999998515472,0.008705499989446253,0.00022810001973994076
0.0,Borda LP3 ($ 	heta $ Only),28,448,0.0,,0,0,0,0,0.0,0.0,100.0,0.001209600013680756,0.005767499998910353,0.00010419997852295637,0.09735039999941364,0.21540980000281706,0.10226250000414439,0.010483199992449954,0.011461199988843873,0.012136599980294704,0.009006200009025633,0.0002269999822601676
0.0,Borda LP3 ($ 	heta $ Only),29,477,0.0,,0,0,0,0,0.0,0.0,100.0,0.0051503999857231975,0.0024853000068105757,5.629999213851988e-05,0.08017120001022704,0.12705820001428947,0.0869642999896314,0.013911299989558756,0.013387999992119148,0.011340500001097098,0.012858700007200241,0.00022870002430863678
0.0,Borda LP3 ($ 	heta $ Only),30,507,0.0,,0,0,0,0,0.0,0.0,100.0,0.0010467999964021146,0.005904799996642396,6.279998342506588e-05,0.07322550000390038,0.17993519999436103,0.0899339999887161,0.012168999994173646,0.012828700011596084,0.01055199999245815,0.011044999992009252,0.00022689998149871826
0.0,Borda LP3 ($ 	heta $ Only),31,538,0.0,,0,0,0,0,0.0,0.0,100.0,0.0010359000007156283,0.002401199977612123,5.7900004321709275e-05,0.09483759998693131,0.13475189998280257,0.07356839999556541,0.011511699995025992,0.01333739998517558,0.008830600010696799,0.017378899996401742,0.0008579999848734587
0.0,Borda LP3 ($ 	heta $ Only),32,570,0.0,,0,0,0,0,0.0,0.0,100.0,0.0049322999839205295,0.004045900015626103,8.890000754036009e-05,0.08390850000432692,0.1431350999919232,0.0534992000029888,0.011954599991440773,0.010373500001151115,0.013531900011003017,0.014293599990196526,0.0004172999761067331
0.0,Borda LP3 ($ 	heta $ Only),33,603,0.0,,0,0,0,0,0.0,0.0,100.0,0.001041000010445714,0.0026821000210475177,0.00010050000855699182,0.07357340000453405,0.28659370000241324,0.34445549998781644,0.023205299978144467,0.029025600000750273,0.03893899999093264,0.03674849998787977,0.0012035999970976263
0.0,Borda LP3 ($ 	heta $ Only),34,637,0.0,,0,0,0,0,0.0,0.0,100.0,0.003983299975516275,0.012029699981212616,0.00027150000096298754,0.1925160999817308,0.12953969999216497,0.15338340000016615,0.012143400002969429,0.008715599979041144,0.012284900003578514,0.011683399992762133,0.00023029997828416526
0.0,Borda LP3 ($ 	heta $ Only),35,672,0.0,,0,0,0,0,0.0,0.0,100.0,0.0010340999870095402,0.0024357000074815005,5.629999213851988e-05,0.08505910000531003,0.15474369999719784,0.03838110002106987,0.008736400021007285,0.01209579998976551,0.012601599999470636,0.013452399987727404,0.0004180999821983278
0.0,Borda LP3 ($ 	heta $ Only),36,708,0.0,,0,0,0,0,0.0,0.0,100.0,0.0010624999995343387,0.0024178999883588403,5.6599994422867894e-05,0.06848749998607673,0.19984860002296045,0.08275799997500144,0.01506209999206476,0.01629490000777878,0.013151899998774752,0.009085700003197417,0.0010867000091820955
0.0,Borda LP3 ($ 	heta $ Only),37,745,0.0,,0,0,0,0,0.0,0.0,100.0,0.0017709000094328076,0.0024910999927669764,5.810000584460795e-05,0.08527110001887195,0.29210999998031184,0.22003990001394413,0.01677180000115186,0.015102999983355403,0.013837499980581924,0.010386500012828037,0.00033110001822933555
0.0,Borda LP3 ($ 	heta $ Only),38,783,0.0,,0,0,0,0,0.0,0.0,100.0,0.0031501000048592687,0.004836300009628758,0.00014970000484026968,0.15901459997985512,0.12351920001674443,0.057152099994709715,0.009364300000015646,0.010829900013050064,0.010899599990807474,0.010553000000072643,0.00022950000129640102
0.0,Borda LP3 ($ 	heta $ Only),39,822,0.0,,0,0,0,0,0.0,0.0,100.0,0.0038212999934330583,0.007517499994719401,0.00016659998800605536,0.09394679998513311,0.11482340001384728,0.07121389999520034,0.013904499995987862,0.015313200012315065,0.012699400016572326,0.0092644999967888,0.0002395999908912927
0.0,Borda LP3 ($ 	heta $ Only),40,862,0.0,,0,0,0,0,0.0,0.0,100.0,0.0010803999903146178,0.005229900008998811,6.479999865405262e-05,0.07340630001272075,0.12665590000688098,0.04135109999333508,0.01174919999903068,0.01079359999857843,0.011016300006303936,0.013336200005142018,0.00044929998693987727
0.0,Borda LP3 ($ 	heta $ Only),41,903,0.0,,0,0,0,0,0.0,0.0,100.0,0.0011775000020861626,0.003091000020503998,5.930001498199999e-05,0.07794320001266897,0.16068959998665377,0.04431620001560077,0.011511499993503094,0.015023199986899272,0.012091700016753748,0.01142319999053143,0.00023969999165274203
0.0,Borda LP3 ($ 	heta $ Only),42,945,0.0,,0,0,0,0,0.0,0.0,100.0,0.002930899994680658,0.003296000009868294,0.00013650002074427903,0.07200459999148734,0.12364679999882355,0.06124019998242147,0.01290339999832213,0.008497499977238476,0.010184900020249188,0.008416099997702986,0.00041649999911896884
0.0,Borda LP3 ($ 	heta $ Only),43,988,0.0,,0,0,0,0,0.0,0.0,100.0,0.0010557999776210636,0.0032842999789863825,6.290001329034567e-05,0.10743610002100468,0.1316596000106074,0.08450110000558197,0.01114310001139529,0.013931699999375269,0.010318600019672886,0.013091800006804988,0.0004759000148624182
0.0,Borda LP3 ($ 	heta $ Only),44,1032,0.0,,0,0,0,0,0.0,0.0,100.0,0.0011580999998841435,0.0035380999906919897,6.120000034570694e-05,0.07270119999884628,0.13004460002412088,0.06259919999865815,0.010602100024698302,0.010463799990247935,0.014995700010331348,0.012928300013300031,0.0004175000067334622
0.0,Borda LP3 ($ 	heta $ Only),45,1077,0.0,,0,0,0,0,0.0,0.0,100.0,0.0010930999997071922,0.002455599984386936,5.980001878924668e-05,0.06969709999975748,0.12916260000201873,0.22052889998303726,0.011822100001154467,0.009087399987038225,0.010810800013132393,0.009328000014647841,0.0004462999932002276
0.0,Borda LP3 ($ 	heta $ Only),46,1123,0.0,,0,0,0,0,0.0,0.0,100.0,0.0011761999921873212,0.002958500001113862,8.220001473091543e-05,0.07820469999569468,0.13698579999618232,0.07292569999117404,0.013927499996498227,0.013991199986776337,0.013052700000116602,0.009053799993125722,0.00022929999977350235
0.0,Borda LP3 ($ 	heta $ Only),47,1170,0.0,,0,0,0,0,0.0,0.0,100.0,0.0026083999837283045,0.00328770000487566,6.059999577701092e-05,0.08407609999994747,0.14403369999490678,0.08091680001234636,0.015542299981461838,0.013857100013410673,0.012672700016992167,0.010584000003291294,0.0016813999973237514
0.0,Borda LP3 ($ 	heta $ Only),48,1218,0.0,,0,0,0,0,0.0,0.0,100.0,0.0017404000100214034,0.002323299995623529,5.8900011936202645e-05,0.08272449998185039,0.1600480999913998,0.0534990000014659,0.008613399986643344,0.008548299985704944,0.009600099991075695,0.009280099999159575,0.000225800002226606
0.0,Borda LP3 ($ 	heta $ Only),49,1267,0.0,,0,0,0,0,0.0,0.0,100.0,0.004021500004455447,0.0035284000041428953,6.200000643730164e-05,0.06929079999099486,0.13655220001237467,0.1268106000206899,0.019333200005348772,0.012605299998540431,0.013636300020152703,0.010738300014054403,0.0005123000009916723
0.0,Linear BTL,0,42,,-2.1028836199545538,0,0,0,0,,,,0.001320600014878437,0.005921100004343316,0.0007945999968796968,0.10949849997996353,0.14620129999821074,0.051381400000536814,0.01339969999389723,0.010527499980526045,0.012005099997622892,0.014695100020617247,0.0002474000211805105
0.0,Linear BTL,1,43,,-4.174037932510471,0,0,0,0,,,,0.0012180000194348395,0.0029861000075470656,0.00012430001515895128,0.08612590000848286,0.1279457999917213,0.06904030000441708,0.01395229998161085,0.013465500000165775,0.01272860000608489,0.010764699982246384,0.00023689999943599105
0.0,Linear BTL,2,45,,-3.0958438366679193,0,0,0,0,,,,0.0012515000125858933,0.005199600011110306,7.109998841769993e-05,0.07644820000859909,0.11537570002838038,0.06922689999919385,0.009922600002028048,0.01090609998209402,0.013452499988488853,0.00891479998244904,0.0005144999886397272
0.0,Linear BTL,3,48,,-2.134291490955609,0,0,0,0,,,,0.0019985999970231205,0.00315140001475811,9.049999061971903e-05,0.2420124000054784,0.14047240000218153,0.04912290000356734,0.012256399990292266,0.00845709998975508,0.011276699980953708,0.010397500009275973,0.00041779997991397977
0.0,Linear BTL,4,52,,-0.6481615786600105,0,0,0,0,,,,0.0046033000107854605,0.0023714000126346946,5.85000088904053e-05,0.08537429998978041,0.14858460001414642,0.08479029999580234,0.008579399989685044,0.013004300009924918,0.011723800009349361,0.009175100014545023,0.0009905000042635947
0.0,Linear BTL,5,57,,-5.843842434221958,0,0,0,0,,,,0.002286000002641231,0.0025018000160343945,5.949998740106821e-05,0.084101099986583,0.11020260001532733,0.055230300000403076,0.013837799982866272,0.011787199997343123,0.014531199994962662,0.009304799983510748,0.00023210002109408379
0.0,Linear BTL,6,63,,-4.2305085500640445,0,0,0,0,,,,0.0026036000053863972,0.0035468999994918704,8.9899986051023e-05,0.08811299997614697,0.11559810000471771,0.09453040000516921,0.02139170002192259,0.023628400027519092,0.023370300012174994,0.01922550000017509,0.00046800001291558146
0.0,Linear BTL,7,70,,-9.49401667468166,0,1,1,0,,,,0.001062900002580136,0.0036745000106748194,8.239998714998364e-05,0.08498919999692589,0.13315750000765547,0.049806399998487905,0.017536800005473197,0.012319900008151308,0.011731500009773299,0.008815999986836687,0.00023189999046735466
0.0,Linear BTL,8,78,,-0.9023837412245257,0,0,0,0,,,,0.004281300003640354,0.004425100021762773,8.629998774267733e-05,0.0829383000091184,0.12643410000600852,0.10596009998698719,0.010871900012716651,0.014569799997843802,0.011932599998544902,0.008283500006655231,0.00022819999139755964
0.0,Linear BTL,9,87,,-2.4143816075678144,0,0,0,0,,,,0.002312500000698492,0.003358499991009012,8.50000069476664e-05,0.0919034999969881,0.1316928000014741,0.054560899996431544,0.011756400024751201,0.01218769999104552,0.014509900007396936,0.010272099985741079,0.00035370001569390297
0.0,Linear BTL,10,97,,-0.6926817906342055,0,0,0,0,,,,0.0045264000073075294,0.0027818999951705337,6.420002318918705e-05,0.07444949998171069,0.12907939997967333,0.11740399998961948,0.014066900010220706,0.010125700006028637,0.013461099995765835,0.012120799976401031,0.00022899999748915434
0.0,Linear BTL,11,108,,-3.0737771208097002,0,0,0,0,,,,0.0011267000227235258,0.0023304999922402203,5.859998054802418e-05,0.0825030000123661,0.1256615000020247,0.06840899999951944,0.010214299982180819,0.010947899980237707,0.008857899985741824,0.013772700011031702,0.00022990000434219837
0.0,Linear BTL,12,120,,-0.31985340756750164,0,0,0,0,,,,0.0038566000002902,0.004764699988299981,9.670000872574747e-05,0.12856330000795424,0.1389195999945514,0.0934263999806717,0.014257000002544373,0.014072599995415658,0.012562000018078834,0.0092956000007689,0.00023659999715164304
0.0,Linear BTL,13,133,,-0.48478284586195725,0,0,0,0,,,,0.002164800011087209,0.0031553000153508037,7.37000082153827e-05,0.08247220001067035,0.24882740000612102,0.07119590000365861,0.014272500004153699,0.013188599987188354,0.011028399982023984,0.01255959999980405,0.0002306999813299626
0.0,Linear BTL,14,147,,-0.6729156794656732,0,0,0,0,,,,0.0010424999927636236,0.0024884000013116747,0.00035849999403581023,0.07325239997589961,0.13233240001136437,0.0951333999983035,0.014162300009047613,0.011170599987963215,0.011488899996038526,0.012236400012625381,0.0002311999851372093
0.0,Linear BTL,15,162,,-1.9713945869534857,0,0,0,0,,,,0.001060199982021004,0.003018899995367974,5.900001269765198e-05,0.0763450000085868,0.13527879997855052,0.09864989999914542,0.01393590000225231,0.009509700001217425,0.015830200019991025,0.0153952999971807,0.00041879998752847314
0.0,Linear BTL,16,178,,-0.5051939158304978,0,0,0,0,,,,0.0010353999969083816,0.003709500015247613,6.510000093840063e-05,0.06540500000119209,0.1308009000204038,0.10257640000781976,0.014705999987199903,0.013041300000622869,0.0125906000030227,0.009772099991096184,0.00025260000256821513
0.0,Linear BTL,17,195,,-1.8799060604503646,0,0,0,0,,,,0.0020422999805305153,0.0025402000173926353,5.85000088904053e-05,0.11080110000330023,0.10351060001994483,0.08069940001587383,0.01500270000542514,0.013641600002301857,0.017695799993816763,0.015520399989327416,0.00023040000814944506
0.0,Linear BTL,18,213,,-2.4818380571925767,0,0,0,0,,,,0.0012147999950684607,0.0033290999999735504,6.570000550709665e-05,0.07924029999412596,0.13203659999999218,0.07014900000649504,0.014569699997082353,0.013181599992094561,0.013334099989151582,0.009570800000801682,0.000228599994443357
0.0,Linear BTL,19,232,,-0.18322628137594213,0,0,0,0,,,,0.001049699989380315,0.0043667000136338174,8.180001168511808e-05,0.10421119999955408,0.13346819998696446,0.05987940001068637,0.010454699979163706,0.01211219999822788,0.019237699976656586,0.01999400000204332,0.0007112000021152198
0.0,Linear BTL,20,252,,-2.8105963169460693,0,0,0,0,,,,0.005448200012324378,0.00301799998851493,0.0001370999962091446,0.0803060999896843,0.16493820000323467,0.06391309999162331,0.009419099980732426,0.013822700013406575,0.014220000011846423,0.012936400016769767,0.00022849999368190765
0.0,Linear BTL,21,273,,-2.4808230728336893,0,0,0,0,,,,0.001070300000719726,0.003544600011082366,5.830000736750662e-05,0.08450589998392388,0.12437199999112636,0.08093220001319423,0.011825299996417016,0.009469600016018376,0.012176999996881932,0.010560599999735132,0.00023079998209141195
0.0,Linear BTL,22,295,,-3.6359273851181015,0,0,0,0,,,,0.0016023999778553843,0.0024381999974139035,5.740000051446259e-05,0.07240979999187402,0.11612709998735227,0.09466419997625053,0.013011600007303059,0.01453170002787374,0.013342099991859868,0.01291369998943992,0.000611299998126924
0.0,Linear BTL,23,318,,-1.703007514809933,0,0,0,0,,,,0.0012134000135120004,0.0023003999958746135,5.7900004321709275e-05,0.08230519999051467,0.18753799999831244,0.07900619998690672,0.023134699993534014,0.0253740000189282,0.01818240000284277,0.018064700008835644,0.000232299993513152
0.0,Linear BTL,24,342,,-3.1931882204727895,0,0,0,0,,,,0.0011807999981101602,0.0063698999874759465,0.00013280002167448401,0.09010219998890534,0.1394356999953743,0.07473870000103489,0.01023929999792017,0.01192250000895001,0.008703400002559647,0.012525099999038503,0.00023100001271814108
0.0,Linear BTL,25,367,,-1.1824497385372372,0,0,0,0,,,,0.0012629000120796263,0.0026135999942198396,6.130000110715628e-05,0.06766719999723136,0.13233219998073764,0.06884120000177063,0.009075699985260144,0.013770399993518367,0.013615100004244596,0.012541400006739423,0.00024950000806711614
0.0,Linear BTL,26,393,,-0.7861782026892863,0,0,0,0,,,,0.0010492999863345176,0.0029596999811474234,6.10999995842576e-05,0.07056220000959001,0.1166656999848783,0.07124819999444298,0.011184100003447384,0.01360860001295805,0.00875619999715127,0.014781500009121373,0.00022799998987466097
0.0,Linear BTL,27,420,,-1.6899730678186635,0,0,0,0,,,,0.0010489999840501696,0.004400499979965389,0.00010770000517368317,0.07550530001753941,0.3205300999979954,0.048135199991520494,0.008704000007128343,0.010590100020635873,0.013105999998515472,0.008705499989446253,0.00022810001973994076
0.0,Linear BTL,28,448,,-0.27871396917627334,0,0,0,0,,,,0.001209600013680756,0.005767499998910353,0.00010419997852295637,0.09735039999941364,0.21540980000281706,0.10226250000414439,0.010483199992449954,0.011461199988843873,0.012136599980294704,0.009006200009025633,0.0002269999822601676
0.0,Linear BTL,29,477,,-1.373729635779901,0,0,0,0,,,,0.0051503999857231975,0.0024853000068105757,5.629999213851988e-05,0.08017120001022704,0.12705820001428947,0.0869642999896314,0.013911299989558756,0.013387999992119148,0.011340500001097098,0.012858700007200241,0.00022870002430863678
0.0,Linear BTL,30,507,,-0.12395204715417196,0,0,0,0,,,,0.0010467999964021146,0.005904799996642396,6.279998342506588e-05,0.07322550000390038,0.17993519999436103,0.0899339999887161,0.012168999994173646,0.012828700011596084,0.01055199999245815,0.011044999992009252,0.00022689998149871826
0.0,Linear BTL,31,538,,-2.8230415173115073,0,0,0,0,,,,0.0010359000007156283,0.002401199977612123,5.7900004321709275e-05,0.09483759998693131,0.13475189998280257,0.07356839999556541,0.011511699995025992,0.01333739998517558,0.008830600010696799,0.017378899996401742,0.0008579999848734587
0.0,Linear BTL,32,570,,-0.5364721696008616,0,0,0,0,,,,0.0049322999839205295,0.004045900015626103,8.890000754036009e-05,0.08390850000432692,0.1431350999919232,0.0534992000029888,0.011954599991440773,0.010373500001151115,0.013531900011003017,0.014293599990196526,0.0004172999761067331
0.0,Linear BTL,33,603,,-0.2894038480037997,0,0,0,0,,,,0.001041000010445714,0.0026821000210475177,0.00010050000855699182,0.07357340000453405,0.28659370000241324,0.34445549998781644,0.023205299978144467,0.029025600000750273,0.03893899999093264,0.03674849998787977,0.0012035999970976263
0.0,Linear BTL,34,637,,-0.18255286068121157,0,0,0,0,,,,0.003983299975516275,0.012029699981212616,0.00027150000096298754,0.1925160999817308,0.12953969999216497,0.15338340000016615,0.012143400002969429,0.008715599979041144,0.012284900003578514,0.011683399992762133,0.00023029997828416526
0.0,Linear BTL,35,672,,-1.8860658447810612,0,0,0,0,,,,0.0010340999870095402,0.0024357000074815005,5.629999213851988e-05,0.08505910000531003,0.15474369999719784,0.03838110002106987,0.008736400021007285,0.01209579998976551,0.012601599999470636,0.013452399987727404,0.0004180999821983278
0.0,Linear BTL,36,708,,-2.3482196408601492,0,0,0,0,,,,0.0010624999995343387,0.0024178999883588403,5.6599994422867894e-05,0.06848749998607673,0.19984860002296045,0.08275799997500144,0.01506209999206476,0.01629490000777878,0.013151899998774752,0.009085700003197417,0.0010867000091820955
0.0,Linear BTL,37,745,,-1.8222869464184916,0,0,0,0,,,,0.0017709000094328076,0.0024910999927669764,5.810000584460795e-05,0.08527110001887195,0.29210999998031184,0.22003990001394413,0.01677180000115186,0.015102999983355403,0.013837499980581924,0.010386500012828037,0.00033110001822933555
0.0,Linear BTL,38,783,,-2.5838622080059745,0,0,0,0,,,,0.0031501000048592687,0.004836300009628758,0.00014970000484026968,0.15901459997985512,0.12351920001674443,0.057152099994709715,0.009364300000015646,0.010829900013050064,0.010899599990807474,0.010553000000072643,0.00022950000129640102
0.0,Linear BTL,39,822,,-0.35831632767099114,0,0,0,0,,,,0.0038212999934330583,0.007517499994719401,0.00016659998800605536,0.09394679998513311,0.11482340001384728,0.07121389999520034,0.013904499995987862,0.015313200012315065,0.012699400016572326,0.0092644999967888,0.0002395999908912927
0.0,Linear BTL,40,862,,-1.3603097390713241,0,0,0,0,,,,0.0010803999903146178,0.005229900008998811,6.479999865405262e-05,0.07340630001272075,0.12665590000688098,0.04135109999333508,0.01174919999903068,0.01079359999857843,0.011016300006303936,0.013336200005142018,0.00044929998693987727
0.0,Linear BTL,41,903,,-2.478883386408832,0,0,0,0,,,,0.0011775000020861626,0.003091000020503998,5.930001498199999e-05,0.07794320001266897,0.16068959998665377,0.04431620001560077,0.011511499993503094,0.015023199986899272,0.012091700016753748,0.01142319999053143,0.00023969999165274203
0.0,Linear BTL,42,945,,-0.5531074906761931,0,0,0,0,,,,0.002930899994680658,0.003296000009868294,0.00013650002074427903,0.07200459999148734,0.12364679999882355,0.06124019998242147,0.01290339999832213,0.008497499977238476,0.010184900020249188,0.008416099997702986,0.00041649999911896884
0.0,Linear BTL,43,988,,-2.0408001363376367,0,0,0,0,,,,0.0010557999776210636,0.0032842999789863825,6.290001329034567e-05,0.10743610002100468,0.1316596000106074,0.08450110000558197,0.01114310001139529,0.013931699999375269,0.010318600019672886,0.013091800006804988,0.0004759000148624182
0.0,Linear BTL,44,1032,,-3.297393148893044,0,0,0,0,,,,0.0011580999998841435,0.0035380999906919897,6.120000034570694e-05,0.07270119999884628,0.13004460002412088,0.06259919999865815,0.010602100024698302,0.010463799990247935,0.014995700010331348,0.012928300013300031,0.0004175000067334622
0.0,Linear BTL,45,1077,,-0.5276803603969644,0,0,0,0,,,,0.0010930999997071922,0.002455599984386936,5.980001878924668e-05,0.06969709999975748,0.12916260000201873,0.22052889998303726,0.011822100001154467,0.009087399987038225,0.010810800013132393,0.009328000014647841,0.0004462999932002276
0.0,Linear BTL,46,1123,,-0.22015050041402565,0,0,0,0,,,,0.0011761999921873212,0.002958500001113862,8.220001473091543e-05,0.07820469999569468,0.13698579999618232,0.07292569999117404,0.013927499996498227,0.013991199986776337,0.013052700000116602,0.009053799993125722,0.00022929999977350235
0.0,Linear BTL,47,1170,,-0.38487058618715986,0,0,0,0,,,,0.0026083999837283045,0.00328770000487566,6.059999577701092e-05,0.08407609999994747,0.14403369999490678,0.08091680001234636,0.015542299981461838,0.013857100013410673,0.012672700016992167,0.010584000003291294,0.0016813999973237514
0.0,Linear BTL,48,1218,,-2.54919337867116,0,0,0,0,,,,0.0017404000100214034,0.002323299995623529,5.8900011936202645e-05,0.08272449998185039,0.1600480999913998,0.0534990000014659,0.008613399986643344,0.008548299985704944,0.009600099991075695,0.009280099999159575,0.000225800002226606
0.0,Linear BTL,49,1267,,-1.6406212563143279,0,0,0,0,,,,0.004021500004455447,0.0035284000041428953,6.200000643730164e-05,0.06929079999099486,0.13655220001237467,0.1268106000206899,0.019333200005348772,0.012605299998540431,0.013636300020152703,0.010738300014054403,0.0005123000009916723
0.1,LP2 ($ 	heta $ Only),0,42,2.3171592957303076e-05,,0,3,1,2,2.317159295730308e-05,30.0,70.0,0.0040655000193510205,0.0053087999986018986,0.0001382000045850873,0.10022009999374859,0.14307150000240654,0.05933670001104474,0.013035000010859221,0.013907199987443164,0.01235649999580346,0.008458199998131022,0.0002499000111129135
0.1,LP2 ($ 	heta $ Only),1,43,0.0,,0,0,0,0,0.0,0.0,100.0,0.0017271999968215823,0.005374200001824647,8.789999992586672e-05,0.08479700001771562,0.12692019998212345,0.055978599993977696,0.008839599991915748,0.009200400003464893,0.008372000011149794,0.014348700002301484,0.00024589998065494
0.1,LP2 ($ 	heta $ Only),2,45,0.0,,0,0,0,0,0.0,0.0,100.0,0.0013475999876391143,0.005233800009591505,6.640001083724201e-05,0.07304130002739839,0.15263920000870712,0.06561729998793453,0.017552799981785938,0.015237799991155043,0.014260800002375618,0.028255999990506098,0.000536899984581396
0.1,LP2 ($ 	heta $ Only),3,48,0.0,,0,0,0,0,0.0,0.0,100.0,0.003047400008654222,0.009830900002270937,0.00011829999857582152,0.12147029998595826,0.13434989997767843,0.04775490000611171,0.011394400004064664,0.009862199978670105,0.011935200018342584,0.014389100018888712,0.00024590000975877047
0.1,LP2 ($ 	heta $ Only),4,52,0.0,,0,0,0,0,0.0,0.0,100.0,0.001341200026217848,0.0028110999846830964,5.789997521787882e-05,0.08372899997630157,0.14242600000579841,0.033970899996347725,0.008914500009268522,0.008581799978855997,0.009344699996290728,0.01483519998146221,0.0002476999943610281
0.1,LP2 ($ 	heta $ Only),5,57,0.0,,0,0,0,0,0.0,0.0,100.0,0.0013504999806173146,0.002781999995931983,6.210000719875097e-05,0.06849930001772009,0.19780629998422228,0.06808359999558888,0.010535000008530915,0.010343600006308407,0.013605400017695501,0.009521500003756955,0.0009525000059511513
0.1,LP2 ($ 	heta $ Only),6,63,0.0,,0,0,0,0,0.0,0.0,100.0,0.0028048999956808984,0.0033900999987963587,7.27999722585082e-05,0.0815170000132639,0.1983357000281103,0.05366259999573231,0.012294800020754337,0.015043399995192885,0.008610099990619346,0.013306599983479828,0.00024229998234659433
0.1,LP2 ($ 	heta $ Only),7,70,0.0,,0,0,0,0,0.0,0.0,100.0,0.0012916999985463917,0.0031291000195778906,5.980001878924668e-05,0.07680060001439415,0.13609980000182986,0.06257960002403706,0.010477700008777902,0.01248549998854287,0.010806500009493902,0.013807800016365945,0.00044669999624602497
0.1,LP2 ($ 	heta $ Only),8,78,1.7110830763869214e-05,,0,3,0,3,1.7110830763869214e-05,20.0,80.0,0.001134299993282184,0.004465799982426688,6.400002166628838e-05,0.06515380000928417,0.12330530001781881,0.0555527999822516,0.010022500006016344,0.012532199994893745,0.012234500027261674,0.00877260000561364,0.0002442999975755811
0.1,LP2 ($ 	heta $ Only),9,87,0.0,,0,0,0,0,0.0,0.0,100.0,0.006310999975539744,0.0023944000131450593,5.7600002037361264e-05,0.10114199999952689,0.1692027000244707,0.10451440000906587,0.02355600000009872,0.017187399993417785,0.022703499998897314,0.0184947999950964,0.0006508000078611076
0.1,LP2 ($ 	heta $ Only),10,97,9.382797421373343e-06,,0,1,0,1,9.382797421373343e-06,10.0,90.0,0.003503399988403544,0.006243700016057119,8.900000830180943e-05,0.10859129999880679,0.1318774000101257,0.07373239999287762,0.014376900013303384,0.014795800001593307,0.01396119999117218,0.013628699991386384,0.000618399993982166
0.1,LP2 ($ 	heta $ Only),11,108,0.0,,0,0,0,0,0.0,0.0,100.0,0.001691600016783923,0.003058200003579259,0.00010949998977594078,0.16377339998143725,0.13697819999651983,0.07791059999726713,0.014894199994159862,0.013327900000149384,0.010970500006806105,0.012196299998322502,0.00024250001297332346
0.1,LP2 ($ 	heta $ Only),12,120,0.0,,0,0,0,0,0.0,0.0,100.0,0.0012017000117339194,0.003262899990659207,0.0001789000234566629,0.05965120001928881,0.1290337999816984,0.05362659998354502,0.013126800011377782,0.014423000015085563,0.012993900018045679,0.008900500019080937,0.00024179997853934765
0.1,LP2 ($ 	heta $ Only),13,133,1.2516031509684913e-05,,0,2,1,1,1.2516031509684913e-05,10.0,90.0,0.002979299984872341,0.002631899988045916,5.7900004321709275e-05,0.10550879998481832,0.10425229999236763,0.057047200010856614,0.008524000004399568,0.012719400023343042,0.024534600001061335,0.025592599995434284,0.00024419999681413174
0.1,LP2 ($ 	heta $ Only),14,147,0.0,,0,0,0,0,0.0,0.0,100.0,0.0013420000032056123,0.002920099999755621,5.979998968541622e-05,0.08081099999253638,0.14066760000423528,0.05052709998562932,0.009505199996056035,0.012956299993675202,0.015258600004017353,0.01309900000342168,0.0004561999812722206
0.1,LP2 ($ 	heta $ Only),15,162,0.0,,0,0,0,0,0.0,0.0,100.0,0.001712600002065301,0.0025203000113833696,5.699999746866524e-05,0.08132830000249669,0.1293911999964621,0.046988199988845736,0.01069860000279732,0.011370200023520738,0.012085299997124821,0.009367399994516745,0.0002429999876767397
0.1,LP2 ($ 	heta $ Only),16,178,0.0,,0,0,0,0,0.0,0.0,100.0,0.005477300001075491,0.0021909999777562916,6.059999577701092e-05,0.07973779999883845,0.24141459999373183,0.07636599999386817,0.012553199980175123,0.012116099998820573,0.009051399974850938,0.013089200016111135,0.00044720000005327165
0.1,LP2 ($ 	heta $ Only),17,195,0.0,,0,0,0,0,0.0,0.0,100.0,0.0011377999908290803,0.0034804999886546284,0.00010980002116411924,0.07620250000036322,0.1455843999865465,0.07885540000279434,0.013777000014670193,0.01240259999758564,0.011941300006583333,0.012672599987126887,0.00023969999165274203
0.1,LP2 ($ 	heta $ Only),18,213,0.0,,0,0,0,0,0.0,0.0,100.0,0.0011174000101163983,0.005203100008657202,6.680001388303936e-05,0.08193859999300912,0.1373324999876786,0.06252039998071268,0.010630000004312024,0.011560499988263473,0.011763699993025512,0.009270599985029548,0.00024049999774433672
0.1,LP2 ($ 	heta $ Only),19,232,0.0,,0,0,0,0,0.0,0.0,100.0,0.005429199984064326,0.0022945000091567636,5.740000051446259e-05,0.08178989999578334,0.14621430000988767,0.04243430000497028,0.012282599986065179,0.011534599994774908,0.012236099981237203,0.010511500004213303,0.00025359998107887805
0.1,LP2 ($ 	heta $ Only),20,252,0.0,,0,0,0,0,0.0,0.0,100.0,0.0011391000007279217,0.0027686000103130937,8.110000635497272e-05,0.09605429999646731,0.12123819999396801,0.06938840000657365,0.00951199998962693,0.013919000019086525,0.013436400011414662,0.011849399976199493,0.00024239998310804367
0.1,LP2 ($ 	heta $ Only),21,273,0.0,,0,0,0,0,0.0,0.0,100.0,0.0011317000025883317,0.0033910000056494027,6.459999713115394e-05,0.08442870000726543,0.20544660001178272,0.0501386999967508,0.012132500007282943,0.012033400009386241,0.010440500016557053,0.012929499993333593,0.00033209999673999846
0.1,LP2 ($ 	heta $ Only),22,295,1.6067301872438952e-05,,0,1,0,1,1.6067301872438952e-05,20.0,80.0,0.0019154000037815422,0.006593700003577396,8.769999840296805e-05,0.07086779997916892,0.1261685000208672,0.047457900014705956,0.010070100019220263,0.010345699993195012,0.008849400008330122,0.009311600006185472,0.00024369999300688505
0.1,LP2 ($ 	heta $ Only),23,318,0.0,,0,0,0,0,0.0,0.0,100.0,0.004168599989498034,0.0033965999900829047,0.00018319999799132347,0.07024950001505204,0.3406692999997176,0.0816064000246115,0.01131070000701584,0.01212390000000596,0.0129538000037428,0.011675999994622543,0.00045059999683871865
0.1,LP2 ($ 	heta $ Only),24,342,0.0,,0,0,0,0,0.0,0.0,100.0,0.0011294000141788274,0.0022862000041641295,5.6899996707215905e-05,0.08440660001360811,0.16586609999649227,0.051859999977750704,0.011708500009262934,0.008760199998505414,0.013498600019374862,0.013494700018782169,0.00024300001678057015
0.1,LP2 ($ 	heta $ Only),25,367,0.0,,0,0,0,0,0.0,0.0,100.0,0.001799099991330877,0.0035767999943345785,8.439997327513993e-05,0.0765733000007458,0.13858450000407174,0.05871800001477823,0.013460800022585317,0.010003100003814325,0.011393399996450171,0.010683200001949444,0.0002480999974068254
0.1,LP2 ($ 	heta $ Only),26,393,0.0,,0,0,0,0,0.0,0.0,100.0,0.0011341999925207347,0.0022216000070329756,5.6599994422867894e-05,0.06894759999704547,0.12837719998788089,0.0671847999910824,0.009227100003045052,0.010780699987662956,0.013367799983825535,0.009218099992722273,0.00024220001068897545
0.1,LP2 ($ 	heta $ Only),27,420,0.0,,0,0,0,0,0.0,0.0,100.0,0.0034506999945733696,0.002777699992293492,0.0001145999995060265,0.16780009999638423,0.20340220001526177,0.06501910000224598,0.014948500000173226,0.015780999994603917,0.02188910002587363,0.017233300022780895,0.0006706999847665429
0.1,LP2 ($ 	heta $ Only),28,448,0.0,,0,0,0,0,0.0,0.0,100.0,0.004342100000940263,0.004073999996762723,9.229997522197664e-05,0.10017730001709424,0.17126509998342954,0.08434220001799986,0.0166855999850668,0.013135399989550933,0.011969399987719953,0.009905000013532117,0.0004754000110551715
0.1,LP2 ($ 	heta $ Only),29,477,0.0,,0,0,0,0,0.0,0.0,100.0,0.0017109999898821115,0.006764699995983392,0.0001241000136360526,0.09751290001440793,0.12331689998973161,0.055237900000065565,0.009003499988466501,0.011084400000981987,0.05175949999829754,0.036141399992629886,0.0006665000109933317
0.1,LP2 ($ 	heta $ Only),30,507,0.0,,0,0,0,0,0.0,0.0,100.0,0.002050799987046048,0.015321999992011115,0.00012209999840706587,0.18405799998436123,0.1251570000022184,0.06786040001315996,0.011827900016214699,0.010159800003748387,0.013711500010685995,0.015409199986606836,0.00044929998693987727
0.1,LP2 ($ 	heta $ Only),31,538,0.0,,0,0,0,0,0.0,0.0,100.0,0.0011285000073257834,0.0029606999887619168,5.980001878924668e-05,0.07174439998925664,0.1473530000075698,0.0495775000017602,0.013472399994498119,0.014695099991513416,0.009169500001007691,0.011897999997017905,0.0003724999842233956
0.1,LP2 ($ 	heta $ Only),32,570,0.0,,0,0,0,0,0.0,0.0,100.0,0.0014672999968752265,0.0026027999992948025,5.679999594576657e-05,0.08232809999026358,0.15296889998717234,0.04010589999961667,0.010580900008790195,0.011353900015819818,0.012981000007130206,0.01050439997925423,0.00024090000079013407
0.1,LP2 ($ 	heta $ Only),33,603,0.0,,0,0,0,0,0.0,0.0,100.0,0.0011383999953977764,0.0025242000119760633,6.210000719875097e-05,0.06538590000127442,0.1791335000016261,0.05473319999873638,0.011722100025508553,0.009174800012260675,0.010721500002546236,0.013659699994605035,0.00023969999165274203
0.1,LP2 ($ 	heta $ Only),34,637,0.0,,0,0,0,0,0.0,0.0,100.0,0.0013439999893307686,0.002661199978319928,6.140000186860561e-05,0.09330199999385513,0.13457290001679212,0.07959080001455732,0.01071660002344288,0.011625500017544255,0.01164240000071004,0.008971600007498637,0.0002403999969828874
0.1,LP2 ($ 	heta $ Only),35,672,0.0,,0,0,0,0,0.0,0.0,100.0,0.0042076000245288014,0.0032331999973393977,8.310002158395946e-05,0.08836170000722632,0.15571240001008846,0.06644080000114627,0.012352299992926419,0.011864899977808818,0.008686299988767132,0.01384570001391694,0.00024349999148398638
0.1,LP2 ($ 	heta $ Only),36,708,3.446540639354087e-05,,0,4,2,2,3.446540639354087e-05,40.0,60.0,0.0012469000066630542,0.002952300012111664,5.880001117475331e-05,0.06886410000151955,0.12322779998066835,0.050194499985082075,0.011654800007818267,0.009121500013861805,0.010325399984139949,0.011612300004344434,0.0002443999983370304
0.1,LP2 ($ 	heta $ Only),37,745,0.0,,0,0,0,0,0.0,0.0,100.0,0.003945800010114908,0.002728300023591146,6.180000491440296e-05,0.08066840001265518,0.13919010001700372,0.06847749999724329,0.011925300001166761,0.013582699990365654,0.009206100017763674,0.014025200012838468,0.0004484999808482826
0.1,LP2 ($ 	heta $ Only),38,783,0.0,,0,0,0,0,0.0,0.0,100.0,0.0014668999938294291,0.006384000007528812,8.779999916441739e-05,0.07125649999943562,0.13920839998172596,0.054673600010573864,0.011597599979722872,0.00928970001405105,0.011706999997841194,0.01102599999285303,0.0006317999796010554
0.1,LP2 ($ 	heta $ Only),39,822,0.0,,0,0,0,0,0.0,0.0,100.0,0.0011783000081777573,0.002332500007469207,5.7600002037361264e-05,0.06399029999738559,0.12386469999910332,0.046423799998592585,0.01438639999832958,0.009158000000752509,0.013019199977861717,0.012618000007933006,0.00030620000325143337
0.1,LP2 ($ 	heta $ Only),40,862,0.0,,0,0,0,0,0.0,0.0,100.0,0.0014804999809712172,0.0023785000084899366,5.6199991377070546e-05,0.07907649999833666,0.11478899998473935,0.06200039997929707,0.013437599991448224,0.011721299990313128,0.016384199989261106,0.020866300008492544,0.0010747000051196665
0.1,LP2 ($ 	heta $ Only),41,903,0.0,,0,0,0,0,0.0,0.0,100.0,0.0018216999887954444,0.006646299996646121,0.00012390001211315393,0.10126160000800155,0.13492050001514144,0.051098299998557195,0.011574700009077787,0.014717400015797466,0.012633999984245747,0.023874000005889684,0.0004579999949783087
0.1,LP2 ($ 	heta $ Only),42,945,0.0,,0,0,0,0,0.0,0.0,100.0,0.0011910000175703317,0.00701390000176616,0.00010229999315924942,0.07942279998678714,0.14340320002520457,0.05247960000997409,0.010487899999134243,0.010589200013782829,0.013495000021066517,0.009118500020122156,0.0002432999899610877
0.1,LP2 ($ 	heta $ Only),43,988,0.0,,0,0,0,0,0.0,0.0,100.0,0.004488499980652705,0.002532199985580519,9.330001194030046e-05,0.0720312999910675,0.13464100001147017,0.046020900015719235,0.009856800024863333,0.008916999999200925,0.012906399992061779,0.00860230001853779,0.0002416999777778983
0.1,LP2 ($ 	heta $ Only),44,1032,0.0,,0,0,0,0,0.0,0.0,100.0,0.0018569999956525862,0.0043994000006932765,7.259999983943999e-05,0.065176199976122,0.1259890999936033,0.07404659999883734,0.013646300008986145,0.014310200000181794,0.012037099979352206,0.010542200005147606,0.00044529998558573425
0.1,LP2 ($ 	heta $ Only),45,1077,0.0,,0,0,0,0,0.0,0.0,100.0,0.0020554999937303364,0.0024019999837037176,5.91999851167202e-05,0.08349710001493804,0.14180640000267886,0.059140500001376495,0.011495599988847971,0.015604500018525869,0.013177199987694621,0.009614799986593425,0.00024189997930079699
0.1,LP2 ($ 	heta $ Only),46,1123,0.0,,0,0,0,0,0.0,0.0,100.0,0.004261199996108189,0.0038699999859090894,8.510000770911574e-05,0.07332019999739714,0.14086549999774434,0.05227700000978075,0.011449399986304343,0.011037799995392561,0.013244900008430704,0.010794100002385676,0.00024319998919963837
0.1,LP2 ($ 	heta $ Only),47,1170,0.0,,0,0,0,0,0.0,0.0,100.0,0.0011453000188339502,0.0025289000186603516,5.5500015150755644e-05,0.07024590001674369,0.13383070001145825,0.058435299986740574,0.010622000001603737,0.011548099981155246,0.014683799992781132,0.013033199997153133,0.0004771999956574291
0.1,LP2 ($ 	heta $ Only),48,1218,0.0,,0,0,0,0,0.0,0.0,100.0,0.0011728999961633235,0.002799899986712262,7.51999905332923e-05,0.12470509999548085,0.15108020001207478,0.06330639999941923,0.010647199989762157,0.010484099999302998,0.013831799995386973,0.008836499997414649,0.0002513999934308231
0.1,LP2 ($ 	heta $ Only),49,1267,0.0,,0,0,0,0,0.0,0.0,100.0,0.0029657999984920025,0.0029805999947711825,6.260001100599766e-05,0.08683250000467524,0.14149259999976493,0.056916400004411116,0.012477600015699863,0.009534800017718226,0.011808099981863052,0.010276100016199052,0.00024220001068897545
0.1,LP3 ($ 	heta $ Only),0,42,0.0009395396520383802,,0,3,1,2,7.300119383235524e-05,60.0,40.0,0.0040655000193510205,0.0053087999986018986,0.0001382000045850873,0.10022009999374859,0.14307150000240654,0.05933670001104474,0.013035000010859221,0.013907199987443164,0.01235649999580346,0.008458199998131022,0.0002499000111129135
0.1,LP3 ($ 	heta $ Only),1,43,0.0,,0,0,0,0,0.0,0.0,100.0,0.0017271999968215823,0.005374200001824647,8.789999992586672e-05,0.08479700001771562,0.12692019998212345,0.055978599993977696,0.008839599991915748,0.009200400003464893,0.008372000011149794,0.014348700002301484,0.00024589998065494
0.1,LP3 ($ 	heta $ Only),2,45,0.0,,0,0,0,0,0.0,0.0,100.0,0.0013475999876391143,0.005233800009591505,6.640001083724201e-05,0.07304130002739839,0.15263920000870712,0.06561729998793453,0.017552799981785938,0.015237799991155043,0.014260800002375618,0.028255999990506098,0.000536899984581396
0.1,LP3 ($ 	heta $ Only),3,48,0.0,,0,0,0,0,0.0,0.0,100.0,0.003047400008654222,0.009830900002270937,0.00011829999857582152,0.12147029998595826,0.13434989997767843,0.04775490000611171,0.011394400004064664,0.009862199978670105,0.011935200018342584,0.014389100018888712,0.00024590000975877047
0.1,LP3 ($ 	heta $ Only),4,52,0.0,,0,0,0,0,0.0,0.0,100.0,0.001341200026217848,0.0028110999846830964,5.789997521787882e-05,0.08372899997630157,0.14242600000579841,0.033970899996347725,0.008914500009268522,0.008581799978855997,0.009344699996290728,0.01483519998146221,0.0002476999943610281
0.1,LP3 ($ 	heta $ Only),5,57,0.0,,0,0,0,0,0.0,0.0,100.0,0.0013504999806173146,0.002781999995931983,6.210000719875097e-05,0.06849930001772009,0.19780629998422228,0.06808359999558888,0.010535000008530915,0.010343600006308407,0.013605400017695501,0.009521500003756955,0.0009525000059511513
0.1,LP3 ($ 	heta $ Only),6,63,0.0,,0,0,0,0,0.0,0.0,100.0,0.0028048999956808984,0.0033900999987963587,7.27999722585082e-05,0.0815170000132639,0.1983357000281103,0.05366259999573231,0.012294800020754337,0.015043399995192885,0.008610099990619346,0.013306599983479828,0.00024229998234659433
0.1,LP3 ($ 	heta $ Only),7,70,0.0,,0,0,0,0,0.0,0.0,100.0,0.0012916999985463917,0.0031291000195778906,5.980001878924668e-05,0.07680060001439415,0.13609980000182986,0.06257960002403706,0.010477700008777902,0.01248549998854287,0.010806500009493902,0.013807800016365945,0.00044669999624602497
0.1,LP3 ($ 	heta $ Only),8,78,0.0008014385339393433,,0,3,0,3,7.203327557272994e-05,70.0,30.0,0.001134299993282184,0.004465799982426688,6.400002166628838e-05,0.06515380000928417,0.12330530001781881,0.0555527999822516,0.010022500006016344,0.012532199994893745,0.012234500027261674,0.00877260000561364,0.0002442999975755811
0.1,LP3 ($ 	heta $ Only),9,87,0.0,,0,0,0,0,0.0,0.0,100.0,0.006310999975539744,0.0023944000131450593,5.7600002037361264e-05,0.10114199999952689,0.1692027000244707,0.10451440000906587,0.02355600000009872,0.017187399993417785,0.022703499998897314,0.0184947999950964,0.0006508000078611076
0.1,LP3 ($ 	heta $ Only),10,97,0.0005798946219378848,,0,2,1,1,2.8383697481867248e-05,10.0,90.0,0.003503399988403544,0.006243700016057119,8.900000830180943e-05,0.10859129999880679,0.1318774000101257,0.07373239999287762,0.014376900013303384,0.014795800001593307,0.01396119999117218,0.013628699991386384,0.000618399993982166
0.1,LP3 ($ 	heta $ Only),11,108,0.0,,0,0,0,0,0.0,0.0,100.0,0.001691600016783923,0.003058200003579259,0.00010949998977594078,0.16377339998143725,0.13697819999651983,0.07791059999726713,0.014894199994159862,0.013327900000149384,0.010970500006806105,0.012196299998322502,0.00024250001297332346
0.1,LP3 ($ 	heta $ Only),12,120,0.0,,0,0,0,0,0.0,0.0,100.0,0.0012017000117339194,0.003262899990659207,0.0001789000234566629,0.05965120001928881,0.1290337999816984,0.05362659998354502,0.013126800011377782,0.014423000015085563,0.012993900018045679,0.008900500019080937,0.00024179997853934765
0.1,LP3 ($ 	heta $ Only),13,133,0.00045999198363990394,,0,2,0,2,5.712432134318138e-05,50.0,50.0,0.002979299984872341,0.002631899988045916,5.7900004321709275e-05,0.10550879998481832,0.10425229999236763,0.057047200010856614,0.008524000004399568,0.012719400023343042,0.024534600001061335,0.025592599995434284,0.00024419999681413174
0.1,LP3 ($ 	heta $ Only),14,147,0.0,,0,0,0,0,0.0,0.0,100.0,0.0013420000032056123,0.002920099999755621,5.979998968541622e-05,0.08081099999253638,0.14066760000423528,0.05052709998562932,0.009505199996056035,0.012956299993675202,0.015258600004017353,0.01309900000342168,0.0004561999812722206
0.1,LP3 ($ 	heta $ Only),15,162,0.0,,0,0,0,0,0.0,0.0,100.0,0.001712600002065301,0.0025203000113833696,5.699999746866524e-05,0.08132830000249669,0.1293911999964621,0.046988199988845736,0.01069860000279732,0.011370200023520738,0.012085299997124821,0.009367399994516745,0.0002429999876767397
0.1,LP3 ($ 	heta $ Only),16,178,0.0,,0,0,0,0,0.0,0.0,100.0,0.005477300001075491,0.0021909999777562916,6.059999577701092e-05,0.07973779999883845,0.24141459999373183,0.07636599999386817,0.012553199980175123,0.012116099998820573,0.009051399974850938,0.013089200016111135,0.00044720000005327165
0.1,LP3 ($ 	heta $ Only),17,195,0.0,,0,0,0,0,0.0,0.0,100.0,0.0011377999908290803,0.0034804999886546284,0.00010980002116411924,0.07620250000036322,0.1455843999865465,0.07885540000279434,0.013777000014670193,0.01240259999758564,0.011941300006583333,0.012672599987126887,0.00023969999165274203
0.1,LP3 ($ 	heta $ Only),18,213,0.0,,0,0,0,0,0.0,0.0,100.0,0.0011174000101163983,0.005203100008657202,6.680001388303936e-05,0.08193859999300912,0.1373324999876786,0.06252039998071268,0.010630000004312024,0.011560499988263473,0.011763699993025512,0.009270599985029548,0.00024049999774433672
0.1,LP3 ($ 	heta $ Only),19,232,0.0,,0,0,0,0,0.0,0.0,100.0,0.005429199984064326,0.0022945000091567636,5.740000051446259e-05,0.08178989999578334,0.14621430000988767,0.04243430000497028,0.012282599986065179,0.011534599994774908,0.012236099981237203,0.010511500004213303,0.00025359998107887805
0.1,LP3 ($ 	heta $ Only),20,252,0.0,,0,0,0,0,0.0,0.0,100.0,0.0011391000007279217,0.0027686000103130937,8.110000635497272e-05,0.09605429999646731,0.12123819999396801,0.06938840000657365,0.00951199998962693,0.013919000019086525,0.013436400011414662,0.011849399976199493,0.00024239998310804367
0.1,LP3 ($ 	heta $ Only),21,273,0.0,,0,0,0,0,0.0,0.0,100.0,0.0011317000025883317,0.0033910000056494027,6.459999713115394e-05,0.08442870000726543,0.20544660001178272,0.0501386999967508,0.012132500007282943,0.012033400009386241,0.010440500016557053,0.012929499993333593,0.00033209999673999846
0.1,LP3 ($ 	heta $ Only),22,295,0.0004511220061164856,,0,2,1,1,4.1011091465135044e-05,40.0,60.0,0.0019154000037815422,0.006593700003577396,8.769999840296805e-05,0.07086779997916892,0.1261685000208672,0.047457900014705956,0.010070100019220263,0.010345699993195012,0.008849400008330122,0.009311600006185472,0.00024369999300688505
0.1,LP3 ($ 	heta $ Only),23,318,0.0,,0,0,0,0,0.0,0.0,100.0,0.004168599989498034,0.0033965999900829047,0.00018319999799132347,0.07024950001505204,0.3406692999997176,0.0816064000246115,0.01131070000701584,0.01212390000000596,0.0129538000037428,0.011675999994622543,0.00045059999683871865
0.1,LP3 ($ 	heta $ Only),24,342,0.0,,0,0,0,0,0.0,0.0,100.0,0.0011294000141788274,0.0022862000041641295,5.6899996707215905e-05,0.08440660001360811,0.16586609999649227,0.051859999977750704,0.011708500009262934,0.008760199998505414,0.013498600019374862,0.013494700018782169,0.00024300001678057015
0.1,LP3 ($ 	heta $ Only),25,367,0.0,,0,0,0,0,0.0,0.0,100.0,0.001799099991330877,0.0035767999943345785,8.439997327513993e-05,0.0765733000007458,0.13858450000407174,0.05871800001477823,0.013460800022585317,0.010003100003814325,0.011393399996450171,0.010683200001949444,0.0002480999974068254
0.1,LP3 ($ 	heta $ Only),26,393,0.0,,0,0,0,0,0.0,0.0,100.0,0.0011341999925207347,0.0022216000070329756,5.6599994422867894e-05,0.06894759999704547,0.12837719998788089,0.0671847999910824,0.009227100003045052,0.010780699987662956,0.013367799983825535,0.009218099992722273,0.00024220001068897545
0.1,LP3 ($ 	heta $ Only),27,420,0.0,,0,0,0,0,0.0,0.0,100.0,0.0034506999945733696,0.002777699992293492,0.0001145999995060265,0.16780009999638423,0.20340220001526177,0.06501910000224598,0.014948500000173226,0.015780999994603917,0.02188910002587363,0.017233300022780895,0.0006706999847665429
0.1,LP3 ($ 	heta $ Only),28,448,0.0,,0,0,0,0,0.0,0.0,100.0,0.004342100000940263,0.004073999996762723,9.229997522197664e-05,0.10017730001709424,0.17126509998342954,0.08434220001799986,0.0166855999850668,0.013135399989550933,0.011969399987719953,0.009905000013532117,0.0004754000110551715
0.1,LP3 ($ 	heta $ Only),29,477,0.0,,0,0,0,0,0.0,0.0,100.0,0.0017109999898821115,0.006764699995983392,0.0001241000136360526,0.09751290001440793,0.12331689998973161,0.055237900000065565,0.009003499988466501,0.011084400000981987,0.05175949999829754,0.036141399992629886,0.0006665000109933317
0.1,LP3 ($ 	heta $ Only),30,507,0.0,,0,0,0,0,0.0,0.0,100.0,0.002050799987046048,0.015321999992011115,0.00012209999840706587,0.18405799998436123,0.1251570000022184,0.06786040001315996,0.011827900016214699,0.010159800003748387,0.013711500010685995,0.015409199986606836,0.00044929998693987727
0.1,LP3 ($ 	heta $ Only),31,538,0.0,,0,0,0,0,0.0,0.0,100.0,0.0011285000073257834,0.0029606999887619168,5.980001878924668e-05,0.07174439998925664,0.1473530000075698,0.0495775000017602,0.013472399994498119,0.014695099991513416,0.009169500001007691,0.011897999997017905,0.0003724999842233956
0.1,LP3 ($ 	heta $ Only),32,570,0.0,,0,0,0,0,0.0,0.0,100.0,0.0014672999968752265,0.0026027999992948025,5.679999594576657e-05,0.08232809999026358,0.15296889998717234,0.04010589999961667,0.010580900008790195,0.011353900015819818,0.012981000007130206,0.01050439997925423,0.00024090000079013407
0.1,LP3 ($ 	heta $ Only),33,603,0.0,,0,0,0,0,0.0,0.0,100.0,0.0011383999953977764,0.0025242000119760633,6.210000719875097e-05,0.06538590000127442,0.1791335000016261,0.05473319999873638,0.011722100025508553,0.009174800012260675,0.010721500002546236,0.013659699994605035,0.00023969999165274203
0.1,LP3 ($ 	heta $ Only),34,637,0.0,,0,0,0,0,0.0,0.0,100.0,0.0013439999893307686,0.002661199978319928,6.140000186860561e-05,0.09330199999385513,0.13457290001679212,0.07959080001455732,0.01071660002344288,0.011625500017544255,0.01164240000071004,0.008971600007498637,0.0002403999969828874
0.1,LP3 ($ 	heta $ Only),35,672,0.0,,0,0,0,0,0.0,0.0,100.0,0.0042076000245288014,0.0032331999973393977,8.310002158395946e-05,0.08836170000722632,0.15571240001008846,0.06644080000114627,0.012352299992926419,0.011864899977808818,0.008686299988767132,0.01384570001391694,0.00024349999148398638
0.1,LP3 ($ 	heta $ Only),36,708,0.0011999177244357323,,0,5,2,3,8.858262504101775e-05,70.0,30.0,0.0012469000066630542,0.002952300012111664,5.880001117475331e-05,0.06886410000151955,0.12322779998066835,0.050194499985082075,0.011654800007818267,0.009121500013861805,0.010325399984139949,0.011612300004344434,0.0002443999983370304
0.1,LP3 ($ 	heta $ Only),37,745,0.0,,0,0,0,0,0.0,0.0,100.0,0.003945800010114908,0.002728300023591146,6.180000491440296e-05,0.08066840001265518,0.13919010001700372,0.06847749999724329,0.011925300001166761,0.013582699990365654,0.009206100017763674,0.014025200012838468,0.0004484999808482826
0.1,LP3 ($ 	heta $ Only),38,783,0.0,,0,0,0,0,0.0,0.0,100.0,0.0014668999938294291,0.006384000007528812,8.779999916441739e-05,0.07125649999943562,0.13920839998172596,0.054673600010573864,0.011597599979722872,0.00928970001405105,0.011706999997841194,0.01102599999285303,0.0006317999796010554
0.1,LP3 ($ 	heta $ Only),39,822,0.0,,0,0,0,0,0.0,0.0,100.0,0.0011783000081777573,0.002332500007469207,5.7600002037361264e-05,0.06399029999738559,0.12386469999910332,0.046423799998592585,0.01438639999832958,0.009158000000752509,0.013019199977861717,0.012618000007933006,0.00030620000325143337
0.1,LP3 ($ 	heta $ Only),40,862,0.0,,0,0,0,0,0.0,0.0,100.0,0.0014804999809712172,0.0023785000084899366,5.6199991377070546e-05,0.07907649999833666,0.11478899998473935,0.06200039997929707,0.013437599991448224,0.011721299990313128,0.016384199989261106,0.020866300008492544,0.0010747000051196665
0.1,LP3 ($ 	heta $ Only),41,903,0.0,,0,0,0,0,0.0,0.0,100.0,0.0018216999887954444,0.006646299996646121,0.00012390001211315393,0.10126160000800155,0.13492050001514144,0.051098299998557195,0.011574700009077787,0.014717400015797466,0.012633999984245747,0.023874000005889684,0.0004579999949783087
0.1,LP3 ($ 	heta $ Only),42,945,0.0,,0,0,0,0,0.0,0.0,100.0,0.0011910000175703317,0.00701390000176616,0.00010229999315924942,0.07942279998678714,0.14340320002520457,0.05247960000997409,0.010487899999134243,0.010589200013782829,0.013495000021066517,0.009118500020122156,0.0002432999899610877
0.1,LP3 ($ 	heta $ Only),43,988,0.0,,0,0,0,0,0.0,0.0,100.0,0.004488499980652705,0.002532199985580519,9.330001194030046e-05,0.0720312999910675,0.13464100001147017,0.046020900015719235,0.009856800024863333,0.008916999999200925,0.012906399992061779,0.00860230001853779,0.0002416999777778983
0.1,LP3 ($ 	heta $ Only),44,1032,0.0,,0,0,0,0,0.0,0.0,100.0,0.0018569999956525862,0.0043994000006932765,7.259999983943999e-05,0.065176199976122,0.1259890999936033,0.07404659999883734,0.013646300008986145,0.014310200000181794,0.012037099979352206,0.010542200005147606,0.00044529998558573425
0.1,LP3 ($ 	heta $ Only),45,1077,0.0,,0,0,0,0,0.0,0.0,100.0,0.0020554999937303364,0.0024019999837037176,5.91999851167202e-05,0.08349710001493804,0.14180640000267886,0.059140500001376495,0.011495599988847971,0.015604500018525869,0.013177199987694621,0.009614799986593425,0.00024189997930079699
0.1,LP3 ($ 	heta $ Only),46,1123,0.0,,0,0,0,0,0.0,0.0,100.0,0.004261199996108189,0.0038699999859090894,8.510000770911574e-05,0.07332019999739714,0.14086549999774434,0.05227700000978075,0.011449399986304343,0.011037799995392561,0.013244900008430704,0.010794100002385676,0.00024319998919963837
0.1,LP3 ($ 	heta $ Only),47,1170,0.0,,0,0,0,0,0.0,0.0,100.0,0.0011453000188339502,0.0025289000186603516,5.5500015150755644e-05,0.07024590001674369,0.13383070001145825,0.058435299986740574,0.010622000001603737,0.011548099981155246,0.014683799992781132,0.013033199997153133,0.0004771999956574291
0.1,LP3 ($ 	heta $ Only),48,1218,0.0,,0,0,0,0,0.0,0.0,100.0,0.0011728999961633235,0.002799899986712262,7.51999905332923e-05,0.12470509999548085,0.15108020001207478,0.06330639999941923,0.010647199989762157,0.010484099999302998,0.013831799995386973,0.008836499997414649,0.0002513999934308231
0.1,LP3 ($ 	heta $ Only),49,1267,0.0,,0,0,0,0,0.0,0.0,100.0,0.0029657999984920025,0.0029805999947711825,6.260001100599766e-05,0.08683250000467524,0.14149259999976493,0.056916400004411116,0.012477600015699863,0.009534800017718226,0.011808099981863052,0.010276100016199052,0.00024220001068897545
0.1,Weighted LP3 ($ 	heta $ Only),0,42,0.0006909040776282622,,0,2,0,2,7.611105122870043e-05,70.0,30.0,0.0040655000193510205,0.0053087999986018986,0.0001382000045850873,0.10022009999374859,0.14307150000240654,0.05933670001104474,0.013035000010859221,0.013907199987443164,0.01235649999580346,0.008458199998131022,0.0002499000111129135
0.1,Weighted LP3 ($ 	heta $ Only),1,43,0.0,,0,0,0,0,0.0,0.0,100.0,0.0017271999968215823,0.005374200001824647,8.789999992586672e-05,0.08479700001771562,0.12692019998212345,0.055978599993977696,0.008839599991915748,0.009200400003464893,0.008372000011149794,0.014348700002301484,0.00024589998065494
0.1,Weighted LP3 ($ 	heta $ Only),2,45,0.0,,0,0,0,0,0.0,0.0,100.0,0.0013475999876391143,0.005233800009591505,6.640001083724201e-05,0.07304130002739839,0.15263920000870712,0.06561729998793453,0.017552799981785938,0.015237799991155043,0.014260800002375618,0.028255999990506098,0.000536899984581396
0.1,Weighted LP3 ($ 	heta $ Only),3,48,0.0,,0,0,0,0,0.0,0.0,100.0,0.003047400008654222,0.009830900002270937,0.00011829999857582152,0.12147029998595826,0.13434989997767843,0.04775490000611171,0.011394400004064664,0.009862199978670105,0.011935200018342584,0.014389100018888712,0.00024590000975877047
0.1,Weighted LP3 ($ 	heta $ Only),4,52,0.0,,0,0,0,0,0.0,0.0,100.0,0.001341200026217848,0.0028110999846830964,5.789997521787882e-05,0.08372899997630157,0.14242600000579841,0.033970899996347725,0.008914500009268522,0.008581799978855997,0.009344699996290728,0.01483519998146221,0.0002476999943610281
0.1,Weighted LP3 ($ 	heta $ Only),5,57,0.0,,0,0,0,0,0.0,0.0,100.0,0.0013504999806173146,0.002781999995931983,6.210000719875097e-05,0.06849930001772009,0.19780629998422228,0.06808359999558888,0.010535000008530915,0.010343600006308407,0.013605400017695501,0.009521500003756955,0.0009525000059511513
0.1,Weighted LP3 ($ 	heta $ Only),6,63,0.0,,0,0,0,0,0.0,0.0,100.0,0.0028048999956808984,0.0033900999987963587,7.27999722585082e-05,0.0815170000132639,0.1983357000281103,0.05366259999573231,0.012294800020754337,0.015043399995192885,0.008610099990619346,0.013306599983479828,0.00024229998234659433
0.1,Weighted LP3 ($ 	heta $ Only),7,70,0.0,,0,0,0,0,0.0,0.0,100.0,0.0012916999985463917,0.0031291000195778906,5.980001878924668e-05,0.07680060001439415,0.13609980000182986,0.06257960002403706,0.010477700008777902,0.01248549998854287,0.010806500009493902,0.013807800016365945,0.00044669999624602497
0.1,Weighted LP3 ($ 	heta $ Only),8,78,0.0005664726250744588,,0,3,0,3,5.990946534637668e-05,50.0,50.0,0.001134299993282184,0.004465799982426688,6.400002166628838e-05,0.06515380000928417,0.12330530001781881,0.0555527999822516,0.010022500006016344,0.012532199994893745,0.012234500027261674,0.00877260000561364,0.0002442999975755811
0.1,Weighted LP3 ($ 	heta $ Only),9,87,0.0,,0,0,0,0,0.0,0.0,100.0,0.006310999975539744,0.0023944000131450593,5.7600002037361264e-05,0.10114199999952689,0.1692027000244707,0.10451440000906587,0.02355600000009872,0.017187399993417785,0.022703499998897314,0.0184947999950964,0.0006508000078611076
0.1,Weighted LP3 ($ 	heta $ Only),10,97,0.0004217046346394541,,0,1,0,1,5.500495234427663e-05,30.0,70.0,0.003503399988403544,0.006243700016057119,8.900000830180943e-05,0.10859129999880679,0.1318774000101257,0.07373239999287762,0.014376900013303384,0.014795800001593307,0.01396119999117218,0.013628699991386384,0.000618399993982166
0.1,Weighted LP3 ($ 	heta $ Only),11,108,0.0,,0,0,0,0,0.0,0.0,100.0,0.001691600016783923,0.003058200003579259,0.00010949998977594078,0.16377339998143725,0.13697819999651983,0.07791059999726713,0.014894199994159862,0.013327900000149384,0.010970500006806105,0.012196299998322502,0.00024250001297332346
0.1,Weighted LP3 ($ 	heta $ Only),12,120,0.0,,0,0,0,0,0.0,0.0,100.0,0.0012017000117339194,0.003262899990659207,0.0001789000234566629,0.05965120001928881,0.1290337999816984,0.05362659998354502,0.013126800011377782,0.014423000015085563,0.012993900018045679,0.008900500019080937,0.00024179997853934765
0.1,Weighted LP3 ($ 	heta $ Only),13,133,0.0003220648750321085,,0,2,0,2,4.5757521643340756e-05,40.0,60.0,0.002979299984872341,0.002631899988045916,5.7900004321709275e-05,0.10550879998481832,0.10425229999236763,0.057047200010856614,0.008524000004399568,0.012719400023343042,0.024534600001061335,0.025592599995434284,0.00024419999681413174
0.1,Weighted LP3 ($ 	heta $ Only),14,147,0.0,,0,0,0,0,0.0,0.0,100.0,0.0013420000032056123,0.002920099999755621,5.979998968541622e-05,0.08081099999253638,0.14066760000423528,0.05052709998562932,0.009505199996056035,0.012956299993675202,0.015258600004017353,0.01309900000342168,0.0004561999812722206
0.1,Weighted LP3 ($ 	heta $ Only),15,162,0.0,,0,0,0,0,0.0,0.0,100.0,0.001712600002065301,0.0025203000113833696,5.699999746866524e-05,0.08132830000249669,0.1293911999964621,0.046988199988845736,0.01069860000279732,0.011370200023520738,0.012085299997124821,0.009367399994516745,0.0002429999876767397
0.1,Weighted LP3 ($ 	heta $ Only),16,178,0.0,,0,0,0,0,0.0,0.0,100.0,0.005477300001075491,0.0021909999777562916,6.059999577701092e-05,0.07973779999883845,0.24141459999373183,0.07636599999386817,0.012553199980175123,0.012116099998820573,0.009051399974850938,0.013089200016111135,0.00044720000005327165
0.1,Weighted LP3 ($ 	heta $ Only),17,195,0.0,,0,0,0,0,0.0,0.0,100.0,0.0011377999908290803,0.0034804999886546284,0.00010980002116411924,0.07620250000036322,0.1455843999865465,0.07885540000279434,0.013777000014670193,0.01240259999758564,0.011941300006583333,0.012672599987126887,0.00023969999165274203
0.1,Weighted LP3 ($ 	heta $ Only),18,213,0.0,,0,0,0,0,0.0,0.0,100.0,0.0011174000101163983,0.005203100008657202,6.680001388303936e-05,0.08193859999300912,0.1373324999876786,0.06252039998071268,0.010630000004312024,0.011560499988263473,0.011763699993025512,0.009270599985029548,0.00024049999774433672
0.1,Weighted LP3 ($ 	heta $ Only),19,232,0.0,,0,0,0,0,0.0,0.0,100.0,0.005429199984064326,0.0022945000091567636,5.740000051446259e-05,0.08178989999578334,0.14621430000988767,0.04243430000497028,0.012282599986065179,0.011534599994774908,0.012236099981237203,0.010511500004213303,0.00025359998107887805
0.1,Weighted LP3 ($ 	heta $ Only),20,252,0.0,,0,0,0,0,0.0,0.0,100.0,0.0011391000007279217,0.0027686000103130937,8.110000635497272e-05,0.09605429999646731,0.12123819999396801,0.06938840000657365,0.00951199998962693,0.013919000019086525,0.013436400011414662,0.011849399976199493,0.00024239998310804367
0.1,Weighted LP3 ($ 	heta $ Only),21,273,0.0,,0,0,0,0,0.0,0.0,100.0,0.0011317000025883317,0.0033910000056494027,6.459999713115394e-05,0.08442870000726543,0.20544660001178272,0.0501386999967508,0.012132500007282943,0.012033400009386241,0.010440500016557053,0.012929499993333593,0.00033209999673999846
0.1,Weighted LP3 ($ 	heta $ Only),22,295,0.00033806061344605735,,0,1,0,1,4.4094862623398786e-05,10.0,90.0,0.0019154000037815422,0.006593700003577396,8.769999840296805e-05,0.07086779997916892,0.1261685000208672,0.047457900014705956,0.010070100019220263,0.010345699993195012,0.008849400008330122,0.009311600006185472,0.00024369999300688505
0.1,Weighted LP3 ($ 	heta $ Only),23,318,0.0,,0,0,0,0,0.0,0.0,100.0,0.004168599989498034,0.0033965999900829047,0.00018319999799132347,0.07024950001505204,0.3406692999997176,0.0816064000246115,0.01131070000701584,0.01212390000000596,0.0129538000037428,0.011675999994622543,0.00045059999683871865
0.1,Weighted LP3 ($ 	heta $ Only),24,342,0.0,,0,0,0,0,0.0,0.0,100.0,0.0011294000141788274,0.0022862000041641295,5.6899996707215905e-05,0.08440660001360811,0.16586609999649227,0.051859999977750704,0.011708500009262934,0.008760199998505414,0.013498600019374862,0.013494700018782169,0.00024300001678057015
0.1,Weighted LP3 ($ 	heta $ Only),25,367,0.0,,0,0,0,0,0.0,0.0,100.0,0.001799099991330877,0.0035767999943345785,8.439997327513993e-05,0.0765733000007458,0.13858450000407174,0.05871800001477823,0.013460800022585317,0.010003100003814325,0.011393399996450171,0.010683200001949444,0.0002480999974068254
0.1,Weighted LP3 ($ 	heta $ Only),26,393,0.0,,0,0,0,0,0.0,0.0,100.0,0.0011341999925207347,0.0022216000070329756,5.6599994422867894e-05,0.06894759999704547,0.12837719998788089,0.0671847999910824,0.009227100003045052,0.010780699987662956,0.013367799983825535,0.009218099992722273,0.00024220001068897545
0.1,Weighted LP3 ($ 	heta $ Only),27,420,0.0,,0,0,0,0,0.0,0.0,100.0,0.0034506999945733696,0.002777699992293492,0.0001145999995060265,0.16780009999638423,0.20340220001526177,0.06501910000224598,0.014948500000173226,0.015780999994603917,0.02188910002587363,0.017233300022780895,0.0006706999847665429
0.1,Weighted LP3 ($ 	heta $ Only),28,448,0.0,,0,0,0,0,0.0,0.0,100.0,0.004342100000940263,0.004073999996762723,9.229997522197664e-05,0.10017730001709424,0.17126509998342954,0.08434220001799986,0.0166855999850668,0.013135399989550933,0.011969399987719953,0.009905000013532117,0.0004754000110551715
0.1,Weighted LP3 ($ 	heta $ Only),29,477,0.0,,0,0,0,0,0.0,0.0,100.0,0.0017109999898821115,0.006764699995983392,0.0001241000136360526,0.09751290001440793,0.12331689998973161,0.055237900000065565,0.009003499988466501,0.011084400000981987,0.05175949999829754,0.036141399992629886,0.0006665000109933317
0.1,Weighted LP3 ($ 	heta $ Only),30,507,0.0,,0,0,0,0,0.0,0.0,100.0,0.002050799987046048,0.015321999992011115,0.00012209999840706587,0.18405799998436123,0.1251570000022184,0.06786040001315996,0.011827900016214699,0.010159800003748387,0.013711500010685995,0.015409199986606836,0.00044929998693987727
0.1,Weighted LP3 ($ 	heta $ Only),31,538,0.0,,0,0,0,0,0.0,0.0,100.0,0.0011285000073257834,0.0029606999887619168,5.980001878924668e-05,0.07174439998925664,0.1473530000075698,0.0495775000017602,0.013472399994498119,0.014695099991513416,0.009169500001007691,0.011897999997017905,0.0003724999842233956
0.1,Weighted LP3 ($ 	heta $ Only),32,570,0.0,,0,0,0,0,0.0,0.0,100.0,0.0014672999968752265,0.0026027999992948025,5.679999594576657e-05,0.08232809999026358,0.15296889998717234,0.04010589999961667,0.010580900008790195,0.011353900015819818,0.012981000007130206,0.01050439997925423,0.00024090000079013407
0.1,Weighted LP3 ($ 	heta $ Only),33,603,0.0,,0,0,0,0,0.0,0.0,100.0,0.0011383999953977764,0.0025242000119760633,6.210000719875097e-05,0.06538590000127442,0.1791335000016261,0.05473319999873638,0.011722100025508553,0.009174800012260675,0.010721500002546236,0.013659699994605035,0.00023969999165274203
0.1,Weighted LP3 ($ 	heta $ Only),34,637,0.0,,0,0,0,0,0.0,0.0,100.0,0.0013439999893307686,0.002661199978319928,6.140000186860561e-05,0.09330199999385513,0.13457290001679212,0.07959080001455732,0.01071660002344288,0.011625500017544255,0.01164240000071004,0.008971600007498637,0.0002403999969828874
0.1,Weighted LP3 ($ 	heta $ Only),35,672,0.0,,0,0,0,0,0.0,0.0,100.0,0.0042076000245288014,0.0032331999973393977,8.310002158395946e-05,0.08836170000722632,0.15571240001008846,0.06644080000114627,0.012352299992926419,0.011864899977808818,0.008686299988767132,0.01384570001391694,0.00024349999148398638
0.1,Weighted LP3 ($ 	heta $ Only),36,708,0.0009632765741489905,,0,4,1,3,8.809204312415321e-05,60.0,40.0,0.0012469000066630542,0.002952300012111664,5.880001117475331e-05,0.06886410000151955,0.12322779998066835,0.050194499985082075,0.011654800007818267,0.009121500013861805,0.010325399984139949,0.011612300004344434,0.0002443999983370304
0.1,Weighted LP3 ($ 	heta $ Only),37,745,0.0,,0,0,0,0,0.0,0.0,100.0,0.003945800010114908,0.002728300023591146,6.180000491440296e-05,0.08066840001265518,0.13919010001700372,0.06847749999724329,0.011925300001166761,0.013582699990365654,0.009206100017763674,0.014025200012838468,0.0004484999808482826
0.1,Weighted LP3 ($ 	heta $ Only),38,783,0.0,,0,0,0,0,0.0,0.0,100.0,0.0014668999938294291,0.006384000007528812,8.779999916441739e-05,0.07125649999943562,0.13920839998172596,0.054673600010573864,0.011597599979722872,0.00928970001405105,0.011706999997841194,0.01102599999285303,0.0006317999796010554
0.1,Weighted LP3 ($ 	heta $ Only),39,822,0.0,,0,0,0,0,0.0,0.0,100.0,0.0011783000081777573,0.002332500007469207,5.7600002037361264e-05,0.06399029999738559,0.12386469999910332,0.046423799998592585,0.01438639999832958,0.009158000000752509,0.013019199977861717,0.012618000007933006,0.00030620000325143337
0.1,Weighted LP3 ($ 	heta $ Only),40,862,0.0,,0,0,0,0,0.0,0.0,100.0,0.0014804999809712172,0.0023785000084899366,5.6199991377070546e-05,0.07907649999833666,0.11478899998473935,0.06200039997929707,0.013437599991448224,0.011721299990313128,0.016384199989261106,0.020866300008492544,0.0010747000051196665
0.1,Weighted LP3 ($ 	heta $ Only),41,903,0.0,,0,0,0,0,0.0,0.0,100.0,0.0018216999887954444,0.006646299996646121,0.00012390001211315393,0.10126160000800155,0.13492050001514144,0.051098299998557195,0.011574700009077787,0.014717400015797466,0.012633999984245747,0.023874000005889684,0.0004579999949783087
0.1,Weighted LP3 ($ 	heta $ Only),42,945,0.0,,0,0,0,0,0.0,0.0,100.0,0.0011910000175703317,0.00701390000176616,0.00010229999315924942,0.07942279998678714,0.14340320002520457,0.05247960000997409,0.010487899999134243,0.010589200013782829,0.013495000021066517,0.009118500020122156,0.0002432999899610877
0.1,Weighted LP3 ($ 	heta $ Only),43,988,0.0,,0,0,0,0,0.0,0.0,100.0,0.004488499980652705,0.002532199985580519,9.330001194030046e-05,0.0720312999910675,0.13464100001147017,0.046020900015719235,0.009856800024863333,0.008916999999200925,0.012906399992061779,0.00860230001853779,0.0002416999777778983
0.1,Weighted LP3 ($ 	heta $ Only),44,1032,0.0,,0,0,0,0,0.0,0.0,100.0,0.0018569999956525862,0.0043994000006932765,7.259999983943999e-05,0.065176199976122,0.1259890999936033,0.07404659999883734,0.013646300008986145,0.014310200000181794,0.012037099979352206,0.010542200005147606,0.00044529998558573425
0.1,Weighted LP3 ($ 	heta $ Only),45,1077,0.0,,0,0,0,0,0.0,0.0,100.0,0.0020554999937303364,0.0024019999837037176,5.91999851167202e-05,0.08349710001493804,0.14180640000267886,0.059140500001376495,0.011495599988847971,0.015604500018525869,0.013177199987694621,0.009614799986593425,0.00024189997930079699
0.1,Weighted LP3 ($ 	heta $ Only),46,1123,0.0,,0,0,0,0,0.0,0.0,100.0,0.004261199996108189,0.0038699999859090894,8.510000770911574e-05,0.07332019999739714,0.14086549999774434,0.05227700000978075,0.011449399986304343,0.011037799995392561,0.013244900008430704,0.010794100002385676,0.00024319998919963837
0.1,Weighted LP3 ($ 	heta $ Only),47,1170,0.0,,0,0,0,0,0.0,0.0,100.0,0.0011453000188339502,0.0025289000186603516,5.5500015150755644e-05,0.07024590001674369,0.13383070001145825,0.058435299986740574,0.010622000001603737,0.011548099981155246,0.014683799992781132,0.013033199997153133,0.0004771999956574291
0.1,Weighted LP3 ($ 	heta $ Only),48,1218,0.0,,0,0,0,0,0.0,0.0,100.0,0.0011728999961633235,0.002799899986712262,7.51999905332923e-05,0.12470509999548085,0.15108020001207478,0.06330639999941923,0.010647199989762157,0.010484099999302998,0.013831799995386973,0.008836499997414649,0.0002513999934308231
0.1,Weighted LP3 ($ 	heta $ Only),49,1267,0.0,,0,0,0,0,0.0,0.0,100.0,0.0029657999984920025,0.0029805999947711825,6.260001100599766e-05,0.08683250000467524,0.14149259999976493,0.056916400004411116,0.012477600015699863,0.009534800017718226,0.011808099981863052,0.010276100016199052,0.00024220001068897545
0.1,Borda LP3 ($ 	heta $ Only),0,42,0.0009395396520383802,,0,3,1,2,7.300119383235524e-05,60.0,40.0,0.0040655000193510205,0.0053087999986018986,0.0001382000045850873,0.10022009999374859,0.14307150000240654,0.05933670001104474,0.013035000010859221,0.013907199987443164,0.01235649999580346,0.008458199998131022,0.0002499000111129135
0.1,Borda LP3 ($ 	heta $ Only),1,43,0.0,,0,0,0,0,0.0,0.0,100.0,0.0017271999968215823,0.005374200001824647,8.789999992586672e-05,0.08479700001771562,0.12692019998212345,0.055978599993977696,0.008839599991915748,0.009200400003464893,0.008372000011149794,0.014348700002301484,0.00024589998065494
0.1,Borda LP3 ($ 	heta $ Only),2,45,0.0,,0,0,0,0,0.0,0.0,100.0,0.0013475999876391143,0.005233800009591505,6.640001083724201e-05,0.07304130002739839,0.15263920000870712,0.06561729998793453,0.017552799981785938,0.015237799991155043,0.014260800002375618,0.028255999990506098,0.000536899984581396
0.1,Borda LP3 ($ 	heta $ Only),3,48,0.0,,0,0,0,0,0.0,0.0,100.0,0.003047400008654222,0.009830900002270937,0.00011829999857582152,0.12147029998595826,0.13434989997767843,0.04775490000611171,0.011394400004064664,0.009862199978670105,0.011935200018342584,0.014389100018888712,0.00024590000975877047
0.1,Borda LP3 ($ 	heta $ Only),4,52,0.0,,0,0,0,0,0.0,0.0,100.0,0.001341200026217848,0.0028110999846830964,5.789997521787882e-05,0.08372899997630157,0.14242600000579841,0.033970899996347725,0.008914500009268522,0.008581799978855997,0.009344699996290728,0.01483519998146221,0.0002476999943610281
0.1,Borda LP3 ($ 	heta $ Only),5,57,0.0,,0,0,0,0,0.0,0.0,100.0,0.0013504999806173146,0.002781999995931983,6.210000719875097e-05,0.06849930001772009,0.19780629998422228,0.06808359999558888,0.010535000008530915,0.010343600006308407,0.013605400017695501,0.009521500003756955,0.0009525000059511513
0.1,Borda LP3 ($ 	heta $ Only),6,63,0.0,,0,0,0,0,0.0,0.0,100.0,0.0028048999956808984,0.0033900999987963587,7.27999722585082e-05,0.0815170000132639,0.1983357000281103,0.05366259999573231,0.012294800020754337,0.015043399995192885,0.008610099990619346,0.013306599983479828,0.00024229998234659433
0.1,Borda LP3 ($ 	heta $ Only),7,70,0.0,,0,0,0,0,0.0,0.0,100.0,0.0012916999985463917,0.0031291000195778906,5.980001878924668e-05,0.07680060001439415,0.13609980000182986,0.06257960002403706,0.010477700008777902,0.01248549998854287,0.010806500009493902,0.013807800016365945,0.00044669999624602497
0.1,Borda LP3 ($ 	heta $ Only),8,78,0.0008014385339393433,,0,3,0,3,7.203327557272994e-05,70.0,30.0,0.001134299993282184,0.004465799982426688,6.400002166628838e-05,0.06515380000928417,0.12330530001781881,0.0555527999822516,0.010022500006016344,0.012532199994893745,0.012234500027261674,0.00877260000561364,0.0002442999975755811
0.1,Borda LP3 ($ 	heta $ Only),9,87,0.0,,0,0,0,0,0.0,0.0,100.0,0.006310999975539744,0.0023944000131450593,5.7600002037361264e-05,0.10114199999952689,0.1692027000244707,0.10451440000906587,0.02355600000009872,0.017187399993417785,0.022703499998897314,0.0184947999950964,0.0006508000078611076
0.1,Borda LP3 ($ 	heta $ Only),10,97,0.0004665215983927183,,0,3,0,3,5.1501963490247106e-05,30.0,70.0,0.003503399988403544,0.006243700016057119,8.900000830180943e-05,0.10859129999880679,0.1318774000101257,0.07373239999287762,0.014376900013303384,0.014795800001593307,0.01396119999117218,0.013628699991386384,0.000618399993982166
0.1,Borda LP3 ($ 	heta $ Only),11,108,0.0,,0,0,0,0,0.0,0.0,100.0,0.001691600016783923,0.003058200003579259,0.00010949998977594078,0.16377339998143725,0.13697819999651983,0.07791059999726713,0.014894199994159862,0.013327900000149384,0.010970500006806105,0.012196299998322502,0.00024250001297332346
0.1,Borda LP3 ($ 	heta $ Only),12,120,0.0,,0,0,0,0,0.0,0.0,100.0,0.0012017000117339194,0.003262899990659207,0.0001789000234566629,0.05965120001928881,0.1290337999816984,0.05362659998354502,0.013126800011377782,0.014423000015085563,0.012993900018045679,0.008900500019080937,0.00024179997853934765
0.1,Borda LP3 ($ 	heta $ Only),13,133,0.00045999198363990394,,0,2,0,2,5.712432134318138e-05,50.0,50.0,0.002979299984872341,0.002631899988045916,5.7900004321709275e-05,0.10550879998481832,0.10425229999236763,0.057047200010856614,0.008524000004399568,0.012719400023343042,0.024534600001061335,0.025592599995434284,0.00024419999681413174
0.1,Borda LP3 ($ 	heta $ Only),14,147,0.0,,0,0,0,0,0.0,0.0,100.0,0.0013420000032056123,0.002920099999755621,5.979998968541622e-05,0.08081099999253638,0.14066760000423528,0.05052709998562932,0.009505199996056035,0.012956299993675202,0.015258600004017353,0.01309900000342168,0.0004561999812722206
0.1,Borda LP3 ($ 	heta $ Only),15,162,0.0,,0,0,0,0,0.0,0.0,100.0,0.001712600002065301,0.0025203000113833696,5.699999746866524e-05,0.08132830000249669,0.1293911999964621,0.046988199988845736,0.01069860000279732,0.011370200023520738,0.012085299997124821,0.009367399994516745,0.0002429999876767397
0.1,Borda LP3 ($ 	heta $ Only),16,178,0.0,,0,0,0,0,0.0,0.0,100.0,0.005477300001075491,0.0021909999777562916,6.059999577701092e-05,0.07973779999883845,0.24141459999373183,0.07636599999386817,0.012553199980175123,0.012116099998820573,0.009051399974850938,0.013089200016111135,0.00044720000005327165
0.1,Borda LP3 ($ 	heta $ Only),17,195,0.0,,0,0,0,0,0.0,0.0,100.0,0.0011377999908290803,0.0034804999886546284,0.00010980002116411924,0.07620250000036322,0.1455843999865465,0.07885540000279434,0.013777000014670193,0.01240259999758564,0.011941300006583333,0.012672599987126887,0.00023969999165274203
0.1,Borda LP3 ($ 	heta $ Only),18,213,0.0,,0,0,0,0,0.0,0.0,100.0,0.0011174000101163983,0.005203100008657202,6.680001388303936e-05,0.08193859999300912,0.1373324999876786,0.06252039998071268,0.010630000004312024,0.011560499988263473,0.011763699993025512,0.009270599985029548,0.00024049999774433672
0.1,Borda LP3 ($ 	heta $ Only),19,232,0.0,,0,0,0,0,0.0,0.0,100.0,0.005429199984064326,0.0022945000091567636,5.740000051446259e-05,0.08178989999578334,0.14621430000988767,0.04243430000497028,0.012282599986065179,0.011534599994774908,0.012236099981237203,0.010511500004213303,0.00025359998107887805
0.1,Borda LP3 ($ 	heta $ Only),20,252,0.0,,0,0,0,0,0.0,0.0,100.0,0.0011391000007279217,0.0027686000103130937,8.110000635497272e-05,0.09605429999646731,0.12123819999396801,0.06938840000657365,0.00951199998962693,0.013919000019086525,0.013436400011414662,0.011849399976199493,0.00024239998310804367
0.1,Borda LP3 ($ 	heta $ Only),21,273,0.0,,0,0,0,0,0.0,0.0,100.0,0.0011317000025883317,0.0033910000056494027,6.459999713115394e-05,0.08442870000726543,0.20544660001178272,0.0501386999967508,0.012132500007282943,0.012033400009386241,0.010440500016557053,0.012929499993333593,0.00033209999673999846
0.1,Borda LP3 ($ 	heta $ Only),22,295,0.0004511220061164856,,0,2,1,1,4.1011091465135044e-05,40.0,60.0,0.0019154000037815422,0.006593700003577396,8.769999840296805e-05,0.07086779997916892,0.1261685000208672,0.047457900014705956,0.010070100019220263,0.010345699993195012,0.008849400008330122,0.009311600006185472,0.00024369999300688505
0.1,Borda LP3 ($ 	heta $ Only),23,318,0.0,,0,0,0,0,0.0,0.0,100.0,0.004168599989498034,0.0033965999900829047,0.00018319999799132347,0.07024950001505204,0.3406692999997176,0.0816064000246115,0.01131070000701584,0.01212390000000596,0.0129538000037428,0.011675999994622543,0.00045059999683871865
0.1,Borda LP3 ($ 	heta $ Only),24,342,0.0,,0,0,0,0,0.0,0.0,100.0,0.0011294000141788274,0.0022862000041641295,5.6899996707215905e-05,0.08440660001360811,0.16586609999649227,0.051859999977750704,0.011708500009262934,0.008760199998505414,0.013498600019374862,0.013494700018782169,0.00024300001678057015
0.1,Borda LP3 ($ 	heta $ Only),25,367,0.0,,0,0,0,0,0.0,0.0,100.0,0.001799099991330877,0.0035767999943345785,8.439997327513993e-05,0.0765733000007458,0.13858450000407174,0.05871800001477823,0.013460800022585317,0.010003100003814325,0.011393399996450171,0.010683200001949444,0.0002480999974068254
0.1,Borda LP3 ($ 	heta $ Only),26,393,0.0,,0,0,0,0,0.0,0.0,100.0,0.0011341999925207347,0.0022216000070329756,5.6599994422867894e-05,0.06894759999704547,0.12837719998788089,0.0671847999910824,0.009227100003045052,0.010780699987662956,0.013367799983825535,0.009218099992722273,0.00024220001068897545
0.1,Borda LP3 ($ 	heta $ Only),27,420,0.0,,0,0,0,0,0.0,0.0,100.0,0.0034506999945733696,0.002777699992293492,0.0001145999995060265,0.16780009999638423,0.20340220001526177,0.06501910000224598,0.014948500000173226,0.015780999994603917,0.02188910002587363,0.017233300022780895,0.0006706999847665429
0.1,Borda LP3 ($ 	heta $ Only),28,448,0.0,,0,0,0,0,0.0,0.0,100.0,0.004342100000940263,0.004073999996762723,9.229997522197664e-05,0.10017730001709424,0.17126509998342954,0.08434220001799986,0.0166855999850668,0.013135399989550933,0.011969399987719953,0.009905000013532117,0.0004754000110551715
0.1,Borda LP3 ($ 	heta $ Only),29,477,0.0,,0,0,0,0,0.0,0.0,100.0,0.0017109999898821115,0.006764699995983392,0.0001241000136360526,0.09751290001440793,0.12331689998973161,0.055237900000065565,0.009003499988466501,0.011084400000981987,0.05175949999829754,0.036141399992629886,0.0006665000109933317
0.1,Borda LP3 ($ 	heta $ Only),30,507,0.0,,0,0,0,0,0.0,0.0,100.0,0.002050799987046048,0.015321999992011115,0.00012209999840706587,0.18405799998436123,0.1251570000022184,0.06786040001315996,0.011827900016214699,0.010159800003748387,0.013711500010685995,0.015409199986606836,0.00044929998693987727
0.1,Borda LP3 ($ 	heta $ Only),31,538,0.0,,0,0,0,0,0.0,0.0,100.0,0.0011285000073257834,0.0029606999887619168,5.980001878924668e-05,0.07174439998925664,0.1473530000075698,0.0495775000017602,0.013472399994498119,0.014695099991513416,0.009169500001007691,0.011897999997017905,0.0003724999842233956
0.1,Borda LP3 ($ 	heta $ Only),32,570,0.0,,0,0,0,0,0.0,0.0,100.0,0.0014672999968752265,0.0026027999992948025,5.679999594576657e-05,0.08232809999026358,0.15296889998717234,0.04010589999961667,0.010580900008790195,0.011353900015819818,0.012981000007130206,0.01050439997925423,0.00024090000079013407
0.1,Borda LP3 ($ 	heta $ Only),33,603,0.0,,0,0,0,0,0.0,0.0,100.0,0.0011383999953977764,0.0025242000119760633,6.210000719875097e-05,0.06538590000127442,0.1791335000016261,0.05473319999873638,0.011722100025508553,0.009174800012260675,0.010721500002546236,0.013659699994605035,0.00023969999165274203
0.1,Borda LP3 ($ 	heta $ Only),34,637,0.0,,0,0,0,0,0.0,0.0,100.0,0.0013439999893307686,0.002661199978319928,6.140000186860561e-05,0.09330199999385513,0.13457290001679212,0.07959080001455732,0.01071660002344288,0.011625500017544255,0.01164240000071004,0.008971600007498637,0.0002403999969828874
0.1,Borda LP3 ($ 	heta $ Only),35,672,0.0,,0,0,0,0,0.0,0.0,100.0,0.0042076000245288014,0.0032331999973393977,8.310002158395946e-05,0.08836170000722632,0.15571240001008846,0.06644080000114627,0.012352299992926419,0.011864899977808818,0.008686299988767132,0.01384570001391694,0.00024349999148398638
0.1,Borda LP3 ($ 	heta $ Only),36,708,0.0011999177244357323,,0,5,2,3,8.858262504101775e-05,70.0,30.0,0.0012469000066630542,0.002952300012111664,5.880001117475331e-05,0.06886410000151955,0.12322779998066835,0.050194499985082075,0.011654800007818267,0.009121500013861805,0.010325399984139949,0.011612300004344434,0.0002443999983370304
0.1,Borda LP3 ($ 	heta $ Only),37,745,0.0,,0,0,0,0,0.0,0.0,100.0,0.003945800010114908,0.002728300023591146,6.180000491440296e-05,0.08066840001265518,0.13919010001700372,0.06847749999724329,0.011925300001166761,0.013582699990365654,0.009206100017763674,0.014025200012838468,0.0004484999808482826
0.1,Borda LP3 ($ 	heta $ Only),38,783,0.0,,0,0,0,0,0.0,0.0,100.0,0.0014668999938294291,0.006384000007528812,8.779999916441739e-05,0.07125649999943562,0.13920839998172596,0.054673600010573864,0.011597599979722872,0.00928970001405105,0.011706999997841194,0.01102599999285303,0.0006317999796010554
0.1,Borda LP3 ($ 	heta $ Only),39,822,0.0,,0,0,0,0,0.0,0.0,100.0,0.0011783000081777573,0.002332500007469207,5.7600002037361264e-05,0.06399029999738559,0.12386469999910332,0.046423799998592585,0.01438639999832958,0.009158000000752509,0.013019199977861717,0.012618000007933006,0.00030620000325143337
0.1,Borda LP3 ($ 	heta $ Only),40,862,0.0,,0,0,0,0,0.0,0.0,100.0,0.0014804999809712172,0.0023785000084899366,5.6199991377070546e-05,0.07907649999833666,0.11478899998473935,0.06200039997929707,0.013437599991448224,0.011721299990313128,0.016384199989261106,0.020866300008492544,0.0010747000051196665
0.1,Borda LP3 ($ 	heta $ Only),41,903,0.0,,0,0,0,0,0.0,0.0,100.0,0.0018216999887954444,0.006646299996646121,0.00012390001211315393,0.10126160000800155,0.13492050001514144,0.051098299998557195,0.011574700009077787,0.014717400015797466,0.012633999984245747,0.023874000005889684,0.0004579999949783087
0.1,Borda LP3 ($ 	heta $ Only),42,945,0.0,,0,0,0,0,0.0,0.0,100.0,0.0011910000175703317,0.00701390000176616,0.00010229999315924942,0.07942279998678714,0.14340320002520457,0.05247960000997409,0.010487899999134243,0.010589200013782829,0.013495000021066517,0.009118500020122156,0.0002432999899610877
0.1,Borda LP3 ($ 	heta $ Only),43,988,0.0,,0,0,0,0,0.0,0.0,100.0,0.004488499980652705,0.002532199985580519,9.330001194030046e-05,0.0720312999910675,0.13464100001147017,0.046020900015719235,0.009856800024863333,0.008916999999200925,0.012906399992061779,0.00860230001853779,0.0002416999777778983
0.1,Borda LP3 ($ 	heta $ Only),44,1032,0.0,,0,0,0,0,0.0,0.0,100.0,0.0018569999956525862,0.0043994000006932765,7.259999983943999e-05,0.065176199976122,0.1259890999936033,0.07404659999883734,0.013646300008986145,0.014310200000181794,0.012037099979352206,0.010542200005147606,0.00044529998558573425
0.1,Borda LP3 ($ 	heta $ Only),45,1077,0.0,,0,0,0,0,0.0,0.0,100.0,0.0020554999937303364,0.0024019999837037176,5.91999851167202e-05,0.08349710001493804,0.14180640000267886,0.059140500001376495,0.011495599988847971,0.015604500018525869,0.013177199987694621,0.009614799986593425,0.00024189997930079699
0.1,Borda LP3 ($ 	heta $ Only),46,1123,0.0,,0,0,0,0,0.0,0.0,100.0,0.004261199996108189,0.0038699999859090894,8.510000770911574e-05,0.07332019999739714,0.14086549999774434,0.05227700000978075,0.011449399986304343,0.011037799995392561,0.013244900008430704,0.010794100002385676,0.00024319998919963837
0.1,Borda LP3 ($ 	heta $ Only),47,1170,0.0,,0,0,0,0,0.0,0.0,100.0,0.0011453000188339502,0.0025289000186603516,5.5500015150755644e-05,0.07024590001674369,0.13383070001145825,0.058435299986740574,0.010622000001603737,0.011548099981155246,0.014683799992781132,0.013033199997153133,0.0004771999956574291
0.1,Borda LP3 ($ 	heta $ Only),48,1218,0.0,,0,0,0,0,0.0,0.0,100.0,0.0011728999961633235,0.002799899986712262,7.51999905332923e-05,0.12470509999548085,0.15108020001207478,0.06330639999941923,0.010647199989762157,0.010484099999302998,0.013831799995386973,0.008836499997414649,0.0002513999934308231
0.1,Borda LP3 ($ 	heta $ Only),49,1267,0.0,,0,0,0,0,0.0,0.0,100.0,0.0029657999984920025,0.0029805999947711825,6.260001100599766e-05,0.08683250000467524,0.14149259999976493,0.056916400004411116,0.012477600015699863,0.009534800017718226,0.011808099981863052,0.010276100016199052,0.00024220001068897545
0.1,Linear BTL,0,42,,-29.20667707749504,0,4,1,3,,,,0.0040655000193510205,0.0053087999986018986,0.0001382000045850873,0.10022009999374859,0.14307150000240654,0.05933670001104474,0.013035000010859221,0.013907199987443164,0.01235649999580346,0.008458199998131022,0.0002499000111129135
0.1,Linear BTL,1,43,,-18.094689823339817,0,2,1,1,,,,0.0017271999968215823,0.005374200001824647,8.789999992586672e-05,0.08479700001771562,0.12692019998212345,0.055978599993977696,0.008839599991915748,0.009200400003464893,0.008372000011149794,0.014348700002301484,0.00024589998065494
0.1,Linear BTL,2,45,,-12.941202551666228,0,0,0,0,,,,0.0013475999876391143,0.005233800009591505,6.640001083724201e-05,0.07304130002739839,0.15263920000870712,0.06561729998793453,0.017552799981785938,0.015237799991155043,0.014260800002375618,0.028255999990506098,0.000536899984581396
0.1,Linear BTL,3,48,,-29.733793305358617,0,2,2,0,,,,0.003047400008654222,0.009830900002270937,0.00011829999857582152,0.12147029998595826,0.13434989997767843,0.04775490000611171,0.011394400004064664,0.009862199978670105,0.011935200018342584,0.014389100018888712,0.00024590000975877047
0.1,Linear BTL,4,52,,-6.927731907142017,0,0,0,0,,,,0.001341200026217848,0.0028110999846830964,5.789997521787882e-05,0.08372899997630157,0.14242600000579841,0.033970899996347725,0.008914500009268522,0.008581799978855997,0.009344699996290728,0.01483519998146221,0.0002476999943610281
0.1,Linear BTL,5,57,,-10.831269859730755,0,0,0,0,,,,0.0013504999806173146,0.002781999995931983,6.210000719875097e-05,0.06849930001772009,0.19780629998422228,0.06808359999558888,0.010535000008530915,0.010343600006308407,0.013605400017695501,0.009521500003756955,0.0009525000059511513
0.1,Linear BTL,6,63,,-24.41655382709623,0,2,0,2,,,,0.0028048999956808984,0.0033900999987963587,7.27999722585082e-05,0.0815170000132639,0.1983357000281103,0.05366259999573231,0.012294800020754337,0.015043399995192885,0.008610099990619346,0.013306599983479828,0.00024229998234659433
0.1,Linear BTL,7,70,,-17.385220857098016,0,1,0,1,,,,0.0012916999985463917,0.0031291000195778906,5.980001878924668e-05,0.07680060001439415,0.13609980000182986,0.06257960002403706,0.010477700008777902,0.01248549998854287,0.010806500009493902,0.013807800016365945,0.00044669999624602497
0.1,Linear BTL,8,78,,-23.264230064242856,0,3,0,3,,,,0.001134299993282184,0.004465799982426688,6.400002166628838e-05,0.06515380000928417,0.12330530001781881,0.0555527999822516,0.010022500006016344,0.012532199994893745,0.012234500027261674,0.00877260000561364,0.0002442999975755811
0.1,Linear BTL,9,87,,-18.71513106375892,0,1,0,1,,,,0.006310999975539744,0.0023944000131450593,5.7600002037361264e-05,0.10114199999952689,0.1692027000244707,0.10451440000906587,0.02355600000009872,0.017187399993417785,0.022703499998897314,0.0184947999950964,0.0006508000078611076
0.1,Linear BTL,10,97,,-20.639425463600123,0,4,0,4,,,,0.003503399988403544,0.006243700016057119,8.900000830180943e-05,0.10859129999880679,0.1318774000101257,0.07373239999287762,0.014376900013303384,0.014795800001593307,0.01396119999117218,0.013628699991386384,0.000618399993982166
0.1,Linear BTL,11,108,,-10.639509597381027,0,1,0,1,,,,0.001691600016783923,0.003058200003579259,0.00010949998977594078,0.16377339998143725,0.13697819999651983,0.07791059999726713,0.014894199994159862,0.013327900000149384,0.010970500006806105,0.012196299998322502,0.00024250001297332346
0.1,Linear BTL,12,120,,-24.635772097056254,0,1,0,1,,,,0.0012017000117339194,0.003262899990659207,0.0001789000234566629,0.05965120001928881,0.1290337999816984,0.05362659998354502,0.013126800011377782,0.014423000015085563,0.012993900018045679,0.008900500019080937,0.00024179997853934765
0.1,Linear BTL,13,133,,-12.047801937821358,0,2,0,2,,,,0.002979299984872341,0.002631899988045916,5.7900004321709275e-05,0.10550879998481832,0.10425229999236763,0.057047200010856614,0.008524000004399568,0.012719400023343042,0.024534600001061335,0.025592599995434284,0.00024419999681413174
0.1,Linear BTL,14,147,,-27.268760205732185,0,0,0,0,,,,0.0013420000032056123,0.002920099999755621,5.979998968541622e-05,0.08081099999253638,0.14066760000423528,0.05052709998562932,0.009505199996056035,0.012956299993675202,0.015258600004017353,0.01309900000342168,0.0004561999812722206
0.1,Linear BTL,15,162,,-27.450858742493466,0,0,0,0,,,,0.001712600002065301,0.0025203000113833696,5.699999746866524e-05,0.08132830000249669,0.1293911999964621,0.046988199988845736,0.01069860000279732,0.011370200023520738,0.012085299997124821,0.009367399994516745,0.0002429999876767397
0.1,Linear BTL,16,178,,-22.197858496944452,0,3,0,3,,,,0.005477300001075491,0.0021909999777562916,6.059999577701092e-05,0.07973779999883845,0.24141459999373183,0.07636599999386817,0.012553199980175123,0.012116099998820573,0.009051399974850938,0.013089200016111135,0.00044720000005327165
0.1,Linear BTL,17,195,,-8.83620377026169,0,0,0,0,,,,0.0011377999908290803,0.0034804999886546284,0.00010980002116411924,0.07620250000036322,0.1455843999865465,0.07885540000279434,0.013777000014670193,0.01240259999758564,0.011941300006583333,0.012672599987126887,0.00023969999165274203
0.1,Linear BTL,18,213,,-9.9421812093502,0,0,0,0,,,,0.0011174000101163983,0.005203100008657202,6.680001388303936e-05,0.08193859999300912,0.1373324999876786,0.06252039998071268,0.010630000004312024,0.011560499988263473,0.011763699993025512,0.009270599985029548,0.00024049999774433672
0.1,Linear BTL,19,232,,-23.888789250474048,0,1,0,1,,,,0.005429199984064326,0.0022945000091567636,5.740000051446259e-05,0.08178989999578334,0.14621430000988767,0.04243430000497028,0.012282599986065179,0.011534599994774908,0.012236099981237203,0.010511500004213303,0.00025359998107887805
0.1,Linear BTL,20,252,,-16.255521329553286,0,3,0,3,,,,0.0011391000007279217,0.0027686000103130937,8.110000635497272e-05,0.09605429999646731,0.12123819999396801,0.06938840000657365,0.00951199998962693,0.013919000019086525,0.013436400011414662,0.011849399976199493,0.00024239998310804367
0.1,Linear BTL,21,273,,-19.575659623150262,0,0,0,0,,,,0.0011317000025883317,0.0033910000056494027,6.459999713115394e-05,0.08442870000726543,0.20544660001178272,0.0501386999967508,0.012132500007282943,0.012033400009386241,0.010440500016557053,0.012929499993333593,0.00033209999673999846
0.1,Linear BTL,22,295,,-25.818955457246027,0,2,1,1,,,,0.0019154000037815422,0.006593700003577396,8.769999840296805e-05,0.07086779997916892,0.1261685000208672,0.047457900014705956,0.010070100019220263,0.010345699993195012,0.008849400008330122,0.009311600006185472,0.00024369999300688505
0.1,Linear BTL,23,318,,-24.33093896851593,0,2,0,2,,,,0.004168599989498034,0.0033965999900829047,0.00018319999799132347,0.07024950001505204,0.3406692999997176,0.0816064000246115,0.01131070000701584,0.01212390000000596,0.0129538000037428,0.011675999994622543,0.00045059999683871865
0.1,Linear BTL,24,342,,-25.29252643229693,0,1,0,1,,,,0.0011294000141788274,0.0022862000041641295,5.6899996707215905e-05,0.08440660001360811,0.16586609999649227,0.051859999977750704,0.011708500009262934,0.008760199998505414,0.013498600019374862,0.013494700018782169,0.00024300001678057015
0.1,Linear BTL,25,367,,-17.55323042370598,0,0,0,0,,,,0.001799099991330877,0.0035767999943345785,8.439997327513993e-05,0.0765733000007458,0.13858450000407174,0.05871800001477823,0.013460800022585317,0.010003100003814325,0.011393399996450171,0.010683200001949444,0.0002480999974068254
0.1,Linear BTL,26,393,,-23.07237568207088,0,1,0,1,,,,0.0011341999925207347,0.0022216000070329756,5.6599994422867894e-05,0.06894759999704547,0.12837719998788089,0.0671847999910824,0.009227100003045052,0.010780699987662956,0.013367799983825535,0.009218099992722273,0.00024220001068897545
0.1,Linear BTL,27,420,,-5.143314199503474,0,0,0,0,,,,0.0034506999945733696,0.002777699992293492,0.0001145999995060265,0.16780009999638423,0.20340220001526177,0.06501910000224598,0.014948500000173226,0.015780999994603917,0.02188910002587363,0.017233300022780895,0.0006706999847665429
0.1,Linear BTL,28,448,,-16.848605714035948,0,1,0,1,,,,0.004342100000940263,0.004073999996762723,9.229997522197664e-05,0.10017730001709424,0.17126509998342954,0.08434220001799986,0.0166855999850668,0.013135399989550933,0.011969399987719953,0.009905000013532117,0.0004754000110551715
0.1,Linear BTL,29,477,,-18.400935839037658,0,1,0,1,,,,0.0017109999898821115,0.006764699995983392,0.0001241000136360526,0.09751290001440793,0.12331689998973161,0.055237900000065565,0.009003499988466501,0.011084400000981987,0.05175949999829754,0.036141399992629886,0.0006665000109933317
0.1,Linear BTL,30,507,,-20.81267252823969,0,1,0,1,,,,0.002050799987046048,0.015321999992011115,0.00012209999840706587,0.18405799998436123,0.1251570000022184,0.06786040001315996,0.011827900016214699,0.010159800003748387,0.013711500010685995,0.015409199986606836,0.00044929998693987727
0.1,Linear BTL,31,538,,-25.767427305160364,0,1,0,1,,,,0.0011285000073257834,0.0029606999887619168,5.980001878924668e-05,0.07174439998925664,0.1473530000075698,0.0495775000017602,0.013472399994498119,0.014695099991513416,0.009169500001007691,0.011897999997017905,0.0003724999842233956
0.1,Linear BTL,32,570,,-32.445877646122646,0,1,1,0,,,,0.0014672999968752265,0.0026027999992948025,5.679999594576657e-05,0.08232809999026358,0.15296889998717234,0.04010589999961667,0.010580900008790195,0.011353900015819818,0.012981000007130206,0.01050439997925423,0.00024090000079013407
0.1,Linear BTL,33,603,,-25.176420228585542,0,2,0,2,,,,0.0011383999953977764,0.0025242000119760633,6.210000719875097e-05,0.06538590000127442,0.1791335000016261,0.05473319999873638,0.011722100025508553,0.009174800012260675,0.010721500002546236,0.013659699994605035,0.00023969999165274203
0.1,Linear BTL,34,637,,-9.010519123802908,0,0,0,0,,,,0.0013439999893307686,0.002661199978319928,6.140000186860561e-05,0.09330199999385513,0.13457290001679212,0.07959080001455732,0.01071660002344288,0.011625500017544255,0.01164240000071004,0.008971600007498637,0.0002403999969828874
0.1,Linear BTL,35,672,,-19.178510531372407,0,1,0,1,,,,0.0042076000245288014,0.0032331999973393977,8.310002158395946e-05,0.08836170000722632,0.15571240001008846,0.06644080000114627,0.012352299992926419,0.011864899977808818,0.008686299988767132,0.01384570001391694,0.00024349999148398638
0.1,Linear BTL,36,708,,-30.178532853894765,0,5,2,3,,,,0.0012469000066630542,0.002952300012111664,5.880001117475331e-05,0.06886410000151955,0.12322779998066835,0.050194499985082075,0.011654800007818267,0.009121500013861805,0.010325399984139949,0.011612300004344434,0.0002443999983370304
0.1,Linear BTL,37,745,,-19.578395724098137,0,2,0,2,,,,0.003945800010114908,0.002728300023591146,6.180000491440296e-05,0.08066840001265518,0.13919010001700372,0.06847749999724329,0.011925300001166761,0.013582699990365654,0.009206100017763674,0.014025200012838468,0.0004484999808482826
0.1,Linear BTL,38,783,,-21.379242632214197,0,0,0,0,,,,0.0014668999938294291,0.006384000007528812,8.779999916441739e-05,0.07125649999943562,0.13920839998172596,0.054673600010573864,0.011597599979722872,0.00928970001405105,0.011706999997841194,0.01102599999285303,0.0006317999796010554
0.1,Linear BTL,39,822,,-14.954024643659551,0,0,0,0,,,,0.0011783000081777573,0.002332500007469207,5.7600002037361264e-05,0.06399029999738559,0.12386469999910332,0.046423799998592585,0.01438639999832958,0.009158000000752509,0.013019199977861717,0.012618000007933006,0.00030620000325143337
0.1,Linear BTL,40,862,,-28.44524638076913,0,0,0,0,,,,0.0014804999809712172,0.0023785000084899366,5.6199991377070546e-05,0.07907649999833666,0.11478899998473935,0.06200039997929707,0.013437599991448224,0.011721299990313128,0.016384199989261106,0.020866300008492544,0.0010747000051196665
0.1,Linear BTL,41,903,,-36.699139996761005,0,1,0,1,,,,0.0018216999887954444,0.006646299996646121,0.00012390001211315393,0.10126160000800155,0.13492050001514144,0.051098299998557195,0.011574700009077787,0.014717400015797466,0.012633999984245747,0.023874000005889684,0.0004579999949783087
0.1,Linear BTL,42,945,,-17.432002378122466,0,2,1,1,,,,0.0011910000175703317,0.00701390000176616,0.00010229999315924942,0.07942279998678714,0.14340320002520457,0.05247960000997409,0.010487899999134243,0.010589200013782829,0.013495000021066517,0.009118500020122156,0.0002432999899610877
0.1,Linear BTL,43,988,,-23.467359557319604,0,1,0,1,,,,0.004488499980652705,0.002532199985580519,9.330001194030046e-05,0.0720312999910675,0.13464100001147017,0.046020900015719235,0.009856800024863333,0.008916999999200925,0.012906399992061779,0.00860230001853779,0.0002416999777778983
0.1,Linear BTL,44,1032,,-17.700022027198777,0,1,1,0,,,,0.0018569999956525862,0.0043994000006932765,7.259999983943999e-05,0.065176199976122,0.1259890999936033,0.07404659999883734,0.013646300008986145,0.014310200000181794,0.012037099979352206,0.010542200005147606,0.00044529998558573425
0.1,Linear BTL,45,1077,,-10.81559642625944,0,1,0,1,,,,0.0020554999937303364,0.0024019999837037176,5.91999851167202e-05,0.08349710001493804,0.14180640000267886,0.059140500001376495,0.011495599988847971,0.015604500018525869,0.013177199987694621,0.009614799986593425,0.00024189997930079699
0.1,Linear BTL,46,1123,,-30.57153256190766,0,1,0,1,,,,0.004261199996108189,0.0038699999859090894,8.510000770911574e-05,0.07332019999739714,0.14086549999774434,0.05227700000978075,0.011449399986304343,0.011037799995392561,0.013244900008430704,0.010794100002385676,0.00024319998919963837
0.1,Linear BTL,47,1170,,-13.827295029973076,0,1,0,1,,,,0.0011453000188339502,0.0025289000186603516,5.5500015150755644e-05,0.07024590001674369,0.13383070001145825,0.058435299986740574,0.010622000001603737,0.011548099981155246,0.014683799992781132,0.013033199997153133,0.0004771999956574291
0.1,Linear BTL,48,1218,,-11.046062544410669,0,0,0,0,,,,0.0011728999961633235,0.002799899986712262,7.51999905332923e-05,0.12470509999548085,0.15108020001207478,0.06330639999941923,0.010647199989762157,0.010484099999302998,0.013831799995386973,0.008836499997414649,0.0002513999934308231
0.1,Linear BTL,49,1267,,-23.264967874978932,0,1,0,1,,,,0.0029657999984920025,0.0029805999947711825,6.260001100599766e-05,0.08683250000467524,0.14149259999976493,0.056916400004411116,0.012477600015699863,0.009534800017718226,0.011808099981863052,0.010276100016199052,0.00024220001068897545
0.2,LP2 ($ 	heta $ Only),0,42,3.509832279796414e-05,,2,3,1,2,3.509832279796414e-05,30.0,70.0,0.0016325000033248216,0.003580899996450171,0.00023509998572990298,0.07237110001733527,0.11955569998826832,0.06367529998533428,0.014686300011817366,0.014136500016320497,0.01554500000202097,0.00880519999191165,0.00023110001347959042
0.2,LP2 ($ 	heta $ Only),1,43,0.0,,0,0,0,0,0.0,0.0,100.0,0.001124100002925843,0.003156099992338568,6.169997504912317e-05,0.07853160001104698,0.12727969998377375,0.05305879999650642,0.012372700002742931,0.01515079999808222,0.012640500004636124,0.008766799990553409,0.0002415000053588301
0.2,LP2 ($ 	heta $ Only),2,45,0.0,,0,0,0,0,0.0,0.0,100.0,0.0017444000113755465,0.0026113000058103353,5.949998740106821e-05,0.07702389999758452,0.14278379999450408,0.04793479997897521,0.01117119999253191,0.010825600009411573,0.01065140002174303,0.009068300016224384,0.0004443999787326902
0.2,LP2 ($ 	heta $ Only),3,48,0.0,,0,0,0,0,0.0,0.0,100.0,0.004558399989036843,0.002409400010947138,5.709999823011458e-05,0.07133299999986775,0.12810830000671558,0.05627329999697395,0.01145579997682944,0.008900399989215657,0.013339199998881668,0.014070300007006153,0.00024269998539239168
0.2,LP2 ($ 	heta $ Only),4,52,0.0,,0,0,0,0,0.0,0.0,100.0,0.0011329000117257237,0.0022920999908819795,5.629999213851988e-05,0.08007250001537614,0.1302686000126414,0.06914509998750873,0.014206899999408051,0.021374800009652972,0.019958200020482764,0.0252776000124868,0.0010350999946240336
0.2,LP2 ($ 	heta $ Only),5,57,1.0973733350811224e-05,,0,3,0,3,1.0973733350811224e-05,10.0,90.0,0.0011655999987851828,0.009141800022916868,0.0001345000055152923,0.10100039999815635,0.12986839999211952,0.06235500000184402,0.009039100026711822,0.01530950001324527,0.016671799996402115,0.01632870000321418,0.00024300001678057015
0.2,LP2 ($ 	heta $ Only),6,63,1.9788737398801188e-05,,0,3,0,3,1.9788737398801188e-05,20.0,80.0,0.001125399983720854,0.0021899999992456287,5.649999366141856e-05,0.0791390000085812,0.1373891000112053,0.061505000019678846,0.012526200007414445,0.009502200002316386,0.011895300005562603,0.011829000024590641,0.0002911999763455242
0.2,LP2 ($ 	heta $ Only),7,70,0.0,,0,0,0,0,0.0,0.0,100.0,0.0012178000179119408,0.002228500001365319,5.810000584460795e-05,0.08289579997654073,0.10905389999970794,0.047591399983502924,0.011335299990605563,0.009815500001423061,0.010069700016174465,0.009649399988120422,0.00024309998843818903
0.2,LP2 ($ 	heta $ Only),8,78,1.3795051975819918e-05,,0,2,1,1,1.3795051975819918e-05,10.0,90.0,0.001137000013841316,0.002320500003406778,5.640002200379968e-05,0.0842897999973502,0.3343708000029437,0.07587910001166165,0.012789799977326766,0.013418600021395832,0.026662500022212043,0.009852499992121011,0.0002452000044286251
0.2,LP2 ($ 	heta $ Only),9,87,0.0,,0,0,0,0,0.0,0.0,100.0,0.0011498999956529588,0.006598899984965101,8.930001058615744e-05,0.13428659999044612,0.13245949998963624,0.06263689999468625,0.009940199990523979,0.01154009997844696,0.010227999999187887,0.012703699991106987,0.00027150000096298754
0.2,LP2 ($ 	heta $ Only),10,97,1.3502545752009315e-05,,0,2,0,2,1.3502545752009315e-05,10.0,90.0,0.0018088000069838017,0.006331499986117706,0.00012099999003112316,0.08383979997597635,0.1159367999935057,0.03690500001539476,0.013632800022605807,0.011122600000817329,0.015453700005309656,0.014035000000149012,0.0002429000160191208
0.2,LP2 ($ 	heta $ Only),11,108,0.0,,0,0,0,0,0.0,0.0,100.0,0.001289099978748709,0.005493500008014962,7.259999983943999e-05,0.08468829997582361,0.13847370000439696,0.08222340000793338,0.011752599995816126,0.012581499991938472,0.008950699993874878,0.012712800002191216,0.00044850000995211303
0.2,LP2 ($ 	heta $ Only),12,120,2.892665177405036e-05,,0,5,2,3,2.892665177405036e-05,40.0,60.0,0.0011128000041935593,0.002765199984423816,5.8699981309473515e-05,0.11032590002287179,0.13251679998938926,0.0476636000094004,0.014429900009417906,0.012861600000178441,0.009951100015314296,0.013509599986718968,0.00044860001071356237
0.2,LP2 ($ 	heta $ Only),13,133,2.979221150537721e-05,,1,5,2,3,2.979221150537721e-05,30.0,70.0,0.001115499995648861,0.0023050000017974526,0.00021670002024620771,0.07023189999745227,0.1490306000050623,0.047791199991479516,0.012097500002710149,0.009061799995834008,0.012076399987563491,0.011816799989901483,0.0002449000021442771
0.2,LP2 ($ 	heta $ Only),14,147,0.0,,2,0,0,0,0.0,0.0,100.0,0.0011200000008102506,0.002418099989881739,0.00020670000230893493,0.06369280000217259,0.11950430000433698,0.061047299997881055,0.01092400000197813,0.00940070001524873,0.01358630001777783,0.00979790001292713,0.0014235000126063824
0.2,LP2 ($ 	heta $ Only),15,162,0.0,,0,0,0,0,0.0,0.0,100.0,0.0027230999839957803,0.0030820000101812184,6.309998570941389e-05,0.08005739998770878,0.15618089999770746,0.08287610000115819,0.0123269000032451,0.010805800004163757,0.016031600011046976,0.011926300008781254,0.00044880001223646104
0.2,LP2 ($ 	heta $ Only),16,178,0.0,,0,0,0,0,0.0,0.0,100.0,0.0011215000122319907,0.0029399000050034374,5.940001574344933e-05,0.2594840999809094,0.12903420001384802,0.05704879999393597,0.010289900004863739,0.009951699990779161,0.010542599979089573,0.008011600002646446,0.0002401999954599887
0.2,LP2 ($ 	heta $ Only),17,195,0.0,,0,0,0,0,0.0,0.0,100.0,0.001126599992858246,0.004250900004990399,0.00012269997387193143,0.08767350000562146,0.14185259997611865,0.05724309998913668,0.009557500015944242,0.0113683000090532,0.014218299998901784,0.008685599983436987,0.00030899999546818435
0.2,LP2 ($ 	heta $ Only),18,213,0.0,,0,0,0,0,0.0,0.0,100.0,0.001357600005576387,0.0030666000093333423,6.389999180100858e-05,0.07760200000484474,0.12976469998829998,0.05473790000542067,0.010142399987671524,0.009606899984646589,0.013888299989048392,0.008980299986433238,0.00024360002134926617
0.2,LP2 ($ 	heta $ Only),19,232,0.0,,0,0,0,0,0.0,0.0,100.0,0.003980500012403354,0.0037527000240515918,8.840000373311341e-05,0.08152210002299398,0.2597993000235874,0.06850870000198483,0.008640900021418929,0.009694800013676286,0.008572200022172183,0.01067499999771826,0.000621199986198917
0.2,LP2 ($ 	heta $ Only),20,252,0.0,,0,0,0,0,0.0,0.0,100.0,0.0011791999859269708,0.0024344999983441085,5.729999975301325e-05,0.10533639998175204,0.13783640001202002,0.053399399999761954,0.009570199996232986,0.012656200007768348,0.011501500004669651,0.008800899988273159,0.00024350002058781683
0.2,LP2 ($ 	heta $ Only),21,273,0.0,,0,0,0,0,0.0,0.0,100.0,0.0014582000148948282,0.002921399980550632,6.409999332390726e-05,0.08320360002107918,0.13606910000089556,0.04418770002666861,0.011364600009983405,0.008541199989849702,0.010572200000751764,0.014161500002956018,0.00024080000002868474
0.2,LP2 ($ 	heta $ Only),22,295,0.0,,2,0,0,0,0.0,0.0,100.0,0.0013203999842517078,0.0027528000064194202,0.00021190001280047,0.07906749998801388,0.18324799998663366,0.2107518999837339,0.02009360000374727,0.026139099994907156,0.009518000006210059,0.010746500018285587,0.0006868999917060137
0.2,LP2 ($ 	heta $ Only),23,318,4.2244905405818547e-05,,0,4,1,3,4.2244905405818547e-05,20.0,80.0,0.002592899982118979,0.006514699984109029,0.0001260999997612089,0.08896729999105446,0.12985560001106933,0.04303289999370463,0.012973300006706268,0.01213129999814555,0.011605799983954057,0.008677600009832531,0.0002437999937683344
0.2,LP2 ($ 	heta $ Only),24,342,0.0,,2,0,0,0,0.0,0.0,100.0,0.001254500006325543,0.0055884000030346215,0.00022059999173507094,0.07226450002053753,0.1271880999847781,0.08864430000539869,0.011773400008678436,0.007853199989767745,0.015204499999526888,0.01139659999171272,0.00024009999469853938
0.2,LP2 ($ 	heta $ Only),25,367,0.0,,0,0,0,0,0.0,0.0,100.0,0.0011503999994602054,0.003831099980743602,9.899999713525176e-05,0.0830209000268951,0.14429130000644363,0.04187180000008084,0.008113600022625178,0.010570599988568574,0.013811799988616258,0.010571899998467416,0.0010268999903928488
0.2,LP2 ($ 	heta $ Only),26,393,2.43928057682082e-05,,2,2,0,2,2.43928057682082e-05,30.0,70.0,0.006877999985590577,0.0035902000090572983,0.0002175999979954213,0.1459751999936998,0.11671899998327717,0.05232600000454113,0.014222300000255927,0.013761500013060868,0.00961109998752363,0.024705100018763915,0.0006349000032059848
0.2,LP2 ($ 	heta $ Only),27,420,0.0,,0,0,0,0,0.0,0.0,100.0,0.0012168000102974474,0.0023567999887745827,5.7900004321709275e-05,0.08491119998507202,0.13243800000054762,0.055814399995142594,0.008730100002139807,0.015480600006412715,0.013613599992822856,0.008207099977880716,0.0008128000190481544
0.2,LP2 ($ 	heta $ Only),28,448,2.6651927309548182e-05,,0,4,1,3,2.6651927309548182e-05,20.0,80.0,0.003224999993108213,0.002445000020088628,6.370001938194036e-05,0.08040690000052564,0.1279355000006035,0.07368299999507144,0.009721799986436963,0.010743399994680658,0.01080099999671802,0.008561700000427663,0.0002480999974068254
0.2,LP2 ($ 	heta $ Only),29,477,0.0,,2,0,0,0,0.0,0.0,100.0,0.001131199998781085,0.0053595000063069165,0.00023129998589865863,0.058209899987559766,0.18837899999925867,0.2154955999867525,0.012759100005496293,0.008213300025090575,0.011723400006303564,0.010813499975483865,0.0004265999887138605
0.2,LP2 ($ 	heta $ Only),30,507,0.0,,0,0,0,0,0.0,0.0,100.0,0.0011252999829594046,0.0024301000230479985,5.780000356025994e-05,0.08826029999181628,0.14426000000094064,0.07692859999951907,0.014130199997453019,0.008327300020027906,0.013121700001647696,0.0121196000254713,0.0004487000114750117
0.2,LP2 ($ 	heta $ Only),31,538,0.0,,0,0,0,0,0.0,0.0,100.0,0.001205000007757917,0.0024825999862514436,5.780000356025994e-05,0.07117510001990013,0.149935200024629,0.061874099978012964,0.01345150000997819,0.012848799990024418,0.010854999971343204,0.007927200000267476,0.00025110002025030553
0.2,LP2 ($ 	heta $ Only),32,570,0.0,,0,0,0,0,0.0,0.0,100.0,0.0011286000080872327,0.0023997999960556626,5.8299978263676167e-05,0.07702660001814365,0.12470529999700375,0.05248030001530424,0.0106734000146389,0.016653900005621836,0.016184099979000166,0.013168100005714223,0.000513100007083267
0.2,LP2 ($ 	heta $ Only),33,603,1.6453413582284102e-05,,1,3,3,0,1.6453413582284102e-05,10.0,90.0,0.0012792999914381653,0.0024193999997805804,0.00021430000197142363,0.07425859998329543,0.12779430000227876,0.04782609999529086,0.014303100004326552,0.010555999993812293,0.013656800001626834,0.011637599993264303,0.00023710000095888972
0.2,LP2 ($ 	heta $ Only),34,637,1.8398448049678568e-05,,0,3,1,2,1.8398448049678568e-05,20.0,80.0,0.0011306999949738383,0.0028291000053286552,5.9200014220550656e-05,0.08174019999569282,0.12383590001263656,0.059992499998770654,0.011525599984452128,0.008590499986894429,0.011476300016511232,0.013753000006545335,0.0002437999937683344
0.2,LP2 ($ 	heta $ Only),35,672,0.0,,2,0,0,0,0.0,0.0,100.0,0.0012969000090379268,0.0025950999988708645,0.00021580001339316368,0.09874670000863262,0.12361160002183169,0.05695420000120066,0.010803000011947006,0.011214400001335889,0.009135800006333739,0.010275200009346008,0.00023010000586509705
0.2,LP2 ($ 	heta $ Only),36,708,2.681988269431948e-05,,0,5,3,2,2.681988269431948e-05,20.0,80.0,0.003952500002924353,0.0029291999817360193,5.8699981309473515e-05,0.07849559999885969,0.13562430001911707,0.038103099999716505,0.010086399997817352,0.014793000009376556,0.10163140000076964,0.08072420000098646,0.0007787999929860234
0.2,LP2 ($ 	heta $ Only),37,745,0.0,,0,0,0,0,0.0,0.0,100.0,0.015787500014994293,0.011079799995059147,0.00019940000493079424,0.14715870001236908,0.12366240000119433,0.06312410000828095,0.011816000012913719,0.010000500013120472,0.020291399996494874,0.013419599999906495,0.0002482999989297241
0.2,LP2 ($ 	heta $ Only),38,783,0.0,,0,0,0,0,0.0,0.0,100.0,0.004637700010789558,0.0037527999957092106,6.469999789260328e-05,0.06073379999725148,0.14826580000226386,0.04843200001050718,0.011086999991675839,0.008226400008425117,0.013339600001927465,0.015501799993216991,0.0007744999893475324
0.2,LP2 ($ 	heta $ Only),39,822,0.0,,0,0,0,0,0.0,0.0,100.0,0.003989399992860854,0.006671800016192719,8.800000068731606e-05,0.07442849999642931,0.13891530002001673,0.05729080000310205,0.011803400004282594,0.010173399990890175,0.008779099996900186,0.010890900011872873,0.00045479999971576035
0.2,LP2 ($ 	heta $ Only),40,862,0.0,,0,0,0,0,0.0,0.0,100.0,0.001184099994134158,0.0033343999821227044,9.950000094249845e-05,0.08690100000239909,0.24283780000405386,0.07198489998700097,0.012042799993650988,0.008746399980736896,0.011487700016004965,0.011153300001751631,0.00032110000029206276
0.2,LP2 ($ 	heta $ Only),41,903,0.0,,1,0,0,0,0.0,0.0,100.0,0.0012543000048026443,0.002515500003937632,0.00020479998784139752,0.08695609998540021,0.1282628999906592,0.06808130000717938,0.0120943000074476,0.009458299988182262,0.013987400016048923,0.014435799996135756,0.000697199982823804
0.2,LP2 ($ 	heta $ Only),42,945,1.999565393420622e-05,,0,2,1,1,1.999565393420622e-05,20.0,80.0,0.001636000000871718,0.004017500003101304,8.440000237897038e-05,0.07397019999916665,0.1308257000055164,0.0784964999766089,0.009574600000632927,0.013325799984158948,0.011982500000158325,0.00865400000475347,0.00024090000079013407
0.2,LP2 ($ 	heta $ Only),43,988,0.0,,0,0,0,0,0.0,0.0,100.0,0.0011415000190027058,0.004274200007785112,6.180000491440296e-05,0.0712704999896232,0.13503630002378486,0.050877500005299225,0.011714299995219335,0.00862139998935163,0.010893700004089624,0.013820699998177588,0.00024449999909847975
0.2,LP2 ($ 	heta $ Only),44,1032,0.0,,0,0,0,0,0.0,0.0,100.0,0.0013614999770652503,0.0026820000202860683,5.959998816251755e-05,0.07596010001725517,0.14179570000851527,0.0802906000171788,0.013336700008949265,0.012611199985258281,0.008962399995652959,0.01093869999749586,0.00024330001906491816
0.2,LP2 ($ 	heta $ Only),45,1077,0.0,,0,0,0,0,0.0,0.0,100.0,0.0011346999963279814,0.0024637000169605017,5.77000027988106e-05,0.08293909998610616,0.12789319999865256,0.05675630000769161,0.01064819999737665,0.009948099992470816,0.00828949999413453,0.00904360000276938,0.00024580000899732113
0.2,LP2 ($ 	heta $ Only),46,1123,0.0,,2,0,0,0,0.0,0.0,100.0,0.0040843000169843435,0.0027110000082757324,0.00022460002219304442,0.08335239998996258,0.1301208999939263,0.050718899990897626,0.010110200004419312,0.012643599999137223,0.014292100007878616,0.01170620002085343,0.0004312999953981489
0.2,LP2 ($ 	heta $ Only),47,1170,0.0,,0,0,0,0,0.0,0.0,100.0,0.001129399985074997,0.002737799979513511,7.219999679364264e-05,0.0953946000081487,0.12493999997968785,0.06936309998854995,0.018979900021804497,0.021813100000144914,0.022531599999638274,0.02148149997810833,0.00044830000842921436
0.2,LP2 ($ 	heta $ Only),48,1218,0.0,,0,0,0,0,0.0,0.0,100.0,0.0011413000174798071,0.003987900010542944,0.00025969999842345715,0.08603299999958836,0.12453509998158552,0.049065600003814325,0.011945400008698925,0.01003050000872463,0.01016380000510253,0.00981869999668561,0.00024090000079013407
0.2,LP2 ($ 	heta $ Only),49,1267,0.0,,0,0,0,0,0.0,0.0,100.0,0.003958099987357855,0.0026348000101279467,5.810000584460795e-05,0.08584839999093674,0.13101599999936298,0.056605400022817776,0.014090500015299767,0.011460000008810312,0.009751399978995323,0.01227219999418594,0.00025469998945482075
0.2,LP3 ($ 	heta $ Only),0,42,0.0009137478460010892,,2,5,2,3,9.07506470271843e-05,80.0,20.0,0.0016325000033248216,0.003580899996450171,0.00023509998572990298,0.07237110001733527,0.11955569998826832,0.06367529998533428,0.014686300011817366,0.014136500016320497,0.01554500000202097,0.00880519999191165,0.00023110001347959042
0.2,LP3 ($ 	heta $ Only),1,43,0.0,,0,0,0,0,0.0,0.0,100.0,0.001124100002925843,0.003156099992338568,6.169997504912317e-05,0.07853160001104698,0.12727969998377375,0.05305879999650642,0.012372700002742931,0.01515079999808222,0.012640500004636124,0.008766799990553409,0.0002415000053588301
0.2,LP3 ($ 	heta $ Only),2,45,0.0,,0,0,0,0,0.0,0.0,100.0,0.0017444000113755465,0.0026113000058103353,5.949998740106821e-05,0.07702389999758452,0.14278379999450408,0.04793479997897521,0.01117119999253191,0.010825600009411573,0.01065140002174303,0.009068300016224384,0.0004443999787326902
0.2,LP3 ($ 	heta $ Only),3,48,0.0,,0,0,0,0,0.0,0.0,100.0,0.004558399989036843,0.002409400010947138,5.709999823011458e-05,0.07133299999986775,0.12810830000671558,0.05627329999697395,0.01145579997682944,0.008900399989215657,0.013339199998881668,0.014070300007006153,0.00024269998539239168
0.2,LP3 ($ 	heta $ Only),4,52,0.0,,0,0,0,0,0.0,0.0,100.0,0.0011329000117257237,0.0022920999908819795,5.629999213851988e-05,0.08007250001537614,0.1302686000126414,0.06914509998750873,0.014206899999408051,0.021374800009652972,0.019958200020482764,0.0252776000124868,0.0010350999946240336
0.2,LP3 ($ 	heta $ Only),5,57,0.0006164203001771625,,0,3,1,2,5.285726913951928e-05,40.0,60.0,0.0011655999987851828,0.009141800022916868,0.0001345000055152923,0.10100039999815635,0.12986839999211952,0.06235500000184402,0.009039100026711822,0.01530950001324527,0.016671799996402115,0.01632870000321418,0.00024300001678057015
0.2,LP3 ($ 	heta $ Only),6,63,0.0007117864433023038,,0,3,0,3,4.680416503835165e-05,40.0,60.0,0.001125399983720854,0.0021899999992456287,5.649999366141856e-05,0.0791390000085812,0.1373891000112053,0.061505000019678846,0.012526200007414445,0.009502200002316386,0.011895300005562603,0.011829000024590641,0.0002911999763455242
0.2,LP3 ($ 	heta $ Only),7,70,0.0,,0,0,0,0,0.0,0.0,100.0,0.0012178000179119408,0.002228500001365319,5.810000584460795e-05,0.08289579997654073,0.10905389999970794,0.047591399983502924,0.011335299990605563,0.009815500001423061,0.010069700016174465,0.009649399988120422,0.00024309998843818903
0.2,LP3 ($ 	heta $ Only),8,78,0.00039145797975645793,,0,1,0,1,4.4677998159677965e-05,40.0,60.0,0.001137000013841316,0.002320500003406778,5.640002200379968e-05,0.0842897999973502,0.3343708000029437,0.07587910001166165,0.012789799977326766,0.013418600021395832,0.026662500022212043,0.009852499992121011,0.0002452000044286251
0.2,LP3 ($ 	heta $ Only),9,87,0.0,,0,0,0,0,0.0,0.0,100.0,0.0011498999956529588,0.006598899984965101,8.930001058615744e-05,0.13428659999044612,0.13245949998963624,0.06263689999468625,0.009940199990523979,0.01154009997844696,0.010227999999187887,0.012703699991106987,0.00027150000096298754
0.2,LP3 ($ 	heta $ Only),10,97,0.0005091929795257643,,0,1,0,1,4.629027086597857e-05,20.0,80.0,0.0018088000069838017,0.006331499986117706,0.00012099999003112316,0.08383979997597635,0.1159367999935057,0.03690500001539476,0.013632800022605807,0.011122600000817329,0.015453700005309656,0.014035000000149012,0.0002429000160191208
0.2,LP3 ($ 	heta $ Only),11,108,0.0,,0,0,0,0,0.0,0.0,100.0,0.001289099978748709,0.005493500008014962,7.259999983943999e-05,0.08468829997582361,0.13847370000439696,0.08222340000793338,0.011752599995816126,0.012581499991938472,0.008950699993874878,0.012712800002191216,0.00044850000995211303
0.2,LP3 ($ 	heta $ Only),12,120,0.0010676468822702337,,0,3,0,3,0.00010903915647522312,80.0,20.0,0.0011128000041935593,0.002765199984423816,5.8699981309473515e-05,0.11032590002287179,0.13251679998938926,0.0476636000094004,0.014429900009417906,0.012861600000178441,0.009951100015314296,0.013509599986718968,0.00044860001071356237
0.2,LP3 ($ 	heta $ Only),13,133,0.0007977710466973763,,1,3,2,1,6.64824022935595e-05,60.0,40.0,0.001115499995648861,0.0023050000017974526,0.00021670002024620771,0.07023189999745227,0.1490306000050623,0.047791199991479516,0.012097500002710149,0.009061799995834008,0.012076399987563491,0.011816799989901483,0.0002449000021442771
0.2,LP3 ($ 	heta $ Only),14,147,0.0,,2,0,0,0,0.0,0.0,100.0,0.0011200000008102506,0.002418099989881739,0.00020670000230893493,0.06369280000217259,0.11950430000433698,0.061047299997881055,0.01092400000197813,0.00940070001524873,0.01358630001777783,0.00979790001292713,0.0014235000126063824
0.2,LP3 ($ 	heta $ Only),15,162,0.0,,0,0,0,0,0.0,0.0,100.0,0.0027230999839957803,0.0030820000101812184,6.309998570941389e-05,0.08005739998770878,0.15618089999770746,0.08287610000115819,0.0123269000032451,0.010805800004163757,0.016031600011046976,0.011926300008781254,0.00044880001223646104
0.2,LP3 ($ 	heta $ Only),16,178,0.0,,0,0,0,0,0.0,0.0,100.0,0.0011215000122319907,0.0029399000050034374,5.940001574344933e-05,0.2594840999809094,0.12903420001384802,0.05704879999393597,0.010289900004863739,0.009951699990779161,0.010542599979089573,0.008011600002646446,0.0002401999954599887
0.2,LP3 ($ 	heta $ Only),17,195,0.0,,0,0,0,0,0.0,0.0,100.0,0.001126599992858246,0.004250900004990399,0.00012269997387193143,0.08767350000562146,0.14185259997611865,0.05724309998913668,0.009557500015944242,0.0113683000090532,0.014218299998901784,0.008685599983436987,0.00030899999546818435
0.2,LP3 ($ 	heta $ Only),18,213,0.0,,0,0,0,0,0.0,0.0,100.0,0.001357600005576387,0.0030666000093333423,6.389999180100858e-05,0.07760200000484474,0.12976469998829998,0.05473790000542067,0.010142399987671524,0.009606899984646589,0.013888299989048392,0.008980299986433238,0.00024360002134926617
0.2,LP3 ($ 	heta $ Only),19,232,0.0,,0,0,0,0,0.0,0.0,100.0,0.003980500012403354,0.0037527000240515918,8.840000373311341e-05,0.08152210002299398,0.2597993000235874,0.06850870000198483,0.008640900021418929,0.009694800013676286,0.008572200022172183,0.01067499999771826,0.000621199986198917
0.2,LP3 ($ 	heta $ Only),20,252,0.0,,0,0,0,0,0.0,0.0,100.0,0.0011791999859269708,0.0024344999983441085,5.729999975301325e-05,0.10533639998175204,0.13783640001202002,0.053399399999761954,0.009570199996232986,0.012656200007768348,0.011501500004669651,0.008800899988273159,0.00024350002058781683
0.2,LP3 ($ 	heta $ Only),21,273,0.0,,0,0,0,0,0.0,0.0,100.0,0.0014582000148948282,0.002921399980550632,6.409999332390726e-05,0.08320360002107918,0.13606910000089556,0.04418770002666861,0.011364600009983405,0.008541199989849702,0.010572200000751764,0.014161500002956018,0.00024080000002868474
0.2,LP3 ($ 	heta $ Only),22,295,0.0,,2,0,0,0,0.0,0.0,100.0,0.0013203999842517078,0.0027528000064194202,0.00021190001280047,0.07906749998801388,0.18324799998663366,0.2107518999837339,0.02009360000374727,0.026139099994907156,0.009518000006210059,0.010746500018285587,0.0006868999917060137
0.2,LP3 ($ 	heta $ Only),23,318,0.0013469111628088798,,0,5,2,3,0.00010131576963055208,90.0,10.0,0.002592899982118979,0.006514699984109029,0.0001260999997612089,0.08896729999105446,0.12985560001106933,0.04303289999370463,0.012973300006706268,0.01213129999814555,0.011605799983954057,0.008677600009832531,0.0002437999937683344
0.2,LP3 ($ 	heta $ Only),24,342,0.0,,2,0,0,0,0.0,0.0,100.0,0.001254500006325543,0.0055884000030346215,0.00022059999173507094,0.07226450002053753,0.1271880999847781,0.08864430000539869,0.011773400008678436,0.007853199989767745,0.015204499999526888,0.01139659999171272,0.00024009999469853938
0.2,LP3 ($ 	heta $ Only),25,367,0.0,,0,0,0,0,0.0,0.0,100.0,0.0011503999994602054,0.003831099980743602,9.899999713525176e-05,0.0830209000268951,0.14429130000644363,0.04187180000008084,0.008113600022625178,0.010570599988568574,0.013811799988616258,0.010571899998467416,0.0010268999903928488
0.2,LP3 ($ 	heta $ Only),26,393,0.0008059513352798403,,2,2,0,2,8.121015136714065e-05,70.0,30.0,0.006877999985590577,0.0035902000090572983,0.0002175999979954213,0.1459751999936998,0.11671899998327717,0.05232600000454113,0.014222300000255927,0.013761500013060868,0.00961109998752363,0.024705100018763915,0.0006349000032059848
0.2,LP3 ($ 	heta $ Only),27,420,0.0,,0,0,0,0,0.0,0.0,100.0,0.0012168000102974474,0.0023567999887745827,5.7900004321709275e-05,0.08491119998507202,0.13243800000054762,0.055814399995142594,0.008730100002139807,0.015480600006412715,0.013613599992822856,0.008207099977880716,0.0008128000190481544
0.2,LP3 ($ 	heta $ Only),28,448,0.000973346709852396,,0,2,0,2,8.971328244487993e-05,60.0,40.0,0.003224999993108213,0.002445000020088628,6.370001938194036e-05,0.08040690000052564,0.1279355000006035,0.07368299999507144,0.009721799986436963,0.010743399994680658,0.01080099999671802,0.008561700000427663,0.0002480999974068254
0.2,LP3 ($ 	heta $ Only),29,477,0.0,,2,0,0,0,0.0,0.0,100.0,0.001131199998781085,0.0053595000063069165,0.00023129998589865863,0.058209899987559766,0.18837899999925867,0.2154955999867525,0.012759100005496293,0.008213300025090575,0.011723400006303564,0.010813499975483865,0.0004265999887138605
0.2,LP3 ($ 	heta $ Only),30,507,0.0,,0,0,0,0,0.0,0.0,100.0,0.0011252999829594046,0.0024301000230479985,5.780000356025994e-05,0.08826029999181628,0.14426000000094064,0.07692859999951907,0.014130199997453019,0.008327300020027906,0.013121700001647696,0.0121196000254713,0.0004487000114750117
0.2,LP3 ($ 	heta $ Only),31,538,0.0,,0,0,0,0,0.0,0.0,100.0,0.001205000007757917,0.0024825999862514436,5.780000356025994e-05,0.07117510001990013,0.149935200024629,0.061874099978012964,0.01345150000997819,0.012848799990024418,0.010854999971343204,0.007927200000267476,0.00025110002025030553
0.2,LP3 ($ 	heta $ Only),32,570,0.0,,0,0,0,0,0.0,0.0,100.0,0.0011286000080872327,0.0023997999960556626,5.8299978263676167e-05,0.07702660001814365,0.12470529999700375,0.05248030001530424,0.0106734000146389,0.016653900005621836,0.016184099979000166,0.013168100005714223,0.000513100007083267
0.2,LP3 ($ 	heta $ Only),33,603,0.0003298694225199639,,1,1,1,0,2.9988129319996716e-05,20.0,80.0,0.0012792999914381653,0.0024193999997805804,0.00021430000197142363,0.07425859998329543,0.12779430000227876,0.04782609999529086,0.014303100004326552,0.010555999993812293,0.013656800001626834,0.011637599993264303,0.00023710000095888972
0.2,LP3 ($ 	heta $ Only),34,637,0.0007675733174190053,,0,5,1,4,6.651839535630525e-05,60.0,40.0,0.0011306999949738383,0.0028291000053286552,5.9200014220550656e-05,0.08174019999569282,0.12383590001263656,0.059992499998770654,0.011525599984452128,0.008590499986894429,0.011476300016511232,0.013753000006545335,0.0002437999937683344
0.2,LP3 ($ 	heta $ Only),35,672,0.0,,2,0,0,0,0.0,0.0,100.0,0.0012969000090379268,0.0025950999988708645,0.00021580001339316368,0.09874670000863262,0.12361160002183169,0.05695420000120066,0.010803000011947006,0.011214400001335889,0.009135800006333739,0.010275200009346008,0.00023010000586509705
0.2,LP3 ($ 	heta $ Only),36,708,0.0011226770082896156,,0,4,1,3,9.231594425203377e-05,90.0,10.0,0.003952500002924353,0.0029291999817360193,5.8699981309473515e-05,0.07849559999885969,0.13562430001911707,0.038103099999716505,0.010086399997817352,0.014793000009376556,0.10163140000076964,0.08072420000098646,0.0007787999929860234
0.2,LP3 ($ 	heta $ Only),37,745,0.0,,0,0,0,0,0.0,0.0,100.0,0.015787500014994293,0.011079799995059147,0.00019940000493079424,0.14715870001236908,0.12366240000119433,0.06312410000828095,0.011816000012913719,0.010000500013120472,0.020291399996494874,0.013419599999906495,0.0002482999989297241
0.2,LP3 ($ 	heta $ Only),38,783,0.0,,0,0,0,0,0.0,0.0,100.0,0.004637700010789558,0.0037527999957092106,6.469999789260328e-05,0.06073379999725148,0.14826580000226386,0.04843200001050718,0.011086999991675839,0.008226400008425117,0.013339600001927465,0.015501799993216991,0.0007744999893475324
0.2,LP3 ($ 	heta $ Only),39,822,0.0,,0,0,0,0,0.0,0.0,100.0,0.003989399992860854,0.006671800016192719,8.800000068731606e-05,0.07442849999642931,0.13891530002001673,0.05729080000310205,0.011803400004282594,0.010173399990890175,0.008779099996900186,0.010890900011872873,0.00045479999971576035
0.2,LP3 ($ 	heta $ Only),40,862,0.0,,0,0,0,0,0.0,0.0,100.0,0.001184099994134158,0.0033343999821227044,9.950000094249845e-05,0.08690100000239909,0.24283780000405386,0.07198489998700097,0.012042799993650988,0.008746399980736896,0.011487700016004965,0.011153300001751631,0.00032110000029206276
0.2,LP3 ($ 	heta $ Only),41,903,0.0,,1,0,0,0,0.0,0.0,100.0,0.0012543000048026443,0.002515500003937632,0.00020479998784139752,0.08695609998540021,0.1282628999906592,0.06808130000717938,0.0120943000074476,0.009458299988182262,0.013987400016048923,0.014435799996135756,0.000697199982823804
0.2,LP3 ($ 	heta $ Only),42,945,0.0005220416982667299,,0,1,0,1,5.2027307818344804e-05,40.0,60.0,0.001636000000871718,0.004017500003101304,8.440000237897038e-05,0.07397019999916665,0.1308257000055164,0.0784964999766089,0.009574600000632927,0.013325799984158948,0.011982500000158325,0.00865400000475347,0.00024090000079013407
0.2,LP3 ($ 	heta $ Only),43,988,0.0,,0,0,0,0,0.0,0.0,100.0,0.0011415000190027058,0.004274200007785112,6.180000491440296e-05,0.0712704999896232,0.13503630002378486,0.050877500005299225,0.011714299995219335,0.00862139998935163,0.010893700004089624,0.013820699998177588,0.00024449999909847975
0.2,LP3 ($ 	heta $ Only),44,1032,0.0,,0,0,0,0,0.0,0.0,100.0,0.0013614999770652503,0.0026820000202860683,5.959998816251755e-05,0.07596010001725517,0.14179570000851527,0.0802906000171788,0.013336700008949265,0.012611199985258281,0.008962399995652959,0.01093869999749586,0.00024330001906491816
0.2,LP3 ($ 	heta $ Only),45,1077,0.0,,0,0,0,0,0.0,0.0,100.0,0.0011346999963279814,0.0024637000169605017,5.77000027988106e-05,0.08293909998610616,0.12789319999865256,0.05675630000769161,0.01064819999737665,0.009948099992470816,0.00828949999413453,0.00904360000276938,0.00024580000899732113
0.2,LP3 ($ 	heta $ Only),46,1123,0.0,,2,0,0,0,0.0,0.0,100.0,0.0040843000169843435,0.0027110000082757324,0.00022460002219304442,0.08335239998996258,0.1301208999939263,0.050718899990897626,0.010110200004419312,0.012643599999137223,0.014292100007878616,0.01170620002085343,0.0004312999953981489
0.2,LP3 ($ 	heta $ Only),47,1170,0.0,,0,0,0,0,0.0,0.0,100.0,0.001129399985074997,0.002737799979513511,7.219999679364264e-05,0.0953946000081487,0.12493999997968785,0.06936309998854995,0.018979900021804497,0.021813100000144914,0.022531599999638274,0.02148149997810833,0.00044830000842921436
0.2,LP3 ($ 	heta $ Only),48,1218,0.0,,0,0,0,0,0.0,0.0,100.0,0.0011413000174798071,0.003987900010542944,0.00025969999842345715,0.08603299999958836,0.12453509998158552,0.049065600003814325,0.011945400008698925,0.01003050000872463,0.01016380000510253,0.00981869999668561,0.00024090000079013407
0.2,LP3 ($ 	heta $ Only),49,1267,0.0,,0,0,0,0,0.0,0.0,100.0,0.003958099987357855,0.0026348000101279467,5.810000584460795e-05,0.08584839999093674,0.13101599999936298,0.056605400022817776,0.014090500015299767,0.011460000008810312,0.009751399978995323,0.01227219999418594,0.00025469998945482075
0.2,Weighted LP3 ($ 	heta $ Only),0,42,0.0006977122457710529,,2,3,0,3,7.430506833486907e-05,50.0,50.0,0.0016325000033248216,0.003580899996450171,0.00023509998572990298,0.07237110001733527,0.11955569998826832,0.06367529998533428,0.014686300011817366,0.014136500016320497,0.01554500000202097,0.00880519999191165,0.00023110001347959042
0.2,Weighted LP3 ($ 	heta $ Only),1,43,0.0,,0,0,0,0,0.0,0.0,100.0,0.001124100002925843,0.003156099992338568,6.169997504912317e-05,0.07853160001104698,0.12727969998377375,0.05305879999650642,0.012372700002742931,0.01515079999808222,0.012640500004636124,0.008766799990553409,0.0002415000053588301
0.2,Weighted LP3 ($ 	heta $ Only),2,45,0.0,,0,0,0,0,0.0,0.0,100.0,0.0017444000113755465,0.0026113000058103353,5.949998740106821e-05,0.07702389999758452,0.14278379999450408,0.04793479997897521,0.01117119999253191,0.010825600009411573,0.01065140002174303,0.009068300016224384,0.0004443999787326902
0.2,Weighted LP3 ($ 	heta $ Only),3,48,0.0,,0,0,0,0,0.0,0.0,100.0,0.004558399989036843,0.002409400010947138,5.709999823011458e-05,0.07133299999986775,0.12810830000671558,0.05627329999697395,0.01145579997682944,0.008900399989215657,0.013339199998881668,0.014070300007006153,0.00024269998539239168
0.2,Weighted LP3 ($ 	heta $ Only),4,52,0.0,,0,0,0,0,0.0,0.0,100.0,0.0011329000117257237,0.0022920999908819795,5.629999213851988e-05,0.08007250001537614,0.1302686000126414,0.06914509998750873,0.014206899999408051,0.021374800009652972,0.019958200020482764,0.0252776000124868,0.0010350999946240336
0.2,Weighted LP3 ($ 	heta $ Only),5,57,0.0004941077779344824,,0,4,0,4,4.257656085402301e-05,40.0,60.0,0.0011655999987851828,0.009141800022916868,0.0001345000055152923,0.10100039999815635,0.12986839999211952,0.06235500000184402,0.009039100026711822,0.01530950001324527,0.016671799996402115,0.01632870000321418,0.00024300001678057015
0.2,Weighted LP3 ($ 	heta $ Only),6,63,0.0004901256838809865,,0,3,0,3,4.680416503835165e-05,40.0,60.0,0.001125399983720854,0.0021899999992456287,5.649999366141856e-05,0.0791390000085812,0.1373891000112053,0.061505000019678846,0.012526200007414445,0.009502200002316386,0.011895300005562603,0.011829000024590641,0.0002911999763455242
0.2,Weighted LP3 ($ 	heta $ Only),7,70,0.0,,0,0,0,0,0.0,0.0,100.0,0.0012178000179119408,0.002228500001365319,5.810000584460795e-05,0.08289579997654073,0.10905389999970794,0.047591399983502924,0.011335299990605563,0.009815500001423061,0.010069700016174465,0.009649399988120422,0.00024309998843818903
0.2,Weighted LP3 ($ 	heta $ Only),8,78,0.0003091979858908645,,0,1,0,1,4.4677998159677965e-05,40.0,60.0,0.001137000013841316,0.002320500003406778,5.640002200379968e-05,0.0842897999973502,0.3343708000029437,0.07587910001166165,0.012789799977326766,0.013418600021395832,0.026662500022212043,0.009852499992121011,0.0002452000044286251
0.2,Weighted LP3 ($ 	heta $ Only),9,87,0.0,,0,0,0,0,0.0,0.0,100.0,0.0011498999956529588,0.006598899984965101,8.930001058615744e-05,0.13428659999044612,0.13245949998963624,0.06263689999468625,0.009940199990523979,0.01154009997844696,0.010227999999187887,0.012703699991106987,0.00027150000096298754
0.2,Weighted LP3 ($ 	heta $ Only),10,97,0.00035859800763498397,,0,1,0,1,4.794253169792348e-05,30.0,70.0,0.0018088000069838017,0.006331499986117706,0.00012099999003112316,0.08383979997597635,0.1159367999935057,0.03690500001539476,0.013632800022605807,0.011122600000817329,0.015453700005309656,0.014035000000149012,0.0002429000160191208
0.2,Weighted LP3 ($ 	heta $ Only),11,108,0.0,,0,0,0,0,0.0,0.0,100.0,0.001289099978748709,0.005493500008014962,7.259999983943999e-05,0.08468829997582361,0.13847370000439696,0.08222340000793338,0.011752599995816126,0.012581499991938472,0.008950699993874878,0.012712800002191216,0.00044850000995211303
0.2,Weighted LP3 ($ 	heta $ Only),12,120,0.0008102634903610897,,0,4,1,3,8.202885921301875e-05,60.0,40.0,0.0011128000041935593,0.002765199984423816,5.8699981309473515e-05,0.11032590002287179,0.13251679998938926,0.0476636000094004,0.014429900009417906,0.012861600000178441,0.009951100015314296,0.013509599986718968,0.00044860001071356237
0.2,Weighted LP3 ($ 	heta $ Only),13,133,0.0006088281965039705,,1,3,0,3,8.376019954399617e-05,60.0,40.0,0.001115499995648861,0.0023050000017974526,0.00021670002024620771,0.07023189999745227,0.1490306000050623,0.047791199991479516,0.012097500002710149,0.009061799995834008,0.012076399987563491,0.011816799989901483,0.0002449000021442771
0.2,Weighted LP3 ($ 	heta $ Only),14,147,0.0,,2,0,0,0,0.0,0.0,100.0,0.0011200000008102506,0.002418099989881739,0.00020670000230893493,0.06369280000217259,0.11950430000433698,0.061047299997881055,0.01092400000197813,0.00940070001524873,0.01358630001777783,0.00979790001292713,0.0014235000126063824
0.2,Weighted LP3 ($ 	heta $ Only),15,162,0.0,,0,0,0,0,0.0,0.0,100.0,0.0027230999839957803,0.0030820000101812184,6.309998570941389e-05,0.08005739998770878,0.15618089999770746,0.08287610000115819,0.0123269000032451,0.010805800004163757,0.016031600011046976,0.011926300008781254,0.00044880001223646104
0.2,Weighted LP3 ($ 	heta $ Only),16,178,0.0,,0,0,0,0,0.0,0.0,100.0,0.0011215000122319907,0.0029399000050034374,5.940001574344933e-05,0.2594840999809094,0.12903420001384802,0.05704879999393597,0.010289900004863739,0.009951699990779161,0.010542599979089573,0.008011600002646446,0.0002401999954599887
0.2,Weighted LP3 ($ 	heta $ Only),17,195,0.0,,0,0,0,0,0.0,0.0,100.0,0.001126599992858246,0.004250900004990399,0.00012269997387193143,0.08767350000562146,0.14185259997611865,0.05724309998913668,0.009557500015944242,0.0113683000090532,0.014218299998901784,0.008685599983436987,0.00030899999546818435
0.2,Weighted LP3 ($ 	heta $ Only),18,213,0.0,,0,0,0,0,0.0,0.0,100.0,0.001357600005576387,0.0030666000093333423,6.389999180100858e-05,0.07760200000484474,0.12976469998829998,0.05473790000542067,0.010142399987671524,0.009606899984646589,0.013888299989048392,0.008980299986433238,0.00024360002134926617
0.2,Weighted LP3 ($ 	heta $ Only),19,232,0.0,,0,0,0,0,0.0,0.0,100.0,0.003980500012403354,0.0037527000240515918,8.840000373311341e-05,0.08152210002299398,0.2597993000235874,0.06850870000198483,0.008640900021418929,0.009694800013676286,0.008572200022172183,0.01067499999771826,0.000621199986198917
0.2,Weighted LP3 ($ 	heta $ Only),20,252,0.0,,0,0,0,0,0.0,0.0,100.0,0.0011791999859269708,0.0024344999983441085,5.729999975301325e-05,0.10533639998175204,0.13783640001202002,0.053399399999761954,0.009570199996232986,0.012656200007768348,0.011501500004669651,0.008800899988273159,0.00024350002058781683
0.2,Weighted LP3 ($ 	heta $ Only),21,273,0.0,,0,0,0,0,0.0,0.0,100.0,0.0014582000148948282,0.002921399980550632,6.409999332390726e-05,0.08320360002107918,0.13606910000089556,0.04418770002666861,0.011364600009983405,0.008541199989849702,0.010572200000751764,0.014161500002956018,0.00024080000002868474
0.2,Weighted LP3 ($ 	heta $ Only),22,295,0.0,,2,0,0,0,0.0,0.0,100.0,0.0013203999842517078,0.0027528000064194202,0.00021190001280047,0.07906749998801388,0.18324799998663366,0.2107518999837339,0.02009360000374727,0.026139099994907156,0.009518000006210059,0.010746500018285587,0.0006868999917060137
0.2,Weighted LP3 ($ 	heta $ Only),23,318,0.001069450764806221,,0,4,1,3,9.326508687902971e-05,70.0,30.0,0.002592899982118979,0.006514699984109029,0.0001260999997612089,0.08896729999105446,0.12985560001106933,0.04303289999370463,0.012973300006706268,0.01213129999814555,0.011605799983954057,0.008677600009832531,0.0002437999937683344
0.2,Weighted LP3 ($ 	heta $ Only),24,342,0.0,,2,0,0,0,0.0,0.0,100.0,0.001254500006325543,0.0055884000030346215,0.00022059999173507094,0.07226450002053753,0.1271880999847781,0.08864430000539869,0.011773400008678436,0.007853199989767745,0.015204499999526888,0.01139659999171272,0.00024009999469853938
0.2,Weighted LP3 ($ 	heta $ Only),25,367,0.0,,0,0,0,0,0.0,0.0,100.0,0.0011503999994602054,0.003831099980743602,9.899999713525176e-05,0.0830209000268951,0.14429130000644363,0.04187180000008084,0.008113600022625178,0.010570599988568574,0.013811799988616258,0.010571899998467416,0.0010268999903928488
0.2,Weighted LP3 ($ 	heta $ Only),26,393,0.0005914002929580111,,2,2,0,2,7.039136572767102e-05,60.0,40.0,0.006877999985590577,0.0035902000090572983,0.0002175999979954213,0.1459751999936998,0.11671899998327717,0.05232600000454113,0.014222300000255927,0.013761500013060868,0.00961109998752363,0.024705100018763915,0.0006349000032059848
0.2,Weighted LP3 ($ 	heta $ Only),27,420,0.0,,0,0,0,0,0.0,0.0,100.0,0.0012168000102974474,0.0023567999887745827,5.7900004321709275e-05,0.08491119998507202,0.13243800000054762,0.055814399995142594,0.008730100002139807,0.015480600006412715,0.013613599992822856,0.008207099977880716,0.0008128000190481544
0.2,Weighted LP3 ($ 	heta $ Only),28,448,0.0006951705734817565,,0,3,0,3,9.844275532743389e-05,80.0,20.0,0.003224999993108213,0.002445000020088628,6.370001938194036e-05,0.08040690000052564,0.1279355000006035,0.07368299999507144,0.009721799986436963,0.010743399994680658,0.01080099999671802,0.008561700000427663,0.0002480999974068254
0.2,Weighted LP3 ($ 	heta $ Only),29,477,0.0,,2,0,0,0,0.0,0.0,100.0,0.001131199998781085,0.0053595000063069165,0.00023129998589865863,0.058209899987559766,0.18837899999925867,0.2154955999867525,0.012759100005496293,0.008213300025090575,0.011723400006303564,0.010813499975483865,0.0004265999887138605
0.2,Weighted LP3 ($ 	heta $ Only),30,507,0.0,,0,0,0,0,0.0,0.0,100.0,0.0011252999829594046,0.0024301000230479985,5.780000356025994e-05,0.08826029999181628,0.14426000000094064,0.07692859999951907,0.014130199997453019,0.008327300020027906,0.013121700001647696,0.0121196000254713,0.0004487000114750117
0.2,Weighted LP3 ($ 	heta $ Only),31,538,0.0,,0,0,0,0,0.0,0.0,100.0,0.001205000007757917,0.0024825999862514436,5.780000356025994e-05,0.07117510001990013,0.149935200024629,0.061874099978012964,0.01345150000997819,0.012848799990024418,0.010854999971343204,0.007927200000267476,0.00025110002025030553
0.2,Weighted LP3 ($ 	heta $ Only),32,570,0.0,,0,0,0,0,0.0,0.0,100.0,0.0011286000080872327,0.0023997999960556626,5.8299978263676167e-05,0.07702660001814365,0.12470529999700375,0.05248030001530424,0.0106734000146389,0.016653900005621836,0.016184099979000166,0.013168100005714223,0.000513100007083267
0.2,Weighted LP3 ($ 	heta $ Only),33,603,0.0003298694225199639,,1,1,1,0,2.9988129319996716e-05,20.0,80.0,0.0012792999914381653,0.0024193999997805804,0.00021430000197142363,0.07425859998329543,0.12779430000227876,0.04782609999529086,0.014303100004326552,0.010555999993812293,0.013656800001626834,0.011637599993264303,0.00023710000095888972
0.2,Weighted LP3 ($ 	heta $ Only),34,637,0.000579178666231321,,0,5,1,4,6.651839535630525e-05,60.0,40.0,0.0011306999949738383,0.0028291000053286552,5.9200014220550656e-05,0.08174019999569282,0.12383590001263656,0.059992499998770654,0.011525599984452128,0.008590499986894429,0.011476300016511232,0.013753000006545335,0.0002437999937683344
0.2,Weighted LP3 ($ 	heta $ Only),35,672,0.0,,2,0,0,0,0.0,0.0,100.0,0.0012969000090379268,0.0025950999988708645,0.00021580001339316368,0.09874670000863262,0.12361160002183169,0.05695420000120066,0.010803000011947006,0.011214400001335889,0.009135800006333739,0.010275200009346008,0.00023010000586509705
0.2,Weighted LP3 ($ 	heta $ Only),36,708,0.0008643342408833045,,0,4,1,3,7.487937401852561e-05,70.0,30.0,0.003952500002924353,0.0029291999817360193,5.8699981309473515e-05,0.07849559999885969,0.13562430001911707,0.038103099999716505,0.010086399997817352,0.014793000009376556,0.10163140000076964,0.08072420000098646,0.0007787999929860234
0.2,Weighted LP3 ($ 	heta $ Only),37,745,0.0,,0,0,0,0,0.0,0.0,100.0,0.015787500014994293,0.011079799995059147,0.00019940000493079424,0.14715870001236908,0.12366240000119433,0.06312410000828095,0.011816000012913719,0.010000500013120472,0.020291399996494874,0.013419599999906495,0.0002482999989297241
0.2,Weighted LP3 ($ 	heta $ Only),38,783,0.0,,0,0,0,0,0.0,0.0,100.0,0.004637700010789558,0.0037527999957092106,6.469999789260328e-05,0.06073379999725148,0.14826580000226386,0.04843200001050718,0.011086999991675839,0.008226400008425117,0.013339600001927465,0.015501799993216991,0.0007744999893475324
0.2,Weighted LP3 ($ 	heta $ Only),39,822,0.0,,0,0,0,0,0.0,0.0,100.0,0.003989399992860854,0.006671800016192719,8.800000068731606e-05,0.07442849999642931,0.13891530002001673,0.05729080000310205,0.011803400004282594,0.010173399990890175,0.008779099996900186,0.010890900011872873,0.00045479999971576035
0.2,Weighted LP3 ($ 	heta $ Only),40,862,0.0,,0,0,0,0,0.0,0.0,100.0,0.001184099994134158,0.0033343999821227044,9.950000094249845e-05,0.08690100000239909,0.24283780000405386,0.07198489998700097,0.012042799993650988,0.008746399980736896,0.011487700016004965,0.011153300001751631,0.00032110000029206276
0.2,Weighted LP3 ($ 	heta $ Only),41,903,0.0,,1,0,0,0,0.0,0.0,100.0,0.0012543000048026443,0.002515500003937632,0.00020479998784139752,0.08695609998540021,0.1282628999906592,0.06808130000717938,0.0120943000074476,0.009458299988182262,0.013987400016048923,0.014435799996135756,0.000697199982823804
0.2,Weighted LP3 ($ 	heta $ Only),42,945,0.0003821319809830413,,0,1,0,1,5.1727396818502145e-05,30.0,70.0,0.001636000000871718,0.004017500003101304,8.440000237897038e-05,0.07397019999916665,0.1308257000055164,0.0784964999766089,0.009574600000632927,0.013325799984158948,0.011982500000158325,0.00865400000475347,0.00024090000079013407
0.2,Weighted LP3 ($ 	heta $ Only),43,988,0.0,,0,0,0,0,0.0,0.0,100.0,0.0011415000190027058,0.004274200007785112,6.180000491440296e-05,0.0712704999896232,0.13503630002378486,0.050877500005299225,0.011714299995219335,0.00862139998935163,0.010893700004089624,0.013820699998177588,0.00024449999909847975
0.2,Weighted LP3 ($ 	heta $ Only),44,1032,0.0,,0,0,0,0,0.0,0.0,100.0,0.0013614999770652503,0.0026820000202860683,5.959998816251755e-05,0.07596010001725517,0.14179570000851527,0.0802906000171788,0.013336700008949265,0.012611199985258281,0.008962399995652959,0.01093869999749586,0.00024330001906491816
0.2,Weighted LP3 ($ 	heta $ Only),45,1077,0.0,,0,0,0,0,0.0,0.0,100.0,0.0011346999963279814,0.0024637000169605017,5.77000027988106e-05,0.08293909998610616,0.12789319999865256,0.05675630000769161,0.01064819999737665,0.009948099992470816,0.00828949999413453,0.00904360000276938,0.00024580000899732113
0.2,Weighted LP3 ($ 	heta $ Only),46,1123,0.0,,2,0,0,0,0.0,0.0,100.0,0.0040843000169843435,0.0027110000082757324,0.00022460002219304442,0.08335239998996258,0.1301208999939263,0.050718899990897626,0.010110200004419312,0.012643599999137223,0.014292100007878616,0.01170620002085343,0.0004312999953981489
0.2,Weighted LP3 ($ 	heta $ Only),47,1170,0.0,,0,0,0,0,0.0,0.0,100.0,0.001129399985074997,0.002737799979513511,7.219999679364264e-05,0.0953946000081487,0.12493999997968785,0.06936309998854995,0.018979900021804497,0.021813100000144914,0.022531599999638274,0.02148149997810833,0.00044830000842921436
0.2,Weighted LP3 ($ 	heta $ Only),48,1218,0.0,,0,0,0,0,0.0,0.0,100.0,0.0011413000174798071,0.003987900010542944,0.00025969999842345715,0.08603299999958836,0.12453509998158552,0.049065600003814325,0.011945400008698925,0.01003050000872463,0.01016380000510253,0.00981869999668561,0.00024090000079013407
0.2,Weighted LP3 ($ 	heta $ Only),49,1267,0.0,,0,0,0,0,0.0,0.0,100.0,0.003958099987357855,0.0026348000101279467,5.810000584460795e-05,0.08584839999093674,0.13101599999936298,0.056605400022817776,0.014090500015299767,0.011460000008810312,0.009751399978995323,0.01227219999418594,0.00025469998945482075
0.2,Borda LP3 ($ 	heta $ Only),0,42,0.0009137478460010892,,2,5,2,3,9.07506470271843e-05,80.0,20.0,0.0016325000033248216,0.003580899996450171,0.00023509998572990298,0.07237110001733527,0.11955569998826832,0.06367529998533428,0.014686300011817366,0.014136500016320497,0.01554500000202097,0.00880519999191165,0.00023110001347959042
0.2,Borda LP3 ($ 	heta $ Only),1,43,0.0,,0,0,0,0,0.0,0.0,100.0,0.001124100002925843,0.003156099992338568,6.169997504912317e-05,0.07853160001104698,0.12727969998377375,0.05305879999650642,0.012372700002742931,0.01515079999808222,0.012640500004636124,0.008766799990553409,0.0002415000053588301
0.2,Borda LP3 ($ 	heta $ Only),2,45,0.0,,0,0,0,0,0.0,0.0,100.0,0.0017444000113755465,0.0026113000058103353,5.949998740106821e-05,0.07702389999758452,0.14278379999450408,0.04793479997897521,0.01117119999253191,0.010825600009411573,0.01065140002174303,0.009068300016224384,0.0004443999787326902
0.2,Borda LP3 ($ 	heta $ Only),3,48,0.0,,0,0,0,0,0.0,0.0,100.0,0.004558399989036843,0.002409400010947138,5.709999823011458e-05,0.07133299999986775,0.12810830000671558,0.05627329999697395,0.01145579997682944,0.008900399989215657,0.013339199998881668,0.014070300007006153,0.00024269998539239168
0.2,Borda LP3 ($ 	heta $ Only),4,52,0.0,,0,0,0,0,0.0,0.0,100.0,0.0011329000117257237,0.0022920999908819795,5.629999213851988e-05,0.08007250001537614,0.1302686000126414,0.06914509998750873,0.014206899999408051,0.021374800009652972,0.019958200020482764,0.0252776000124868,0.0010350999946240336
0.2,Borda LP3 ($ 	heta $ Only),5,57,0.0004017829846793223,,0,4,0,4,4.294204688949154e-05,20.0,80.0,0.0011655999987851828,0.009141800022916868,0.0001345000055152923,0.10100039999815635,0.12986839999211952,0.06235500000184402,0.009039100026711822,0.01530950001324527,0.016671799996402115,0.01632870000321418,0.00024300001678057015
0.2,Borda LP3 ($ 	heta $ Only),6,63,0.0003984294909633996,,0,3,0,3,0.00019842949096339995,30.0,70.0,0.001125399983720854,0.0021899999992456287,5.649999366141856e-05,0.0791390000085812,0.1373891000112053,0.061505000019678846,0.012526200007414445,0.009502200002316386,0.011895300005562603,0.011829000024590641,0.0002911999763455242
0.2,Borda LP3 ($ 	heta $ Only),7,70,0.0,,0,0,0,0,0.0,0.0,100.0,0.0012178000179119408,0.002228500001365319,5.810000584460795e-05,0.08289579997654073,0.10905389999970794,0.047591399983502924,0.011335299990605563,0.009815500001423061,0.010069700016174465,0.009649399988120422,0.00024309998843818903
0.2,Borda LP3 ($ 	heta $ Only),8,78,0.00039145797975645793,,0,1,0,1,4.4677998159677965e-05,40.0,60.0,0.001137000013841316,0.002320500003406778,5.640002200379968e-05,0.0842897999973502,0.3343708000029437,0.07587910001166165,0.012789799977326766,0.013418600021395832,0.026662500022212043,0.009852499992121011,0.0002452000044286251
0.2,Borda LP3 ($ 	heta $ Only),9,87,0.0,,0,0,0,0,0.0,0.0,100.0,0.0011498999956529588,0.006598899984965101,8.930001058615744e-05,0.13428659999044612,0.13245949998963624,0.06263689999468625,0.009940199990523979,0.01154009997844696,0.010227999999187887,0.012703699991106987,0.00027150000096298754
0.2,Borda LP3 ($ 	heta $ Only),10,97,0.0005091929795257643,,0,1,0,1,4.629027086597857e-05,20.0,80.0,0.0018088000069838017,0.006331499986117706,0.00012099999003112316,0.08383979997597635,0.1159367999935057,0.03690500001539476,0.013632800022605807,0.011122600000817329,0.015453700005309656,0.014035000000149012,0.0002429000160191208
0.2,Borda LP3 ($ 	heta $ Only),11,108,0.0,,0,0,0,0,0.0,0.0,100.0,0.001289099978748709,0.005493500008014962,7.259999983943999e-05,0.08468829997582361,0.13847370000439696,0.08222340000793338,0.011752599995816126,0.012581499991938472,0.008950699993874878,0.012712800002191216,0.00044850000995211303
0.2,Borda LP3 ($ 	heta $ Only),12,120,0.0010676468822702337,,0,3,0,3,0.00010903915647522312,80.0,20.0,0.0011128000041935593,0.002765199984423816,5.8699981309473515e-05,0.11032590002287179,0.13251679998938926,0.0476636000094004,0.014429900009417906,0.012861600000178441,0.009951100015314296,0.013509599986718968,0.00044860001071356237
0.2,Borda LP3 ($ 	heta $ Only),13,133,0.00027734093955537317,,1,1,0,1,0.00027734093955537317,10.0,90.0,0.001115499995648861,0.0023050000017974526,0.00021670002024620771,0.07023189999745227,0.1490306000050623,0.047791199991479516,0.012097500002710149,0.009061799995834008,0.012076399987563491,0.011816799989901483,0.0002449000021442771
0.2,Borda LP3 ($ 	heta $ Only),14,147,0.0,,2,0,0,0,0.0,0.0,100.0,0.0011200000008102506,0.002418099989881739,0.00020670000230893493,0.06369280000217259,0.11950430000433698,0.061047299997881055,0.01092400000197813,0.00940070001524873,0.01358630001777783,0.00979790001292713,0.0014235000126063824
0.2,Borda LP3 ($ 	heta $ Only),15,162,0.0,,0,0,0,0,0.0,0.0,100.0,0.0027230999839957803,0.0030820000101812184,6.309998570941389e-05,0.08005739998770878,0.15618089999770746,0.08287610000115819,0.0123269000032451,0.010805800004163757,0.016031600011046976,0.011926300008781254,0.00044880001223646104
0.2,Borda LP3 ($ 	heta $ Only),16,178,0.0,,0,0,0,0,0.0,0.0,100.0,0.0011215000122319907,0.0029399000050034374,5.940001574344933e-05,0.2594840999809094,0.12903420001384802,0.05704879999393597,0.010289900004863739,0.009951699990779161,0.010542599979089573,0.008011600002646446,0.0002401999954599887
0.2,Borda LP3 ($ 	heta $ Only),17,195,0.0,,0,0,0,0,0.0,0.0,100.0,0.001126599992858246,0.004250900004990399,0.00012269997387193143,0.08767350000562146,0.14185259997611865,0.05724309998913668,0.009557500015944242,0.0113683000090532,0.014218299998901784,0.008685599983436987,0.00030899999546818435
0.2,Borda LP3 ($ 	heta $ Only),18,213,0.0,,0,0,0,0,0.0,0.0,100.0,0.001357600005576387,0.0030666000093333423,6.389999180100858e-05,0.07760200000484474,0.12976469998829998,0.05473790000542067,0.010142399987671524,0.009606899984646589,0.013888299989048392,0.008980299986433238,0.00024360002134926617
0.2,Borda LP3 ($ 	heta $ Only),19,232,0.0,,0,0,0,0,0.0,0.0,100.0,0.003980500012403354,0.0037527000240515918,8.840000373311341e-05,0.08152210002299398,0.2597993000235874,0.06850870000198483,0.008640900021418929,0.009694800013676286,0.008572200022172183,0.01067499999771826,0.000621199986198917
0.2,Borda LP3 ($ 	heta $ Only),20,252,0.0,,0,0,0,0,0.0,0.0,100.0,0.0011791999859269708,0.0024344999983441085,5.729999975301325e-05,0.10533639998175204,0.13783640001202002,0.053399399999761954,0.009570199996232986,0.012656200007768348,0.011501500004669651,0.008800899988273159,0.00024350002058781683
0.2,Borda LP3 ($ 	heta $ Only),21,273,0.0,,0,0,0,0,0.0,0.0,100.0,0.0014582000148948282,0.002921399980550632,6.409999332390726e-05,0.08320360002107918,0.13606910000089556,0.04418770002666861,0.011364600009983405,0.008541199989849702,0.010572200000751764,0.014161500002956018,0.00024080000002868474
0.2,Borda LP3 ($ 	heta $ Only),22,295,0.0,,2,0,0,0,0.0,0.0,100.0,0.0013203999842517078,0.0027528000064194202,0.00021190001280047,0.07906749998801388,0.18324799998663366,0.2107518999837339,0.02009360000374727,0.026139099994907156,0.009518000006210059,0.010746500018285587,0.0006868999917060137
0.2,Borda LP3 ($ 	heta $ Only),23,318,0.0009968705913735677,,0,4,1,3,8.357900781739547e-05,50.0,50.0,0.002592899982118979,0.006514699984109029,0.0001260999997612089,0.08896729999105446,0.12985560001106933,0.04303289999370463,0.012973300006706268,0.01213129999814555,0.011605799983954057,0.008677600009832531,0.0002437999937683344
0.2,Borda LP3 ($ 	heta $ Only),24,342,0.0,,2,0,0,0,0.0,0.0,100.0,0.001254500006325543,0.0055884000030346215,0.00022059999173507094,0.07226450002053753,0.1271880999847781,0.08864430000539869,0.011773400008678436,0.007853199989767745,0.015204499999526888,0.01139659999171272,0.00024009999469853938
0.2,Borda LP3 ($ 	heta $ Only),25,367,0.0,,0,0,0,0,0.0,0.0,100.0,0.0011503999994602054,0.003831099980743602,9.899999713525176e-05,0.0830209000268951,0.14429130000644363,0.04187180000008084,0.008113600022625178,0.010570599988568574,0.013811799988616258,0.010571899998467416,0.0010268999903928488
0.2,Borda LP3 ($ 	heta $ Only),26,393,0.00010781666934409113,,2,1,0,1,0.00010781666934409113,20.0,80.0,0.006877999985590577,0.0035902000090572983,0.0002175999979954213,0.1459751999936998,0.11671899998327717,0.05232600000454113,0.014222300000255927,0.013761500013060868,0.00961109998752363,0.024705100018763915,0.0006349000032059848
0.2,Borda LP3 ($ 	heta $ Only),27,420,0.0,,0,0,0,0,0.0,0.0,100.0,0.0012168000102974474,0.0023567999887745827,5.7900004321709275e-05,0.08491119998507202,0.13243800000054762,0.055814399995142594,0.008730100002139807,0.015480600006412715,0.013613599992822856,0.008207099977880716,0.0008128000190481544
0.2,Borda LP3 ($ 	heta $ Only),28,448,0.000973346709852396,,0,2,0,2,8.971328244487993e-05,60.0,40.0,0.003224999993108213,0.002445000020088628,6.370001938194036e-05,0.08040690000052564,0.1279355000006035,0.07368299999507144,0.009721799986436963,0.010743399994680658,0.01080099999671802,0.008561700000427663,0.0002480999974068254
0.2,Borda LP3 ($ 	heta $ Only),29,477,0.0,,2,0,0,0,0.0,0.0,100.0,0.001131199998781085,0.0053595000063069165,0.00023129998589865863,0.058209899987559766,0.18837899999925867,0.2154955999867525,0.012759100005496293,0.008213300025090575,0.011723400006303564,0.010813499975483865,0.0004265999887138605
0.2,Borda LP3 ($ 	heta $ Only),30,507,0.0,,0,0,0,0,0.0,0.0,100.0,0.0011252999829594046,0.0024301000230479985,5.780000356025994e-05,0.08826029999181628,0.14426000000094064,0.07692859999951907,0.014130199997453019,0.008327300020027906,0.013121700001647696,0.0121196000254713,0.0004487000114750117
0.2,Borda LP3 ($ 	heta $ Only),31,538,0.0,,0,0,0,0,0.0,0.0,100.0,0.001205000007757917,0.0024825999862514436,5.780000356025994e-05,0.07117510001990013,0.149935200024629,0.061874099978012964,0.01345150000997819,0.012848799990024418,0.010854999971343204,0.007927200000267476,0.00025110002025030553
0.2,Borda LP3 ($ 	heta $ Only),32,570,0.0,,0,0,0,0,0.0,0.0,100.0,0.0011286000080872327,0.0023997999960556626,5.8299978263676167e-05,0.07702660001814365,0.12470529999700375,0.05248030001530424,0.0106734000146389,0.016653900005621836,0.016184099979000166,0.013168100005714223,0.000513100007083267
0.2,Borda LP3 ($ 	heta $ Only),33,603,0.0003186772655423935,,1,2,1,1,4.537749251389575e-05,50.0,50.0,0.0012792999914381653,0.0024193999997805804,0.00021430000197142363,0.07425859998329543,0.12779430000227876,0.04782609999529086,0.014303100004326552,0.010555999993812293,0.013656800001626834,0.011637599993264303,0.00023710000095888972
0.2,Borda LP3 ($ 	heta $ Only),34,637,0.0007675733174190053,,0,5,1,4,6.651839535630525e-05,60.0,40.0,0.0011306999949738383,0.0028291000053286552,5.9200014220550656e-05,0.08174019999569282,0.12383590001263656,0.059992499998770654,0.011525599984452128,0.008590499986894429,0.011476300016511232,0.013753000006545335,0.0002437999937683344
0.2,Borda LP3 ($ 	heta $ Only),35,672,0.0,,2,0,0,0,0.0,0.0,100.0,0.0012969000090379268,0.0025950999988708645,0.00021580001339316368,0.09874670000863262,0.12361160002183169,0.05695420000120066,0.010803000011947006,0.011214400001335889,0.009135800006333739,0.010275200009346008,0.00023010000586509705
0.2,Borda LP3 ($ 	heta $ Only),36,708,0.0011226770082896156,,0,4,1,3,9.231594425203377e-05,90.0,10.0,0.003952500002924353,0.0029291999817360193,5.8699981309473515e-05,0.07849559999885969,0.13562430001911707,0.038103099999716505,0.010086399997817352,0.014793000009376556,0.10163140000076964,0.08072420000098646,0.0007787999929860234
0.2,Borda LP3 ($ 	heta $ Only),37,745,0.0,,0,0,0,0,0.0,0.0,100.0,0.015787500014994293,0.011079799995059147,0.00019940000493079424,0.14715870001236908,0.12366240000119433,0.06312410000828095,0.011816000012913719,0.010000500013120472,0.020291399996494874,0.013419599999906495,0.0002482999989297241
0.2,Borda LP3 ($ 	heta $ Only),38,783,0.0,,0,0,0,0,0.0,0.0,100.0,0.004637700010789558,0.0037527999957092106,6.469999789260328e-05,0.06073379999725148,0.14826580000226386,0.04843200001050718,0.011086999991675839,0.008226400008425117,0.013339600001927465,0.015501799993216991,0.0007744999893475324
0.2,Borda LP3 ($ 	heta $ Only),39,822,0.0,,0,0,0,0,0.0,0.0,100.0,0.003989399992860854,0.006671800016192719,8.800000068731606e-05,0.07442849999642931,0.13891530002001673,0.05729080000310205,0.011803400004282594,0.010173399990890175,0.008779099996900186,0.010890900011872873,0.00045479999971576035
0.2,Borda LP3 ($ 	heta $ Only),40,862,0.0,,0,0,0,0,0.0,0.0,100.0,0.001184099994134158,0.0033343999821227044,9.950000094249845e-05,0.08690100000239909,0.24283780000405386,0.07198489998700097,0.012042799993650988,0.008746399980736896,0.011487700016004965,0.011153300001751631,0.00032110000029206276
0.2,Borda LP3 ($ 	heta $ Only),41,903,0.0,,1,0,0,0,0.0,0.0,100.0,0.0012543000048026443,0.002515500003937632,0.00020479998784139752,0.08695609998540021,0.1282628999906592,0.06808130000717938,0.0120943000074476,0.009458299988182262,0.013987400016048923,0.014435799996135756,0.000697199982823804
0.2,Borda LP3 ($ 	heta $ Only),42,945,0.0004868319974289604,,0,2,0,2,6.586250058893492e-05,50.0,50.0,0.001636000000871718,0.004017500003101304,8.440000237897038e-05,0.07397019999916665,0.1308257000055164,0.0784964999766089,0.009574600000632927,0.013325799984158948,0.011982500000158325,0.00865400000475347,0.00024090000079013407
0.2,Borda LP3 ($ 	heta $ Only),43,988,0.0,,0,0,0,0,0.0,0.0,100.0,0.0011415000190027058,0.004274200007785112,6.180000491440296e-05,0.0712704999896232,0.13503630002378486,0.050877500005299225,0.011714299995219335,0.00862139998935163,0.010893700004089624,0.013820699998177588,0.00024449999909847975
0.2,Borda LP3 ($ 	heta $ Only),44,1032,0.0,,0,0,0,0,0.0,0.0,100.0,0.0013614999770652503,0.0026820000202860683,5.959998816251755e-05,0.07596010001725517,0.14179570000851527,0.0802906000171788,0.013336700008949265,0.012611199985258281,0.008962399995652959,0.01093869999749586,0.00024330001906491816
0.2,Borda LP3 ($ 	heta $ Only),45,1077,0.0,,0,0,0,0,0.0,0.0,100.0,0.0011346999963279814,0.0024637000169605017,5.77000027988106e-05,0.08293909998610616,0.12789319999865256,0.05675630000769161,0.01064819999737665,0.009948099992470816,0.00828949999413453,0.00904360000276938,0.00024580000899732113
0.2,Borda LP3 ($ 	heta $ Only),46,1123,0.0,,2,0,0,0,0.0,0.0,100.0,0.0040843000169843435,0.0027110000082757324,0.00022460002219304442,0.08335239998996258,0.1301208999939263,0.050718899990897626,0.010110200004419312,0.012643599999137223,0.014292100007878616,0.01170620002085343,0.0004312999953981489
0.2,Borda LP3 ($ 	heta $ Only),47,1170,0.0,,0,0,0,0,0.0,0.0,100.0,0.001129399985074997,0.002737799979513511,7.219999679364264e-05,0.0953946000081487,0.12493999997968785,0.06936309998854995,0.018979900021804497,0.021813100000144914,0.022531599999638274,0.02148149997810833,0.00044830000842921436
0.2,Borda LP3 ($ 	heta $ Only),48,1218,0.0,,0,0,0,0,0.0,0.0,100.0,0.0011413000174798071,0.003987900010542944,0.00025969999842345715,0.08603299999958836,0.12453509998158552,0.049065600003814325,0.011945400008698925,0.01003050000872463,0.01016380000510253,0.00981869999668561,0.00024090000079013407
0.2,Borda LP3 ($ 	heta $ Only),49,1267,0.0,,0,0,0,0,0.0,0.0,100.0,0.003958099987357855,0.0026348000101279467,5.810000584460795e-05,0.08584839999093674,0.13101599999936298,0.056605400022817776,0.014090500015299767,0.011460000008810312,0.009751399978995323,0.01227219999418594,0.00025469998945482075
0.2,Linear BTL,0,42,,-40.60138871391196,2,4,0,4,,,,0.0016325000033248216,0.003580899996450171,0.00023509998572990298,0.07237110001733527,0.11955569998826832,0.06367529998533428,0.014686300011817366,0.014136500016320497,0.01554500000202097,0.00880519999191165,0.00023110001347959042
0.2,Linear BTL,1,43,,-31.265356633948954,0,0,0,0,,,,0.001124100002925843,0.003156099992338568,6.169997504912317e-05,0.07853160001104698,0.12727969998377375,0.05305879999650642,0.012372700002742931,0.01515079999808222,0.012640500004636124,0.008766799990553409,0.0002415000053588301
0.2,Linear BTL,2,45,,-29.425900834573216,0,1,0,1,,,,0.0017444000113755465,0.0026113000058103353,5.949998740106821e-05,0.07702389999758452,0.14278379999450408,0.04793479997897521,0.01117119999253191,0.010825600009411573,0.01065140002174303,0.009068300016224384,0.0004443999787326902
0.2,Linear BTL,3,48,,-37.71689600596409,0,0,0,0,,,,0.004558399989036843,0.002409400010947138,5.709999823011458e-05,0.07133299999986775,0.12810830000671558,0.05627329999697395,0.01145579997682944,0.008900399989215657,0.013339199998881668,0.014070300007006153,0.00024269998539239168
0.2,Linear BTL,4,52,,-16.32699252793984,0,1,0,1,,,,0.0011329000117257237,0.0022920999908819795,5.629999213851988e-05,0.08007250001537614,0.1302686000126414,0.06914509998750873,0.014206899999408051,0.021374800009652972,0.019958200020482764,0.0252776000124868,0.0010350999946240336
0.2,Linear BTL,5,57,,-36.04221952465946,0,3,0,3,,,,0.0011655999987851828,0.009141800022916868,0.0001345000055152923,0.10100039999815635,0.12986839999211952,0.06235500000184402,0.009039100026711822,0.01530950001324527,0.016671799996402115,0.01632870000321418,0.00024300001678057015
0.2,Linear BTL,6,63,,-47.32878086650341,0,3,0,3,,,,0.001125399983720854,0.0021899999992456287,5.649999366141856e-05,0.0791390000085812,0.1373891000112053,0.061505000019678846,0.012526200007414445,0.009502200002316386,0.011895300005562603,0.011829000024590641,0.0002911999763455242
0.2,Linear BTL,7,70,,-31.84838613724003,0,1,0,1,,,,0.0012178000179119408,0.002228500001365319,5.810000584460795e-05,0.08289579997654073,0.10905389999970794,0.047591399983502924,0.011335299990605563,0.009815500001423061,0.010069700016174465,0.009649399988120422,0.00024309998843818903
0.2,Linear BTL,8,78,,-26.149643438656952,0,2,1,1,,,,0.001137000013841316,0.002320500003406778,5.640002200379968e-05,0.0842897999973502,0.3343708000029437,0.07587910001166165,0.012789799977326766,0.013418600021395832,0.026662500022212043,0.009852499992121011,0.0002452000044286251
0.2,Linear BTL,9,87,,-21.279949904908026,0,1,1,0,,,,0.0011498999956529588,0.006598899984965101,8.930001058615744e-05,0.13428659999044612,0.13245949998963624,0.06263689999468625,0.009940199990523979,0.01154009997844696,0.010227999999187887,0.012703699991106987,0.00027150000096298754
0.2,Linear BTL,10,97,,-34.30535758217431,0,3,0,3,,,,0.0018088000069838017,0.006331499986117706,0.00012099999003112316,0.08383979997597635,0.1159367999935057,0.03690500001539476,0.013632800022605807,0.011122600000817329,0.015453700005309656,0.014035000000149012,0.0002429000160191208
0.2,Linear BTL,11,108,,-28.513346652669203,0,3,1,2,,,,0.001289099978748709,0.005493500008014962,7.259999983943999e-05,0.08468829997582361,0.13847370000439696,0.08222340000793338,0.011752599995816126,0.012581499991938472,0.008950699993874878,0.012712800002191216,0.00044850000995211303
0.2,Linear BTL,12,120,,-39.969720826579795,0,4,1,3,,,,0.0011128000041935593,0.002765199984423816,5.8699981309473515e-05,0.11032590002287179,0.13251679998938926,0.0476636000094004,0.014429900009417906,0.012861600000178441,0.009951100015314296,0.013509599986718968,0.00044860001071356237
0.2,Linear BTL,13,133,,-27.421865096968425,1,4,1,3,,,,0.001115499995648861,0.0023050000017974526,0.00021670002024620771,0.07023189999745227,0.1490306000050623,0.047791199991479516,0.012097500002710149,0.009061799995834008,0.012076399987563491,0.011816799989901483,0.0002449000021442771
0.2,Linear BTL,14,147,,-46.99980979590112,2,2,0,2,,,,0.0011200000008102506,0.002418099989881739,0.00020670000230893493,0.06369280000217259,0.11950430000433698,0.061047299997881055,0.01092400000197813,0.00940070001524873,0.01358630001777783,0.00979790001292713,0.0014235000126063824
0.2,Linear BTL,15,162,,-47.29302581629088,0,1,0,1,,,,0.0027230999839957803,0.0030820000101812184,6.309998570941389e-05,0.08005739998770878,0.15618089999770746,0.08287610000115819,0.0123269000032451,0.010805800004163757,0.016031600011046976,0.011926300008781254,0.00044880001223646104
0.2,Linear BTL,16,178,,-21.836216978093454,0,2,0,2,,,,0.0011215000122319907,0.0029399000050034374,5.940001574344933e-05,0.2594840999809094,0.12903420001384802,0.05704879999393597,0.010289900004863739,0.009951699990779161,0.010542599979089573,0.008011600002646446,0.0002401999954599887
0.2,Linear BTL,17,195,,-26.99823884171707,0,1,0,1,,,,0.001126599992858246,0.004250900004990399,0.00012269997387193143,0.08767350000562146,0.14185259997611865,0.05724309998913668,0.009557500015944242,0.0113683000090532,0.014218299998901784,0.008685599983436987,0.00030899999546818435
0.2,Linear BTL,18,213,,-32.78769192609985,0,2,0,2,,,,0.001357600005576387,0.0030666000093333423,6.389999180100858e-05,0.07760200000484474,0.12976469998829998,0.05473790000542067,0.010142399987671524,0.009606899984646589,0.013888299989048392,0.008980299986433238,0.00024360002134926617
0.2,Linear BTL,19,232,,-37.12698351790321,0,1,0,1,,,,0.003980500012403354,0.0037527000240515918,8.840000373311341e-05,0.08152210002299398,0.2597993000235874,0.06850870000198483,0.008640900021418929,0.009694800013676286,0.008572200022172183,0.01067499999771826,0.000621199986198917
0.2,Linear BTL,20,252,,-33.46736634476237,0,1,0,1,,,,0.0011791999859269708,0.0024344999983441085,5.729999975301325e-05,0.10533639998175204,0.13783640001202002,0.053399399999761954,0.009570199996232986,0.012656200007768348,0.011501500004669651,0.008800899988273159,0.00024350002058781683
0.2,Linear BTL,21,273,,-24.90623651382311,0,0,0,0,,,,0.0014582000148948282,0.002921399980550632,6.409999332390726e-05,0.08320360002107918,0.13606910000089556,0.04418770002666861,0.011364600009983405,0.008541199989849702,0.010572200000751764,0.014161500002956018,0.00024080000002868474
0.2,Linear BTL,22,295,,-33.82780160528932,2,2,0,2,,,,0.0013203999842517078,0.0027528000064194202,0.00021190001280047,0.07906749998801388,0.18324799998663366,0.2107518999837339,0.02009360000374727,0.026139099994907156,0.009518000006210059,0.010746500018285587,0.0006868999917060137
0.2,Linear BTL,23,318,,-44.24038479755392,0,5,2,3,,,,0.002592899982118979,0.006514699984109029,0.0001260999997612089,0.08896729999105446,0.12985560001106933,0.04303289999370463,0.012973300006706268,0.01213129999814555,0.011605799983954057,0.008677600009832531,0.0002437999937683344
0.2,Linear BTL,24,342,,-46.72404082186017,2,3,0,3,,,,0.001254500006325543,0.0055884000030346215,0.00022059999173507094,0.07226450002053753,0.1271880999847781,0.08864430000539869,0.011773400008678436,0.007853199989767745,0.015204499999526888,0.01139659999171272,0.00024009999469853938
0.2,Linear BTL,25,367,,-26.822099960792496,0,2,0,2,,,,0.0011503999994602054,0.003831099980743602,9.899999713525176e-05,0.0830209000268951,0.14429130000644363,0.04187180000008084,0.008113600022625178,0.010570599988568574,0.013811799988616258,0.010571899998467416,0.0010268999903928488
0.2,Linear BTL,26,393,,-40.26220373548644,2,2,0,2,,,,0.006877999985590577,0.0035902000090572983,0.0002175999979954213,0.1459751999936998,0.11671899998327717,0.05232600000454113,0.014222300000255927,0.013761500013060868,0.00961109998752363,0.024705100018763915,0.0006349000032059848
0.2,Linear BTL,27,420,,-13.761309360676098,0,1,0,1,,,,0.0012168000102974474,0.0023567999887745827,5.7900004321709275e-05,0.08491119998507202,0.13243800000054762,0.055814399995142594,0.008730100002139807,0.015480600006412715,0.013613599992822856,0.008207099977880716,0.0008128000190481544
0.2,Linear BTL,28,448,,-30.668562631172538,0,4,1,3,,,,0.003224999993108213,0.002445000020088628,6.370001938194036e-05,0.08040690000052564,0.1279355000006035,0.07368299999507144,0.009721799986436963,0.010743399994680658,0.01080099999671802,0.008561700000427663,0.0002480999974068254
0.2,Linear BTL,29,477,,-37.9764923337083,2,0,0,0,,,,0.001131199998781085,0.0053595000063069165,0.00023129998589865863,0.058209899987559766,0.18837899999925867,0.2154955999867525,0.012759100005496293,0.008213300025090575,0.011723400006303564,0.010813499975483865,0.0004265999887138605
0.2,Linear BTL,30,507,,-27.48232121571307,0,3,0,3,,,,0.0011252999829594046,0.0024301000230479985,5.780000356025994e-05,0.08826029999181628,0.14426000000094064,0.07692859999951907,0.014130199997453019,0.008327300020027906,0.013121700001647696,0.0121196000254713,0.0004487000114750117
0.2,Linear BTL,31,538,,-38.12801880572951,0,2,1,1,,,,0.001205000007757917,0.0024825999862514436,5.780000356025994e-05,0.07117510001990013,0.149935200024629,0.061874099978012964,0.01345150000997819,0.012848799990024418,0.010854999971343204,0.007927200000267476,0.00025110002025030553
0.2,Linear BTL,32,570,,-41.460398267809715,0,3,0,3,,,,0.0011286000080872327,0.0023997999960556626,5.8299978263676167e-05,0.07702660001814365,0.12470529999700375,0.05248030001530424,0.0106734000146389,0.016653900005621836,0.016184099979000166,0.013168100005714223,0.000513100007083267
0.2,Linear BTL,33,603,,-44.380546421052635,1,3,2,1,,,,0.0012792999914381653,0.0024193999997805804,0.00021430000197142363,0.07425859998329543,0.12779430000227876,0.04782609999529086,0.014303100004326552,0.010555999993812293,0.013656800001626834,0.011637599993264303,0.00023710000095888972
0.2,Linear BTL,34,637,,-26.163705502304133,0,4,1,3,,,,0.0011306999949738383,0.0028291000053286552,5.9200014220550656e-05,0.08174019999569282,0.12383590001263656,0.059992499998770654,0.011525599984452128,0.008590499986894429,0.011476300016511232,0.013753000006545335,0.0002437999937683344
0.2,Linear BTL,35,672,,-16.702255465299277,2,1,0,1,,,,0.0012969000090379268,0.0025950999988708645,0.00021580001339316368,0.09874670000863262,0.12361160002183169,0.05695420000120066,0.010803000011947006,0.011214400001335889,0.009135800006333739,0.010275200009346008,0.00023010000586509705
0.2,Linear BTL,36,708,,-40.548515376995105,0,4,1,3,,,,0.003952500002924353,0.0029291999817360193,5.8699981309473515e-05,0.07849559999885969,0.13562430001911707,0.038103099999716505,0.010086399997817352,0.014793000009376556,0.10163140000076964,0.08072420000098646,0.0007787999929860234
0.2,Linear BTL,37,745,,-33.225957070470876,0,2,0,2,,,,0.015787500014994293,0.011079799995059147,0.00019940000493079424,0.14715870001236908,0.12366240000119433,0.06312410000828095,0.011816000012913719,0.010000500013120472,0.020291399996494874,0.013419599999906495,0.0002482999989297241
0.2,Linear BTL,38,783,,-32.295103974585174,0,3,0,3,,,,0.004637700010789558,0.0037527999957092106,6.469999789260328e-05,0.06073379999725148,0.14826580000226386,0.04843200001050718,0.011086999991675839,0.008226400008425117,0.013339600001927465,0.015501799993216991,0.0007744999893475324
0.2,Linear BTL,39,822,,-30.801531802134615,0,3,1,2,,,,0.003989399992860854,0.006671800016192719,8.800000068731606e-05,0.07442849999642931,0.13891530002001673,0.05729080000310205,0.011803400004282594,0.010173399990890175,0.008779099996900186,0.010890900011872873,0.00045479999971576035
0.2,Linear BTL,40,862,,-44.57609155918397,0,2,0,2,,,,0.001184099994134158,0.0033343999821227044,9.950000094249845e-05,0.08690100000239909,0.24283780000405386,0.07198489998700097,0.012042799993650988,0.008746399980736896,0.011487700016004965,0.011153300001751631,0.00032110000029206276
0.2,Linear BTL,41,903,,-54.39967938690641,1,3,0,3,,,,0.0012543000048026443,0.002515500003937632,0.00020479998784139752,0.08695609998540021,0.1282628999906592,0.06808130000717938,0.0120943000074476,0.009458299988182262,0.013987400016048923,0.014435799996135756,0.000697199982823804
0.2,Linear BTL,42,945,,-35.87460776368181,0,2,0,2,,,,0.001636000000871718,0.004017500003101304,8.440000237897038e-05,0.07397019999916665,0.1308257000055164,0.0784964999766089,0.009574600000632927,0.013325799984158948,0.011982500000158325,0.00865400000475347,0.00024090000079013407
0.2,Linear BTL,43,988,,-46.3604165592429,0,2,1,1,,,,0.0011415000190027058,0.004274200007785112,6.180000491440296e-05,0.0712704999896232,0.13503630002378486,0.050877500005299225,0.011714299995219335,0.00862139998935163,0.010893700004089624,0.013820699998177588,0.00024449999909847975
0.2,Linear BTL,44,1032,,-27.334890057852522,0,2,0,2,,,,0.0013614999770652503,0.0026820000202860683,5.959998816251755e-05,0.07596010001725517,0.14179570000851527,0.0802906000171788,0.013336700008949265,0.012611199985258281,0.008962399995652959,0.01093869999749586,0.00024330001906491816
0.2,Linear BTL,45,1077,,-25.550024937849727,0,3,0,3,,,,0.0011346999963279814,0.0024637000169605017,5.77000027988106e-05,0.08293909998610616,0.12789319999865256,0.05675630000769161,0.01064819999737665,0.009948099992470816,0.00828949999413453,0.00904360000276938,0.00024580000899732113
0.2,Linear BTL,46,1123,,-38.988122810367045,2,3,0,3,,,,0.0040843000169843435,0.0027110000082757324,0.00022460002219304442,0.08335239998996258,0.1301208999939263,0.050718899990897626,0.010110200004419312,0.012643599999137223,0.014292100007878616,0.01170620002085343,0.0004312999953981489
0.2,Linear BTL,47,1170,,-27.71199047385941,0,2,0,2,,,,0.001129399985074997,0.002737799979513511,7.219999679364264e-05,0.0953946000081487,0.12493999997968785,0.06936309998854995,0.018979900021804497,0.021813100000144914,0.022531599999638274,0.02148149997810833,0.00044830000842921436
0.2,Linear BTL,48,1218,,-25.551959746176227,0,0,0,0,,,,0.0011413000174798071,0.003987900010542944,0.00025969999842345715,0.08603299999958836,0.12453509998158552,0.049065600003814325,0.011945400008698925,0.01003050000872463,0.01016380000510253,0.00981869999668561,0.00024090000079013407
0.2,Linear BTL,49,1267,,-47.466398161945854,0,7,2,5,,,,0.003958099987357855,0.0026348000101279467,5.810000584460795e-05,0.08584839999093674,0.13101599999936298,0.056605400022817776,0.014090500015299767,0.011460000008810312,0.009751399978995323,0.01227219999418594,0.00025469998945482075
0.3,LP2 ($ 	heta $ Only),0,42,2.0368122979890478e-05,,3,5,0,5,2.0368122979890478e-05,30.0,70.0,0.0021588999952655286,0.005115900014061481,0.00022960000205785036,0.09074800001690164,0.13263340000412427,0.05246949999127537,0.013125800003763288,0.016941000008955598,0.018563299992820248,0.015348899993114173,0.0002486000012140721
0.3,LP2 ($ 	heta $ Only),1,43,0.0,,0,0,0,0,0.0,0.0,100.0,0.0017698000010568649,0.011908199987374246,0.00012320000678300858,0.2685641999996733,0.24789729999611154,0.05102099999203347,0.01571390000754036,0.013141600007656962,0.008932800003094599,0.013551099982578307,0.00024210000992752612
0.3,LP2 ($ 	heta $ Only),2,45,0.0,,0,0,0,0,0.0,0.0,100.0,0.0011282000050414354,0.007063300028676167,6.269998266361654e-05,0.07813760000863113,0.12606219999725,0.0439120999944862,0.009198600018862635,0.013375399983488023,0.012207499996293336,0.008689999987836927,0.0002770000137388706
0.3,LP2 ($ 	heta $ Only),3,48,2.5602992154468655e-05,,0,3,2,1,2.5602992154468655e-05,20.0,80.0,0.0062732000078540295,0.0023366999812424183,5.560001591220498e-05,0.09565959998872131,0.13305949998903088,0.0486592999950517,0.014130600000498816,0.012041200010571629,0.009091500018257648,0.011477500025648624,0.0002443999983370304
0.3,LP2 ($ 	heta $ Only),4,52,0.0,,0,0,0,0,0.0,0.0,100.0,0.0011507000017445534,0.004360999999335036,0.00032560000545345247,0.09339120000367984,0.14531950000673532,0.04927639997913502,0.0185318999865558,0.01457600001594983,0.014437500009080395,0.013027500011958182,0.00024339999072253704
0.3,LP2 ($ 	heta $ Only),5,57,2.555845977830739e-05,,0,2,0,2,2.555845977830739e-05,30.0,70.0,0.001233800023328513,0.0029242000018712133,5.85000088904053e-05,0.08749370000441559,0.12619350000750273,0.04092499997932464,0.01246319999336265,0.012726200016913936,0.00906439998652786,0.01038320001680404,0.00024280001525767148
0.3,LP2 ($ 	heta $ Only),6,63,0.0,,1,0,0,0,0.0,0.0,100.0,0.0011363000085111707,0.002557400002842769,0.00031770000350661576,0.0826766999962274,0.11765870000817813,0.0642062000115402,0.011200000008102506,0.009788099996512756,0.014170299982652068,0.014078899985179305,0.0005899000097997487
0.3,LP2 ($ 	heta $ Only),7,70,0.0,,0,0,0,0,0.0,0.0,100.0,0.001156799989985302,0.0023123999999370426,5.810000584460795e-05,0.07823980000102893,0.20298689999617636,0.2497021000017412,0.029443600011290982,0.021341400017263368,0.01390189997619018,0.020489499991526827,0.00024160000612027943
0.3,LP2 ($ 	heta $ Only),8,78,4.6085027166477716e-05,,0,4,2,2,4.608502716647772e-05,40.0,60.0,0.0017410999862477183,0.003749800001969561,6.249998114071786e-05,0.08623160002753139,0.13330089999362826,0.051621199992951006,0.013403499993728474,0.01172399998176843,0.0090407999814488,0.014203300001099706,0.00024319998919963837
0.3,LP2 ($ 	heta $ Only),9,87,0.0,,0,0,0,0,0.0,0.0,100.0,0.0013169999874662608,0.003262899990659207,5.930001498199999e-05,0.07656670000869781,0.1456713000079617,0.06323929998325184,0.011363500001607463,0.02191310000489466,0.009044300008099526,0.01285139998071827,0.00025270000332966447
0.3,LP2 ($ 	heta $ Only),10,97,6.016735705866649e-06,,0,2,0,2,6.016735705866649e-06,10.0,90.0,0.0011286000080872327,0.0032221000001300126,5.8200006606057286e-05,0.08063079998828471,0.13961589999962598,0.06280270000570454,0.010141899983864278,0.008447100000921637,0.009337600000435486,0.008654799981741235,0.0002460000105202198
0.3,LP2 ($ 	heta $ Only),11,108,0.0,,0,0,0,0,0.0,0.0,100.0,0.004574599995976314,0.0031561999931000173,7.509998977184296e-05,0.07962260002386756,0.129374900017865,0.0507742999761831,0.011177999986102805,0.010122200008481741,0.011775199993280694,0.012078400002792478,0.00024419999681413174
0.3,LP2 ($ 	heta $ Only),12,120,3.4245649405906805e-05,,0,5,2,3,3.4245649405906805e-05,30.0,70.0,0.004161499993642792,0.0022669999743811786,5.840000812895596e-05,0.0816562999971211,0.1443219999782741,0.06333630002336577,0.013380499993218109,0.01091360001009889,0.010067700000945479,0.012516999995568767,0.0002480999974068254
0.3,LP2 ($ 	heta $ Only),13,133,0.0,,0,0,0,0,0.0,0.0,100.0,0.0011597000120673329,0.0024908999912440777,5.6899996707215905e-05,0.09656530001666397,0.12538039998617023,0.05979660002049059,0.013345600018510595,0.010752900008810684,0.011550099996384233,0.011178099986864254,0.0002401999954599887
0.3,LP2 ($ 	heta $ Only),14,147,0.0,,4,0,0,0,0.0,0.0,100.0,0.001143500005127862,0.0022433999984059483,0.00020059998496435583,0.06101370000396855,0.12006300000939518,0.04549370001768693,0.008588700002292171,0.09792249999009073,0.09146310001960956,0.042817600013222545,0.00024190000840462744
0.3,LP2 ($ 	heta $ Only),15,162,0.0,,1,0,0,0,0.0,0.0,100.0,0.0017260000167880207,0.004913099983241409,0.0004690999921876937,0.09846039998228662,0.13191660001757555,0.046934799989685416,0.009934300003806129,0.013948600011644885,0.013372100016567856,0.013359400007175282,0.00032789999386295676
0.3,LP2 ($ 	heta $ Only),16,178,3.3536862051599814e-05,,1,6,5,1,3.3536862051599814e-05,20.0,80.0,0.001466100016841665,0.0021317999926395714,0.00020870001753792167,0.08577790000708774,0.13436960001126863,0.03727259999141097,0.011652299988782033,0.010008799989009276,0.011447099997894838,0.011987400008365512,0.0004400999750941992
0.3,LP2 ($ 	heta $ Only),17,195,0.0,,0,0,0,0,0.0,0.0,100.0,0.0011208000069018453,0.0022508999973069876,5.6100019719451666e-05,0.08111949998419732,0.12203619998763315,0.06215470001916401,0.011912599991774186,0.010116699995705858,0.011508900002809241,0.009307600004831329,0.004327300004661083
0.3,LP2 ($ 	heta $ Only),18,213,0.0,,0,0,0,0,0.0,0.0,100.0,0.0013444000214803964,0.0026596999960020185,6.369999027810991e-05,0.07348240001010709,0.2288039000122808,0.10697589998017065,0.01820610000868328,0.014880300004733726,0.013418200018350035,0.01722790001076646,0.0007371999963652343
0.3,LP2 ($ 	heta $ Only),19,232,1.8412609547612667e-05,,1,4,1,3,1.8412609547612667e-05,20.0,80.0,0.0034679999807849526,0.002677000011317432,0.0002395999908912927,0.10152660001767799,0.1318619000085164,0.040820299996994436,0.011312999995425344,0.008934999990742654,0.015227299998514354,0.013505299983080477,0.00023720000172033906
0.3,LP2 ($ 	heta $ Only),20,252,0.0,,0,0,0,0,0.0,0.0,100.0,0.001236900017829612,0.005570000008447096,6.3000014051795e-05,0.06365070000174455,0.12965399998938665,0.05056130001321435,0.011047500011045486,0.010340800014091656,0.011008899979060516,0.013432000007014722,0.00024149997625499964
0.3,LP2 ($ 	heta $ Only),21,273,0.0,,0,0,0,0,0.0,0.0,100.0,0.0013193000049795955,0.002677499986020848,6.25999819021672e-05,0.08223630001884885,0.308449300006032,0.1062075000081677,0.02226700002211146,0.015938199998345226,0.022005799983162433,0.022062100004404783,0.0013574000040534884
0.3,LP2 ($ 	heta $ Only),22,295,4.002308303852227e-05,,0,10,2,8,4.002308303852228e-05,40.0,60.0,0.003383400005986914,0.008397500001592562,0.00028509998810477555,0.1726009999983944,0.1940461000194773,0.08572080000885762,0.01364870002726093,0.010179600008996204,0.018599699978949502,0.021088199981022626,0.00024759999359957874
0.3,LP2 ($ 	heta $ Only),23,318,3.548747610316546e-05,,1,7,3,4,3.548747610316546e-05,40.0,60.0,0.0023132000060286373,0.007582199992612004,0.0014134999946691096,0.09558250001282431,0.19869580000522546,0.05076830001780763,0.009799599996767938,0.01353590001235716,0.015170300001045689,0.025312299985671416,0.0005354000022634864
0.3,LP2 ($ 	heta $ Only),24,342,1.2111396622932815e-05,,5,1,0,1,1.2111396622932815e-05,20.0,80.0,0.002211300015915185,0.008579200017265975,0.0006247000128496438,0.10263949999352917,0.10149890001048334,0.07371349999448285,0.008078599988948554,0.02747619998990558,0.02257060000556521,0.021555399987846613,0.0012243000091984868
0.3,LP2 ($ 	heta $ Only),25,367,2.336327444796679e-05,,0,2,1,1,2.3363274447966787e-05,30.0,70.0,0.0027876000094693154,0.003957600012654439,0.00011409999569877982,0.11796820000745356,0.13503350000246428,0.058737299987114966,0.015259700012393296,0.009359999996377155,0.013594999996712431,0.013894300005631521,0.00044589999015443027
0.3,LP2 ($ 	heta $ Only),26,393,0.0,,0,0,0,0,0.0,0.0,100.0,0.0011391999723855406,0.0021738999930676073,5.5899989092722535e-05,0.0805613000120502,0.24457179999444634,0.05669659998966381,0.009883399994578212,0.010849100013729185,0.013288999994983897,0.008744300022954121,0.00026220001745969057
0.3,LP2 ($ 	heta $ Only),27,420,0.0,,0,0,0,0,0.0,0.0,100.0,0.001861100026872009,0.006660699989879504,8.749999688006938e-05,0.10519800000474788,0.1370349999924656,0.06308609998086467,0.01534189999802038,0.013956899987533689,0.010301900008926168,0.010572500003036112,0.0002477999951224774
0.3,LP2 ($ 	heta $ Only),28,448,0.0,,2,0,0,0,0.0,0.0,100.0,0.0017729999963194132,0.004396100004669279,0.00033519999124109745,0.08185849999426864,0.12443419999908656,0.0679107999894768,0.011821899999631569,0.007974700012709945,0.013141000003088266,0.012954299978446215,0.0016157999925781041
0.3,LP2 ($ 	heta $ Only),29,477,6.499845807775652e-06,,2,1,0,1,6.499845807775652e-06,10.0,90.0,0.003410200006328523,0.008490100008202717,0.0003555000002961606,0.06304929999168962,0.1278085999947507,0.04439479997381568,0.010226799990050495,0.011420399998314679,0.008204599987948313,0.01131800000439398,0.00042979998397640884
0.3,LP2 ($ 	heta $ Only),30,507,2.153371593143377e-05,,1,3,2,1,2.153371593143377e-05,20.0,80.0,0.0011139999842271209,0.0024420000263489783,0.00028639999800361693,0.08068069998989813,0.13464750000275671,0.08067210001172498,0.015165399992838502,0.008881400019163266,0.008838400011882186,0.02463190001435578,0.0006393999792635441
0.3,LP2 ($ 	heta $ Only),31,538,0.0,,2,0,0,0,0.0,0.0,100.0,0.002374000003328547,0.007291099987924099,0.0010939000057987869,0.098667199985357,0.12373269998352043,0.05436859998735599,0.010909999982686713,0.014164299995172769,0.012326199997914955,0.009286099986638874,0.00029639998683705926
0.3,LP2 ($ 	heta $ Only),32,570,4.062563254949522e-05,,0,4,3,1,4.062563254949522e-05,20.0,80.0,0.0013432999840006232,0.004294799990020692,8.620001608505845e-05,0.08092090001446195,0.14850430001388304,0.04655329999513924,0.01213419999112375,0.015129399980651215,0.00910450000083074,0.013681900018127635,0.0004535000189207494
0.3,LP2 ($ 	heta $ Only),33,603,1.1043772233895742e-05,,0,4,1,3,1.1043772233895742e-05,10.0,90.0,0.001126599992858246,0.005691200000001118,8.899997919797897e-05,0.07497449999209493,0.19910639998852275,0.1264251999964472,0.011283400002866983,0.010946700000204146,0.00866739999037236,0.010519000003114343,0.0002443999983370304
0.3,LP2 ($ 	heta $ Only),34,637,0.0,,0,0,0,0,0.0,0.0,100.0,0.0011229999945499003,0.002367200009757653,5.57999883312732e-05,0.07282339999801479,0.2172687999845948,0.042063600005349144,0.00954309999360703,0.013125099998433143,0.014274799992563203,0.01246459997491911,0.00024300001678057015
0.3,LP2 ($ 	heta $ Only),35,672,0.0,,2,0,0,0,0.0,0.0,100.0,0.0020741000189445913,0.003157399973133579,0.00029719999292865396,0.08005049999337643,0.14125529999728315,0.048238899995340034,0.011595999996643513,0.00955049999174662,0.010492000001249835,0.011210099997697398,0.0002300000051036477
0.3,LP2 ($ 	heta $ Only),36,708,2.0150211553638318e-05,,1,4,1,3,2.0150211553638318e-05,20.0,80.0,0.004050299990922213,0.0025996000040322542,0.00030690000858157873,0.07920999999623746,0.12887499999487773,0.052173800009768456,0.010757300013210624,0.014119299972662702,0.009089300001505762,0.02173489998676814,0.0004420999903231859
0.3,LP2 ($ 	heta $ Only),37,745,1.2193646241680503e-05,,2,3,1,2,1.2193646241680503e-05,20.0,80.0,0.0011261999898124486,0.003136900020763278,0.0002103000006172806,0.06617989999358542,0.12452489999122918,0.05940890000783838,0.008814600005280226,0.013594099989859387,0.013995399989653379,0.01716889999806881,0.0004700999998021871
0.3,LP2 ($ 	heta $ Only),38,783,0.0,,0,0,0,0,0.0,0.0,100.0,0.003093000006629154,0.008140199992340058,0.00010519998613744974,0.10460029999376275,0.1176477000117302,0.0410851999768056,0.010381900006905198,0.00891490001231432,0.010754099988844246,0.009878299984848127,0.0002406999992672354
0.3,LP2 ($ 	heta $ Only),39,822,8.030966620710254e-06,,0,2,0,2,8.030966620710254e-06,20.0,80.0,0.001148799987277016,0.0023772999993525445,5.7199998991563916e-05,0.11639589999685995,0.1443753000057768,0.055534400016767904,0.01091650000307709,0.01455520000308752,0.014444899978116155,0.01161590000265278,0.0015888999914750457
0.3,LP2 ($ 	heta $ Only),40,862,0.0,,0,0,0,0,0.0,0.0,100.0,0.0014475999923888594,0.003404399991268292,5.9999991208314896e-05,0.15255290002096444,0.1646245000010822,0.04180779997841455,0.013327799999387935,0.014860900002531707,0.01350770000135526,0.013323299994226545,0.0002429999876767397
0.3,LP2 ($ 	heta $ Only),41,903,0.0,,4,0,0,0,0.0,0.0,100.0,0.0011509000032674521,0.002372799994191155,0.00019719998817890882,0.07997240000986494,0.10257799999089912,0.0370888999896124,0.009614999988116324,0.008985699998447672,0.009991400002036244,0.00786869999137707,0.00022230000467970967
0.3,LP2 ($ 	heta $ Only),42,945,2.667813477683839e-05,,0,5,2,3,2.667813477683839e-05,40.0,60.0,0.004156399983912706,0.0024034999951254576,5.780000356025994e-05,0.19158409998635761,0.14517249999335036,0.055402300000423566,0.011989899998297915,0.013020799990044907,0.00925549998646602,0.014856299996608868,0.00024580000899732113
0.3,LP2 ($ 	heta $ Only),43,988,0.0,,0,0,0,0,0.0,0.0,100.0,0.0011310999980196357,0.0028068999818060547,5.989999044686556e-05,0.08551590002025478,0.14861129998462275,0.0535362999944482,0.014064099988900125,0.011570600006962195,0.009342600009404123,0.011358500021742657,0.0002452000044286251
0.3,LP2 ($ 	heta $ Only),44,1032,0.0,,0,0,0,0,0.0,0.0,100.0,0.001130899996496737,0.0026391999854240566,5.85000088904053e-05,0.09429789998102933,0.1317566999932751,0.09166059998096898,0.022881400014739484,0.018608199985465035,0.021257599990349263,0.012780699995346367,0.0003782999992836267
0.3,LP2 ($ 	heta $ Only),45,1077,2.336581082266528e-05,,0,4,2,2,2.336581082266528e-05,30.0,70.0,0.0016905000084079802,0.0022176999773364514,5.870001041330397e-05,0.12682020000647753,0.13076879997970536,0.05747770000016317,0.014849400002276525,0.012613200000487268,0.00954309999360703,0.016170999995665625,0.0006899000145494938
0.3,LP2 ($ 	heta $ Only),46,1123,7.679186598861082e-06,,0,3,0,3,7.679186598861082e-06,20.0,80.0,0.003595099988160655,0.0023939000093378127,8.110000635497272e-05,0.07102629999280907,0.15854939998826012,0.055122399993706495,0.010734599985880777,0.012099699990358204,0.01048689999151975,0.010562000010395423,0.0002457000082358718
0.3,LP2 ($ 	heta $ Only),47,1170,0.0,,1,0,0,0,0.0,0.0,100.0,0.0042575999977998435,0.004893900011666119,0.00022489999537356198,0.078460399992764,0.29947769999853335,0.04477290000068024,0.01340270001674071,0.018834799993783236,0.01280120000592433,0.016911800019443035,0.0006350000039674342
0.3,LP2 ($ 	heta $ Only),48,1218,0.0,,1,0,0,0,0.0,0.0,100.0,0.003926900011720136,0.012012199993478134,0.0005043999990448356,0.15369190002093092,0.15996910000103526,0.06858029999420978,0.012991700001293793,0.013219799991929904,0.017299899976933375,0.010193300026003271,0.0004846000229008496
0.3,LP2 ($ 	heta $ Only),49,1267,2.9650926438586754e-05,,3,6,2,4,2.9650926438586754e-05,20.0,80.0,0.0011312999995425344,0.004170400003204122,0.000298099999781698,0.077429500001017,0.1205175000068266,0.04495429998496547,0.009393999993335456,0.012136100005591288,0.016181399987544864,0.01475830000708811,0.00023100001271814108
0.3,LP3 ($ 	heta $ Only),0,42,0.0011813594217954732,,3,5,0,5,9.75509787571851e-05,50.0,50.0,0.0021588999952655286,0.005115900014061481,0.00022960000205785036,0.09074800001690164,0.13263340000412427,0.05246949999127537,0.013125800003763288,0.016941000008955598,0.018563299992820248,0.015348899993114173,0.0002486000012140721
0.3,LP3 ($ 	heta $ Only),1,43,0.0,,0,0,0,0,0.0,0.0,100.0,0.0017698000010568649,0.011908199987374246,0.00012320000678300858,0.2685641999996733,0.24789729999611154,0.05102099999203347,0.01571390000754036,0.013141600007656962,0.008932800003094599,0.013551099982578307,0.00024210000992752612
0.3,LP3 ($ 	heta $ Only),2,45,0.0,,0,0,0,0,0.0,0.0,100.0,0.0011282000050414354,0.007063300028676167,6.269998266361654e-05,0.07813760000863113,0.12606219999725,0.0439120999944862,0.009198600018862635,0.013375399983488023,0.012207499996293336,0.008689999987836927,0.0002770000137388706
0.3,LP3 ($ 	heta $ Only),3,48,0.0004258115940129044,,0,2,1,1,4.780105400117315e-05,30.0,70.0,0.0062732000078540295,0.0023366999812424183,5.560001591220498e-05,0.09565959998872131,0.13305949998903088,0.0486592999950517,0.014130600000498816,0.012041200010571629,0.009091500018257648,0.011477500025648624,0.0002443999983370304
0.3,LP3 ($ 	heta $ Only),4,52,0.0,,0,0,0,0,0.0,0.0,100.0,0.0011507000017445534,0.004360999999335036,0.00032560000545345247,0.09339120000367984,0.14531950000673532,0.04927639997913502,0.0185318999865558,0.01457600001594983,0.014437500009080395,0.013027500011958182,0.00024339999072253704
0.3,LP3 ($ 	heta $ Only),5,57,0.0008440788676178682,,0,4,1,3,7.673444251071529e-05,50.0,50.0,0.001233800023328513,0.0029242000018712133,5.85000088904053e-05,0.08749370000441559,0.12619350000750273,0.04092499997932464,0.01246319999336265,0.012726200016913936,0.00906439998652786,0.01038320001680404,0.00024280001525767148
0.3,LP3 ($ 	heta $ Only),6,63,0.0,,1,0,0,0,0.0,0.0,100.0,0.0011363000085111707,0.002557400002842769,0.00031770000350661576,0.0826766999962274,0.11765870000817813,0.0642062000115402,0.011200000008102506,0.009788099996512756,0.014170299982652068,0.014078899985179305,0.0005899000097997487
0.3,LP3 ($ 	heta $ Only),7,70,0.0,,0,0,0,0,0.0,0.0,100.0,0.001156799989985302,0.0023123999999370426,5.810000584460795e-05,0.07823980000102893,0.20298689999617636,0.2497021000017412,0.029443600011290982,0.021341400017263368,0.01390189997619018,0.020489499991526827,0.00024160000612027943
0.3,LP3 ($ 	heta $ Only),8,78,0.0013141710605560828,,0,5,2,3,0.00010456860022313573,70.0,30.0,0.0017410999862477183,0.003749800001969561,6.249998114071786e-05,0.08623160002753139,0.13330089999362826,0.051621199992951006,0.013403499993728474,0.01172399998176843,0.0090407999814488,0.014203300001099706,0.00024319998919963837
0.3,LP3 ($ 	heta $ Only),9,87,0.0,,0,0,0,0,0.0,0.0,100.0,0.0013169999874662608,0.003262899990659207,5.930001498199999e-05,0.07656670000869781,0.1456713000079617,0.06323929998325184,0.011363500001607463,0.02191310000489466,0.009044300008099526,0.01285139998071827,0.00025270000332966447
0.3,LP3 ($ 	heta $ Only),10,97,0.0004467746702917427,,0,2,0,2,3.0946928369946176e-05,20.0,80.0,0.0011286000080872327,0.0032221000001300126,5.8200006606057286e-05,0.08063079998828471,0.13961589999962598,0.06280270000570454,0.010141899983864278,0.008447100000921637,0.009337600000435486,0.008654799981741235,0.0002460000105202198
0.3,LP3 ($ 	heta $ Only),11,108,0.0,,0,0,0,0,0.0,0.0,100.0,0.004574599995976314,0.0031561999931000173,7.509998977184296e-05,0.07962260002386756,0.129374900017865,0.0507742999761831,0.011177999986102805,0.010122200008481741,0.011775199993280694,0.012078400002792478,0.00024419999681413174
0.3,LP3 ($ 	heta $ Only),12,120,0.0011179175798474356,,0,3,1,2,7.704369427844931e-05,60.0,40.0,0.004161499993642792,0.0022669999743811786,5.840000812895596e-05,0.0816562999971211,0.1443219999782741,0.06333630002336577,0.013380499993218109,0.01091360001009889,0.010067700000945479,0.012516999995568767,0.0002480999974068254
0.3,LP3 ($ 	heta $ Only),13,133,0.0,,0,0,0,0,0.0,0.0,100.0,0.0011597000120673329,0.0024908999912440777,5.6899996707215905e-05,0.09656530001666397,0.12538039998617023,0.05979660002049059,0.013345600018510595,0.010752900008810684,0.011550099996384233,0.011178099986864254,0.0002401999954599887
0.3,LP3 ($ 	heta $ Only),14,147,0.0,,4,0,0,0,0.0,0.0,100.0,0.001143500005127862,0.0022433999984059483,0.00020059998496435583,0.06101370000396855,0.12006300000939518,0.04549370001768693,0.008588700002292171,0.09792249999009073,0.09146310001960956,0.042817600013222545,0.00024190000840462744
0.3,LP3 ($ 	heta $ Only),15,162,0.0,,1,0,0,0,0.0,0.0,100.0,0.0017260000167880207,0.004913099983241409,0.0004690999921876937,0.09846039998228662,0.13191660001757555,0.046934799989685416,0.009934300003806129,0.013948600011644885,0.013372100016567856,0.013359400007175282,0.00032789999386295676
0.3,LP3 ($ 	heta $ Only),16,178,0.0014061856106098577,,1,4,1,3,0.0001263657442313218,80.0,20.0,0.001466100016841665,0.0021317999926395714,0.00020870001753792167,0.08577790000708774,0.13436960001126863,0.03727259999141097,0.011652299988782033,0.010008799989009276,0.011447099997894838,0.011987400008365512,0.0004400999750941992
0.3,LP3 ($ 	heta $ Only),17,195,0.0,,0,0,0,0,0.0,0.0,100.0,0.0011208000069018453,0.0022508999973069876,5.6100019719451666e-05,0.08111949998419732,0.12203619998763315,0.06215470001916401,0.011912599991774186,0.010116699995705858,0.011508900002809241,0.009307600004831329,0.004327300004661083
0.3,LP3 ($ 	heta $ Only),18,213,0.0,,0,0,0,0,0.0,0.0,100.0,0.0013444000214803964,0.0026596999960020185,6.369999027810991e-05,0.07348240001010709,0.2288039000122808,0.10697589998017065,0.01820610000868328,0.014880300004733726,0.013418200018350035,0.01722790001076646,0.0007371999963652343
0.3,LP3 ($ 	heta $ Only),19,232,0.001033220320580393,,1,2,0,2,0.0001030200291436721,70.0,30.0,0.0034679999807849526,0.002677000011317432,0.0002395999908912927,0.10152660001767799,0.1318619000085164,0.040820299996994436,0.011312999995425344,0.008934999990742654,0.015227299998514354,0.013505299983080477,0.00023720000172033906
0.3,LP3 ($ 	heta $ Only),20,252,0.0,,0,0,0,0,0.0,0.0,100.0,0.001236900017829612,0.005570000008447096,6.3000014051795e-05,0.06365070000174455,0.12965399998938665,0.05056130001321435,0.011047500011045486,0.010340800014091656,0.011008899979060516,0.013432000007014722,0.00024149997625499964
0.3,LP3 ($ 	heta $ Only),21,273,0.0,,0,0,0,0,0.0,0.0,100.0,0.0013193000049795955,0.002677499986020848,6.25999819021672e-05,0.08223630001884885,0.308449300006032,0.1062075000081677,0.02226700002211146,0.015938199998345226,0.022005799983162433,0.022062100004404783,0.0013574000040534884
0.3,LP3 ($ 	heta $ Only),22,295,0.0015471561877280814,,0,7,2,5,0.0001424967020381508,90.0,10.0,0.003383400005986914,0.008397500001592562,0.00028509998810477555,0.1726009999983944,0.1940461000194773,0.08572080000885762,0.01364870002726093,0.010179600008996204,0.018599699978949502,0.021088199981022626,0.00024759999359957874
0.3,LP3 ($ 	heta $ Only),23,318,0.0013106791038362217,,1,4,2,2,0.00010925225810661581,60.0,40.0,0.0023132000060286373,0.007582199992612004,0.0014134999946691096,0.09558250001282431,0.19869580000522546,0.05076830001780763,0.009799599996767938,0.01353590001235716,0.015170300001045689,0.025312299985671416,0.0005354000022634864
0.3,LP3 ($ 	heta $ Only),24,342,0.00035536815639602553,,5,1,0,1,3.230619603600232e-05,20.0,80.0,0.002211300015915185,0.008579200017265975,0.0006247000128496438,0.10263949999352917,0.10149890001048334,0.07371349999448285,0.008078599988948554,0.02747619998990558,0.02257060000556521,0.021555399987846613,0.0012243000091984868
0.3,LP3 ($ 	heta $ Only),25,367,0.0005475834014429284,,0,2,1,1,4.97803092220844e-05,60.0,40.0,0.0027876000094693154,0.003957600012654439,0.00011409999569877982,0.11796820000745356,0.13503350000246428,0.058737299987114966,0.015259700012393296,0.009359999996377155,0.013594999996712431,0.013894300005631521,0.00044589999015443027
0.3,LP3 ($ 	heta $ Only),26,393,0.0,,0,0,0,0,0.0,0.0,100.0,0.0011391999723855406,0.0021738999930676073,5.5899989092722535e-05,0.0805613000120502,0.24457179999444634,0.05669659998966381,0.009883399994578212,0.010849100013729185,0.013288999994983897,0.008744300022954121,0.00026220001745969057
0.3,LP3 ($ 	heta $ Only),27,420,0.0,,0,0,0,0,0.0,0.0,100.0,0.001861100026872009,0.006660699989879504,8.749999688006938e-05,0.10519800000474788,0.1370349999924656,0.06308609998086467,0.01534189999802038,0.013956899987533689,0.010301900008926168,0.010572500003036112,0.0002477999951224774
0.3,LP3 ($ 	heta $ Only),28,448,0.0,,2,0,0,0,0.0,0.0,100.0,0.0017729999963194132,0.004396100004669279,0.00033519999124109745,0.08185849999426864,0.12443419999908656,0.0679107999894768,0.011821899999631569,0.007974700012709945,0.013141000003088266,0.012954299978446215,0.0016157999925781041
0.3,LP3 ($ 	heta $ Only),29,477,0.0004143840948339397,,2,1,0,1,3.767128134853997e-05,30.0,70.0,0.003410200006328523,0.008490100008202717,0.0003555000002961606,0.06304929999168962,0.1278085999947507,0.04439479997381568,0.010226799990050495,0.011420399998314679,0.008204599987948313,0.01131800000439398,0.00042979998397640884
0.3,LP3 ($ 	heta $ Only),30,507,0.0006293006648903593,,1,1,0,1,6.63000604445781e-05,50.0,50.0,0.0011139999842271209,0.0024420000263489783,0.00028639999800361693,0.08068069998989813,0.13464750000275671,0.08067210001172498,0.015165399992838502,0.008881400019163266,0.008838400011882186,0.02463190001435578,0.0006393999792635441
0.3,LP3 ($ 	heta $ Only),31,538,0.0,,2,0,0,0,0.0,0.0,100.0,0.002374000003328547,0.007291099987924099,0.0010939000057987869,0.098667199985357,0.12373269998352043,0.05436859998735599,0.010909999982686713,0.014164299995172769,0.012326199997914955,0.009286099986638874,0.00029639998683705926
0.3,LP3 ($ 	heta $ Only),32,570,0.0013405972070845004,,0,4,2,2,0.00012444576665295598,90.0,10.0,0.0013432999840006232,0.004294799990020692,8.620001608505845e-05,0.08092090001446195,0.14850430001388304,0.04655329999513924,0.01213419999112375,0.015129399980651215,0.00910450000083074,0.013681900018127635,0.0004535000189207494
0.3,LP3 ($ 	heta $ Only),33,603,0.0006793415052406179,,0,2,0,2,5.309870415806941e-05,60.0,40.0,0.001126599992858246,0.005691200000001118,8.899997919797897e-05,0.07497449999209493,0.19910639998852275,0.1264251999964472,0.011283400002866983,0.010946700000204146,0.00866739999037236,0.010519000003114343,0.0002443999983370304
0.3,LP3 ($ 	heta $ Only),34,637,0.0,,0,0,0,0,0.0,0.0,100.0,0.0011229999945499003,0.002367200009757653,5.57999883312732e-05,0.07282339999801479,0.2172687999845948,0.042063600005349144,0.00954309999360703,0.013125099998433143,0.014274799992563203,0.01246459997491911,0.00024300001678057015
0.3,LP3 ($ 	heta $ Only),35,672,0.0,,2,0,0,0,0.0,0.0,100.0,0.0020741000189445913,0.003157399973133579,0.00029719999292865396,0.08005049999337643,0.14125529999728315,0.048238899995340034,0.011595999996643513,0.00955049999174662,0.010492000001249835,0.011210099997697398,0.0002300000051036477
0.3,LP3 ($ 	heta $ Only),36,708,0.0012942664609259416,,1,5,1,4,0.00014248779469228329,80.0,20.0,0.004050299990922213,0.0025996000040322542,0.00030690000858157873,0.07920999999623746,0.12887499999487773,0.052173800009768456,0.010757300013210624,0.014119299972662702,0.009089300001505762,0.02173489998676814,0.0004420999903231859
0.3,LP3 ($ 	heta $ Only),37,745,0.00040943958947803653,,2,1,0,1,3.722178086163969e-05,20.0,80.0,0.0011261999898124486,0.003136900020763278,0.0002103000006172806,0.06617989999358542,0.12452489999122918,0.05940890000783838,0.008814600005280226,0.013594099989859387,0.013995399989653379,0.01716889999806881,0.0004700999998021871
0.3,LP3 ($ 	heta $ Only),38,783,0.0,,0,0,0,0,0.0,0.0,100.0,0.003093000006629154,0.008140199992340058,0.00010519998613744974,0.10460029999376275,0.1176477000117302,0.0410851999768056,0.010381900006905198,0.00891490001231432,0.010754099988844246,0.009878299984848127,0.0002406999992672354
0.3,LP3 ($ 	heta $ Only),39,822,0.0003374765001699745,,0,1,0,1,3.067968183363405e-05,20.0,80.0,0.001148799987277016,0.0023772999993525445,5.7199998991563916e-05,0.11639589999685995,0.1443753000057768,0.055534400016767904,0.01091650000307709,0.01455520000308752,0.014444899978116155,0.01161590000265278,0.0015888999914750457
0.3,LP3 ($ 	heta $ Only),40,862,0.0,,0,0,0,0,0.0,0.0,100.0,0.0014475999923888594,0.003404399991268292,5.9999991208314896e-05,0.15255290002096444,0.1646245000010822,0.04180779997841455,0.013327799999387935,0.014860900002531707,0.01350770000135526,0.013323299994226545,0.0002429999876767397
0.3,LP3 ($ 	heta $ Only),41,903,0.0,,4,0,0,0,0.0,0.0,100.0,0.0011509000032674521,0.002372799994191155,0.00019719998817890882,0.07997240000986494,0.10257799999089912,0.0370888999896124,0.009614999988116324,0.008985699998447672,0.009991400002036244,0.00786869999137707,0.00022230000467970967
0.3,LP3 ($ 	heta $ Only),42,945,0.000725824302320069,,0,2,0,2,6.774226169285658e-05,50.0,50.0,0.004156399983912706,0.0024034999951254576,5.780000356025994e-05,0.19158409998635761,0.14517249999335036,0.055402300000423566,0.011989899998297915,0.013020799990044907,0.00925549998646602,0.014856299996608868,0.00024580000899732113
0.3,LP3 ($ 	heta $ Only),43,988,0.0,,0,0,0,0,0.0,0.0,100.0,0.0011310999980196357,0.0028068999818060547,5.989999044686556e-05,0.08551590002025478,0.14861129998462275,0.0535362999944482,0.014064099988900125,0.011570600006962195,0.009342600009404123,0.011358500021742657,0.0002452000044286251
0.3,LP3 ($ 	heta $ Only),44,1032,0.0,,0,0,0,0,0.0,0.0,100.0,0.001130899996496737,0.0026391999854240566,5.85000088904053e-05,0.09429789998102933,0.1317566999932751,0.09166059998096898,0.022881400014739484,0.018608199985465035,0.021257599990349263,0.012780699995346367,0.0003782999992836267
0.3,LP3 ($ 	heta $ Only),45,1077,0.0010827260148076443,,0,3,1,2,9.006166664265622e-05,70.0,30.0,0.0016905000084079802,0.0022176999773364514,5.870001041330397e-05,0.12682020000647753,0.13076879997970536,0.05747770000016317,0.014849400002276525,0.012613200000487268,0.00954309999360703,0.016170999995665625,0.0006899000145494938
0.3,LP3 ($ 	heta $ Only),46,1123,0.0006893320915375614,,0,2,0,2,4.2974428620650026e-05,30.0,70.0,0.003595099988160655,0.0023939000093378127,8.110000635497272e-05,0.07102629999280907,0.15854939998826012,0.055122399993706495,0.010734599985880777,0.012099699990358204,0.01048689999151975,0.010562000010395423,0.0002457000082358718
0.3,LP3 ($ 	heta $ Only),47,1170,0.0,,1,0,0,0,0.0,0.0,100.0,0.0042575999977998435,0.004893900011666119,0.00022489999537356198,0.078460399992764,0.29947769999853335,0.04477290000068024,0.01340270001674071,0.018834799993783236,0.01280120000592433,0.016911800019443035,0.0006350000039674342
0.3,LP3 ($ 	heta $ Only),48,1218,0.0,,1,0,0,0,0.0,0.0,100.0,0.003926900011720136,0.012012199993478134,0.0005043999990448356,0.15369190002093092,0.15996910000103526,0.06858029999420978,0.012991700001293793,0.013219799991929904,0.017299899976933375,0.010193300026003271,0.0004846000229008496
0.3,LP3 ($ 	heta $ Only),49,1267,0.0012971048232453225,,3,5,2,3,0.00010052148105176633,70.0,30.0,0.0011312999995425344,0.004170400003204122,0.000298099999781698,0.077429500001017,0.1205175000068266,0.04495429998496547,0.009393999993335456,0.012136100005591288,0.016181399987544864,0.01475830000708811,0.00023100001271814108
0.3,Weighted LP3 ($ 	heta $ Only),0,42,0.0008210120136123146,,3,5,0,5,9.75509787571851e-05,50.0,50.0,0.0021588999952655286,0.005115900014061481,0.00022960000205785036,0.09074800001690164,0.13263340000412427,0.05246949999127537,0.013125800003763288,0.016941000008955598,0.018563299992820248,0.015348899993114173,0.0002486000012140721
0.3,Weighted LP3 ($ 	heta $ Only),1,43,0.0,,0,0,0,0,0.0,0.0,100.0,0.0017698000010568649,0.011908199987374246,0.00012320000678300858,0.2685641999996733,0.24789729999611154,0.05102099999203347,0.01571390000754036,0.013141600007656962,0.008932800003094599,0.013551099982578307,0.00024210000992752612
0.3,Weighted LP3 ($ 	heta $ Only),2,45,0.0,,0,0,0,0,0.0,0.0,100.0,0.0011282000050414354,0.007063300028676167,6.269998266361654e-05,0.07813760000863113,0.12606219999725,0.0439120999944862,0.009198600018862635,0.013375399983488023,0.012207499996293336,0.008689999987836927,0.0002770000137388706
0.3,Weighted LP3 ($ 	heta $ Only),3,48,0.0003924782606795712,,0,2,1,1,4.780105400117313e-05,30.0,70.0,0.0062732000078540295,0.0023366999812424183,5.560001591220498e-05,0.09565959998872131,0.13305949998903088,0.0486592999950517,0.014130600000498816,0.012041200010571629,0.009091500018257648,0.011477500025648624,0.0002443999983370304
0.3,Weighted LP3 ($ 	heta $ Only),4,52,0.0,,0,0,0,0,0.0,0.0,100.0,0.0011507000017445534,0.004360999999335036,0.00032560000545345247,0.09339120000367984,0.14531950000673532,0.04927639997913502,0.0185318999865558,0.01457600001594983,0.014437500009080395,0.013027500011958182,0.00024339999072253704
0.3,Weighted LP3 ($ 	heta $ Only),5,57,0.0006029987919292937,,0,4,0,4,7.158013655787025e-05,60.0,40.0,0.001233800023328513,0.0029242000018712133,5.85000088904053e-05,0.08749370000441559,0.12619350000750273,0.04092499997932464,0.01246319999336265,0.012726200016913936,0.00906439998652786,0.01038320001680404,0.00024280001525767148
0.3,Weighted LP3 ($ 	heta $ Only),6,63,0.0,,1,0,0,0,0.0,0.0,100.0,0.0011363000085111707,0.002557400002842769,0.00031770000350661576,0.0826766999962274,0.11765870000817813,0.0642062000115402,0.011200000008102506,0.009788099996512756,0.014170299982652068,0.014078899985179305,0.0005899000097997487
0.3,Weighted LP3 ($ 	heta $ Only),7,70,0.0,,0,0,0,0,0.0,0.0,100.0,0.001156799989985302,0.0023123999999370426,5.810000584460795e-05,0.07823980000102893,0.20298689999617636,0.2497021000017412,0.029443600011290982,0.021341400017263368,0.01390189997619018,0.020489499991526827,0.00024160000612027943
0.3,Weighted LP3 ($ 	heta $ Only),8,78,0.001094282047108318,,0,4,2,2,0.00010745167446589271,80.0,20.0,0.0017410999862477183,0.003749800001969561,6.249998114071786e-05,0.08623160002753139,0.13330089999362826,0.051621199992951006,0.013403499993728474,0.01172399998176843,0.0090407999814488,0.014203300001099706,0.00024319998919963837
0.3,Weighted LP3 ($ 	heta $ Only),9,87,0.0,,0,0,0,0,0.0,0.0,100.0,0.0013169999874662608,0.003262899990659207,5.930001498199999e-05,0.07656670000869781,0.1456713000079617,0.06323929998325184,0.011363500001607463,0.02191310000489466,0.009044300008099526,0.01285139998071827,0.00025270000332966447
0.3,Weighted LP3 ($ 	heta $ Only),10,97,0.00030816542298447714,,0,2,0,2,3.0946928369946176e-05,20.0,80.0,0.0011286000080872327,0.0032221000001300126,5.8200006606057286e-05,0.08063079998828471,0.13961589999962598,0.06280270000570454,0.010141899983864278,0.008447100000921637,0.009337600000435486,0.008654799981741235,0.0002460000105202198
0.3,Weighted LP3 ($ 	heta $ Only),11,108,0.0,,0,0,0,0,0.0,0.0,100.0,0.004574599995976314,0.0031561999931000173,7.509998977184296e-05,0.07962260002386756,0.129374900017865,0.0507742999761831,0.011177999986102805,0.010122200008481741,0.011775199993280694,0.012078400002792478,0.00024419999681413174
0.3,Weighted LP3 ($ 	heta $ Only),12,120,0.0008427616117224904,,0,4,1,3,7.728209511039089e-05,60.0,40.0,0.004161499993642792,0.0022669999743811786,5.840000812895596e-05,0.0816562999971211,0.1443219999782741,0.06333630002336577,0.013380499993218109,0.01091360001009889,0.010067700000945479,0.012516999995568767,0.0002480999974068254
0.3,Weighted LP3 ($ 	heta $ Only),13,133,0.0,,0,0,0,0,0.0,0.0,100.0,0.0011597000120673329,0.0024908999912440777,5.6899996707215905e-05,0.09656530001666397,0.12538039998617023,0.05979660002049059,0.013345600018510595,0.010752900008810684,0.011550099996384233,0.011178099986864254,0.0002401999954599887
0.3,Weighted LP3 ($ 	heta $ Only),14,147,0.0,,4,0,0,0,0.0,0.0,100.0,0.001143500005127862,0.0022433999984059483,0.00020059998496435583,0.06101370000396855,0.12006300000939518,0.04549370001768693,0.008588700002292171,0.09792249999009073,0.09146310001960956,0.042817600013222545,0.00024190000840462744
0.3,Weighted LP3 ($ 	heta $ Only),15,162,0.0,,1,0,0,0,0.0,0.0,100.0,0.0017260000167880207,0.004913099983241409,0.0004690999921876937,0.09846039998228662,0.13191660001757555,0.046934799989685416,0.009934300003806129,0.013948600011644885,0.013372100016567856,0.013359400007175282,0.00032789999386295676
0.3,Weighted LP3 ($ 	heta $ Only),16,178,0.0010794790483383884,,1,5,1,4,0.0001197613086301064,80.0,20.0,0.001466100016841665,0.0021317999926395714,0.00020870001753792167,0.08577790000708774,0.13436960001126863,0.03727259999141097,0.011652299988782033,0.010008799989009276,0.011447099997894838,0.011987400008365512,0.0004400999750941992
0.3,Weighted LP3 ($ 	heta $ Only),17,195,0.0,,0,0,0,0,0.0,0.0,100.0,0.0011208000069018453,0.0022508999973069876,5.6100019719451666e-05,0.08111949998419732,0.12203619998763315,0.06215470001916401,0.011912599991774186,0.010116699995705858,0.011508900002809241,0.009307600004831329,0.004327300004661083
0.3,Weighted LP3 ($ 	heta $ Only),18,213,0.0,,0,0,0,0,0.0,0.0,100.0,0.0013444000214803964,0.0026596999960020185,6.369999027810991e-05,0.07348240001010709,0.2288039000122808,0.10697589998017065,0.01820610000868328,0.014880300004733726,0.013418200018350035,0.01722790001076646,0.0007371999963652343
0.3,Weighted LP3 ($ 	heta $ Only),19,232,0.0007515526554752117,,1,3,0,3,0.00010302002914367211,70.0,30.0,0.0034679999807849526,0.002677000011317432,0.0002395999908912927,0.10152660001767799,0.1318619000085164,0.040820299996994436,0.011312999995425344,0.008934999990742654,0.015227299998514354,0.013505299983080477,0.00023720000172033906
0.3,Weighted LP3 ($ 	heta $ Only),20,252,0.0,,0,0,0,0,0.0,0.0,100.0,0.001236900017829612,0.005570000008447096,6.3000014051795e-05,0.06365070000174455,0.12965399998938665,0.05056130001321435,0.011047500011045486,0.010340800014091656,0.011008899979060516,0.013432000007014722,0.00024149997625499964
0.3,Weighted LP3 ($ 	heta $ Only),21,273,0.0,,0,0,0,0,0.0,0.0,100.0,0.0013193000049795955,0.002677499986020848,6.25999819021672e-05,0.08223630001884885,0.308449300006032,0.1062075000081677,0.02226700002211146,0.015938199998345226,0.022005799983162433,0.022062100004404783,0.0013574000040534884
0.3,Weighted LP3 ($ 	heta $ Only),22,295,0.0011651316708850075,,0,4,0,4,0.0001424967020381508,90.0,10.0,0.003383400005986914,0.008397500001592562,0.00028509998810477555,0.1726009999983944,0.1940461000194773,0.08572080000885762,0.01364870002726093,0.010179600008996204,0.018599699978949502,0.021088199981022626,0.00024759999359957874
0.3,Weighted LP3 ($ 	heta $ Only),23,318,0.001053978851679319,,1,4,1,3,0.00011550246914109557,80.0,20.0,0.0023132000060286373,0.007582199992612004,0.0014134999946691096,0.09558250001282431,0.19869580000522546,0.05076830001780763,0.009799599996767938,0.01353590001235716,0.015170300001045689,0.025312299985671416,0.0005354000022634864
0.3,Weighted LP3 ($ 	heta $ Only),24,342,0.0002529974683511239,,5,1,0,1,3.299966978492921e-05,10.0,90.0,0.002211300015915185,0.008579200017265975,0.0006247000128496438,0.10263949999352917,0.10149890001048334,0.07371349999448285,0.008078599988948554,0.02747619998990558,0.02257060000556521,0.021555399987846613,0.0012243000091984868
0.3,Weighted LP3 ($ 	heta $ Only),25,367,0.000455961213457258,,0,2,1,1,5.0751032526950374e-05,30.0,70.0,0.0027876000094693154,0.003957600012654439,0.00011409999569877982,0.11796820000745356,0.13503350000246428,0.058737299987114966,0.015259700012393296,0.009359999996377155,0.013594999996712431,0.013894300005631521,0.00044589999015443027
0.3,Weighted LP3 ($ 	heta $ Only),26,393,0.0,,0,0,0,0,0.0,0.0,100.0,0.0011391999723855406,0.0021738999930676073,5.5899989092722535e-05,0.0805613000120502,0.24457179999444634,0.05669659998966381,0.009883399994578212,0.010849100013729185,0.013288999994983897,0.008744300022954121,0.00026220001745969057
0.3,Weighted LP3 ($ 	heta $ Only),27,420,0.0,,0,0,0,0,0.0,0.0,100.0,0.001861100026872009,0.006660699989879504,8.749999688006938e-05,0.10519800000474788,0.1370349999924656,0.06308609998086467,0.01534189999802038,0.013956899987533689,0.010301900008926168,0.010572500003036112,0.0002477999951224774
0.3,Weighted LP3 ($ 	heta $ Only),28,448,0.0,,2,0,0,0,0.0,0.0,100.0,0.0017729999963194132,0.004396100004669279,0.00033519999124109745,0.08185849999426864,0.12443419999908656,0.0679107999894768,0.011821899999631569,0.007974700012709945,0.013141000003088266,0.012954299978446215,0.0016157999925781041
0.3,Weighted LP3 ($ 	heta $ Only),29,477,0.0002888131570054731,,2,1,0,1,3.767128134853997e-05,30.0,70.0,0.003410200006328523,0.008490100008202717,0.0003555000002961606,0.06304929999168962,0.1278085999947507,0.04439479997381568,0.010226799990050495,0.011420399998314679,0.008204599987948313,0.01131800000439398,0.00042979998397640884
0.3,Weighted LP3 ($ 	heta $ Only),30,507,0.0004749671300750989,,1,1,0,1,6.63000604445781e-05,50.0,50.0,0.0011139999842271209,0.0024420000263489783,0.00028639999800361693,0.08068069998989813,0.13464750000275671,0.08067210001172498,0.015165399992838502,0.008881400019163266,0.008838400011882186,0.02463190001435578,0.0006393999792635441
0.3,Weighted LP3 ($ 	heta $ Only),31,538,0.0,,2,0,0,0,0.0,0.0,100.0,0.002374000003328547,0.007291099987924099,0.0010939000057987869,0.098667199985357,0.12373269998352043,0.05436859998735599,0.010909999982686713,0.014164299995172769,0.012326199997914955,0.009286099986638874,0.00029639998683705926
0.3,Weighted LP3 ($ 	heta $ Only),32,570,0.0010686581340460543,,0,3,0,3,0.00013278833408338677,90.0,10.0,0.0013432999840006232,0.004294799990020692,8.620001608505845e-05,0.08092090001446195,0.14850430001388304,0.04655329999513924,0.01213419999112375,0.015129399980651215,0.00910450000083074,0.013681900018127635,0.0004535000189207494
0.3,Weighted LP3 ($ 	heta $ Only),33,603,0.00047695823653793674,,0,2,0,2,4.422016110067784e-05,60.0,40.0,0.001126599992858246,0.005691200000001118,8.899997919797897e-05,0.07497449999209493,0.19910639998852275,0.1264251999964472,0.011283400002866983,0.010946700000204146,0.00866739999037236,0.010519000003114343,0.0002443999983370304
0.3,Weighted LP3 ($ 	heta $ Only),34,637,0.0,,0,0,0,0,0.0,0.0,100.0,0.0011229999945499003,0.002367200009757653,5.57999883312732e-05,0.07282339999801479,0.2172687999845948,0.042063600005349144,0.00954309999360703,0.013125099998433143,0.014274799992563203,0.01246459997491911,0.00024300001678057015
0.3,Weighted LP3 ($ 	heta $ Only),35,672,0.0,,2,0,0,0,0.0,0.0,100.0,0.0020741000189445913,0.003157399973133579,0.00029719999292865396,0.08005049999337643,0.14125529999728315,0.048238899995340034,0.011595999996643513,0.00955049999174662,0.010492000001249835,0.011210099997697398,0.0002300000051036477
0.3,Weighted LP3 ($ 	heta $ Only),36,708,0.0009705113544422125,,1,6,1,5,0.00012839347802334788,80.0,20.0,0.004050299990922213,0.0025996000040322542,0.00030690000858157873,0.07920999999623746,0.12887499999487773,0.052173800009768456,0.010757300013210624,0.014119299972662702,0.009089300001505762,0.02173489998676814,0.0004420999903231859
0.3,Weighted LP3 ($ 	heta $ Only),37,745,0.0002853669866059043,,2,1,0,1,3.722178086163969e-05,20.0,80.0,0.0011261999898124486,0.003136900020763278,0.0002103000006172806,0.06617989999358542,0.12452489999122918,0.05940890000783838,0.008814600005280226,0.013594099989859387,0.013995399989653379,0.01716889999806881,0.0004700999998021871
0.3,Weighted LP3 ($ 	heta $ Only),38,783,0.0,,0,0,0,0,0.0,0.0,100.0,0.003093000006629154,0.008140199992340058,0.00010519998613744974,0.10460029999376275,0.1176477000117302,0.0410851999768056,0.010381900006905198,0.00891490001231432,0.010754099988844246,0.009878299984848127,0.0002406999992672354
0.3,Weighted LP3 ($ 	heta $ Only),39,822,0.00023521089405786105,,0,1,0,1,3.067968183363405e-05,20.0,80.0,0.001148799987277016,0.0023772999993525445,5.7199998991563916e-05,0.11639589999685995,0.1443753000057768,0.055534400016767904,0.01091650000307709,0.01455520000308752,0.014444899978116155,0.01161590000265278,0.0015888999914750457
0.3,Weighted LP3 ($ 	heta $ Only),40,862,0.0,,0,0,0,0,0.0,0.0,100.0,0.0014475999923888594,0.003404399991268292,5.9999991208314896e-05,0.15255290002096444,0.1646245000010822,0.04180779997841455,0.013327799999387935,0.014860900002531707,0.01350770000135526,0.013323299994226545,0.0002429999876767397
0.3,Weighted LP3 ($ 	heta $ Only),41,903,0.0,,4,0,0,0,0.0,0.0,100.0,0.0011509000032674521,0.002372799994191155,0.00019719998817890882,0.07997240000986494,0.10257799999089912,0.0370888999896124,0.009614999988116324,0.008985699998447672,0.009991400002036244,0.00786869999137707,0.00022230000467970967
0.3,Weighted LP3 ($ 	heta $ Only),42,945,0.0005366568298214658,,0,2,0,2,6.602659369390393e-05,40.0,60.0,0.004156399983912706,0.0024034999951254576,5.780000356025994e-05,0.19158409998635761,0.14517249999335036,0.055402300000423566,0.011989899998297915,0.013020799990044907,0.00925549998646602,0.014856299996608868,0.00024580000899732113
0.3,Weighted LP3 ($ 	heta $ Only),43,988,0.0,,0,0,0,0,0.0,0.0,100.0,0.0011310999980196357,0.0028068999818060547,5.989999044686556e-05,0.08551590002025478,0.14861129998462275,0.0535362999944482,0.014064099988900125,0.011570600006962195,0.009342600009404123,0.011358500021742657,0.0002452000044286251
0.3,Weighted LP3 ($ 	heta $ Only),44,1032,0.0,,0,0,0,0,0.0,0.0,100.0,0.001130899996496737,0.0026391999854240566,5.85000088904053e-05,0.09429789998102933,0.1317566999932751,0.09166059998096898,0.022881400014739484,0.018608199985465035,0.021257599990349263,0.012780699995346367,0.0003782999992836267
0.3,Weighted LP3 ($ 	heta $ Only),45,1077,0.0008674650192139791,,0,4,2,2,9.627182539913894e-05,70.0,30.0,0.0016905000084079802,0.0022176999773364514,5.870001041330397e-05,0.12682020000647753,0.13076879997970536,0.05747770000016317,0.014849400002276525,0.012613200000487268,0.00954309999360703,0.016170999995665625,0.0006899000145494938
0.3,Weighted LP3 ($ 	heta $ Only),46,1123,0.00047830792798867833,,0,2,0,2,3.8794050106448906e-05,20.0,80.0,0.003595099988160655,0.0023939000093378127,8.110000635497272e-05,0.07102629999280907,0.15854939998826012,0.055122399993706495,0.010734599985880777,0.012099699990358204,0.01048689999151975,0.010562000010395423,0.0002457000082358718
0.3,Weighted LP3 ($ 	heta $ Only),47,1170,0.0,,1,0,0,0,0.0,0.0,100.0,0.0042575999977998435,0.004893900011666119,0.00022489999537356198,0.078460399992764,0.29947769999853335,0.04477290000068024,0.01340270001674071,0.018834799993783236,0.01280120000592433,0.016911800019443035,0.0006350000039674342
0.3,Weighted LP3 ($ 	heta $ Only),48,1218,0.0,,1,0,0,0,0.0,0.0,100.0,0.003926900011720136,0.012012199993478134,0.0005043999990448356,0.15369190002093092,0.15996910000103526,0.06858029999420978,0.012991700001293793,0.013219799991929904,0.017299899976933375,0.010193300026003271,0.0004846000229008496
0.3,Weighted LP3 ($ 	heta $ Only),49,1267,0.001025162429584088,,3,4,2,2,0.00010012147751264566,80.0,20.0,0.0011312999995425344,0.004170400003204122,0.000298099999781698,0.077429500001017,0.1205175000068266,0.04495429998496547,0.009393999993335456,0.012136100005591288,0.016181399987544864,0.01475830000708811,0.00023100001271814108
0.3,Borda LP3 ($ 	heta $ Only),0,42,0.0001936102622914036,,3,1,0,1,0.0001936102622914036,20.0,80.0,0.0021588999952655286,0.005115900014061481,0.00022960000205785036,0.09074800001690164,0.13263340000412427,0.05246949999127537,0.013125800003763288,0.016941000008955598,0.018563299992820248,0.015348899993114173,0.0002486000012140721
0.3,Borda LP3 ($ 	heta $ Only),1,43,0.0,,0,0,0,0,0.0,0.0,100.0,0.0017698000010568649,0.011908199987374246,0.00012320000678300858,0.2685641999996733,0.24789729999611154,0.05102099999203347,0.01571390000754036,0.013141600007656962,0.008932800003094599,0.013551099982578307,0.00024210000992752612
0.3,Borda LP3 ($ 	heta $ Only),2,45,0.0,,0,0,0,0,0.0,0.0,100.0,0.0011282000050414354,0.007063300028676167,6.269998266361654e-05,0.07813760000863113,0.12606219999725,0.0439120999944862,0.009198600018862635,0.013375399983488023,0.012207499996293336,0.008689999987836927,0.0002770000137388706
0.3,Borda LP3 ($ 	heta $ Only),3,48,6.488704635037375e-05,,0,2,0,2,6.488704635037375e-05,20.0,80.0,0.0062732000078540295,0.0023366999812424183,5.560001591220498e-05,0.09565959998872131,0.13305949998903088,0.0486592999950517,0.014130600000498816,0.012041200010571629,0.009091500018257648,0.011477500025648624,0.0002443999983370304
0.3,Borda LP3 ($ 	heta $ Only),4,52,0.0,,0,0,0,0,0.0,0.0,100.0,0.0011507000017445534,0.004360999999335036,0.00032560000545345247,0.09339120000367984,0.14531950000673532,0.04927639997913502,0.0185318999865558,0.01457600001594983,0.014437500009080395,0.013027500011958182,0.00024339999072253704
0.3,Borda LP3 ($ 	heta $ Only),5,57,0.00026821526156540186,,0,1,0,1,0.00026821526156540186,20.0,80.0,0.001233800023328513,0.0029242000018712133,5.85000088904053e-05,0.08749370000441559,0.12619350000750273,0.04092499997932464,0.01246319999336265,0.012726200016913936,0.00906439998652786,0.01038320001680404,0.00024280001525767148
0.3,Borda LP3 ($ 	heta $ Only),6,63,0.0,,1,0,0,0,0.0,0.0,100.0,0.0011363000085111707,0.002557400002842769,0.00031770000350661576,0.0826766999962274,0.11765870000817813,0.0642062000115402,0.011200000008102506,0.009788099996512756,0.014170299982652068,0.014078899985179305,0.0005899000097997487
0.3,Borda LP3 ($ 	heta $ Only),7,70,0.0,,0,0,0,0,0.0,0.0,100.0,0.001156799989985302,0.0023123999999370426,5.810000584460795e-05,0.07823980000102893,0.20298689999617636,0.2497021000017412,0.029443600011290982,0.021341400017263368,0.01390189997619018,0.020489499991526827,0.00024160000612027943
0.3,Borda LP3 ($ 	heta $ Only),8,78,0.0013141710605560828,,0,5,2,3,0.00010456860022313573,70.0,30.0,0.0017410999862477183,0.003749800001969561,6.249998114071786e-05,0.08623160002753139,0.13330089999362826,0.051621199992951006,0.013403499993728474,0.01172399998176843,0.0090407999814488,0.014203300001099706,0.00024319998919963837
0.3,Borda LP3 ($ 	heta $ Only),9,87,0.0,,0,0,0,0,0.0,0.0,100.0,0.0013169999874662608,0.003262899990659207,5.930001498199999e-05,0.07656670000869781,0.1456713000079617,0.06323929998325184,0.011363500001607463,0.02191310000489466,0.009044300008099526,0.01285139998071827,0.00025270000332966447
0.3,Borda LP3 ($ 	heta $ Only),10,97,0.0004467746702917427,,0,2,0,2,3.0946928369946176e-05,20.0,80.0,0.0011286000080872327,0.0032221000001300126,5.8200006606057286e-05,0.08063079998828471,0.13961589999962598,0.06280270000570454,0.010141899983864278,0.008447100000921637,0.009337600000435486,0.008654799981741235,0.0002460000105202198
0.3,Borda LP3 ($ 	heta $ Only),11,108,0.0,,0,0,0,0,0.0,0.0,100.0,0.004574599995976314,0.0031561999931000173,7.509998977184296e-05,0.07962260002386756,0.129374900017865,0.0507742999761831,0.011177999986102805,0.010122200008481741,0.011775199993280694,0.012078400002792478,0.00024419999681413174
0.3,Borda LP3 ($ 	heta $ Only),12,120,0.0011179175798474356,,0,3,1,2,7.704369427844931e-05,60.0,40.0,0.004161499993642792,0.0022669999743811786,5.840000812895596e-05,0.0816562999971211,0.1443219999782741,0.06333630002336577,0.013380499993218109,0.01091360001009889,0.010067700000945479,0.012516999995568767,0.0002480999974068254
0.3,Borda LP3 ($ 	heta $ Only),13,133,0.0,,0,0,0,0,0.0,0.0,100.0,0.0011597000120673329,0.0024908999912440777,5.6899996707215905e-05,0.09656530001666397,0.12538039998617023,0.05979660002049059,0.013345600018510595,0.010752900008810684,0.011550099996384233,0.011178099986864254,0.0002401999954599887
0.3,Borda LP3 ($ 	heta $ Only),14,147,0.0,,4,0,0,0,0.0,0.0,100.0,0.001143500005127862,0.0022433999984059483,0.00020059998496435583,0.06101370000396855,0.12006300000939518,0.04549370001768693,0.008588700002292171,0.09792249999009073,0.09146310001960956,0.042817600013222545,0.00024190000840462744
0.3,Borda LP3 ($ 	heta $ Only),15,162,0.0,,1,0,0,0,0.0,0.0,100.0,0.0017260000167880207,0.004913099983241409,0.0004690999921876937,0.09846039998228662,0.13191660001757555,0.046934799989685416,0.009934300003806129,0.013948600011644885,0.013372100016567856,0.013359400007175282,0.00032789999386295676
0.3,Borda LP3 ($ 	heta $ Only),16,178,0.001132167647931562,,1,5,1,4,0.00012805423348066116,90.0,10.0,0.001466100016841665,0.0021317999926395714,0.00020870001753792167,0.08577790000708774,0.13436960001126863,0.03727259999141097,0.011652299988782033,0.010008799989009276,0.011447099997894838,0.011987400008365512,0.0004400999750941992
0.3,Borda LP3 ($ 	heta $ Only),17,195,0.0,,0,0,0,0,0.0,0.0,100.0,0.0011208000069018453,0.0022508999973069876,5.6100019719451666e-05,0.08111949998419732,0.12203619998763315,0.06215470001916401,0.011912599991774186,0.010116699995705858,0.011508900002809241,0.009307600004831329,0.004327300004661083
0.3,Borda LP3 ($ 	heta $ Only),18,213,0.0,,0,0,0,0,0.0,0.0,100.0,0.0013444000214803964,0.0026596999960020185,6.369999027810991e-05,0.07348240001010709,0.2288039000122808,0.10697589998017065,0.01820610000868328,0.014880300004733726,0.013418200018350035,0.01722790001076646,0.0007371999963652343
0.3,Borda LP3 ($ 	heta $ Only),19,232,0.0008815631723847992,,1,4,1,3,7.647821800491263e-05,40.0,60.0,0.0034679999807849526,0.002677000011317432,0.0002395999908912927,0.10152660001767799,0.1318619000085164,0.040820299996994436,0.011312999995425344,0.008934999990742654,0.015227299998514354,0.013505299983080477,0.00023720000172033906
0.3,Borda LP3 ($ 	heta $ Only),20,252,0.0,,0,0,0,0,0.0,0.0,100.0,0.001236900017829612,0.005570000008447096,6.3000014051795e-05,0.06365070000174455,0.12965399998938665,0.05056130001321435,0.011047500011045486,0.010340800014091656,0.011008899979060516,0.013432000007014722,0.00024149997625499964
0.3,Borda LP3 ($ 	heta $ Only),21,273,0.0,,0,0,0,0,0.0,0.0,100.0,0.0013193000049795955,0.002677499986020848,6.25999819021672e-05,0.08223630001884885,0.308449300006032,0.1062075000081677,0.02226700002211146,0.015938199998345226,0.022005799983162433,0.022062100004404783,0.0013574000040534884
0.3,Borda LP3 ($ 	heta $ Only),22,295,0.0011299146526458663,,0,6,1,5,0.00012732951621513563,90.0,10.0,0.003383400005986914,0.008397500001592562,0.00028509998810477555,0.1726009999983944,0.1940461000194773,0.08572080000885762,0.01364870002726093,0.010179600008996204,0.018599699978949502,0.021088199981022626,0.00024759999359957874
0.3,Borda LP3 ($ 	heta $ Only),23,318,0.0009366880518108904,,1,4,1,3,0.00011938138130202803,70.0,30.0,0.0023132000060286373,0.007582199992612004,0.0014134999946691096,0.09558250001282431,0.19869580000522546,0.05076830001780763,0.009799599996767938,0.01353590001235716,0.015170300001045689,0.025312299985671416,0.0005354000022634864
0.3,Borda LP3 ($ 	heta $ Only),24,342,0.0002781791597593893,,5,2,0,2,3.437992361448996e-05,20.0,80.0,0.002211300015915185,0.008579200017265975,0.0006247000128496438,0.10263949999352917,0.10149890001048334,0.07371349999448285,0.008078599988948554,0.02747619998990558,0.02257060000556521,0.021555399987846613,0.0012243000091984868
0.3,Borda LP3 ($ 	heta $ Only),25,367,9.13547689504925e-05,,0,2,0,2,9.135476895049249e-05,30.0,70.0,0.0027876000094693154,0.003957600012654439,0.00011409999569877982,0.11796820000745356,0.13503350000246428,0.058737299987114966,0.015259700012393296,0.009359999996377155,0.013594999996712431,0.013894300005631521,0.00044589999015443027
0.3,Borda LP3 ($ 	heta $ Only),26,393,0.0,,0,0,0,0,0.0,0.0,100.0,0.0011391999723855406,0.0021738999930676073,5.5899989092722535e-05,0.0805613000120502,0.24457179999444634,0.05669659998966381,0.009883399994578212,0.010849100013729185,0.013288999994983897,0.008744300022954121,0.00026220001745969057
0.3,Borda LP3 ($ 	heta $ Only),27,420,0.0,,0,0,0,0,0.0,0.0,100.0,0.001861100026872009,0.006660699989879504,8.749999688006938e-05,0.10519800000474788,0.1370349999924656,0.06308609998086467,0.01534189999802038,0.013956899987533689,0.010301900008926168,0.010572500003036112,0.0002477999951224774
0.3,Borda LP3 ($ 	heta $ Only),28,448,0.0,,2,0,0,0,0.0,0.0,100.0,0.0017729999963194132,0.004396100004669279,0.00033519999124109745,0.08185849999426864,0.12443419999908656,0.0679107999894768,0.011821899999631569,0.007974700012709945,0.013141000003088266,0.012954299978446215,0.0016157999925781041
0.3,Borda LP3 ($ 	heta $ Only),29,477,0.0004143840948339397,,2,1,0,1,3.767128134853997e-05,30.0,70.0,0.003410200006328523,0.008490100008202717,0.0003555000002961606,0.06304929999168962,0.1278085999947507,0.04439479997381568,0.010226799990050495,0.011420399998314679,0.008204599987948313,0.01131800000439398,0.00042979998397640884
0.3,Borda LP3 ($ 	heta $ Only),30,507,0.0006152503383819117,,1,1,0,1,6.502275803471924e-05,40.0,60.0,0.0011139999842271209,0.0024420000263489783,0.00028639999800361693,0.08068069998989813,0.13464750000275671,0.08067210001172498,0.015165399992838502,0.008881400019163266,0.008838400011882186,0.02463190001435578,0.0006393999792635441
0.3,Borda LP3 ($ 	heta $ Only),31,538,0.0,,2,0,0,0,0.0,0.0,100.0,0.002374000003328547,0.007291099987924099,0.0010939000057987869,0.098667199985357,0.12373269998352043,0.05436859998735599,0.010909999982686713,0.014164299995172769,0.012326199997914955,0.009286099986638874,0.00029639998683705926
0.3,Borda LP3 ($ 	heta $ Only),32,570,0.0013405972070845004,,0,4,2,2,0.00012444576665295598,90.0,10.0,0.0013432999840006232,0.004294799990020692,8.620001608505845e-05,0.08092090001446195,0.14850430001388304,0.04655329999513924,0.01213419999112375,0.015129399980651215,0.00910450000083074,0.013681900018127635,0.0004535000189207494
0.3,Borda LP3 ($ 	heta $ Only),33,603,0.0006304433211686064,,0,3,0,3,5.2054344766207946e-05,70.0,30.0,0.001126599992858246,0.005691200000001118,8.899997919797897e-05,0.07497449999209493,0.19910639998852275,0.1264251999964472,0.011283400002866983,0.010946700000204146,0.00866739999037236,0.010519000003114343,0.0002443999983370304
0.3,Borda LP3 ($ 	heta $ Only),34,637,0.0,,0,0,0,0,0.0,0.0,100.0,0.0011229999945499003,0.002367200009757653,5.57999883312732e-05,0.07282339999801479,0.2172687999845948,0.042063600005349144,0.00954309999360703,0.013125099998433143,0.014274799992563203,0.01246459997491911,0.00024300001678057015
0.3,Borda LP3 ($ 	heta $ Only),35,672,0.0,,2,0,0,0,0.0,0.0,100.0,0.0020741000189445913,0.003157399973133579,0.00029719999292865396,0.08005049999337643,0.14125529999728315,0.048238899995340034,0.011595999996643513,0.00955049999174662,0.010492000001249835,0.011210099997697398,0.0002300000051036477
0.3,Borda LP3 ($ 	heta $ Only),36,708,0.0011031513983017778,,1,7,1,6,0.00013116858746236532,90.0,10.0,0.004050299990922213,0.0025996000040322542,0.00030690000858157873,0.07920999999623746,0.12887499999487773,0.052173800009768456,0.010757300013210624,0.014119299972662702,0.009089300001505762,0.02173489998676814,0.0004420999903231859
0.3,Borda LP3 ($ 	heta $ Only),37,745,0.00040943958947803653,,2,1,0,1,3.722178086163969e-05,20.0,80.0,0.0011261999898124486,0.003136900020763278,0.0002103000006172806,0.06617989999358542,0.12452489999122918,0.05940890000783838,0.008814600005280226,0.013594099989859387,0.013995399989653379,0.01716889999806881,0.0004700999998021871
0.3,Borda LP3 ($ 	heta $ Only),38,783,0.0,,0,0,0,0,0.0,0.0,100.0,0.003093000006629154,0.008140199992340058,0.00010519998613744974,0.10460029999376275,0.1176477000117302,0.0410851999768056,0.010381900006905198,0.00891490001231432,0.010754099988844246,0.009878299984848127,0.0002406999992672354
0.3,Borda LP3 ($ 	heta $ Only),39,822,0.0003256078390549332,,0,1,0,1,3.8691621732266635e-05,30.0,70.0,0.001148799987277016,0.0023772999993525445,5.7199998991563916e-05,0.11639589999685995,0.1443753000057768,0.055534400016767904,0.01091650000307709,0.01455520000308752,0.014444899978116155,0.01161590000265278,0.0015888999914750457
0.3,Borda LP3 ($ 	heta $ Only),40,862,0.0,,0,0,0,0,0.0,0.0,100.0,0.0014475999923888594,0.003404399991268292,5.9999991208314896e-05,0.15255290002096444,0.1646245000010822,0.04180779997841455,0.013327799999387935,0.014860900002531707,0.01350770000135526,0.013323299994226545,0.0002429999876767397
0.3,Borda LP3 ($ 	heta $ Only),41,903,0.0,,4,0,0,0,0.0,0.0,100.0,0.0011509000032674521,0.002372799994191155,0.00019719998817890882,0.07997240000986494,0.10257799999089912,0.0370888999896124,0.009614999988116324,0.008985699998447672,0.009991400002036244,0.00786869999137707,0.00022230000467970967
0.3,Borda LP3 ($ 	heta $ Only),42,945,0.000725824302320069,,0,2,0,2,6.774226169285658e-05,50.0,50.0,0.004156399983912706,0.0024034999951254576,5.780000356025994e-05,0.19158409998635761,0.14517249999335036,0.055402300000423566,0.011989899998297915,0.013020799990044907,0.00925549998646602,0.014856299996608868,0.00024580000899732113
0.3,Borda LP3 ($ 	heta $ Only),43,988,0.0,,0,0,0,0,0.0,0.0,100.0,0.0011310999980196357,0.0028068999818060547,5.989999044686556e-05,0.08551590002025478,0.14861129998462275,0.0535362999944482,0.014064099988900125,0.011570600006962195,0.009342600009404123,0.011358500021742657,0.0002452000044286251
0.3,Borda LP3 ($ 	heta $ Only),44,1032,0.0,,0,0,0,0,0.0,0.0,100.0,0.001130899996496737,0.0026391999854240566,5.85000088904053e-05,0.09429789998102933,0.1317566999932751,0.09166059998096898,0.022881400014739484,0.018608199985465035,0.021257599990349263,0.012780699995346367,0.0003782999992836267
0.3,Borda LP3 ($ 	heta $ Only),45,1077,0.0010827260148076443,,0,3,1,2,9.006166664265622e-05,70.0,30.0,0.0016905000084079802,0.0022176999773364514,5.870001041330397e-05,0.12682020000647753,0.13076879997970536,0.05747770000016317,0.014849400002276525,0.012613200000487268,0.00954309999360703,0.016170999995665625,0.0006899000145494938
0.3,Borda LP3 ($ 	heta $ Only),46,1123,0.00012217117732294625,,0,1,0,1,0.00012217117732294625,20.0,80.0,0.003595099988160655,0.0023939000093378127,8.110000635497272e-05,0.07102629999280907,0.15854939998826012,0.055122399993706495,0.010734599985880777,0.012099699990358204,0.01048689999151975,0.010562000010395423,0.0002457000082358718
0.3,Borda LP3 ($ 	heta $ Only),47,1170,0.0,,1,0,0,0,0.0,0.0,100.0,0.0042575999977998435,0.004893900011666119,0.00022489999537356198,0.078460399992764,0.29947769999853335,0.04477290000068024,0.01340270001674071,0.018834799993783236,0.01280120000592433,0.016911800019443035,0.0006350000039674342
0.3,Borda LP3 ($ 	heta $ Only),48,1218,0.0,,1,0,0,0,0.0,0.0,100.0,0.003926900011720136,0.012012199993478134,0.0005043999990448356,0.15369190002093092,0.15996910000103526,0.06858029999420978,0.012991700001293793,0.013219799991929904,0.017299899976933375,0.010193300026003271,0.0004846000229008496
0.3,Borda LP3 ($ 	heta $ Only),49,1267,0.0012971048232453225,,3,5,2,3,0.00010052148105176633,70.0,30.0,0.0011312999995425344,0.004170400003204122,0.000298099999781698,0.077429500001017,0.1205175000068266,0.04495429998496547,0.009393999993335456,0.012136100005591288,0.016181399987544864,0.01475830000708811,0.00023100001271814108
0.3,Linear BTL,0,42,,-57.32862986866521,3,6,0,6,,,,0.0021588999952655286,0.005115900014061481,0.00022960000205785036,0.09074800001690164,0.13263340000412427,0.05246949999127537,0.013125800003763288,0.016941000008955598,0.018563299992820248,0.015348899993114173,0.0002486000012140721
0.3,Linear BTL,1,43,,-42.32277458451283,0,2,0,2,,,,0.0017698000010568649,0.011908199987374246,0.00012320000678300858,0.2685641999996733,0.24789729999611154,0.05102099999203347,0.01571390000754036,0.013141600007656962,0.008932800003094599,0.013551099982578307,0.00024210000992752612
0.3,Linear BTL,2,45,,-35.49434995552771,0,3,0,3,,,,0.0011282000050414354,0.007063300028676167,6.269998266361654e-05,0.07813760000863113,0.12606219999725,0.0439120999944862,0.009198600018862635,0.013375399983488023,0.012207499996293336,0.008689999987836927,0.0002770000137388706
0.3,Linear BTL,3,48,,-48.221895001878636,0,4,2,2,,,,0.0062732000078540295,0.0023366999812424183,5.560001591220498e-05,0.09565959998872131,0.13305949998903088,0.0486592999950517,0.014130600000498816,0.012041200010571629,0.009091500018257648,0.011477500025648624,0.0002443999983370304
0.3,Linear BTL,4,52,,-38.0647857617192,0,1,0,1,,,,0.0011507000017445534,0.004360999999335036,0.00032560000545345247,0.09339120000367984,0.14531950000673532,0.04927639997913502,0.0185318999865558,0.01457600001594983,0.014437500009080395,0.013027500011958182,0.00024339999072253704
0.3,Linear BTL,5,57,,-44.791886068517954,0,5,1,4,,,,0.001233800023328513,0.0029242000018712133,5.85000088904053e-05,0.08749370000441559,0.12619350000750273,0.04092499997932464,0.01246319999336265,0.012726200016913936,0.00906439998652786,0.01038320001680404,0.00024280001525767148
0.3,Linear BTL,6,63,,-54.73662074824913,1,4,0,4,,,,0.0011363000085111707,0.002557400002842769,0.00031770000350661576,0.0826766999962274,0.11765870000817813,0.0642062000115402,0.011200000008102506,0.009788099996512756,0.014170299982652068,0.014078899985179305,0.0005899000097997487
0.3,Linear BTL,7,70,,-39.3241921216664,0,1,0,1,,,,0.001156799989985302,0.0023123999999370426,5.810000584460795e-05,0.07823980000102893,0.20298689999617636,0.2497021000017412,0.029443600011290982,0.021341400017263368,0.01390189997619018,0.020489499991526827,0.00024160000612027943
0.3,Linear BTL,8,78,,-48.21768215098295,0,4,2,2,,,,0.0017410999862477183,0.003749800001969561,6.249998114071786e-05,0.08623160002753139,0.13330089999362826,0.051621199992951006,0.013403499993728474,0.01172399998176843,0.0090407999814488,0.014203300001099706,0.00024319998919963837
0.3,Linear BTL,9,87,,-37.48273057740668,0,2,0,2,,,,0.0013169999874662608,0.003262899990659207,5.930001498199999e-05,0.07656670000869781,0.1456713000079617,0.06323929998325184,0.011363500001607463,0.02191310000489466,0.009044300008099526,0.01285139998071827,0.00025270000332966447
0.3,Linear BTL,10,97,,-53.44301000138852,0,2,0,2,,,,0.0011286000080872327,0.0032221000001300126,5.8200006606057286e-05,0.08063079998828471,0.13961589999962598,0.06280270000570454,0.010141899983864278,0.008447100000921637,0.009337600000435486,0.008654799981741235,0.0002460000105202198
0.3,Linear BTL,11,108,,-45.269409950159094,0,2,0,2,,,,0.004574599995976314,0.0031561999931000173,7.509998977184296e-05,0.07962260002386756,0.129374900017865,0.0507742999761831,0.011177999986102805,0.010122200008481741,0.011775199993280694,0.012078400002792478,0.00024419999681413174
0.3,Linear BTL,12,120,,-46.944003684699034,0,5,2,3,,,,0.004161499993642792,0.0022669999743811786,5.840000812895596e-05,0.0816562999971211,0.1443219999782741,0.06333630002336577,0.013380499993218109,0.01091360001009889,0.010067700000945479,0.012516999995568767,0.0002480999974068254
0.3,Linear BTL,13,133,,-27.63923653300778,0,0,0,0,,,,0.0011597000120673329,0.0024908999912440777,5.6899996707215905e-05,0.09656530001666397,0.12538039998617023,0.05979660002049059,0.013345600018510595,0.010752900008810684,0.011550099996384233,0.011178099986864254,0.0002401999954599887
0.3,Linear BTL,14,147,,-65.67923743643043,4,3,0,3,,,,0.001143500005127862,0.0022433999984059483,0.00020059998496435583,0.06101370000396855,0.12006300000939518,0.04549370001768693,0.008588700002292171,0.09792249999009073,0.09146310001960956,0.042817600013222545,0.00024190000840462744
0.3,Linear BTL,15,162,,-57.15606856137767,1,4,0,4,,,,0.0017260000167880207,0.004913099983241409,0.0004690999921876937,0.09846039998228662,0.13191660001757555,0.046934799989685416,0.009934300003806129,0.013948600011644885,0.013372100016567856,0.013359400007175282,0.00032789999386295676
0.3,Linear BTL,16,178,,-54.06758749511135,1,5,1,4,,,,0.001466100016841665,0.0021317999926395714,0.00020870001753792167,0.08577790000708774,0.13436960001126863,0.03727259999141097,0.011652299988782033,0.010008799989009276,0.011447099997894838,0.011987400008365512,0.0004400999750941992
0.3,Linear BTL,17,195,,-33.07151813784893,0,2,0,2,,,,0.0011208000069018453,0.0022508999973069876,5.6100019719451666e-05,0.08111949998419732,0.12203619998763315,0.06215470001916401,0.011912599991774186,0.010116699995705858,0.011508900002809241,0.009307600004831329,0.004327300004661083
0.3,Linear BTL,18,213,,-43.1596483910767,0,3,0,3,,,,0.0013444000214803964,0.0026596999960020185,6.369999027810991e-05,0.07348240001010709,0.2288039000122808,0.10697589998017065,0.01820610000868328,0.014880300004733726,0.013418200018350035,0.01722790001076646,0.0007371999963652343
0.3,Linear BTL,19,232,,-52.39327899909923,1,4,1,3,,,,0.0034679999807849526,0.002677000011317432,0.0002395999908912927,0.10152660001767799,0.1318619000085164,0.040820299996994436,0.011312999995425344,0.008934999990742654,0.015227299998514354,0.013505299983080477,0.00023720000172033906
0.3,Linear BTL,20,252,,-47.32861618424341,0,2,0,2,,,,0.001236900017829612,0.005570000008447096,6.3000014051795e-05,0.06365070000174455,0.12965399998938665,0.05056130001321435,0.011047500011045486,0.010340800014091656,0.011008899979060516,0.013432000007014722,0.00024149997625499964
0.3,Linear BTL,21,273,,-38.60968036667691,0,1,0,1,,,,0.0013193000049795955,0.002677499986020848,6.25999819021672e-05,0.08223630001884885,0.308449300006032,0.1062075000081677,0.02226700002211146,0.015938199998345226,0.022005799983162433,0.022062100004404783,0.0013574000040534884
0.3,Linear BTL,22,295,,-53.64848302275371,0,8,1,7,,,,0.003383400005986914,0.008397500001592562,0.00028509998810477555,0.1726009999983944,0.1940461000194773,0.08572080000885762,0.01364870002726093,0.010179600008996204,0.018599699978949502,0.021088199981022626,0.00024759999359957874
0.3,Linear BTL,23,318,,-53.31786372924771,1,5,1,4,,,,0.0023132000060286373,0.007582199992612004,0.0014134999946691096,0.09558250001282431,0.19869580000522546,0.05076830001780763,0.009799599996767938,0.01353590001235716,0.015170300001045689,0.025312299985671416,0.0005354000022634864
0.3,Linear BTL,24,342,,-54.690512308553785,5,4,0,4,,,,0.002211300015915185,0.008579200017265975,0.0006247000128496438,0.10263949999352917,0.10149890001048334,0.07371349999448285,0.008078599988948554,0.02747619998990558,0.02257060000556521,0.021555399987846613,0.0012243000091984868
0.3,Linear BTL,25,367,,-34.084555849031304,0,3,1,2,,,,0.0027876000094693154,0.003957600012654439,0.00011409999569877982,0.11796820000745356,0.13503350000246428,0.058737299987114966,0.015259700012393296,0.009359999996377155,0.013594999996712431,0.013894300005631521,0.00044589999015443027
0.3,Linear BTL,26,393,,-52.35569256535955,0,5,0,5,,,,0.0011391999723855406,0.0021738999930676073,5.5899989092722535e-05,0.0805613000120502,0.24457179999444634,0.05669659998966381,0.009883399994578212,0.010849100013729185,0.013288999994983897,0.008744300022954121,0.00026220001745969057
0.3,Linear BTL,27,420,,-15.48699921997862,0,1,0,1,,,,0.001861100026872009,0.006660699989879504,8.749999688006938e-05,0.10519800000474788,0.1370349999924656,0.06308609998086467,0.01534189999802038,0.013956899987533689,0.010301900008926168,0.010572500003036112,0.0002477999951224774
0.3,Linear BTL,28,448,,-42.072607114742354,2,3,1,2,,,,0.0017729999963194132,0.004396100004669279,0.00033519999124109745,0.08185849999426864,0.12443419999908656,0.0679107999894768,0.011821899999631569,0.007974700012709945,0.013141000003088266,0.012954299978446215,0.0016157999925781041
0.3,Linear BTL,29,477,,-55.468137086802344,2,3,0,3,,,,0.003410200006328523,0.008490100008202717,0.0003555000002961606,0.06304929999168962,0.1278085999947507,0.04439479997381568,0.010226799990050495,0.011420399998314679,0.008204599987948313,0.01131800000439398,0.00042979998397640884
0.3,Linear BTL,30,507,,-42.652939519782024,1,2,0,2,,,,0.0011139999842271209,0.0024420000263489783,0.00028639999800361693,0.08068069998989813,0.13464750000275671,0.08067210001172498,0.015165399992838502,0.008881400019163266,0.008838400011882186,0.02463190001435578,0.0006393999792635441
0.3,Linear BTL,31,538,,-45.75368134076363,2,6,0,6,,,,0.002374000003328547,0.007291099987924099,0.0010939000057987869,0.098667199985357,0.12373269998352043,0.05436859998735599,0.010909999982686713,0.014164299995172769,0.012326199997914955,0.009286099986638874,0.00029639998683705926
0.3,Linear BTL,32,570,,-62.64639132725901,0,6,2,4,,,,0.0013432999840006232,0.004294799990020692,8.620001608505845e-05,0.08092090001446195,0.14850430001388304,0.04655329999513924,0.01213419999112375,0.015129399980651215,0.00910450000083074,0.013681900018127635,0.0004535000189207494
0.3,Linear BTL,33,603,,-49.5293325760999,0,3,0,3,,,,0.001126599992858246,0.005691200000001118,8.899997919797897e-05,0.07497449999209493,0.19910639998852275,0.1264251999964472,0.011283400002866983,0.010946700000204146,0.00866739999037236,0.010519000003114343,0.0002443999983370304
0.3,Linear BTL,34,637,,-33.396967177253984,0,3,1,2,,,,0.0011229999945499003,0.002367200009757653,5.57999883312732e-05,0.07282339999801479,0.2172687999845948,0.042063600005349144,0.00954309999360703,0.013125099998433143,0.014274799992563203,0.01246459997491911,0.00024300001678057015
0.3,Linear BTL,35,672,,-21.96690139985204,2,0,0,0,,,,0.0020741000189445913,0.003157399973133579,0.00029719999292865396,0.08005049999337643,0.14125529999728315,0.048238899995340034,0.011595999996643513,0.00955049999174662,0.010492000001249835,0.011210099997697398,0.0002300000051036477
0.3,Linear BTL,36,708,,-45.878523034499985,1,6,1,5,,,,0.004050299990922213,0.0025996000040322542,0.00030690000858157873,0.07920999999623746,0.12887499999487773,0.052173800009768456,0.010757300013210624,0.014119299972662702,0.009089300001505762,0.02173489998676814,0.0004420999903231859
0.3,Linear BTL,37,745,,-45.69086139131746,2,2,0,2,,,,0.0011261999898124486,0.003136900020763278,0.0002103000006172806,0.06617989999358542,0.12452489999122918,0.05940890000783838,0.008814600005280226,0.013594099989859387,0.013995399989653379,0.01716889999806881,0.0004700999998021871
0.3,Linear BTL,38,783,,-32.42803930538789,0,3,0,3,,,,0.003093000006629154,0.008140199992340058,0.00010519998613744974,0.10460029999376275,0.1176477000117302,0.0410851999768056,0.010381900006905198,0.00891490001231432,0.010754099988844246,0.009878299984848127,0.0002406999992672354
0.3,Linear BTL,39,822,,-42.65468038297985,0,3,1,2,,,,0.001148799987277016,0.0023772999993525445,5.7199998991563916e-05,0.11639589999685995,0.1443753000057768,0.055534400016767904,0.01091650000307709,0.01455520000308752,0.014444899978116155,0.01161590000265278,0.0015888999914750457
0.3,Linear BTL,40,862,,-55.74148950136093,0,3,0,3,,,,0.0014475999923888594,0.003404399991268292,5.9999991208314896e-05,0.15255290002096444,0.1646245000010822,0.04180779997841455,0.013327799999387935,0.014860900002531707,0.01350770000135526,0.013323299994226545,0.0002429999876767397
0.3,Linear BTL,41,903,,-63.20135084564914,4,0,0,0,,,,0.0011509000032674521,0.002372799994191155,0.00019719998817890882,0.07997240000986494,0.10257799999089912,0.0370888999896124,0.009614999988116324,0.008985699998447672,0.009991400002036244,0.00786869999137707,0.00022230000467970967
0.3,Linear BTL,42,945,,-43.13862865152019,0,3,0,3,,,,0.004156399983912706,0.0024034999951254576,5.780000356025994e-05,0.19158409998635761,0.14517249999335036,0.055402300000423566,0.011989899998297915,0.013020799990044907,0.00925549998646602,0.014856299996608868,0.00024580000899732113
0.3,Linear BTL,43,988,,-52.67034892360882,0,3,1,2,,,,0.0011310999980196357,0.0028068999818060547,5.989999044686556e-05,0.08551590002025478,0.14861129998462275,0.0535362999944482,0.014064099988900125,0.011570600006962195,0.009342600009404123,0.011358500021742657,0.0002452000044286251
0.3,Linear BTL,44,1032,,-38.16123270383727,0,2,1,1,,,,0.001130899996496737,0.0026391999854240566,5.85000088904053e-05,0.09429789998102933,0.1317566999932751,0.09166059998096898,0.022881400014739484,0.018608199985465035,0.021257599990349263,0.012780699995346367,0.0003782999992836267
0.3,Linear BTL,45,1077,,-42.454689121553216,0,6,2,4,,,,0.0016905000084079802,0.0022176999773364514,5.870001041330397e-05,0.12682020000647753,0.13076879997970536,0.05747770000016317,0.014849400002276525,0.012613200000487268,0.00954309999360703,0.016170999995665625,0.0006899000145494938
0.3,Linear BTL,46,1123,,-61.33550569991181,0,5,0,5,,,,0.003595099988160655,0.0023939000093378127,8.110000635497272e-05,0.07102629999280907,0.15854939998826012,0.055122399993706495,0.010734599985880777,0.012099699990358204,0.01048689999151975,0.010562000010395423,0.0002457000082358718
0.3,Linear BTL,47,1170,,-34.2134361375373,1,1,0,1,,,,0.0042575999977998435,0.004893900011666119,0.00022489999537356198,0.078460399992764,0.29947769999853335,0.04477290000068024,0.01340270001674071,0.018834799993783236,0.01280120000592433,0.016911800019443035,0.0006350000039674342
0.3,Linear BTL,48,1218,,-47.43790735745512,1,2,0,2,,,,0.003926900011720136,0.012012199993478134,0.0005043999990448356,0.15369190002093092,0.15996910000103526,0.06858029999420978,0.012991700001293793,0.013219799991929904,0.017299899976933375,0.010193300026003271,0.0004846000229008496
0.3,Linear BTL,49,1267,,-52.4992045620705,3,5,1,4,,,,0.0011312999995425344,0.004170400003204122,0.000298099999781698,0.077429500001017,0.1205175000068266,0.04495429998496547,0.009393999993335456,0.012136100005591288,0.016181399987544864,0.01475830000708811,0.00023100001271814108
0.4,LP2 ($ 	heta $ Only),0,42,3.421299512656835e-05,,1,7,4,3,3.421299512656835e-05,20.0,80.0,0.002978299977257848,0.004468400002224371,0.00041149999015033245,0.08133570000063628,0.10609049999038689,0.04533910000463948,0.009249900002032518,0.00819480000063777,0.010076699982164428,0.008242399984737858,0.00023870001314207911
0.4,LP2 ($ 	heta $ Only),1,43,6.663483173938449e-06,,0,2,0,2,6.663483173938449e-06,10.0,90.0,0.001128199975937605,0.003865800012135878,9.029998909682035e-05,0.08757000000332482,0.1321196000208147,0.03981970000313595,0.013119000010192394,0.011425500008044764,0.008906699978979304,0.010112699994351715,0.0002443999983370304
0.4,LP2 ($ 	heta $ Only),2,45,0.0,,0,0,0,0,0.0,0.0,100.0,0.0011150999926030636,0.00266389999887906,5.8900011936202645e-05,0.11743750001187436,0.1278572000155691,0.057621899992227554,0.011123699980089441,0.01065730000846088,0.011147000011987984,0.011404800025047734,0.00044880001223646104
0.4,LP2 ($ 	heta $ Only),3,48,0.0,,0,0,0,0,0.0,0.0,100.0,0.0011137000110466033,0.004230499995173886,9.100002353079617e-05,0.1105256000009831,0.13690429998678155,0.05598440000903793,0.00867480001761578,0.011948100000154227,0.01967880001757294,0.014727300003869459,0.00024920000578276813
0.4,LP2 ($ 	heta $ Only),4,52,0.0,,0,0,0,0,0.0,0.0,100.0,0.0011653999972622842,0.009671400010120124,6.500000017695129e-05,0.08033880000584759,0.1217727999901399,0.07824810000602156,0.018515900010243058,0.015549100004136562,0.01841470002545975,0.015855900011956692,0.0002452000044286251
0.4,LP2 ($ 	heta $ Only),5,57,3.558509562312086e-05,,2,7,2,5,3.558509562312085e-05,40.0,60.0,0.0011291000118944794,0.0024988999939523637,0.00020409998251125216,0.0825837999873329,0.12197860001469962,0.04707169998437166,0.008814400003757328,0.0129653999756556,0.014243399986298755,0.01710800000000745,0.00043120002374053
0.4,LP2 ($ 	heta $ Only),6,63,2.406430713568083e-05,,3,5,0,5,2.406430713568083e-05,20.0,80.0,0.001135200000135228,0.002309100003913045,0.0001956000050995499,0.0698162000044249,0.129388100001961,0.04163930000504479,0.008937900012824684,0.008955099998274818,0.008397400000831112,0.008011900004930794,0.0005478000093717128
0.4,LP2 ($ 	heta $ Only),7,70,1.611330909741052e-05,,1,6,0,6,1.611330909741052e-05,30.0,70.0,0.004493899992667139,0.002376599994022399,0.00022770001669414341,0.06549330000416376,0.13420250001945533,0.04651149999699555,0.011741399997845292,0.008476999995764345,0.013411899999482557,0.013268999988213181,0.0006954999989829957
0.4,LP2 ($ 	heta $ Only),8,78,4.7987610494877836e-06,,1,2,0,2,4.7987610494877836e-06,10.0,90.0,0.0011620000004768372,0.0024064999888651073,0.00020829998538829386,0.08196609999868087,0.14941350001026876,0.057085399981588125,0.013230899989139289,0.013093999994453043,0.012798399984603748,0.016735100012738258,0.0006283000111579895
0.4,LP2 ($ 	heta $ Only),9,87,0.0,,0,0,0,0,0.0,0.0,100.0,0.0017851000011432916,0.002631599985761568,6.719998782500625e-05,0.08936589999939315,0.1320140000025276,0.05909659998724237,0.011705899989465252,0.013213600002927706,0.008814500004518777,0.01244109999970533,0.0006087999790906906
0.4,LP2 ($ 	heta $ Only),10,97,4.657702406187029e-06,,0,2,0,2,4.657702406187029e-06,10.0,90.0,0.0013728000049013644,0.002959400007966906,5.889998283237219e-05,0.08857270001317374,0.22025649997522123,0.19665520000853576,0.01779850001912564,0.022120800014818087,0.012510100001236424,0.014319000008981675,0.0002494000073056668
0.4,LP2 ($ 	heta $ Only),11,108,0.0,,0,0,0,0,0.0,0.0,100.0,0.0011415999906603247,0.002457099995808676,6.0399994254112244e-05,0.08208880000165664,0.12054229999193922,0.03789639999740757,0.012567199999466538,0.023650000017369166,0.0254228999838233,0.03229499998269603,0.0006729000015184283
0.4,LP2 ($ 	heta $ Only),12,120,0.0,,0,0,0,0,0.0,0.0,100.0,0.0037563999940175563,0.012104499997803941,0.0005686000222340226,0.09978570000384934,0.12651659999391995,0.048409000009996817,0.011573199997656047,0.012183899991214275,0.010360299987951294,0.01458060002187267,0.00030849999166093767
0.4,LP2 ($ 	heta $ Only),13,133,0.0,,1,0,0,0,0.0,0.0,100.0,0.0018857999821193516,0.006747500010533258,0.00022690001060254872,0.06731980000040494,0.15382810001028702,0.04377060002298094,0.014252100023441017,0.013445000018691644,0.010504299978492782,0.013111100008245558,0.0003486999776214361
0.4,LP2 ($ 	heta $ Only),14,147,0.0,,3,0,0,0,0.0,0.0,100.0,0.0011674999841488898,0.0037121000059414655,0.0003789000038523227,0.08039029999054037,0.13187929999548942,0.051335299998754635,0.010216199996648356,0.00781850001658313,0.00968809999176301,0.008155099989380687,0.00023830001009628177
0.4,LP2 ($ 	heta $ Only),15,162,2.1203732258555156e-05,,5,4,1,3,2.1203732258555153e-05,30.0,70.0,0.005215900018811226,0.0033727999834809452,0.0002896999940276146,0.07955259998561814,0.2454870000074152,0.06783109999378212,0.010362200002418831,0.013139200018486008,0.008596800005761907,0.02104600000893697,0.00042600001324899495
0.4,LP2 ($ 	heta $ Only),16,178,0.0,,2,0,0,0,0.0,0.0,100.0,0.0011571000213734806,0.003273200010880828,0.00021150000975467265,0.06672150001395494,0.13084170001093298,0.06039030000101775,0.014677500003017485,0.013957600021967664,0.012418199999956414,0.01004819999798201,0.0004265999887138605
0.4,LP2 ($ 	heta $ Only),17,195,0.0,,0,0,0,0,0.0,0.0,100.0,0.001126299990573898,0.005989299999782816,6.609997944906354e-05,0.08505310001783073,0.12571379999280907,0.05830090001109056,0.019537599990144372,0.018079099972965196,0.030418300011660904,0.020064299984369427,0.0006844000017736107
0.4,LP2 ($ 	heta $ Only),18,213,1.963642586545204e-05,,0,2,0,2,1.963642586545204e-05,20.0,80.0,0.004888299998128787,0.007363200013060123,0.00012489999062381685,0.17906940000830218,0.14459390001138672,0.04911969997920096,0.010613999998895451,0.013368299987632781,0.012179999990621582,0.013300599996000528,0.0002455000067129731
0.4,LP2 ($ 	heta $ Only),19,232,1.9455926805716817e-05,,4,6,2,4,1.9455926805716817e-05,20.0,80.0,0.0013002000050619245,0.002289700001711026,0.00020059998496435583,0.11353169998619705,0.11968090001028031,0.0517528000054881,0.01004079999984242,0.008943400025600567,0.01601459999801591,0.01718949998030439,0.00022819999139755964
0.4,LP2 ($ 	heta $ Only),20,252,1.7657442983571995e-05,,0,3,1,2,1.7657442983571995e-05,20.0,80.0,0.001937799999723211,0.007943400007206947,8.939998224377632e-05,0.0851797999930568,0.12278929998865351,0.05965479998849332,0.009426899981917813,0.013361000019358471,0.014567900012480095,0.013108999992255121,0.0004783000040333718
0.4,LP2 ($ 	heta $ Only),21,273,2.1757574661061496e-05,,1,6,5,1,2.17575746610615e-05,30.0,70.0,0.0014318999892566353,0.002404800005024299,0.00020789998234249651,0.07093439999152906,0.134589599998435,0.05473679999704473,0.012771100009558722,0.01699709999957122,0.012262800009921193,0.008988699992187321,0.00024049999774433672
0.4,LP2 ($ 	heta $ Only),22,295,2.241424300172678e-05,,0,9,0,9,2.241424300172678e-05,30.0,70.0,0.004866000002948567,0.00302250002278015,7.660000119358301e-05,0.07425309999962337,0.1706283999956213,0.051569600007496774,0.01437910000095144,0.01873329997761175,0.014110199990682304,0.014159799990011379,0.00024989998200908303
0.4,LP2 ($ 	heta $ Only),23,318,3.4060526758334355e-05,,2,3,1,2,3.4060526758334355e-05,30.0,70.0,0.0018020000134129077,0.0028261999832466245,0.00023720000172033906,0.08900740000535734,0.12943290002294816,0.052923700015526265,0.01002000001608394,0.01096089999191463,0.014115400001173839,0.009018300013849512,0.00023299999884329736
0.4,LP2 ($ 	heta $ Only),24,342,1.1981577822327772e-05,,3,4,0,4,1.1981577822327772e-05,10.0,90.0,0.004335599980549887,0.003161000000545755,0.00021249998826533556,0.06767099999706261,0.12744630000088364,0.04373579999082722,0.014677099999971688,0.013948499981779605,0.01566639999509789,0.014454699994530529,0.00022869999520480633
0.4,LP2 ($ 	heta $ Only),25,367,5.997112368050557e-06,,0,2,0,2,5.997112368050557e-06,20.0,80.0,0.004985800012946129,0.003320200019516051,6.260001100599766e-05,0.07283580000512302,0.11421899998094887,0.044171999994432554,0.009921799995936453,0.00842290002037771,0.00966760001028888,0.008332199999131262,0.00024110000231303275
0.4,LP2 ($ 	heta $ Only),26,393,3.5008950642786313e-05,,3,13,7,6,3.500895064278631e-05,40.0,60.0,0.001114899991080165,0.0029541999974753708,0.0005259999888949096,0.07599579999805428,0.11654469999484718,0.039796600001864135,0.01171960000647232,0.00949549998040311,0.010402599989902228,0.010605799994664267,0.000423500023316592
0.4,LP2 ($ 	heta $ Only),27,420,0.0,,0,0,0,0,0.0,0.0,100.0,0.0011119999981019646,0.002671199996257201,5.740000051446259e-05,0.08242290001362562,0.127839299995685,0.06580789998406544,0.008830100006889552,0.010980699997162446,0.013858000020263717,0.010667299997294322,0.001107799995224923
0.4,LP2 ($ 	heta $ Only),28,448,4.247963461294977e-05,,0,2,0,2,4.247963461294977e-05,20.0,80.0,0.0023170999775175005,0.003023500001290813,8.719999459572136e-05,0.1000575999787543,0.12861240000347607,0.0407351000176277,0.01171200000680983,0.012715399992885068,0.011567399982595816,0.01323969999793917,0.0003206999972462654
0.4,LP2 ($ 	heta $ Only),29,477,1.3535417125130133e-05,,3,4,0,4,1.3535417125130133e-05,20.0,80.0,0.0021013999939896166,0.003708000003825873,0.0003761000116355717,0.0677764999854844,0.1487092999741435,0.049033099989173934,0.019535300001734868,0.021720699995057657,0.024608700012322515,0.01188100001309067,0.0014574000088032335
0.4,LP2 ($ 	heta $ Only),30,507,2.0998178211911585e-05,,0,6,2,4,2.0998178211911585e-05,40.0,60.0,0.0018429000047035515,0.003780900005949661,9.240000508725643e-05,0.1000079000077676,0.11245149999740534,0.054363900009775534,0.009574799973051995,0.008446899999398738,0.012342800007900223,0.012099799991119653,0.00025680000544525683
0.4,LP2 ($ 	heta $ Only),31,538,0.0,,8,0,0,0,0.0,0.0,100.0,0.0015773999912198633,0.0024408000172115862,0.00019809999503195286,0.06766189998597838,0.1876044999808073,0.06253019999712706,0.0067128000082448125,0.01037999999243766,0.009850900009041652,0.007456999999703839,0.00021680002100765705
0.4,LP2 ($ 	heta $ Only),32,570,1.7727563254921814e-05,,1,3,0,3,1.7727563254921814e-05,30.0,70.0,0.0011475000064820051,0.004955599986715242,0.0004949000140186399,0.07808259999728762,0.26836260000709444,0.06458919998840429,0.012023799994494766,0.0113032000081148,0.012568200007081032,0.011227899987716228,0.0006232000014279038
0.4,LP2 ($ 	heta $ Only),33,603,0.0,,0,0,0,0,0.0,0.0,100.0,0.00127119998796843,0.002738999988650903,9.90999978967011e-05,0.08686089998809621,0.13959000000613742,0.06367410000530072,0.024244000000180677,0.01844480002182536,0.01297740000882186,0.017108500003814697,0.00044899998465552926
0.4,LP2 ($ 	heta $ Only),34,637,0.0,,1,0,0,0,0.0,0.0,100.0,0.001126299990573898,0.002449799998430535,0.00019649998284876347,0.08801149998907931,0.12176919999183156,0.0529746999964118,0.009862599981715903,0.008134900010190904,0.012337899999693036,0.009339099982753396,0.000953600014327094
0.4,LP2 ($ 	heta $ Only),35,672,2.985780213565011e-05,,0,7,1,6,2.985780213565011e-05,20.0,80.0,0.0031076000013854355,0.0025827000208664685,0.0001036000030580908,0.09051209999597631,0.1537055000080727,0.05211380001856014,0.017323200008831918,0.015406400023493916,0.012666900001931936,0.009301999991293997,0.00024389999452978373
0.4,LP2 ($ 	heta $ Only),36,708,2.6973235587548297e-05,,0,7,1,6,2.6973235587548294e-05,40.0,60.0,0.0024919999996200204,0.0024887000035960227,5.930001498199999e-05,0.08418149998760782,0.21824329998344183,0.1088447000074666,0.025518600014038384,0.011782299989135936,0.009705700009362772,0.011774799990234897,0.00024319998919963837
0.4,LP2 ($ 	heta $ Only),37,745,2.569538790400356e-05,,3,6,1,5,2.569538790400356e-05,40.0,60.0,0.001131800003349781,0.0026393999869469553,0.000319099985063076,0.0833009000052698,0.118078700004844,0.04537900001741946,0.009353100002044812,0.00858289998723194,0.00836059998255223,0.007883399986894801,0.00022960000205785036
0.4,LP2 ($ 	heta $ Only),38,783,2.0470260008759103e-06,,0,2,0,2,2.0470260008759103e-06,10.0,90.0,0.004303199995774776,0.0023677999852225184,5.77000027988106e-05,0.07127779998700134,0.14424270001472905,0.05570720002287999,0.03833780001150444,0.013014600001042709,0.011677600006805733,0.009318800002802163,0.0002455000067129731
0.4,LP2 ($ 	heta $ Only),39,822,4.1931320071493115e-05,,0,8,3,5,4.1931320071493115e-05,40.0,60.0,0.002967899985378608,0.0031398000137414783,6.10999995842576e-05,0.07346830001915805,0.1375465000164695,0.04540040000574663,0.00904520001495257,0.011744399991584942,0.011530600022524595,0.009148100012680516,0.00024579997989349067
0.4,LP2 ($ 	heta $ Only),40,862,0.0,,3,0,0,0,0.0,0.0,100.0,0.005592000001342967,0.0028922000201418996,0.00022529999841935933,0.08774079999420792,0.15846760000567883,0.05754739997792058,0.00846739998087287,0.013931699999375269,0.01457439997466281,0.009410500002559274,0.0010282000002916902
0.4,LP2 ($ 	heta $ Only),41,903,0.0,,5,0,0,0,0.0,0.0,100.0,0.004164599988143891,0.004578500025672838,0.0003254999755881727,0.07969730001059361,0.15751000001910143,0.07751979999011382,0.007886899984441698,0.014545500016538426,0.013348300009965897,0.01172399998176843,0.00021930001094006002
0.4,LP2 ($ 	heta $ Only),42,945,1.2426552200457217e-05,,2,4,0,4,1.2426552200457217e-05,30.0,70.0,0.0011316000018268824,0.0023355000012088567,0.00020599999697878957,0.17230279999785125,0.12676939999801107,0.049788400006946176,0.015763100003823638,0.018898900016210973,0.01748149999184534,0.014458299992838874,0.00043069999082945287
0.4,LP2 ($ 	heta $ Only),43,988,0.0,,3,0,0,0,0.0,0.0,100.0,0.0011236999998800457,0.0022778999991714954,0.00020190002396702766,0.07389550001244061,0.1658758999838028,0.057014300022274256,0.013085899990983307,0.010682099993573502,0.00749839999480173,0.008813399996142834,0.00023689999943599105
0.4,LP2 ($ 	heta $ Only),44,1032,2.126990385323696e-05,,0,5,1,4,2.1269903853236965e-05,30.0,70.0,0.001145699992775917,0.002259600005345419,5.6899996707215905e-05,0.0657264000037685,0.12815579999005422,0.045488699979614466,0.012023399991448969,0.010008900018874556,0.012026999989757314,0.011268699978245422,0.0003150000120513141
0.4,LP2 ($ 	heta $ Only),45,1077,1.2792334956548443e-05,,0,2,1,1,1.2792334956548443e-05,10.0,90.0,0.003922299976693466,0.0025414999981876463,6.389999180100858e-05,0.07638300000689924,0.11535489998641424,0.05246050001005642,0.014771699992707,0.009426700009498745,0.013341199985006824,0.013724499993259087,0.0002462000120431185
0.4,LP2 ($ 	heta $ Only),46,1123,1.1671877469396758e-05,,4,1,0,1,1.1671877469396758e-05,20.0,80.0,0.0011242000036872923,0.002422999998088926,0.00020020001102238894,0.07860760000767186,0.1352535999903921,0.13693080001394264,0.016280699986964464,0.016106799972476438,0.01979849999770522,0.014868699974613264,0.0002862999972421676
0.4,LP2 ($ 	heta $ Only),47,1170,0.0,,2,0,0,0,0.0,0.0,100.0,0.008712300012120977,0.0037666000134777278,0.0003502999898046255,0.10121300001628697,0.13059089999296702,0.055959500023163855,0.009554999996908009,0.01133729997673072,0.008354199992027134,0.010313800012227148,0.0002379999787081033
0.4,LP2 ($ 	heta $ Only),48,1218,0.0,,2,0,0,0,0.0,0.0,100.0,0.0012877000262960792,0.002252599981147796,0.00020129999029450119,0.06501900000148453,0.12954990001162514,0.04903659998672083,0.008194399997591972,0.011907100008102134,0.014028199977474287,0.008500900003127754,0.00026909998268820345
0.4,LP2 ($ 	heta $ Only),49,1267,1.2784656975101021e-05,,3,3,0,3,1.2784656975101021e-05,20.0,80.0,0.0014884000120218843,0.002876600017771125,0.00020500001846812665,0.07634699999471195,0.11787529999855906,0.047701100003905594,0.011727400007657707,0.008070600015344098,0.01114009998855181,0.009449200006201863,0.0004214000073261559
0.4,LP3 ($ 	heta $ Only),0,42,0.0017677250453231618,,1,6,1,5,0.00013542209547484977,90.0,10.0,0.002978299977257848,0.004468400002224371,0.00041149999015033245,0.08133570000063628,0.10609049999038689,0.04533910000463948,0.009249900002032518,0.00819480000063777,0.010076699982164428,0.008242399984737858,0.00023870001314207911
0.4,LP3 ($ 	heta $ Only),1,43,0.0003126873627352366,,0,1,0,1,2.8426123885021513e-05,10.0,90.0,0.001128199975937605,0.003865800012135878,9.029998909682035e-05,0.08757000000332482,0.1321196000208147,0.03981970000313595,0.013119000010192394,0.011425500008044764,0.008906699978979304,0.010112699994351715,0.0002443999983370304
0.4,LP3 ($ 	heta $ Only),2,45,0.0,,0,0,0,0,0.0,0.0,100.0,0.0011150999926030636,0.00266389999887906,5.8900011936202645e-05,0.11743750001187436,0.1278572000155691,0.057621899992227554,0.011123699980089441,0.01065730000846088,0.011147000011987984,0.011404800025047734,0.00044880001223646104
0.4,LP3 ($ 	heta $ Only),3,48,0.0,,0,0,0,0,0.0,0.0,100.0,0.0011137000110466033,0.004230499995173886,9.100002353079617e-05,0.1105256000009831,0.13690429998678155,0.05598440000903793,0.00867480001761578,0.011948100000154227,0.01967880001757294,0.014727300003869459,0.00024920000578276813
0.4,LP3 ($ 	heta $ Only),4,52,0.0,,0,0,0,0,0.0,0.0,100.0,0.0011653999972622842,0.009671400010120124,6.500000017695129e-05,0.08033880000584759,0.1217727999901399,0.07824810000602156,0.018515900010243058,0.015549100004136562,0.01841470002545975,0.015855900011956692,0.0002452000044286251
0.4,LP3 ($ 	heta $ Only),5,57,0.0016368262353635605,,2,6,2,4,0.00011428862057772083,90.0,10.0,0.0011291000118944794,0.0024988999939523637,0.00020409998251125216,0.0825837999873329,0.12197860001469962,0.04707169998437166,0.008814400003757328,0.0129653999756556,0.014243399986298755,0.01710800000000745,0.00043120002374053
0.4,LP3 ($ 	heta $ Only),6,63,0.0015927634911684257,,3,6,0,6,0.00015322489600798434,80.0,20.0,0.001135200000135228,0.002309100003913045,0.0001956000050995499,0.0698162000044249,0.129388100001961,0.04163930000504479,0.008937900012824684,0.008955099998274818,0.008397400000831112,0.008011900004930794,0.0005478000093717128
0.4,LP3 ($ 	heta $ Only),7,70,0.0016373930280668381,,1,4,0,4,0.00012609392913785102,80.0,20.0,0.004493899992667139,0.002376599994022399,0.00022770001669414341,0.06549330000416376,0.13420250001945533,0.04651149999699555,0.011741399997845292,0.008476999995764345,0.013411899999482557,0.013268999988213181,0.0006954999989829957
0.4,LP3 ($ 	heta $ Only),8,78,0.0003560255066565813,,1,1,0,1,3.23659551505983e-05,10.0,90.0,0.0011620000004768372,0.0024064999888651073,0.00020829998538829386,0.08196609999868087,0.14941350001026876,0.057085399981588125,0.013230899989139289,0.013093999994453043,0.012798399984603748,0.016735100012738258,0.0006283000111579895
0.4,LP3 ($ 	heta $ Only),9,87,0.0,,0,0,0,0,0.0,0.0,100.0,0.0017851000011432916,0.002631599985761568,6.719998782500625e-05,0.08936589999939315,0.1320140000025276,0.05909659998724237,0.011705899989465252,0.013213600002927706,0.008814500004518777,0.01244109999970533,0.0006087999790906906
0.4,LP3 ($ 	heta $ Only),10,97,0.0006591098844706838,,0,3,0,3,5.9971286595828516e-05,40.0,60.0,0.0013728000049013644,0.002959400007966906,5.889998283237219e-05,0.08857270001317374,0.22025649997522123,0.19665520000853576,0.01779850001912564,0.022120800014818087,0.012510100001236424,0.014319000008981675,0.0002494000073056668
0.4,LP3 ($ 	heta $ Only),11,108,0.0,,0,0,0,0,0.0,0.0,100.0,0.0011415999906603247,0.002457099995808676,6.0399994254112244e-05,0.08208880000165664,0.12054229999193922,0.03789639999740757,0.012567199999466538,0.023650000017369166,0.0254228999838233,0.03229499998269603,0.0006729000015184283
0.4,LP3 ($ 	heta $ Only),12,120,0.0,,0,0,0,0,0.0,0.0,100.0,0.0037563999940175563,0.012104499997803941,0.0005686000222340226,0.09978570000384934,0.12651659999391995,0.048409000009996817,0.011573199997656047,0.012183899991214275,0.010360299987951294,0.01458060002187267,0.00030849999166093767
0.4,LP3 ($ 	heta $ Only),13,133,0.0,,1,0,0,0,0.0,0.0,100.0,0.0018857999821193516,0.006747500010533258,0.00022690001060254872,0.06731980000040494,0.15382810001028702,0.04377060002298094,0.014252100023441017,0.013445000018691644,0.010504299978492782,0.013111100008245558,0.0003486999776214361
0.4,LP3 ($ 	heta $ Only),14,147,0.0,,3,0,0,0,0.0,0.0,100.0,0.0011674999841488898,0.0037121000059414655,0.0003789000038523227,0.08039029999054037,0.13187929999548942,0.051335299998754635,0.010216199996648356,0.00781850001658313,0.00968809999176301,0.008155099989380687,0.00023830001009628177
0.4,LP3 ($ 	heta $ Only),15,162,0.0015630998754557089,,5,6,1,5,0.00012091186033016954,80.0,20.0,0.005215900018811226,0.0033727999834809452,0.0002896999940276146,0.07955259998561814,0.2454870000074152,0.06783109999378212,0.010362200002418831,0.013139200018486008,0.008596800005761907,0.02104600000893697,0.00042600001324899495
0.4,LP3 ($ 	heta $ Only),16,178,0.0,,2,0,0,0,0.0,0.0,100.0,0.0011571000213734806,0.003273200010880828,0.00021150000975467265,0.06672150001395494,0.13084170001093298,0.06039030000101775,0.014677500003017485,0.013957600021967664,0.012418199999956414,0.01004819999798201,0.0004265999887138605
0.4,LP3 ($ 	heta $ Only),17,195,0.0,,0,0,0,0,0.0,0.0,100.0,0.001126299990573898,0.005989299999782816,6.609997944906354e-05,0.08505310001783073,0.12571379999280907,0.05830090001109056,0.019537599990144372,0.018079099972965196,0.030418300011660904,0.020064299984369427,0.0006844000017736107
0.4,LP3 ($ 	heta $ Only),18,213,0.0007027355290575827,,0,2,0,2,5.194941471820903e-05,30.0,70.0,0.004888299998128787,0.007363200013060123,0.00012489999062381685,0.17906940000830218,0.14459390001138672,0.04911969997920096,0.010613999998895451,0.013368299987632781,0.012179999990621582,0.013300599996000528,0.0002455000067129731
0.4,LP3 ($ 	heta $ Only),19,232,0.0010265719877776656,,4,4,0,4,9.864830476544244e-05,80.0,20.0,0.0013002000050619245,0.002289700001711026,0.00020059998496435583,0.11353169998619705,0.11968090001028031,0.0517528000054881,0.01004079999984242,0.008943400025600567,0.01601459999801591,0.01718949998030439,0.00022819999139755964
0.4,LP3 ($ 	heta $ Only),20,252,0.0006891200298379642,,0,2,1,1,6.264727543981493e-05,30.0,70.0,0.001937799999723211,0.007943400007206947,8.939998224377632e-05,0.0851797999930568,0.12278929998865351,0.05965479998849332,0.009426899981917813,0.013361000019358471,0.014567900012480095,0.013108999992255121,0.0004783000040333718
0.4,LP3 ($ 	heta $ Only),21,273,0.001457083707979775,,1,3,0,3,0.00012096889396152266,90.0,10.0,0.0014318999892566353,0.002404800005024299,0.00020789998234249651,0.07093439999152906,0.134589599998435,0.05473679999704473,0.012771100009558722,0.01699709999957122,0.012262800009921193,0.008988699992187321,0.00024049999774433672
0.4,LP3 ($ 	heta $ Only),22,295,0.0018746338129192281,,0,9,1,8,0.0001633073470688447,90.0,10.0,0.004866000002948567,0.00302250002278015,7.660000119358301e-05,0.07425309999962337,0.1706283999956213,0.051569600007496774,0.01437910000095144,0.01873329997761175,0.014110199990682304,0.014159799990011379,0.00024989998200908303
0.4,LP3 ($ 	heta $ Only),23,318,0.0011241828536654559,,2,4,1,3,8.87688697949553e-05,80.0,20.0,0.0018020000134129077,0.0028261999832466245,0.00023720000172033906,0.08900740000535734,0.12943290002294816,0.052923700015526265,0.01002000001608394,0.01096089999191463,0.014115400001173839,0.009018300013849512,0.00023299999884329736
0.4,LP3 ($ 	heta $ Only),24,342,0.0008757126103516365,,3,3,0,3,4.978221915659316e-05,20.0,80.0,0.004335599980549887,0.003161000000545755,0.00021249998826533556,0.06767099999706261,0.12744630000088364,0.04373579999082722,0.014677099999971688,0.013948499981779605,0.01566639999509789,0.014454699994530529,0.00022869999520480633
0.4,LP3 ($ 	heta $ Only),25,367,0.0005033030446737301,,0,2,0,2,3.8252525936844286e-05,30.0,70.0,0.004985800012946129,0.003320200019516051,6.260001100599766e-05,0.07283580000512302,0.11421899998094887,0.044171999994432554,0.009921799995936453,0.00842290002037771,0.00966760001028888,0.008332199999131262,0.00024110000231303275
0.4,LP3 ($ 	heta $ Only),26,393,0.0020689335205146247,,3,5,1,4,0.00018564355105552335,80.0,20.0,0.001114899991080165,0.0029541999974753708,0.0005259999888949096,0.07599579999805428,0.11654469999484718,0.039796600001864135,0.01171960000647232,0.00949549998040311,0.010402599989902228,0.010605799994664267,0.000423500023316592
0.4,LP3 ($ 	heta $ Only),27,420,0.0,,0,0,0,0,1.652011860642233e-13,10.0,90.0,0.0011119999981019646,0.002671199996257201,5.740000051446259e-05,0.08242290001362562,0.127839299995685,0.06580789998406544,0.008830100006889552,0.010980699997162446,0.013858000020263717,0.010667299997294322,0.001107799995224923
0.4,LP3 ($ 	heta $ Only),28,448,0.0012421257499191367,,0,4,1,3,9.638288968174828e-05,70.0,30.0,0.0023170999775175005,0.003023500001290813,8.719999459572136e-05,0.1000575999787543,0.12861240000347607,0.0407351000176277,0.01171200000680983,0.012715399992885068,0.011567399982595816,0.01323969999793917,0.0003206999972462654
0.4,LP3 ($ 	heta $ Only),29,477,0.0007305720940466908,,3,3,0,3,6.641564491333552e-05,40.0,60.0,0.0021013999939896166,0.003708000003825873,0.0003761000116355717,0.0677764999854844,0.1487092999741435,0.049033099989173934,0.019535300001734868,0.021720699995057657,0.024608700012322515,0.01188100001309067,0.0014574000088032335
0.4,LP3 ($ 	heta $ Only),30,507,0.0013496942809885018,,0,6,1,5,0.00011053551616909512,80.0,20.0,0.0018429000047035515,0.003780900005949661,9.240000508725643e-05,0.1000079000077676,0.11245149999740534,0.054363900009775534,0.009574799973051995,0.008446899999398738,0.012342800007900223,0.012099799991119653,0.00025680000544525683
0.4,LP3 ($ 	heta $ Only),31,538,0.0,,8,0,0,0,0.0,0.0,100.0,0.0015773999912198633,0.0024408000172115862,0.00019809999503195286,0.06766189998597838,0.1876044999808073,0.06253019999712706,0.0067128000082448125,0.01037999999243766,0.009850900009041652,0.007456999999703839,0.00021680002100765705
0.4,LP3 ($ 	heta $ Only),32,570,0.0008227488848424378,,1,3,1,2,7.310181773369521e-05,60.0,40.0,0.0011475000064820051,0.004955599986715242,0.0004949000140186399,0.07808259999728762,0.26836260000709444,0.06458919998840429,0.012023799994494766,0.0113032000081148,0.012568200007081032,0.011227899987716228,0.0006232000014279038
0.4,LP3 ($ 	heta $ Only),33,603,0.0,,0,0,0,0,0.0,0.0,100.0,0.00127119998796843,0.002738999988650903,9.90999978967011e-05,0.08686089998809621,0.13959000000613742,0.06367410000530072,0.024244000000180677,0.01844480002182536,0.01297740000882186,0.017108500003814697,0.00044899998465552926
0.4,LP3 ($ 	heta $ Only),34,637,0.0,,1,0,0,0,0.0,0.0,100.0,0.001126299990573898,0.002449799998430535,0.00019649998284876347,0.08801149998907931,0.12176919999183156,0.0529746999964118,0.009862599981715903,0.008134900010190904,0.012337899999693036,0.009339099982753396,0.000953600014327094
0.4,LP3 ($ 	heta $ Only),35,672,0.001422064616350328,,0,6,2,4,0.00011821710534513512,60.0,40.0,0.0031076000013854355,0.0025827000208664685,0.0001036000030580908,0.09051209999597631,0.1537055000080727,0.05211380001856014,0.017323200008831918,0.015406400023493916,0.012666900001931936,0.009301999991293997,0.00024389999452978373
0.4,LP3 ($ 	heta $ Only),36,708,0.0017500446623846507,,0,8,0,8,0.0001528163906910179,90.0,10.0,0.0024919999996200204,0.0024887000035960227,5.930001498199999e-05,0.08418149998760782,0.21824329998344183,0.1088447000074666,0.025518600014038384,0.011782299989135936,0.009705700009362772,0.011774799990234897,0.00024319998919963837
0.4,LP3 ($ 	heta $ Only),37,745,0.0014928708902518352,,3,7,2,5,8.628526930400598e-05,80.0,20.0,0.001131800003349781,0.0026393999869469553,0.000319099985063076,0.0833009000052698,0.118078700004844,0.04537900001741946,0.009353100002044812,0.00858289998723194,0.00836059998255223,0.007883399986894801,0.00022960000205785036
0.4,LP3 ($ 	heta $ Only),38,783,0.00042358925530765884,,0,2,0,2,2.4932821681317084e-05,10.0,90.0,0.004303199995774776,0.0023677999852225184,5.77000027988106e-05,0.07127779998700134,0.14424270001472905,0.05570720002287999,0.03833780001150444,0.013014600001042709,0.011677600006805733,0.009318800002802163,0.0002455000067129731
0.4,LP3 ($ 	heta $ Only),39,822,0.0024403005914637016,,0,9,4,5,0.00013955955374084458,80.0,20.0,0.002967899985378608,0.0031398000137414783,6.10999995842576e-05,0.07346830001915805,0.1375465000164695,0.04540040000574663,0.00904520001495257,0.011744399991584942,0.011530600022524595,0.009148100012680516,0.00024579997989349067
0.4,LP3 ($ 	heta $ Only),40,862,0.0,,3,0,0,0,0.0,0.0,100.0,0.005592000001342967,0.0028922000201418996,0.00022529999841935933,0.08774079999420792,0.15846760000567883,0.05754739997792058,0.00846739998087287,0.013931699999375269,0.01457439997466281,0.009410500002559274,0.0010282000002916902
0.4,LP3 ($ 	heta $ Only),41,903,0.0,,5,0,0,0,0.0,0.0,100.0,0.004164599988143891,0.004578500025672838,0.0003254999755881727,0.07969730001059361,0.15751000001910143,0.07751979999011382,0.007886899984441698,0.014545500016538426,0.013348300009965897,0.01172399998176843,0.00021930001094006002
0.4,LP3 ($ 	heta $ Only),42,945,0.0007389698578767652,,2,3,0,3,6.182977946871849e-05,50.0,50.0,0.0011316000018268824,0.0023355000012088567,0.00020599999697878957,0.17230279999785125,0.12676939999801107,0.049788400006946176,0.015763100003823638,0.018898900016210973,0.01748149999184534,0.014458299992838874,0.00043069999082945287
0.4,LP3 ($ 	heta $ Only),43,988,0.0,,3,0,0,0,0.0,0.0,100.0,0.0011236999998800457,0.0022778999991714954,0.00020190002396702766,0.07389550001244061,0.1658758999838028,0.057014300022274256,0.013085899990983307,0.010682099993573502,0.00749839999480173,0.008813399996142834,0.00023689999943599105
0.4,LP3 ($ 	heta $ Only),44,1032,0.0011008673396455653,,0,6,1,5,0.00010865667921984128,80.0,20.0,0.001145699992775917,0.002259600005345419,5.6899996707215905e-05,0.0657264000037685,0.12815579999005422,0.045488699979614466,0.012023399991448969,0.010008900018874556,0.012026999989757314,0.011268699978245422,0.0003150000120513141
0.4,LP3 ($ 	heta $ Only),45,1077,0.0005254567851345154,,0,2,0,2,4.274571050081088e-05,40.0,60.0,0.003922299976693466,0.0025414999981876463,6.389999180100858e-05,0.07638300000689924,0.11535489998641424,0.05246050001005642,0.014771699992707,0.009426700009498745,0.013341199985006824,0.013724499993259087,0.0002462000120431185
0.4,LP3 ($ 	heta $ Only),46,1123,0.0003594213042023783,,4,2,1,1,3.2674664018398025e-05,20.0,80.0,0.0011242000036872923,0.002422999998088926,0.00020020001102238894,0.07860760000767186,0.1352535999903921,0.13693080001394264,0.016280699986964464,0.016106799972476438,0.01979849999770522,0.014868699974613264,0.0002862999972421676
0.4,LP3 ($ 	heta $ Only),47,1170,0.0,,2,0,0,0,0.0,0.0,100.0,0.008712300012120977,0.0037666000134777278,0.0003502999898046255,0.10121300001628697,0.13059089999296702,0.055959500023163855,0.009554999996908009,0.01133729997673072,0.008354199992027134,0.010313800012227148,0.0002379999787081033
0.4,LP3 ($ 	heta $ Only),48,1218,0.0,,2,0,0,0,0.0,0.0,100.0,0.0012877000262960792,0.002252599981147796,0.00020129999029450119,0.06501900000148453,0.12954990001162514,0.04903659998672083,0.008194399997591972,0.011907100008102134,0.014028199977474287,0.008500900003127754,0.00026909998268820345
0.4,LP3 ($ 	heta $ Only),49,1267,0.0007947427029156497,,3,3,0,3,7.569487051970154e-05,70.0,30.0,0.0014884000120218843,0.002876600017771125,0.00020500001846812665,0.07634699999471195,0.11787529999855906,0.047701100003905594,0.011727400007657707,0.008070600015344098,0.01114009998855181,0.009449200006201863,0.0004214000073261559
0.4,Weighted LP3 ($ 	heta $ Only),0,42,0.001378789447729836,,1,5,1,4,0.00013127033119191757,80.0,20.0,0.002978299977257848,0.004468400002224371,0.00041149999015033245,0.08133570000063628,0.10609049999038689,0.04533910000463948,0.009249900002032518,0.00819480000063777,0.010076699982164428,0.008242399984737858,0.00023870001314207911
0.4,Weighted LP3 ($ 	heta $ Only),1,43,0.00021793361645183157,,0,1,0,1,2.8426123885021513e-05,10.0,90.0,0.001128199975937605,0.003865800012135878,9.029998909682035e-05,0.08757000000332482,0.1321196000208147,0.03981970000313595,0.013119000010192394,0.011425500008044764,0.008906699978979304,0.010112699994351715,0.0002443999983370304
0.4,Weighted LP3 ($ 	heta $ Only),2,45,0.0,,0,0,0,0,0.0,0.0,100.0,0.0011150999926030636,0.00266389999887906,5.8900011936202645e-05,0.11743750001187436,0.1278572000155691,0.057621899992227554,0.011123699980089441,0.01065730000846088,0.011147000011987984,0.011404800025047734,0.00044880001223646104
0.4,Weighted LP3 ($ 	heta $ Only),3,48,0.0,,0,0,0,0,0.0,0.0,100.0,0.0011137000110466033,0.004230499995173886,9.100002353079617e-05,0.1105256000009831,0.13690429998678155,0.05598440000903793,0.00867480001761578,0.011948100000154227,0.01967880001757294,0.014727300003869459,0.00024920000578276813
0.4,Weighted LP3 ($ 	heta $ Only),4,52,0.0,,0,0,0,0,0.0,0.0,100.0,0.0011653999972622842,0.009671400010120124,6.500000017695129e-05,0.08033880000584759,0.1217727999901399,0.07824810000602156,0.018515900010243058,0.015549100004136562,0.01841470002545975,0.015855900011956692,0.0002452000044286251
0.4,Weighted LP3 ($ 	heta $ Only),5,57,0.0012170359268016914,,2,5,0,5,0.00013291450335746897,90.0,10.0,0.0011291000118944794,0.0024988999939523637,0.00020409998251125216,0.0825837999873329,0.12197860001469962,0.04707169998437166,0.008814400003757328,0.0129653999756556,0.014243399986298755,0.01710800000000745,0.00043120002374053
0.4,Weighted LP3 ($ 	heta $ Only),6,63,0.0011369448888673165,,3,5,0,5,0.0001420920102872877,80.0,20.0,0.001135200000135228,0.002309100003913045,0.0001956000050995499,0.0698162000044249,0.129388100001961,0.04163930000504479,0.008937900012824684,0.008955099998274818,0.008397400000831112,0.008011900004930794,0.0005478000093717128
0.4,Weighted LP3 ($ 	heta $ Only),7,70,0.0011872730922166794,,1,4,0,4,0.00012609392913785102,80.0,20.0,0.004493899992667139,0.002376599994022399,0.00022770001669414341,0.06549330000416376,0.13420250001945533,0.04651149999699555,0.011741399997845292,0.008476999995764345,0.013411899999482557,0.013268999988213181,0.0006954999989829957
0.4,Weighted LP3 ($ 	heta $ Only),8,78,0.0002481389894879203,,1,1,0,1,3.23659551505983e-05,10.0,90.0,0.0011620000004768372,0.0024064999888651073,0.00020829998538829386,0.08196609999868087,0.14941350001026876,0.057085399981588125,0.013230899989139289,0.013093999994453043,0.012798399984603748,0.016735100012738258,0.0006283000111579895
0.4,Weighted LP3 ($ 	heta $ Only),9,87,0.0,,0,0,0,0,0.0,0.0,100.0,0.0017851000011432916,0.002631599985761568,6.719998782500625e-05,0.08936589999939315,0.1320140000025276,0.05909659998724237,0.011705899989465252,0.013213600002927706,0.008814500004518777,0.01244109999970533,0.0006087999790906906
0.4,Weighted LP3 ($ 	heta $ Only),10,97,0.0004584169245939821,,0,3,0,3,5.6540118205406506e-05,40.0,60.0,0.0013728000049013644,0.002959400007966906,5.889998283237219e-05,0.08857270001317374,0.22025649997522123,0.19665520000853576,0.01779850001912564,0.022120800014818087,0.012510100001236424,0.014319000008981675,0.0002494000073056668
0.4,Weighted LP3 ($ 	heta $ Only),11,108,0.0,,0,0,0,0,0.0,0.0,100.0,0.0011415999906603247,0.002457099995808676,6.0399994254112244e-05,0.08208880000165664,0.12054229999193922,0.03789639999740757,0.012567199999466538,0.023650000017369166,0.0254228999838233,0.03229499998269603,0.0006729000015184283
0.4,Weighted LP3 ($ 	heta $ Only),12,120,0.0,,0,0,0,0,0.0,0.0,100.0,0.0037563999940175563,0.012104499997803941,0.0005686000222340226,0.09978570000384934,0.12651659999391995,0.048409000009996817,0.011573199997656047,0.012183899991214275,0.010360299987951294,0.01458060002187267,0.00030849999166093767
0.4,Weighted LP3 ($ 	heta $ Only),13,133,0.0,,1,0,0,0,0.0,0.0,100.0,0.0018857999821193516,0.006747500010533258,0.00022690001060254872,0.06731980000040494,0.15382810001028702,0.04377060002298094,0.014252100023441017,0.013445000018691644,0.010504299978492782,0.013111100008245558,0.0003486999776214361
0.4,Weighted LP3 ($ 	heta $ Only),14,147,0.0,,3,0,0,0,0.0,0.0,100.0,0.0011674999841488898,0.0037121000059414655,0.0003789000038523227,0.08039029999054037,0.13187929999548942,0.051335299998754635,0.010216199996648356,0.00781850001658313,0.00968809999176301,0.008155099989380687,0.00023830001009628177
0.4,Weighted LP3 ($ 	heta $ Only),15,162,0.0011358862050076576,,5,8,1,7,0.00012091186033016958,80.0,20.0,0.005215900018811226,0.0033727999834809452,0.0002896999940276146,0.07955259998561814,0.2454870000074152,0.06783109999378212,0.010362200002418831,0.013139200018486008,0.008596800005761907,0.02104600000893697,0.00042600001324899495
0.4,Weighted LP3 ($ 	heta $ Only),16,178,0.0,,2,0,0,0,0.0,0.0,100.0,0.0011571000213734806,0.003273200010880828,0.00021150000975467265,0.06672150001395494,0.13084170001093298,0.06039030000101775,0.014677500003017485,0.013957600021967664,0.012418199999956414,0.01004819999798201,0.0004265999887138605
0.4,Weighted LP3 ($ 	heta $ Only),17,195,0.0,,0,0,0,0,0.0,0.0,100.0,0.001126299990573898,0.005989299999782816,6.609997944906354e-05,0.08505310001783073,0.12571379999280907,0.05830090001109056,0.019537599990144372,0.018079099972965196,0.030418300011660904,0.020064299984369427,0.0006844000017736107
0.4,Weighted LP3 ($ 	heta $ Only),18,213,0.0004903375028747026,,0,2,0,2,5.277154072076599e-05,20.0,80.0,0.004888299998128787,0.007363200013060123,0.00012489999062381685,0.17906940000830218,0.14459390001138672,0.04911969997920096,0.010613999998895451,0.013368299987632781,0.012179999990621582,0.013300599996000528,0.0002455000067129731
0.4,Weighted LP3 ($ 	heta $ Only),19,232,0.000717264093440258,,4,4,0,4,9.864830476544244e-05,80.0,20.0,0.0013002000050619245,0.002289700001711026,0.00020059998496435583,0.11353169998619705,0.11968090001028031,0.0517528000054881,0.01004079999984242,0.008943400025600567,0.01601459999801591,0.01718949998030439,0.00022819999139755964
0.4,Weighted LP3 ($ 	heta $ Only),20,252,0.000566743472846611,,0,3,1,2,6.60288203235015e-05,50.0,50.0,0.001937799999723211,0.007943400007206947,8.939998224377632e-05,0.0851797999930568,0.12278929998865351,0.05965479998849332,0.009426899981917813,0.013361000019358471,0.014567900012480095,0.013108999992255121,0.0004783000040333718
0.4,Weighted LP3 ($ 	heta $ Only),21,273,0.0010233964369995947,,1,3,0,3,0.00012096889396152266,90.0,10.0,0.0014318999892566353,0.002404800005024299,0.00020789998234249651,0.07093439999152906,0.134589599998435,0.05473679999704473,0.012771100009558722,0.01699709999957122,0.012262800009921193,0.008988699992187321,0.00024049999774433672
0.4,Weighted LP3 ($ 	heta $ Only),22,295,0.0013375249909690998,,0,9,1,8,0.00016330734706884473,90.0,10.0,0.004866000002948567,0.00302250002278015,7.660000119358301e-05,0.07425309999962337,0.1706283999956213,0.051569600007496774,0.01437910000095144,0.01873329997761175,0.014110199990682304,0.014159799990011379,0.00024989998200908303
0.4,Weighted LP3 ($ 	heta $ Only),23,318,0.0009041923444052796,,2,4,1,3,9.34503352219018e-05,70.0,30.0,0.0018020000134129077,0.0028261999832466245,0.00023720000172033906,0.08900740000535734,0.12943290002294816,0.052923700015526265,0.01002000001608394,0.01096089999191463,0.014115400001173839,0.009018300013849512,0.00023299999884329736
0.4,Weighted LP3 ($ 	heta $ Only),24,342,0.0006004024799532884,,3,3,0,3,4.9782219156593134e-05,20.0,80.0,0.004335599980549887,0.003161000000545755,0.00021249998826533556,0.06767099999706261,0.12744630000088364,0.04373579999082722,0.014677099999971688,0.013948499981779605,0.01566639999509789,0.014454699994530529,0.00022869999520480633
0.4,Weighted LP3 ($ 	heta $ Only),25,367,0.0003482862050947681,,0,2,0,2,3.8252525936844286e-05,30.0,70.0,0.004985800012946129,0.003320200019516051,6.260001100599766e-05,0.07283580000512302,0.11421899998094887,0.044171999994432554,0.009921799995936453,0.00842290002037771,0.00966760001028888,0.008332199999131262,0.00024110000231303275
0.4,Weighted LP3 ($ 	heta $ Only),26,393,0.0015810855715587243,,3,8,2,6,0.0001881688834709201,90.0,10.0,0.001114899991080165,0.0029541999974753708,0.0005259999888949096,0.07599579999805428,0.11654469999484718,0.039796600001864135,0.01171960000647232,0.00949549998040311,0.010402599989902228,0.010605799994664267,0.000423500023316592
0.4,Weighted LP3 ($ 	heta $ Only),27,420,0.0,,0,0,0,0,1.652011860642233e-13,10.0,90.0,0.0011119999981019646,0.002671199996257201,5.740000051446259e-05,0.08242290001362562,0.127839299995685,0.06580789998406544,0.008830100006889552,0.010980699997162446,0.013858000020263717,0.010667299997294322,0.001107799995224923
0.4,Weighted LP3 ($ 	heta $ Only),28,448,0.0009068173187790632,,0,5,0,5,9.178631620890218e-05,70.0,30.0,0.0023170999775175005,0.003023500001290813,8.719999459572136e-05,0.1000575999787543,0.12861240000347607,0.0407351000176277,0.01171200000680983,0.012715399992885068,0.011567399982595816,0.01323969999793917,0.0003206999972462654
0.4,Weighted LP3 ($ 	heta $ Only),29,477,0.000509186611002239,,3,3,0,3,6.641564491333552e-05,40.0,60.0,0.0021013999939896166,0.003708000003825873,0.0003761000116355717,0.0677764999854844,0.1487092999741435,0.049033099989173934,0.019535300001734868,0.021720699995057657,0.024608700012322515,0.01188100001309067,0.0014574000088032335
0.4,Weighted LP3 ($ 	heta $ Only),30,507,0.0009821881728926717,,0,6,1,5,0.00011053551616909513,80.0,20.0,0.0018429000047035515,0.003780900005949661,9.240000508725643e-05,0.1000079000077676,0.11245149999740534,0.054363900009775534,0.009574799973051995,0.008446899999398738,0.012342800007900223,0.012099799991119653,0.00025680000544525683
0.4,Weighted LP3 ($ 	heta $ Only),31,538,0.0,,8,0,0,0,0.0,0.0,100.0,0.0015773999912198633,0.0024408000172115862,0.00019809999503195286,0.06766189998597838,0.1876044999808073,0.06253019999712706,0.0067128000082448125,0.01037999999243766,0.009850900009041652,0.007456999999703839,0.00021680002100765705
0.4,Weighted LP3 ($ 	heta $ Only),32,570,0.0006057082213488994,,1,3,0,3,7.887737892330054e-05,50.0,50.0,0.0011475000064820051,0.004955599986715242,0.0004949000140186399,0.07808259999728762,0.26836260000709444,0.06458919998840429,0.012023799994494766,0.0113032000081148,0.012568200007081032,0.011227899987716228,0.0006232000014279038
0.4,Weighted LP3 ($ 	heta $ Only),33,603,0.0,,0,0,0,0,0.0,0.0,100.0,0.00127119998796843,0.002738999988650903,9.90999978967011e-05,0.08686089998809621,0.13959000000613742,0.06367410000530072,0.024244000000180677,0.01844480002182536,0.01297740000882186,0.017108500003814697,0.00044899998465552926
0.4,Weighted LP3 ($ 	heta $ Only),34,637,0.0,,1,0,0,0,0.0,0.0,100.0,0.001126299990573898,0.002449799998430535,0.00019649998284876347,0.08801149998907931,0.12176919999183156,0.0529746999964118,0.009862599981715903,0.008134900010190904,0.012337899999693036,0.009339099982753396,0.000953600014327094
0.4,Weighted LP3 ($ 	heta $ Only),35,672,0.0010953711343526906,,0,6,2,4,9.713317693846484e-05,80.0,20.0,0.0031076000013854355,0.0025827000208664685,0.0001036000030580908,0.09051209999597631,0.1537055000080727,0.05211380001856014,0.017323200008831918,0.015406400023493916,0.012666900001931936,0.009301999991293997,0.00024389999452978373
0.4,Weighted LP3 ($ 	heta $ Only),36,708,0.0012211185565576346,,0,8,0,8,0.00015281639069101793,90.0,10.0,0.0024919999996200204,0.0024887000035960227,5.930001498199999e-05,0.08418149998760782,0.21824329998344183,0.1088447000074666,0.025518600014038384,0.011782299989135936,0.009705700009362772,0.011774799990234897,0.00024319998919963837
0.4,Weighted LP3 ($ 	heta $ Only),37,745,0.0011528846014169272,,3,8,2,6,8.622725428846116e-05,80.0,20.0,0.001131800003349781,0.0026393999869469553,0.000319099985063076,0.0833009000052698,0.118078700004844,0.04537900001741946,0.009353100002044812,0.00858289998723194,0.00836059998255223,0.007883399986894801,0.00022960000205785036
0.4,Weighted LP3 ($ 	heta $ Only),38,783,0.00029070377743221156,,0,2,0,2,2.4932821681317084e-05,10.0,90.0,0.004303199995774776,0.0023677999852225184,5.77000027988106e-05,0.07127779998700134,0.14424270001472905,0.05570720002287999,0.03833780001150444,0.013014600001042709,0.011677600006805733,0.009318800002802163,0.0002455000067129731
0.4,Weighted LP3 ($ 	heta $ Only),39,822,0.0019538494135537617,,0,8,4,4,0.00013955955374084456,80.0,20.0,0.002967899985378608,0.0031398000137414783,6.10999995842576e-05,0.07346830001915805,0.1375465000164695,0.04540040000574663,0.00904520001495257,0.011744399991584942,0.011530600022524595,0.009148100012680516,0.00024579997989349067
0.4,Weighted LP3 ($ 	heta $ Only),40,862,0.0,,3,0,0,0,0.0,0.0,100.0,0.005592000001342967,0.0028922000201418996,0.00022529999841935933,0.08774079999420792,0.15846760000567883,0.05754739997792058,0.00846739998087287,0.013931699999375269,0.01457439997466281,0.009410500002559274,0.0010282000002916902
0.4,Weighted LP3 ($ 	heta $ Only),41,903,0.0,,5,0,0,0,0.0,0.0,100.0,0.004164599988143891,0.004578500025672838,0.0003254999755881727,0.07969730001059361,0.15751000001910143,0.07751979999011382,0.007886899984441698,0.014545500016538426,0.013348300009965897,0.01172399998176843,0.00021930001094006002
0.4,Weighted LP3 ($ 	heta $ Only),42,945,0.0005132564984074162,,2,3,0,3,6.18297794687185e-05,50.0,50.0,0.0011316000018268824,0.0023355000012088567,0.00020599999697878957,0.17230279999785125,0.12676939999801107,0.049788400006946176,0.015763100003823638,0.018898900016210973,0.01748149999184534,0.014458299992838874,0.00043069999082945287
0.4,Weighted LP3 ($ 	heta $ Only),43,988,0.0,,3,0,0,0,0.0,0.0,100.0,0.0011236999998800457,0.0022778999991714954,0.00020190002396702766,0.07389550001244061,0.1658758999838028,0.057014300022274256,0.013085899990983307,0.010682099993573502,0.00749839999480173,0.008813399996142834,0.00023689999943599105
0.4,Weighted LP3 ($ 	heta $ Only),44,1032,0.0008069345108563299,,0,5,1,4,0.00010657926060283484,80.0,20.0,0.001145699992775917,0.002259600005345419,5.6899996707215905e-05,0.0657264000037685,0.12815579999005422,0.045488699979614466,0.012023399991448969,0.010008900018874556,0.012026999989757314,0.011268699978245422,0.0003150000120513141
0.4,Weighted LP3 ($ 	heta $ Only),45,1077,0.00038121128429456495,,0,2,0,2,4.9723210994943256e-05,40.0,60.0,0.003922299976693466,0.0025414999981876463,6.389999180100858e-05,0.07638300000689924,0.11535489998641424,0.05246050001005642,0.014771699992707,0.009426700009498745,0.013341199985006824,0.013724499993259087,0.0002462000120431185
0.4,Weighted LP3 ($ 	heta $ Only),46,1123,0.00026277711257776597,,4,1,0,1,3.427527555362165e-05,10.0,90.0,0.0011242000036872923,0.002422999998088926,0.00020020001102238894,0.07860760000767186,0.1352535999903921,0.13693080001394264,0.016280699986964464,0.016106799972476438,0.01979849999770522,0.014868699974613264,0.0002862999972421676
0.4,Weighted LP3 ($ 	heta $ Only),47,1170,0.0,,2,0,0,0,0.0,0.0,100.0,0.008712300012120977,0.0037666000134777278,0.0003502999898046255,0.10121300001628697,0.13059089999296702,0.055959500023163855,0.009554999996908009,0.01133729997673072,0.008354199992027134,0.010313800012227148,0.0002379999787081033
0.4,Weighted LP3 ($ 	heta $ Only),48,1218,0.0,,2,0,0,0,0.0,0.0,100.0,0.0012877000262960792,0.002252599981147796,0.00020129999029450119,0.06501900000148453,0.12954990001162514,0.04903659998672083,0.008194399997591972,0.011907100008102134,0.014028199977474287,0.008500900003127754,0.00026909998268820345
0.4,Weighted LP3 ($ 	heta $ Only),49,1267,0.0005559571429070995,,3,3,0,3,7.397972184193097e-05,60.0,40.0,0.0014884000120218843,0.002876600017771125,0.00020500001846812665,0.07634699999471195,0.11787529999855906,0.047701100003905594,0.011727400007657707,0.008070600015344098,0.01114009998855181,0.009449200006201863,0.0004214000073261559
0.4,Borda LP3 ($ 	heta $ Only),0,42,0.0017399516770110473,,1,6,1,5,0.00013127033119191754,80.0,20.0,0.002978299977257848,0.004468400002224371,0.00041149999015033245,0.08133570000063628,0.10609049999038689,0.04533910000463948,0.009249900002032518,0.00819480000063777,0.010076699982164428,0.008242399984737858,0.00023870001314207911
0.4,Borda LP3 ($ 	heta $ Only),1,43,0.0003126873627352366,,0,1,0,1,2.8426123885021513e-05,10.0,90.0,0.001128199975937605,0.003865800012135878,9.029998909682035e-05,0.08757000000332482,0.1321196000208147,0.03981970000313595,0.013119000010192394,0.011425500008044764,0.008906699978979304,0.010112699994351715,0.0002443999983370304
0.4,Borda LP3 ($ 	heta $ Only),2,45,0.0,,0,0,0,0,0.0,0.0,100.0,0.0011150999926030636,0.00266389999887906,5.8900011936202645e-05,0.11743750001187436,0.1278572000155691,0.057621899992227554,0.011123699980089441,0.01065730000846088,0.011147000011987984,0.011404800025047734,0.00044880001223646104
0.4,Borda LP3 ($ 	heta $ Only),3,48,0.0,,0,0,0,0,0.0,0.0,100.0,0.0011137000110466033,0.004230499995173886,9.100002353079617e-05,0.1105256000009831,0.13690429998678155,0.05598440000903793,0.00867480001761578,0.011948100000154227,0.01967880001757294,0.014727300003869459,0.00024920000578276813
0.4,Borda LP3 ($ 	heta $ Only),4,52,0.0,,0,0,0,0,0.0,0.0,100.0,0.0011653999972622842,0.009671400010120124,6.500000017695129e-05,0.08033880000584759,0.1217727999901399,0.07824810000602156,0.018515900010243058,0.015549100004136562,0.01841470002545975,0.015855900011956692,0.0002452000044286251
0.4,Borda LP3 ($ 	heta $ Only),5,57,0.001467624138112887,,2,6,1,5,0.0001336182015528466,90.0,10.0,0.0011291000118944794,0.0024988999939523637,0.00020409998251125216,0.0825837999873329,0.12197860001469962,0.04707169998437166,0.008814400003757328,0.0129653999756556,0.014243399986298755,0.01710800000000745,0.00043120002374053
0.4,Borda LP3 ($ 	heta $ Only),6,63,0.001235957728795133,,3,4,0,4,0.00011151695575068727,90.0,10.0,0.001135200000135228,0.002309100003913045,0.0001956000050995499,0.0698162000044249,0.129388100001961,0.04163930000504479,0.008937900012824684,0.008955099998274818,0.008397400000831112,0.008011900004930794,0.0005478000093717128
0.4,Borda LP3 ($ 	heta $ Only),7,70,0.0016222762172007955,,1,4,1,3,0.00013,80.0,20.0,0.004493899992667139,0.002376599994022399,0.00022770001669414341,0.06549330000416376,0.13420250001945533,0.04651149999699555,0.011741399997845292,0.008476999995764345,0.013411899999482557,0.013268999988213181,0.0006954999989829957
0.4,Borda LP3 ($ 	heta $ Only),8,78,0.0003350087876478055,,1,2,0,2,4.863716251343687e-05,20.0,80.0,0.0011620000004768372,0.0024064999888651073,0.00020829998538829386,0.08196609999868087,0.14941350001026876,0.057085399981588125,0.013230899989139289,0.013093999994453043,0.012798399984603748,0.016735100012738258,0.0006283000111579895
0.4,Borda LP3 ($ 	heta $ Only),9,87,0.0,,0,0,0,0,0.0,0.0,100.0,0.0017851000011432916,0.002631599985761568,6.719998782500625e-05,0.08936589999939315,0.1320140000025276,0.05909659998724237,0.011705899989465252,0.013213600002927706,0.008814500004518777,0.01244109999970533,0.0006087999790906906
0.4,Borda LP3 ($ 	heta $ Only),10,97,0.0006527538485267981,,0,3,0,3,5.31502791897185e-05,50.0,50.0,0.0013728000049013644,0.002959400007966906,5.889998283237219e-05,0.08857270001317374,0.22025649997522123,0.19665520000853576,0.01779850001912564,0.022120800014818087,0.012510100001236424,0.014319000008981675,0.0002494000073056668
0.4,Borda LP3 ($ 	heta $ Only),11,108,0.0,,0,0,0,0,0.0,0.0,100.0,0.0011415999906603247,0.002457099995808676,6.0399994254112244e-05,0.08208880000165664,0.12054229999193922,0.03789639999740757,0.012567199999466538,0.023650000017369166,0.0254228999838233,0.03229499998269603,0.0006729000015184283
0.4,Borda LP3 ($ 	heta $ Only),12,120,0.0,,0,0,0,0,0.0,0.0,100.0,0.0037563999940175563,0.012104499997803941,0.0005686000222340226,0.09978570000384934,0.12651659999391995,0.048409000009996817,0.011573199997656047,0.012183899991214275,0.010360299987951294,0.01458060002187267,0.00030849999166093767
0.4,Borda LP3 ($ 	heta $ Only),13,133,0.0,,1,0,0,0,0.0,0.0,100.0,0.0018857999821193516,0.006747500010533258,0.00022690001060254872,0.06731980000040494,0.15382810001028702,0.04377060002298094,0.014252100023441017,0.013445000018691644,0.010504299978492782,0.013111100008245558,0.0003486999776214361
0.4,Borda LP3 ($ 	heta $ Only),14,147,0.0,,3,0,0,0,0.0,0.0,100.0,0.0011674999841488898,0.0037121000059414655,0.0003789000038523227,0.08039029999054037,0.13187929999548942,0.051335299998754635,0.010216199996648356,0.00781850001658313,0.00968809999176301,0.008155099989380687,0.00023830001009628177
0.4,Borda LP3 ($ 	heta $ Only),15,162,0.0011642840715011579,,5,6,1,5,0.00012129007804764349,70.0,30.0,0.005215900018811226,0.0033727999834809452,0.0002896999940276146,0.07955259998561814,0.2454870000074152,0.06783109999378212,0.010362200002418831,0.013139200018486008,0.008596800005761907,0.02104600000893697,0.00042600001324899495
0.4,Borda LP3 ($ 	heta $ Only),16,178,0.0,,2,0,0,0,0.0,0.0,100.0,0.0011571000213734806,0.003273200010880828,0.00021150000975467265,0.06672150001395494,0.13084170001093298,0.06039030000101775,0.014677500003017485,0.013957600021967664,0.012418199999956414,0.01004819999798201,0.0004265999887138605
0.4,Borda LP3 ($ 	heta $ Only),17,195,0.0,,0,0,0,0,0.0,0.0,100.0,0.001126299990573898,0.005989299999782816,6.609997944906354e-05,0.08505310001783073,0.12571379999280907,0.05830090001109056,0.019537599990144372,0.018079099972965196,0.030418300011660904,0.020064299984369427,0.0006844000017736107
0.4,Borda LP3 ($ 	heta $ Only),18,213,0.0007027355290575827,,0,2,0,2,5.194941471820903e-05,30.0,70.0,0.004888299998128787,0.007363200013060123,0.00012489999062381685,0.17906940000830218,0.14459390001138672,0.04911969997920096,0.010613999998895451,0.013368299987632781,0.012179999990621582,0.013300599996000528,0.0002455000067129731
0.4,Borda LP3 ($ 	heta $ Only),19,232,0.0007771893460646396,,4,3,0,3,9.79263041876945e-05,70.0,30.0,0.0013002000050619245,0.002289700001711026,0.00020059998496435583,0.11353169998619705,0.11968090001028031,0.0517528000054881,0.01004079999984242,0.008943400025600567,0.01601459999801591,0.01718949998030439,0.00022819999139755964
0.4,Borda LP3 ($ 	heta $ Only),20,252,0.0003868018093548742,,0,3,1,2,9.728902619215318e-05,30.0,70.0,0.001937799999723211,0.007943400007206947,8.939998224377632e-05,0.0851797999930568,0.12278929998865351,0.05965479998849332,0.009426899981917813,0.013361000019358471,0.014567900012480095,0.013108999992255121,0.0004783000040333718
0.4,Borda LP3 ($ 	heta $ Only),21,273,0.0014125216541320748,,1,6,0,6,0.00012024383309793537,80.0,20.0,0.0014318999892566353,0.002404800005024299,0.00020789998234249651,0.07093439999152906,0.134589599998435,0.05473679999704473,0.012771100009558722,0.01699709999957122,0.012262800009921193,0.008988699992187321,0.00024049999774433672
0.4,Borda LP3 ($ 	heta $ Only),22,295,0.0010580716585579168,,0,8,1,7,0.00013209301138237924,80.0,20.0,0.004866000002948567,0.00302250002278015,7.660000119358301e-05,0.07425309999962337,0.1706283999956213,0.051569600007496774,0.01437910000095144,0.01873329997761175,0.014110199990682304,0.014159799990011379,0.00024989998200908303
0.4,Borda LP3 ($ 	heta $ Only),23,318,0.000915155471953825,,2,5,1,4,9.809863503158126e-05,80.0,20.0,0.0018020000134129077,0.0028261999832466245,0.00023720000172033906,0.08900740000535734,0.12943290002294816,0.052923700015526265,0.01002000001608394,0.01096089999191463,0.014115400001173839,0.009018300013849512,0.00023299999884329736
0.4,Borda LP3 ($ 	heta $ Only),24,342,0.0008170406864008032,,3,5,0,5,6.640354568829638e-05,60.0,40.0,0.004335599980549887,0.003161000000545755,0.00021249998826533556,0.06767099999706261,0.12744630000088364,0.04373579999082722,0.014677099999971688,0.013948499981779605,0.01566639999509789,0.014454699994530529,0.00022869999520480633
0.4,Borda LP3 ($ 	heta $ Only),25,367,4.700020948185839e-05,,0,1,0,1,4.700020948185839e-05,30.0,70.0,0.004985800012946129,0.003320200019516051,6.260001100599766e-05,0.07283580000512302,0.11421899998094887,0.044171999994432554,0.009921799995936453,0.00842290002037771,0.00966760001028888,0.008332199999131262,0.00024110000231303275
0.4,Borda LP3 ($ 	heta $ Only),26,393,0.0020211045163090846,,3,5,1,4,0.00018563157385309507,90.0,10.0,0.001114899991080165,0.0029541999974753708,0.0005259999888949096,0.07599579999805428,0.11654469999484718,0.039796600001864135,0.01171960000647232,0.00949549998040311,0.010402599989902228,0.010605799994664267,0.000423500023316592
0.4,Borda LP3 ($ 	heta $ Only),27,420,0.0,,0,0,0,0,1.652011860642233e-13,10.0,90.0,0.0011119999981019646,0.002671199996257201,5.740000051446259e-05,0.08242290001362562,0.127839299995685,0.06580789998406544,0.008830100006889552,0.010980699997162446,0.013858000020263717,0.010667299997294322,0.001107799995224923
0.4,Borda LP3 ($ 	heta $ Only),28,448,0.0011895920013524478,,0,3,0,3,0.00010241903748931883,80.0,20.0,0.0023170999775175005,0.003023500001290813,8.719999459572136e-05,0.1000575999787543,0.12861240000347607,0.0407351000176277,0.01171200000680983,0.012715399992885068,0.011567399982595816,0.01323969999793917,0.0003206999972462654
0.4,Borda LP3 ($ 	heta $ Only),29,477,0.0007305720940466908,,3,3,0,3,6.641564491333552e-05,40.0,60.0,0.0021013999939896166,0.003708000003825873,0.0003761000116355717,0.0677764999854844,0.1487092999741435,0.049033099989173934,0.019535300001734868,0.021720699995057657,0.024608700012322515,0.01188100001309067,0.0014574000088032335
0.4,Borda LP3 ($ 	heta $ Only),30,507,0.0013039981095533005,,0,7,1,6,0.00011356662915153498,70.0,30.0,0.0018429000047035515,0.003780900005949661,9.240000508725643e-05,0.1000079000077676,0.11245149999740534,0.054363900009775534,0.009574799973051995,0.008446899999398738,0.012342800007900223,0.012099799991119653,0.00025680000544525683
0.4,Borda LP3 ($ 	heta $ Only),31,538,0.0,,8,0,0,0,0.0,0.0,100.0,0.0015773999912198633,0.0024408000172115862,0.00019809999503195286,0.06766189998597838,0.1876044999808073,0.06253019999712706,0.0067128000082448125,0.01037999999243766,0.009850900009041652,0.007456999999703839,0.00021680002100765705
0.4,Borda LP3 ($ 	heta $ Only),32,570,0.0002244304810975494,,1,1,0,1,0.0002244304810975494,20.0,80.0,0.0011475000064820051,0.004955599986715242,0.0004949000140186399,0.07808259999728762,0.26836260000709444,0.06458919998840429,0.012023799994494766,0.0113032000081148,0.012568200007081032,0.011227899987716228,0.0006232000014279038
0.4,Borda LP3 ($ 	heta $ Only),33,603,0.0,,0,0,0,0,0.0,0.0,100.0,0.00127119998796843,0.002738999988650903,9.90999978967011e-05,0.08686089998809621,0.13959000000613742,0.06367410000530072,0.024244000000180677,0.01844480002182536,0.01297740000882186,0.017108500003814697,0.00044899998465552926
0.4,Borda LP3 ($ 	heta $ Only),34,637,0.0,,1,0,0,0,0.0,0.0,100.0,0.001126299990573898,0.002449799998430535,0.00019649998284876347,0.08801149998907931,0.12176919999183156,0.0529746999964118,0.009862599981715903,0.008134900010190904,0.012337899999693036,0.009339099982753396,0.000953600014327094
0.4,Borda LP3 ($ 	heta $ Only),35,672,0.0012582928827135458,,0,6,2,4,0.00011887410402738424,70.0,30.0,0.0031076000013854355,0.0025827000208664685,0.0001036000030580908,0.09051209999597631,0.1537055000080727,0.05211380001856014,0.017323200008831918,0.015406400023493916,0.012666900001931936,0.009301999991293997,0.00024389999452978373
0.4,Borda LP3 ($ 	heta $ Only),36,708,0.0013188989980956968,,0,7,0,7,0.00013261392891720554,90.0,10.0,0.0024919999996200204,0.0024887000035960227,5.930001498199999e-05,0.08418149998760782,0.21824329998344183,0.1088447000074666,0.025518600014038384,0.011782299989135936,0.009705700009362772,0.011774799990234897,0.00024319998919963837
0.4,Borda LP3 ($ 	heta $ Only),37,745,0.0014841392924509259,,3,7,2,5,9.05362702995185e-05,80.0,20.0,0.001131800003349781,0.0026393999869469553,0.000319099985063076,0.0833009000052698,0.118078700004844,0.04537900001741946,0.009353100002044812,0.00858289998723194,0.00836059998255223,0.007883399986894801,0.00022960000205785036
0.4,Borda LP3 ($ 	heta $ Only),38,783,0.00042358925530765884,,0,2,0,2,2.4932821681317084e-05,10.0,90.0,0.004303199995774776,0.0023677999852225184,5.77000027988106e-05,0.07127779998700134,0.14424270001472905,0.05570720002287999,0.03833780001150444,0.013014600001042709,0.011677600006805733,0.009318800002802163,0.0002455000067129731
0.4,Borda LP3 ($ 	heta $ Only),39,822,0.0024403005914637016,,0,9,4,5,0.00013955955374084458,80.0,20.0,0.002967899985378608,0.0031398000137414783,6.10999995842576e-05,0.07346830001915805,0.1375465000164695,0.04540040000574663,0.00904520001495257,0.011744399991584942,0.011530600022524595,0.009148100012680516,0.00024579997989349067
0.4,Borda LP3 ($ 	heta $ Only),40,862,0.0,,3,0,0,0,0.0,0.0,100.0,0.005592000001342967,0.0028922000201418996,0.00022529999841935933,0.08774079999420792,0.15846760000567883,0.05754739997792058,0.00846739998087287,0.013931699999375269,0.01457439997466281,0.009410500002559274,0.0010282000002916902
0.4,Borda LP3 ($ 	heta $ Only),41,903,0.0,,5,0,0,0,0.0,0.0,100.0,0.004164599988143891,0.004578500025672838,0.0003254999755881727,0.07969730001059361,0.15751000001910143,0.07751979999011382,0.007886899984441698,0.014545500016538426,0.013348300009965897,0.01172399998176843,0.00021930001094006002
0.4,Borda LP3 ($ 	heta $ Only),42,945,0.0006032141262875975,,2,3,0,3,7.342025884659231e-05,50.0,50.0,0.0011316000018268824,0.0023355000012088567,0.00020599999697878957,0.17230279999785125,0.12676939999801107,0.049788400006946176,0.015763100003823638,0.018898900016210973,0.01748149999184534,0.014458299992838874,0.00043069999082945287
0.4,Borda LP3 ($ 	heta $ Only),43,988,0.0,,3,0,0,0,0.0,0.0,100.0,0.0011236999998800457,0.0022778999991714954,0.00020190002396702766,0.07389550001244061,0.1658758999838028,0.057014300022274256,0.013085899990983307,0.010682099993573502,0.00749839999480173,0.008813399996142834,0.00023689999943599105
0.4,Borda LP3 ($ 	heta $ Only),44,1032,0.0011008673396455653,,0,6,1,5,0.00010865667921984128,80.0,20.0,0.001145699992775917,0.002259600005345419,5.6899996707215905e-05,0.0657264000037685,0.12815579999005422,0.045488699979614466,0.012023399991448969,0.010008900018874556,0.012026999989757314,0.011268699978245422,0.0003150000120513141
0.4,Borda LP3 ($ 	heta $ Only),45,1077,0.00013523990165389095,,0,1,0,1,0.00013523990165389095,20.0,80.0,0.003922299976693466,0.0025414999981876463,6.389999180100858e-05,0.07638300000689924,0.11535489998641424,0.05246050001005642,0.014771699992707,0.009426700009498745,0.013341199985006824,0.013724499993259087,0.0002462000120431185
0.4,Borda LP3 ($ 	heta $ Only),46,1123,0.00013050557747824366,,4,1,0,1,0.00013050557747824366,10.0,90.0,0.0011242000036872923,0.002422999998088926,0.00020020001102238894,0.07860760000767186,0.1352535999903921,0.13693080001394264,0.016280699986964464,0.016106799972476438,0.01979849999770522,0.014868699974613264,0.0002862999972421676
0.4,Borda LP3 ($ 	heta $ Only),47,1170,0.0,,2,0,0,0,0.0,0.0,100.0,0.008712300012120977,0.0037666000134777278,0.0003502999898046255,0.10121300001628697,0.13059089999296702,0.055959500023163855,0.009554999996908009,0.01133729997673072,0.008354199992027134,0.010313800012227148,0.0002379999787081033
0.4,Borda LP3 ($ 	heta $ Only),48,1218,0.0,,2,0,0,0,0.0,0.0,100.0,0.0012877000262960792,0.002252599981147796,0.00020129999029450119,0.06501900000148453,0.12954990001162514,0.04903659998672083,0.008194399997591972,0.011907100008102134,0.014028199977474287,0.008500900003127754,0.00026909998268820345
0.4,Borda LP3 ($ 	heta $ Only),49,1267,0.0007947427029156497,,3,3,0,3,7.569487051970154e-05,70.0,30.0,0.0014884000120218843,0.002876600017771125,0.00020500001846812665,0.07634699999471195,0.11787529999855906,0.047701100003905594,0.011727400007657707,0.008070600015344098,0.01114009998855181,0.009449200006201863,0.0004214000073261559
0.4,Linear BTL,0,42,,-65.07732875441175,1,7,2,5,,,,0.002978299977257848,0.004468400002224371,0.00041149999015033245,0.08133570000063628,0.10609049999038689,0.04533910000463948,0.009249900002032518,0.00819480000063777,0.010076699982164428,0.008242399984737858,0.00023870001314207911
0.4,Linear BTL,1,43,,-48.02820136255084,0,3,0,3,,,,0.001128199975937605,0.003865800012135878,9.029998909682035e-05,0.08757000000332482,0.1321196000208147,0.03981970000313595,0.013119000010192394,0.011425500008044764,0.008906699978979304,0.010112699994351715,0.0002443999983370304
0.4,Linear BTL,2,45,,-38.015559672281064,0,4,0,4,,,,0.0011150999926030636,0.00266389999887906,5.8900011936202645e-05,0.11743750001187436,0.1278572000155691,0.057621899992227554,0.011123699980089441,0.01065730000846088,0.011147000011987984,0.011404800025047734,0.00044880001223646104
0.4,Linear BTL,3,48,,-52.83144703174144,0,3,1,2,,,,0.0011137000110466033,0.004230499995173886,9.100002353079617e-05,0.1105256000009831,0.13690429998678155,0.05598440000903793,0.00867480001761578,0.011948100000154227,0.01967880001757294,0.014727300003869459,0.00024920000578276813
0.4,Linear BTL,4,52,,-42.61841802383089,0,0,0,0,,,,0.0011653999972622842,0.009671400010120124,6.500000017695129e-05,0.08033880000584759,0.1217727999901399,0.07824810000602156,0.018515900010243058,0.015549100004136562,0.01841470002545975,0.015855900011956692,0.0002452000044286251
0.4,Linear BTL,5,57,,-65.07955473138236,2,6,1,5,,,,0.0011291000118944794,0.0024988999939523637,0.00020409998251125216,0.0825837999873329,0.12197860001469962,0.04707169998437166,0.008814400003757328,0.0129653999756556,0.014243399986298755,0.01710800000000745,0.00043120002374053
0.4,Linear BTL,6,63,,-69.17934392372712,3,6,0,6,,,,0.001135200000135228,0.002309100003913045,0.0001956000050995499,0.0698162000044249,0.129388100001961,0.04163930000504479,0.008937900012824684,0.008955099998274818,0.008397400000831112,0.008011900004930794,0.0005478000093717128
0.4,Linear BTL,7,70,,-67.61140013851708,1,7,0,7,,,,0.004493899992667139,0.002376599994022399,0.00022770001669414341,0.06549330000416376,0.13420250001945533,0.04651149999699555,0.011741399997845292,0.008476999995764345,0.013411899999482557,0.013268999988213181,0.0006954999989829957
0.4,Linear BTL,8,78,,-49.34896795514572,1,3,0,3,,,,0.0011620000004768372,0.0024064999888651073,0.00020829998538829386,0.08196609999868087,0.14941350001026876,0.057085399981588125,0.013230899989139289,0.013093999994453043,0.012798399984603748,0.016735100012738258,0.0006283000111579895
0.4,Linear BTL,9,87,,-39.56413162555619,0,2,0,2,,,,0.0017851000011432916,0.002631599985761568,6.719998782500625e-05,0.08936589999939315,0.1320140000025276,0.05909659998724237,0.011705899989465252,0.013213600002927706,0.008814500004518777,0.01244109999970533,0.0006087999790906906
0.4,Linear BTL,10,97,,-59.129842168556245,0,5,0,5,,,,0.0013728000049013644,0.002959400007966906,5.889998283237219e-05,0.08857270001317374,0.22025649997522123,0.19665520000853576,0.01779850001912564,0.022120800014818087,0.012510100001236424,0.014319000008981675,0.0002494000073056668
0.4,Linear BTL,11,108,,-55.1914068327208,0,1,0,1,,,,0.0011415999906603247,0.002457099995808676,6.0399994254112244e-05,0.08208880000165664,0.12054229999193922,0.03789639999740757,0.012567199999466538,0.023650000017369166,0.0254228999838233,0.03229499998269603,0.0006729000015184283
0.4,Linear BTL,12,120,,-46.16001664896642,0,4,1,3,,,,0.0037563999940175563,0.012104499997803941,0.0005686000222340226,0.09978570000384934,0.12651659999391995,0.048409000009996817,0.011573199997656047,0.012183899991214275,0.010360299987951294,0.01458060002187267,0.00030849999166093767
0.4,Linear BTL,13,133,,-55.11775814231157,1,4,0,4,,,,0.0018857999821193516,0.006747500010533258,0.00022690001060254872,0.06731980000040494,0.15382810001028702,0.04377060002298094,0.014252100023441017,0.013445000018691644,0.010504299978492782,0.013111100008245558,0.0003486999776214361
0.4,Linear BTL,14,147,,-78.4807416431388,3,5,0,5,,,,0.0011674999841488898,0.0037121000059414655,0.0003789000038523227,0.08039029999054037,0.13187929999548942,0.051335299998754635,0.010216199996648356,0.00781850001658313,0.00968809999176301,0.008155099989380687,0.00023830001009628177
0.4,Linear BTL,15,162,,-71.32749735439528,5,6,0,6,,,,0.005215900018811226,0.0033727999834809452,0.0002896999940276146,0.07955259998561814,0.2454870000074152,0.06783109999378212,0.010362200002418831,0.013139200018486008,0.008596800005761907,0.02104600000893697,0.00042600001324899495
0.4,Linear BTL,16,178,,-52.30132380024948,2,1,0,1,,,,0.0011571000213734806,0.003273200010880828,0.00021150000975467265,0.06672150001395494,0.13084170001093298,0.06039030000101775,0.014677500003017485,0.013957600021967664,0.012418199999956414,0.01004819999798201,0.0004265999887138605
0.4,Linear BTL,17,195,,-35.30511976009387,0,3,0,3,,,,0.001126299990573898,0.005989299999782816,6.609997944906354e-05,0.08505310001783073,0.12571379999280907,0.05830090001109056,0.019537599990144372,0.018079099972965196,0.030418300011660904,0.020064299984369427,0.0006844000017736107
0.4,Linear BTL,18,213,,-60.65326966905295,0,5,0,5,,,,0.004888299998128787,0.007363200013060123,0.00012489999062381685,0.17906940000830218,0.14459390001138672,0.04911969997920096,0.010613999998895451,0.013368299987632781,0.012179999990621582,0.013300599996000528,0.0002455000067129731
0.4,Linear BTL,19,232,,-64.85716403976215,4,3,0,3,,,,0.0013002000050619245,0.002289700001711026,0.00020059998496435583,0.11353169998619705,0.11968090001028031,0.0517528000054881,0.01004079999984242,0.008943400025600567,0.01601459999801591,0.01718949998030439,0.00022819999139755964
0.4,Linear BTL,20,252,,-48.07349598110629,0,5,1,4,,,,0.001937799999723211,0.007943400007206947,8.939998224377632e-05,0.0851797999930568,0.12278929998865351,0.05965479998849332,0.009426899981917813,0.013361000019358471,0.014567900012480095,0.013108999992255121,0.0004783000040333718
0.4,Linear BTL,21,273,,-60.94746853203436,1,6,1,5,,,,0.0014318999892566353,0.002404800005024299,0.00020789998234249651,0.07093439999152906,0.134589599998435,0.05473679999704473,0.012771100009558722,0.01699709999957122,0.012262800009921193,0.008988699992187321,0.00024049999774433672
0.4,Linear BTL,22,295,,-70.10962984943606,0,8,0,8,,,,0.004866000002948567,0.00302250002278015,7.660000119358301e-05,0.07425309999962337,0.1706283999956213,0.051569600007496774,0.01437910000095144,0.01873329997761175,0.014110199990682304,0.014159799990011379,0.00024989998200908303
0.4,Linear BTL,23,318,,-52.021993962650285,2,6,1,5,,,,0.0018020000134129077,0.0028261999832466245,0.00023720000172033906,0.08900740000535734,0.12943290002294816,0.052923700015526265,0.01002000001608394,0.01096089999191463,0.014115400001173839,0.009018300013849512,0.00023299999884329736
0.4,Linear BTL,24,342,,-63.2384213876786,3,4,0,4,,,,0.004335599980549887,0.003161000000545755,0.00021249998826533556,0.06767099999706261,0.12744630000088364,0.04373579999082722,0.014677099999971688,0.013948499981779605,0.01566639999509789,0.014454699994530529,0.00022869999520480633
0.4,Linear BTL,25,367,,-40.69940282278828,0,3,0,3,,,,0.004985800012946129,0.003320200019516051,6.260001100599766e-05,0.07283580000512302,0.11421899998094887,0.044171999994432554,0.009921799995936453,0.00842290002037771,0.00966760001028888,0.008332199999131262,0.00024110000231303275
0.4,Linear BTL,26,393,,-77.99538089713278,3,8,1,7,,,,0.001114899991080165,0.0029541999974753708,0.0005259999888949096,0.07599579999805428,0.11654469999484718,0.039796600001864135,0.01171960000647232,0.00949549998040311,0.010402599989902228,0.010605799994664267,0.000423500023316592
0.4,Linear BTL,27,420,,-22.681552289855208,0,1,0,1,,,,0.0011119999981019646,0.002671199996257201,5.740000051446259e-05,0.08242290001362562,0.127839299995685,0.06580789998406544,0.008830100006889552,0.010980699997162446,0.013858000020263717,0.010667299997294322,0.001107799995224923
0.4,Linear BTL,28,448,,-57.317979336393044,0,6,1,5,,,,0.0023170999775175005,0.003023500001290813,8.719999459572136e-05,0.1000575999787543,0.12861240000347607,0.0407351000176277,0.01171200000680983,0.012715399992885068,0.011567399982595816,0.01323969999793917,0.0003206999972462654
0.4,Linear BTL,29,477,,-50.00022118645879,3,2,0,2,,,,0.0021013999939896166,0.003708000003825873,0.0003761000116355717,0.0677764999854844,0.1487092999741435,0.049033099989173934,0.019535300001734868,0.021720699995057657,0.024608700012322515,0.01188100001309067,0.0014574000088032335
0.4,Linear BTL,30,507,,-41.04869965993235,0,8,1,7,,,,0.0018429000047035515,0.003780900005949661,9.240000508725643e-05,0.1000079000077676,0.11245149999740534,0.054363900009775534,0.009574799973051995,0.008446899999398738,0.012342800007900223,0.012099799991119653,0.00025680000544525683
0.4,Linear BTL,31,538,,-61.70026357415893,8,3,0,3,,,,0.0015773999912198633,0.0024408000172115862,0.00019809999503195286,0.06766189998597838,0.1876044999808073,0.06253019999712706,0.0067128000082448125,0.01037999999243766,0.009850900009041652,0.007456999999703839,0.00021680002100765705
0.4,Linear BTL,32,570,,-53.785686121868125,1,3,0,3,,,,0.0011475000064820051,0.004955599986715242,0.0004949000140186399,0.07808259999728762,0.26836260000709444,0.06458919998840429,0.012023799994494766,0.0113032000081148,0.012568200007081032,0.011227899987716228,0.0006232000014279038
0.4,Linear BTL,33,603,,-46.31817292599642,0,4,0,4,,,,0.00127119998796843,0.002738999988650903,9.90999978967011e-05,0.08686089998809621,0.13959000000613742,0.06367410000530072,0.024244000000180677,0.01844480002182536,0.01297740000882186,0.017108500003814697,0.00044899998465552926
0.4,Linear BTL,34,637,,-44.22831848848409,1,3,0,3,,,,0.001126299990573898,0.002449799998430535,0.00019649998284876347,0.08801149998907931,0.12176919999183156,0.0529746999964118,0.009862599981715903,0.008134900010190904,0.012337899999693036,0.009339099982753396,0.000953600014327094
0.4,Linear BTL,35,672,,-48.989364177204656,0,8,1,7,,,,0.0031076000013854355,0.0025827000208664685,0.0001036000030580908,0.09051209999597631,0.1537055000080727,0.05211380001856014,0.017323200008831918,0.015406400023493916,0.012666900001931936,0.009301999991293997,0.00024389999452978373
0.4,Linear BTL,36,708,,-56.453137602859066,0,8,0,8,,,,0.0024919999996200204,0.0024887000035960227,5.930001498199999e-05,0.08418149998760782,0.21824329998344183,0.1088447000074666,0.025518600014038384,0.011782299989135936,0.009705700009362772,0.011774799990234897,0.00024319998919963837
0.4,Linear BTL,37,745,,-64.52868844618598,3,7,2,5,,,,0.001131800003349781,0.0026393999869469553,0.000319099985063076,0.0833009000052698,0.118078700004844,0.04537900001741946,0.009353100002044812,0.00858289998723194,0.00836059998255223,0.007883399986894801,0.00022960000205785036
0.4,Linear BTL,38,783,,-40.10024563423706,0,3,0,3,,,,0.004303199995774776,0.0023677999852225184,5.77000027988106e-05,0.07127779998700134,0.14424270001472905,0.05570720002287999,0.03833780001150444,0.013014600001042709,0.011677600006805733,0.009318800002802163,0.0002455000067129731
0.4,Linear BTL,39,822,,-71.48140391976845,0,9,3,6,,,,0.002967899985378608,0.0031398000137414783,6.10999995842576e-05,0.07346830001915805,0.1375465000164695,0.04540040000574663,0.00904520001495257,0.011744399991584942,0.011530600022524595,0.009148100012680516,0.00024579997989349067
0.4,Linear BTL,40,862,,-73.59602524837757,3,2,1,1,,,,0.005592000001342967,0.0028922000201418996,0.00022529999841935933,0.08774079999420792,0.15846760000567883,0.05754739997792058,0.00846739998087287,0.013931699999375269,0.01457439997466281,0.009410500002559274,0.0010282000002916902
0.4,Linear BTL,41,903,,-68.93796488681888,5,0,0,0,,,,0.004164599988143891,0.004578500025672838,0.0003254999755881727,0.07969730001059361,0.15751000001910143,0.07751979999011382,0.007886899984441698,0.014545500016538426,0.013348300009965897,0.01172399998176843,0.00021930001094006002
0.4,Linear BTL,42,945,,-48.99003320188148,2,4,0,4,,,,0.0011316000018268824,0.0023355000012088567,0.00020599999697878957,0.17230279999785125,0.12676939999801107,0.049788400006946176,0.015763100003823638,0.018898900016210973,0.01748149999184534,0.014458299992838874,0.00043069999082945287
0.4,Linear BTL,43,988,,-60.54111572221353,3,3,0,3,,,,0.0011236999998800457,0.0022778999991714954,0.00020190002396702766,0.07389550001244061,0.1658758999838028,0.057014300022274256,0.013085899990983307,0.010682099993573502,0.00749839999480173,0.008813399996142834,0.00023689999943599105
0.4,Linear BTL,44,1032,,-51.546913311950064,0,5,0,5,,,,0.001145699992775917,0.002259600005345419,5.6899996707215905e-05,0.0657264000037685,0.12815579999005422,0.045488699979614466,0.012023399991448969,0.010008900018874556,0.012026999989757314,0.011268699978245422,0.0003150000120513141
0.4,Linear BTL,45,1077,,-36.137319861286,0,3,0,3,,,,0.003922299976693466,0.0025414999981876463,6.389999180100858e-05,0.07638300000689924,0.11535489998641424,0.05246050001005642,0.014771699992707,0.009426700009498745,0.013341199985006824,0.013724499993259087,0.0002462000120431185
0.4,Linear BTL,46,1123,,-71.00818773350144,4,3,0,3,,,,0.0011242000036872923,0.002422999998088926,0.00020020001102238894,0.07860760000767186,0.1352535999903921,0.13693080001394264,0.016280699986964464,0.016106799972476438,0.01979849999770522,0.014868699974613264,0.0002862999972421676
0.4,Linear BTL,47,1170,,-45.59449974821754,2,2,0,2,,,,0.008712300012120977,0.0037666000134777278,0.0003502999898046255,0.10121300001628697,0.13059089999296702,0.055959500023163855,0.009554999996908009,0.01133729997673072,0.008354199992027134,0.010313800012227148,0.0002379999787081033
0.4,Linear BTL,48,1218,,-56.89281657099148,2,2,0,2,,,,0.0012877000262960792,0.002252599981147796,0.00020129999029450119,0.06501900000148453,0.12954990001162514,0.04903659998672083,0.008194399997591972,0.011907100008102134,0.014028199977474287,0.008500900003127754,0.00026909998268820345
0.4,Linear BTL,49,1267,,-49.775376580542144,3,5,0,5,,,,0.0014884000120218843,0.002876600017771125,0.00020500001846812665,0.07634699999471195,0.11787529999855906,0.047701100003905594,0.011727400007657707,0.008070600015344098,0.01114009998855181,0.009449200006201863,0.0004214000073261559
0.5,LP2 ($ 	heta $ Only),0,42,3.3434246570269646e-05,,4,11,8,3,3.3434246570269646e-05,40.0,60.0,0.0019342000014148653,0.003978399996412918,0.0004059000057168305,0.08063330000732094,0.13309039999148808,0.05432110000401735,0.011904399987543002,0.00961409998126328,0.010363300010794774,0.013963200006401166,0.00022449999232776463
0.5,LP2 ($ 	heta $ Only),1,43,0.0,,3,0,0,0,0.0,0.0,100.0,0.0012973000120837241,0.002555299986852333,0.0002280999906361103,0.07870850001927465,0.11869790000491776,0.06423819999326952,0.010287399985827506,0.009016900003189221,0.011207800009287894,0.007689999998547137,0.00022929999977350235
0.5,LP2 ($ 	heta $ Only),2,45,5.912047241946553e-05,,0,7,4,3,5.912047241946552e-05,40.0,60.0,0.005909899977268651,0.0024713000166229904,5.780000356025994e-05,0.08086280000861734,0.12501969997538254,0.057033799996133894,0.012095399986719713,0.010539799986872822,0.011225399997783825,0.0102171000035014,0.00024449999909847975
0.5,LP2 ($ 	heta $ Only),3,48,3.9501811890246724e-05,,0,5,1,4,3.9501811890246724e-05,40.0,60.0,0.00397510000038892,0.0023287000076379627,5.840000812895596e-05,0.0627976999967359,0.13473869999870658,0.03693529998417944,0.011375300004146993,0.008418900019023567,0.013399399991612881,0.011946899991016835,0.00025690000620670617
0.5,LP2 ($ 	heta $ Only),4,52,1.5907686542776482e-05,,1,4,0,4,1.5907686542776482e-05,20.0,80.0,0.0011411999876145273,0.0030866999877616763,0.0002274000144097954,0.11910510002053343,0.11047829999006353,0.04944690002594143,0.008307000010972843,0.009939599985955283,0.009724900010041893,0.009730100020533428,0.00023910001618787646
0.5,LP2 ($ 	heta $ Only),5,57,2.0268887052457228e-05,,0,3,0,3,2.0268887052457228e-05,30.0,70.0,0.003914900007657707,0.0028599999786820263,7.769998046569526e-05,0.0923684999870602,0.13952620001509786,0.05269519999274053,0.009250100003555417,0.012203799997223541,0.01195509999524802,0.009480600012466311,0.0002474999928381294
0.5,LP2 ($ 	heta $ Only),6,63,0.0,,5,0,0,0,0.0,0.0,100.0,0.005913200002396479,0.0024704999814275652,0.00019890000112354755,0.06640539999352768,0.10333689997787587,0.05473790000542067,0.008918199979234487,0.01199950001318939,0.010525599995162338,0.008635600010165945,0.0004033000150229782
0.5,LP2 ($ 	heta $ Only),7,70,6.742654436166591e-06,,3,4,0,4,6.742654436166591e-06,10.0,90.0,0.001133300014771521,0.005917100002989173,0.0003285999991931021,0.07777020000503398,0.11315130000002682,0.04056360002141446,0.010693200019886717,0.007893600006354973,0.01156549999723211,0.008576799998991191,0.00022839999292045832
0.5,LP2 ($ 	heta $ Only),8,78,3.430897571052273e-05,,0,5,1,4,3.430897571052273e-05,30.0,70.0,0.005582499987212941,0.002307299990206957,5.690002581104636e-05,0.1152421000006143,0.13863000000128523,0.07692950000637211,0.009389300015754998,0.013238000014098361,0.012012699997285381,0.009815099998377264,0.0002460999821778387
0.5,LP2 ($ 	heta $ Only),9,87,1.86746726206278e-05,,0,4,0,4,1.86746726206278e-05,20.0,80.0,0.0022806999913882464,0.003452300006756559,8.249998791143298e-05,0.08407230000011623,0.14541140000801533,0.06436200000462122,0.011439599998993799,0.010572600003797561,0.00994160000118427,0.010706600005505607,0.00046049998491071165
0.5,LP2 ($ 	heta $ Only),10,97,1.7594505625669095e-05,,2,3,2,1,1.7594505625669095e-05,20.0,80.0,0.001611600018804893,0.003475600009551272,0.0003318000235594809,0.1307663999905344,0.1273137999814935,0.05551430000923574,0.011240799998631701,0.013806500006467104,0.008416100026806816,0.01280850000330247,0.00024309998843818903
0.5,LP2 ($ 	heta $ Only),11,108,9.28271644573455e-07,,0,2,0,2,9.28271644573455e-07,10.0,90.0,0.0011522000131662935,0.002967200009152293,5.940001574344933e-05,0.0807961999962572,0.30955800000810996,0.0874175000062678,0.01143510002293624,0.010884599993005395,0.008702799997990951,0.01368420000653714,0.00024759999359957874
0.5,LP2 ($ 	heta $ Only),12,120,2.5991816808587058e-05,,0,2,2,0,2.5991816808587058e-05,10.0,90.0,0.0013460000045597553,0.003058200003579259,0.00014330001431517303,0.08124270002008416,0.11470040000858717,0.03902060000109486,0.012382599990814924,0.012161599996034056,0.014224399987142533,0.015098300005774945,0.0005430000019259751
0.5,LP2 ($ 	heta $ Only),13,133,5.960063954424949e-06,,2,2,0,2,5.960063954424949e-06,10.0,90.0,0.0019324000168126076,0.0033094999962486327,0.00030620000325143337,0.08298729997477494,0.12323319999268278,0.07745409998460673,0.00986439999542199,0.011359600001014769,0.00956229999428615,0.011735500011127442,0.00023629999486729503
0.5,LP2 ($ 	heta $ Only),14,147,1.5202076423726103e-05,,4,3,1,2,1.5202076423726103e-05,10.0,90.0,0.0011522999848239124,0.002715200011152774,0.00031800000579096377,0.09142959999735467,0.12485329998889938,0.05068580000079237,0.00973709998652339,0.011564600019482896,0.013823700021021068,0.016594599990639836,0.0005480000108946115
0.5,LP2 ($ 	heta $ Only),15,162,1.0786181819052413e-05,,5,3,0,3,1.0786181819052413e-05,20.0,80.0,0.002989300002809614,0.012178299977676943,0.0004681999853346497,0.12423759998637252,0.11265049999929033,0.046605899988207966,0.008940300001995638,0.010276999993948266,0.0075607000035233796,0.008257900015451014,0.00022220000391826034
0.5,LP2 ($ 	heta $ Only),16,178,1.3468711190363159e-05,,2,3,0,3,1.3468711190363159e-05,10.0,90.0,0.0011312999995425344,0.002346399996895343,0.00021749999723397195,0.06682460001320578,0.13449840000248514,0.0468807999859564,0.013865499990060925,0.008421699982136488,0.0116009000048507,0.011687999998684973,0.00043069999082945287
0.5,LP2 ($ 	heta $ Only),17,195,2.74737231861947e-05,,0,2,2,0,2.74737231861947e-05,20.0,80.0,0.0011346999963279814,0.0021582999906968325,5.570001667365432e-05,0.08347389998380095,0.10123860000749119,0.036685300001408905,0.009707899997010827,0.008390600007260218,0.012531699991086498,0.011700800008838996,0.0006701999809592962
0.5,LP2 ($ 	heta $ Only),18,213,2.6450625012688197e-05,,4,6,1,5,2.6450625012688197e-05,20.0,80.0,0.002131300017936155,0.005357999994885176,0.00043680000817403197,0.09116159999393858,0.2199615999998059,0.10448060001363046,0.02390740002738312,0.018073300016112626,0.0148707999906037,0.01621739999973215,0.00022599997464567423
0.5,LP2 ($ 	heta $ Only),19,232,2.0824605341847296e-05,,3,6,1,5,2.0824605341847292e-05,30.0,70.0,0.0011678000155370682,0.002507900004275143,0.00020920002134516835,0.07108989998232573,0.11847809999017045,0.050480600009905174,0.016681900015100837,0.017055500007700175,0.01270479999948293,0.01223370002117008,0.00042460000258870423
0.5,LP2 ($ 	heta $ Only),20,252,0.0,,1,0,0,0,0.0,0.0,100.0,0.0018174000142607838,0.0038335999997798353,0.00030289997812360525,0.0782584999979008,0.1211098000057973,0.036538699991069734,0.009578199998941272,0.008139300014590845,0.009408399986568838,0.008408800000324845,0.00023980002151802182
0.5,LP2 ($ 	heta $ Only),21,273,2.95063699230359e-05,,2,5,1,4,2.95063699230359e-05,30.0,70.0,0.00483150000218302,0.002681499987374991,0.00022069999249652028,0.057826400006888434,0.1527854000160005,0.04832380000152625,0.013550300005590543,0.00850730002275668,0.012220100004924461,0.012229999992996454,0.00042890000622719526
0.5,LP2 ($ 	heta $ Only),22,295,2.8125576444440256e-05,,2,10,1,9,2.8125576444440256e-05,40.0,60.0,0.0011224999907426536,0.0024412000202573836,0.00019789999350905418,0.07485279999673367,0.10654890001751482,0.07737749998341314,0.01747530000284314,0.01772720000008121,0.01616269999067299,0.013060699973721057,0.0009639999771025032
0.5,LP2 ($ 	heta $ Only),23,318,1.8040180672791808e-05,,0,4,1,3,1.8040180672791808e-05,20.0,80.0,0.0011427999997977167,0.002280599990626797,5.6199991377070546e-05,0.0723565999942366,0.21246810001321137,0.04991050000535324,0.009275399992475286,0.01232089998666197,0.011896499985596165,0.011441799986641854,0.0006372999923769385
0.5,LP2 ($ 	heta $ Only),24,342,1.625216386119989e-05,,3,5,0,5,1.625216386119989e-05,20.0,80.0,0.004423600010341033,0.0027824999997392297,0.00020489998860284686,0.06685740000102669,0.12865709999459796,0.04232959999353625,0.00944829999934882,0.011961999989580363,0.011373999994248152,0.009409399994183332,0.0004364999767858535
0.5,LP2 ($ 	heta $ Only),25,367,0.0,,0,0,0,0,0.0,0.0,100.0,0.0017100000113714486,0.004533999977866188,9.369998588226736e-05,0.07835990001331083,0.12201040002400987,0.04978450000635348,0.01614819999667816,0.009506399976089597,0.008483499987050891,0.009198400017339736,0.0002460000105202198
0.5,LP2 ($ 	heta $ Only),26,393,2.408007229338066e-05,,2,9,0,9,2.408007229338066e-05,40.0,60.0,0.004181199998129159,0.0031578000052832067,0.0002156999835278839,0.07944880001014099,0.46942269999999553,0.06260249999468215,0.01307670000824146,0.010340000008000061,0.015394700021715835,0.013198000000556931,0.0002395999908912927
0.5,LP2 ($ 	heta $ Only),27,420,0.0,,0,0,0,0,0.0,0.0,100.0,0.0011494999926071614,0.005783300002804026,0.00012299997615627944,0.074938799982192,0.1264855999907013,0.052332699997350574,0.01236679998692125,0.00944069999968633,0.013627999986056238,0.011315799987642094,0.0002418000076431781
0.5,LP2 ($ 	heta $ Only),28,448,1.0799394357592474e-05,,0,3,0,3,1.0799394357592474e-05,20.0,80.0,0.0011624000035226345,0.0034088999964296818,8.840000373311341e-05,0.09730769999441691,0.11487140000099316,0.06805060000624508,0.008718600001884624,0.012922099995194003,0.014169800007948652,0.011999799986369908,0.0012317000073380768
0.5,LP2 ($ 	heta $ Only),29,477,2.7551172804846625e-05,,1,5,1,4,2.7551172804846625e-05,40.0,60.0,0.0011696000001393259,0.0029461999947670847,0.00021739999647252262,0.1508806000056211,0.12171879998641089,0.046572199993534014,0.011193300015293062,0.010003000003052875,0.011524200002895668,0.008901100023649633,0.00023819998023100197
0.5,LP2 ($ 	heta $ Only),30,507,4.018500991362335e-05,,1,5,3,2,4.018500991362335e-05,30.0,70.0,0.005432600009953603,0.0024689999991096556,0.00020589999621734023,0.12062649999279529,0.1370867000077851,0.05228149998583831,0.010393999982625246,0.011440400005085394,0.01177429998642765,0.008945099980337545,0.00033170002279803157
0.5,LP2 ($ 	heta $ Only),31,538,1.3564411471394925e-05,,6,6,0,6,1.3564411471394925e-05,20.0,80.0,0.005127199983689934,0.004511000006459653,0.00030700000934302807,0.08692849997896701,0.12450879998505116,0.04589870001655072,0.007581100013339892,0.009950699983164668,0.008583799994084984,0.008842400013236329,0.00021740002557635307
0.5,LP2 ($ 	heta $ Only),32,570,1.4413042879855859e-05,,4,1,0,1,1.4413042879855859e-05,20.0,80.0,0.004069599992362782,0.0033007000165525824,0.00028199999360367656,0.0667851000034716,0.11184090000460856,0.05933069999446161,0.008354299992788583,0.012709800008451566,0.012276800000108778,0.01011060000746511,0.0007389999809674919
0.5,LP2 ($ 	heta $ Only),33,603,2.0348770178315098e-05,,2,3,1,2,2.0348770178315098e-05,20.0,80.0,0.003207400004612282,0.004213600012008101,0.00030949999927543104,0.08110260000103153,0.10772719999658875,0.06210139999166131,0.011221100023249164,0.0248213000013493,0.02041359999566339,0.02763629998662509,0.0007503999804612249
0.5,LP2 ($ 	heta $ Only),34,637,1.0752116782413199e-05,,0,4,0,4,1.0752116782413199e-05,10.0,90.0,0.0012589999823831022,0.0034660999954212457,6.369999027810991e-05,0.2821956999832764,0.13391859998228028,0.03983890000381507,0.010408500005723909,0.012548699975013733,0.008974500000476837,0.01017260001390241,0.00024580000899732113
0.5,LP2 ($ 	heta $ Only),35,672,4.296074342033004e-05,,0,8,4,4,4.296074342033004e-05,40.0,60.0,0.0018542000034358352,0.0030826999864075333,8.749999688006938e-05,0.08064339999691583,0.13596200000029057,0.055834799975855276,0.013283899985253811,0.014640700013842434,0.012614700011909008,0.009674999979324639,0.0002443999983370304
0.5,LP2 ($ 	heta $ Only),36,708,8.68714328860252e-05,,2,13,7,6,8.68714328860252e-05,40.0,60.0,0.00378850000561215,0.003215499978978187,0.000205100019229576,0.07088679997832514,0.10717780000413768,0.040685699990717694,0.012540600000647828,0.010723500017775223,0.008302000002004206,0.010387199989054352,0.00023629999486729503
0.5,LP2 ($ 	heta $ Only),37,745,3.118990539335226e-05,,0,10,3,7,3.118990539335226e-05,30.0,70.0,0.0011264000204391778,0.0023203000018838793,5.639999289996922e-05,0.08563330001197755,0.30452050000894815,0.049372299981769174,0.009880500001600012,0.008818900008918718,0.01207950001116842,0.011340600001858547,0.00027609997778199613
0.5,LP2 ($ 	heta $ Only),38,783,0.0,,3,0,0,0,0.0,0.0,100.0,0.0011593000090215355,0.0032196000101976097,0.0003064999764319509,0.061874000006355345,0.11561159999109805,0.04346310000983067,0.01714059998630546,0.014407500013476238,0.016241800010902807,0.013673899986315519,0.00042050000047311187
0.5,LP2 ($ 	heta $ Only),39,822,2.4768989242338575e-05,,0,7,0,7,2.4768989242338575e-05,40.0,60.0,0.0011217000137548894,0.002595199999632314,5.669999518431723e-05,0.09117620001779869,0.11596080000163056,0.06355379999149591,0.009233999997377396,0.014696400001412258,0.01257150000310503,0.012016799999400973,0.0004891999997198582
0.5,LP2 ($ 	heta $ Only),40,862,0.0,,0,0,0,0,0.0,0.0,100.0,0.0018657000036910176,0.002456299989717081,5.740000051446259e-05,0.082835300010629,0.12377149998792447,0.06692529999418184,0.01965970001765527,0.019226000003982335,0.01937039999756962,0.014037200016900897,0.0002442999975755811
0.5,LP2 ($ 	heta $ Only),41,903,3.9542887861698545e-05,,5,7,1,6,3.9542887861698545e-05,40.0,60.0,0.0028947000100743026,0.005141300003742799,0.0006051000091247261,0.09506339998915792,0.11771329998737201,0.0637470000074245,0.00893689997610636,0.011638299998594448,0.013371200009714812,0.008145299972966313,0.00028229999588802457
0.5,LP2 ($ 	heta $ Only),42,945,0.0,,5,0,0,0,0.0,0.0,100.0,0.001336000015726313,0.0039015999936964363,0.00021810000180266798,0.09855370002333075,0.1140218999935314,0.04316519998246804,0.007348000013735145,0.009720300004119053,0.009145499992882833,0.022536999982548878,0.0007952000014483929
0.5,LP2 ($ 	heta $ Only),43,988,0.0,,5,0,0,0,0.0,0.0,100.0,0.003023599972948432,0.014560199982952327,0.0017643999890424311,0.13944729999639094,0.16551170000457205,0.05244989998755045,0.008835299988277256,0.021897300001000986,0.013440899987472221,0.011321400001179427,0.0004047999973408878
0.5,LP2 ($ 	heta $ Only),44,1032,2.047554628669338e-05,,4,2,1,1,2.047554628669338e-05,20.0,80.0,0.00112599998828955,0.006082699983380735,0.00024359999224543571,0.08362419999320991,0.19636719999834895,0.04700999998021871,0.02067860000533983,0.010105499997735023,0.01308249999419786,0.010926599992671981,0.00023450001026503742
0.5,LP2 ($ 	heta $ Only),45,1077,0.0,,2,0,0,0,0.0,0.0,100.0,0.0012666000111494213,0.002677699987543747,0.00022039999021217227,0.07356599997729063,0.11385110000264831,0.04403930000262335,0.010030799981905147,0.013336899981368333,0.016802499972982332,0.014709900016896427,0.00042810000013560057
0.5,LP2 ($ 	heta $ Only),46,1123,8.177667663554318e-06,,5,6,0,6,8.177667663554318e-06,20.0,80.0,0.0011723999923560768,0.005373299994971603,0.00030139999580569565,0.06899950001388788,0.12972319999244064,0.043017799995141104,0.010552899999311194,0.00829860000521876,0.010724699997808784,0.011112900014268234,0.00040430002263747156
0.5,LP2 ($ 	heta $ Only),47,1170,0.0,,1,0,0,0,0.0,0.0,100.0,0.0011332999856676906,0.002366400003666058,0.00019290001364424825,0.08707609999692068,0.13237020000815392,0.04836420001811348,0.012910200020996854,0.012998299993341789,0.008136399992508814,0.011340600001858547,0.00023830001009628177
0.5,LP2 ($ 	heta $ Only),48,1218,2.7020624877893192e-05,,3,8,2,6,2.7020624877893192e-05,30.0,70.0,0.004219299997203052,0.004565000010188669,0.00031060000765137374,0.07439560000784695,0.13526010001078248,0.051525100017897785,0.013729500002227724,0.01327359999413602,0.010122999985469505,0.011698599992087111,0.00029180001001805067
0.5,LP2 ($ 	heta $ Only),49,1267,1.4017459499639533e-05,,4,7,0,7,1.4017459499639535e-05,30.0,70.0,0.001406499999575317,0.0029187999898567796,0.0002300999767612666,0.07026800001040101,0.198835399991367,0.040005600021686405,0.009696100023575127,0.009556599979987368,0.013607600005343556,0.008053999976255,0.0002652999828569591
0.5,LP3 ($ 	heta $ Only),0,42,0.0016484531326612694,,4,2,0,2,0.00018228786531917186,90.0,10.0,0.0019342000014148653,0.003978399996412918,0.0004059000057168305,0.08063330000732094,0.13309039999148808,0.05432110000401735,0.011904399987543002,0.00961409998126328,0.010363300010794774,0.013963200006401166,0.00022449999232776463
0.5,LP3 ($ 	heta $ Only),1,43,0.0,,3,0,0,0,0.0,0.0,100.0,0.0012973000120837241,0.002555299986852333,0.0002280999906361103,0.07870850001927465,0.11869790000491776,0.06423819999326952,0.010287399985827506,0.009016900003189221,0.011207800009287894,0.007689999998547137,0.00022929999977350235
0.5,LP3 ($ 	heta $ Only),2,45,0.0015398525397230189,,0,7,3,4,0.00014065841117822016,90.0,10.0,0.005909899977268651,0.0024713000166229904,5.780000356025994e-05,0.08086280000861734,0.12501969997538254,0.057033799996133894,0.012095399986719713,0.010539799986872822,0.011225399997783825,0.0102171000035014,0.00024449999909847975
0.5,LP3 ($ 	heta $ Only),3,48,0.0016894549655114195,,0,6,1,5,0.00014169514811352292,80.0,20.0,0.00397510000038892,0.0023287000076379627,5.840000812895596e-05,0.0627976999967359,0.13473869999870658,0.03693529998417944,0.011375300004146993,0.008418900019023567,0.013399399991612881,0.011946899991016835,0.00025690000620670617
0.5,LP3 ($ 	heta $ Only),4,52,0.0009972664137991166,,1,2,0,2,9.199503501540011e-05,80.0,20.0,0.0011411999876145273,0.0030866999877616763,0.0002274000144097954,0.11910510002053343,0.11047829999006353,0.04944690002594143,0.008307000010972843,0.009939599985955283,0.009724900010041893,0.009730100020533428,0.00023910001618787646
0.5,LP3 ($ 	heta $ Only),5,57,0.0009453507436602618,,0,3,0,3,8.43948555745257e-05,80.0,20.0,0.003914900007657707,0.0028599999786820263,7.769998046569526e-05,0.0923684999870602,0.13952620001509786,0.05269519999274053,0.009250100003555417,0.012203799997223541,0.01195509999524802,0.009480600012466311,0.0002474999928381294
0.5,LP3 ($ 	heta $ Only),6,63,0.0,,5,0,0,0,0.0,0.0,100.0,0.005913200002396479,0.0024704999814275652,0.00019890000112354755,0.06640539999352768,0.10333689997787587,0.05473790000542067,0.008918199979234487,0.01199950001318939,0.010525599995162338,0.008635600010165945,0.0004033000150229782
0.5,LP3 ($ 	heta $ Only),7,70,0.0008941121388120531,,3,3,0,3,5.787458512296945e-05,40.0,60.0,0.001133300014771521,0.005917100002989173,0.0003285999991931021,0.07777020000503398,0.11315130000002682,0.04056360002141446,0.010693200019886717,0.007893600006354973,0.01156549999723211,0.008576799998991191,0.00022839999292045832
0.5,LP3 ($ 	heta $ Only),8,78,0.0015259834703544905,,0,5,1,4,0.00013603946570770004,80.0,20.0,0.005582499987212941,0.002307299990206957,5.690002581104636e-05,0.1152421000006143,0.13863000000128523,0.07692950000637211,0.009389300015754998,0.013238000014098361,0.012012699997285381,0.009815099998377264,0.0002460999821778387
0.5,LP3 ($ 	heta $ Only),9,87,0.001043047145230826,,0,2,0,2,8.331619293266609e-05,70.0,30.0,0.0022806999913882464,0.003452300006756559,8.249998791143298e-05,0.08407230000011623,0.14541140000801533,0.06436200000462122,0.011439599998993799,0.010572600003797561,0.00994160000118427,0.010706600005505607,0.00046049998491071165
0.5,LP3 ($ 	heta $ Only),10,97,0.0006374575515308665,,2,2,0,2,7.04711032754668e-05,60.0,40.0,0.001611600018804893,0.003475600009551272,0.0003318000235594809,0.1307663999905344,0.1273137999814935,0.05551430000923574,0.011240799998631701,0.013806500006467104,0.008416100026806816,0.01280850000330247,0.00024309998843818903
0.5,LP3 ($ 	heta $ Only),11,108,0.00037072141214831403,,0,2,0,2,2.2415305340395913e-05,10.0,90.0,0.0011522000131662935,0.002967200009152293,5.940001574344933e-05,0.0807961999962572,0.30955800000810996,0.0874175000062678,0.01143510002293624,0.010884599993005395,0.008702799997990951,0.01368420000653714,0.00024759999359957874
0.5,LP3 ($ 	heta $ Only),12,120,0.0006720019714111488,,0,3,2,1,5.550701101201623e-05,50.0,50.0,0.0013460000045597553,0.003058200003579259,0.00014330001431517303,0.08124270002008416,0.11470040000858717,0.03902060000109486,0.012382599990814924,0.012161599996034056,0.014224399987142533,0.015098300005774945,0.0005430000019259751
0.5,LP3 ($ 	heta $ Only),13,133,0.0007580337033270928,,2,2,0,2,5.317302279631675e-05,60.0,40.0,0.0019324000168126076,0.0033094999962486327,0.00030620000325143337,0.08298729997477494,0.12323319999268278,0.07745409998460673,0.00986439999542199,0.011359600001014769,0.00956229999428615,0.011735500011127442,0.00023629999486729503
0.5,LP3 ($ 	heta $ Only),14,147,0.0005492231828688484,,4,1,1,0,4.99293802608044e-05,40.0,60.0,0.0011522999848239124,0.002715200011152774,0.00031800000579096377,0.09142959999735467,0.12485329998889938,0.05068580000079237,0.00973709998652339,0.011564600019482896,0.013823700021021068,0.016594599990639836,0.0005480000108946115
0.5,LP3 ($ 	heta $ Only),15,162,0.000513978054920723,,5,2,0,2,4.672527772006573e-05,40.0,60.0,0.002989300002809614,0.012178299977676943,0.0004681999853346497,0.12423759998637252,0.11265049999929033,0.046605899988207966,0.008940300001995638,0.010276999993948266,0.0075607000035233796,0.008257900015451014,0.00022220000391826034
0.5,LP3 ($ 	heta $ Only),16,178,0.0009674182029792344,,2,4,0,4,6.150968568180597e-05,30.0,70.0,0.0011312999995425344,0.002346399996895343,0.00021749999723397195,0.06682460001320578,0.13449840000248514,0.0468807999859564,0.013865499990060925,0.008421699982136488,0.0116009000048507,0.011687999998684973,0.00043069999082945287
0.5,LP3 ($ 	heta $ Only),17,195,0.0006090335522919224,,0,2,2,0,5.1100872078700536e-05,30.0,70.0,0.0011346999963279814,0.0021582999906968325,5.570001667365432e-05,0.08347389998380095,0.10123860000749119,0.036685300001408905,0.009707899997010827,0.008390600007260218,0.012531699991086498,0.011700800008838996,0.0006701999809592962
0.5,LP3 ($ 	heta $ Only),18,213,0.0017881239159689792,,4,9,1,8,0.0001287509354260803,80.0,20.0,0.002131300017936155,0.005357999994885176,0.00043680000817403197,0.09116159999393858,0.2199615999998059,0.10448060001363046,0.02390740002738312,0.018073300016112626,0.0148707999906037,0.01621739999973215,0.00022599997464567423
0.5,LP3 ($ 	heta $ Only),19,232,0.001161937467911525,,3,4,0,4,8.868054914277247e-05,80.0,20.0,0.0011678000155370682,0.002507900004275143,0.00020920002134516835,0.07108989998232573,0.11847809999017045,0.050480600009905174,0.016681900015100837,0.017055500007700175,0.01270479999948293,0.01223370002117008,0.00042460000258870423
0.5,LP3 ($ 	heta $ Only),20,252,0.0,,1,0,0,0,0.0,0.0,100.0,0.0018174000142607838,0.0038335999997798353,0.00030289997812360525,0.0782584999979008,0.1211098000057973,0.036538699991069734,0.009578199998941272,0.008139300014590845,0.009408399986568838,0.008408800000324845,0.00023980002151802182
0.5,LP3 ($ 	heta $ Only),21,273,0.001673235347845337,,2,5,0,5,0.0001533930517742488,70.0,30.0,0.00483150000218302,0.002681499987374991,0.00022069999249652028,0.057826400006888434,0.1527854000160005,0.04832380000152625,0.013550300005590543,0.00850730002275668,0.012220100004924461,0.012229999992996454,0.00042890000622719526
0.5,LP3 ($ 	heta $ Only),22,295,0.0016865291105082074,,2,8,2,6,0.00014103680478258523,90.0,10.0,0.0011224999907426536,0.0024412000202573836,0.00019789999350905418,0.07485279999673367,0.10654890001751482,0.07737749998341314,0.01747530000284314,0.01772720000008121,0.01616269999067299,0.013060699973721057,0.0009639999771025032
0.5,LP3 ($ 	heta $ Only),23,318,0.0008348182200193189,,0,2,1,1,4.433046976545699e-05,40.0,60.0,0.0011427999997977167,0.002280599990626797,5.6199991377070546e-05,0.0723565999942366,0.21246810001321137,0.04991050000535324,0.009275399992475286,0.01232089998666197,0.011896499985596165,0.011441799986641854,0.0006372999923769385
0.5,LP3 ($ 	heta $ Only),24,342,0.0011955643447063235,,3,6,1,5,9.480652729593187e-05,80.0,20.0,0.004423600010341033,0.0027824999997392297,0.00020489998860284686,0.06685740000102669,0.12865709999459796,0.04232959999353625,0.00944829999934882,0.011961999989580363,0.011373999994248152,0.009409399994183332,0.0004364999767858535
0.5,LP3 ($ 	heta $ Only),25,367,0.0,,0,0,0,0,0.0,0.0,100.0,0.0017100000113714486,0.004533999977866188,9.369998588226736e-05,0.07835990001331083,0.12201040002400987,0.04978450000635348,0.01614819999667816,0.009506399976089597,0.008483499987050891,0.009198400017339736,0.0002460000105202198
0.5,LP3 ($ 	heta $ Only),26,393,0.002332680615854999,,2,10,1,9,0.0001690927684247794,80.0,20.0,0.004181199998129159,0.0031578000052832067,0.0002156999835278839,0.07944880001014099,0.46942269999999553,0.06260249999468215,0.01307670000824146,0.010340000008000061,0.015394700021715835,0.013198000000556931,0.0002395999908912927
0.5,LP3 ($ 	heta $ Only),27,420,0.0,,0,0,0,0,0.0,0.0,100.0,0.0011494999926071614,0.005783300002804026,0.00012299997615627944,0.074938799982192,0.1264855999907013,0.052332699997350574,0.01236679998692125,0.00944069999968633,0.013627999986056238,0.011315799987642094,0.0002418000076431781
0.5,LP3 ($ 	heta $ Only),28,448,0.0007951746498229951,,0,2,0,2,6.171254589985941e-05,50.0,50.0,0.0011624000035226345,0.0034088999964296818,8.840000373311341e-05,0.09730769999441691,0.11487140000099316,0.06805060000624508,0.008718600001884624,0.012922099995194003,0.014169800007948652,0.011999799986369908,0.0012317000073380768
0.5,LP3 ($ 	heta $ Only),29,477,0.00158564665674594,,1,5,1,4,0.00012846283983094527,90.0,10.0,0.0011696000001393259,0.0029461999947670847,0.00021739999647252262,0.1508806000056211,0.12171879998641089,0.046572199993534014,0.011193300015293062,0.010003000003052875,0.011524200002895668,0.008901100023649633,0.00023819998023100197
0.5,LP3 ($ 	heta $ Only),30,507,0.001583960933208251,,1,4,0,4,0.00013586332733135731,90.0,10.0,0.005432600009953603,0.0024689999991096556,0.00020589999621734023,0.12062649999279529,0.1370867000077851,0.05228149998583831,0.010393999982625246,0.011440400005085394,0.01177429998642765,0.008945099980337545,0.00033170002279803157
0.5,LP3 ($ 	heta $ Only),31,538,0.0008504522610336568,,6,5,1,4,6.476315655654517e-05,60.0,40.0,0.005127199983689934,0.004511000006459653,0.00030700000934302807,0.08692849997896701,0.12450879998505116,0.04589870001655072,0.007581100013339892,0.009950699983164668,0.008583799994084984,0.008842400013236329,0.00021740002557635307
0.5,LP3 ($ 	heta $ Only),32,570,0.0006364590938238944,,4,1,0,1,5.785991762035404e-05,30.0,70.0,0.004069599992362782,0.0033007000165525824,0.00028199999360367656,0.0667851000034716,0.11184090000460856,0.05933069999446161,0.008354299992788583,0.012709800008451566,0.012276800000108778,0.01011060000746511,0.0007389999809674919
0.5,LP3 ($ 	heta $ Only),33,603,0.0008997227397982583,,2,3,1,2,7.693013945020674e-05,60.0,40.0,0.003207400004612282,0.004213600012008101,0.00030949999927543104,0.08110260000103153,0.10772719999658875,0.06210139999166131,0.011221100023249164,0.0248213000013493,0.02041359999566339,0.02763629998662509,0.0007503999804612249
0.5,LP3 ($ 	heta $ Only),34,637,0.0008532866760383387,,0,3,0,3,6.49013199747213e-05,40.0,60.0,0.0012589999823831022,0.0034660999954212457,6.369999027810991e-05,0.2821956999832764,0.13391859998228028,0.03983890000381507,0.010408500005723909,0.012548699975013733,0.008974500000476837,0.01017260001390241,0.00024580000899732113
0.5,LP3 ($ 	heta $ Only),35,672,0.0014817394795127532,,0,7,3,4,0.00012989163932306178,90.0,10.0,0.0018542000034358352,0.0030826999864075333,8.749999688006938e-05,0.08064339999691583,0.13596200000029057,0.055834799975855276,0.013283899985253811,0.014640700013842434,0.012614700011909008,0.009674999979324639,0.0002443999983370304
0.5,LP3 ($ 	heta $ Only),36,708,0.0029013384900461467,,2,14,9,5,0.00018928899213710695,90.0,10.0,0.00378850000561215,0.003215499978978187,0.000205100019229576,0.07088679997832514,0.10717780000413768,0.040685699990717694,0.012540600000647828,0.010723500017775223,0.008302000002004206,0.010387199989054352,0.00023629999486729503
0.5,LP3 ($ 	heta $ Only),37,745,0.002005357458284673,,0,8,1,7,0.0001488700811368407,90.0,10.0,0.0011264000204391778,0.0023203000018838793,5.639999289996922e-05,0.08563330001197755,0.30452050000894815,0.049372299981769174,0.009880500001600012,0.008818900008918718,0.01207950001116842,0.011340600001858547,0.00027609997778199613
0.5,LP3 ($ 	heta $ Only),38,783,0.0,,3,0,0,0,0.0,0.0,100.0,0.0011593000090215355,0.0032196000101976097,0.0003064999764319509,0.061874000006355345,0.11561159999109805,0.04346310000983067,0.01714059998630546,0.014407500013476238,0.016241800010902807,0.013673899986315519,0.00042050000047311187
0.5,LP3 ($ 	heta $ Only),39,822,0.0017734025472298778,,0,7,0,7,0.00015683080415542527,90.0,10.0,0.0011217000137548894,0.002595199999632314,5.669999518431723e-05,0.09117620001779869,0.11596080000163056,0.06355379999149591,0.009233999997377396,0.014696400001412258,0.01257150000310503,0.012016799999400973,0.0004891999997198582
0.5,LP3 ($ 	heta $ Only),40,862,0.0,,0,0,0,0,0.0,0.0,100.0,0.0018657000036910176,0.002456299989717081,5.740000051446259e-05,0.082835300010629,0.12377149998792447,0.06692529999418184,0.01965970001765527,0.019226000003982335,0.01937039999756962,0.014037200016900897,0.0002442999975755811
0.5,LP3 ($ 	heta $ Only),41,903,0.0018025173016188373,,5,7,1,6,0.00013030716146210968,90.0,10.0,0.0028947000100743026,0.005141300003742799,0.0006051000091247261,0.09506339998915792,0.11771329998737201,0.0637470000074245,0.00893689997610636,0.011638299998594448,0.013371200009714812,0.008145299972966313,0.00028229999588802457
0.5,LP3 ($ 	heta $ Only),42,945,0.0,,5,0,0,0,7.460698725481052e-14,10.0,90.0,0.001336000015726313,0.0039015999936964363,0.00021810000180266798,0.09855370002333075,0.1140218999935314,0.04316519998246804,0.007348000013735145,0.009720300004119053,0.009145499992882833,0.022536999982548878,0.0007952000014483929
0.5,LP3 ($ 	heta $ Only),43,988,0.0,,5,0,0,0,0.0,0.0,100.0,0.003023599972948432,0.014560199982952327,0.0017643999890424311,0.13944729999639094,0.16551170000457205,0.05244989998755045,0.008835299988277256,0.021897300001000986,0.013440899987472221,0.011321400001179427,0.0004047999973408878
0.5,LP3 ($ 	heta $ Only),44,1032,0.0006986389176409395,,4,2,1,1,6.83983313098931e-05,60.0,40.0,0.00112599998828955,0.006082699983380735,0.00024359999224543571,0.08362419999320991,0.19636719999834895,0.04700999998021871,0.02067860000533983,0.010105499997735023,0.01308249999419786,0.010926599992671981,0.00023450001026503742
0.5,LP3 ($ 	heta $ Only),45,1077,0.0,,2,0,0,0,0.0,0.0,100.0,0.0012666000111494213,0.002677699987543747,0.00022039999021217227,0.07356599997729063,0.11385110000264831,0.04403930000262335,0.010030799981905147,0.013336899981368333,0.016802499972982332,0.014709900016896427,0.00042810000013560057
0.5,LP3 ($ 	heta $ Only),46,1123,0.001560718818848647,,5,6,0,6,8.962235024261318e-05,80.0,20.0,0.0011723999923560768,0.005373299994971603,0.00030139999580569565,0.06899950001388788,0.12972319999244064,0.043017799995141104,0.010552899999311194,0.00829860000521876,0.010724699997808784,0.011112900014268234,0.00040430002263747156
0.5,LP3 ($ 	heta $ Only),47,1170,0.0,,1,0,0,0,0.0,0.0,100.0,0.0011332999856676906,0.002366400003666058,0.00019290001364424825,0.08707609999692068,0.13237020000815392,0.04836420001811348,0.012910200020996854,0.012998299993341789,0.008136399992508814,0.011340600001858547,0.00023830001009628177
0.5,LP3 ($ 	heta $ Only),48,1218,0.0010583792948507796,,3,4,0,4,0.00012467693725715602,90.0,10.0,0.004219299997203052,0.004565000010188669,0.00031060000765137374,0.07439560000784695,0.13526010001078248,0.051525100017897785,0.013729500002227724,0.01327359999413602,0.010122999985469505,0.011698599992087111,0.00029180001001805067
0.5,LP3 ($ 	heta $ Only),49,1267,0.0017785065025216398,,4,7,0,7,0.00011245863400426918,80.0,20.0,0.001406499999575317,0.0029187999898567796,0.0002300999767612666,0.07026800001040101,0.198835399991367,0.040005600021686405,0.009696100023575127,0.009556599979987368,0.013607600005343556,0.008053999976255,0.0002652999828569591
0.5,Weighted LP3 ($ 	heta $ Only),0,42,0.0012273827669959604,,4,5,0,5,0.00018498895266393466,90.0,10.0,0.0019342000014148653,0.003978399996412918,0.0004059000057168305,0.08063330000732094,0.13309039999148808,0.05432110000401735,0.011904399987543002,0.00961409998126328,0.010363300010794774,0.013963200006401166,0.00022449999232776463
0.5,Weighted LP3 ($ 	heta $ Only),1,43,0.0,,3,0,0,0,0.0,0.0,100.0,0.0012973000120837241,0.002555299986852333,0.0002280999906361103,0.07870850001927465,0.11869790000491776,0.06423819999326952,0.010287399985827506,0.009016900003189221,0.011207800009287894,0.007689999998547137,0.00022929999977350235
0.5,Weighted LP3 ($ 	heta $ Only),2,45,0.0013132661608896295,,0,5,2,3,0.00013702596653646115,90.0,10.0,0.005909899977268651,0.0024713000166229904,5.780000356025994e-05,0.08086280000861734,0.12501969997538254,0.057033799996133894,0.012095399986719713,0.010539799986872822,0.011225399997783825,0.0102171000035014,0.00024449999909847975
0.5,Weighted LP3 ($ 	heta $ Only),3,48,0.0013147086007916637,,0,6,1,5,0.00013693624151677936,80.0,20.0,0.00397510000038892,0.0023287000076379627,5.840000812895596e-05,0.0627976999967359,0.13473869999870658,0.03693529998417944,0.011375300004146993,0.008418900019023567,0.013399399991612881,0.011946899991016835,0.00025690000620670617
0.5,Weighted LP3 ($ 	heta $ Only),4,52,0.0006955092875378777,,1,2,0,2,9.199503501540011e-05,80.0,20.0,0.0011411999876145273,0.0030866999877616763,0.0002274000144097954,0.11910510002053343,0.11047829999006353,0.04944690002594143,0.008307000010972843,0.009939599985955283,0.009724900010041893,0.009730100020533428,0.00023910001618787646
0.5,Weighted LP3 ($ 	heta $ Only),5,57,0.000658365447631683,,0,3,0,3,8.43948555745257e-05,80.0,20.0,0.003914900007657707,0.0028599999786820263,7.769998046569526e-05,0.0923684999870602,0.13952620001509786,0.05269519999274053,0.009250100003555417,0.012203799997223541,0.01195509999524802,0.009480600012466311,0.0002474999928381294
0.5,Weighted LP3 ($ 	heta $ Only),6,63,0.0,,5,0,0,0,0.0,0.0,100.0,0.005913200002396479,0.0024704999814275652,0.00019890000112354755,0.06640539999352768,0.10333689997787587,0.05473790000542067,0.008918199979234487,0.01199950001318939,0.010525599995162338,0.008635600010165945,0.0004033000150229782
0.5,Weighted LP3 ($ 	heta $ Only),7,70,0.0006153662875823584,,3,3,0,3,5.787458512296945e-05,40.0,60.0,0.001133300014771521,0.005917100002989173,0.0003285999991931021,0.07777020000503398,0.11315130000002682,0.04056360002141446,0.010693200019886717,0.007893600006354973,0.01156549999723211,0.008576799998991191,0.00022839999292045832
0.5,Weighted LP3 ($ 	heta $ Only),8,78,0.0011463108526609967,,0,5,1,4,0.00013603946570770004,80.0,20.0,0.005582499987212941,0.002307299990206957,5.690002581104636e-05,0.1152421000006143,0.13863000000128523,0.07692950000637211,0.009389300015754998,0.013238000014098361,0.012012699997285381,0.009815099998377264,0.0002460999821778387
0.5,Weighted LP3 ($ 	heta $ Only),9,87,0.0007564701611314393,,0,2,0,2,8.331619293266609e-05,70.0,30.0,0.0022806999913882464,0.003452300006756559,8.249998791143298e-05,0.08407230000011623,0.14541140000801533,0.06436200000462122,0.011439599998993799,0.010572600003797561,0.00994160000118427,0.010706600005505607,0.00046049998491071165
0.5,Weighted LP3 ($ 	heta $ Only),10,97,0.00044798689978742907,,2,2,0,2,6.901843944702789e-05,50.0,50.0,0.001611600018804893,0.003475600009551272,0.0003318000235594809,0.1307663999905344,0.1273137999814935,0.05551430000923574,0.011240799998631701,0.013806500006467104,0.008416100026806816,0.01280850000330247,0.00024309998843818903
0.5,Weighted LP3 ($ 	heta $ Only),11,108,0.0002546193765456746,,0,2,0,2,2.2415305340395913e-05,10.0,90.0,0.0011522000131662935,0.002967200009152293,5.940001574344933e-05,0.0807961999962572,0.30955800000810996,0.0874175000062678,0.01143510002293624,0.010884599993005395,0.008702799997990951,0.01368420000653714,0.00024759999359957874
0.5,Weighted LP3 ($ 	heta $ Only),12,120,0.0006074535514640845,,0,3,2,1,5.550701101201623e-05,50.0,50.0,0.0013460000045597553,0.003058200003579259,0.00014330001431517303,0.08124270002008416,0.11470040000858717,0.03902060000109486,0.012382599990814924,0.012161599996034056,0.014224399987142533,0.015098300005774945,0.0005430000019259751
0.5,Weighted LP3 ($ 	heta $ Only),13,133,0.0005230801431501674,,2,2,0,2,5.317302279631675e-05,60.0,40.0,0.0019324000168126076,0.0033094999962486327,0.00030620000325143337,0.08298729997477494,0.12323319999268278,0.07745409998460673,0.00986439999542199,0.011359600001014769,0.00956229999428615,0.011735500011127442,0.00023629999486729503
0.5,Weighted LP3 ($ 	heta $ Only),14,147,0.00048691801754360587,,4,3,1,2,4.016584182240147e-05,30.0,70.0,0.0011522999848239124,0.002715200011152774,0.00031800000579096377,0.09142959999735467,0.12485329998889938,0.05068580000079237,0.00973709998652339,0.011564600019482896,0.013823700021021068,0.016594599990639836,0.0005480000108946115
0.5,Weighted LP3 ($ 	heta $ Only),15,162,0.00035822712918717064,,5,2,0,2,4.672527772006573e-05,40.0,60.0,0.002989300002809614,0.012178299977676943,0.0004681999853346497,0.12423759998637252,0.11265049999929033,0.046605899988207966,0.008940300001995638,0.010276999993948266,0.0075607000035233796,0.008257900015451014,0.00022220000391826034
0.5,Weighted LP3 ($ 	heta $ Only),16,178,0.000665448697213425,,2,4,0,4,6.150968568180597e-05,30.0,70.0,0.0011312999995425344,0.002346399996895343,0.00021749999723397195,0.06682460001320578,0.13449840000248514,0.0468807999859564,0.013865499990060925,0.008421699982136488,0.0116009000048507,0.011687999998684973,0.00043069999082945287
0.5,Weighted LP3 ($ 	heta $ Only),17,195,0.0005841097995629973,,0,3,2,1,4.965309023955949e-05,40.0,60.0,0.0011346999963279814,0.0021582999906968325,5.570001667365432e-05,0.08347389998380095,0.10123860000749119,0.036685300001408905,0.009707899997010827,0.008390600007260218,0.012531699991086498,0.011700800008838996,0.0006701999809592962
0.5,Weighted LP3 ($ 	heta $ Only),18,213,0.001315240280349733,,4,8,1,7,0.00013045845192665454,80.0,20.0,0.002131300017936155,0.005357999994885176,0.00043680000817403197,0.09116159999393858,0.2199615999998059,0.10448060001363046,0.02390740002738312,0.018073300016112626,0.0148707999906037,0.01621739999973215,0.00022599997464567423
0.5,Weighted LP3 ($ 	heta $ Only),19,232,0.0008212570872965562,,3,4,0,4,8.067154023107866e-05,60.0,40.0,0.0011678000155370682,0.002507900004275143,0.00020920002134516835,0.07108989998232573,0.11847809999017045,0.050480600009905174,0.016681900015100837,0.017055500007700175,0.01270479999948293,0.01223370002117008,0.00042460000258870423
0.5,Weighted LP3 ($ 	heta $ Only),20,252,0.0,,1,0,0,0,0.0,0.0,100.0,0.0018174000142607838,0.0038335999997798353,0.00030289997812360525,0.0782584999979008,0.1211098000057973,0.036538699991069734,0.009578199998941272,0.008139300014590845,0.009408399986568838,0.008408800000324845,0.00023980002151802182
0.5,Weighted LP3 ($ 	heta $ Only),21,273,0.0012055959475355611,,2,4,0,4,0.0001533930517742488,70.0,30.0,0.00483150000218302,0.002681499987374991,0.00022069999249652028,0.057826400006888434,0.1527854000160005,0.04832380000152625,0.013550300005590543,0.00850730002275668,0.012220100004924461,0.012229999992996454,0.00042890000622719526
0.5,Weighted LP3 ($ 	heta $ Only),22,295,0.0013228580229390832,,2,7,1,6,0.0001423091286795175,90.0,10.0,0.0011224999907426536,0.0024412000202573836,0.00019789999350905418,0.07485279999673367,0.10654890001751482,0.07737749998341314,0.01747530000284314,0.01772720000008121,0.01616269999067299,0.013060699973721057,0.0009639999771025032
0.5,Weighted LP3 ($ 	heta $ Only),23,318,0.0006674242727012685,,0,2,1,1,4.379775671511454e-05,30.0,70.0,0.0011427999997977167,0.002280599990626797,5.6199991377070546e-05,0.0723565999942366,0.21246810001321137,0.04991050000535324,0.009275399992475286,0.01232089998666197,0.011896499985596165,0.011441799986641854,0.0006372999923769385
0.5,Weighted LP3 ($ 	heta $ Only),24,342,0.00083721398791926,,3,3,0,3,8.912156100687556e-05,70.0,30.0,0.004423600010341033,0.0027824999997392297,0.00020489998860284686,0.06685740000102669,0.12865709999459796,0.04232959999353625,0.00944829999934882,0.011961999989580363,0.011373999994248152,0.009409399994183332,0.0004364999767858535
0.5,Weighted LP3 ($ 	heta $ Only),25,367,0.0,,0,0,0,0,0.0,0.0,100.0,0.0017100000113714486,0.004533999977866188,9.369998588226736e-05,0.07835990001331083,0.12201040002400987,0.04978450000635348,0.01614819999667816,0.009506399976089597,0.008483499987050891,0.009198400017339736,0.0002460000105202198
0.5,Weighted LP3 ($ 	heta $ Only),26,393,0.0016374185797618523,,2,9,0,9,0.00015982512039880724,80.0,20.0,0.004181199998129159,0.0031578000052832067,0.0002156999835278839,0.07944880001014099,0.46942269999999553,0.06260249999468215,0.01307670000824146,0.010340000008000061,0.015394700021715835,0.013198000000556931,0.0002395999908912927
0.5,Weighted LP3 ($ 	heta $ Only),27,420,0.0,,0,0,0,0,0.0,0.0,100.0,0.0011494999926071614,0.005783300002804026,0.00012299997615627944,0.074938799982192,0.1264855999907013,0.052332699997350574,0.01236679998692125,0.00944069999968633,0.013627999986056238,0.011315799987642094,0.0002418000076431781
0.5,Weighted LP3 ($ 	heta $ Only),28,448,0.0005506872818486165,,0,2,0,2,6.171254589985941e-05,50.0,50.0,0.0011624000035226345,0.0034088999964296818,8.840000373311341e-05,0.09730769999441691,0.11487140000099316,0.06805060000624508,0.008718600001884624,0.012922099995194003,0.014169800007948652,0.011999799986369908,0.0012317000073380768
0.5,Weighted LP3 ($ 	heta $ Only),29,477,0.0012001451093402572,,1,5,1,4,0.0001175708612629883,80.0,20.0,0.0011696000001393259,0.0029461999947670847,0.00021739999647252262,0.1508806000056211,0.12171879998641089,0.046572199993534014,0.011193300015293062,0.010003000003052875,0.011524200002895668,0.008901100023649633,0.00023819998023100197
0.5,Weighted LP3 ($ 	heta $ Only),30,507,0.0011549382607500803,,1,3,0,3,0.00013165847221869003,90.0,10.0,0.005432600009953603,0.0024689999991096556,0.00020589999621734023,0.12062649999279529,0.1370867000077851,0.05228149998583831,0.010393999982625246,0.011440400005085394,0.01177429998642765,0.008945099980337545,0.00033170002279803157
0.5,Weighted LP3 ($ 	heta $ Only),31,538,0.0005892603828570408,,6,3,0,3,5.550765273329956e-05,30.0,70.0,0.005127199983689934,0.004511000006459653,0.00030700000934302807,0.08692849997896701,0.12450879998505116,0.04589870001655072,0.007581100013339892,0.009950699983164668,0.008583799994084984,0.008842400013236329,0.00021740002557635307
0.5,Weighted LP3 ($ 	heta $ Only),32,570,0.00044359270175604756,,4,1,0,1,5.785991762035404e-05,30.0,70.0,0.004069599992362782,0.0033007000165525824,0.00028199999360367656,0.0667851000034716,0.11184090000460856,0.05933069999446161,0.008354299992788583,0.012709800008451566,0.012276800000108778,0.01011060000746511,0.0007389999809674919
0.5,Weighted LP3 ($ 	heta $ Only),33,603,0.0007196364282290782,,2,3,1,2,7.693013945020674e-05,60.0,40.0,0.003207400004612282,0.004213600012008101,0.00030949999927543104,0.08110260000103153,0.10772719999658875,0.06210139999166131,0.011221100023249164,0.0248213000013493,0.02041359999566339,0.02763629998662509,0.0007503999804612249
0.5,Weighted LP3 ($ 	heta $ Only),34,637,0.0005904915573504662,,0,3,0,3,6.49013199747213e-05,40.0,60.0,0.0012589999823831022,0.0034660999954212457,6.369999027810991e-05,0.2821956999832764,0.13391859998228028,0.03983890000381507,0.010408500005723909,0.012548699975013733,0.008974500000476837,0.01017260001390241,0.00024580000899732113
0.5,Weighted LP3 ($ 	heta $ Only),35,672,0.0012017065533337949,,0,7,3,4,0.00012595965036820092,90.0,10.0,0.0018542000034358352,0.0030826999864075333,8.749999688006938e-05,0.08064339999691583,0.13596200000029057,0.055834799975855276,0.013283899985253811,0.014640700013842434,0.012614700011909008,0.009674999979324639,0.0002443999983370304
0.5,Weighted LP3 ($ 	heta $ Only),36,708,0.0024882626354651837,,2,15,8,7,0.00018710107538329773,90.0,10.0,0.00378850000561215,0.003215499978978187,0.000205100019229576,0.07088679997832514,0.10717780000413768,0.040685699990717694,0.012540600000647828,0.010723500017775223,0.008302000002004206,0.010387199989054352,0.00023629999486729503
0.5,Weighted LP3 ($ 	heta $ Only),37,745,0.001480995850780496,,0,9,2,7,0.00014125958109735304,70.0,30.0,0.0011264000204391778,0.0023203000018838793,5.639999289996922e-05,0.08563330001197755,0.30452050000894815,0.049372299981769174,0.009880500001600012,0.008818900008918718,0.01207950001116842,0.011340600001858547,0.00027609997778199613
0.5,Weighted LP3 ($ 	heta $ Only),38,783,0.0,,3,0,0,0,0.0,0.0,100.0,0.0011593000090215355,0.0032196000101976097,0.0003064999764319509,0.061874000006355345,0.11561159999109805,0.04346310000983067,0.01714059998630546,0.014407500013476238,0.016241800010902807,0.013673899986315519,0.00042050000047311187
0.5,Weighted LP3 ($ 	heta $ Only),39,822,0.0012501250696637916,,0,7,0,7,0.00014505118514161866,90.0,10.0,0.0011217000137548894,0.002595199999632314,5.669999518431723e-05,0.09117620001779869,0.11596080000163056,0.06355379999149591,0.009233999997377396,0.014696400001412258,0.01257150000310503,0.012016799999400973,0.0004891999997198582
0.5,Weighted LP3 ($ 	heta $ Only),40,862,0.0,,0,0,0,0,0.0,0.0,100.0,0.0018657000036910176,0.002456299989717081,5.740000051446259e-05,0.082835300010629,0.12377149998792447,0.06692529999418184,0.01965970001765527,0.019226000003982335,0.01937039999756962,0.014037200016900897,0.0002442999975755811
0.5,Weighted LP3 ($ 	heta $ Only),41,903,0.0013861461957278476,,5,7,1,6,0.0001347091628579743,90.0,10.0,0.0028947000100743026,0.005141300003742799,0.0006051000091247261,0.09506339998915792,0.11771329998737201,0.0637470000074245,0.00893689997610636,0.011638299998594448,0.013371200009714812,0.008145299972966313,0.00028229999588802457
0.5,Weighted LP3 ($ 	heta $ Only),42,945,0.0,,5,0,0,0,7.460698725481052e-14,10.0,90.0,0.001336000015726313,0.0039015999936964363,0.00021810000180266798,0.09855370002333075,0.1140218999935314,0.04316519998246804,0.007348000013735145,0.009720300004119053,0.009145499992882833,0.022536999982548878,0.0007952000014483929
0.5,Weighted LP3 ($ 	heta $ Only),43,988,0.0,,5,0,0,0,0.0,0.0,100.0,0.003023599972948432,0.014560199982952327,0.0017643999890424311,0.13944729999639094,0.16551170000457205,0.05244989998755045,0.008835299988277256,0.021897300001000986,0.013440899987472221,0.011321400001179427,0.0004047999973408878
0.5,Weighted LP3 ($ 	heta $ Only),44,1032,0.0006197934762287485,,4,4,1,3,6.548731922080171e-05,70.0,30.0,0.00112599998828955,0.006082699983380735,0.00024359999224543571,0.08362419999320991,0.19636719999834895,0.04700999998021871,0.02067860000533983,0.010105499997735023,0.01308249999419786,0.010926599992671981,0.00023450001026503742
0.5,Weighted LP3 ($ 	heta $ Only),45,1077,0.0,,2,0,0,0,0.0,0.0,100.0,0.0012666000111494213,0.002677699987543747,0.00022039999021217227,0.07356599997729063,0.11385110000264831,0.04403930000262335,0.010030799981905147,0.013336899981368333,0.016802499972982332,0.014709900016896427,0.00042810000013560057
0.5,Weighted LP3 ($ 	heta $ Only),46,1123,0.0010703533293133023,,5,6,0,6,8.962235024261318e-05,80.0,20.0,0.0011723999923560768,0.005373299994971603,0.00030139999580569565,0.06899950001388788,0.12972319999244064,0.043017799995141104,0.010552899999311194,0.00829860000521876,0.010724699997808784,0.011112900014268234,0.00040430002263747156
0.5,Weighted LP3 ($ 	heta $ Only),47,1170,0.0,,1,0,0,0,0.0,0.0,100.0,0.0011332999856676906,0.002366400003666058,0.00019290001364424825,0.08707609999692068,0.13237020000815392,0.04836420001811348,0.012910200020996854,0.012998299993341789,0.008136399992508814,0.011340600001858547,0.00023830001009628177
0.5,Weighted LP3 ($ 	heta $ Only),48,1218,0.0007471451756529047,,3,4,0,4,0.00012467693725715602,90.0,10.0,0.004219299997203052,0.004565000010188669,0.00031060000765137374,0.07439560000784695,0.13526010001078248,0.051525100017897785,0.013729500002227724,0.01327359999413602,0.010122999985469505,0.011698599992087111,0.00029180001001805067
0.5,Weighted LP3 ($ 	heta $ Only),49,1267,0.0012496001994064894,,4,8,0,8,0.00011468529328351545,70.0,30.0,0.001406499999575317,0.0029187999898567796,0.0002300999767612666,0.07026800001040101,0.198835399991367,0.040005600021686405,0.009696100023575127,0.009556599979987368,0.013607600005343556,0.008053999976255,0.0002652999828569591
0.5,Borda LP3 ($ 	heta $ Only),0,42,0.0015367794639939171,,4,4,0,4,0.00017767925542767728,80.0,20.0,0.0019342000014148653,0.003978399996412918,0.0004059000057168305,0.08063330000732094,0.13309039999148808,0.05432110000401735,0.011904399987543002,0.00961409998126328,0.010363300010794774,0.013963200006401166,0.00022449999232776463
0.5,Borda LP3 ($ 	heta $ Only),1,43,0.0,,3,0,0,0,0.0,0.0,100.0,0.0012973000120837241,0.002555299986852333,0.0002280999906361103,0.07870850001927465,0.11869790000491776,0.06423819999326952,0.010287399985827506,0.009016900003189221,0.011207800009287894,0.007689999998547137,0.00022929999977350235
0.5,Borda LP3 ($ 	heta $ Only),2,45,0.0015398525397230189,,0,7,3,4,0.00014065841117822016,90.0,10.0,0.005909899977268651,0.0024713000166229904,5.780000356025994e-05,0.08086280000861734,0.12501969997538254,0.057033799996133894,0.012095399986719713,0.010539799986872822,0.011225399997783825,0.0102171000035014,0.00024449999909847975
0.5,Borda LP3 ($ 	heta $ Only),3,48,0.001081703901465652,,0,8,2,6,0.00012905134123310984,80.0,20.0,0.00397510000038892,0.0023287000076379627,5.840000812895596e-05,0.0627976999967359,0.13473869999870658,0.03693529998417944,0.011375300004146993,0.008418900019023567,0.013399399991612881,0.011946899991016835,0.00025690000620670617
0.5,Borda LP3 ($ 	heta $ Only),4,52,0.000204653050630589,,1,1,0,1,0.000204653050630589,20.0,80.0,0.0011411999876145273,0.0030866999877616763,0.0002274000144097954,0.11910510002053343,0.11047829999006353,0.04944690002594143,0.008307000010972843,0.009939599985955283,0.009724900010041893,0.009730100020533428,0.00023910001618787646
0.5,Borda LP3 ($ 	heta $ Only),5,57,0.0007144413732953886,,0,2,0,2,8.75613620375111e-05,60.0,40.0,0.003914900007657707,0.0028599999786820263,7.769998046569526e-05,0.0923684999870602,0.13952620001509786,0.05269519999274053,0.009250100003555417,0.012203799997223541,0.01195509999524802,0.009480600012466311,0.0002474999928381294
0.5,Borda LP3 ($ 	heta $ Only),6,63,0.0,,5,0,0,0,0.0,0.0,100.0,0.005913200002396479,0.0024704999814275652,0.00019890000112354755,0.06640539999352768,0.10333689997787587,0.05473790000542067,0.008918199979234487,0.01199950001318939,0.010525599995162338,0.008635600010165945,0.0004033000150229782
0.5,Borda LP3 ($ 	heta $ Only),7,70,0.0008941121388120531,,3,3,0,3,5.787458512296945e-05,40.0,60.0,0.001133300014771521,0.005917100002989173,0.0003285999991931021,0.07777020000503398,0.11315130000002682,0.04056360002141446,0.010693200019886717,0.007893600006354973,0.01156549999723211,0.008576799998991191,0.00022839999292045832
0.5,Borda LP3 ($ 	heta $ Only),8,78,0.0015259834703544905,,0,5,1,4,0.00013603946570770004,80.0,20.0,0.005582499987212941,0.002307299990206957,5.690002581104636e-05,0.1152421000006143,0.13863000000128523,0.07692950000637211,0.009389300015754998,0.013238000014098361,0.012012699997285381,0.009815099998377264,0.0002460999821778387
0.5,Borda LP3 ($ 	heta $ Only),9,87,0.001043047145230826,,0,2,0,2,8.331619293266609e-05,80.0,20.0,0.0022806999913882464,0.003452300006756559,8.249998791143298e-05,0.08407230000011623,0.14541140000801533,0.06436200000462122,0.011439599998993799,0.010572600003797561,0.00994160000118427,0.010706600005505607,0.00046049998491071165
0.5,Borda LP3 ($ 	heta $ Only),10,97,0.000531718574498224,,2,2,0,2,6.678827469349443e-05,70.0,30.0,0.001611600018804893,0.003475600009551272,0.0003318000235594809,0.1307663999905344,0.1273137999814935,0.05551430000923574,0.011240799998631701,0.013806500006467104,0.008416100026806816,0.01280850000330247,0.00024309998843818903
0.5,Borda LP3 ($ 	heta $ Only),11,108,0.00031969829737350726,,0,2,0,2,4.724529976122791e-05,30.0,70.0,0.0011522000131662935,0.002967200009152293,5.940001574344933e-05,0.0807961999962572,0.30955800000810996,0.0874175000062678,0.01143510002293624,0.010884599993005395,0.008702799997990951,0.01368420000653714,0.00024759999359957874
0.5,Borda LP3 ($ 	heta $ Only),12,120,0.00011166889163655573,,0,2,0,2,0.00011166889163655573,20.0,80.0,0.0013460000045597553,0.003058200003579259,0.00014330001431517303,0.08124270002008416,0.11470040000858717,0.03902060000109486,0.012382599990814924,0.012161599996034056,0.014224399987142533,0.015098300005774945,0.0005430000019259751
0.5,Borda LP3 ($ 	heta $ Only),13,133,0.0007580337033270929,,2,2,0,2,5.3173022796316755e-05,60.0,40.0,0.0019324000168126076,0.0033094999962486327,0.00030620000325143337,0.08298729997477494,0.12323319999268278,0.07745409998460673,0.00986439999542199,0.011359600001014769,0.00956229999428615,0.011735500011127442,0.00023629999486729503
0.5,Borda LP3 ($ 	heta $ Only),14,147,0.0005492231828688484,,4,1,1,0,4.99293802608044e-05,40.0,60.0,0.0011522999848239124,0.002715200011152774,0.00031800000579096377,0.09142959999735467,0.12485329998889938,0.05068580000079237,0.00973709998652339,0.011564600019482896,0.013823700021021068,0.016594599990639836,0.0005480000108946115
0.5,Borda LP3 ($ 	heta $ Only),15,162,0.000513978054920723,,5,2,0,2,4.672527772006573e-05,40.0,60.0,0.002989300002809614,0.012178299977676943,0.0004681999853346497,0.12423759998637252,0.11265049999929033,0.046605899988207966,0.008940300001995638,0.010276999993948266,0.0075607000035233796,0.008257900015451014,0.00022220000391826034
0.5,Borda LP3 ($ 	heta $ Only),16,178,0.0005832384019127563,,2,4,0,4,5.883938148852398e-05,30.0,70.0,0.0011312999995425344,0.002346399996895343,0.00021749999723397195,0.06682460001320578,0.13449840000248514,0.0468807999859564,0.013865499990060925,0.008421699982136488,0.0116009000048507,0.011687999998684973,0.00043069999082945287
0.5,Borda LP3 ($ 	heta $ Only),17,195,0.0006090335522919224,,0,2,2,0,5.1100872078700536e-05,30.0,70.0,0.0011346999963279814,0.0021582999906968325,5.570001667365432e-05,0.08347389998380095,0.10123860000749119,0.036685300001408905,0.009707899997010827,0.008390600007260218,0.012531699991086498,0.011700800008838996,0.0006701999809592962
0.5,Borda LP3 ($ 	heta $ Only),18,213,0.0015501916446261543,,4,7,0,7,0.00013045845192665454,80.0,20.0,0.002131300017936155,0.005357999994885176,0.00043680000817403197,0.09116159999393858,0.2199615999998059,0.10448060001363046,0.02390740002738312,0.018073300016112626,0.0148707999906037,0.01621739999973215,0.00022599997464567423
0.5,Borda LP3 ($ 	heta $ Only),19,232,0.0007971713240322691,,3,4,0,4,9.065193854838812e-05,50.0,50.0,0.0011678000155370682,0.002507900004275143,0.00020920002134516835,0.07108989998232573,0.11847809999017045,0.050480600009905174,0.016681900015100837,0.017055500007700175,0.01270479999948293,0.01223370002117008,0.00042460000258870423
0.5,Borda LP3 ($ 	heta $ Only),20,252,0.0,,1,0,0,0,0.0,0.0,100.0,0.0018174000142607838,0.0038335999997798353,0.00030289997812360525,0.0782584999979008,0.1211098000057973,0.036538699991069734,0.009578199998941272,0.008139300014590845,0.009408399986568838,0.008408800000324845,0.00023980002151802182
0.5,Borda LP3 ($ 	heta $ Only),21,273,0.0014909579529277558,,2,4,0,4,0.00015510214034323745,80.0,20.0,0.00483150000218302,0.002681499987374991,0.00022069999249652028,0.057826400006888434,0.1527854000160005,0.04832380000152625,0.013550300005590543,0.00850730002275668,0.012220100004924461,0.012229999992996454,0.00042890000622719526
0.5,Borda LP3 ($ 	heta $ Only),22,295,0.0009401884235495319,,2,6,1,5,0.00013900964109903434,90.0,10.0,0.0011224999907426536,0.0024412000202573836,0.00019789999350905418,0.07485279999673367,0.10654890001751482,0.07737749998341314,0.01747530000284314,0.01772720000008121,0.01616269999067299,0.013060699973721057,0.0009639999771025032
0.5,Borda LP3 ($ 	heta $ Only),23,318,0.0008348182200193189,,0,2,1,1,4.433046976545699e-05,40.0,60.0,0.0011427999997977167,0.002280599990626797,5.6199991377070546e-05,0.0723565999942366,0.21246810001321137,0.04991050000535324,0.009275399992475286,0.01232089998666197,0.011896499985596165,0.011441799986641854,0.0006372999923769385
0.5,Borda LP3 ($ 	heta $ Only),24,342,0.0011955643447063235,,3,6,1,5,9.480652729593187e-05,80.0,20.0,0.004423600010341033,0.0027824999997392297,0.00020489998860284686,0.06685740000102669,0.12865709999459796,0.04232959999353625,0.00944829999934882,0.011961999989580363,0.011373999994248152,0.009409399994183332,0.0004364999767858535
0.5,Borda LP3 ($ 	heta $ Only),25,367,0.0,,0,0,0,0,0.0,0.0,100.0,0.0017100000113714486,0.004533999977866188,9.369998588226736e-05,0.07835990001331083,0.12201040002400987,0.04978450000635348,0.01614819999667816,0.009506399976089597,0.008483499987050891,0.009198400017339736,0.0002460000105202198
0.5,Borda LP3 ($ 	heta $ Only),26,393,0.002332680615854999,,2,10,1,9,0.0001690927684247794,80.0,20.0,0.004181199998129159,0.0031578000052832067,0.0002156999835278839,0.07944880001014099,0.46942269999999553,0.06260249999468215,0.01307670000824146,0.010340000008000061,0.015394700021715835,0.013198000000556931,0.0002395999908912927
0.5,Borda LP3 ($ 	heta $ Only),27,420,0.0,,0,0,0,0,0.0,0.0,100.0,0.0011494999926071614,0.005783300002804026,0.00012299997615627944,0.074938799982192,0.1264855999907013,0.052332699997350574,0.01236679998692125,0.00944069999968633,0.013627999986056238,0.011315799987642094,0.0002418000076431781
0.5,Borda LP3 ($ 	heta $ Only),28,448,0.0007951746498229951,,0,2,0,2,6.171254589985941e-05,50.0,50.0,0.0011624000035226345,0.0034088999964296818,8.840000373311341e-05,0.09730769999441691,0.11487140000099316,0.06805060000624508,0.008718600001884624,0.012922099995194003,0.014169800007948652,0.011999799986369908,0.0012317000073380768
0.5,Borda LP3 ($ 	heta $ Only),29,477,0.0015856466567459398,,1,4,1,3,0.00012846283983094527,90.0,10.0,0.0011696000001393259,0.0029461999947670847,0.00021739999647252262,0.1508806000056211,0.12171879998641089,0.046572199993534014,0.011193300015293062,0.010003000003052875,0.011524200002895668,0.008901100023649633,0.00023819998023100197
0.5,Borda LP3 ($ 	heta $ Only),30,507,0.001185587160688016,,1,4,0,4,0.00014248443543301323,90.0,10.0,0.005432600009953603,0.0024689999991096556,0.00020589999621734023,0.12062649999279529,0.1370867000077851,0.05228149998583831,0.010393999982625246,0.011440400005085394,0.01177429998642765,0.008945099980337545,0.00033170002279803157
0.5,Borda LP3 ($ 	heta $ Only),31,538,0.0005694148019219176,,6,3,0,3,5.55076527332996e-05,30.0,70.0,0.005127199983689934,0.004511000006459653,0.00030700000934302807,0.08692849997896701,0.12450879998505116,0.04589870001655072,0.007581100013339892,0.009950699983164668,0.008583799994084984,0.008842400013236329,0.00021740002557635307
0.5,Borda LP3 ($ 	heta $ Only),32,570,0.0005171495967441986,,4,2,0,2,6.786053026872305e-05,60.0,40.0,0.004069599992362782,0.0033007000165525824,0.00028199999360367656,0.0667851000034716,0.11184090000460856,0.05933069999446161,0.008354299992788583,0.012709800008451566,0.012276800000108778,0.01011060000746511,0.0007389999809674919
0.5,Borda LP3 ($ 	heta $ Only),33,603,0.0008997227397982583,,2,3,1,2,7.693013945020674e-05,60.0,40.0,0.003207400004612282,0.004213600012008101,0.00030949999927543104,0.08110260000103153,0.10772719999658875,0.06210139999166131,0.011221100023249164,0.0248213000013493,0.02041359999566339,0.02763629998662509,0.0007503999804612249
0.5,Borda LP3 ($ 	heta $ Only),34,637,0.0004703102717007131,,0,2,0,2,6.093729742733759e-05,20.0,80.0,0.0012589999823831022,0.0034660999954212457,6.369999027810991e-05,0.2821956999832764,0.13391859998228028,0.03983890000381507,0.010408500005723909,0.012548699975013733,0.008974500000476837,0.01017260001390241,0.00024580000899732113
0.5,Borda LP3 ($ 	heta $ Only),35,672,0.0014817394795127532,,0,7,3,4,0.00012989163932306178,90.0,10.0,0.0018542000034358352,0.0030826999864075333,8.749999688006938e-05,0.08064339999691583,0.13596200000029057,0.055834799975855276,0.013283899985253811,0.014640700013842434,0.012614700011909008,0.009674999979324639,0.0002443999983370304
0.5,Borda LP3 ($ 	heta $ Only),36,708,0.0027305879517887507,,2,13,8,5,0.0001885036345653686,90.0,10.0,0.00378850000561215,0.003215499978978187,0.000205100019229576,0.07088679997832514,0.10717780000413768,0.040685699990717694,0.012540600000647828,0.010723500017775223,0.008302000002004206,0.010387199989054352,0.00023629999486729503
0.5,Borda LP3 ($ 	heta $ Only),37,745,0.001760096852779257,,0,7,1,6,0.0001234372839075776,70.0,30.0,0.0011264000204391778,0.0023203000018838793,5.639999289996922e-05,0.08563330001197755,0.30452050000894815,0.049372299981769174,0.009880500001600012,0.008818900008918718,0.01207950001116842,0.011340600001858547,0.00027609997778199613
0.5,Borda LP3 ($ 	heta $ Only),38,783,0.0,,3,0,0,0,0.0,0.0,100.0,0.0011593000090215355,0.0032196000101976097,0.0003064999764319509,0.061874000006355345,0.11561159999109805,0.04346310000983067,0.01714059998630546,0.014407500013476238,0.016241800010902807,0.013673899986315519,0.00042050000047311187
0.5,Borda LP3 ($ 	heta $ Only),39,822,0.0015111473823827659,,0,8,0,8,0.0001586465847927597,90.0,10.0,0.0011217000137548894,0.002595199999632314,5.669999518431723e-05,0.09117620001779869,0.11596080000163056,0.06355379999149591,0.009233999997377396,0.014696400001412258,0.01257150000310503,0.012016799999400973,0.0004891999997198582
0.5,Borda LP3 ($ 	heta $ Only),40,862,0.0,,0,0,0,0,0.0,0.0,100.0,0.0018657000036910176,0.002456299989717081,5.740000051446259e-05,0.082835300010629,0.12377149998792447,0.06692529999418184,0.01965970001765527,0.019226000003982335,0.01937039999756962,0.014037200016900897,0.0002442999975755811
0.5,Borda LP3 ($ 	heta $ Only),41,903,0.001734002854805335,,5,8,1,7,0.00012753613555685413,90.0,10.0,0.0028947000100743026,0.005141300003742799,0.0006051000091247261,0.09506339998915792,0.11771329998737201,0.0637470000074245,0.00893689997610636,0.011638299998594448,0.013371200009714812,0.008145299972966313,0.00028229999588802457
0.5,Borda LP3 ($ 	heta $ Only),42,945,0.0,,5,0,0,0,0.0,0.0,100.0,0.001336000015726313,0.0039015999936964363,0.00021810000180266798,0.09855370002333075,0.1140218999935314,0.04316519998246804,0.007348000013735145,0.009720300004119053,0.009145499992882833,0.022536999982548878,0.0007952000014483929
0.5,Borda LP3 ($ 	heta $ Only),43,988,0.0,,5,0,0,0,0.0,0.0,100.0,0.003023599972948432,0.014560199982952327,0.0017643999890424311,0.13944729999639094,0.16551170000457205,0.05244989998755045,0.008835299988277256,0.021897300001000986,0.013440899987472221,0.011321400001179427,0.0004047999973408878
0.5,Borda LP3 ($ 	heta $ Only),44,1032,0.0006963011341844723,,4,1,1,0,6.872347982955071e-05,50.0,50.0,0.00112599998828955,0.006082699983380735,0.00024359999224543571,0.08362419999320991,0.19636719999834895,0.04700999998021871,0.02067860000533983,0.010105499997735023,0.01308249999419786,0.010926599992671981,0.00023450001026503742
0.5,Borda LP3 ($ 	heta $ Only),45,1077,0.0,,2,0,0,0,0.0,0.0,100.0,0.0012666000111494213,0.002677699987543747,0.00022039999021217227,0.07356599997729063,0.11385110000264831,0.04403930000262335,0.010030799981905147,0.013336899981368333,0.016802499972982332,0.014709900016896427,0.00042810000013560057
0.5,Borda LP3 ($ 	heta $ Only),46,1123,0.001560718818848647,,5,6,0,6,8.962235024261318e-05,80.0,20.0,0.0011723999923560768,0.005373299994971603,0.00030139999580569565,0.06899950001388788,0.12972319999244064,0.043017799995141104,0.010552899999311194,0.00829860000521876,0.010724699997808784,0.011112900014268234,0.00040430002263747156
0.5,Borda LP3 ($ 	heta $ Only),47,1170,0.0,,1,0,0,0,0.0,0.0,100.0,0.0011332999856676906,0.002366400003666058,0.00019290001364424825,0.08707609999692068,0.13237020000815392,0.04836420001811348,0.012910200020996854,0.012998299993341789,0.008136399992508814,0.011340600001858547,0.00023830001009628177
0.5,Borda LP3 ($ 	heta $ Only),48,1218,0.0005281897846865175,,3,4,0,4,9.347179860786525e-05,40.0,60.0,0.004219299997203052,0.004565000010188669,0.00031060000765137374,0.07439560000784695,0.13526010001078248,0.051525100017897785,0.013729500002227724,0.01327359999413602,0.010122999985469505,0.011698599992087111,0.00029180001001805067
0.5,Borda LP3 ($ 	heta $ Only),49,1267,0.0015374025562687834,,4,7,0,7,0.00010866711633118196,60.0,40.0,0.001406499999575317,0.0029187999898567796,0.0002300999767612666,0.07026800001040101,0.198835399991367,0.040005600021686405,0.009696100023575127,0.009556599979987368,0.013607600005343556,0.008053999976255,0.0002652999828569591
0.5,Linear BTL,0,42,,-73.195368884376,4,12,3,9,,,,0.0019342000014148653,0.003978399996412918,0.0004059000057168305,0.08063330000732094,0.13309039999148808,0.05432110000401735,0.011904399987543002,0.00961409998126328,0.010363300010794774,0.013963200006401166,0.00022449999232776463
0.5,Linear BTL,1,43,,-57.890336808563355,3,3,1,2,,,,0.0012973000120837241,0.002555299986852333,0.0002280999906361103,0.07870850001927465,0.11869790000491776,0.06423819999326952,0.010287399985827506,0.009016900003189221,0.011207800009287894,0.007689999998547137,0.00022929999977350235
0.5,Linear BTL,2,45,,-53.70573087606225,0,7,1,6,,,,0.005909899977268651,0.0024713000166229904,5.780000356025994e-05,0.08086280000861734,0.12501969997538254,0.057033799996133894,0.012095399986719713,0.010539799986872822,0.011225399997783825,0.0102171000035014,0.00024449999909847975
0.5,Linear BTL,3,48,,-59.998564106360526,0,7,1,6,,,,0.00397510000038892,0.0023287000076379627,5.840000812895596e-05,0.0627976999967359,0.13473869999870658,0.03693529998417944,0.011375300004146993,0.008418900019023567,0.013399399991612881,0.011946899991016835,0.00025690000620670617
0.5,Linear BTL,4,52,,-58.47438249271096,1,4,0,4,,,,0.0011411999876145273,0.0030866999877616763,0.0002274000144097954,0.11910510002053343,0.11047829999006353,0.04944690002594143,0.008307000010972843,0.009939599985955283,0.009724900010041893,0.009730100020533428,0.00023910001618787646
0.5,Linear BTL,5,57,,-68.59196727873606,0,4,0,4,,,,0.003914900007657707,0.0028599999786820263,7.769998046569526e-05,0.0923684999870602,0.13952620001509786,0.05269519999274053,0.009250100003555417,0.012203799997223541,0.01195509999524802,0.009480600012466311,0.0002474999928381294
0.5,Linear BTL,6,63,,-77.07355148851784,5,4,0,4,,,,0.005913200002396479,0.0024704999814275652,0.00019890000112354755,0.06640539999352768,0.10333689997787587,0.05473790000542067,0.008918199979234487,0.01199950001318939,0.010525599995162338,0.008635600010165945,0.0004033000150229782
0.5,Linear BTL,7,70,,-58.1030406371988,3,3,0,3,,,,0.001133300014771521,0.005917100002989173,0.0003285999991931021,0.07777020000503398,0.11315130000002682,0.04056360002141446,0.010693200019886717,0.007893600006354973,0.01156549999723211,0.008576799998991191,0.00022839999292045832
0.5,Linear BTL,8,78,,-66.4533206501608,0,5,0,5,,,,0.005582499987212941,0.002307299990206957,5.690002581104636e-05,0.1152421000006143,0.13863000000128523,0.07692950000637211,0.009389300015754998,0.013238000014098361,0.012012699997285381,0.009815099998377264,0.0002460999821778387
0.5,Linear BTL,9,87,,-59.02091422286719,0,8,1,7,,,,0.0022806999913882464,0.003452300006756559,8.249998791143298e-05,0.08407230000011623,0.14541140000801533,0.06436200000462122,0.011439599998993799,0.010572600003797561,0.00994160000118427,0.010706600005505607,0.00046049998491071165
0.5,Linear BTL,10,97,,-68.25104289404622,2,4,0,4,,,,0.001611600018804893,0.003475600009551272,0.0003318000235594809,0.1307663999905344,0.1273137999814935,0.05551430000923574,0.011240799998631701,0.013806500006467104,0.008416100026806816,0.01280850000330247,0.00024309998843818903
0.5,Linear BTL,11,108,,-60.77586847273174,0,3,0,3,,,,0.0011522000131662935,0.002967200009152293,5.940001574344933e-05,0.0807961999962572,0.30955800000810996,0.0874175000062678,0.01143510002293624,0.010884599993005395,0.008702799997990951,0.01368420000653714,0.00024759999359957874
0.5,Linear BTL,12,120,,-52.64586422074548,0,6,2,4,,,,0.0013460000045597553,0.003058200003579259,0.00014330001431517303,0.08124270002008416,0.11470040000858717,0.03902060000109486,0.012382599990814924,0.012161599996034056,0.014224399987142533,0.015098300005774945,0.0005430000019259751
0.5,Linear BTL,13,133,,-66.575636527288,2,5,0,5,,,,0.0019324000168126076,0.0033094999962486327,0.00030620000325143337,0.08298729997477494,0.12323319999268278,0.07745409998460673,0.00986439999542199,0.011359600001014769,0.00956229999428615,0.011735500011127442,0.00023629999486729503
0.5,Linear BTL,14,147,,-82.0876000164695,4,4,0,4,,,,0.0011522999848239124,0.002715200011152774,0.00031800000579096377,0.09142959999735467,0.12485329998889938,0.05068580000079237,0.00973709998652339,0.011564600019482896,0.013823700021021068,0.016594599990639836,0.0005480000108946115
0.5,Linear BTL,15,162,,-74.09148415130143,5,2,0,2,,,,0.002989300002809614,0.012178299977676943,0.0004681999853346497,0.12423759998637252,0.11265049999929033,0.046605899988207966,0.008940300001995638,0.010276999993948266,0.0075607000035233796,0.008257900015451014,0.00022220000391826034
0.5,Linear BTL,16,178,,-61.67637855122075,2,4,0,4,,,,0.0011312999995425344,0.002346399996895343,0.00021749999723397195,0.06682460001320578,0.13449840000248514,0.0468807999859564,0.013865499990060925,0.008421699982136488,0.0116009000048507,0.011687999998684973,0.00043069999082945287
0.5,Linear BTL,17,195,,-53.46762494895605,0,4,2,2,,,,0.0011346999963279814,0.0021582999906968325,5.570001667365432e-05,0.08347389998380095,0.10123860000749119,0.036685300001408905,0.009707899997010827,0.008390600007260218,0.012531699991086498,0.011700800008838996,0.0006701999809592962
0.5,Linear BTL,18,213,,-73.23806292666625,4,9,0,9,,,,0.002131300017936155,0.005357999994885176,0.00043680000817403197,0.09116159999393858,0.2199615999998059,0.10448060001363046,0.02390740002738312,0.018073300016112626,0.0148707999906037,0.01621739999973215,0.00022599997464567423
0.5,Linear BTL,19,232,,-69.32125675330887,3,4,0,4,,,,0.0011678000155370682,0.002507900004275143,0.00020920002134516835,0.07108989998232573,0.11847809999017045,0.050480600009905174,0.016681900015100837,0.017055500007700175,0.01270479999948293,0.01223370002117008,0.00042460000258870423
0.5,Linear BTL,20,252,,-64.58428378734601,1,3,0,3,,,,0.0018174000142607838,0.0038335999997798353,0.00030289997812360525,0.0782584999979008,0.1211098000057973,0.036538699991069734,0.009578199998941272,0.008139300014590845,0.009408399986568838,0.008408800000324845,0.00023980002151802182
0.5,Linear BTL,21,273,,-69.00586224951479,2,6,1,5,,,,0.00483150000218302,0.002681499987374991,0.00022069999249652028,0.057826400006888434,0.1527854000160005,0.04832380000152625,0.013550300005590543,0.00850730002275668,0.012220100004924461,0.012229999992996454,0.00042890000622719526
0.5,Linear BTL,22,295,,-77.67214717548119,2,12,1,11,,,,0.0011224999907426536,0.0024412000202573836,0.00019789999350905418,0.07485279999673367,0.10654890001751482,0.07737749998341314,0.01747530000284314,0.01772720000008121,0.01616269999067299,0.013060699973721057,0.0009639999771025032
0.5,Linear BTL,23,318,,-66.329739488977,0,3,1,2,,,,0.0011427999997977167,0.002280599990626797,5.6199991377070546e-05,0.0723565999942366,0.21246810001321137,0.04991050000535324,0.009275399992475286,0.01232089998666197,0.011896499985596165,0.011441799986641854,0.0006372999923769385
0.5,Linear BTL,24,342,,-66.22405631388699,3,6,1,5,,,,0.004423600010341033,0.0027824999997392297,0.00020489998860284686,0.06685740000102669,0.12865709999459796,0.04232959999353625,0.00944829999934882,0.011961999989580363,0.011373999994248152,0.009409399994183332,0.0004364999767858535
0.5,Linear BTL,25,367,,-50.11877081244465,0,3,0,3,,,,0.0017100000113714486,0.004533999977866188,9.369998588226736e-05,0.07835990001331083,0.12201040002400987,0.04978450000635348,0.01614819999667816,0.009506399976089597,0.008483499987050891,0.009198400017339736,0.0002460000105202198
0.5,Linear BTL,26,393,,-77.52315446282556,2,11,0,11,,,,0.004181199998129159,0.0031578000052832067,0.0002156999835278839,0.07944880001014099,0.46942269999999553,0.06260249999468215,0.01307670000824146,0.010340000008000061,0.015394700021715835,0.013198000000556931,0.0002395999908912927
0.5,Linear BTL,27,420,,-23.68453743431664,0,0,0,0,,,,0.0011494999926071614,0.005783300002804026,0.00012299997615627944,0.074938799982192,0.1264855999907013,0.052332699997350574,0.01236679998692125,0.00944069999968633,0.013627999986056238,0.011315799987642094,0.0002418000076431781
0.5,Linear BTL,28,448,,-51.644794894676835,0,4,0,4,,,,0.0011624000035226345,0.0034088999964296818,8.840000373311341e-05,0.09730769999441691,0.11487140000099316,0.06805060000624508,0.008718600001884624,0.012922099995194003,0.014169800007948652,0.011999799986369908,0.0012317000073380768
0.5,Linear BTL,29,477,,-69.90094474222498,1,5,1,4,,,,0.0011696000001393259,0.0029461999947670847,0.00021739999647252262,0.1508806000056211,0.12171879998641089,0.046572199993534014,0.011193300015293062,0.010003000003052875,0.011524200002895668,0.008901100023649633,0.00023819998023100197
0.5,Linear BTL,30,507,,-60.45410681450834,1,5,1,4,,,,0.005432600009953603,0.0024689999991096556,0.00020589999621734023,0.12062649999279529,0.1370867000077851,0.05228149998583831,0.010393999982625246,0.011440400005085394,0.01177429998642765,0.008945099980337545,0.00033170002279803157
0.5,Linear BTL,31,538,,-70.5897783473666,6,4,0,4,,,,0.005127199983689934,0.004511000006459653,0.00030700000934302807,0.08692849997896701,0.12450879998505116,0.04589870001655072,0.007581100013339892,0.009950699983164668,0.008583799994084984,0.008842400013236329,0.00021740002557635307
0.5,Linear BTL,32,570,,-61.63097754425641,4,1,0,1,,,,0.004069599992362782,0.0033007000165525824,0.00028199999360367656,0.0667851000034716,0.11184090000460856,0.05933069999446161,0.008354299992788583,0.012709800008451566,0.012276800000108778,0.01011060000746511,0.0007389999809674919
0.5,Linear BTL,33,603,,-54.86695685022428,2,6,1,5,,,,0.003207400004612282,0.004213600012008101,0.00030949999927543104,0.08110260000103153,0.10772719999658875,0.06210139999166131,0.011221100023249164,0.0248213000013493,0.02041359999566339,0.02763629998662509,0.0007503999804612249
0.5,Linear BTL,34,637,,-52.87391375325991,0,3,0,3,,,,0.0012589999823831022,0.0034660999954212457,6.369999027810991e-05,0.2821956999832764,0.13391859998228028,0.03983890000381507,0.010408500005723909,0.012548699975013733,0.008974500000476837,0.01017260001390241,0.00024580000899732113
0.5,Linear BTL,35,672,,-58.3934186587215,0,5,2,3,,,,0.0018542000034358352,0.0030826999864075333,8.749999688006938e-05,0.08064339999691583,0.13596200000029057,0.055834799975855276,0.013283899985253811,0.014640700013842434,0.012614700011909008,0.009674999979324639,0.0002443999983370304
0.5,Linear BTL,36,708,,-80.02208156147658,2,13,6,7,,,,0.00378850000561215,0.003215499978978187,0.000205100019229576,0.07088679997832514,0.10717780000413768,0.040685699990717694,0.012540600000647828,0.010723500017775223,0.008302000002004206,0.010387199989054352,0.00023629999486729503
0.5,Linear BTL,37,745,,-62.16611982674584,0,8,1,7,,,,0.0011264000204391778,0.0023203000018838793,5.639999289996922e-05,0.08563330001197755,0.30452050000894815,0.049372299981769174,0.009880500001600012,0.008818900008918718,0.01207950001116842,0.011340600001858547,0.00027609997778199613
0.5,Linear BTL,38,783,,-59.05819540207026,3,4,0,4,,,,0.0011593000090215355,0.0032196000101976097,0.0003064999764319509,0.061874000006355345,0.11561159999109805,0.04346310000983067,0.01714059998630546,0.014407500013476238,0.016241800010902807,0.013673899986315519,0.00042050000047311187
0.5,Linear BTL,39,822,,-59.5047663464374,0,7,0,7,,,,0.0011217000137548894,0.002595199999632314,5.669999518431723e-05,0.09117620001779869,0.11596080000163056,0.06355379999149591,0.009233999997377396,0.014696400001412258,0.01257150000310503,0.012016799999400973,0.0004891999997198582
0.5,Linear BTL,40,862,,-77.28193488508178,0,2,0,2,,,,0.0018657000036910176,0.002456299989717081,5.740000051446259e-05,0.082835300010629,0.12377149998792447,0.06692529999418184,0.01965970001765527,0.019226000003982335,0.01937039999756962,0.014037200016900897,0.0002442999975755811
0.5,Linear BTL,41,903,,-78.52559601531948,5,9,1,8,,,,0.0028947000100743026,0.005141300003742799,0.0006051000091247261,0.09506339998915792,0.11771329998737201,0.0637470000074245,0.00893689997610636,0.011638299998594448,0.013371200009714812,0.008145299972966313,0.00028229999588802457
0.5,Linear BTL,42,945,,-65.21347876348398,5,2,0,2,,,,0.001336000015726313,0.0039015999936964363,0.00021810000180266798,0.09855370002333075,0.1140218999935314,0.04316519998246804,0.007348000013735145,0.009720300004119053,0.009145499992882833,0.022536999982548878,0.0007952000014483929
0.5,Linear BTL,43,988,,-72.13892499833412,5,5,1,4,,,,0.003023599972948432,0.014560199982952327,0.0017643999890424311,0.13944729999639094,0.16551170000457205,0.05244989998755045,0.008835299988277256,0.021897300001000986,0.013440899987472221,0.011321400001179427,0.0004047999973408878
0.5,Linear BTL,44,1032,,-61.21572217516858,4,5,1,4,,,,0.00112599998828955,0.006082699983380735,0.00024359999224543571,0.08362419999320991,0.19636719999834895,0.04700999998021871,0.02067860000533983,0.010105499997735023,0.01308249999419786,0.010926599992671981,0.00023450001026503742
0.5,Linear BTL,45,1077,,-45.14439215405172,2,1,0,1,,,,0.0012666000111494213,0.002677699987543747,0.00022039999021217227,0.07356599997729063,0.11385110000264831,0.04403930000262335,0.010030799981905147,0.013336899981368333,0.016802499972982332,0.014709900016896427,0.00042810000013560057
0.5,Linear BTL,46,1123,,-81.29840693352324,5,9,0,9,,,,0.0011723999923560768,0.005373299994971603,0.00030139999580569565,0.06899950001388788,0.12972319999244064,0.043017799995141104,0.010552899999311194,0.00829860000521876,0.010724699997808784,0.011112900014268234,0.00040430002263747156
0.5,Linear BTL,47,1170,,-61.20991183209203,1,3,0,3,,,,0.0011332999856676906,0.002366400003666058,0.00019290001364424825,0.08707609999692068,0.13237020000815392,0.04836420001811348,0.012910200020996854,0.012998299993341789,0.008136399992508814,0.011340600001858547,0.00023830001009628177
0.5,Linear BTL,48,1218,,-64.3454332427537,3,4,0,4,,,,0.004219299997203052,0.004565000010188669,0.00031060000765137374,0.07439560000784695,0.13526010001078248,0.051525100017897785,0.013729500002227724,0.01327359999413602,0.010122999985469505,0.011698599992087111,0.00029180001001805067
0.5,Linear BTL,49,1267,,-64.42760486230067,4,9,1,8,,,,0.001406499999575317,0.0029187999898567796,0.0002300999767612666,0.07026800001040101,0.198835399991367,0.040005600021686405,0.009696100023575127,0.009556599979987368,0.013607600005343556,0.008053999976255,0.0002652999828569591
0.6,LP2 ($ 	heta $ Only),0,42,3.229963166194728e-05,,4,9,6,3,3.229963166194728e-05,20.0,80.0,0.004735599999548867,0.005297800002153963,0.00042669998947530985,0.08926740000606515,0.11722529999678954,0.038482400006614625,0.007784799992805347,0.008687199995620176,0.007645300007425249,0.008729399996809661,0.000662600010400638
0.6,LP2 ($ 	heta $ Only),1,43,1.840233013625982e-05,,4,3,1,2,1.840233013625982e-05,20.0,80.0,0.0021035000099800527,0.003525200008880347,0.0003080999886151403,0.09316109999781474,0.19200869998894632,0.19821840000804514,0.013249400013592094,0.015484000003198162,0.013984600023832172,0.01311970001552254,0.0009076999849639833
0.6,LP2 ($ 	heta $ Only),2,45,3.2758129473584164e-05,,1,10,5,5,3.2758129473584164e-05,20.0,80.0,0.00644950001151301,0.002392499998677522,0.0002108000044245273,0.06944190000649542,0.13150980000500567,0.051022600004216656,0.008871500001987442,0.014159500016830862,0.013068300002487376,0.008680400002049282,0.0002948000037577003
0.6,LP2 ($ 	heta $ Only),3,48,7.865294612700186e-06,,0,3,0,3,7.865294612700186e-06,20.0,80.0,0.004116900003282353,0.002231899998150766,5.900001269765198e-05,0.09411999999429099,0.1223028999811504,0.04502029999275692,0.010274100000970066,0.008928499999456108,0.009729899989906698,0.009876100026303902,0.00024980001035146415
0.6,LP2 ($ 	heta $ Only),4,52,1.0788014965737627e-05,,3,3,0,3,1.0788014965737627e-05,10.0,90.0,0.004067400004714727,0.0024324999831151217,0.00021810000180266798,0.09134030001587234,0.12251799998921342,0.0650065999943763,0.011773799982620403,0.010974100005114451,0.008608700009062886,0.013359000004129484,0.00023330000112764537
0.6,LP2 ($ 	heta $ Only),5,57,0.0,,7,0,0,0,0.0,0.0,100.0,0.001283499994315207,0.002831799996783957,0.00020470001618377864,0.1491350999858696,0.1370413999829907,0.05722570000216365,0.00872819998767227,0.012832699983846396,0.009981299983337522,0.00812069998937659,0.0002545999886933714
0.6,LP2 ($ 	heta $ Only),6,63,7.091358466576675e-06,,8,6,0,6,7.091358466576676e-06,30.0,70.0,0.0013816000137012452,0.004676700016716495,0.0002060999977402389,0.06932790001155809,0.12251979997381568,0.04910209999070503,0.011667000013403594,0.009613900008844212,0.011441699985880405,0.0072505999996792525,0.000212200015084818
0.6,LP2 ($ 	heta $ Only),7,70,0.0,,5,0,0,0,0.0,0.0,100.0,0.0039607999788131565,0.002362300001550466,0.0002108000044245273,0.06746449999627657,0.13977989999693818,0.04310429998440668,0.00893849998828955,0.010979300015605986,0.013280899991514161,0.007677399989916012,0.00021989998640492558
0.6,LP2 ($ 	heta $ Only),8,78,4.80957073017626e-05,,1,13,6,7,4.80957073017626e-05,30.0,70.0,0.0016719999839551747,0.006634999997913837,0.00028849998489022255,0.0731134999950882,0.13184889999683946,0.04086390000884421,0.013359900010982528,0.01259959998424165,0.014176199998473749,0.014666699978988618,0.0002466000150889158
0.6,LP2 ($ 	heta $ Only),9,87,1.0348776539572516e-05,,0,1,0,1,1.0348776539572516e-05,10.0,90.0,0.001403700007358566,0.003977599990321323,8.329999400302768e-05,0.07006180001189932,0.28228509999462403,0.05533380000269972,0.014564899989636615,0.014501099998597056,0.02452029997948557,0.01318759997957386,0.000309199996991083
0.6,LP2 ($ 	heta $ Only),10,97,3.480921134499176e-05,,0,10,3,7,3.480921134499176e-05,30.0,70.0,0.001153399993199855,0.006293200014624745,9.350001346319914e-05,0.08453049999661744,0.12119469998287968,0.041182100016158074,0.012516500020865351,0.011988200014457107,0.010463699989486486,0.010617199994158,0.00024870000197552145
0.6,LP2 ($ 	heta $ Only),11,108,8.223675324106783e-06,,2,2,0,2,8.223675324106783e-06,20.0,80.0,0.004730899992864579,0.004884599999058992,0.00030339998193085194,0.08604300001752563,0.12473849998787045,0.05751039998722263,0.010797399998409674,0.008910200005630031,0.015131000021938235,0.011163299990585074,0.00023440000950358808
0.6,LP2 ($ 	heta $ Only),12,120,6.931381381796608e-05,,0,11,7,4,6.931381381796608e-05,40.0,60.0,0.001141999993706122,0.002350700000533834,5.6599994422867894e-05,0.06878140001208521,0.12910310001461767,0.05031689998577349,0.009956200025044382,0.011588900000788271,0.010413699987111613,0.023635299992747605,0.00029609998455271125
0.6,LP2 ($ 	heta $ Only),13,133,0.0,,4,0,0,0,0.0,0.0,100.0,0.0013313999806996435,0.006751200009603053,0.0004579999949783087,0.07842260002507828,0.11028659998555668,0.041774600016651675,0.014212700014468282,0.015871600015088916,0.013420000002952293,0.011852199997520074,0.00022780001745559275
0.6,LP2 ($ 	heta $ Only),14,147,5.4709529151103195e-06,,6,2,0,2,5.4709529151103195e-06,10.0,90.0,0.0013631000183522701,0.002446600003167987,0.000205400021513924,0.07200970000121742,0.14787709998199716,0.04189079999923706,0.009003100014524534,0.012300699978368357,0.007625700003700331,0.013113199995132163,0.00021830000332556665
0.6,LP2 ($ 	heta $ Only),15,162,1.8732642883236993e-06,,3,4,0,4,1.8732642883236993e-06,20.0,80.0,0.0011417000205256045,0.0024850000045262277,0.0003189000126440078,0.09223340000608005,0.2028573999996297,0.0423919000022579,0.009414600004674867,0.010828800004674122,0.008493799978168681,0.012921300018206239,0.0002342000079806894
0.6,LP2 ($ 	heta $ Only),16,178,9.853545013028379e-05,,1,10,3,7,9.85354501302838e-05,40.0,60.0,0.0017965000006370246,0.007031099987216294,0.00023020000662654638,0.08147030000691302,0.13740490001509897,0.03800570001476444,0.010426299995742738,0.013969499996164814,0.05024579999735579,0.03351540002040565,0.00293950000195764
0.6,LP2 ($ 	heta $ Only),17,195,1.2035538003193696e-05,,4,4,1,3,1.2035538003193696e-05,10.0,90.0,0.0395213000010699,0.005587199993897229,0.00046949999523349106,0.16733840000233613,0.13235079997684807,0.0514882999996189,0.008594300015829504,0.01244109999970533,0.014236299990443513,0.01270609998027794,0.00022759998682886362
0.6,LP2 ($ 	heta $ Only),18,213,1.9861464872327107e-05,,4,5,1,4,1.9861464872327107e-05,20.0,80.0,0.0013089000131003559,0.003972900012740865,0.0002972999936901033,0.0989250999991782,0.1139664999791421,0.05124989998876117,0.012370399985229596,0.009028400003444403,0.012059100001351908,0.01428870001109317,0.00022639997769147158
0.6,LP2 ($ 	heta $ Only),19,232,2.1730737340090037e-05,,6,5,1,4,2.1730737340090037e-05,30.0,70.0,0.0013380000018514693,0.00265060001402162,0.00021260001813061535,0.07717830000910908,0.10700349998660386,0.04076000000350177,0.011445499985711649,0.007468600000720471,0.01022600001306273,0.009183699992718175,0.0021821999980602413
0.6,LP2 ($ 	heta $ Only),20,252,3.127528684059896e-05,,0,10,2,8,3.127528684059896e-05,40.0,60.0,0.003994700004113838,0.0023910999880172312,5.690002581104636e-05,0.07852849998744205,0.14030440000351518,0.05598649999592453,0.014408199989702553,0.019567300012568012,0.022603800025535747,0.024184799985960126,0.00046209999709390104
0.6,LP2 ($ 	heta $ Only),21,273,1.4933199530121403e-05,,2,5,1,4,1.4933199530121403e-05,20.0,80.0,0.003475100005744025,0.003332399995997548,0.0002269999822601676,0.10596859999350272,0.18816310001420788,0.05652640000334941,0.009125399985350668,0.012251700012711808,0.011118900001747534,0.008075199992163107,0.00023430000874213874
0.6,LP2 ($ 	heta $ Only),22,295,1.3764609856950156e-05,,5,5,0,5,1.3764609856950156e-05,30.0,70.0,0.001140100008342415,0.003491000010399148,0.00021150000975467265,0.07530979998409748,0.12253309998777695,0.054645099997287616,0.01691229999414645,0.01623690000269562,0.018111499986844137,0.015618200006429106,0.00022190000163391232
0.6,LP2 ($ 	heta $ Only),23,318,1.4935374805008117e-05,,0,4,1,3,1.4935374805008117e-05,10.0,90.0,0.0013347000058274716,0.00292319999425672,9.670000872574747e-05,0.07889599999180064,0.11750009999377653,0.05046800000127405,0.014265100006014109,0.014121999993221834,0.01326480001443997,0.011742500006221235,0.0004518000059761107
0.6,LP2 ($ 	heta $ Only),24,342,2.259244811364668e-06,,5,4,0,4,2.259244811364668e-06,10.0,90.0,0.0018405999871902168,0.002833900012774393,0.00019389999215491116,0.07200640000519343,0.1999216999975033,0.04953319998458028,0.008934299985412508,0.007610000000568107,0.009273800009395927,0.007711400015978143,0.00022059999173507094
0.6,LP2 ($ 	heta $ Only),25,367,0.0,,3,0,0,0,0.0,0.0,100.0,0.005086599994683638,0.0035641000140458345,0.00029960001120343804,0.0721577999938745,0.1230863000091631,0.04730629999539815,0.008920899999793619,0.010425199987366796,0.013394299981882796,0.008367300004465505,0.00026160001289099455
0.6,LP2 ($ 	heta $ Only),26,393,3.392023705937141e-05,,2,9,5,4,3.392023705937141e-05,30.0,70.0,0.0014680000022053719,0.004288900003302842,0.00040439999429509044,0.07471699998131953,0.10664169999654405,0.03778360001160763,0.012045699986629188,0.01165569998556748,0.00878000000375323,0.013053799979388714,0.00043569999979808927
0.6,LP2 ($ 	heta $ Only),27,420,0.0,,0,0,0,0,0.0,0.0,100.0,0.0015705000259913504,0.007467699993867427,8.999998681247234e-05,0.07677830001921393,0.13940939999883994,0.06838149999384768,0.0181573000154458,0.04183469997951761,0.013866599998436868,0.012326099997153506,0.00024819999816827476
0.6,LP2 ($ 	heta $ Only),28,448,7.317830977420536e-06,,1,2,0,2,7.317830977420536e-06,10.0,90.0,0.0014470000169239938,0.0025670999893918633,0.00021689999266527593,0.16450410001561977,0.12818920001154765,0.06038740000803955,0.013087500003166497,0.013843900000210851,0.015508599986787885,0.008333600009791553,0.00024049999774433672
0.6,LP2 ($ 	heta $ Only),29,477,6.265135005935912e-06,,2,2,0,2,6.265135005935912e-06,10.0,90.0,0.005357899994123727,0.0026359999901615083,0.00027290001162327826,0.07910510001238436,0.13423229998443276,0.0473686000041198,0.009584000014001504,0.008039000007556751,0.009599500015610829,0.008299500012071803,0.00024900000425986946
0.6,LP2 ($ 	heta $ Only),30,507,2.4022092661547836e-05,,0,9,5,4,2.4022092661547836e-05,20.0,80.0,0.004436300019733608,0.0033588000223971903,9.099999442696571e-05,0.07430430001113564,0.13161909999325871,0.04491679999046028,0.009970199986128137,0.011432400002377108,0.008868500008247793,0.010099000006448478,0.00024560000747442245
0.6,LP2 ($ 	heta $ Only),31,538,1.2097427656197445e-05,,7,2,0,2,1.2097427656197445e-05,30.0,70.0,0.0011264999920967966,0.002542000001994893,0.0002843000111170113,0.07355780000216328,0.10960710002109408,0.21076230000471696,0.019475400011288002,0.03716440001153387,0.03313729999354109,0.016243400023085997,0.00021910000941716135
0.6,LP2 ($ 	heta $ Only),32,570,2.7277249835811934e-05,,2,11,2,9,2.7277249835811934e-05,40.0,60.0,0.001493599993409589,0.0058071000094059855,0.0006076999998185784,0.09506720001809299,0.14505680001457222,0.05884809998678975,0.011088700004620478,0.011010899994289503,0.012640599976293743,0.010933499987004325,0.00023919998784549534
0.6,LP2 ($ 	heta $ Only),33,603,4.569521486490956e-05,,1,9,6,3,4.569521486490955e-05,40.0,60.0,0.0011598000128287822,0.00258089997805655,0.0002125999890267849,0.06557529998826794,0.19906310000806116,0.05545299997902475,0.010966299974825233,0.013342499994905666,0.008604700007708743,0.013603700004750863,0.0002410000015515834
0.6,LP2 ($ 	heta $ Only),34,637,0.0,,1,0,0,0,0.0,0.0,100.0,0.0011257999867666513,0.0029313999984879047,0.0002138000272680074,0.10390919999917969,0.1138638999836985,0.048995999997714534,0.012717600009636953,0.015401499986182898,0.009689400001661852,0.013345600018510595,0.0002392000169493258
0.6,LP2 ($ 	heta $ Only),35,672,2.9933571785019163e-05,,0,3,2,1,2.9933571785019163e-05,20.0,80.0,0.0014578999835066497,0.0038665999891236424,8.789999992586672e-05,0.080755400005728,0.18128359998809174,0.06863890000386164,0.017647900007432327,0.015445900004124269,0.011919699987629429,0.008591499994508922,0.0002447000006213784
0.6,LP2 ($ 	heta $ Only),36,708,4.6513718076043505e-05,,2,7,1,6,4.6513718076043505e-05,40.0,60.0,0.002060800004983321,0.0043147999967914075,0.00035559997195377946,0.07992270000977442,0.16212640001322143,0.05835039998055436,0.014957100007450208,0.013849599985405803,0.01345890000811778,0.012555499997688457,0.00043310000910423696
0.6,LP2 ($ 	heta $ Only),37,745,3.547694893307161e-05,,5,7,2,5,3.547694893307161e-05,20.0,80.0,0.0011326999810989946,0.00249349998193793,0.00020249999943189323,0.10268780001206324,0.1038018999970518,0.05592319997958839,0.011545599991222844,0.008571899990784004,0.012093500001356006,0.012218200019560754,0.00027400001999922097
0.6,LP2 ($ 	heta $ Only),38,783,1.8193404532928585e-05,,4,4,1,3,1.8193404532928585e-05,20.0,80.0,0.0012197000032756478,0.0025160999794024974,0.0002083999861497432,0.08391450002091005,0.4076597999955993,0.060889999993378296,0.009480399981839582,0.009066500002518296,0.009192099998472258,0.00790139997843653,0.00022489999537356198
0.6,LP2 ($ 	heta $ Only),39,822,1.3690053710282364e-05,,3,3,1,2,1.3690053710282364e-05,10.0,90.0,0.0038776999863330275,0.00394110000343062,0.0004970000009052455,0.09032449999358505,0.1269449999963399,0.04111410002224147,0.011024200008250773,0.007921299984445795,0.010349699994549155,0.008642899978440255,0.00022750001517124474
0.6,LP2 ($ 	heta $ Only),40,862,1.0776204099104306e-05,,5,4,1,3,1.0776204099104306e-05,10.0,90.0,0.005260000005364418,0.0024144999915733933,0.0001993000041693449,0.07184719998622313,0.1212359000055585,0.07619799999520183,0.007703400013269857,0.013629599998239428,0.011915799987036735,0.00860810000449419,0.00022200000239536166
0.6,LP2 ($ 	heta $ Only),41,903,2.037961598645753e-05,,4,6,1,5,2.037961598645753e-05,30.0,70.0,0.0016543999954592437,0.004449699976248667,0.00021739999647252262,0.08843709999928251,0.13067190002766438,0.07107799997902475,0.01193290000082925,0.009063899982720613,0.01469599999836646,0.017519499990157783,0.0004206000012345612
0.6,LP2 ($ 	heta $ Only),42,945,1.57403029942566e-05,,3,6,0,6,1.57403029942566e-05,40.0,60.0,0.0011732999992091209,0.005325300007825717,0.00029739999445155263,0.07132729998556897,0.1494269999966491,0.053587400005199015,0.013188499986426905,0.012849699996877462,0.008965599990915507,0.01041699998313561,0.00022680000984109938
0.6,LP2 ($ 	heta $ Only),43,988,1.8841561209110015e-05,,5,3,1,2,1.8841561209110015e-05,20.0,80.0,0.0011350999993737787,0.004268400021828711,0.00024199998006224632,0.08105360000627115,0.13844500001869164,0.053038999991258606,0.007882300007622689,0.011226599977817386,0.007728199998382479,0.01141870001447387,0.0003837000112980604
0.6,LP2 ($ 	heta $ Only),44,1032,2.913178354700799e-05,,0,6,0,6,2.913178354700799e-05,30.0,70.0,0.0017726999940350652,0.0032910000008996576,8.080000407062471e-05,0.06396110000787303,0.12324520002584904,0.05458809999981895,0.014044300012756139,0.011312300019199029,0.01135640000575222,0.013529000018024817,0.00024399999529123306
0.6,LP2 ($ 	heta $ Only),45,1077,2.0252322085695505e-05,,3,5,2,3,2.0252322085695505e-05,20.0,80.0,0.001353699975879863,0.0025830999948084354,0.00021470000501722097,0.08659640001133084,0.12474790000123903,0.052808000007644296,0.012247100006788969,0.008220499992603436,0.013347600004635751,0.012350000004516914,0.0004177000082563609
0.6,LP2 ($ 	heta $ Only),46,1123,3.0210022839758544e-05,,4,6,3,3,3.0210022839758544e-05,30.0,70.0,0.0012741999817080796,0.003118900000117719,0.00022379998699761927,0.07944090000819415,0.13770689998636954,0.03232009999919683,0.008017399988602847,0.0112807999830693,0.010103500011609867,0.010501000011572614,0.00041500001680105925
0.6,LP2 ($ 	heta $ Only),47,1170,0.0,,0,0,0,0,0.0,0.0,100.0,0.0011223000183235854,0.006347599992295727,6.399999256245792e-05,0.0633842000097502,0.133670399984112,0.060669599974062294,0.013546700007282197,0.010029299999587238,0.012505899998359382,0.01155799999833107,0.0002550000208429992
0.6,LP2 ($ 	heta $ Only),48,1218,0.0,,5,0,0,0,0.0,0.0,100.0,0.0011550999770406634,0.0031088000105228275,0.00020229999790899456,0.06784519998473115,0.1006640000268817,0.03641339999740012,0.009576799988280982,0.007526700006565079,0.011680700001306832,0.012980100000277162,0.00023790000705048442
0.6,LP2 ($ 	heta $ Only),49,1267,7.938794192768867e-06,,3,3,0,3,7.938794192768867e-06,20.0,80.0,0.006348499999148771,0.0023441000084858388,0.0002195000124629587,0.07925879998947494,0.18946699998923577,0.06447480001952499,0.0152308999968227,0.027791499975137413,0.03817780001554638,0.03137779998360202,0.00023859998327679932
0.6,LP3 ($ 	heta $ Only),0,42,0.0019130824133194065,,4,9,3,6,0.00013987607228663692,80.0,20.0,0.004735599999548867,0.005297800002153963,0.00042669998947530985,0.08926740000606515,0.11722529999678954,0.038482400006614625,0.007784799992805347,0.008687199995620176,0.007645300007425249,0.008729399996809661,0.000662600010400638
0.6,LP3 ($ 	heta $ Only),1,43,0.0009512782495974621,,4,5,1,4,7.588639098839974e-05,70.0,30.0,0.0021035000099800527,0.003525200008880347,0.0003080999886151403,0.09316109999781474,0.19200869998894632,0.19821840000804514,0.013249400013592094,0.015484000003198162,0.013984600023832172,0.01311970001552254,0.0009076999849639833
0.6,LP3 ($ 	heta $ Only),2,45,0.0014645219404481376,,1,6,1,5,0.00013935410976030304,90.0,10.0,0.00644950001151301,0.002392499998677522,0.0002108000044245273,0.06944190000649542,0.13150980000500567,0.051022600004216656,0.008871500001987442,0.014159500016830862,0.013068300002487376,0.008680400002049282,0.0002948000037577003
0.6,LP3 ($ 	heta $ Only),3,48,0.0006629949193176125,,0,2,0,2,5.5980540915168196e-05,20.0,80.0,0.004116900003282353,0.002231899998150766,5.900001269765198e-05,0.09411999999429099,0.1223028999811504,0.04502029999275692,0.010274100000970066,0.008928499999456108,0.009729899989906698,0.009876100026303902,0.00024980001035146415
0.6,LP3 ($ 	heta $ Only),4,52,0.0013046321855894783,,3,3,0,3,9.373837011715555e-05,90.0,10.0,0.004067400004714727,0.0024324999831151217,0.00021810000180266798,0.09134030001587234,0.12251799998921342,0.0650065999943763,0.011773799982620403,0.010974100005114451,0.008608700009062886,0.013359000004129484,0.00023330000112764537
0.6,LP3 ($ 	heta $ Only),5,57,0.0,,7,0,0,0,0.0,0.0,100.0,0.001283499994315207,0.002831799996783957,0.00020470001618377864,0.1491350999858696,0.1370413999829907,0.05722570000216365,0.00872819998767227,0.012832699983846396,0.009981299983337522,0.00812069998937659,0.0002545999886933714
0.6,LP3 ($ 	heta $ Only),6,63,0.000748844423648755,,8,4,0,4,7.873761097498218e-05,70.0,30.0,0.0013816000137012452,0.004676700016716495,0.0002060999977402389,0.06932790001155809,0.12251979997381568,0.04910209999070503,0.011667000013403594,0.009613900008844212,0.011441699985880405,0.0072505999996792525,0.000212200015084818
0.6,LP3 ($ 	heta $ Only),7,70,0.0,,5,0,0,0,0.0,0.0,100.0,0.0039607999788131565,0.002362300001550466,0.0002108000044245273,0.06746449999627657,0.13977989999693818,0.04310429998440668,0.00893849998828955,0.010979300015605986,0.013280899991514161,0.007677399989916012,0.00021989998640492558
0.6,LP3 ($ 	heta $ Only),8,78,0.002695255442836832,,1,11,5,6,0.00020286184657702206,90.0,10.0,0.0016719999839551747,0.006634999997913837,0.00028849998489022255,0.0731134999950882,0.13184889999683946,0.04086390000884421,0.013359900010982528,0.01259959998424165,0.014176199998473749,0.014666699978988618,0.0002466000150889158
0.6,LP3 ($ 	heta $ Only),9,87,0.0004778522859287322,,0,2,0,2,5.253202599352113e-05,30.0,70.0,0.001403700007358566,0.003977599990321323,8.329999400302768e-05,0.07006180001189932,0.28228509999462403,0.05533380000269972,0.014564899989636615,0.014501099998597056,0.02452029997948557,0.01318759997957386,0.000309199996991083
0.6,LP3 ($ 	heta $ Only),10,97,0.0020270641167768008,,0,7,3,4,0.000169682315494525,90.0,10.0,0.001153399993199855,0.006293200014624745,9.350001346319914e-05,0.08453049999661744,0.12119469998287968,0.041182100016158074,0.012516500020865351,0.011988200014457107,0.010463699989486486,0.010617199994158,0.00024870000197552145
0.6,LP3 ($ 	heta $ Only),11,108,0.0008180018337361806,,2,4,1,3,5.378671332448899e-05,50.0,50.0,0.004730899992864579,0.004884599999058992,0.00030339998193085194,0.08604300001752563,0.12473849998787045,0.05751039998722263,0.010797399998409674,0.008910200005630031,0.015131000021938235,0.011163299990585074,0.00023440000950358808
0.6,LP3 ($ 	heta $ Only),12,120,0.0033068121780735287,,0,13,6,7,0.00020965356765266467,80.0,20.0,0.001141999993706122,0.002350700000533834,5.6599994422867894e-05,0.06878140001208521,0.12910310001461767,0.05031689998577349,0.009956200025044382,0.011588900000788271,0.010413699987111613,0.023635299992747605,0.00029609998455271125
0.6,LP3 ($ 	heta $ Only),13,133,0.0,,4,0,0,0,0.0,0.0,100.0,0.0013313999806996435,0.006751200009603053,0.0004579999949783087,0.07842260002507828,0.11028659998555668,0.041774600016651675,0.014212700014468282,0.015871600015088916,0.013420000002952293,0.011852199997520074,0.00022780001745559275
0.6,LP3 ($ 	heta $ Only),14,147,0.0006564885295873922,,6,2,0,2,3.6023263313685354e-05,20.0,80.0,0.0013631000183522701,0.002446600003167987,0.000205400021513924,0.07200970000121742,0.14787709998199716,0.04189079999923706,0.009003100014524534,0.012300699978368357,0.007625700003700331,0.013113199995132163,0.00021830000332556665
0.6,LP3 ($ 	heta $ Only),15,162,0.0010108086056559225,,3,5,0,5,6.801253020603038e-05,50.0,50.0,0.0011417000205256045,0.0024850000045262277,0.0003189000126440078,0.09223340000608005,0.2028573999996297,0.0423919000022579,0.009414600004674867,0.010828800004674122,0.008493799978168681,0.012921300018206239,0.0002342000079806894
0.6,LP3 ($ 	heta $ Only),16,178,0.003054000723935403,,1,8,2,6,0.0002198651814904132,90.0,10.0,0.0017965000006370246,0.007031099987216294,0.00023020000662654638,0.08147030000691302,0.13740490001509897,0.03800570001476444,0.010426299995742738,0.013969499996164814,0.05024579999735579,0.03351540002040565,0.00293950000195764
0.6,LP3 ($ 	heta $ Only),17,195,0.0008908474811402588,,4,3,0,3,7.586877317492354e-05,80.0,20.0,0.0395213000010699,0.005587199993897229,0.00046949999523349106,0.16733840000233613,0.13235079997684807,0.0514882999996189,0.008594300015829504,0.01244109999970533,0.014236299990443513,0.01270609998027794,0.00022759998682886362
0.6,LP3 ($ 	heta $ Only),18,213,0.0009721573420074434,,4,2,1,1,8.837794018249488e-05,60.0,40.0,0.0013089000131003559,0.003972900012740865,0.0002972999936901033,0.0989250999991782,0.1139664999791421,0.05124989998876117,0.012370399985229596,0.009028400003444403,0.012059100001351908,0.01428870001109317,0.00022639997769147158
0.6,LP3 ($ 	heta $ Only),19,232,0.0013706054806204636,,6,3,0,3,0.00010370210822232664,60.0,40.0,0.0013380000018514693,0.00265060001402162,0.00021260001813061535,0.07717830000910908,0.10700349998660386,0.04076000000350177,0.011445499985711649,0.007468600000720471,0.01022600001306273,0.009183699992718175,0.0021821999980602413
0.6,LP3 ($ 	heta $ Only),20,252,0.0020913282586160196,,0,8,1,7,0.0001489762243180709,80.0,20.0,0.003994700004113838,0.0023910999880172312,5.690002581104636e-05,0.07852849998744205,0.14030440000351518,0.05598649999592453,0.014408199989702553,0.019567300012568012,0.022603800025535747,0.024184799985960126,0.00046209999709390104
0.6,LP3 ($ 	heta $ Only),21,273,0.001779173094593484,,2,8,2,6,0.00011950258237267528,90.0,10.0,0.003475100005744025,0.003332399995997548,0.0002269999822601676,0.10596859999350272,0.18816310001420788,0.05652640000334941,0.009125399985350668,0.012251700012711808,0.011118900001747534,0.008075199992163107,0.00023430000874213874
0.6,LP3 ($ 	heta $ Only),22,295,0.0013147195912054548,,5,6,0,6,0.00010027928547809665,80.0,20.0,0.001140100008342415,0.003491000010399148,0.00021150000975467265,0.07530979998409748,0.12253309998777695,0.054645099997287616,0.01691229999414645,0.01623690000269562,0.018111499986844137,0.015618200006429106,0.00022190000163391232
0.6,LP3 ($ 	heta $ Only),23,318,0.0010675018861992216,,0,5,1,4,7.400956198688348e-05,70.0,30.0,0.0013347000058274716,0.00292319999425672,9.670000872574747e-05,0.07889599999180064,0.11750009999377653,0.05046800000127405,0.014265100006014109,0.014121999993221834,0.01326480001443997,0.011742500006221235,0.0004518000059761107
0.6,LP3 ($ 	heta $ Only),24,342,0.0008564902613596989,,5,3,0,3,7.143135131942828e-05,40.0,60.0,0.0018405999871902168,0.002833900012774393,0.00019389999215491116,0.07200640000519343,0.1999216999975033,0.04953319998458028,0.008934299985412508,0.007610000000568107,0.009273800009395927,0.007711400015978143,0.00022059999173507094
0.6,LP3 ($ 	heta $ Only),25,367,0.0,,3,0,0,0,0.0,0.0,100.0,0.005086599994683638,0.0035641000140458345,0.00029960001120343804,0.0721577999938745,0.1230863000091631,0.04730629999539815,0.008920899999793619,0.010425199987366796,0.013394299981882796,0.008367300004465505,0.00026160001289099455
0.6,LP3 ($ 	heta $ Only),26,393,0.0019526074764885807,,2,9,3,6,0.00014259236870529078,90.0,10.0,0.0014680000022053719,0.004288900003302842,0.00040439999429509044,0.07471699998131953,0.10664169999654405,0.03778360001160763,0.012045699986629188,0.01165569998556748,0.00878000000375323,0.013053799979388714,0.00043569999979808927
0.6,LP3 ($ 	heta $ Only),27,420,0.0,,0,0,0,0,0.0,0.0,100.0,0.0015705000259913504,0.007467699993867427,8.999998681247234e-05,0.07677830001921393,0.13940939999883994,0.06838149999384768,0.0181573000154458,0.04183469997951761,0.013866599998436868,0.012326099997153506,0.00024819999816827476
0.6,LP3 ($ 	heta $ Only),28,448,0.0006545856564753973,,1,2,0,2,5.9743893268656716e-05,50.0,50.0,0.0014470000169239938,0.0025670999893918633,0.00021689999266527593,0.16450410001561977,0.12818920001154765,0.06038740000803955,0.013087500003166497,0.013843900000210851,0.015508599986787885,0.008333600009791553,0.00024049999774433672
0.6,LP3 ($ 	heta $ Only),29,477,0.0005970959403263604,,2,1,0,1,6.337235821148732e-05,40.0,60.0,0.005357899994123727,0.0026359999901615083,0.00027290001162327826,0.07910510001238436,0.13423229998443276,0.0473686000041198,0.009584000014001504,0.008039000007556751,0.009599500015610829,0.008299500012071803,0.00024900000425986946
0.6,LP3 ($ 	heta $ Only),30,507,0.002165204336350667,,0,10,1,9,0.0001522673446134223,70.0,30.0,0.004436300019733608,0.0033588000223971903,9.099999442696571e-05,0.07430430001113564,0.13161909999325871,0.04491679999046028,0.009970199986128137,0.011432400002377108,0.008868500008247793,0.010099000006448478,0.00024560000747442245
0.6,LP3 ($ 	heta $ Only),31,538,0.0008018945381316906,,7,2,0,2,7.554593655551402e-05,60.0,40.0,0.0011264999920967966,0.002542000001994893,0.0002843000111170113,0.07355780000216328,0.10960710002109408,0.21076230000471696,0.019475400011288002,0.03716440001153387,0.03313729999354109,0.016243400023085997,0.00021910000941716135
0.6,LP3 ($ 	heta $ Only),32,570,0.0027300846529973053,,2,7,0,7,0.0001973671304472673,90.0,10.0,0.001493599993409589,0.0058071000094059855,0.0006076999998185784,0.09506720001809299,0.14505680001457222,0.05884809998678975,0.011088700004620478,0.011010899994289503,0.012640599976293743,0.010933499987004325,0.00023919998784549534
0.6,LP3 ($ 	heta $ Only),33,603,0.0020821025478262906,,1,9,6,3,0.00015919321621216326,90.0,10.0,0.0011598000128287822,0.00258089997805655,0.0002125999890267849,0.06557529998826794,0.19906310000806116,0.05545299997902475,0.010966299974825233,0.013342499994905666,0.008604700007708743,0.013603700004750863,0.0002410000015515834
0.6,LP3 ($ 	heta $ Only),34,637,0.0,,1,0,0,0,0.0,0.0,100.0,0.0011257999867666513,0.0029313999984879047,0.0002138000272680074,0.10390919999917969,0.1138638999836985,0.048995999997714534,0.012717600009636953,0.015401499986182898,0.009689400001661852,0.013345600018510595,0.0002392000169493258
0.6,LP3 ($ 	heta $ Only),35,672,0.0008410320296066984,,0,4,2,2,7.177060430187055e-05,80.0,20.0,0.0014578999835066497,0.0038665999891236424,8.789999992586672e-05,0.080755400005728,0.18128359998809174,0.06863890000386164,0.017647900007432327,0.015445900004124269,0.011919699987629429,0.008591499994508922,0.0002447000006213784
0.6,LP3 ($ 	heta $ Only),36,708,0.0021424103783279436,,2,9,1,8,0.00016242936010493723,90.0,10.0,0.002060800004983321,0.0043147999967914075,0.00035559997195377946,0.07992270000977442,0.16212640001322143,0.05835039998055436,0.014957100007450208,0.013849599985405803,0.01345890000811778,0.012555499997688457,0.00043310000910423696
0.6,LP3 ($ 	heta $ Only),37,745,0.0021231303423227418,,5,8,1,7,0.00012757605198779646,80.0,20.0,0.0011326999810989946,0.00249349998193793,0.00020249999943189323,0.10268780001206324,0.1038018999970518,0.05592319997958839,0.011545599991222844,0.008571899990784004,0.012093500001356006,0.012218200019560754,0.00027400001999922097
0.6,LP3 ($ 	heta $ Only),38,783,0.0014334107949698566,,4,3,1,2,0.00010362186214017922,80.0,20.0,0.0012197000032756478,0.0025160999794024974,0.0002083999861497432,0.08391450002091005,0.4076597999955993,0.060889999993378296,0.009480399981839582,0.009066500002518296,0.009192099998472258,0.00790139997843653,0.00022489999537356198
0.6,LP3 ($ 	heta $ Only),39,822,0.0006782487544157499,,3,2,0,2,6.864681693101855e-05,50.0,50.0,0.0038776999863330275,0.00394110000343062,0.0004970000009052455,0.09032449999358505,0.1269449999963399,0.04111410002224147,0.011024200008250773,0.007921299984445795,0.010349699994549155,0.008642899978440255,0.00022750001517124474
0.6,LP3 ($ 	heta $ Only),40,862,0.0008639821827475427,,5,4,0,4,5.066581822607344e-05,50.0,50.0,0.005260000005364418,0.0024144999915733933,0.0001993000041693449,0.07184719998622313,0.1212359000055585,0.07619799999520183,0.007703400013269857,0.013629599998239428,0.011915799987036735,0.00860810000449419,0.00022200000239536166
0.6,LP3 ($ 	heta $ Only),41,903,0.0015782362997582896,,4,4,0,4,0.00016924825615954224,90.0,10.0,0.0016543999954592437,0.004449699976248667,0.00021739999647252262,0.08843709999928251,0.13067190002766438,0.07107799997902475,0.01193290000082925,0.009063899982720613,0.01469599999836646,0.017519499990157783,0.0004206000012345612
0.6,LP3 ($ 	heta $ Only),42,945,0.0015445490663558758,,3,5,0,5,0.00015068066746206512,90.0,10.0,0.0011732999992091209,0.005325300007825717,0.00029739999445155263,0.07132729998556897,0.1494269999966491,0.053587400005199015,0.013188499986426905,0.012849699996877462,0.008965599990915507,0.01041699998313561,0.00022680000984109938
0.6,LP3 ($ 	heta $ Only),43,988,0.0008563237952824971,,5,3,1,2,6.458684739440463e-05,40.0,60.0,0.0011350999993737787,0.004268400021828711,0.00024199998006224632,0.08105360000627115,0.13844500001869164,0.053038999991258606,0.007882300007622689,0.011226599977817386,0.007728199998382479,0.01141870001447387,0.0003837000112980604
0.6,LP3 ($ 	heta $ Only),44,1032,0.0016018970169531064,,0,6,0,6,0.00013491699818613928,90.0,10.0,0.0017726999940350652,0.0032910000008996576,8.080000407062471e-05,0.06396110000787303,0.12324520002584904,0.05458809999981895,0.014044300012756139,0.011312300019199029,0.01135640000575222,0.013529000018024817,0.00024399999529123306
0.6,LP3 ($ 	heta $ Only),45,1077,0.0009606566503398618,,3,3,1,2,6.674373221008771e-05,50.0,50.0,0.001353699975879863,0.0025830999948084354,0.00021470000501722097,0.08659640001133084,0.12474790000123903,0.052808000007644296,0.012247100006788969,0.008220499992603436,0.013347600004635751,0.012350000004516914,0.0004177000082563609
0.6,LP3 ($ 	heta $ Only),46,1123,0.00170334024465798,,4,8,4,4,0.00012552759561727477,90.0,10.0,0.0012741999817080796,0.003118900000117719,0.00022379998699761927,0.07944090000819415,0.13770689998636954,0.03232009999919683,0.008017399988602847,0.0112807999830693,0.010103500011609867,0.010501000011572614,0.00041500001680105925
0.6,LP3 ($ 	heta $ Only),47,1170,0.0,,0,0,0,0,0.0,0.0,100.0,0.0011223000183235854,0.006347599992295727,6.399999256245792e-05,0.0633842000097502,0.133670399984112,0.060669599974062294,0.013546700007282197,0.010029299999587238,0.012505899998359382,0.01155799999833107,0.0002550000208429992
0.6,LP3 ($ 	heta $ Only),48,1218,0.0,,5,0,0,0,0.0,0.0,100.0,0.0011550999770406634,0.0031088000105228275,0.00020229999790899456,0.06784519998473115,0.1006640000268817,0.03641339999740012,0.009576799988280982,0.007526700006565079,0.011680700001306832,0.012980100000277162,0.00023790000705048442
0.6,LP3 ($ 	heta $ Only),49,1267,0.000781556824414319,,3,2,0,2,5.2868802219483574e-05,30.0,70.0,0.006348499999148771,0.0023441000084858388,0.0002195000124629587,0.07925879998947494,0.18946699998923577,0.06447480001952499,0.0152308999968227,0.027791499975137413,0.03817780001554638,0.03137779998360202,0.00023859998327679932
0.6,Weighted LP3 ($ 	heta $ Only),0,42,0.0014516870235412524,,4,9,2,7,0.00014329532792328997,80.0,20.0,0.004735599999548867,0.005297800002153963,0.00042669998947530985,0.08926740000606515,0.11722529999678954,0.038482400006614625,0.007784799992805347,0.008687199995620176,0.007645300007425249,0.008729399996809661,0.000662600010400638
0.6,Weighted LP3 ($ 	heta $ Only),1,43,0.0006821194037131446,,4,3,0,3,8.297220677659256e-05,70.0,30.0,0.0021035000099800527,0.003525200008880347,0.0003080999886151403,0.09316109999781474,0.19200869998894632,0.19821840000804514,0.013249400013592094,0.015484000003198162,0.013984600023832172,0.01311970001552254,0.0009076999849639833
0.6,Weighted LP3 ($ 	heta $ Only),2,45,0.001096165040587122,,1,4,1,3,0.00013935410976030296,90.0,10.0,0.00644950001151301,0.002392499998677522,0.0002108000044245273,0.06944190000649542,0.13150980000500567,0.051022600004216656,0.008871500001987442,0.014159500016830862,0.013068300002487376,0.008680400002049282,0.0002948000037577003
0.6,Weighted LP3 ($ 	heta $ Only),3,48,0.0004606567931834644,,0,2,0,2,5.5980540915168196e-05,20.0,80.0,0.004116900003282353,0.002231899998150766,5.900001269765198e-05,0.09411999999429099,0.1223028999811504,0.04502029999275692,0.010274100000970066,0.008928499999456108,0.009729899989906698,0.009876100026303902,0.00024980001035146415
0.6,Weighted LP3 ($ 	heta $ Only),4,52,0.0009010009137653706,,3,3,0,3,9.373837011715555e-05,90.0,10.0,0.004067400004714727,0.0024324999831151217,0.00021810000180266798,0.09134030001587234,0.12251799998921342,0.0650065999943763,0.011773799982620403,0.010974100005114451,0.008608700009062886,0.013359000004129484,0.00023330000112764537
0.6,Weighted LP3 ($ 	heta $ Only),5,57,0.0,,7,0,0,0,0.0,0.0,100.0,0.001283499994315207,0.002831799996783957,0.00020470001618377864,0.1491350999858696,0.1370413999829907,0.05722570000216365,0.00872819998767227,0.012832699983846396,0.009981299983337522,0.00812069998937659,0.0002545999886933714
0.6,Weighted LP3 ($ 	heta $ Only),6,63,0.0005254754860908307,,8,4,0,4,7.873761097498218e-05,70.0,30.0,0.0013816000137012452,0.004676700016716495,0.0002060999977402389,0.06932790001155809,0.12251979997381568,0.04910209999070503,0.011667000013403594,0.009613900008844212,0.011441699985880405,0.0072505999996792525,0.000212200015084818
0.6,Weighted LP3 ($ 	heta $ Only),7,70,0.0,,5,0,0,0,0.0,0.0,100.0,0.0039607999788131565,0.002362300001550466,0.0002108000044245273,0.06746449999627657,0.13977989999693818,0.04310429998440668,0.00893849998828955,0.010979300015605986,0.013280899991514161,0.007677399989916012,0.00021989998640492558
0.6,Weighted LP3 ($ 	heta $ Only),8,78,0.002217804114658446,,1,10,4,6,0.00020621797900258743,80.0,20.0,0.0016719999839551747,0.006634999997913837,0.00028849998489022255,0.0731134999950882,0.13184889999683946,0.04086390000884421,0.013359900010982528,0.01259959998424165,0.014176199998473749,0.014666699978988618,0.0002466000150889158
0.6,Weighted LP3 ($ 	heta $ Only),9,87,0.0003360788659503285,,0,2,0,2,5.253202599352113e-05,30.0,70.0,0.001403700007358566,0.003977599990321323,8.329999400302768e-05,0.07006180001189932,0.28228509999462403,0.05533380000269972,0.014564899989636615,0.014501099998597056,0.02452029997948557,0.01318759997957386,0.000309199996991083
0.6,Weighted LP3 ($ 	heta $ Only),10,97,0.0015516765081396552,,0,8,3,5,0.0001845405977136135,90.0,10.0,0.001153399993199855,0.006293200014624745,9.350001346319914e-05,0.08453049999661744,0.12119469998287968,0.041182100016158074,0.012516500020865351,0.011988200014457107,0.010463699989486486,0.010617199994158,0.00024870000197552145
0.6,Weighted LP3 ($ 	heta $ Only),11,108,0.000605800784382586,,2,4,1,3,5.378671332448899e-05,50.0,50.0,0.004730899992864579,0.004884599999058992,0.00030339998193085194,0.08604300001752563,0.12473849998787045,0.05751039998722263,0.010797399998409674,0.008910200005630031,0.015131000021938235,0.011163299990585074,0.00023440000950358808
0.6,Weighted LP3 ($ 	heta $ Only),12,120,0.002742408406045239,,0,14,5,9,0.00021705828744547712,90.0,10.0,0.001141999993706122,0.002350700000533834,5.6599994422867894e-05,0.06878140001208521,0.12910310001461767,0.05031689998577349,0.009956200025044382,0.011588900000788271,0.010413699987111613,0.023635299992747605,0.00029609998455271125
0.6,Weighted LP3 ($ 	heta $ Only),13,133,0.0,,4,0,0,0,0.0,0.0,100.0,0.0013313999806996435,0.006751200009603053,0.0004579999949783087,0.07842260002507828,0.11028659998555668,0.041774600016651675,0.014212700014468282,0.015871600015088916,0.013420000002952293,0.011852199997520074,0.00022780001745559275
0.6,Weighted LP3 ($ 	heta $ Only),14,147,0.0004496667741628233,,6,2,0,2,3.6023263313685354e-05,20.0,80.0,0.0013631000183522701,0.002446600003167987,0.000205400021513924,0.07200970000121742,0.14787709998199716,0.04189079999923706,0.009003100014524534,0.012300699978368357,0.007625700003700331,0.013113199995132163,0.00021830000332556665
0.6,Weighted LP3 ($ 	heta $ Only),15,162,0.0006965432471726251,,3,4,0,4,6.801253020603034e-05,50.0,50.0,0.0011417000205256045,0.0024850000045262277,0.0003189000126440078,0.09223340000608005,0.2028573999996297,0.0423919000022579,0.009414600004674867,0.010828800004674122,0.008493799978168681,0.012921300018206239,0.0002342000079806894
0.6,Weighted LP3 ($ 	heta $ Only),16,178,0.0025247320226753035,,1,7,2,5,0.0002201643922529757,90.0,10.0,0.0017965000006370246,0.007031099987216294,0.00023020000662654638,0.08147030000691302,0.13740490001509897,0.03800570001476444,0.010426299995742738,0.013969499996164814,0.05024579999735579,0.03351540002040565,0.00293950000195764
0.6,Weighted LP3 ($ 	heta $ Only),17,195,0.0006191879118184803,,4,4,0,4,7.586877317492353e-05,80.0,20.0,0.0395213000010699,0.005587199993897229,0.00046949999523349106,0.16733840000233613,0.13235079997684807,0.0514882999996189,0.008594300015829504,0.01244109999970533,0.014236299990443513,0.01270609998027794,0.00022759998682886362
0.6,Weighted LP3 ($ 	heta $ Only),18,213,0.000710889511682453,,4,2,0,2,8.827326814739827e-05,60.0,40.0,0.0013089000131003559,0.003972900012740865,0.0002972999936901033,0.0989250999991782,0.1139664999791421,0.05124989998876117,0.012370399985229596,0.009028400003444403,0.012059100001351908,0.01428870001109317,0.00022639997769147158
0.6,Weighted LP3 ($ 	heta $ Only),19,232,0.0009483043564877509,,6,2,0,2,0.0001037021082223266,60.0,40.0,0.0013380000018514693,0.00265060001402162,0.00021260001813061535,0.07717830000910908,0.10700349998660386,0.04076000000350177,0.011445499985711649,0.007468600000720471,0.01022600001306273,0.009183699992718175,0.0021821999980602413
0.6,Weighted LP3 ($ 	heta $ Only),20,252,0.0015575381284311323,,0,10,1,9,0.0001468501345361996,80.0,20.0,0.003994700004113838,0.0023910999880172312,5.690002581104636e-05,0.07852849998744205,0.14030440000351518,0.05598649999592453,0.014408199989702553,0.019567300012568012,0.022603800025535747,0.024184799985960126,0.00046209999709390104
0.6,Weighted LP3 ($ 	heta $ Only),21,273,0.0013372446415465676,,2,7,2,5,0.0001157108147894634,80.0,20.0,0.003475100005744025,0.003332399995997548,0.0002269999822601676,0.10596859999350272,0.18816310001420788,0.05652640000334941,0.009125399985350668,0.012251700012711808,0.011118900001747534,0.008075199992163107,0.00023430000874213874
0.6,Weighted LP3 ($ 	heta $ Only),22,295,0.0009099061559630022,,5,6,0,6,0.00010027928547809665,80.0,20.0,0.001140100008342415,0.003491000010399148,0.00021150000975467265,0.07530979998409748,0.12253309998777695,0.054645099997287616,0.01691229999414645,0.01623690000269562,0.018111499986844137,0.015618200006429106,0.00022190000163391232
0.6,Weighted LP3 ($ 	heta $ Only),23,318,0.0008219267863865924,,0,6,1,5,7.025065849315558e-05,60.0,40.0,0.0013347000058274716,0.00292319999425672,9.670000872574747e-05,0.07889599999180064,0.11750009999377653,0.05046800000127405,0.014265100006014109,0.014121999993221834,0.01326480001443997,0.011742500006221235,0.0004518000059761107
0.6,Weighted LP3 ($ 	heta $ Only),24,342,0.0005948039580129429,,5,4,0,4,7.143135131942845e-05,40.0,60.0,0.0018405999871902168,0.002833900012774393,0.00019389999215491116,0.07200640000519343,0.1999216999975033,0.04953319998458028,0.008934299985412508,0.007610000000568107,0.009273800009395927,0.007711400015978143,0.00022059999173507094
0.6,Weighted LP3 ($ 	heta $ Only),25,367,0.0,,3,0,0,0,0.0,0.0,100.0,0.005086599994683638,0.0035641000140458345,0.00029960001120343804,0.0721577999938745,0.1230863000091631,0.04730629999539815,0.008920899999793619,0.010425199987366796,0.013394299981882796,0.008367300004465505,0.00026160001289099455
0.6,Weighted LP3 ($ 	heta $ Only),26,393,0.0015729270147300856,,2,7,2,5,0.00014259236870529078,90.0,10.0,0.0014680000022053719,0.004288900003302842,0.00040439999429509044,0.07471699998131953,0.10664169999654405,0.03778360001160763,0.012045699986629188,0.01165569998556748,0.00878000000375323,0.013053799979388714,0.00043569999979808927
0.6,Weighted LP3 ($ 	heta $ Only),27,420,0.0,,0,0,0,0,0.0,0.0,100.0,0.0015705000259913504,0.007467699993867427,8.999998681247234e-05,0.07677830001921393,0.13940939999883994,0.06838149999384768,0.0181573000154458,0.04183469997951761,0.013866599998436868,0.012326099997153506,0.00024819999816827476
0.6,Weighted LP3 ($ 	heta $ Only),28,448,0.0004563050687398173,,1,3,0,3,5.974389326865672e-05,50.0,50.0,0.0014470000169239938,0.0025670999893918633,0.00021689999266527593,0.16450410001561977,0.12818920001154765,0.06038740000803955,0.013087500003166497,0.013843900000210851,0.015508599986787885,0.008333600009791553,0.00024049999774433672
0.6,Weighted LP3 ($ 	heta $ Only),29,477,0.0004191880796214027,,2,1,0,1,6.337235821148732e-05,40.0,60.0,0.005357899994123727,0.0026359999901615083,0.00027290001162327826,0.07910510001238436,0.13423229998443276,0.0473686000041198,0.009584000014001504,0.008039000007556751,0.009599500015610829,0.008299500012071803,0.00024900000425986946
0.6,Weighted LP3 ($ 	heta $ Only),30,507,0.0016130026970133024,,0,10,1,9,0.00014053491284215218,60.0,40.0,0.004436300019733608,0.0033588000223971903,9.099999442696571e-05,0.07430430001113564,0.13161909999325871,0.04491679999046028,0.009970199986128137,0.011432400002377108,0.008868500008247793,0.010099000006448478,0.00024560000747442245
0.6,Weighted LP3 ($ 	heta $ Only),31,538,0.0005707945967767015,,7,3,0,3,7.76038581340124e-05,60.0,40.0,0.0011264999920967966,0.002542000001994893,0.0002843000111170113,0.07355780000216328,0.10960710002109408,0.21076230000471696,0.019475400011288002,0.03716440001153387,0.03313729999354109,0.016243400023085997,0.00021910000941716135
0.6,Weighted LP3 ($ 	heta $ Only),32,570,0.0020198781310866976,,2,8,0,8,0.0001976151764732582,90.0,10.0,0.001493599993409589,0.0058071000094059855,0.0006076999998185784,0.09506720001809299,0.14505680001457222,0.05884809998678975,0.011088700004620478,0.011010899994289503,0.012640599976293743,0.010933499987004325,0.00023919998784549534
0.6,Weighted LP3 ($ 	heta $ Only),33,603,0.0018343158172458738,,1,10,6,4,0.00015002223125096722,90.0,10.0,0.0011598000128287822,0.00258089997805655,0.0002125999890267849,0.06557529998826794,0.19906310000806116,0.05545299997902475,0.010966299974825233,0.013342499994905666,0.008604700007708743,0.013603700004750863,0.0002410000015515834
0.6,Weighted LP3 ($ 	heta $ Only),34,637,0.0,,1,0,0,0,0.0,0.0,100.0,0.0011257999867666513,0.0029313999984879047,0.0002138000272680074,0.10390919999917969,0.1138638999836985,0.048995999997714534,0.012717600009636953,0.015401499986182898,0.009689400001661852,0.013345600018510595,0.0002392000169493258
0.6,Weighted LP3 ($ 	heta $ Only),35,672,0.0006694773108773667,,0,4,2,2,6.564138052656165e-05,50.0,50.0,0.0014578999835066497,0.0038665999891236424,8.789999992586672e-05,0.080755400005728,0.18128359998809174,0.06863890000386164,0.017647900007432327,0.015445900004124269,0.011919699987629429,0.008591499994508922,0.0002447000006213784
0.6,Weighted LP3 ($ 	heta $ Only),36,708,0.0015771062837565376,,2,8,1,7,0.00015647673111564365,90.0,10.0,0.002060800004983321,0.0043147999967914075,0.00035559997195377946,0.07992270000977442,0.16212640001322143,0.05835039998055436,0.014957100007450208,0.013849599985405803,0.01345890000811778,0.012555499997688457,0.00043310000910423696
0.6,Weighted LP3 ($ 	heta $ Only),37,745,0.001619435960907236,,5,9,1,8,0.00011905509330980321,90.0,10.0,0.0011326999810989946,0.00249349998193793,0.00020249999943189323,0.10268780001206324,0.1038018999970518,0.05592319997958839,0.011545599991222844,0.008571899990784004,0.012093500001356006,0.012218200019560754,0.00027400001999922097
0.6,Weighted LP3 ($ 	heta $ Only),38,783,0.0010661740429102609,,4,6,1,5,0.00011123504013637235,80.0,20.0,0.0012197000032756478,0.0025160999794024974,0.0002083999861497432,0.08391450002091005,0.4076597999955993,0.060889999993378296,0.009480399981839582,0.009066500002518296,0.009192099998472258,0.00790139997843653,0.00022489999537356198
0.6,Weighted LP3 ($ 	heta $ Only),39,822,0.0004786547574963284,,3,2,0,2,6.914876342342389e-05,50.0,50.0,0.0038776999863330275,0.00394110000343062,0.0004970000009052455,0.09032449999358505,0.1269449999963399,0.04111410002224147,0.011024200008250773,0.007921299984445795,0.010349699994549155,0.008642899978440255,0.00022750001517124474
0.6,Weighted LP3 ($ 	heta $ Only),40,862,0.0006073221828038237,,5,4,0,4,6.114041833742769e-05,50.0,50.0,0.005260000005364418,0.0024144999915733933,0.0001993000041693449,0.07184719998622313,0.1212359000055585,0.07619799999520183,0.007703400013269857,0.013629599998239428,0.011915799987036735,0.00860810000449419,0.00022200000239536166
0.6,Weighted LP3 ($ 	heta $ Only),41,903,0.0011085736185587071,,4,4,0,4,0.00016924825615954224,90.0,10.0,0.0016543999954592437,0.004449699976248667,0.00021739999647252262,0.08843709999928251,0.13067190002766438,0.07107799997902475,0.01193290000082925,0.009063899982720613,0.01469599999836646,0.017519499990157783,0.0004206000012345612
0.6,Weighted LP3 ($ 	heta $ Only),42,945,0.0010993740161393914,,3,5,0,5,0.00015068066746206515,90.0,10.0,0.0011732999992091209,0.005325300007825717,0.00029739999445155263,0.07132729998556897,0.1494269999966491,0.053587400005199015,0.013188499986426905,0.012849699996877462,0.008965599990915507,0.01041699998313561,0.00022680000984109938
0.6,Weighted LP3 ($ 	heta $ Only),43,988,0.0006582188916565259,,5,4,1,3,7.557507389346195e-05,60.0,40.0,0.0011350999993737787,0.004268400021828711,0.00024199998006224632,0.08105360000627115,0.13844500001869164,0.053038999991258606,0.007882300007622689,0.011226599977817386,0.007728199998382479,0.01141870001447387,0.0003837000112980604
0.6,Weighted LP3 ($ 	heta $ Only),44,1032,0.0011484964361922225,,0,6,0,6,0.0001204503492370043,80.0,20.0,0.0017726999940350652,0.0032910000008996576,8.080000407062471e-05,0.06396110000787303,0.12324520002584904,0.05458809999981895,0.014044300012756139,0.011312300019199029,0.01135640000575222,0.013529000018024817,0.00024399999529123306
0.6,Weighted LP3 ($ 	heta $ Only),45,1077,0.0007501887680460976,,3,2,0,2,6.606440859499983e-05,50.0,50.0,0.001353699975879863,0.0025830999948084354,0.00021470000501722097,0.08659640001133084,0.12474790000123903,0.052808000007644296,0.012247100006788969,0.008220499992603436,0.013347600004635751,0.012350000004516914,0.0004177000082563609
0.6,Weighted LP3 ($ 	heta $ Only),46,1123,0.0013725657579491983,,4,7,3,4,0.00013433025370757767,90.0,10.0,0.0012741999817080796,0.003118900000117719,0.00022379998699761927,0.07944090000819415,0.13770689998636954,0.03232009999919683,0.008017399988602847,0.0112807999830693,0.010103500011609867,0.010501000011572614,0.00041500001680105925
0.6,Weighted LP3 ($ 	heta $ Only),47,1170,0.0,,0,0,0,0,0.0,0.0,100.0,0.0011223000183235854,0.006347599992295727,6.399999256245792e-05,0.0633842000097502,0.133670399984112,0.060669599974062294,0.013546700007282197,0.010029299999587238,0.012505899998359382,0.01155799999833107,0.0002550000208429992
0.6,Weighted LP3 ($ 	heta $ Only),48,1218,0.0,,5,0,0,0,0.0,0.0,100.0,0.0011550999770406634,0.0031088000105228275,0.00020229999790899456,0.06784519998473115,0.1006640000268817,0.03641339999740012,0.009576799988280982,0.007526700006565079,0.011680700001306832,0.012980100000277162,0.00023790000705048442
0.6,Weighted LP3 ($ 	heta $ Only),49,1267,0.0005416807816040338,,3,2,0,2,5.754826183510006e-05,30.0,70.0,0.006348499999148771,0.0023441000084858388,0.0002195000124629587,0.07925879998947494,0.18946699998923577,0.06447480001952499,0.0152308999968227,0.027791499975137413,0.03817780001554638,0.03137779998360202,0.00023859998327679932
0.6,Borda LP3 ($ 	heta $ Only),0,42,0.001713082413319406,,4,9,3,6,0.00013987607228663684,80.0,20.0,0.004735599999548867,0.005297800002153963,0.00042669998947530985,0.08926740000606515,0.11722529999678954,0.038482400006614625,0.007784799992805347,0.008687199995620176,0.007645300007425249,0.008729399996809661,0.000662600010400638
0.6,Borda LP3 ($ 	heta $ Only),1,43,0.0009512782495974622,,4,5,1,4,7.588639098839978e-05,70.0,30.0,0.0021035000099800527,0.003525200008880347,0.0003080999886151403,0.09316109999781474,0.19200869998894632,0.19821840000804514,0.013249400013592094,0.015484000003198162,0.013984600023832172,0.01311970001552254,0.0009076999849639833
0.6,Borda LP3 ($ 	heta $ Only),2,45,0.0012848638990154131,,1,6,2,4,0.00011950028484132372,90.0,10.0,0.00644950001151301,0.002392499998677522,0.0002108000044245273,0.06944190000649542,0.13150980000500567,0.051022600004216656,0.008871500001987442,0.014159500016830862,0.013068300002487376,0.008680400002049282,0.0002948000037577003
0.6,Borda LP3 ($ 	heta $ Only),3,48,0.0006169836261338776,,0,2,0,2,5.782650173490446e-05,30.0,70.0,0.004116900003282353,0.002231899998150766,5.900001269765198e-05,0.09411999999429099,0.1223028999811504,0.04502029999275692,0.010274100000970066,0.008928499999456108,0.009729899989906698,0.009876100026303902,0.00024980001035146415
0.6,Borda LP3 ($ 	heta $ Only),4,52,0.0013046321855894783,,3,3,0,3,9.373837011715555e-05,90.0,10.0,0.004067400004714727,0.0024324999831151217,0.00021810000180266798,0.09134030001587234,0.12251799998921342,0.0650065999943763,0.011773799982620403,0.010974100005114451,0.008608700009062886,0.013359000004129484,0.00023330000112764537
0.6,Borda LP3 ($ 	heta $ Only),5,57,0.0,,7,0,0,0,0.0,0.0,100.0,0.001283499994315207,0.002831799996783957,0.00020470001618377864,0.1491350999858696,0.1370413999829907,0.05722570000216365,0.00872819998767227,0.012832699983846396,0.009981299983337522,0.00812069998937659,0.0002545999886933714
0.6,Borda LP3 ($ 	heta $ Only),6,63,0.0007441887674944366,,8,3,0,3,7.907891091936692e-05,80.0,20.0,0.0013816000137012452,0.004676700016716495,0.0002060999977402389,0.06932790001155809,0.12251979997381568,0.04910209999070503,0.011667000013403594,0.009613900008844212,0.011441699985880405,0.0072505999996792525,0.000212200015084818
0.6,Borda LP3 ($ 	heta $ Only),7,70,0.0,,5,0,0,0,0.0,0.0,100.0,0.0039607999788131565,0.002362300001550466,0.0002108000044245273,0.06746449999627657,0.13977989999693818,0.04310429998440668,0.00893849998828955,0.010979300015605986,0.013280899991514161,0.007677399989916012,0.00021989998640492558
0.6,Borda LP3 ($ 	heta $ Only),8,78,0.0025114051461628353,,1,13,7,6,0.00019729455765874764,80.0,20.0,0.0016719999839551747,0.006634999997913837,0.00028849998489022255,0.0731134999950882,0.13184889999683946,0.04086390000884421,0.013359900010982528,0.01259959998424165,0.014176199998473749,0.014666699978988618,0.0002466000150889158
0.6,Borda LP3 ($ 	heta $ Only),9,87,0.00033484637349205285,,0,3,0,3,6.680421577200487e-05,50.0,50.0,0.001403700007358566,0.003977599990321323,8.329999400302768e-05,0.07006180001189932,0.28228509999462403,0.05533380000269972,0.014564899989636615,0.014501099998597056,0.02452029997948557,0.01318759997957386,0.000309199996991083
0.6,Borda LP3 ($ 	heta $ Only),10,97,0.0019701025036565198,,0,8,3,5,0.0001845405977136134,90.0,10.0,0.001153399993199855,0.006293200014624745,9.350001346319914e-05,0.08453049999661744,0.12119469998287968,0.041182100016158074,0.012516500020865351,0.011988200014457107,0.010463699989486486,0.010617199994158,0.00024870000197552145
0.6,Borda LP3 ($ 	heta $ Only),11,108,0.0007548293974032369,,2,4,0,4,6.841153146371163e-05,60.0,40.0,0.004730899992864579,0.004884599999058992,0.00030339998193085194,0.08604300001752563,0.12473849998787045,0.05751039998722263,0.010797399998409674,0.008910200005630031,0.015131000021938235,0.011163299990585074,0.00023440000950358808
0.6,Borda LP3 ($ 	heta $ Only),12,120,0.0031571181621091876,,0,15,6,9,0.00021565504725893657,90.0,10.0,0.001141999993706122,0.002350700000533834,5.6599994422867894e-05,0.06878140001208521,0.12910310001461767,0.05031689998577349,0.009956200025044382,0.011588900000788271,0.010413699987111613,0.023635299992747605,0.00029609998455271125
0.6,Borda LP3 ($ 	heta $ Only),13,133,0.0,,4,0,0,0,0.0,0.0,100.0,0.0013313999806996435,0.006751200009603053,0.0004579999949783087,0.07842260002507828,0.11028659998555668,0.041774600016651675,0.014212700014468282,0.015871600015088916,0.013420000002952293,0.011852199997520074,0.00022780001745559275
0.6,Borda LP3 ($ 	heta $ Only),14,147,0.0005906696451187857,,6,5,0,5,5.955584043755719e-05,50.0,50.0,0.0013631000183522701,0.002446600003167987,0.000205400021513924,0.07200970000121742,0.14787709998199716,0.04189079999923706,0.009003100014524534,0.012300699978368357,0.007625700003700331,0.013113199995132163,0.00021830000332556665
0.6,Borda LP3 ($ 	heta $ Only),15,162,0.0010108086056559225,,3,5,0,5,6.801253020603038e-05,50.0,50.0,0.0011417000205256045,0.0024850000045262277,0.0003189000126440078,0.09223340000608005,0.2028573999996297,0.0423919000022579,0.009414600004674867,0.010828800004674122,0.008493799978168681,0.012921300018206239,0.0002342000079806894
0.6,Borda LP3 ($ 	heta $ Only),16,178,0.0028832048270432033,,1,7,2,5,0.00022246299982386827,90.0,10.0,0.0017965000006370246,0.007031099987216294,0.00023020000662654638,0.08147030000691302,0.13740490001509897,0.03800570001476444,0.010426299995742738,0.013969499996164814,0.05024579999735579,0.03351540002040565,0.00293950000195764
0.6,Borda LP3 ($ 	heta $ Only),17,195,0.0008908474811402588,,4,3,0,3,7.586877317492354e-05,80.0,20.0,0.0395213000010699,0.005587199993897229,0.00046949999523349106,0.16733840000233613,0.13235079997684807,0.0514882999996189,0.008594300015829504,0.01244109999970533,0.014236299990443513,0.01270609998027794,0.00022759998682886362
0.6,Borda LP3 ($ 	heta $ Only),18,213,0.00012473522193774098,,4,1,0,1,0.00012473522193774098,30.0,70.0,0.0013089000131003559,0.003972900012740865,0.0002972999936901033,0.0989250999991782,0.1139664999791421,0.05124989998876117,0.012370399985229596,0.009028400003444403,0.012059100001351908,0.01428870001109317,0.00022639997769147158
0.6,Borda LP3 ($ 	heta $ Only),19,232,0.0013631355736292753,,6,3,0,3,0.00011087839979697952,70.0,30.0,0.0013380000018514693,0.00265060001402162,0.00021260001813061535,0.07717830000910908,0.10700349998660386,0.04076000000350177,0.011445499985711649,0.007468600000720471,0.01022600001306273,0.009183699992718175,0.0021821999980602413
0.6,Borda LP3 ($ 	heta $ Only),20,252,0.0020913282586160196,,0,8,1,7,0.0001489762243180709,80.0,20.0,0.003994700004113838,0.0023910999880172312,5.690002581104636e-05,0.07852849998744205,0.14030440000351518,0.05598649999592453,0.014408199989702553,0.019567300012568012,0.022603800025535747,0.024184799985960126,0.00046209999709390104
0.6,Borda LP3 ($ 	heta $ Only),21,273,0.001779173094593484,,2,8,2,6,0.00011950258237267528,90.0,10.0,0.003475100005744025,0.003332399995997548,0.0002269999822601676,0.10596859999350272,0.18816310001420788,0.05652640000334941,0.009125399985350668,0.012251700012711808,0.011118900001747534,0.008075199992163107,0.00023430000874213874
0.6,Borda LP3 ($ 	heta $ Only),22,295,0.00027973045615205575,,5,4,0,4,0.00027973045615205575,40.0,60.0,0.001140100008342415,0.003491000010399148,0.00021150000975467265,0.07530979998409748,0.12253309998777695,0.054645099997287616,0.01691229999414645,0.01623690000269562,0.018111499986844137,0.015618200006429106,0.00022190000163391232
0.6,Borda LP3 ($ 	heta $ Only),23,318,0.0006154056952716,,0,3,1,2,0.00011529161498755722,40.0,60.0,0.0013347000058274716,0.00292319999425672,9.670000872574747e-05,0.07889599999180064,0.11750009999377653,0.05046800000127405,0.014265100006014109,0.014121999993221834,0.01326480001443997,0.011742500006221235,0.0004518000059761107
0.6,Borda LP3 ($ 	heta $ Only),24,342,0.0008184178811532712,,5,2,0,2,7.117240633386724e-05,70.0,30.0,0.0018405999871902168,0.002833900012774393,0.00019389999215491116,0.07200640000519343,0.1999216999975033,0.04953319998458028,0.008934299985412508,0.007610000000568107,0.009273800009395927,0.007711400015978143,0.00022059999173507094
0.6,Borda LP3 ($ 	heta $ Only),25,367,0.0,,3,0,0,0,0.0,0.0,100.0,0.005086599994683638,0.0035641000140458345,0.00029960001120343804,0.0721577999938745,0.1230863000091631,0.04730629999539815,0.008920899999793619,0.010425199987366796,0.013394299981882796,0.008367300004465505,0.00026160001289099455
0.6,Borda LP3 ($ 	heta $ Only),26,393,0.0019526074764885807,,2,9,3,6,0.00014259236870529078,90.0,10.0,0.0014680000022053719,0.004288900003302842,0.00040439999429509044,0.07471699998131953,0.10664169999654405,0.03778360001160763,0.012045699986629188,0.01165569998556748,0.00878000000375323,0.013053799979388714,0.00043569999979808927
0.6,Borda LP3 ($ 	heta $ Only),27,420,0.0,,0,0,0,0,0.0,0.0,100.0,0.0015705000259913504,0.007467699993867427,8.999998681247234e-05,0.07677830001921393,0.13940939999883994,0.06838149999384768,0.0181573000154458,0.04183469997951761,0.013866599998436868,0.012326099997153506,0.00024819999816827476
0.6,Borda LP3 ($ 	heta $ Only),28,448,0.000625596367489465,,1,3,0,3,7.004349143508332e-05,50.0,50.0,0.0014470000169239938,0.0025670999893918633,0.00021689999266527593,0.16450410001561977,0.12818920001154765,0.06038740000803955,0.013087500003166497,0.013843900000210851,0.015508599986787885,0.008333600009791553,0.00024049999774433672
0.6,Borda LP3 ($ 	heta $ Only),29,477,0.0005593563676474536,,2,2,0,2,6.0736640359210396e-05,60.0,40.0,0.005357899994123727,0.0026359999901615083,0.00027290001162327826,0.07910510001238436,0.13423229998443276,0.0473686000041198,0.009584000014001504,0.008039000007556751,0.009599500015610829,0.008299500012071803,0.00024900000425986946
0.6,Borda LP3 ($ 	heta $ Only),30,507,0.0021555939739472847,,0,10,1,9,0.00016136431878860838,80.0,20.0,0.004436300019733608,0.0033588000223971903,9.099999442696571e-05,0.07430430001113564,0.13161909999325871,0.04491679999046028,0.009970199986128137,0.011432400002377108,0.008868500008247793,0.010099000006448478,0.00024560000747442245
0.6,Borda LP3 ($ 	heta $ Only),31,538,0.00043067187562370943,,7,4,0,4,7.558044681943088e-05,80.0,20.0,0.0011264999920967966,0.002542000001994893,0.0002843000111170113,0.07355780000216328,0.10960710002109408,0.21076230000471696,0.019475400011288002,0.03716440001153387,0.03313729999354109,0.016243400023085997,0.00021910000941716135
0.6,Borda LP3 ($ 	heta $ Only),32,570,0.0027300846529973053,,2,7,0,7,0.0001973671304472673,90.0,10.0,0.001493599993409589,0.0058071000094059855,0.0006076999998185784,0.09506720001809299,0.14505680001457222,0.05884809998678975,0.011088700004620478,0.011010899994289503,0.012640599976293743,0.010933499987004325,0.00023919998784549534
0.6,Borda LP3 ($ 	heta $ Only),33,603,0.0020821025478262906,,1,9,6,3,0.00015919321621216326,70.0,30.0,0.0011598000128287822,0.00258089997805655,0.0002125999890267849,0.06557529998826794,0.19906310000806116,0.05545299997902475,0.010966299974825233,0.013342499994905666,0.008604700007708743,0.013603700004750863,0.0002410000015515834
0.6,Borda LP3 ($ 	heta $ Only),34,637,0.0,,1,0,0,0,0.0,0.0,100.0,0.0011257999867666513,0.0029313999984879047,0.0002138000272680074,0.10390919999917969,0.1138638999836985,0.048995999997714534,0.012717600009636953,0.015401499986182898,0.009689400001661852,0.013345600018510595,0.0002392000169493258
0.6,Borda LP3 ($ 	heta $ Only),35,672,0.0008019782857717911,,0,4,2,2,8.736713310242514e-05,80.0,20.0,0.0014578999835066497,0.0038665999891236424,8.789999992586672e-05,0.080755400005728,0.18128359998809174,0.06863890000386164,0.017647900007432327,0.015445900004124269,0.011919699987629429,0.008591499994508922,0.0002447000006213784
0.6,Borda LP3 ($ 	heta $ Only),36,708,0.0016261852985846865,,2,8,1,7,0.0001538420732125718,90.0,10.0,0.002060800004983321,0.0043147999967914075,0.00035559997195377946,0.07992270000977442,0.16212640001322143,0.05835039998055436,0.014957100007450208,0.013849599985405803,0.01345890000811778,0.012555499997688457,0.00043310000910423696
0.6,Borda LP3 ($ 	heta $ Only),37,745,0.002017208039192482,,5,9,0,9,0.00012964626727603507,90.0,10.0,0.0011326999810989946,0.00249349998193793,0.00020249999943189323,0.10268780001206324,0.1038018999970518,0.05592319997958839,0.011545599991222844,0.008571899990784004,0.012093500001356006,0.012218200019560754,0.00027400001999922097
0.6,Borda LP3 ($ 	heta $ Only),38,783,0.0014334107949698566,,4,3,1,2,0.00010362186214017922,80.0,20.0,0.0012197000032756478,0.0025160999794024974,0.0002083999861497432,0.08391450002091005,0.4076597999955993,0.060889999993378296,0.009480399981839582,0.009066500002518296,0.009192099998472258,0.00790139997843653,0.00022489999537356198
0.6,Borda LP3 ($ 	heta $ Only),39,822,0.00046963917510379284,,3,2,0,2,6.864681693101855e-05,50.0,50.0,0.0038776999863330275,0.00394110000343062,0.0004970000009052455,0.09032449999358505,0.1269449999963399,0.04111410002224147,0.011024200008250773,0.007921299984445795,0.010349699994549155,0.008642899978440255,0.00022750001517124474
0.6,Borda LP3 ($ 	heta $ Only),40,862,0.0008639821827475427,,5,4,0,4,5.066581822607344e-05,50.0,50.0,0.005260000005364418,0.0024144999915733933,0.0001993000041693449,0.07184719998622313,0.1212359000055585,0.07619799999520183,0.007703400013269857,0.013629599998239428,0.011915799987036735,0.00860810000449419,0.00022200000239536166
0.6,Borda LP3 ($ 	heta $ Only),41,903,0.0009248879546998859,,4,4,0,4,0.0001616589549954624,70.0,30.0,0.0016543999954592437,0.004449699976248667,0.00021739999647252262,0.08843709999928251,0.13067190002766438,0.07107799997902475,0.01193290000082925,0.009063899982720613,0.01469599999836646,0.017519499990157783,0.0004206000012345612
0.6,Borda LP3 ($ 	heta $ Only),42,945,0.0015445490663558758,,3,5,0,5,0.00015068066746206512,90.0,10.0,0.0011732999992091209,0.005325300007825717,0.00029739999445155263,0.07132729998556897,0.1494269999966491,0.053587400005199015,0.013188499986426905,0.012849699996877462,0.008965599990915507,0.01041699998313561,0.00022680000984109938
0.6,Borda LP3 ($ 	heta $ Only),43,988,0.0006391309380126268,,5,4,1,3,7.32919494291727e-05,40.0,60.0,0.0011350999993737787,0.004268400021828711,0.00024199998006224632,0.08105360000627115,0.13844500001869164,0.053038999991258606,0.007882300007622689,0.011226599977817386,0.007728199998382479,0.01141870001447387,0.0003837000112980604
0.6,Borda LP3 ($ 	heta $ Only),44,1032,0.0011989858977880753,,0,6,1,5,0.00013750208922521862,80.0,20.0,0.0017726999940350652,0.0032910000008996576,8.080000407062471e-05,0.06396110000787303,0.12324520002584904,0.05458809999981895,0.014044300012756139,0.011312300019199029,0.01135640000575222,0.013529000018024817,0.00024399999529123306
0.6,Borda LP3 ($ 	heta $ Only),45,1077,0.0009606566503398618,,3,3,1,2,6.674373221008771e-05,50.0,50.0,0.001353699975879863,0.0025830999948084354,0.00021470000501722097,0.08659640001133084,0.12474790000123903,0.052808000007644296,0.012247100006788969,0.008220499992603436,0.013347600004635751,0.012350000004516914,0.0004177000082563609
0.6,Borda LP3 ($ 	heta $ Only),46,1123,0.001399911463310137,,4,8,1,7,0.00015742781103461923,90.0,10.0,0.0012741999817080796,0.003118900000117719,0.00022379998699761927,0.07944090000819415,0.13770689998636954,0.03232009999919683,0.008017399988602847,0.0112807999830693,0.010103500011609867,0.010501000011572614,0.00041500001680105925
0.6,Borda LP3 ($ 	heta $ Only),47,1170,0.0,,0,0,0,0,0.0,0.0,100.0,0.0011223000183235854,0.006347599992295727,6.399999256245792e-05,0.0633842000097502,0.133670399984112,0.060669599974062294,0.013546700007282197,0.010029299999587238,0.012505899998359382,0.01155799999833107,0.0002550000208429992
0.6,Borda LP3 ($ 	heta $ Only),48,1218,0.0,,5,0,0,0,0.0,0.0,100.0,0.0011550999770406634,0.0031088000105228275,0.00020229999790899456,0.06784519998473115,0.1006640000268817,0.03641339999740012,0.009576799988280982,0.007526700006565079,0.011680700001306832,0.012980100000277162,0.00023790000705048442
0.6,Borda LP3 ($ 	heta $ Only),49,1267,0.000781556824414319,,3,2,0,2,5.2868802219483574e-05,30.0,70.0,0.006348499999148771,0.0023441000084858388,0.0002195000124629587,0.07925879998947494,0.18946699998923577,0.06447480001952499,0.0152308999968227,0.027791499975137413,0.03817780001554638,0.03137779998360202,0.00023859998327679932
0.6,Linear BTL,0,42,,-72.7238405962579,4,11,2,9,,,,0.004735599999548867,0.005297800002153963,0.00042669998947530985,0.08926740000606515,0.11722529999678954,0.038482400006614625,0.007784799992805347,0.008687199995620176,0.007645300007425249,0.008729399996809661,0.000662600010400638
0.6,Linear BTL,1,43,,-77.34229823320815,4,5,0,5,,,,0.0021035000099800527,0.003525200008880347,0.0003080999886151403,0.09316109999781474,0.19200869998894632,0.19821840000804514,0.013249400013592094,0.015484000003198162,0.013984600023832172,0.01311970001552254,0.0009076999849639833
0.6,Linear BTL,2,45,,-56.8733537070194,1,7,1,6,,,,0.00644950001151301,0.002392499998677522,0.0002108000044245273,0.06944190000649542,0.13150980000500567,0.051022600004216656,0.008871500001987442,0.014159500016830862,0.013068300002487376,0.008680400002049282,0.0002948000037577003
0.6,Linear BTL,3,48,,-61.59919408311995,0,4,0,4,,,,0.004116900003282353,0.002231899998150766,5.900001269765198e-05,0.09411999999429099,0.1223028999811504,0.04502029999275692,0.010274100000970066,0.008928499999456108,0.009729899989906698,0.009876100026303902,0.00024980001035146415
0.6,Linear BTL,4,52,,-67.15661127946777,3,4,0,4,,,,0.004067400004714727,0.0024324999831151217,0.00021810000180266798,0.09134030001587234,0.12251799998921342,0.0650065999943763,0.011773799982620403,0.010974100005114451,0.008608700009062886,0.013359000004129484,0.00023330000112764537
0.6,Linear BTL,5,57,,-72.89719357085839,7,1,0,1,,,,0.001283499994315207,0.002831799996783957,0.00020470001618377864,0.1491350999858696,0.1370413999829907,0.05722570000216365,0.00872819998767227,0.012832699983846396,0.009981299983337522,0.00812069998937659,0.0002545999886933714
0.6,Linear BTL,6,63,,-81.57577086988887,8,4,0,4,,,,0.0013816000137012452,0.004676700016716495,0.0002060999977402389,0.06932790001155809,0.12251979997381568,0.04910209999070503,0.011667000013403594,0.009613900008844212,0.011441699985880405,0.0072505999996792525,0.000212200015084818
0.6,Linear BTL,7,70,,-67.65950894613489,5,2,0,2,,,,0.0039607999788131565,0.002362300001550466,0.0002108000044245273,0.06746449999627657,0.13977989999693818,0.04310429998440668,0.00893849998828955,0.010979300015605986,0.013280899991514161,0.007677399989916012,0.00021989998640492558
0.6,Linear BTL,8,78,,-77.12587239815677,1,13,5,8,,,,0.0016719999839551747,0.006634999997913837,0.00028849998489022255,0.0731134999950882,0.13184889999683946,0.04086390000884421,0.013359900010982528,0.01259959998424165,0.014176199998473749,0.014666699978988618,0.0002466000150889158
0.6,Linear BTL,9,87,,-60.30601647047733,0,3,0,3,,,,0.001403700007358566,0.003977599990321323,8.329999400302768e-05,0.07006180001189932,0.28228509999462403,0.05533380000269972,0.014564899989636615,0.014501099998597056,0.02452029997948557,0.01318759997957386,0.000309199996991083
0.6,Linear BTL,10,97,,-80.25920523708703,0,10,3,7,,,,0.001153399993199855,0.006293200014624745,9.350001346319914e-05,0.08453049999661744,0.12119469998287968,0.041182100016158074,0.012516500020865351,0.011988200014457107,0.010463699989486486,0.010617199994158,0.00024870000197552145
0.6,Linear BTL,11,108,,-76.00165990880386,2,5,0,5,,,,0.004730899992864579,0.004884599999058992,0.00030339998193085194,0.08604300001752563,0.12473849998787045,0.05751039998722263,0.010797399998409674,0.008910200005630031,0.015131000021938235,0.011163299990585074,0.00023440000950358808
0.6,Linear BTL,12,120,,-77.7972474032429,0,17,6,11,,,,0.001141999993706122,0.002350700000533834,5.6599994422867894e-05,0.06878140001208521,0.12910310001461767,0.05031689998577349,0.009956200025044382,0.011588900000788271,0.010413699987111613,0.023635299992747605,0.00029609998455271125
0.6,Linear BTL,13,133,,-67.99897780081209,4,5,0,5,,,,0.0013313999806996435,0.006751200009603053,0.0004579999949783087,0.07842260002507828,0.11028659998555668,0.041774600016651675,0.014212700014468282,0.015871600015088916,0.013420000002952293,0.011852199997520074,0.00022780001745559275
0.6,Linear BTL,14,147,,-85.8398859936826,6,5,0,5,,,,0.0013631000183522701,0.002446600003167987,0.000205400021513924,0.07200970000121742,0.14787709998199716,0.04189079999923706,0.009003100014524534,0.012300699978368357,0.007625700003700331,0.013113199995132163,0.00021830000332556665
0.6,Linear BTL,15,162,,-80.17188311225111,3,6,0,6,,,,0.0011417000205256045,0.0024850000045262277,0.0003189000126440078,0.09223340000608005,0.2028573999996297,0.0423919000022579,0.009414600004674867,0.010828800004674122,0.008493799978168681,0.012921300018206239,0.0002342000079806894
0.6,Linear BTL,16,178,,-83.02103413606646,1,14,3,11,,,,0.0017965000006370246,0.007031099987216294,0.00023020000662654638,0.08147030000691302,0.13740490001509897,0.03800570001476444,0.010426299995742738,0.013969499996164814,0.05024579999735579,0.03351540002040565,0.00293950000195764
0.6,Linear BTL,17,195,,-65.75374995179777,4,6,0,6,,,,0.0395213000010699,0.005587199993897229,0.00046949999523349106,0.16733840000233613,0.13235079997684807,0.0514882999996189,0.008594300015829504,0.01244109999970533,0.014236299990443513,0.01270609998027794,0.00022759998682886362
0.6,Linear BTL,18,213,,-69.98039830137843,4,4,0,4,,,,0.0013089000131003559,0.003972900012740865,0.0002972999936901033,0.0989250999991782,0.1139664999791421,0.05124989998876117,0.012370399985229596,0.009028400003444403,0.012059100001351908,0.01428870001109317,0.00022639997769147158
0.6,Linear BTL,19,232,,-79.27447504164202,6,5,0,5,,,,0.0013380000018514693,0.00265060001402162,0.00021260001813061535,0.07717830000910908,0.10700349998660386,0.04076000000350177,0.011445499985711649,0.007468600000720471,0.01022600001306273,0.009183699992718175,0.0021821999980602413
0.6,Linear BTL,20,252,,-75.0902651692238,0,8,1,7,,,,0.003994700004113838,0.0023910999880172312,5.690002581104636e-05,0.07852849998744205,0.14030440000351518,0.05598649999592453,0.014408199989702553,0.019567300012568012,0.022603800025535747,0.024184799985960126,0.00046209999709390104
0.6,Linear BTL,21,273,,-72.17724778448644,2,7,2,5,,,,0.003475100005744025,0.003332399995997548,0.0002269999822601676,0.10596859999350272,0.18816310001420788,0.05652640000334941,0.009125399985350668,0.012251700012711808,0.011118900001747534,0.008075199992163107,0.00023430000874213874
0.6,Linear BTL,22,295,,-77.16608495907164,5,8,0,8,,,,0.001140100008342415,0.003491000010399148,0.00021150000975467265,0.07530979998409748,0.12253309998777695,0.054645099997287616,0.01691229999414645,0.01623690000269562,0.018111499986844137,0.015618200006429106,0.00022190000163391232
0.6,Linear BTL,23,318,,-72.50618410300584,0,6,1,5,,,,0.0013347000058274716,0.00292319999425672,9.670000872574747e-05,0.07889599999180064,0.11750009999377653,0.05046800000127405,0.014265100006014109,0.014121999993221834,0.01326480001443997,0.011742500006221235,0.0004518000059761107
0.6,Linear BTL,24,342,,-75.61373115612793,5,6,0,6,,,,0.0018405999871902168,0.002833900012774393,0.00019389999215491116,0.07200640000519343,0.1999216999975033,0.04953319998458028,0.008934299985412508,0.007610000000568107,0.009273800009395927,0.007711400015978143,0.00022059999173507094
0.6,Linear BTL,25,367,,-63.66001737799532,3,4,0,4,,,,0.005086599994683638,0.0035641000140458345,0.00029960001120343804,0.0721577999938745,0.1230863000091631,0.04730629999539815,0.008920899999793619,0.010425199987366796,0.013394299981882796,0.008367300004465505,0.00026160001289099455
0.6,Linear BTL,26,393,,-83.59349909823499,2,7,2,5,,,,0.0014680000022053719,0.004288900003302842,0.00040439999429509044,0.07471699998131953,0.10664169999654405,0.03778360001160763,0.012045699986629188,0.01165569998556748,0.00878000000375323,0.013053799979388714,0.00043569999979808927
0.6,Linear BTL,27,420,,-43.37757989269349,0,3,0,3,,,,0.0015705000259913504,0.007467699993867427,8.999998681247234e-05,0.07677830001921393,0.13940939999883994,0.06838149999384768,0.0181573000154458,0.04183469997951761,0.013866599998436868,0.012326099997153506,0.00024819999816827476
0.6,Linear BTL,28,448,,-54.07467513370975,1,3,0,3,,,,0.0014470000169239938,0.0025670999893918633,0.00021689999266527593,0.16450410001561977,0.12818920001154765,0.06038740000803955,0.013087500003166497,0.013843900000210851,0.015508599986787885,0.008333600009791553,0.00024049999774433672
0.6,Linear BTL,29,477,,-65.64657842763785,2,2,0,2,,,,0.005357899994123727,0.0026359999901615083,0.00027290001162327826,0.07910510001238436,0.13423229998443276,0.0473686000041198,0.009584000014001504,0.008039000007556751,0.009599500015610829,0.008299500012071803,0.00024900000425986946
0.6,Linear BTL,30,507,,-70.78131519328709,0,10,1,9,,,,0.004436300019733608,0.0033588000223971903,9.099999442696571e-05,0.07430430001113564,0.13161909999325871,0.04491679999046028,0.009970199986128137,0.011432400002377108,0.008868500008247793,0.010099000006448478,0.00024560000747442245
0.6,Linear BTL,31,538,,-80.47171617983177,7,6,0,6,,,,0.0011264999920967966,0.002542000001994893,0.0002843000111170113,0.07355780000216328,0.10960710002109408,0.21076230000471696,0.019475400011288002,0.03716440001153387,0.03313729999354109,0.016243400023085997,0.00021910000941716135
0.6,Linear BTL,32,570,,-84.14911703312092,2,10,0,10,,,,0.001493599993409589,0.0058071000094059855,0.0006076999998185784,0.09506720001809299,0.14505680001457222,0.05884809998678975,0.011088700004620478,0.011010899994289503,0.012640599976293743,0.010933499987004325,0.00023919998784549534
0.6,Linear BTL,33,603,,-80.39792026668209,1,13,6,7,,,,0.0011598000128287822,0.00258089997805655,0.0002125999890267849,0.06557529998826794,0.19906310000806116,0.05545299997902475,0.010966299974825233,0.013342499994905666,0.008604700007708743,0.013603700004750863,0.0002410000015515834
0.6,Linear BTL,34,637,,-61.84605138994811,1,4,0,4,,,,0.0011257999867666513,0.0029313999984879047,0.0002138000272680074,0.10390919999917969,0.1138638999836985,0.048995999997714534,0.012717600009636953,0.015401499986182898,0.009689400001661852,0.013345600018510595,0.0002392000169493258
0.6,Linear BTL,35,672,,-50.02529248998517,0,4,2,2,,,,0.0014578999835066497,0.0038665999891236424,8.789999992586672e-05,0.080755400005728,0.18128359998809174,0.06863890000386164,0.017647900007432327,0.015445900004124269,0.011919699987629429,0.008591499994508922,0.0002447000006213784
0.6,Linear BTL,36,708,,-68.28254402108699,2,9,1,8,,,,0.002060800004983321,0.0043147999967914075,0.00035559997195377946,0.07992270000977442,0.16212640001322143,0.05835039998055436,0.014957100007450208,0.013849599985405803,0.01345890000811778,0.012555499997688457,0.00043310000910423696
0.6,Linear BTL,37,745,,-80.65583437506388,5,10,1,9,,,,0.0011326999810989946,0.00249349998193793,0.00020249999943189323,0.10268780001206324,0.1038018999970518,0.05592319997958839,0.011545599991222844,0.008571899990784004,0.012093500001356006,0.012218200019560754,0.00027400001999922097
0.6,Linear BTL,38,783,,-71.37767569029947,4,7,1,6,,,,0.0012197000032756478,0.0025160999794024974,0.0002083999861497432,0.08391450002091005,0.4076597999955993,0.060889999993378296,0.009480399981839582,0.009066500002518296,0.009192099998472258,0.00790139997843653,0.00022489999537356198
0.6,Linear BTL,39,822,,-75.59323170206228,3,4,0,4,,,,0.0038776999863330275,0.00394110000343062,0.0004970000009052455,0.09032449999358505,0.1269449999963399,0.04111410002224147,0.011024200008250773,0.007921299984445795,0.010349699994549155,0.008642899978440255,0.00022750001517124474
0.6,Linear BTL,40,862,,-82.6451394475658,5,5,1,4,,,,0.005260000005364418,0.0024144999915733933,0.0001993000041693449,0.07184719998622313,0.1212359000055585,0.07619799999520183,0.007703400013269857,0.013629599998239428,0.011915799987036735,0.00860810000449419,0.00022200000239536166
0.6,Linear BTL,41,903,,-82.44319125634335,4,8,0,8,,,,0.0016543999954592437,0.004449699976248667,0.00021739999647252262,0.08843709999928251,0.13067190002766438,0.07107799997902475,0.01193290000082925,0.009063899982720613,0.01469599999836646,0.017519499990157783,0.0004206000012345612
0.6,Linear BTL,42,945,,-69.28526587740478,3,6,0,6,,,,0.0011732999992091209,0.005325300007825717,0.00029739999445155263,0.07132729998556897,0.1494269999966491,0.053587400005199015,0.013188499986426905,0.012849699996877462,0.008965599990915507,0.01041699998313561,0.00022680000984109938
0.6,Linear BTL,43,988,,-75.8200372919963,5,5,1,4,,,,0.0011350999993737787,0.004268400021828711,0.00024199998006224632,0.08105360000627115,0.13844500001869164,0.053038999991258606,0.007882300007622689,0.011226599977817386,0.007728199998382479,0.01141870001447387,0.0003837000112980604
0.6,Linear BTL,44,1032,,-60.88311912489392,0,7,0,7,,,,0.0017726999940350652,0.0032910000008996576,8.080000407062471e-05,0.06396110000787303,0.12324520002584904,0.05458809999981895,0.014044300012756139,0.011312300019199029,0.01135640000575222,0.013529000018024817,0.00024399999529123306
0.6,Linear BTL,45,1077,,-60.59120781142375,3,5,1,4,,,,0.001353699975879863,0.0025830999948084354,0.00021470000501722097,0.08659640001133084,0.12474790000123903,0.052808000007644296,0.012247100006788969,0.008220499992603436,0.013347600004635751,0.012350000004516914,0.0004177000082563609
0.6,Linear BTL,46,1123,,-83.48330145938849,4,8,2,6,,,,0.0012741999817080796,0.003118900000117719,0.00022379998699761927,0.07944090000819415,0.13770689998636954,0.03232009999919683,0.008017399988602847,0.0112807999830693,0.010103500011609867,0.010501000011572614,0.00041500001680105925
0.6,Linear BTL,47,1170,,-77.92623924735268,0,4,1,3,,,,0.0011223000183235854,0.006347599992295727,6.399999256245792e-05,0.0633842000097502,0.133670399984112,0.060669599974062294,0.013546700007282197,0.010029299999587238,0.012505899998359382,0.01155799999833107,0.0002550000208429992
0.6,Linear BTL,48,1218,,-70.52110304362503,5,1,0,1,,,,0.0011550999770406634,0.0031088000105228275,0.00020229999790899456,0.06784519998473115,0.1006640000268817,0.03641339999740012,0.009576799988280982,0.007526700006565079,0.011680700001306832,0.012980100000277162,0.00023790000705048442
0.6,Linear BTL,49,1267,,-68.36089234129987,3,4,0,4,,,,0.006348499999148771,0.0023441000084858388,0.0002195000124629587,0.07925879998947494,0.18946699998923577,0.06447480001952499,0.0152308999968227,0.027791499975137413,0.03817780001554638,0.03137779998360202,0.00023859998327679932
0.7,LP2 ($ 	heta $ Only),0,42,1.6644041076722622e-05,,5,5,1,4,1.6644041076722622e-05,30.0,70.0,0.003270899993367493,0.0027017999964300543,0.00021769999875687063,0.08289499999955297,0.1177091000135988,0.04223620000993833,0.011991200008196756,0.012643099995329976,0.009350599983008578,0.011395500012440607,0.0004056000034324825
0.7,LP2 ($ 	heta $ Only),1,43,2.4799511434948734e-05,,3,8,2,6,2.479951143494873e-05,40.0,60.0,0.0011251000105403364,0.003426700015552342,0.0005102000141050667,0.07934770002611913,0.15233169999555685,0.04078699997626245,0.009047300001839176,0.008017499989364296,0.00955489999614656,0.009563200001139194,0.000242199981585145
0.7,LP2 ($ 	heta $ Only),2,45,3.152111608516333e-05,,0,12,5,7,3.152111608516333e-05,40.0,60.0,0.0042335000180173665,0.002467800019076094,0.00011119997361674905,0.069557699986035,0.13296099999570288,0.052797499985899776,0.0142100999946706,0.013905900006648153,0.011902600002940744,0.009255699987988919,0.0002460000105202198
0.7,LP2 ($ 	heta $ Only),3,48,1.4183044513234176e-05,,3,3,1,2,1.4183044513234176e-05,20.0,80.0,0.0015798999811522663,0.0030184999923221767,0.00021040000137872994,0.07529740000609308,0.1704236000077799,0.052347200020449236,0.012211900000693277,0.009464200004003942,0.012664099980611354,0.012791499990271404,0.0002314999874215573
0.7,LP2 ($ 	heta $ Only),4,52,0.0,,7,0,0,0,0.0,0.0,100.0,0.0017681000172160566,0.0025298999971710145,0.00019910000264644623,0.07245169999077916,0.12314049998531118,0.07085920000099577,0.012483099999371916,0.014437800011364743,0.011339200020302087,0.009309499990195036,0.0003958999877795577
0.7,LP2 ($ 	heta $ Only),5,57,2.5585537572264494e-05,,6,9,1,8,2.5585537572264497e-05,30.0,70.0,0.0011463999981060624,0.005914000008488074,0.0003148999821860343,0.07447930000489578,0.11704519999329932,0.042701900005340576,0.01056840000092052,0.008661800005938858,0.0131892999925185,0.009438699984457344,0.0010006999946199358
0.7,LP2 ($ 	heta $ Only),6,63,8.9225697185181e-06,,12,6,0,6,8.9225697185181e-06,40.0,60.0,0.002436400012811646,0.0035475999757181853,0.00020129999029450119,0.058427899988600984,0.0845911999931559,0.05890989999170415,0.009872499998891726,0.006231900013517588,0.013597800018033013,0.012587400007760152,0.0002646000066306442
0.7,LP2 ($ 	heta $ Only),7,70,1.9561895210341553e-05,,5,9,1,8,1.9561895210341553e-05,40.0,60.0,0.0016438000020571053,0.0030845000001136214,0.0003020000003743917,0.0792430000146851,0.11805950000416487,0.04513380001299083,0.009538799989968538,0.010259900009259582,0.010924300004262477,0.009003100014524534,0.0004197999951429665
0.7,LP2 ($ 	heta $ Only),8,78,2.8624103219591924e-05,,1,8,2,6,2.8624103219591924e-05,30.0,70.0,0.0016002999909687787,0.005640099989250302,0.00032809999538585544,0.1074889000155963,0.12733659998048097,0.04250310000497848,0.010379099985584617,0.011047400010284036,0.011686200014082715,0.010419099999126047,0.00044120001257397234
0.7,LP2 ($ 	heta $ Only),9,87,2.6380429472666758e-05,,1,5,3,2,2.6380429472666758e-05,20.0,80.0,0.0051793999737128615,0.0026529999740887433,0.00023040000814944506,0.07418660001712851,0.13329090000479482,0.06692740001017228,0.02047849999507889,0.014312100014649332,0.015069100016262382,0.010432400013087317,0.0002410000015515834
0.7,LP2 ($ 	heta $ Only),10,97,1.992815163063137e-05,,0,8,1,7,1.992815163063137e-05,20.0,80.0,0.0011655999987851828,0.0033725999819580466,5.9299985878169537e-05,0.06887059999280609,0.2109379000030458,0.11918200002401136,0.07075839999015443,0.04767820000415668,0.02797139997710474,0.020228000008501112,0.0005514000076800585
0.7,LP2 ($ 	heta $ Only),11,108,0.0,,3,0,0,0,0.0,0.0,100.0,0.001167400012491271,0.02433820001897402,0.000895500008482486,0.09871349998866208,0.17953249998390675,0.05930880000232719,0.013932400004705414,0.012877500004833564,0.009899199998471886,0.012151200004154816,0.00026199998683296144
0.7,LP2 ($ 	heta $ Only),12,120,3.17782804744011e-05,,2,6,6,0,3.17782804744011e-05,10.0,90.0,0.0019230000034440309,0.0025301999994553626,0.00030519999563694,0.10190530002000742,0.1435477000195533,0.03212519999942742,0.008210100000724196,0.009292000002460554,0.008055599988438189,0.00988369999686256,0.0004317999992053956
0.7,LP2 ($ 	heta $ Only),13,133,1.3478647064201969e-05,,7,4,3,1,1.3478647064201969e-05,10.0,90.0,0.0011210999800823629,0.0023671000089962035,0.00018919998547062278,0.06623130000662059,0.10935869999229908,0.0635550000006333,0.0091369999863673,0.00775170000270009,0.011907300009625033,0.007430800003930926,0.0002142000012099743
0.7,LP2 ($ 	heta $ Only),14,147,1.3011814420896033e-05,,7,5,1,4,1.3011814420896033e-05,20.0,80.0,0.0013160000089555979,0.005721199995605275,0.0004285000031813979,0.0657366999948863,0.14034919999539852,0.05738879999262281,0.01274479998392053,0.014012699975864962,0.01926510001067072,0.008254200016381219,0.0002156999835278839
0.7,LP2 ($ 	heta $ Only),15,162,3.2679912765396804e-05,,2,9,1,8,3.2679912765396804e-05,40.0,60.0,0.005760800006100908,0.0035721000167541206,0.00045339998905546963,0.08031270001083612,0.1270399000204634,0.041341800009831786,0.013780100009171292,0.012690499977907166,0.011000200000125915,0.013293700001668185,0.00043489999370649457
0.7,LP2 ($ 	heta $ Only),16,178,9.739919792628468e-06,,1,1,0,1,9.739919792628468e-06,10.0,90.0,0.001135200000135228,0.005682100018020719,0.00022869999520480633,0.07506780000403523,0.13302300000214018,0.056122400012100115,0.009789600007934496,0.011796000006143004,0.011726099997758865,0.00848369998857379,0.0002410000015515834
0.7,LP2 ($ 	heta $ Only),17,195,1.770827185879105e-05,,4,4,0,4,1.770827185879105e-05,30.0,70.0,0.007367800018982962,0.002351200004341081,0.0001956000050995499,0.07266150001669303,0.13722340000094846,0.05234190000919625,0.00980509998043999,0.007782000000588596,0.008836099994368851,0.007972299994435161,0.00022399998852051795
0.7,LP2 ($ 	heta $ Only),18,213,1.398864067637223e-05,,9,5,0,5,1.398864067637223e-05,10.0,90.0,0.004162900004303083,0.0024411000194959342,0.0002041999832727015,0.06310050000320189,0.11690639998414554,0.04505700001027435,0.008627100003650412,0.009142199996858835,0.007619999989401549,0.01134460000321269,0.00020440001389943063
0.7,LP2 ($ 	heta $ Only),19,232,4.3679260480743845e-06,,7,2,0,2,4.3679260480743845e-06,10.0,90.0,0.0013367999927140772,0.002872400014894083,0.0007272000075317919,0.07316240001819097,0.10243310002260841,0.050198799988720566,0.01035779999801889,0.011348400003043935,0.007446699979482219,0.012878500012448058,0.0002182999742217362
0.7,LP2 ($ 	heta $ Only),20,252,1.2333146796499024e-05,,2,2,2,0,1.2333146796499024e-05,10.0,90.0,0.0014507999876514077,0.003331600019009784,0.00036780000664293766,0.08034749998478219,0.12249619999784045,0.059352499985834584,0.009234299999661744,0.01260999997612089,0.014074700011406094,0.011924399994313717,0.0004301999870222062
0.7,LP2 ($ 	heta $ Only),21,273,1.1146294263083337e-05,,5,2,0,2,1.1146294263083337e-05,20.0,80.0,0.0013246999878901988,0.0029836999892722815,0.00020020001102238894,0.08429999998770654,0.20880469999974594,0.0822178999951575,0.008570399979362264,0.012168100016424432,0.01148099999409169,0.009539499995298684,0.0004015000013168901
0.7,LP2 ($ 	heta $ Only),22,295,1.9334082948464437e-05,,4,7,1,6,1.9334082948464437e-05,30.0,70.0,0.00425810000160709,0.00228909999714233,0.0002010999887716025,0.09402580000460148,0.13079019999713637,0.05405729997437447,0.009525000001303852,0.007718799985013902,0.009688100020866841,0.00903180000022985,0.0004130000015720725
0.7,LP2 ($ 	heta $ Only),23,318,0.0,,7,0,0,0,0.0,0.0,100.0,0.004988100001355633,0.0024588999804109335,0.00019489999976940453,0.062471099983667955,0.12187350000021979,0.051822599984006956,0.007271400012541562,0.01115659999777563,0.008860400004778057,0.010036599996965379,0.00038889999268576503
0.7,LP2 ($ 	heta $ Only),24,342,0.0,,6,0,0,0,0.0,0.0,100.0,0.0011273999989498407,0.002610299998195842,0.0002820999943651259,0.08104019999154843,0.10876750000170432,0.05551559999003075,0.007349199993768707,0.009469200012972578,0.009596099989721552,0.013859799975762144,0.00044079998042434454
0.7,LP2 ($ 	heta $ Only),25,367,1.4403998822661201e-05,,2,4,0,4,1.4403998822661201e-05,30.0,70.0,0.006141099991509691,0.00346400000853464,0.00031969998963177204,0.07577349999337457,0.1365193000237923,0.048503799975151196,0.013542000000597909,0.013106099999276921,0.04368630002136342,0.07422979999682866,0.001784899999620393
0.7,LP2 ($ 	heta $ Only),26,393,0.0,,2,0,0,0,0.0,0.0,100.0,0.011083499994128942,0.005239399994025007,0.00045479999971576035,0.20594809998874553,0.11764219999895431,0.04185570002300665,0.009610900015104562,0.011620399978710338,0.00869109999621287,0.012782000005245209,0.0002339000056963414
0.7,LP2 ($ 	heta $ Only),27,420,0.0,,0,0,0,0,0.0,0.0,100.0,0.0014143000007607043,0.005727800016757101,0.0003004999889526516,0.0817481999984011,0.10744580000755377,0.057741700002225116,0.012752900016494095,0.010711600014474243,0.013377700001001358,0.012324199982685968,0.0002589999930933118
0.7,LP2 ($ 	heta $ Only),28,448,2.9850520404029826e-05,,3,8,1,7,2.9850520404029826e-05,30.0,70.0,0.0012268999998923391,0.003241600003093481,0.00021780002862215042,0.07171289998223074,0.12063369998941198,0.04388979999930598,0.011578199977520853,0.009469899989198893,0.011698999995132908,0.013366500003030524,0.0002294000005349517
0.7,LP2 ($ 	heta $ Only),29,477,2.3211546397278726e-05,,5,9,1,8,2.3211546397278722e-05,40.0,60.0,0.0013427000085357577,0.002648300025612116,0.00020969999604858458,0.072854300000472,0.15053980000084266,0.06391249998705462,0.015453900006832555,0.0115726999938488,0.008277499990072101,0.012100499996449798,0.0002646000066306442
0.7,LP2 ($ 	heta $ Only),30,507,2.92152506671661e-05,,0,10,2,8,2.9215250667166102e-05,40.0,60.0,0.0014727999805472791,0.004508899990469217,9.399998816661537e-05,0.08717009998508729,0.14179240001249127,0.04193099998519756,0.022180100000696257,0.01641029998427257,0.01906390002113767,0.012652300007175654,0.0002488000027369708
0.7,LP2 ($ 	heta $ Only),31,538,1.4715291866205787e-05,,9,7,1,6,1.4715291866205787e-05,20.0,80.0,0.002839199994923547,0.002508700010366738,0.00019130000146105886,0.06702210000366904,0.11338809999870136,0.04256380000151694,0.0070973999972920865,0.012782900012098253,0.009082500007934868,0.01114330001291819,0.00020390001009218395
0.7,LP2 ($ 	heta $ Only),32,570,2.501111451503085e-05,,4,5,1,4,2.501111451503085e-05,30.0,70.0,0.001129099982790649,0.005967500008409843,0.0003240999940317124,0.07241289998637512,0.13734769998700358,0.0603928999917116,0.009144599986029789,0.009752200014190748,0.007953599997563288,0.011958599992794916,0.00022839999292045832
0.7,LP2 ($ 	heta $ Only),33,603,2.2359663498319987e-05,,4,7,2,5,2.2359663498319987e-05,30.0,70.0,0.001290899992454797,0.0027624000213108957,0.00021800000104121864,0.06548359998851083,0.12338239999371581,0.05324780000955798,0.009793699980946258,0.00922879998688586,0.01186759999836795,0.01251820000470616,0.0004408999811857939
0.7,LP2 ($ 	heta $ Only),34,637,8.463576160359606e-06,,1,2,0,2,8.463576160359606e-06,10.0,90.0,0.0011249000090174377,0.0022511999995913357,0.0002049999893642962,0.09728329998324625,0.13192240000353195,0.04362699997727759,0.00916229997528717,0.012561800016555935,0.011790300020948052,0.009735100000398234,0.0004481000069063157
0.7,LP2 ($ 	heta $ Only),35,672,4.58383220273959e-05,,1,7,4,3,4.58383220273959e-05,40.0,60.0,0.0016961999936029315,0.004685599997173995,0.0003012999950442463,0.08592319997842424,0.1417377000034321,0.0294634000165388,0.009389600018039346,0.009728500008350238,0.010435600008349866,0.008470799977658316,0.00023940001847222447
0.7,LP2 ($ 	heta $ Only),36,708,4.508565411683857e-05,,1,13,5,8,4.5085654116838575e-05,40.0,60.0,0.004873099998803809,0.002510200021788478,0.0002111000067088753,0.06940090001444332,0.1334043999959249,0.05668199999490753,0.008921799977542832,0.014201500016497448,0.012175700016086921,0.011384300014469773,0.0010448000102769583
0.7,LP2 ($ 	heta $ Only),37,745,1.9980178318357857e-05,,5,5,0,5,1.9980178318357857e-05,30.0,70.0,0.0017158999980892986,0.0023307999945245683,0.00020519999088719487,0.10414490001858212,0.09959109997726046,0.06242860000929795,0.010641699976986274,0.011962899996433407,0.01415540001471527,0.012399999977787957,0.0004065000102855265
0.7,LP2 ($ 	heta $ Only),38,783,1.555693307857885e-05,,3,4,0,4,1.555693307857885e-05,20.0,80.0,0.0011684000201057643,0.0033466999884694815,0.000305499997921288,0.07558699999935925,0.1242422999930568,0.043857599986949936,0.010802800010424107,0.011063799989642575,0.009277899982407689,0.011766700015868992,0.0004225999873597175
0.7,LP2 ($ 	heta $ Only),39,822,2.7356097641725e-05,,4,3,1,2,2.7356097641725e-05,40.0,60.0,0.0011301000195089728,0.002411900000879541,0.0001951000012923032,0.09736419998807833,0.1178123000136111,0.05993960000341758,0.011180400004377589,0.011231299984501675,0.007897800009232014,0.012797000003047287,0.00022570000146515667
0.7,LP2 ($ 	heta $ Only),40,862,4.3052290134863265e-06,,3,2,0,2,4.3052290134863265e-06,10.0,90.0,0.0012979000166524202,0.0025531999999657273,0.00024759999359957874,0.07549859999562614,0.24009170001954772,0.15513570001348853,0.018277800001669675,0.014133799995761365,0.009206299990182742,0.011861499981023371,0.00023139998666010797
0.7,LP2 ($ 	heta $ Only),41,903,2.8072174587854588e-05,,9,7,1,6,2.8072174587854588e-05,30.0,70.0,0.0011267999943811446,0.004859400010900572,0.0003111999831162393,0.07396350000635721,0.10687600000528619,0.047815300000365824,0.010062299988931045,0.008369699993636459,0.010150099988095462,0.008018799999263138,0.00020429998403415084
0.7,LP2 ($ 	heta $ Only),42,945,2.5808434789707914e-05,,3,7,0,7,2.5808434789707914e-05,40.0,60.0,0.0011272000265307724,0.00432190002175048,0.00032970000756904483,0.07408670001314022,0.12666370000806637,0.0751878000155557,0.008734700008062646,0.012282699986826628,0.013734000007389113,0.01207799999974668,0.0004239999980200082
0.7,LP2 ($ 	heta $ Only),43,988,1.2319490274236734e-05,,6,2,1,1,1.2319490274236734e-05,10.0,90.0,0.0011492999910842627,0.003987100004451349,0.00029739999445155263,0.07103130000177771,0.12232690001837909,0.04235660002450459,0.009343500016257167,0.010215899994364008,0.01319680002052337,0.007550100010121241,0.00025480001932010055
0.7,LP2 ($ 	heta $ Only),44,1032,2.764968159810528e-05,,2,3,0,3,2.764968159810528e-05,20.0,80.0,0.001593900000443682,0.004984700004570186,0.00022329998319037259,0.10054470002069138,0.1796287999895867,0.057289800024591386,0.011199100001249462,0.01373299999977462,0.016512699978193268,0.012223800003994256,0.0006425000028684735
0.7,LP2 ($ 	heta $ Only),45,1077,0.0,,0,0,0,0,0.0,0.0,100.0,0.0014186000043991953,0.0025572000013198704,8.490000618621707e-05,0.08544680001796223,0.12048839998897165,0.045239799976116046,0.01510349998716265,0.010999799997080117,0.011739999987185001,0.013721700001042336,0.0002460000105202198
0.7,LP2 ($ 	heta $ Only),46,1123,2.6806782876479302e-05,,8,9,0,9,2.68067828764793e-05,40.0,60.0,0.0013272999785840511,0.0029562999843619764,0.00020229999790899456,0.07485370000358671,0.10118190001230687,0.04828670001006685,0.010171399975661188,0.0070829000032972544,0.010100599989527836,0.008558100002119318,0.00020909999147988856
0.7,LP2 ($ 	heta $ Only),47,1170,0.0,,3,0,0,0,0.0,0.0,100.0,0.005691999976988882,0.0033941000001505017,0.00030300000798888505,0.07720400000107475,0.11954719998175278,0.051637500000651926,0.011834700009785593,0.007691799983149394,0.013090199994621798,0.01267370002460666,0.00023400000645779073
0.7,LP2 ($ 	heta $ Only),48,1218,1.1981463932752276e-05,,5,3,0,3,1.1981463932752276e-05,20.0,80.0,0.0013831999967806041,0.0035265999904368073,0.00028989999555051327,0.07481809999444522,0.1264179999998305,0.07188449997920543,0.008884400012902915,0.012955500016687438,0.007565500010969117,0.012439899990567937,0.00040710001485422254
0.7,LP2 ($ 	heta $ Only),49,1267,1.0221103440319482e-05,,2,4,0,4,1.0221103440319482e-05,30.0,70.0,0.0011215999838896096,0.005144000024301931,0.000225800002226606,0.05964629998197779,0.19284000000334345,0.04534730000887066,0.01323360000969842,0.018309199978830293,0.013757600012468174,0.012994699995033443,0.000440800009528175
0.7,LP3 ($ 	heta $ Only),0,42,0.0010443630848917783,,5,3,0,3,6.17048174147595e-05,60.0,40.0,0.003270899993367493,0.0027017999964300543,0.00021769999875687063,0.08289499999955297,0.1177091000135988,0.04223620000993833,0.011991200008196756,0.012643099995329976,0.009350599983008578,0.011395500012440607,0.0004056000034324825
0.7,LP3 ($ 	heta $ Only),1,43,0.002048042895012422,,3,11,2,9,0.00018228005294775455,90.0,10.0,0.0011251000105403364,0.003426700015552342,0.0005102000141050667,0.07934770002611913,0.15233169999555685,0.04078699997626245,0.009047300001839176,0.008017499989364296,0.00955489999614656,0.009563200001139194,0.000242199981585145
0.7,LP3 ($ 	heta $ Only),2,45,0.0026003426848308893,,0,10,3,7,0.00017530391422526792,90.0,10.0,0.0042335000180173665,0.002467800019076094,0.00011119997361674905,0.069557699986035,0.13296099999570288,0.052797499985899776,0.0142100999946706,0.013905900006648153,0.011902600002940744,0.009255699987988919,0.0002460000105202198
0.7,LP3 ($ 	heta $ Only),3,48,0.0008593595102842273,,3,3,1,2,5.1196344434189614e-05,30.0,70.0,0.0015798999811522663,0.0030184999923221767,0.00021040000137872994,0.07529740000609308,0.1704236000077799,0.052347200020449236,0.012211900000693277,0.009464200004003942,0.012664099980611354,0.012791499990271404,0.0002314999874215573
0.7,LP3 ($ 	heta $ Only),4,52,0.0,,7,0,0,0,0.0,0.0,100.0,0.0017681000172160566,0.0025298999971710145,0.00019910000264644623,0.07245169999077916,0.12314049998531118,0.07085920000099577,0.012483099999371916,0.014437800011364743,0.011339200020302087,0.009309499990195036,0.0003958999877795577
0.7,LP3 ($ 	heta $ Only),5,57,0.002186902575990939,,6,9,1,8,0.000160514987538548,80.0,20.0,0.0011463999981060624,0.005914000008488074,0.0003148999821860343,0.07447930000489578,0.11704519999329932,0.042701900005340576,0.01056840000092052,0.008661800005938858,0.0131892999925185,0.009438699984457344,0.0010006999946199358
0.7,LP3 ($ 	heta $ Only),6,63,0.0016764220316641085,,12,8,0,8,0.0001251567946588866,70.0,30.0,0.002436400012811646,0.0035475999757181853,0.00020129999029450119,0.058427899988600984,0.0845911999931559,0.05890989999170415,0.009872499998891726,0.006231900013517588,0.013597800018033013,0.012587400007760152,0.0002646000066306442
0.7,LP3 ($ 	heta $ Only),7,70,0.0019274338709936328,,5,8,0,8,0.00011116938926928615,80.0,20.0,0.0016438000020571053,0.0030845000001136214,0.0003020000003743917,0.0792430000146851,0.11805950000416487,0.04513380001299083,0.009538799989968538,0.010259900009259582,0.010924300004262477,0.009003100014524534,0.0004197999951429665
0.7,LP3 ($ 	heta $ Only),8,78,0.0016776286876060633,,1,6,1,5,0.00015070544148155384,90.0,10.0,0.0016002999909687787,0.005640099989250302,0.00032809999538585544,0.1074889000155963,0.12733659998048097,0.04250310000497848,0.010379099985584617,0.011047400010284036,0.011686200014082715,0.010419099999126047,0.00044120001257397234
0.7,LP3 ($ 	heta $ Only),9,87,0.0007057686407448719,,1,3,2,1,7.325169461317017e-05,70.0,30.0,0.0051793999737128615,0.0026529999740887433,0.00023040000814944506,0.07418660001712851,0.13329090000479482,0.06692740001017228,0.02047849999507889,0.014312100014649332,0.015069100016262382,0.010432400013087317,0.0002410000015515834
0.7,LP3 ($ 	heta $ Only),10,97,0.002347314206915819,,0,8,0,8,0.0001720769720144804,90.0,10.0,0.0011655999987851828,0.0033725999819580466,5.9299985878169537e-05,0.06887059999280609,0.2109379000030458,0.11918200002401136,0.07075839999015443,0.04767820000415668,0.02797139997710474,0.020228000008501112,0.0005514000076800585
0.7,LP3 ($ 	heta $ Only),11,108,0.0,,3,0,0,0,0.0,0.0,100.0,0.001167400012491271,0.02433820001897402,0.000895500008482486,0.09871349998866208,0.17953249998390675,0.05930880000232719,0.013932400004705414,0.012877500004833564,0.009899199998471886,0.012151200004154816,0.00026199998683296144
0.7,LP3 ($ 	heta $ Only),12,120,0.0012507138398311006,,2,4,2,2,8.867994369351263e-05,40.0,60.0,0.0019230000034440309,0.0025301999994553626,0.00030519999563694,0.10190530002000742,0.1435477000195533,0.03212519999942742,0.008210100000724196,0.009292000002460554,0.008055599988438189,0.00988369999686256,0.0004317999992053956
0.7,LP3 ($ 	heta $ Only),13,133,0.0004589525322282615,,7,1,0,1,4.17229574752965e-05,30.0,70.0,0.0011210999800823629,0.0023671000089962035,0.00018919998547062278,0.06623130000662059,0.10935869999229908,0.0635550000006333,0.0091369999863673,0.00775170000270009,0.011907300009625033,0.007430800003930926,0.0002142000012099743
0.7,LP3 ($ 	heta $ Only),14,147,0.0023737397631546924,,7,10,2,8,0.00013886905190390168,80.0,20.0,0.0013160000089555979,0.005721199995605275,0.0004285000031813979,0.0657366999948863,0.14034919999539852,0.05738879999262281,0.01274479998392053,0.014012699975864962,0.01926510001067072,0.008254200016381219,0.0002156999835278839
0.7,LP3 ($ 	heta $ Only),15,162,0.0023589199258801418,,2,10,1,9,0.00016006752290725323,90.0,10.0,0.005760800006100908,0.0035721000167541206,0.00045339998905546963,0.08031270001083612,0.1270399000204634,0.041341800009831786,0.013780100009171292,0.012690499977907166,0.011000200000125915,0.013293700001668185,0.00043489999370649457
0.7,LP3 ($ 	heta $ Only),16,178,0.0005231475766555197,,1,2,1,1,4.2789592495276664e-05,50.0,50.0,0.001135200000135228,0.005682100018020719,0.00022869999520480633,0.07506780000403523,0.13302300000214018,0.056122400012100115,0.009789600007934496,0.011796000006143004,0.011726099997758865,0.00848369998857379,0.0002410000015515834
0.7,LP3 ($ 	heta $ Only),17,195,0.0009893358054153568,,4,4,0,4,8.858026065538234e-05,80.0,20.0,0.007367800018982962,0.002351200004341081,0.0001956000050995499,0.07266150001669303,0.13722340000094846,0.05234190000919625,0.00980509998043999,0.007782000000588596,0.008836099994368851,0.007972299994435161,0.00022399998852051795
0.7,LP3 ($ 	heta $ Only),18,213,0.001100525368042245,,9,3,1,2,0.0001076312962531256,80.0,20.0,0.004162900004303083,0.0024411000194959342,0.0002041999832727015,0.06310050000320189,0.11690639998414554,0.04505700001027435,0.008627100003650412,0.009142199996858835,0.007619999989401549,0.01134460000321269,0.00020440001389943063
0.7,LP3 ($ 	heta $ Only),19,232,0.0009622745419792555,,7,3,0,3,7.405154639446797e-05,70.0,30.0,0.0013367999927140772,0.002872400014894083,0.0007272000075317919,0.07316240001819097,0.10243310002260841,0.050198799988720566,0.01035779999801889,0.011348400003043935,0.007446699979482219,0.012878500012448058,0.0002182999742217362
0.7,LP3 ($ 	heta $ Only),20,252,0.0008274266060802752,,2,2,1,1,5.844888600382263e-05,30.0,70.0,0.0014507999876514077,0.003331600019009784,0.00036780000664293766,0.08034749998478219,0.12249619999784045,0.059352499985834584,0.009234299999661744,0.01260999997612089,0.014074700011406094,0.011924399994313717,0.0004301999870222062
0.7,LP3 ($ 	heta $ Only),21,273,0.0007849500854442902,,5,3,0,3,7.864739842272975e-05,80.0,20.0,0.0013246999878901988,0.0029836999892722815,0.00020020001102238894,0.08429999998770654,0.20880469999974594,0.0822178999951575,0.008570399979362264,0.012168100016424432,0.01148099999409169,0.009539499995298684,0.0004015000013168901
0.7,LP3 ($ 	heta $ Only),22,295,0.0011611951924307932,,4,4,1,3,7.11990224662134e-05,60.0,40.0,0.00425810000160709,0.00228909999714233,0.0002010999887716025,0.09402580000460148,0.13079019999713637,0.05405729997437447,0.009525000001303852,0.007718799985013902,0.009688100020866841,0.00903180000022985,0.0004130000015720725
0.7,LP3 ($ 	heta $ Only),23,318,0.0,,7,0,0,0,0.0,0.0,100.0,0.004988100001355633,0.0024588999804109335,0.00019489999976940453,0.062471099983667955,0.12187350000021979,0.051822599984006956,0.007271400012541562,0.01115659999777563,0.008860400004778057,0.010036599996965379,0.00038889999268576503
0.7,LP3 ($ 	heta $ Only),24,342,0.0,,6,0,0,0,0.0,0.0,100.0,0.0011273999989498407,0.002610299998195842,0.0002820999943651259,0.08104019999154843,0.10876750000170432,0.05551559999003075,0.007349199993768707,0.009469200012972578,0.009596099989721552,0.013859799975762144,0.00044079998042434454
0.7,LP3 ($ 	heta $ Only),25,367,0.0011471980523455405,,2,5,0,5,9.550875330717438e-05,80.0,20.0,0.006141099991509691,0.00346400000853464,0.00031969998963177204,0.07577349999337457,0.1365193000237923,0.048503799975151196,0.013542000000597909,0.013106099999276921,0.04368630002136342,0.07422979999682866,0.001784899999620393
0.7,LP3 ($ 	heta $ Only),26,393,0.0,,2,0,0,0,0.0,0.0,100.0,0.011083499994128942,0.005239399994025007,0.00045479999971576035,0.20594809998874553,0.11764219999895431,0.04185570002300665,0.009610900015104562,0.011620399978710338,0.00869109999621287,0.012782000005245209,0.0002339000056963414
0.7,LP3 ($ 	heta $ Only),27,420,0.0,,0,0,0,0,0.0,0.0,100.0,0.0014143000007607043,0.005727800016757101,0.0003004999889526516,0.0817481999984011,0.10744580000755377,0.057741700002225116,0.012752900016494095,0.010711600014474243,0.013377700001001358,0.012324199982685968,0.0002589999930933118
0.7,LP3 ($ 	heta $ Only),28,448,0.0023097145989823295,,3,10,3,7,0.0001872251422890721,90.0,10.0,0.0012268999998923391,0.003241600003093481,0.00021780002862215042,0.07171289998223074,0.12063369998941198,0.04388979999930598,0.011578199977520853,0.009469899989198893,0.011698999995132908,0.013366500003030524,0.0002294000005349517
0.7,LP3 ($ 	heta $ Only),29,477,0.0018934437475704678,,5,9,0,9,0.00014603259690716187,80.0,20.0,0.0013427000085357577,0.002648300025612116,0.00020969999604858458,0.072854300000472,0.15053980000084266,0.06391249998705462,0.015453900006832555,0.0115726999938488,0.008277499990072101,0.012100499996449798,0.0002646000066306442
0.7,LP3 ($ 	heta $ Only),30,507,0.0018305237561651933,,0,7,1,6,0.00015824691278648405,90.0,10.0,0.0014727999805472791,0.004508899990469217,9.399998816661537e-05,0.08717009998508729,0.14179240001249127,0.04193099998519756,0.022180100000696257,0.01641029998427257,0.01906390002113767,0.012652300007175654,0.0002488000027369708
0.7,LP3 ($ 	heta $ Only),31,538,0.0018815048784838557,,9,8,0,8,0.0001183321062937511,80.0,20.0,0.002839199994923547,0.002508700010366738,0.00019130000146105886,0.06702210000366904,0.11338809999870136,0.04256380000151694,0.0070973999972920865,0.012782900012098253,0.009082500007934868,0.01114330001291819,0.00020390001009218395
0.7,LP3 ($ 	heta $ Only),32,570,0.0020812658342238793,,4,10,1,9,0.00013271843483810775,90.0,10.0,0.001129099982790649,0.005967500008409843,0.0003240999940317124,0.07241289998637512,0.13734769998700358,0.0603928999917116,0.009144599986029789,0.009752200014190748,0.007953599997563288,0.011958599992794916,0.00022839999292045832
0.7,LP3 ($ 	heta $ Only),33,603,0.0016100389786768451,,4,8,2,6,0.00012249206227241428,80.0,20.0,0.001290899992454797,0.0027624000213108957,0.00021800000104121864,0.06548359998851083,0.12338239999371581,0.05324780000955798,0.009793699980946258,0.00922879998688586,0.01186759999836795,0.01251820000470616,0.0004408999811857939
0.7,LP3 ($ 	heta $ Only),34,637,0.0003793770738119387,,1,1,0,1,3.4488824891994425e-05,20.0,80.0,0.0011249000090174377,0.0022511999995913357,0.0002049999893642962,0.09728329998324625,0.13192240000353195,0.04362699997727759,0.00916229997528717,0.012561800016555935,0.011790300020948052,0.009735100000398234,0.0004481000069063157
0.7,LP3 ($ 	heta $ Only),35,672,0.001825902745956908,,1,5,2,3,0.00015616604718327216,90.0,10.0,0.0016961999936029315,0.004685599997173995,0.0003012999950442463,0.08592319997842424,0.1417377000034321,0.0294634000165388,0.009389600018039346,0.009728500008350238,0.010435600008349866,0.008470799977658316,0.00023940001847222447
0.7,LP3 ($ 	heta $ Only),36,708,0.0024280356748614894,,1,10,3,7,0.00017141144170271385,70.0,30.0,0.004873099998803809,0.002510200021788478,0.0002111000067088753,0.06940090001444332,0.1334043999959249,0.05668199999490753,0.008921799977542832,0.014201500016497448,0.012175700016086921,0.011384300014469773,0.0010448000102769583
0.7,LP3 ($ 	heta $ Only),37,745,0.000904164981600867,,5,3,0,3,7.991116934371327e-05,70.0,30.0,0.0017158999980892986,0.0023307999945245683,0.00020519999088719487,0.10414490001858212,0.09959109997726046,0.06242860000929795,0.010641699976986274,0.011962899996433407,0.01415540001471527,0.012399999977787957,0.0004065000102855265
0.7,LP3 ($ 	heta $ Only),38,783,0.0008151395913514259,,3,2,0,2,6.501269012285691e-05,50.0,50.0,0.0011684000201057643,0.0033466999884694815,0.000305499997921288,0.07558699999935925,0.1242422999930568,0.043857599986949936,0.010802800010424107,0.011063799989642575,0.009277899982407689,0.011766700015868992,0.0004225999873597175
0.7,LP3 ($ 	heta $ Only),39,822,0.0013445950457672863,,4,3,1,2,0.00010703702412284471,70.0,30.0,0.0011301000195089728,0.002411900000879541,0.0001951000012923032,0.09736419998807833,0.1178123000136111,0.05993960000341758,0.011180400004377589,0.011231299984501675,0.007897800009232014,0.012797000003047287,0.00022570000146515667
0.7,LP3 ($ 	heta $ Only),40,862,0.0007025358152421196,,3,2,0,2,5.003996287120773e-05,40.0,60.0,0.0012979000166524202,0.0025531999999657273,0.00024759999359957874,0.07549859999562614,0.24009170001954772,0.15513570001348853,0.018277800001669675,0.014133799995761365,0.009206299990182742,0.011861499981023371,0.00023139998666010797
0.7,LP3 ($ 	heta $ Only),41,903,0.001832115354432515,,9,9,2,7,0.00010297279291053732,50.0,50.0,0.0011267999943811446,0.004859400010900572,0.0003111999831162393,0.07396350000635721,0.10687600000528619,0.047815300000365824,0.010062299988931045,0.008369699993636459,0.010150099988095462,0.008018799999263138,0.00020429998403415084
0.7,LP3 ($ 	heta $ Only),42,945,0.0015368687014664024,,3,4,0,4,0.0001083481512063331,90.0,10.0,0.0011272000265307724,0.00432190002175048,0.00032970000756904483,0.07408670001314022,0.12666370000806637,0.0751878000155557,0.008734700008062646,0.012282699986826628,0.013734000007389113,0.01207799999974668,0.0004239999980200082
0.7,LP3 ($ 	heta $ Only),43,988,0.0005101786612078246,,6,2,1,1,4.637987829162042e-05,30.0,70.0,0.0011492999910842627,0.003987100004451349,0.00029739999445155263,0.07103130000177771,0.12232690001837909,0.04235660002450459,0.009343500016257167,0.010215899994364008,0.01319680002052337,0.007550100010121241,0.00025480001932010055
0.7,LP3 ($ 	heta $ Only),44,1032,0.001392553418847224,,2,4,0,4,0.00010804316450451141,80.0,20.0,0.001593900000443682,0.004984700004570186,0.00022329998319037259,0.10054470002069138,0.1796287999895867,0.057289800024591386,0.011199100001249462,0.01373299999977462,0.016512699978193268,0.012223800003994256,0.0006425000028684735
0.7,LP3 ($ 	heta $ Only),45,1077,0.0,,0,0,0,0,0.0,0.0,100.0,0.0014186000043991953,0.0025572000013198704,8.490000618621707e-05,0.08544680001796223,0.12048839998897165,0.045239799976116046,0.01510349998716265,0.010999799997080117,0.011739999987185001,0.013721700001042336,0.0002460000105202198
0.7,LP3 ($ 	heta $ Only),46,1123,0.002674517798877155,,8,10,0,10,0.00011704935676478994,70.0,30.0,0.0013272999785840511,0.0029562999843619764,0.00020229999790899456,0.07485370000358671,0.10118190001230687,0.04828670001006685,0.010171399975661188,0.0070829000032972544,0.010100599989527836,0.008558100002119318,0.00020909999147988856
0.7,LP3 ($ 	heta $ Only),47,1170,0.0,,3,0,0,0,0.0,0.0,100.0,0.005691999976988882,0.0033941000001505017,0.00030300000798888505,0.07720400000107475,0.11954719998175278,0.051637500000651926,0.011834700009785593,0.007691799983149394,0.013090199994621798,0.01267370002460666,0.00023400000645779073
0.7,LP3 ($ 	heta $ Only),48,1218,0.0015946521795386101,,5,5,0,5,0.00010703943118540806,90.0,10.0,0.0013831999967806041,0.0035265999904368073,0.00028989999555051327,0.07481809999444522,0.1264179999998305,0.07188449997920543,0.008884400012902915,0.012955500016687438,0.007565500010969117,0.012439899990567937,0.00040710001485422254
0.7,LP3 ($ 	heta $ Only),49,1267,0.0009637905213078003,,2,4,0,4,7.711810219414479e-05,60.0,40.0,0.0011215999838896096,0.005144000024301931,0.000225800002226606,0.05964629998197779,0.19284000000334345,0.04534730000887066,0.01323360000969842,0.018309199978830293,0.013757600012468174,0.012994699995033443,0.000440800009528175
0.7,Weighted LP3 ($ 	heta $ Only),0,42,0.0007653183199625937,,5,4,1,3,5.80242409027974e-05,30.0,70.0,0.003270899993367493,0.0027017999964300543,0.00021769999875687063,0.08289499999955297,0.1177091000135988,0.04223620000993833,0.011991200008196756,0.012643099995329976,0.009350599983008578,0.011395500012440607,0.0004056000034324825
0.7,Weighted LP3 ($ 	heta $ Only),1,43,0.0015117529101664287,,3,11,2,9,0.00018493118841376614,90.0,10.0,0.0011251000105403364,0.003426700015552342,0.0005102000141050667,0.07934770002611913,0.15233169999555685,0.04078699997626245,0.009047300001839176,0.008017499989364296,0.00955489999614656,0.009563200001139194,0.000242199981585145
0.7,Weighted LP3 ($ 	heta $ Only),2,45,0.0020426656649247606,,0,10,3,7,0.00017530391422526792,90.0,10.0,0.0042335000180173665,0.002467800019076094,0.00011119997361674905,0.069557699986035,0.13296099999570288,0.052797499985899776,0.0142100999946706,0.013905900006648153,0.011902600002940744,0.009255699987988919,0.0002460000105202198
0.7,Weighted LP3 ($ 	heta $ Only),3,48,0.000673401172171188,,3,3,1,2,5.119634443418963e-05,30.0,70.0,0.0015798999811522663,0.0030184999923221767,0.00021040000137872994,0.07529740000609308,0.1704236000077799,0.052347200020449236,0.012211900000693277,0.009464200004003942,0.012664099980611354,0.012791499990271404,0.0002314999874215573
0.7,Weighted LP3 ($ 	heta $ Only),4,52,0.0,,7,0,0,0,0.0,0.0,100.0,0.0017681000172160566,0.0025298999971710145,0.00019910000264644623,0.07245169999077916,0.12314049998531118,0.07085920000099577,0.012483099999371916,0.014437800011364743,0.011339200020302087,0.009309499990195036,0.0003958999877795577
0.7,Weighted LP3 ($ 	heta $ Only),5,57,0.0015715629017742292,,6,9,0,9,0.00016912931469570457,90.0,10.0,0.0011463999981060624,0.005914000008488074,0.0003148999821860343,0.07447930000489578,0.11704519999329932,0.042701900005340576,0.01056840000092052,0.008661800005938858,0.0131892999925185,0.009438699984457344,0.0010006999946199358
0.7,Weighted LP3 ($ 	heta $ Only),6,63,0.0011593336193290343,,12,8,0,8,0.0001251567946588866,70.0,30.0,0.002436400012811646,0.0035475999757181853,0.00020129999029450119,0.058427899988600984,0.0845911999931559,0.05890989999170415,0.009872499998891726,0.006231900013517588,0.013597800018033013,0.012587400007760152,0.0002646000066306442
0.7,Weighted LP3 ($ 	heta $ Only),7,70,0.001379586884074742,,5,8,0,8,0.0001108448498439913,80.0,20.0,0.0016438000020571053,0.0030845000001136214,0.0003020000003743917,0.0792430000146851,0.11805950000416487,0.04513380001299083,0.009538799989968538,0.010259900009259582,0.010924300004262477,0.009003100014524534,0.0004197999951429665
0.7,Weighted LP3 ($ 	heta $ Only),8,78,0.0012619080387555512,,1,6,1,5,0.00014949835152011927,90.0,10.0,0.0016002999909687787,0.005640099989250302,0.00032809999538585544,0.1074889000155963,0.12733659998048097,0.04250310000497848,0.010379099985584617,0.011047400010284036,0.011686200014082715,0.010419099999126047,0.00044120001257397234
0.7,Weighted LP3 ($ 	heta $ Only),9,87,0.0006664099225498541,,1,2,2,0,6.664332629241101e-05,60.0,40.0,0.0051793999737128615,0.0026529999740887433,0.00023040000814944506,0.07418660001712851,0.13329090000479482,0.06692740001017228,0.02047849999507889,0.014312100014649332,0.015069100016262382,0.010432400013087317,0.0002410000015515834
0.7,Weighted LP3 ($ 	heta $ Only),10,97,0.001623926597383497,,0,9,0,9,0.00015274167881497146,80.0,20.0,0.0011655999987851828,0.0033725999819580466,5.9299985878169537e-05,0.06887059999280609,0.2109379000030458,0.11918200002401136,0.07075839999015443,0.04767820000415668,0.02797139997710474,0.020228000008501112,0.0005514000076800585
0.7,Weighted LP3 ($ 	heta $ Only),11,108,0.0,,3,0,0,0,0.0,0.0,100.0,0.001167400012491271,0.02433820001897402,0.000895500008482486,0.09871349998866208,0.17953249998390675,0.05930880000232719,0.013932400004705414,0.012877500004833564,0.009899199998471886,0.012151200004154816,0.00026199998683296144
0.7,Weighted LP3 ($ 	heta $ Only),12,120,0.0011537516662627383,,2,4,3,1,9.108565524909167e-05,70.0,30.0,0.0019230000034440309,0.0025301999994553626,0.00030519999563694,0.10190530002000742,0.1435477000195533,0.03212519999942742,0.008210100000724196,0.009292000002460554,0.008055599988438189,0.00988369999686256,0.0004317999992053956
0.7,Weighted LP3 ($ 	heta $ Only),13,133,0.00031987600731060646,,7,1,0,1,4.17229574752965e-05,30.0,70.0,0.0011210999800823629,0.0023671000089962035,0.00018919998547062278,0.06623130000662059,0.10935869999229908,0.0635550000006333,0.0091369999863673,0.00775170000270009,0.011907300009625033,0.007430800003930926,0.0002142000012099743
0.7,Weighted LP3 ($ 	heta $ Only),14,147,0.0017388667704866221,,7,9,1,8,0.00014341200261933665,80.0,20.0,0.0013160000089555979,0.005721199995605275,0.0004285000031813979,0.0657366999948863,0.14034919999539852,0.05738879999262281,0.01274479998392053,0.014012699975864962,0.01926510001067072,0.008254200016381219,0.0002156999835278839
0.7,Weighted LP3 ($ 	heta $ Only),15,162,0.0017241656279350615,,2,10,1,9,0.00016006752290725323,90.0,10.0,0.005760800006100908,0.0035721000167541206,0.00045339998905546963,0.08031270001083612,0.1270399000204634,0.041341800009831786,0.013780100009171292,0.012690499977907166,0.011000200000125915,0.013293700001668185,0.00043489999370649457
0.7,Weighted LP3 ($ 	heta $ Only),16,178,0.0004149686307804678,,1,2,1,1,3.876384149369677e-05,50.0,50.0,0.001135200000135228,0.005682100018020719,0.00022869999520480633,0.07506780000403523,0.13302300000214018,0.056122400012100115,0.009789600007934496,0.011796000006143004,0.011726099997758865,0.00848369998857379,0.0002410000015515834
0.7,Weighted LP3 ($ 	heta $ Only),17,195,0.0006983558742939401,,4,4,0,4,8.488120950929751e-05,70.0,30.0,0.007367800018982962,0.002351200004341081,0.0001956000050995499,0.07266150001669303,0.13722340000094846,0.05234190000919625,0.00980509998043999,0.007782000000588596,0.008836099994368851,0.007972299994435161,0.00022399998852051795
0.7,Weighted LP3 ($ 	heta $ Only),18,213,0.0008440157487046789,,9,3,0,3,8.745075475793336e-05,80.0,20.0,0.004162900004303083,0.0024411000194959342,0.0002041999832727015,0.06310050000320189,0.11690639998414554,0.04505700001027435,0.008627100003650412,0.009142199996858835,0.007619999989401549,0.01134460000321269,0.00020440001389943063
0.7,Weighted LP3 ($ 	heta $ Only),19,232,0.0006662002101176596,,7,3,0,3,7.405154639446797e-05,70.0,30.0,0.0013367999927140772,0.002872400014894083,0.0007272000075317919,0.07316240001819097,0.10243310002260841,0.050198799988720566,0.01035779999801889,0.011348400003043935,0.007446699979482219,0.012878500012448058,0.0002182999742217362
0.7,Weighted LP3 ($ 	heta $ Only),20,252,0.0006438926908217628,,2,2,1,1,6.626899895732625e-05,50.0,50.0,0.0014507999876514077,0.003331600019009784,0.00036780000664293766,0.08034749998478219,0.12249619999784045,0.059352499985834584,0.009234299999661744,0.01260999997612089,0.014074700011406094,0.011924399994313717,0.0004301999870222062
0.7,Weighted LP3 ($ 	heta $ Only),21,273,0.0005482204020487253,,5,2,0,2,7.421448299758114e-05,70.0,30.0,0.0013246999878901988,0.0029836999892722815,0.00020020001102238894,0.08429999998770654,0.20880469999974594,0.0822178999951575,0.008570399979362264,0.012168100016424432,0.01148099999409169,0.009539499995298684,0.0004015000013168901
0.7,Weighted LP3 ($ 	heta $ Only),22,295,0.0008691339551262898,,4,4,1,3,8.191828063658703e-05,70.0,30.0,0.00425810000160709,0.00228909999714233,0.0002010999887716025,0.09402580000460148,0.13079019999713637,0.05405729997437447,0.009525000001303852,0.007718799985013902,0.009688100020866841,0.00903180000022985,0.0004130000015720725
0.7,Weighted LP3 ($ 	heta $ Only),23,318,0.0,,7,0,0,0,0.0,0.0,100.0,0.004988100001355633,0.0024588999804109335,0.00019489999976940453,0.062471099983667955,0.12187350000021979,0.051822599984006956,0.007271400012541562,0.01115659999777563,0.008860400004778057,0.010036599996965379,0.00038889999268576503
0.7,Weighted LP3 ($ 	heta $ Only),24,342,0.0,,6,0,0,0,0.0,0.0,100.0,0.0011273999989498407,0.002610299998195842,0.0002820999943651259,0.08104019999154843,0.10876750000170432,0.05551559999003075,0.007349199993768707,0.009469200012972578,0.009596099989721552,0.013859799975762144,0.00044079998042434454
0.7,Weighted LP3 ($ 	heta $ Only),25,367,0.0007966349526660849,,2,5,0,5,9.550875330717438e-05,80.0,20.0,0.006141099991509691,0.00346400000853464,0.00031969998963177204,0.07577349999337457,0.1365193000237923,0.048503799975151196,0.013542000000597909,0.013106099999276921,0.04368630002136342,0.07422979999682866,0.001784899999620393
0.7,Weighted LP3 ($ 	heta $ Only),26,393,0.0,,2,0,0,0,0.0,0.0,100.0,0.011083499994128942,0.005239399994025007,0.00045479999971576035,0.20594809998874553,0.11764219999895431,0.04185570002300665,0.009610900015104562,0.011620399978710338,0.00869109999621287,0.012782000005245209,0.0002339000056963414
0.7,Weighted LP3 ($ 	heta $ Only),27,420,0.0,,0,0,0,0,0.0,0.0,100.0,0.0014143000007607043,0.005727800016757101,0.0003004999889526516,0.0817481999984011,0.10744580000755377,0.057741700002225116,0.012752900016494095,0.010711600014474243,0.013377700001001358,0.012324199982685968,0.0002589999930933118
0.7,Weighted LP3 ($ 	heta $ Only),28,448,0.0017587621178907751,,3,11,3,8,0.0001869973625611497,90.0,10.0,0.0012268999998923391,0.003241600003093481,0.00021780002862215042,0.07171289998223074,0.12063369998941198,0.04388979999930598,0.011578199977520853,0.009469899989198893,0.011698999995132908,0.013366500003030524,0.0002294000005349517
0.7,Weighted LP3 ($ 	heta $ Only),29,477,0.0013443066973493662,,5,8,0,8,0.00014603259690716192,80.0,20.0,0.0013427000085357577,0.002648300025612116,0.00020969999604858458,0.072854300000472,0.15053980000084266,0.06391249998705462,0.015453900006832555,0.0115726999938488,0.008277499990072101,0.012100499996449798,0.0002646000066306442
0.7,Weighted LP3 ($ 	heta $ Only),30,507,0.0013651403471029817,,0,7,1,6,0.00015824691278648405,90.0,10.0,0.0014727999805472791,0.004508899990469217,9.399998816661537e-05,0.08717009998508729,0.14179240001249127,0.04193099998519756,0.022180100000696257,0.01641029998427257,0.01906390002113767,0.012652300007175654,0.0002488000027369708
0.7,Weighted LP3 ($ 	heta $ Only),31,538,0.0012937806210871542,,9,8,0,8,0.0001183321062937511,80.0,20.0,0.002839199994923547,0.002508700010366738,0.00019130000146105886,0.06702210000366904,0.11338809999870136,0.04256380000151694,0.0070973999972920865,0.012782900012098253,0.009082500007934868,0.01114330001291819,0.00020390001009218395
0.7,Weighted LP3 ($ 	heta $ Only),32,570,0.0015306941500478487,,4,10,1,9,0.000135382713917441,90.0,10.0,0.001129099982790649,0.005967500008409843,0.0003240999940317124,0.07241289998637512,0.13734769998700358,0.0603928999917116,0.009144599986029789,0.009752200014190748,0.007953599997563288,0.011958599992794916,0.00022839999292045832
0.7,Weighted LP3 ($ 	heta $ Only),33,603,0.0012165479834218786,,4,7,1,6,0.00011791553360098435,90.0,10.0,0.001290899992454797,0.0027624000213108957,0.00021800000104121864,0.06548359998851083,0.12338239999371581,0.05324780000955798,0.009793699980946258,0.00922879998688586,0.01186759999836795,0.01251820000470616,0.0004408999811857939
0.7,Weighted LP3 ($ 	heta $ Only),34,637,0.00026441432417195727,,1,1,0,1,3.4488824891994425e-05,20.0,80.0,0.0011249000090174377,0.0022511999995913357,0.0002049999893642962,0.09728329998324625,0.13192240000353195,0.04362699997727759,0.00916229997528717,0.012561800016555935,0.011790300020948052,0.009735100000398234,0.0004481000069063157
0.7,Weighted LP3 ($ 	heta $ Only),35,672,0.0015001487427105727,,1,5,2,3,0.00015655009101026775,90.0,10.0,0.0016961999936029315,0.004685599997173995,0.0003012999950442463,0.08592319997842424,0.1417377000034321,0.0294634000165388,0.009389600018039346,0.009728500008350238,0.010435600008349866,0.008470799977658316,0.00023940001847222447
0.7,Weighted LP3 ($ 	heta $ Only),36,708,0.0019316866864355297,,1,10,3,7,0.00016510202449093985,90.0,10.0,0.004873099998803809,0.002510200021788478,0.0002111000067088753,0.06940090001444332,0.1334043999959249,0.05668199999490753,0.008921799977542832,0.014201500016497448,0.012175700016086921,0.011384300014469773,0.0010448000102769583
0.7,Weighted LP3 ($ 	heta $ Only),37,745,0.0006291814247270947,,5,3,0,3,7.895018462099679e-05,70.0,30.0,0.0017158999980892986,0.0023307999945245683,0.00020519999088719487,0.10414490001858212,0.09959109997726046,0.06242860000929795,0.010641699976986274,0.011962899996433407,0.01415540001471527,0.012399999977787957,0.0004065000102855265
0.7,Weighted LP3 ($ 	heta $ Only),38,783,0.0005650972909419029,,3,3,0,3,6.501269012285693e-05,50.0,50.0,0.0011684000201057643,0.0033466999884694815,0.000305499997921288,0.07558699999935925,0.1242422999930568,0.043857599986949936,0.010802800010424107,0.011063799989642575,0.009277899982407689,0.011766700015868992,0.0004225999873597175
0.7,Weighted LP3 ($ 	heta $ Only),39,822,0.0011203043940648649,,4,3,1,2,0.00010669202451610144,80.0,20.0,0.0011301000195089728,0.002411900000879541,0.0001951000012923032,0.09736419998807833,0.1178123000136111,0.05993960000341758,0.011180400004377589,0.011231299984501675,0.007897800009232014,0.012797000003047287,0.00022570000146515667
0.7,Weighted LP3 ($ 	heta $ Only),40,862,0.00048503719778514884,,3,2,0,2,5.003996287120773e-05,40.0,60.0,0.0012979000166524202,0.0025531999999657273,0.00024759999359957874,0.07549859999562614,0.24009170001954772,0.15513570001348853,0.018277800001669675,0.014133799995761365,0.009206299990182742,0.011861499981023371,0.00023139998666010797
0.7,Weighted LP3 ($ 	heta $ Only),41,903,0.0013353714802285064,,9,9,2,7,0.00010330701621300611,50.0,50.0,0.0011267999943811446,0.004859400010900572,0.0003111999831162393,0.07396350000635721,0.10687600000528619,0.047815300000365824,0.010062299988931045,0.008369699993636459,0.010150099988095462,0.008018799999263138,0.00020429998403415084
0.7,Weighted LP3 ($ 	heta $ Only),42,945,0.0010819845823337585,,3,5,0,5,9.921310061679625e-05,90.0,10.0,0.0011272000265307724,0.00432190002175048,0.00032970000756904483,0.07408670001314022,0.12666370000806637,0.0751878000155557,0.008734700008062646,0.012282699986826628,0.013734000007389113,0.01207799999974668,0.0004239999980200082
0.7,Weighted LP3 ($ 	heta $ Only),43,988,0.0003769715113642895,,6,1,0,1,4.917019713447254e-05,20.0,80.0,0.0011492999910842627,0.003987100004451349,0.00029739999445155263,0.07103130000177771,0.12232690001837909,0.04235660002450459,0.009343500016257167,0.010215899994364008,0.01319680002052337,0.007550100010121241,0.00025480001932010055
0.7,Weighted LP3 ($ 	heta $ Only),44,1032,0.0009974611950062029,,2,3,0,3,9.707500005595435e-05,70.0,30.0,0.001593900000443682,0.004984700004570186,0.00022329998319037259,0.10054470002069138,0.1796287999895867,0.057289800024591386,0.011199100001249462,0.01373299999977462,0.016512699978193268,0.012223800003994256,0.0006425000028684735
0.7,Weighted LP3 ($ 	heta $ Only),45,1077,0.0,,0,0,0,0,0.0,0.0,100.0,0.0014186000043991953,0.0025572000013198704,8.490000618621707e-05,0.08544680001796223,0.12048839998897165,0.045239799976116046,0.01510349998716265,0.010999799997080117,0.011739999987185001,0.013721700001042336,0.0002460000105202198
0.7,Weighted LP3 ($ 	heta $ Only),46,1123,0.0018601887569745668,,8,12,0,12,0.00011704931681809362,90.0,10.0,0.0013272999785840511,0.0029562999843619764,0.00020229999790899456,0.07485370000358671,0.10118190001230687,0.04828670001006685,0.010171399975661188,0.0070829000032972544,0.010100599989527836,0.008558100002119318,0.00020909999147988856
0.7,Weighted LP3 ($ 	heta $ Only),47,1170,0.0,,3,0,0,0,0.0,0.0,100.0,0.005691999976988882,0.0033941000001505017,0.00030300000798888505,0.07720400000107475,0.11954719998175278,0.051637500000651926,0.011834700009785593,0.007691799983149394,0.013090199994621798,0.01267370002460666,0.00023400000645779073
0.7,Weighted LP3 ($ 	heta $ Only),48,1218,0.0011215680880831797,,5,5,0,5,0.00010703943118540807,90.0,10.0,0.0013831999967806041,0.0035265999904368073,0.00028989999555051327,0.07481809999444522,0.1264179999998305,0.07188449997920543,0.008884400012902915,0.012955500016687438,0.007565500010969117,0.012439899990567937,0.00040710001485422254
0.7,Weighted LP3 ($ 	heta $ Only),49,1267,0.0006818694741200862,,2,4,0,4,7.714781819674297e-05,70.0,30.0,0.0011215999838896096,0.005144000024301931,0.000225800002226606,0.05964629998197779,0.19284000000334345,0.04534730000887066,0.01323360000969842,0.018309199978830293,0.013757600012468174,0.012994699995033443,0.000440800009528175
0.7,Borda LP3 ($ 	heta $ Only),0,42,0.0009906148189964663,,5,4,0,4,7.937767192459452e-05,70.0,30.0,0.003270899993367493,0.0027017999964300543,0.00021769999875687063,0.08289499999955297,0.1177091000135988,0.04223620000993833,0.011991200008196756,0.012643099995329976,0.009350599983008578,0.011395500012440607,0.0004056000034324825
0.7,Borda LP3 ($ 	heta $ Only),1,43,0.0019270223193104622,,3,12,2,10,0.00017742183343647658,80.0,20.0,0.0011251000105403364,0.003426700015552342,0.0005102000141050667,0.07934770002611913,0.15233169999555685,0.04078699997626245,0.009047300001839176,0.008017499989364296,0.00955489999614656,0.009563200001139194,0.000242199981585145
0.7,Borda LP3 ($ 	heta $ Only),2,45,0.002589494902414213,,0,11,3,8,0.00018543558933531223,80.0,20.0,0.0042335000180173665,0.002467800019076094,0.00011119997361674905,0.069557699986035,0.13296099999570288,0.052797499985899776,0.0142100999946706,0.013905900006648153,0.011902600002940744,0.009255699987988919,0.0002460000105202198
0.7,Borda LP3 ($ 	heta $ Only),3,48,0.0008593595102842273,,3,3,1,2,5.1196344434189614e-05,30.0,70.0,0.0015798999811522663,0.0030184999923221767,0.00021040000137872994,0.07529740000609308,0.1704236000077799,0.052347200020449236,0.012211900000693277,0.009464200004003942,0.012664099980611354,0.012791499990271404,0.0002314999874215573
0.7,Borda LP3 ($ 	heta $ Only),4,52,0.0,,7,0,0,0,0.0,0.0,100.0,0.0017681000172160566,0.0025298999971710145,0.00019910000264644623,0.07245169999077916,0.12314049998531118,0.07085920000099577,0.012483099999371916,0.014437800011364743,0.011339200020302087,0.009309499990195036,0.0003958999877795577
0.7,Borda LP3 ($ 	heta $ Only),5,57,0.002145158769836452,,6,9,1,8,0.00015778470913271363,80.0,20.0,0.0011463999981060624,0.005914000008488074,0.0003148999821860343,0.07447930000489578,0.11704519999329932,0.042701900005340576,0.01056840000092052,0.008661800005938858,0.0131892999925185,0.009438699984457344,0.0010006999946199358
0.7,Borda LP3 ($ 	heta $ Only),6,63,0.0016764220316641085,,12,8,0,8,0.0001251567946588866,70.0,30.0,0.002436400012811646,0.0035475999757181853,0.00020129999029450119,0.058427899988600984,0.0845911999931559,0.05890989999170415,0.009872499998891726,0.006231900013517588,0.013597800018033013,0.012587400007760152,0.0002646000066306442
0.7,Borda LP3 ($ 	heta $ Only),7,70,0.0014415190523210661,,5,10,0,10,0.00012492639140353483,80.0,20.0,0.0016438000020571053,0.0030845000001136214,0.0003020000003743917,0.0792430000146851,0.11805950000416487,0.04513380001299083,0.009538799989968538,0.010259900009259582,0.010924300004262477,0.009003100014524534,0.0004197999951429665
0.7,Borda LP3 ($ 	heta $ Only),8,78,0.0015145862572757205,,1,7,1,6,0.00013963187265695546,90.0,10.0,0.0016002999909687787,0.005640099989250302,0.00032809999538585544,0.1074889000155963,0.12733659998048097,0.04250310000497848,0.010379099985584617,0.011047400010284036,0.011686200014082715,0.010419099999126047,0.00044120001257397234
0.7,Borda LP3 ($ 	heta $ Only),9,87,0.0006604535862426287,,1,1,1,0,8.683870366122615e-05,70.0,30.0,0.0051793999737128615,0.0026529999740887433,0.00023040000814944506,0.07418660001712851,0.13329090000479482,0.06692740001017228,0.02047849999507889,0.014312100014649332,0.015069100016262382,0.010432400013087317,0.0002410000015515834
0.7,Borda LP3 ($ 	heta $ Only),10,97,0.0019810644562929993,,0,8,0,8,0.000152891966769047,90.0,10.0,0.0011655999987851828,0.0033725999819580466,5.9299985878169537e-05,0.06887059999280609,0.2109379000030458,0.11918200002401136,0.07075839999015443,0.04767820000415668,0.02797139997710474,0.020228000008501112,0.0005514000076800585
0.7,Borda LP3 ($ 	heta $ Only),11,108,0.0,,3,0,0,0,0.0,0.0,100.0,0.001167400012491271,0.02433820001897402,0.000895500008482486,0.09871349998866208,0.17953249998390675,0.05930880000232719,0.013932400004705414,0.012877500004833564,0.009899199998471886,0.012151200004154816,0.00026199998683296144
0.7,Borda LP3 ($ 	heta $ Only),12,120,0.0011977822572463762,,2,3,2,1,9.108565524909168e-05,60.0,40.0,0.0019230000034440309,0.0025301999994553626,0.00030519999563694,0.10190530002000742,0.1435477000195533,0.03212519999942742,0.008210100000724196,0.009292000002460554,0.008055599988438189,0.00988369999686256,0.0004317999992053956
0.7,Borda LP3 ($ 	heta $ Only),13,133,0.0004589525322282615,,7,1,0,1,4.17229574752965e-05,30.0,70.0,0.0011210999800823629,0.0023671000089962035,0.00018919998547062278,0.06623130000662059,0.10935869999229908,0.0635550000006333,0.0091369999863673,0.00775170000270009,0.011907300009625033,0.007430800003930926,0.0002142000012099743
0.7,Borda LP3 ($ 	heta $ Only),14,147,0.0019438344512263594,,7,12,1,11,0.00013037764460185279,80.0,20.0,0.0013160000089555979,0.005721199995605275,0.0004285000031813979,0.0657366999948863,0.14034919999539852,0.05738879999262281,0.01274479998392053,0.014012699975864962,0.01926510001067072,0.008254200016381219,0.0002156999835278839
0.7,Borda LP3 ($ 	heta $ Only),15,162,0.0020584230805768744,,2,11,1,10,0.0001609145882140132,90.0,10.0,0.005760800006100908,0.0035721000167541206,0.00045339998905546963,0.08031270001083612,0.1270399000204634,0.041341800009831786,0.013780100009171292,0.012690499977907166,0.011000200000125915,0.013293700001668185,0.00043489999370649457
0.7,Borda LP3 ($ 	heta $ Only),16,178,0.0005231475766555197,,1,2,1,1,4.2789592495276664e-05,50.0,50.0,0.001135200000135228,0.005682100018020719,0.00022869999520480633,0.07506780000403523,0.13302300000214018,0.056122400012100115,0.009789600007934496,0.011796000006143004,0.011726099997758865,0.00848369998857379,0.0002410000015515834
0.7,Borda LP3 ($ 	heta $ Only),17,195,0.0006632045447322629,,4,4,0,4,8.722924264193747e-05,50.0,50.0,0.007367800018982962,0.002351200004341081,0.0001956000050995499,0.07266150001669303,0.13722340000094846,0.05234190000919625,0.00980509998043999,0.007782000000588596,0.008836099994368851,0.007972299994435161,0.00022399998852051795
0.7,Borda LP3 ($ 	heta $ Only),18,213,0.0008572578837595084,,9,4,1,3,0.00010381583210344303,60.0,40.0,0.004162900004303083,0.0024411000194959342,0.0002041999832727015,0.06310050000320189,0.11690639998414554,0.04505700001027435,0.008627100003650412,0.009142199996858835,0.007619999989401549,0.01134460000321269,0.00020440001389943063
0.7,Borda LP3 ($ 	heta $ Only),19,232,0.0007708544455775814,,7,5,0,5,7.58449033909289e-05,70.0,30.0,0.0013367999927140772,0.002872400014894083,0.0007272000075317919,0.07316240001819097,0.10243310002260841,0.050198799988720566,0.01035779999801889,0.011348400003043935,0.007446699979482219,0.012878500012448058,0.0002182999742217362
0.7,Borda LP3 ($ 	heta $ Only),20,252,0.000697877113502393,,2,3,1,2,5.2279862547733005e-05,20.0,80.0,0.0014507999876514077,0.003331600019009784,0.00036780000664293766,0.08034749998478219,0.12249619999784045,0.059352499985834584,0.009234299999661744,0.01260999997612089,0.014074700011406094,0.011924399994313717,0.0004301999870222062
0.7,Borda LP3 ($ 	heta $ Only),21,273,8.550190181950322e-05,,5,2,0,2,8.550190181950322e-05,20.0,80.0,0.0013246999878901988,0.0029836999892722815,0.00020020001102238894,0.08429999998770654,0.20880469999974594,0.0822178999951575,0.008570399979362264,0.012168100016424432,0.01148099999409169,0.009539499995298684,0.0004015000013168901
0.7,Borda LP3 ($ 	heta $ Only),22,295,0.001049370857363929,,4,6,1,5,7.358281040233888e-05,60.0,40.0,0.00425810000160709,0.00228909999714233,0.0002010999887716025,0.09402580000460148,0.13079019999713637,0.05405729997437447,0.009525000001303852,0.007718799985013902,0.009688100020866841,0.00903180000022985,0.0004130000015720725
0.7,Borda LP3 ($ 	heta $ Only),23,318,0.0,,7,0,0,0,0.0,0.0,100.0,0.004988100001355633,0.0024588999804109335,0.00019489999976940453,0.062471099983667955,0.12187350000021979,0.051822599984006956,0.007271400012541562,0.01115659999777563,0.008860400004778057,0.010036599996965379,0.00038889999268576503
0.7,Borda LP3 ($ 	heta $ Only),24,342,0.0,,6,0,0,0,0.0,0.0,100.0,0.0011273999989498407,0.002610299998195842,0.0002820999943651259,0.08104019999154843,0.10876750000170432,0.05551559999003075,0.007349199993768707,0.009469200012972578,0.009596099989721552,0.013859799975762144,0.00044079998042434454
0.7,Borda LP3 ($ 	heta $ Only),25,367,0.0007753461999183111,,2,6,0,6,0.00010303861047743453,70.0,30.0,0.006141099991509691,0.00346400000853464,0.00031969998963177204,0.07577349999337457,0.1365193000237923,0.048503799975151196,0.013542000000597909,0.013106099999276921,0.04368630002136342,0.07422979999682866,0.001784899999620393
0.7,Borda LP3 ($ 	heta $ Only),26,393,0.0,,2,0,0,0,0.0,0.0,100.0,0.011083499994128942,0.005239399994025007,0.00045479999971576035,0.20594809998874553,0.11764219999895431,0.04185570002300665,0.009610900015104562,0.011620399978710338,0.00869109999621287,0.012782000005245209,0.0002339000056963414
0.7,Borda LP3 ($ 	heta $ Only),27,420,0.0,,0,0,0,0,0.0,0.0,100.0,0.0014143000007607043,0.005727800016757101,0.0003004999889526516,0.0817481999984011,0.10744580000755377,0.057741700002225116,0.012752900016494095,0.010711600014474243,0.013377700001001358,0.012324199982685968,0.0002589999930933118
0.7,Borda LP3 ($ 	heta $ Only),28,448,0.0020686932985327883,,3,7,3,4,0.0001872251422890721,90.0,10.0,0.0012268999998923391,0.003241600003093481,0.00021780002862215042,0.07171289998223074,0.12063369998941198,0.04388979999930598,0.011578199977520853,0.009469899989198893,0.011698999995132908,0.013366500003030524,0.0002294000005349517
0.7,Borda LP3 ($ 	heta $ Only),29,477,0.0014043622504824216,,5,6,0,6,0.00014158796047233712,90.0,10.0,0.0013427000085357577,0.002648300025612116,0.00020969999604858458,0.072854300000472,0.15053980000084266,0.06391249998705462,0.015453900006832555,0.0115726999938488,0.008277499990072101,0.012100499996449798,0.0002646000066306442
0.7,Borda LP3 ($ 	heta $ Only),30,507,0.0018305237561651933,,0,7,1,6,0.00015824691278648405,90.0,10.0,0.0014727999805472791,0.004508899990469217,9.399998816661537e-05,0.08717009998508729,0.14179240001249127,0.04193099998519756,0.022180100000696257,0.01641029998427257,0.01906390002113767,0.012652300007175654,0.0002488000027369708
0.7,Borda LP3 ($ 	heta $ Only),31,538,0.0017174776879441288,,9,7,0,7,0.00011622998898541884,70.0,30.0,0.002839199994923547,0.002508700010366738,0.00019130000146105886,0.06702210000366904,0.11338809999870136,0.04256380000151694,0.0070973999972920865,0.012782900012098253,0.009082500007934868,0.01114330001291819,0.00020390001009218395
0.7,Borda LP3 ($ 	heta $ Only),32,570,0.0016178583780024202,,4,10,1,9,0.00012151957915747014,70.0,30.0,0.001129099982790649,0.005967500008409843,0.0003240999940317124,0.07241289998637512,0.13734769998700358,0.0603928999917116,0.009144599986029789,0.009752200014190748,0.007953599997563288,0.011958599992794916,0.00022839999292045832
0.7,Borda LP3 ($ 	heta $ Only),33,603,0.0016100389786768451,,4,8,2,6,0.00012249206227241428,80.0,20.0,0.001290899992454797,0.0027624000213108957,0.00021800000104121864,0.06548359998851083,0.12338239999371581,0.05324780000955798,0.009793699980946258,0.00922879998688586,0.01186759999836795,0.01251820000470616,0.0004408999811857939
0.7,Borda LP3 ($ 	heta $ Only),34,637,0.00035825183816992715,,1,2,0,2,4.165925801544793e-05,30.0,70.0,0.0011249000090174377,0.0022511999995913357,0.0002049999893642962,0.09728329998324625,0.13192240000353195,0.04362699997727759,0.00916229997528717,0.012561800016555935,0.011790300020948052,0.009735100000398234,0.0004481000069063157
0.7,Borda LP3 ($ 	heta $ Only),35,672,0.001825902745956908,,1,5,2,3,0.00015616604718327216,90.0,10.0,0.0016961999936029315,0.004685599997173995,0.0003012999950442463,0.08592319997842424,0.1417377000034321,0.0294634000165388,0.009389600018039346,0.009728500008350238,0.010435600008349866,0.008470799977658316,0.00023940001847222447
0.7,Borda LP3 ($ 	heta $ Only),36,708,0.002058880834349537,,1,7,2,5,0.00017403172402412334,90.0,10.0,0.004873099998803809,0.002510200021788478,0.0002111000067088753,0.06940090001444332,0.1334043999959249,0.05668199999490753,0.008921799977542832,0.014201500016497448,0.012175700016086921,0.011384300014469773,0.0010448000102769583
0.7,Borda LP3 ($ 	heta $ Only),37,745,0.000904164981600867,,5,3,0,3,7.991116934371327e-05,70.0,30.0,0.0017158999980892986,0.0023307999945245683,0.00020519999088719487,0.10414490001858212,0.09959109997726046,0.06242860000929795,0.010641699976986274,0.011962899996433407,0.01415540001471527,0.012399999977787957,0.0004065000102855265
0.7,Borda LP3 ($ 	heta $ Only),38,783,0.0008151395913514264,,3,3,0,3,6.501269012285697e-05,30.0,70.0,0.0011684000201057643,0.0033466999884694815,0.000305499997921288,0.07558699999935925,0.1242422999930568,0.043857599986949936,0.010802800010424107,0.011063799989642575,0.009277899982407689,0.011766700015868992,0.0004225999873597175
0.7,Borda LP3 ($ 	heta $ Only),39,822,0.0010339607986456377,,4,4,1,3,0.00011296131453431356,60.0,40.0,0.0011301000195089728,0.002411900000879541,0.0001951000012923032,0.09736419998807833,0.1178123000136111,0.05993960000341758,0.011180400004377589,0.011231299984501675,0.007897800009232014,0.012797000003047287,0.00022570000146515667
0.7,Borda LP3 ($ 	heta $ Only),40,862,0.0005359620193504087,,3,4,0,4,8.07801595525586e-05,80.0,20.0,0.0012979000166524202,0.0025531999999657273,0.00024759999359957874,0.07549859999562614,0.24009170001954772,0.15513570001348853,0.018277800001669675,0.014133799995761365,0.009206299990182742,0.011861499981023371,0.00023139998666010797
0.7,Borda LP3 ($ 	heta $ Only),41,903,0.0004274092004565975,,9,3,0,3,0.0004274092004565975,40.0,60.0,0.0011267999943811446,0.004859400010900572,0.0003111999831162393,0.07396350000635721,0.10687600000528619,0.047815300000365824,0.010062299988931045,0.008369699993636459,0.010150099988095462,0.008018799999263138,0.00020429998403415084
0.7,Borda LP3 ($ 	heta $ Only),42,945,0.001282453524362658,,3,4,0,4,0.00010219882109495348,80.0,20.0,0.0011272000265307724,0.00432190002175048,0.00032970000756904483,0.07408670001314022,0.12666370000806637,0.0751878000155557,0.008734700008062646,0.012282699986826628,0.013734000007389113,0.01207799999974668,0.0004239999980200082
0.7,Borda LP3 ($ 	heta $ Only),43,988,0.0005101786612078245,,6,1,0,1,4.637987829162041e-05,30.0,70.0,0.0011492999910842627,0.003987100004451349,0.00029739999445155263,0.07103130000177771,0.12232690001837909,0.04235660002450459,0.009343500016257167,0.010215899994364008,0.01319680002052337,0.007550100010121241,0.00025480001932010055
0.7,Borda LP3 ($ 	heta $ Only),44,1032,0.0013107270869477884,,2,4,0,4,9.811767733966741e-05,80.0,20.0,0.001593900000443682,0.004984700004570186,0.00022329998319037259,0.10054470002069138,0.1796287999895867,0.057289800024591386,0.011199100001249462,0.01373299999977462,0.016512699978193268,0.012223800003994256,0.0006425000028684735
0.7,Borda LP3 ($ 	heta $ Only),45,1077,0.0,,0,0,0,0,0.0,0.0,100.0,0.0014186000043991953,0.0025572000013198704,8.490000618621707e-05,0.08544680001796223,0.12048839998897165,0.045239799976116046,0.01510349998716265,0.010999799997080117,0.011739999987185001,0.013721700001042336,0.0002460000105202198
0.7,Borda LP3 ($ 	heta $ Only),46,1123,0.0024823495298266613,,8,11,1,10,0.00011748074522310722,90.0,10.0,0.0013272999785840511,0.0029562999843619764,0.00020229999790899456,0.07485370000358671,0.10118190001230687,0.04828670001006685,0.010171399975661188,0.0070829000032972544,0.010100599989527836,0.008558100002119318,0.00020909999147988856
0.7,Borda LP3 ($ 	heta $ Only),47,1170,0.0,,3,0,0,0,0.0,0.0,100.0,0.005691999976988882,0.0033941000001505017,0.00030300000798888505,0.07720400000107475,0.11954719998175278,0.051637500000651926,0.011834700009785593,0.007691799983149394,0.013090199994621798,0.01267370002460666,0.00023400000645779073
0.7,Borda LP3 ($ 	heta $ Only),48,1218,0.0015040360909549576,,5,5,0,5,0.00010703943118540811,70.0,30.0,0.0013831999967806041,0.0035265999904368073,0.00028989999555051327,0.07481809999444522,0.1264179999998305,0.07188449997920543,0.008884400012902915,0.012955500016687438,0.007565500010969117,0.012439899990567937,0.00040710001485422254
0.7,Borda LP3 ($ 	heta $ Only),49,1267,0.0009637905213078003,,2,4,0,4,7.711810219414479e-05,60.0,40.0,0.0011215999838896096,0.005144000024301931,0.000225800002226606,0.05964629998197779,0.19284000000334345,0.04534730000887066,0.01323360000969842,0.018309199978830293,0.013757600012468174,0.012994699995033443,0.000440800009528175
0.7,Linear BTL,0,42,,-73.24876558353522,5,6,0,6,,,,0.003270899993367493,0.0027017999964300543,0.00021769999875687063,0.08289499999955297,0.1177091000135988,0.04223620000993833,0.011991200008196756,0.012643099995329976,0.009350599983008578,0.011395500012440607,0.0004056000034324825
0.7,Linear BTL,1,43,,-82.17335459983899,3,10,1,9,,,,0.0011251000105403364,0.003426700015552342,0.0005102000141050667,0.07934770002611913,0.15233169999555685,0.04078699997626245,0.009047300001839176,0.008017499989364296,0.00955489999614656,0.009563200001139194,0.000242199981585145
0.7,Linear BTL,2,45,,-77.96212496767518,0,12,3,9,,,,0.0042335000180173665,0.002467800019076094,0.00011119997361674905,0.069557699986035,0.13296099999570288,0.052797499985899776,0.0142100999946706,0.013905900006648153,0.011902600002940744,0.009255699987988919,0.0002460000105202198
0.7,Linear BTL,3,48,,-67.4061979904335,3,4,1,3,,,,0.0015798999811522663,0.0030184999923221767,0.00021040000137872994,0.07529740000609308,0.1704236000077799,0.052347200020449236,0.012211900000693277,0.009464200004003942,0.012664099980611354,0.012791499990271404,0.0002314999874215573
0.7,Linear BTL,4,52,,-79.53474016148623,7,4,1,3,,,,0.0017681000172160566,0.0025298999971710145,0.00019910000264644623,0.07245169999077916,0.12314049998531118,0.07085920000099577,0.012483099999371916,0.014437800011364743,0.011339200020302087,0.009309499990195036,0.0003958999877795577
0.7,Linear BTL,5,57,,-83.38869081515173,6,12,1,11,,,,0.0011463999981060624,0.005914000008488074,0.0003148999821860343,0.07447930000489578,0.11704519999329932,0.042701900005340576,0.01056840000092052,0.008661800005938858,0.0131892999925185,0.009438699984457344,0.0010006999946199358
0.7,Linear BTL,6,63,,-89.97364812665398,12,6,0,6,,,,0.002436400012811646,0.0035475999757181853,0.00020129999029450119,0.058427899988600984,0.0845911999931559,0.05890989999170415,0.009872499998891726,0.006231900013517588,0.013597800018033013,0.012587400007760152,0.0002646000066306442
0.7,Linear BTL,7,70,,-80.97971656775266,5,10,0,10,,,,0.0016438000020571053,0.0030845000001136214,0.0003020000003743917,0.0792430000146851,0.11805950000416487,0.04513380001299083,0.009538799989968538,0.010259900009259582,0.010924300004262477,0.009003100014524534,0.0004197999951429665
0.7,Linear BTL,8,78,,-67.54280920633765,1,8,1,7,,,,0.0016002999909687787,0.005640099989250302,0.00032809999538585544,0.1074889000155963,0.12733659998048097,0.04250310000497848,0.010379099985584617,0.011047400010284036,0.011686200014082715,0.010419099999126047,0.00044120001257397234
0.7,Linear BTL,9,87,,-72.26941658697848,1,4,2,2,,,,0.0051793999737128615,0.0026529999740887433,0.00023040000814944506,0.07418660001712851,0.13329090000479482,0.06692740001017228,0.02047849999507889,0.014312100014649332,0.015069100016262382,0.010432400013087317,0.0002410000015515834
0.7,Linear BTL,10,97,,-83.7380800174665,0,10,0,10,,,,0.0011655999987851828,0.0033725999819580466,5.9299985878169537e-05,0.06887059999280609,0.2109379000030458,0.11918200002401136,0.07075839999015443,0.04767820000415668,0.02797139997710474,0.020228000008501112,0.0005514000076800585
0.7,Linear BTL,11,108,,-79.71868465165977,3,5,0,5,,,,0.001167400012491271,0.02433820001897402,0.000895500008482486,0.09871349998866208,0.17953249998390675,0.05930880000232719,0.013932400004705414,0.012877500004833564,0.009899199998471886,0.012151200004154816,0.00026199998683296144
0.7,Linear BTL,12,120,,-63.30858132528231,2,5,3,2,,,,0.0019230000034440309,0.0025301999994553626,0.00030519999563694,0.10190530002000742,0.1435477000195533,0.03212519999942742,0.008210100000724196,0.009292000002460554,0.008055599988438189,0.00988369999686256,0.0004317999992053956
0.7,Linear BTL,13,133,,-71.76123580427524,7,2,0,2,,,,0.0011210999800823629,0.0023671000089962035,0.00018919998547062278,0.06623130000662059,0.10935869999229908,0.0635550000006333,0.0091369999863673,0.00775170000270009,0.011907300009625033,0.007430800003930926,0.0002142000012099743
0.7,Linear BTL,14,147,,-90.26448534805645,7,13,1,12,,,,0.0013160000089555979,0.005721199995605275,0.0004285000031813979,0.0657366999948863,0.14034919999539852,0.05738879999262281,0.01274479998392053,0.014012699975864962,0.01926510001067072,0.008254200016381219,0.0002156999835278839
0.7,Linear BTL,15,162,,-89.01661733858334,2,10,1,9,,,,0.005760800006100908,0.0035721000167541206,0.00045339998905546963,0.08031270001083612,0.1270399000204634,0.041341800009831786,0.013780100009171292,0.012690499977907166,0.011000200000125915,0.013293700001668185,0.00043489999370649457
0.7,Linear BTL,16,178,,-75.03818724366218,1,6,1,5,,,,0.001135200000135228,0.005682100018020719,0.00022869999520480633,0.07506780000403523,0.13302300000214018,0.056122400012100115,0.009789600007934496,0.011796000006143004,0.011726099997758865,0.00848369998857379,0.0002410000015515834
0.7,Linear BTL,17,195,,-65.77755103833195,4,5,0,5,,,,0.007367800018982962,0.002351200004341081,0.0001956000050995499,0.07266150001669303,0.13722340000094846,0.05234190000919625,0.00980509998043999,0.007782000000588596,0.008836099994368851,0.007972299994435161,0.00022399998852051795
0.7,Linear BTL,18,213,,-85.70404270412459,9,6,0,6,,,,0.004162900004303083,0.0024411000194959342,0.0002041999832727015,0.06310050000320189,0.11690639998414554,0.04505700001027435,0.008627100003650412,0.009142199996858835,0.007619999989401549,0.01134460000321269,0.00020440001389943063
0.7,Linear BTL,19,232,,-79.70538148002066,7,5,0,5,,,,0.0013367999927140772,0.002872400014894083,0.0007272000075317919,0.07316240001819097,0.10243310002260841,0.050198799988720566,0.01035779999801889,0.011348400003043935,0.007446699979482219,0.012878500012448058,0.0002182999742217362
0.7,Linear BTL,20,252,,-75.27084718324298,2,3,1,2,,,,0.0014507999876514077,0.003331600019009784,0.00036780000664293766,0.08034749998478219,0.12249619999784045,0.059352499985834584,0.009234299999661744,0.01260999997612089,0.014074700011406094,0.011924399994313717,0.0004301999870222062
0.7,Linear BTL,21,273,,-74.34220982020668,5,3,0,3,,,,0.0013246999878901988,0.0029836999892722815,0.00020020001102238894,0.08429999998770654,0.20880469999974594,0.0822178999951575,0.008570399979362264,0.012168100016424432,0.01148099999409169,0.009539499995298684,0.0004015000013168901
0.7,Linear BTL,22,295,,-82.60481426508491,4,5,0,5,,,,0.00425810000160709,0.00228909999714233,0.0002010999887716025,0.09402580000460148,0.13079019999713637,0.05405729997437447,0.009525000001303852,0.007718799985013902,0.009688100020866841,0.00903180000022985,0.0004130000015720725
0.7,Linear BTL,23,318,,-74.98614978331523,7,3,0,3,,,,0.004988100001355633,0.0024588999804109335,0.00019489999976940453,0.062471099983667955,0.12187350000021979,0.051822599984006956,0.007271400012541562,0.01115659999777563,0.008860400004778057,0.010036599996965379,0.00038889999268576503
0.7,Linear BTL,24,342,,-78.10595700947279,6,3,0,3,,,,0.0011273999989498407,0.002610299998195842,0.0002820999943651259,0.08104019999154843,0.10876750000170432,0.05551559999003075,0.007349199993768707,0.009469200012972578,0.009596099989721552,0.013859799975762144,0.00044079998042434454
0.7,Linear BTL,25,367,,-73.49768274197199,2,8,0,8,,,,0.006141099991509691,0.00346400000853464,0.00031969998963177204,0.07577349999337457,0.1365193000237923,0.048503799975151196,0.013542000000597909,0.013106099999276921,0.04368630002136342,0.07422979999682866,0.001784899999620393
0.7,Linear BTL,26,393,,-72.68964426269974,2,3,0,3,,,,0.011083499994128942,0.005239399994025007,0.00045479999971576035,0.20594809998874553,0.11764219999895431,0.04185570002300665,0.009610900015104562,0.011620399978710338,0.00869109999621287,0.012782000005245209,0.0002339000056963414
0.7,Linear BTL,27,420,,-40.588971840521545,0,3,1,2,,,,0.0014143000007607043,0.005727800016757101,0.0003004999889526516,0.0817481999984011,0.10744580000755377,0.057741700002225116,0.012752900016494095,0.010711600014474243,0.013377700001001358,0.012324199982685968,0.0002589999930933118
0.7,Linear BTL,28,448,,-78.49716673427167,3,10,1,9,,,,0.0012268999998923391,0.003241600003093481,0.00021780002862215042,0.07171289998223074,0.12063369998941198,0.04388979999930598,0.011578199977520853,0.009469899989198893,0.011698999995132908,0.013366500003030524,0.0002294000005349517
0.7,Linear BTL,29,477,,-82.32188694508845,5,8,1,7,,,,0.0013427000085357577,0.002648300025612116,0.00020969999604858458,0.072854300000472,0.15053980000084266,0.06391249998705462,0.015453900006832555,0.0115726999938488,0.008277499990072101,0.012100499996449798,0.0002646000066306442
0.7,Linear BTL,30,507,,-73.51245976333549,0,8,1,7,,,,0.0014727999805472791,0.004508899990469217,9.399998816661537e-05,0.08717009998508729,0.14179240001249127,0.04193099998519756,0.022180100000696257,0.01641029998427257,0.01906390002113767,0.012652300007175654,0.0002488000027369708
0.7,Linear BTL,31,538,,-88.08597431352311,9,8,0,8,,,,0.002839199994923547,0.002508700010366738,0.00019130000146105886,0.06702210000366904,0.11338809999870136,0.04256380000151694,0.0070973999972920865,0.012782900012098253,0.009082500007934868,0.01114330001291819,0.00020390001009218395
0.7,Linear BTL,32,570,,-79.93518305046214,4,10,1,9,,,,0.001129099982790649,0.005967500008409843,0.0003240999940317124,0.07241289998637512,0.13734769998700358,0.0603928999917116,0.009144599986029789,0.009752200014190748,0.007953599997563288,0.011958599992794916,0.00022839999292045832
0.7,Linear BTL,33,603,,-69.57456361184978,4,7,1,6,,,,0.001290899992454797,0.0027624000213108957,0.00021800000104121864,0.06548359998851083,0.12338239999371581,0.05324780000955798,0.009793699980946258,0.00922879998688586,0.01186759999836795,0.01251820000470616,0.0004408999811857939
0.7,Linear BTL,34,637,,-67.24239308387303,1,2,0,2,,,,0.0011249000090174377,0.0022511999995913357,0.0002049999893642962,0.09728329998324625,0.13192240000353195,0.04362699997727759,0.00916229997528717,0.012561800016555935,0.011790300020948052,0.009735100000398234,0.0004481000069063157
0.7,Linear BTL,35,672,,-71.82231446146412,1,5,2,3,,,,0.0016961999936029315,0.004685599997173995,0.0003012999950442463,0.08592319997842424,0.1417377000034321,0.0294634000165388,0.009389600018039346,0.009728500008350238,0.010435600008349866,0.008470799977658316,0.00023940001847222447
0.7,Linear BTL,36,708,,-71.93126257981605,1,10,2,8,,,,0.004873099998803809,0.002510200021788478,0.0002111000067088753,0.06940090001444332,0.1334043999959249,0.05668199999490753,0.008921799977542832,0.014201500016497448,0.012175700016086921,0.011384300014469773,0.0010448000102769583
0.7,Linear BTL,37,745,,-75.49370809209181,5,3,0,3,,,,0.0017158999980892986,0.0023307999945245683,0.00020519999088719487,0.10414490001858212,0.09959109997726046,0.06242860000929795,0.010641699976986274,0.011962899996433407,0.01415540001471527,0.012399999977787957,0.0004065000102855265
0.7,Linear BTL,38,783,,-68.66751279338567,3,4,0,4,,,,0.0011684000201057643,0.0033466999884694815,0.000305499997921288,0.07558699999935925,0.1242422999930568,0.043857599986949936,0.010802800010424107,0.011063799989642575,0.009277899982407689,0.011766700015868992,0.0004225999873597175
0.7,Linear BTL,39,822,,-81.99155288765253,4,9,2,7,,,,0.0011301000195089728,0.002411900000879541,0.0001951000012923032,0.09736419998807833,0.1178123000136111,0.05993960000341758,0.011180400004377589,0.011231299984501675,0.007897800009232014,0.012797000003047287,0.00022570000146515667
0.7,Linear BTL,40,862,,-85.07720927841298,3,5,0,5,,,,0.0012979000166524202,0.0025531999999657273,0.00024759999359957874,0.07549859999562614,0.24009170001954772,0.15513570001348853,0.018277800001669675,0.014133799995761365,0.009206299990182742,0.011861499981023371,0.00023139998666010797
0.7,Linear BTL,41,903,,-87.49728179460114,9,8,1,7,,,,0.0011267999943811446,0.004859400010900572,0.0003111999831162393,0.07396350000635721,0.10687600000528619,0.047815300000365824,0.010062299988931045,0.008369699993636459,0.010150099988095462,0.008018799999263138,0.00020429998403415084
0.7,Linear BTL,42,945,,-77.40685799439174,3,10,0,10,,,,0.0011272000265307724,0.00432190002175048,0.00032970000756904483,0.07408670001314022,0.12666370000806637,0.0751878000155557,0.008734700008062646,0.012282699986826628,0.013734000007389113,0.01207799999974668,0.0004239999980200082
0.7,Linear BTL,43,988,,-81.6668713063305,6,4,0,4,,,,0.0011492999910842627,0.003987100004451349,0.00029739999445155263,0.07103130000177771,0.12232690001837909,0.04235660002450459,0.009343500016257167,0.010215899994364008,0.01319680002052337,0.007550100010121241,0.00025480001932010055
0.7,Linear BTL,44,1032,,-68.97998489293894,2,6,0,6,,,,0.001593900000443682,0.004984700004570186,0.00022329998319037259,0.10054470002069138,0.1796287999895867,0.057289800024591386,0.011199100001249462,0.01373299999977462,0.016512699978193268,0.012223800003994256,0.0006425000028684735
0.7,Linear BTL,45,1077,,-61.46858095724654,0,8,1,7,,,,0.0014186000043991953,0.0025572000013198704,8.490000618621707e-05,0.08544680001796223,0.12048839998897165,0.045239799976116046,0.01510349998716265,0.010999799997080117,0.011739999987185001,0.013721700001042336,0.0002460000105202198
0.7,Linear BTL,46,1123,,-86.77783628401247,8,13,0,13,,,,0.0013272999785840511,0.0029562999843619764,0.00020229999790899456,0.07485370000358671,0.10118190001230687,0.04828670001006685,0.010171399975661188,0.0070829000032972544,0.010100599989527836,0.008558100002119318,0.00020909999147988856
0.7,Linear BTL,47,1170,,-76.3310921063588,3,3,0,3,,,,0.005691999976988882,0.0033941000001505017,0.00030300000798888505,0.07720400000107475,0.11954719998175278,0.051637500000651926,0.011834700009785593,0.007691799983149394,0.013090199994621798,0.01267370002460666,0.00023400000645779073
0.7,Linear BTL,48,1218,,-79.85418509262556,5,7,0,7,,,,0.0013831999967806041,0.0035265999904368073,0.00028989999555051327,0.07481809999444522,0.1264179999998305,0.07188449997920543,0.008884400012902915,0.012955500016687438,0.007565500010969117,0.012439899990567937,0.00040710001485422254
0.7,Linear BTL,49,1267,,-70.51482581104284,2,6,0,6,,,,0.0011215999838896096,0.005144000024301931,0.000225800002226606,0.05964629998197779,0.19284000000334345,0.04534730000887066,0.01323360000969842,0.018309199978830293,0.013757600012468174,0.012994699995033443,0.000440800009528175
0.8,LP2 ($ 	heta $ Only),0,42,4.065685449390673e-05,,2,7,4,3,4.065685449390673e-05,40.0,60.0,0.002021799999056384,0.003192100004525855,0.0002248000237159431,0.09193930000765249,0.1280063999874983,0.04151849998743273,0.01180829998338595,0.010265099990647286,0.009751100005814806,0.014170500013278797,0.00023969999165274203
0.8,LP2 ($ 	heta $ Only),1,43,6.355856313934633e-07,,7,1,0,1,6.355856313934633e-07,10.0,90.0,0.001341900002444163,0.003296099981525913,0.00021580001339316368,0.07249750001938082,0.10769820000859909,0.0484600999916438,0.010322099988115951,0.007066700025461614,0.01034149999031797,0.007121399976313114,0.00022089999401941895
0.8,LP2 ($ 	heta $ Only),2,45,3.384935188995633e-05,,0,5,2,3,3.384935188995633e-05,40.0,60.0,0.0015697999915573746,0.004912299977149814,8.949998300522566e-05,0.11682690001907758,0.12221870000939816,0.07125280000036582,0.013030199974309653,0.01062459999229759,0.012928700016345829,0.011441499984357506,0.0002460999821778387
0.8,LP2 ($ 	heta $ Only),3,48,1.5639501108973263e-05,,2,1,0,1,1.5639501108973263e-05,20.0,80.0,0.0011679000162985176,0.0026662999880500138,0.00020530002075247467,0.08246770000550896,0.17946939999819733,0.09216209998703562,0.023160800017649308,0.016548799991142005,0.01607979999971576,0.020024500001454726,0.0005514000076800585
0.8,LP2 ($ 	heta $ Only),4,52,0.0,,7,0,0,0,0.0,0.0,100.0,0.00244909999310039,0.0060646999918390065,0.0007068999984767288,0.07854839999345131,0.2562771000084467,0.054174299992155284,0.0094231000111904,0.008756099996389821,0.00968230000580661,0.010081599990371615,0.00021129997912794352
0.8,LP2 ($ 	heta $ Only),5,57,7.082230844503573e-06,,5,3,0,3,7.082230844503573e-06,10.0,90.0,0.003895000001648441,0.0025724000006448478,0.00021009999909438193,0.06760169999324717,0.11850630000117235,0.04768869999679737,0.011306300002615899,0.007550499984063208,0.01008530001854524,0.0088304000091739,0.0004087999986950308
0.8,LP2 ($ 	heta $ Only),6,63,1.0473488155221008e-05,,12,10,0,10,1.0473488155221008e-05,40.0,60.0,0.0015642999787814915,0.005029299994930625,0.0002822000242304057,0.06891360000008717,0.10711190002621152,0.0731709000247065,0.008501600008457899,0.007343200006289408,0.007822100014891475,0.0061950999952387065,0.00019200000679120421
0.8,LP2 ($ 	heta $ Only),7,70,0.0,,6,0,0,0,0.0,0.0,100.0,0.0011306000233162194,0.0024216999881900847,0.00018659999477677047,0.08977780002169311,0.1126384999952279,0.06476969999494031,0.010135399992577732,0.0069383000081870705,0.009560300008160993,0.008240199997089803,0.00039579998701810837
0.8,LP2 ($ 	heta $ Only),8,78,1.2503100926136391e-05,,3,9,1,8,1.2503100926136388e-05,40.0,60.0,0.0012385000009089708,0.003487000009045005,0.0006024999893270433,0.07717100001173094,0.12834329999168403,0.06760000000940636,0.011316700023598969,0.013951800006907433,0.012686300004133955,0.011429600010160357,0.0008336000028066337
0.8,LP2 ($ 	heta $ Only),9,87,2.1574329350297218e-05,,2,3,1,2,2.1574329350297218e-05,20.0,80.0,0.0019647000008262694,0.003930100006982684,0.00030620000325143337,0.08346090000122786,0.12172679998911917,0.05036409999593161,0.011758300010114908,0.008700500009581447,0.011121499992441386,0.010948499984806404,0.0002367999986745417
0.8,LP2 ($ 	heta $ Only),10,97,1.758912857435271e-05,,4,4,0,4,1.758912857435271e-05,30.0,70.0,0.004056400008266792,0.0026590999914333224,0.0003279999946244061,0.07472960001905449,0.12272650000522844,0.0660028999845963,0.013341700017917901,0.013175000000046566,0.009215100028086454,0.012340000015683472,0.0004200999974273145
0.8,LP2 ($ 	heta $ Only),11,108,9.23336513469734e-06,,5,1,0,1,9.23336513469734e-06,10.0,90.0,0.0011391000007279217,0.005071999999927357,0.00039510001079179347,0.07293080000090413,0.12406430000555702,0.05689930001972243,0.007574100018246099,0.008720199984963983,0.007462300010956824,0.015260299987858161,0.00022590000298805535
0.8,LP2 ($ 	heta $ Only),12,120,4.732351444624566e-05,,0,13,7,6,4.732351444624566e-05,40.0,60.0,0.0014742999919690192,0.004523199982941151,0.00020980002591386437,0.07991480000782758,0.17314849997637793,0.049034299998311326,0.014280200004577637,0.01419069999246858,0.013191200006986037,0.010739399993326515,0.00045369999133981764
0.8,LP2 ($ 	heta $ Only),13,133,2.3249583815521853e-05,,4,14,4,10,2.3249583815521853e-05,20.0,80.0,0.0011417999921832234,0.008201999997254461,0.00021989998640492558,0.06868919997941703,0.12530319998040795,0.04481820002547465,0.011158399982377887,0.013332100003026426,0.0077720000117551535,0.012244999990798533,0.00025129999266937375
0.8,LP2 ($ 	heta $ Only),14,147,8.286104532776954e-06,,8,7,0,7,8.286104532776954e-06,30.0,70.0,0.0014563000004272908,0.0027643000066746026,0.0003133999998681247,0.07158489999710582,0.1053509000048507,0.06041529998765327,0.007723799993982539,0.011597599979722872,0.0073853000067174435,0.009029799985000864,0.00020989999757148325
0.8,LP2 ($ 	heta $ Only),15,162,2.535588592098637e-05,,4,14,1,13,2.535588592098637e-05,30.0,70.0,0.004036199999973178,0.002885599998990074,0.0002033999771811068,0.07586309997714125,0.12389720001374371,0.055049899994628504,0.013910300011048093,0.008818800008157268,0.0131493000080809,0.012246800004504621,0.0002759000053629279
0.8,LP2 ($ 	heta $ Only),16,178,4.166671392617517e-05,,2,13,8,5,4.166671392617516e-05,40.0,60.0,0.0015469999925699085,0.0027256000030320138,0.00021680002100765705,0.07992819999344647,0.17158210001070984,0.04886579999583773,0.01290329999756068,0.011102499993285164,0.01202769999508746,0.01470189998508431,0.0007611999753862619
0.8,LP2 ($ 	heta $ Only),17,195,2.9493152816309656e-05,,5,10,3,7,2.9493152816309656e-05,40.0,60.0,0.001949500001501292,0.009109500009799376,0.00043410001671873033,0.10520070002530701,0.11124510000809096,0.0452699999732431,0.010823599994182587,0.008857600012561306,0.010993000003509223,0.009432099992409348,0.00041050001163966954
0.8,LP2 ($ 	heta $ Only),18,213,1.0758411006968437e-05,,10,9,0,9,1.0758411006968435e-05,40.0,60.0,0.005366700002923608,0.0032811000128276646,0.00027570000384002924,0.0661495000240393,0.12301700000534765,0.07091870001750067,0.011331100016832352,0.012867499986896291,0.00843319998239167,0.011502899986226112,0.00020290000247769058
0.8,LP2 ($ 	heta $ Only),19,232,2.5905639066173173e-05,,5,13,2,11,2.5905639066173173e-05,30.0,70.0,0.001119499997003004,0.002348800015170127,0.0001951000012923032,0.07413700001779944,0.10830769999301992,0.04862790001789108,0.012170200003311038,0.008082499989541247,0.010904800001299009,0.010527600010391325,0.0002762999793048948
0.8,LP2 ($ 	heta $ Only),20,252,1.502163277101219e-05,,5,4,0,4,1.502163277101219e-05,20.0,80.0,0.0014014999906066805,0.002348200010601431,0.00020989999757148325,0.2394326999783516,0.12434330000542104,0.04458610000438057,0.008321100001921877,0.012017500004731119,0.011582500010263175,0.009451899997657165,0.0004076000186614692
0.8,LP2 ($ 	heta $ Only),21,273,3.856463520041695e-06,,5,1,0,1,3.856463520041695e-06,10.0,90.0,0.002922299987403676,0.0023722000187262893,0.00020149999181739986,0.0746532000193838,0.1314929000218399,0.04794220000621863,0.00848950000363402,0.013643500016769394,0.010095200006617233,0.007665299985092133,0.00021890000789426267
0.8,LP2 ($ 	heta $ Only),22,295,3.184974349580394e-05,,2,10,2,8,3.184974349580394e-05,40.0,60.0,0.004103699990082532,0.006029499985743314,0.0004894000012427568,0.08147449998068623,0.12960270000621676,0.05852210000739433,0.00966000001062639,0.011424099997384474,0.01329729999997653,0.008420099999057129,0.00024029999622143805
0.8,LP2 ($ 	heta $ Only),23,318,2.1182523162639578e-05,,7,6,0,6,2.1182523162639578e-05,30.0,70.0,0.0018363000126555562,0.006271499994909391,0.000215600011870265,0.06861769998795353,0.09127050000824966,0.04952850000699982,0.009343199984868988,0.00721839998732321,0.012964199995622039,0.016737899975851178,0.00022990000434219837
0.8,LP2 ($ 	heta $ Only),24,342,1.5555312065054976e-05,,5,9,0,9,1.5555312065054976e-05,40.0,60.0,0.001358500012429431,0.00281649999669753,0.0009209999989252537,0.07459709999966435,0.11519380001118407,0.04487910002353601,0.011461299989605322,0.008894300000974908,0.013330499990843236,0.03897470000083558,0.00022260000696405768
0.8,LP2 ($ 	heta $ Only),25,367,1.7536958481401567e-05,,5,5,0,5,1.7536958481401567e-05,10.0,90.0,0.004235599975800142,0.002780799986794591,0.00020459998631849885,0.07719569999608211,0.11462310000206344,0.048025399999460205,0.009746800002176315,0.010283399984473363,0.010034299979452044,0.007538100006058812,0.000218700006371364
0.8,LP2 ($ 	heta $ Only),26,393,3.6959699073298276e-05,,6,12,4,8,3.6959699073298276e-05,40.0,60.0,0.001121699984651059,0.003053299995372072,0.0005257000157143921,0.07848999998532236,0.12214009999297559,0.05326529999729246,0.008856500004185364,0.010911299992585555,0.00919780001277104,0.012245299993082881,0.00021739999647252262
0.8,LP2 ($ 	heta $ Only),27,420,3.0899859839243287e-05,,0,7,3,4,3.0899859839243287e-05,30.0,70.0,0.0013512999867089093,0.004166700004134327,0.0002145000034943223,0.07498689999920316,0.31205570002202876,0.06869419998838566,0.012875899992650375,0.012344499991741031,0.010303500021109357,0.010827899997821078,0.0002544000162743032
0.8,LP2 ($ 	heta $ Only),28,448,1.0017691159821276e-05,,3,5,0,5,1.0017691159821276e-05,30.0,70.0,0.0011559000122360885,0.004063500004122034,0.00032270001247525215,0.07517890000599436,0.13126729999203235,0.06709890000638552,0.010571699996944517,0.010201600001892075,0.013514600024791434,0.010463799990247935,0.0009244999964721501
0.8,LP2 ($ 	heta $ Only),29,477,0.0,,9,0,0,0,0.0,0.0,100.0,0.0030735000036656857,0.002799400012008846,0.00019880000036209822,0.06519230001140386,0.18203329999232665,0.043918600014876574,0.01191950001521036,0.0066590999776963145,0.012108300026739016,0.00881989998742938,0.0018891000072471797
0.8,LP2 ($ 	heta $ Only),30,507,3.517585997834673e-05,,4,9,3,6,3.517585997834673e-05,30.0,70.0,0.0012119000020902604,0.002821600006427616,0.00031670002499595284,0.06816269998671487,0.11868139999569394,0.046816500020213425,0.00831909998669289,0.013000300008570775,0.012672599987126887,0.011056899995310232,0.0020127000170759857
0.8,LP2 ($ 	heta $ Only),31,538,2.4038115396094338e-05,,11,14,1,13,2.4038115396094338e-05,40.0,60.0,0.001485500019043684,0.0038600999978370965,0.00028799998108297586,0.06327379998401739,0.12758260002010502,0.105195799987996,0.011358699994161725,0.008069800009252504,0.010007600008975714,0.0075588999898172915,0.00036689999978989363
0.8,LP2 ($ 	heta $ Only),32,570,3.527986518671858e-05,,3,13,3,10,3.527986518671858e-05,30.0,70.0,0.0016977000050246716,0.002607800008263439,0.00022159999934956431,0.07301089999964461,0.2319744999986142,0.05286850000265986,0.00998149998486042,0.010439000005135313,0.010480600001756102,0.007876100018620491,0.00022950000129640102
0.8,LP2 ($ 	heta $ Only),33,603,7.229097829914693e-06,,3,6,0,6,7.229097829914693e-06,20.0,80.0,0.0016402000037487596,0.004565699986414984,0.0003097000007983297,0.08230270000058226,0.17529640000429936,0.08861690000048839,0.014015299995662645,0.012722799991024658,0.00947340001584962,0.01651709998259321,0.0007163000118453056
0.8,LP2 ($ 	heta $ Only),34,637,1.4004910842700827e-05,,4,5,0,5,1.4004910842700827e-05,20.0,80.0,0.003388699988136068,0.002500400005374104,0.00021120000747032464,0.10313939998741262,0.37237960001220927,0.07499309998820536,0.016002499993192032,0.013051799993263558,0.014593100000638515,0.013345999992452562,0.00042570001096464694
0.8,LP2 ($ 	heta $ Only),35,672,0.0,,0,0,0,0,0.0,0.0,100.0,0.0015558000013697892,0.0025643999979365617,5.699999746866524e-05,0.08271000001695938,0.1331656000111252,0.041436799976509064,0.009974799992050976,0.009277299977838993,0.008330400014529005,0.009913999994751066,0.00046010001096874475
0.8,LP2 ($ 	heta $ Only),36,708,1.2057914173206263e-05,,1,2,0,2,1.2057914173206263e-05,10.0,90.0,0.0011323000071570277,0.0023610999924130738,0.00020589999621734023,0.08170889999018982,0.12241189999622293,0.04124920000322163,0.012384200002998114,0.01256250002188608,0.008197000017389655,0.011167899996507913,0.00023960001999512315
0.8,LP2 ($ 	heta $ Only),37,745,3.5318645871957035e-05,,7,8,2,6,3.5318645871957035e-05,30.0,70.0,0.004113800008781254,0.0031620000081602484,0.00020619999850168824,0.06743060000007972,0.1006065999972634,0.050071599980583414,0.008811500010779127,0.00725389999570325,0.010056300001451746,0.007134999992558733,0.00021229998674243689
0.8,LP2 ($ 	heta $ Only),38,783,3.602018443965872e-05,,4,11,5,6,3.602018443965872e-05,20.0,80.0,0.0011235999991185963,0.0029051000019535422,0.0003133999998681247,0.0949022000131663,0.14538220001850277,0.05031859999871813,0.010387999995145947,0.012386399990646169,0.013056299998424947,0.011352500005159527,0.0002294000005349517
0.8,LP2 ($ 	heta $ Only),39,822,2.907293125465039e-05,,7,11,4,7,2.9072931254650385e-05,30.0,70.0,0.001149999996414408,0.0026382000069133937,0.00032589997863397,0.08013290000963025,0.13651630000094883,0.06900990000576712,0.013055499992333353,0.012606600008439273,0.008889199991244823,0.01165420000324957,0.00021850000484846532
0.8,LP2 ($ 	heta $ Only),40,862,2.6956872915785212e-05,,6,11,3,8,2.6956872915785212e-05,30.0,70.0,0.0013114999746903777,0.0037404000177048147,0.0006978999881539494,0.0748989999992773,0.1949542999791447,0.05244319999474101,0.01313300000037998,0.011096900008851662,0.008690500020748004,0.010974600008921698,0.00022849999368190765
0.8,LP2 ($ 	heta $ Only),41,903,3.914322485235756e-05,,5,11,0,11,3.914322485235756e-05,30.0,70.0,0.0011417999921832234,0.0033355999912600964,0.0003074999840464443,0.07810240000253543,0.11472959999809973,0.06452129999524914,0.011224000016227365,0.008982400002423674,0.01271209999686107,0.012767500011250377,0.00022000001627020538
0.8,LP2 ($ 	heta $ Only),42,945,2.460307313473573e-05,,3,4,0,4,2.460307313473573e-05,30.0,70.0,0.0016863000055309385,0.0025212999898940325,0.00020810001296922565,0.0668244999833405,0.1076281999994535,0.08574040001258254,0.008428400004049763,0.014197000011336058,0.013157000008504838,0.01330189997679554,0.00032640001154504716
0.8,LP2 ($ 	heta $ Only),43,988,2.1212184029725272e-05,,5,14,4,10,2.1212184029725272e-05,40.0,60.0,0.0011674999841488898,0.0022367000055965036,0.00020030001178383827,0.0676996000111103,0.12075160001404583,0.04732120002154261,0.010708800022257492,0.01370189999579452,0.007735599996522069,0.012853099993662909,0.0002327999973203987
0.8,LP2 ($ 	heta $ Only),44,1032,5.5968541389666425e-05,,0,10,5,5,5.596854138966642e-05,40.0,60.0,0.0011467000003904104,0.0022754000092390925,5.8399979025125504e-05,0.07603409999865107,0.13316450000274926,0.04419610000331886,0.010751800000434741,0.013741500006290153,0.012384299974655733,0.011900000012246892,0.0003284999984316528
0.8,LP2 ($ 	heta $ Only),45,1077,2.1934167019256332e-05,,0,9,0,9,2.193416701925633e-05,40.0,60.0,0.0011882999970111996,0.0025114000018220395,5.679999594576657e-05,0.07255739998072386,0.11938829999417067,0.06276359999901615,0.00878140001441352,0.010252499982016161,0.008740499994019046,0.009368400002131239,0.0002445999998599291
0.8,LP2 ($ 	heta $ Only),46,1123,6.063301250252069e-06,,6,7,0,7,6.063301250252069e-06,30.0,70.0,0.004129000008106232,0.002892999997129664,0.0003093999985139817,0.2075380999885965,0.10954070001025684,0.04614770002081059,0.00979060001554899,0.008660999999847263,0.01215799999772571,0.008127299981424585,0.00021680002100765705
0.8,LP2 ($ 	heta $ Only),47,1170,1.612112400765889e-05,,2,4,0,4,1.612112400765889e-05,20.0,80.0,0.005309600004693493,0.002314099983777851,0.00020470001618377864,0.076111000002129,0.12224440000136383,0.06965029999264516,0.014415299985557795,0.014696500002173707,0.012897100008558482,0.008812799991574138,0.0002340999781154096
0.8,LP2 ($ 	heta $ Only),48,1218,2.8262303243624836e-05,,5,6,4,2,2.8262303243624836e-05,10.0,90.0,0.0026125000149477273,0.002652499999385327,0.0002010999887716025,0.08231779999914579,0.1126053000043612,0.053322200023103505,0.013749700010521337,0.018554800015408546,0.059028000017860904,0.01733790000434965,0.0006033999961800873
0.8,LP2 ($ 	heta $ Only),49,1267,1.5149191022612374e-05,,6,6,0,6,1.5149191022612374e-05,20.0,80.0,0.0020951000042259693,0.026943899982143193,0.000448200007667765,0.24653530001523905,0.13910309999482706,0.05233020000741817,0.0074730000051204115,0.011151799990329891,0.00920819997554645,0.012304000003496185,0.0002156999835278839
0.8,LP3 ($ 	heta $ Only),0,42,0.0024391472406094807,,2,11,3,8,0.00016511360469550988,90.0,10.0,0.002021799999056384,0.003192100004525855,0.0002248000237159431,0.09193930000765249,0.1280063999874983,0.04151849998743273,0.01180829998338595,0.010265099990647286,0.009751100005814806,0.014170500013278797,0.00023969999165274203
0.8,LP3 ($ 	heta $ Only),1,43,0.00028519515294644465,,7,1,0,1,2.592683208604042e-05,10.0,90.0,0.001341900002444163,0.003296099981525913,0.00021580001339316368,0.07249750001938082,0.10769820000859909,0.0484600999916438,0.010322099988115951,0.007066700025461614,0.01034149999031797,0.007121399976313114,0.00022089999401941895
0.8,LP3 ($ 	heta $ Only),2,45,0.001116854901414457,,0,5,2,3,0.00010381672099574632,90.0,10.0,0.0015697999915573746,0.004912299977149814,8.949998300522566e-05,0.11682690001907758,0.12221870000939816,0.07125280000036582,0.013030199974309653,0.01062459999229759,0.012928700016345829,0.011441499984357506,0.0002460999821778387
0.8,LP3 ($ 	heta $ Only),3,48,0.0007582674248656046,,2,3,0,3,6.89334022605095e-05,50.0,50.0,0.0011679000162985176,0.0026662999880500138,0.00020530002075247467,0.08246770000550896,0.17946939999819733,0.09216209998703562,0.023160800017649308,0.016548799991142005,0.01607979999971576,0.020024500001454726,0.0005514000076800585
0.8,LP3 ($ 	heta $ Only),4,52,0.0,,7,0,0,0,0.0,0.0,100.0,0.00244909999310039,0.0060646999918390065,0.0007068999984767288,0.07854839999345131,0.2562771000084467,0.054174299992155284,0.0094231000111904,0.008756099996389821,0.00968230000580661,0.010081599990371615,0.00021129997912794352
0.8,LP3 ($ 	heta $ Only),5,57,0.0016442861383600704,,5,6,0,6,0.00010603478247659931,60.0,40.0,0.003895000001648441,0.0025724000006448478,0.00021009999909438193,0.06760169999324717,0.11850630000117235,0.04768869999679737,0.011306300002615899,0.007550499984063208,0.01008530001854524,0.0088304000091739,0.0004087999986950308
0.8,LP3 ($ 	heta $ Only),6,63,0.0021278160459222545,,12,10,0,10,7.310735478977758e-05,70.0,30.0,0.0015642999787814915,0.005029299994930625,0.0002822000242304057,0.06891360000008717,0.10711190002621152,0.0731709000247065,0.008501600008457899,0.007343200006289408,0.007822100014891475,0.0061950999952387065,0.00019200000679120421
0.8,LP3 ($ 	heta $ Only),7,70,0.0,,6,0,0,0,0.0,0.0,100.0,0.0011306000233162194,0.0024216999881900847,0.00018659999477677047,0.08977780002169311,0.1126384999952279,0.06476969999494031,0.010135399992577732,0.0069383000081870705,0.009560300008160993,0.008240199997089803,0.00039579998701810837
0.8,LP3 ($ 	heta $ Only),8,78,0.001857183665799702,,3,9,2,7,0.00015245583826532767,90.0,10.0,0.0012385000009089708,0.003487000009045005,0.0006024999893270433,0.07717100001173094,0.12834329999168403,0.06760000000940636,0.011316700023598969,0.013951800006907433,0.012686300004133955,0.011429600010160357,0.0008336000028066337
0.8,LP3 ($ 	heta $ Only),9,87,0.0008765803817593507,,2,4,2,2,7.379964143435432e-05,90.0,10.0,0.0019647000008262694,0.003930100006982684,0.00030620000325143337,0.08346090000122786,0.12172679998911917,0.05036409999593161,0.011758300010114908,0.008700500009581447,0.011121499992441386,0.010948499984806404,0.0002367999986745417
0.8,LP3 ($ 	heta $ Only),10,97,0.0013513194673457937,,4,5,0,5,0.00011525903999106408,80.0,20.0,0.004056400008266792,0.0026590999914333224,0.0003279999946244061,0.07472960001905449,0.12272650000522844,0.0660028999845963,0.013341700017917901,0.013175000000046566,0.009215100028086454,0.012340000015683472,0.0004200999974273145
0.8,LP3 ($ 	heta $ Only),11,108,0.000828241028887464,,5,2,0,2,8.656269439535166e-05,60.0,40.0,0.0011391000007279217,0.005071999999927357,0.00039510001079179347,0.07293080000090413,0.12406430000555702,0.05689930001972243,0.007574100018246099,0.008720199984963983,0.007462300010956824,0.015260299987858161,0.00022590000298805535
0.8,LP3 ($ 	heta $ Only),12,120,0.002311094600351196,,0,12,5,7,0.0001552561811354959,80.0,20.0,0.0014742999919690192,0.004523199982941151,0.00020980002591386437,0.07991480000782758,0.17314849997637793,0.049034299998311326,0.014280200004577637,0.01419069999246858,0.013191200006986037,0.010739399993326515,0.00045369999133981764
0.8,LP3 ($ 	heta $ Only),13,133,0.002846544575083806,,4,12,2,10,0.00017004711364338392,90.0,10.0,0.0011417999921832234,0.008201999997254461,0.00021989998640492558,0.06868919997941703,0.12530319998040795,0.04481820002547465,0.011158399982377887,0.013332100003026426,0.0077720000117551535,0.012244999990798533,0.00025129999266937375
0.8,LP3 ($ 	heta $ Only),14,147,0.0012171831200622485,,8,5,0,5,9.05878898596483e-05,60.0,40.0,0.0014563000004272908,0.0027643000066746026,0.0003133999998681247,0.07158489999710582,0.1053509000048507,0.06041529998765327,0.007723799993982539,0.011597599979722872,0.0073853000067174435,0.009029799985000864,0.00020989999757148325
0.8,LP3 ($ 	heta $ Only),15,162,0.0024951209900735466,,4,13,0,13,0.0001503937536458989,80.0,20.0,0.004036199999973178,0.002885599998990074,0.0002033999771811068,0.07586309997714125,0.12389720001374371,0.055049899994628504,0.013910300011048093,0.008818800008157268,0.0131493000080809,0.012246800004504621,0.0002759000053629279
0.8,LP3 ($ 	heta $ Only),16,178,0.002957700385840672,,2,12,5,7,0.000196379365403118,90.0,10.0,0.0015469999925699085,0.0027256000030320138,0.00021680002100765705,0.07992819999344647,0.17158210001070984,0.04886579999583773,0.01290329999756068,0.011102499993285164,0.01202769999508746,0.01470189998508431,0.0007611999753862619
0.8,LP3 ($ 	heta $ Only),17,195,0.0019298710439083033,,5,8,2,6,0.00014178508462928775,90.0,10.0,0.001949500001501292,0.009109500009799376,0.00043410001671873033,0.10520070002530701,0.11124510000809096,0.0452699999732431,0.010823599994182587,0.008857600012561306,0.010993000003509223,0.009432099992409348,0.00041050001163966954
0.8,LP3 ($ 	heta $ Only),18,213,0.0022881145685408714,,10,13,0,13,0.00018570683754773424,90.0,10.0,0.005366700002923608,0.0032811000128276646,0.00027570000384002924,0.0661495000240393,0.12301700000534765,0.07091870001750067,0.011331100016832352,0.012867499986896291,0.00843319998239167,0.011502899986226112,0.00020290000247769058
0.8,LP3 ($ 	heta $ Only),19,232,0.0025983352606090394,,5,8,1,7,0.00016918450978457275,80.0,20.0,0.001119499997003004,0.002348800015170127,0.0001951000012923032,0.07413700001779944,0.10830769999301992,0.04862790001789108,0.012170200003311038,0.008082499989541247,0.010904800001299009,0.010527600010391325,0.0002762999793048948
0.8,LP3 ($ 	heta $ Only),20,252,0.0009345168721446004,,5,3,0,3,9.37430730776149e-05,50.0,50.0,0.0014014999906066805,0.002348200010601431,0.00020989999757148325,0.2394326999783516,0.12434330000542104,0.04458610000438057,0.008321100001921877,0.012017500004731119,0.011582500010263175,0.009451899997657165,0.0004076000186614692
0.8,LP3 ($ 	heta $ Only),21,273,0.0005107098586579695,,5,2,0,2,5.551907805981548e-05,40.0,60.0,0.002922299987403676,0.0023722000187262893,0.00020149999181739986,0.0746532000193838,0.1314929000218399,0.04794220000621863,0.00848950000363402,0.013643500016769394,0.010095200006617233,0.007665299985092133,0.00021890000789426267
0.8,LP3 ($ 	heta $ Only),22,295,0.001933750757527322,,2,8,2,6,0.00013092926287527087,80.0,20.0,0.004103699990082532,0.006029499985743314,0.0004894000012427568,0.08147449998068623,0.12960270000621676,0.05852210000739433,0.00966000001062639,0.011424099997384474,0.01329729999997653,0.008420099999057129,0.00024029999622143805
0.8,LP3 ($ 	heta $ Only),23,318,0.0017957610599891444,,7,7,2,5,0.00014069582471612255,80.0,20.0,0.0018363000126555562,0.006271499994909391,0.000215600011870265,0.06861769998795353,0.09127050000824966,0.04952850000699982,0.009343199984868988,0.00721839998732321,0.012964199995622039,0.016737899975851178,0.00022990000434219837
0.8,LP3 ($ 	heta $ Only),24,342,0.0017280407300061637,,5,8,1,7,0.0001382426582055261,80.0,20.0,0.001358500012429431,0.00281649999669753,0.0009209999989252537,0.07459709999966435,0.11519380001118407,0.04487910002353601,0.011461299989605322,0.008894300000974908,0.013330499990843236,0.03897470000083558,0.00022260000696405768
0.8,LP3 ($ 	heta $ Only),25,367,0.0013919670171381713,,5,7,1,6,7.027349614393927e-05,50.0,50.0,0.004235599975800142,0.002780799986794591,0.00020459998631849885,0.07719569999608211,0.11462310000206344,0.048025399999460205,0.009746800002176315,0.010283399984473363,0.010034299979452044,0.007538100006058812,0.000218700006371364
0.8,LP3 ($ 	heta $ Only),26,393,0.0022555772256870545,,6,11,5,6,0.000131323235138417,90.0,10.0,0.001121699984651059,0.003053299995372072,0.0005257000157143921,0.07848999998532236,0.12214009999297559,0.05326529999729246,0.008856500004185364,0.010911299992585555,0.00919780001277104,0.012245299993082881,0.00021739999647252262
0.8,LP3 ($ 	heta $ Only),27,420,0.00207054324693813,,0,7,3,4,0.00016201245507970274,90.0,10.0,0.0013512999867089093,0.004166700004134327,0.0002145000034943223,0.07498689999920316,0.31205570002202876,0.06869419998838566,0.012875899992650375,0.012344499991741031,0.010303500021109357,0.010827899997821078,0.0002544000162743032
0.8,LP3 ($ 	heta $ Only),28,448,0.000961189852900223,,3,3,0,3,7.757702764715032e-05,60.0,40.0,0.0011559000122360885,0.004063500004122034,0.00032270001247525215,0.07517890000599436,0.13126729999203235,0.06709890000638552,0.010571699996944517,0.010201600001892075,0.013514600024791434,0.010463799990247935,0.0009244999964721501
0.8,LP3 ($ 	heta $ Only),29,477,0.0,,9,0,0,0,2.531308496145357e-14,10.0,90.0,0.0030735000036656857,0.002799400012008846,0.00019880000036209822,0.06519230001140386,0.18203329999232665,0.043918600014876574,0.01191950001521036,0.0066590999776963145,0.012108300026739016,0.00881989998742938,0.0018891000072471797
0.8,LP3 ($ 	heta $ Only),30,507,0.0017263581849446459,,4,6,1,5,0.0001054250971734274,60.0,40.0,0.0012119000020902604,0.002821600006427616,0.00031670002499595284,0.06816269998671487,0.11868139999569394,0.046816500020213425,0.00831909998669289,0.013000300008570775,0.012672599987126887,0.011056899995310232,0.0020127000170759857
0.8,LP3 ($ 	heta $ Only),31,538,0.002538776987783424,,11,9,0,9,0.00012140805158760868,90.0,10.0,0.001485500019043684,0.0038600999978370965,0.00028799998108297586,0.06327379998401739,0.12758260002010502,0.105195799987996,0.011358699994161725,0.008069800009252504,0.010007600008975714,0.0075588999898172915,0.00036689999978989363
0.8,LP3 ($ 	heta $ Only),32,570,0.0030066945813661213,,3,13,4,9,0.00018713776946273922,90.0,10.0,0.0016977000050246716,0.002607800008263439,0.00022159999934956431,0.07301089999964461,0.2319744999986142,0.05286850000265986,0.00998149998486042,0.010439000005135313,0.010480600001756102,0.007876100018620491,0.00022950000129640102
0.8,LP3 ($ 	heta $ Only),33,603,0.0009592840328262741,,3,5,1,4,5.32992587314182e-05,40.0,60.0,0.0016402000037487596,0.004565699986414984,0.0003097000007983297,0.08230270000058226,0.17529640000429936,0.08861690000048839,0.014015299995662645,0.012722799991024658,0.00947340001584962,0.01651709998259321,0.0007163000118453056
0.8,LP3 ($ 	heta $ Only),34,637,0.0014848855454113196,,4,5,0,5,0.00010137545894581271,70.0,30.0,0.003388699988136068,0.002500400005374104,0.00021120000747032464,0.10313939998741262,0.37237960001220927,0.07499309998820536,0.016002499993192032,0.013051799993263558,0.014593100000638515,0.013345999992452562,0.00042570001096464694
0.8,LP3 ($ 	heta $ Only),35,672,0.0,,0,0,0,0,0.0,0.0,100.0,0.0015558000013697892,0.0025643999979365617,5.699999746866524e-05,0.08271000001695938,0.1331656000111252,0.041436799976509064,0.009974799992050976,0.009277299977838993,0.008330400014529005,0.009913999994751066,0.00046010001096874475
0.8,LP3 ($ 	heta $ Only),36,708,0.0006315587116704414,,1,3,1,2,4.9121843412878145e-05,30.0,70.0,0.0011323000071570277,0.0023610999924130738,0.00020589999621734023,0.08170889999018982,0.12241189999622293,0.04124920000322163,0.012384200002998114,0.01256250002188608,0.008197000017389655,0.011167899996507913,0.00023960001999512315
0.8,LP3 ($ 	heta $ Only),37,745,0.002355240055676412,,7,9,2,7,0.00012951509587540407,80.0,20.0,0.004113800008781254,0.0031620000081602484,0.00020619999850168824,0.06743060000007972,0.1006065999972634,0.050071599980583414,0.008811500010779127,0.00725389999570325,0.010056300001451746,0.007134999992558733,0.00021229998674243689
0.8,LP3 ($ 	heta $ Only),38,783,0.0016257301454782177,,4,6,3,3,0.00011134722515610725,80.0,20.0,0.0011235999991185963,0.0029051000019535422,0.0003133999998681247,0.0949022000131663,0.14538220001850277,0.05031859999871813,0.010387999995145947,0.012386399990646169,0.013056299998424947,0.011352500005159527,0.0002294000005349517
0.8,LP3 ($ 	heta $ Only),39,822,0.0021222424978766937,,7,8,4,4,0.00010165911855626334,90.0,10.0,0.001149999996414408,0.0026382000069133937,0.00032589997863397,0.08013290000963025,0.13651630000094883,0.06900990000576712,0.013055499992333353,0.012606600008439273,0.008889199991244823,0.01165420000324957,0.00021850000484846532
0.8,LP3 ($ 	heta $ Only),40,862,0.0018868685425956603,,6,6,0,6,0.0001294728868617538,90.0,10.0,0.0013114999746903777,0.0037404000177048147,0.0006978999881539494,0.0748989999992773,0.1949542999791447,0.05244319999474101,0.01313300000037998,0.011096900008851662,0.008690500020748004,0.010974600008921698,0.00022849999368190765
0.8,LP3 ($ 	heta $ Only),41,903,0.0019872914120732162,,5,7,0,7,0.00013101228182169474,90.0,10.0,0.0011417999921832234,0.0033355999912600964,0.0003074999840464443,0.07810240000253543,0.11472959999809973,0.06452129999524914,0.011224000016227365,0.008982400002423674,0.01271209999686107,0.012767500011250377,0.00022000001627020538
0.8,LP3 ($ 	heta $ Only),42,945,0.0015290000070223135,,3,4,0,4,0.00010525423149945703,90.0,10.0,0.0016863000055309385,0.0025212999898940325,0.00020810001296922565,0.0668244999833405,0.1076281999994535,0.08574040001258254,0.008428400004049763,0.014197000011336058,0.013157000008504838,0.01330189997679554,0.00032640001154504716
0.8,LP3 ($ 	heta $ Only),43,988,0.0031702835767651724,,5,17,4,13,0.00019234411811372814,80.0,20.0,0.0011674999841488898,0.0022367000055965036,0.00020030001178383827,0.0676996000111103,0.12075160001404583,0.04732120002154261,0.010708800022257492,0.01370189999579452,0.007735599996522069,0.012853099993662909,0.0002327999973203987
0.8,LP3 ($ 	heta $ Only),44,1032,0.002805492176578189,,0,12,4,8,0.00021048456569416424,90.0,10.0,0.0011467000003904104,0.0022754000092390925,5.8399979025125504e-05,0.07603409999865107,0.13316450000274926,0.04419610000331886,0.010751800000434741,0.013741500006290153,0.012384299974655733,0.011900000012246892,0.0003284999984316528
0.8,LP3 ($ 	heta $ Only),45,1077,0.0021471217268597483,,0,11,1,10,0.0001719873312900205,90.0,10.0,0.0011882999970111996,0.0025114000018220395,5.679999594576657e-05,0.07255739998072386,0.11938829999417067,0.06276359999901615,0.00878140001441352,0.010252499982016161,0.008740499994019046,0.009368400002131239,0.0002445999998599291
0.8,LP3 ($ 	heta $ Only),46,1123,0.0010534797772017977,,6,6,0,6,9.166281130756137e-05,60.0,40.0,0.004129000008106232,0.002892999997129664,0.0003093999985139817,0.2075380999885965,0.10954070001025684,0.04614770002081059,0.00979060001554899,0.008660999999847263,0.01215799999772571,0.008127299981424585,0.00021680002100765705
0.8,LP3 ($ 	heta $ Only),47,1170,0.00096841205829924,,2,3,0,3,9.039869175384867e-05,80.0,20.0,0.005309600004693493,0.002314099983777851,0.00020470001618377864,0.076111000002129,0.12224440000136383,0.06965029999264516,0.014415299985557795,0.014696500002173707,0.012897100008558482,0.008812799991574138,0.0002340999781154096
0.8,LP3 ($ 	heta $ Only),48,1218,0.0015907299300145499,,5,8,5,3,8.909197383543596e-05,60.0,40.0,0.0026125000149477273,0.002652499999385327,0.0002010999887716025,0.08231779999914579,0.1126053000043612,0.053322200023103505,0.013749700010521337,0.018554800015408546,0.059028000017860904,0.01733790000434965,0.0006033999961800873
0.8,LP3 ($ 	heta $ Only),49,1267,0.0010706590250257094,,6,4,0,4,7.744978352364926e-05,70.0,30.0,0.0020951000042259693,0.026943899982143193,0.000448200007667765,0.24653530001523905,0.13910309999482706,0.05233020000741817,0.0074730000051204115,0.011151799990329891,0.00920819997554645,0.012304000003496185,0.0002156999835278839
0.8,Weighted LP3 ($ 	heta $ Only),0,42,0.0018151863607808588,,2,9,2,7,0.00015815694660824078,80.0,20.0,0.002021799999056384,0.003192100004525855,0.0002248000237159431,0.09193930000765249,0.1280063999874983,0.04151849998743273,0.01180829998338595,0.010265099990647286,0.009751100005814806,0.014170500013278797,0.00023969999165274203
0.8,Weighted LP3 ($ 	heta $ Only),1,43,0.0001987723793263099,,7,1,0,1,2.592683208604042e-05,10.0,90.0,0.001341900002444163,0.003296099981525913,0.00021580001339316368,0.07249750001938082,0.10769820000859909,0.0484600999916438,0.010322099988115951,0.007066700025461614,0.01034149999031797,0.007121399976313114,0.00022089999401941895
0.8,Weighted LP3 ($ 	heta $ Only),2,45,0.0009054876385892746,,0,5,2,3,0.00010381672099574632,90.0,10.0,0.0015697999915573746,0.004912299977149814,8.949998300522566e-05,0.11682690001907758,0.12221870000939816,0.07125280000036582,0.013030199974309653,0.01062459999229759,0.012928700016345829,0.011441499984357506,0.0002460999821778387
0.8,Weighted LP3 ($ 	heta $ Only),3,48,0.0005284894173305729,,2,3,0,3,6.89334022605095e-05,50.0,50.0,0.0011679000162985176,0.0026662999880500138,0.00020530002075247467,0.08246770000550896,0.17946939999819733,0.09216209998703562,0.023160800017649308,0.016548799991142005,0.01607979999971576,0.020024500001454726,0.0005514000076800585
0.8,Weighted LP3 ($ 	heta $ Only),4,52,0.0,,7,0,0,0,0.0,0.0,100.0,0.00244909999310039,0.0060646999918390065,0.0007068999984767288,0.07854839999345131,0.2562771000084467,0.054174299992155284,0.0094231000111904,0.008756099996389821,0.00968230000580661,0.010081599990371615,0.00021129997912794352
0.8,Weighted LP3 ($ 	heta $ Only),5,57,0.0011315356863989133,,5,5,0,5,0.0001060347824765993,60.0,40.0,0.003895000001648441,0.0025724000006448478,0.00021009999909438193,0.06760169999324717,0.11850630000117235,0.04768869999679737,0.011306300002615899,0.007550499984063208,0.01008530001854524,0.0088304000091739,0.0004087999986950308
0.8,Weighted LP3 ($ 	heta $ Only),6,63,0.0014429131488780955,,12,10,0,10,7.31073547897776e-05,70.0,30.0,0.0015642999787814915,0.005029299994930625,0.0002822000242304057,0.06891360000008717,0.10711190002621152,0.0731709000247065,0.008501600008457899,0.007343200006289408,0.007822100014891475,0.0061950999952387065,0.00019200000679120421
0.8,Weighted LP3 ($ 	heta $ Only),7,70,0.0,,6,0,0,0,0.0,0.0,100.0,0.0011306000233162194,0.0024216999881900847,0.00018659999477677047,0.08977780002169311,0.1126384999952279,0.06476969999494031,0.010135399992577732,0.0069383000081870705,0.009560300008160993,0.008240199997089803,0.00039579998701810837
0.8,Weighted LP3 ($ 	heta $ Only),8,78,0.0013609623655038978,,3,9,2,7,0.00015245583826532767,90.0,10.0,0.0012385000009089708,0.003487000009045005,0.0006024999893270433,0.07717100001173094,0.12834329999168403,0.06760000000940636,0.011316700023598969,0.013951800006907433,0.012686300004133955,0.011429600010160357,0.0008336000028066337
0.8,Weighted LP3 ($ 	heta $ Only),9,87,0.0007547527519969235,,2,4,2,2,6.842478426383781e-05,70.0,30.0,0.0019647000008262694,0.003930100006982684,0.00030620000325143337,0.08346090000122786,0.12172679998911917,0.05036409999593161,0.011758300010114908,0.008700500009581447,0.011121499992441386,0.010948499984806404,0.0002367999986745417
0.8,Weighted LP3 ($ 	heta $ Only),10,97,0.0009413728343375237,,4,5,0,5,0.00011525903999106408,80.0,20.0,0.004056400008266792,0.0026590999914333224,0.0003279999946244061,0.07472960001905449,0.12272650000522844,0.0660028999845963,0.013341700017917901,0.013175000000046566,0.009215100028086454,0.012340000015683472,0.0004200999974273145
0.8,Weighted LP3 ($ 	heta $ Only),11,108,0.0005810149173900932,,5,2,0,2,8.656269439535166e-05,60.0,40.0,0.0011391000007279217,0.005071999999927357,0.00039510001079179347,0.07293080000090413,0.12406430000555702,0.05689930001972243,0.007574100018246099,0.008720199984963983,0.007462300010956824,0.015260299987858161,0.00022590000298805535
0.8,Weighted LP3 ($ 	heta $ Only),12,120,0.0018702477754643481,,0,10,5,5,0.00014447747558856005,70.0,30.0,0.0014742999919690192,0.004523199982941151,0.00020980002591386437,0.07991480000782758,0.17314849997637793,0.049034299998311326,0.014280200004577637,0.01419069999246858,0.013191200006986037,0.010739399993326515,0.00045369999133981764
0.8,Weighted LP3 ($ 	heta $ Only),13,133,0.0020957131841866893,,4,11,2,9,0.00017003855324016097,90.0,10.0,0.0011417999921832234,0.008201999997254461,0.00021989998640492558,0.06868919997941703,0.12530319998040795,0.04481820002547465,0.011158399982377887,0.013332100003026426,0.0077720000117551535,0.012244999990798533,0.00025129999266937375
0.8,Weighted LP3 ($ 	heta $ Only),14,147,0.0008416513766613819,,8,5,0,5,9.058788985964832e-05,60.0,40.0,0.0014563000004272908,0.0027643000066746026,0.0003133999998681247,0.07158489999710582,0.1053509000048507,0.06041529998765327,0.007723799993982539,0.011597599979722872,0.0073853000067174435,0.009029799985000864,0.00020989999757148325
0.8,Weighted LP3 ($ 	heta $ Only),15,162,0.0017453139958044665,,4,14,0,14,0.00014958561136358873,80.0,20.0,0.004036199999973178,0.002885599998990074,0.0002033999771811068,0.07586309997714125,0.12389720001374371,0.055049899994628504,0.013910300011048093,0.008818800008157268,0.0131493000080809,0.012246800004504621,0.0002759000053629279
0.8,Weighted LP3 ($ 	heta $ Only),16,178,0.002344443518749703,,2,14,3,11,0.0001997160782211777,90.0,10.0,0.0015469999925699085,0.0027256000030320138,0.00021680002100765705,0.07992819999344647,0.17158210001070984,0.04886579999583773,0.01290329999756068,0.011102499993285164,0.01202769999508746,0.01470189998508431,0.0007611999753862619
0.8,Weighted LP3 ($ 	heta $ Only),17,195,0.0014996723062030669,,5,10,2,8,0.00014045391721183021,80.0,20.0,0.001949500001501292,0.009109500009799376,0.00043410001671873033,0.10520070002530701,0.11124510000809096,0.0452699999732431,0.010823599994182587,0.008857600012561306,0.010993000003509223,0.009432099992409348,0.00041050001163966954
0.8,Weighted LP3 ($ 	heta $ Only),18,213,0.0015902430767362912,,10,11,0,11,0.00018544480856094644,90.0,10.0,0.005366700002923608,0.0032811000128276646,0.00027570000384002924,0.0661495000240393,0.12301700000534765,0.07091870001750067,0.011331100016832352,0.012867499986896291,0.00843319998239167,0.011502899986226112,0.00020290000247769058
0.8,Weighted LP3 ($ 	heta $ Only),19,232,0.0018475519244450342,,5,8,1,7,0.00016905290212775812,90.0,10.0,0.001119499997003004,0.002348800015170127,0.0001951000012923032,0.07413700001779944,0.10830769999301992,0.04862790001789108,0.012170200003311038,0.008082499989541247,0.010904800001299009,0.010527600010391325,0.0002762999793048948
0.8,Weighted LP3 ($ 	heta $ Only),20,252,0.0006542589391222718,,5,3,0,3,9.37430730776149e-05,50.0,50.0,0.0014014999906066805,0.002348200010601431,0.00020989999757148325,0.2394326999783516,0.12434330000542104,0.04458610000438057,0.008321100001921877,0.012017500004731119,0.011582500010263175,0.009451899997657165,0.0004076000186614692
0.8,Weighted LP3 ($ 	heta $ Only),21,273,0.0003589795984585848,,5,2,0,2,5.551907805981548e-05,40.0,60.0,0.002922299987403676,0.0023722000187262893,0.00020149999181739986,0.0746532000193838,0.1314929000218399,0.04794220000621863,0.00848950000363402,0.013643500016769394,0.010095200006617233,0.007665299985092133,0.00021890000789426267
0.8,Weighted LP3 ($ 	heta $ Only),22,295,0.001424237011026243,,2,11,2,9,0.000150157317730132,80.0,20.0,0.004103699990082532,0.006029499985743314,0.0004894000012427568,0.08147449998068623,0.12960270000621676,0.05852210000739433,0.00966000001062639,0.011424099997384474,0.01329729999997653,0.008420099999057129,0.00024029999622143805
0.8,Weighted LP3 ($ 	heta $ Only),23,318,0.0013347582899094323,,7,6,1,5,0.00014334507389967465,80.0,20.0,0.0018363000126555562,0.006271499994909391,0.000215600011870265,0.06861769998795353,0.09127050000824966,0.04952850000699982,0.009343199984868988,0.00721839998732321,0.012964199995622039,0.016737899975851178,0.00022990000434219837
0.8,Weighted LP3 ($ 	heta $ Only),24,342,0.0012493048695222597,,5,8,1,7,0.00012357119249776816,90.0,10.0,0.001358500012429431,0.00281649999669753,0.0009209999989252537,0.07459709999966435,0.11519380001118407,0.04487910002353601,0.011461299989605322,0.008894300000974908,0.013330499990843236,0.03897470000083558,0.00022260000696405768
0.8,Weighted LP3 ($ 	heta $ Only),25,367,0.001011786423057858,,5,6,1,5,6.782052469924752e-05,40.0,60.0,0.004235599975800142,0.002780799986794591,0.00020459998631849885,0.07719569999608211,0.11462310000206344,0.048025399999460205,0.009746800002176315,0.010283399984473363,0.010034299979452044,0.007538100006058812,0.000218700006371364
0.8,Weighted LP3 ($ 	heta $ Only),26,393,0.0018083843564361244,,6,12,5,7,0.000131323235138417,90.0,10.0,0.001121699984651059,0.003053299995372072,0.0005257000157143921,0.07848999998532236,0.12214009999297559,0.05326529999729246,0.008856500004185364,0.010911299992585555,0.00919780001277104,0.012245299993082881,0.00021739999647252262
0.8,Weighted LP3 ($ 	heta $ Only),27,420,0.0017065088916448446,,0,9,4,5,0.0001692601015704482,90.0,10.0,0.0013512999867089093,0.004166700004134327,0.0002145000034943223,0.07498689999920316,0.31205570002202876,0.06869419998838566,0.012875899992650375,0.012344499991741031,0.010303500021109357,0.010827899997821078,0.0002544000162743032
0.8,Weighted LP3 ($ 	heta $ Only),28,448,0.000666652244482532,,3,3,0,3,7.757702764715032e-05,60.0,40.0,0.0011559000122360885,0.004063500004122034,0.00032270001247525215,0.07517890000599436,0.13126729999203235,0.06709890000638552,0.010571699996944517,0.010201600001892075,0.013514600024791434,0.010463799990247935,0.0009244999964721501
0.8,Weighted LP3 ($ 	heta $ Only),29,477,0.0,,9,0,0,0,2.531308496145357e-14,10.0,90.0,0.0030735000036656857,0.002799400012008846,0.00019880000036209822,0.06519230001140386,0.18203329999232665,0.043918600014876574,0.01191950001521036,0.0066590999776963145,0.012108300026739016,0.00881989998742938,0.0018891000072471797
0.8,Weighted LP3 ($ 	heta $ Only),30,507,0.0013243189505660958,,4,5,1,4,0.0001055568728042692,60.0,40.0,0.0012119000020902604,0.002821600006427616,0.00031670002499595284,0.06816269998671487,0.11868139999569394,0.046816500020213425,0.00831909998669289,0.013000300008570775,0.012672599987126887,0.011056899995310232,0.0020127000170759857
0.8,Weighted LP3 ($ 	heta $ Only),31,538,0.001788685904631214,,11,8,0,8,0.00012218311362141874,90.0,10.0,0.001485500019043684,0.0038600999978370965,0.00028799998108297586,0.06327379998401739,0.12758260002010502,0.105195799987996,0.011358699994161725,0.008069800009252504,0.010007600008975714,0.0075588999898172915,0.00036689999978989363
0.8,Weighted LP3 ($ 	heta $ Only),32,570,0.0022646609784341075,,3,14,3,11,0.00018488450865392802,90.0,10.0,0.0016977000050246716,0.002607800008263439,0.00022159999934956431,0.07301089999964461,0.2319744999986142,0.05286850000265986,0.00998149998486042,0.010439000005135313,0.010480600001756102,0.007876100018620491,0.00022950000129640102
0.8,Weighted LP3 ($ 	heta $ Only),33,603,0.0006893226566695666,,3,4,0,4,4.8801475375650705e-05,30.0,70.0,0.0016402000037487596,0.004565699986414984,0.0003097000007983297,0.08230270000058226,0.17529640000429936,0.08861690000048839,0.014015299995662645,0.012722799991024658,0.00947340001584962,0.01651709998259321,0.0007163000118453056
0.8,Weighted LP3 ($ 	heta $ Only),34,637,0.0010406891019044523,,4,5,0,5,0.00010137545894581271,70.0,30.0,0.003388699988136068,0.002500400005374104,0.00021120000747032464,0.10313939998741262,0.37237960001220927,0.07499309998820536,0.016002499993192032,0.013051799993263558,0.014593100000638515,0.013345999992452562,0.00042570001096464694
0.8,Weighted LP3 ($ 	heta $ Only),35,672,0.0,,0,0,0,0,0.0,0.0,100.0,0.0015558000013697892,0.0025643999979365617,5.699999746866524e-05,0.08271000001695938,0.1331656000111252,0.041436799976509064,0.009974799992050976,0.009277299977838993,0.008330400014529005,0.009913999994751066,0.00046010001096874475
0.8,Weighted LP3 ($ 	heta $ Only),36,708,0.0004707464222512538,,1,3,1,2,4.9121843412878145e-05,30.0,70.0,0.0011323000071570277,0.0023610999924130738,0.00020589999621734023,0.08170889999018982,0.12241189999622293,0.04124920000322163,0.012384200002998114,0.01256250002188608,0.008197000017389655,0.011167899996507913,0.00023960001999512315
0.8,Weighted LP3 ($ 	heta $ Only),37,745,0.0018304890227692375,,7,10,2,8,0.0001291872442036456,80.0,20.0,0.004113800008781254,0.0031620000081602484,0.00020619999850168824,0.06743060000007972,0.1006065999972634,0.050071599980583414,0.008811500010779127,0.00725389999570325,0.010056300001451746,0.007134999992558733,0.00021229998674243689
0.8,Weighted LP3 ($ 	heta $ Only),38,783,0.001308083638370785,,4,6,3,3,0.00011134722515610725,80.0,20.0,0.0011235999991185963,0.0029051000019535422,0.0003133999998681247,0.0949022000131663,0.14538220001850277,0.05031859999871813,0.010387999995145947,0.012386399990646169,0.013056299998424947,0.011352500005159527,0.0002294000005349517
0.8,Weighted LP3 ($ 	heta $ Only),39,822,0.0017395547561048098,,7,9,4,5,9.790465023128505e-05,60.0,40.0,0.001149999996414408,0.0026382000069133937,0.00032589997863397,0.08013290000963025,0.13651630000094883,0.06900990000576712,0.013055499992333353,0.012606600008439273,0.008889199991244823,0.01165420000324957,0.00021850000484846532
0.8,Weighted LP3 ($ 	heta $ Only),40,862,0.0013318994161663998,,6,7,0,7,0.00012947288686175382,90.0,10.0,0.0013114999746903777,0.0037404000177048147,0.0006978999881539494,0.0748989999992773,0.1949542999791447,0.05244319999474101,0.01313300000037998,0.011096900008851662,0.008690500020748004,0.010974600008921698,0.00022849999368190765
0.8,Weighted LP3 ($ 	heta $ Only),41,903,0.0013928429694051777,,5,7,0,7,0.00013101228182169474,90.0,10.0,0.0011417999921832234,0.0033355999912600964,0.0003074999840464443,0.07810240000253543,0.11472959999809973,0.06452129999524914,0.011224000016227365,0.008982400002423674,0.01271209999686107,0.012767500011250377,0.00022000001627020538
0.8,Weighted LP3 ($ 	heta $ Only),42,945,0.0010775664018345425,,3,5,0,5,0.00010450327044068701,90.0,10.0,0.0016863000055309385,0.0025212999898940325,0.00020810001296922565,0.0668244999833405,0.1076281999994535,0.08574040001258254,0.008428400004049763,0.014197000011336058,0.013157000008504838,0.01330189997679554,0.00032640001154504716
0.8,Weighted LP3 ($ 	heta $ Only),43,988,0.002378611646810247,,5,14,4,10,0.00019276430765346715,80.0,20.0,0.0011674999841488898,0.0022367000055965036,0.00020030001178383827,0.0676996000111103,0.12075160001404583,0.04732120002154261,0.010708800022257492,0.01370189999579452,0.007735599996522069,0.012853099993662909,0.0002327999973203987
0.8,Weighted LP3 ($ 	heta $ Only),44,1032,0.0023578591130450173,,0,12,4,8,0.00021062647677116438,90.0,10.0,0.0011467000003904104,0.0022754000092390925,5.8399979025125504e-05,0.07603409999865107,0.13316450000274926,0.04419610000331886,0.010751800000434741,0.013741500006290153,0.012384299974655733,0.011900000012246892,0.0003284999984316528
0.8,Weighted LP3 ($ 	heta $ Only),45,1077,0.0015410417577278739,,0,11,0,11,0.00017241840418278978,90.0,10.0,0.0011882999970111996,0.0025114000018220395,5.679999594576657e-05,0.07255739998072386,0.11938829999417067,0.06276359999901615,0.00878140001441352,0.010252499982016161,0.008740499994019046,0.009368400002131239,0.0002445999998599291
0.8,Weighted LP3 ($ 	heta $ Only),46,1123,0.0007309679168651023,,6,6,0,6,8.355590117663503e-05,50.0,50.0,0.004129000008106232,0.002892999997129664,0.0003093999985139817,0.2075380999885965,0.10954070001025684,0.04614770002081059,0.00979060001554899,0.008660999999847263,0.01215799999772571,0.008127299981424585,0.00021680002100765705
0.8,Weighted LP3 ($ 	heta $ Only),47,1170,0.0006757409361174429,,2,3,0,3,9.039869175384867e-05,80.0,20.0,0.005309600004693493,0.002314099983777851,0.00020470001618377864,0.076111000002129,0.12224440000136383,0.06965029999264516,0.014415299985557795,0.014696500002173707,0.012897100008558482,0.008812799991574138,0.0002340999781154096
0.8,Weighted LP3 ($ 	heta $ Only),48,1218,0.0013511826071647005,,5,7,3,4,9.80467961153037e-05,70.0,30.0,0.0026125000149477273,0.002652499999385327,0.0002010999887716025,0.08231779999914579,0.1126053000043612,0.053322200023103505,0.013749700010521337,0.018554800015408546,0.059028000017860904,0.01733790000434965,0.0006033999961800873
0.8,Weighted LP3 ($ 	heta $ Only),49,1267,0.0007450808952099101,,6,5,0,5,7.766106331758796e-05,70.0,30.0,0.0020951000042259693,0.026943899982143193,0.000448200007667765,0.24653530001523905,0.13910309999482706,0.05233020000741817,0.0074730000051204115,0.011151799990329891,0.00920819997554645,0.012304000003496185,0.0002156999835278839
0.8,Borda LP3 ($ 	heta $ Only),0,42,0.0022066828764211585,,2,10,2,8,0.00016172376468104538,80.0,20.0,0.002021799999056384,0.003192100004525855,0.0002248000237159431,0.09193930000765249,0.1280063999874983,0.04151849998743273,0.01180829998338595,0.010265099990647286,0.009751100005814806,0.014170500013278797,0.00023969999165274203
0.8,Borda LP3 ($ 	heta $ Only),1,43,0.00022228513929496374,,7,2,0,2,7.962120288884211e-05,30.0,70.0,0.001341900002444163,0.003296099981525913,0.00021580001339316368,0.07249750001938082,0.10769820000859909,0.0484600999916438,0.010322099988115951,0.007066700025461614,0.01034149999031797,0.007121399976313114,0.00022089999401941895
0.8,Borda LP3 ($ 	heta $ Only),2,45,0.0007917845239269448,,0,6,2,4,9.605104641175848e-05,70.0,30.0,0.0015697999915573746,0.004912299977149814,8.949998300522566e-05,0.11682690001907758,0.12221870000939816,0.07125280000036582,0.013030199974309653,0.01062459999229759,0.012928700016345829,0.011441499984357506,0.0002460999821778387
0.8,Borda LP3 ($ 	heta $ Only),3,48,0.0007582674248656046,,2,3,0,3,6.89334022605095e-05,50.0,50.0,0.0011679000162985176,0.0026662999880500138,0.00020530002075247467,0.08246770000550896,0.17946939999819733,0.09216209998703562,0.023160800017649308,0.016548799991142005,0.01607979999971576,0.020024500001454726,0.0005514000076800585
0.8,Borda LP3 ($ 	heta $ Only),4,52,0.0,,7,0,0,0,0.0,0.0,100.0,0.00244909999310039,0.0060646999918390065,0.0007068999984767288,0.07854839999345131,0.2562771000084467,0.054174299992155284,0.0094231000111904,0.008756099996389821,0.00968230000580661,0.010081599990371615,0.00021129997912794352
0.8,Borda LP3 ($ 	heta $ Only),5,57,0.001222924866276866,,5,4,0,4,9.862820334912385e-05,70.0,30.0,0.003895000001648441,0.0025724000006448478,0.00021009999909438193,0.06760169999324717,0.11850630000117235,0.04768869999679737,0.011306300002615899,0.007550499984063208,0.01008530001854524,0.0088304000091739,0.0004087999986950308
0.8,Borda LP3 ($ 	heta $ Only),6,63,0.0021278160459222545,,12,10,0,10,7.310735478977758e-05,70.0,30.0,0.0015642999787814915,0.005029299994930625,0.0002822000242304057,0.06891360000008717,0.10711190002621152,0.0731709000247065,0.008501600008457899,0.007343200006289408,0.007822100014891475,0.0061950999952387065,0.00019200000679120421
0.8,Borda LP3 ($ 	heta $ Only),7,70,0.0,,6,0,0,0,0.0,0.0,100.0,0.0011306000233162194,0.0024216999881900847,0.00018659999477677047,0.08977780002169311,0.1126384999952279,0.06476969999494031,0.010135399992577732,0.0069383000081870705,0.009560300008160993,0.008240199997089803,0.00039579998701810837
0.8,Borda LP3 ($ 	heta $ Only),8,78,0.0018059550786522194,,3,7,2,5,0.00015694890479784417,90.0,10.0,0.0012385000009089708,0.003487000009045005,0.0006024999893270433,0.07717100001173094,0.12834329999168403,0.06760000000940636,0.011316700023598969,0.013951800006907433,0.012686300004133955,0.011429600010160357,0.0008336000028066337
0.8,Borda LP3 ($ 	heta $ Only),9,87,0.0008765600087824939,,2,4,2,2,7.409298939097017e-05,80.0,20.0,0.0019647000008262694,0.003930100006982684,0.00030620000325143337,0.08346090000122786,0.12172679998911917,0.05036409999593161,0.011758300010114908,0.008700500009581447,0.011121499992441386,0.010948499984806404,0.0002367999986745417
0.8,Borda LP3 ($ 	heta $ Only),10,97,0.0010250593668750905,,4,4,0,4,0.00010582051574612014,80.0,20.0,0.004056400008266792,0.0026590999914333224,0.0003279999946244061,0.07472960001905449,0.12272650000522844,0.0660028999845963,0.013341700017917901,0.013175000000046566,0.009215100028086454,0.012340000015683472,0.0004200999974273145
0.8,Borda LP3 ($ 	heta $ Only),11,108,0.0006667875579104902,,5,4,0,4,8.758954101322839e-05,50.0,50.0,0.0011391000007279217,0.005071999999927357,0.00039510001079179347,0.07293080000090413,0.12406430000555702,0.05689930001972243,0.007574100018246099,0.008720199984963983,0.007462300010956824,0.015260299987858161,0.00022590000298805535
0.8,Borda LP3 ($ 	heta $ Only),12,120,0.002311094600351196,,0,12,5,7,0.0001552561811354959,80.0,20.0,0.0014742999919690192,0.004523199982941151,0.00020980002591386437,0.07991480000782758,0.17314849997637793,0.049034299998311326,0.014280200004577637,0.01419069999246858,0.013191200006986037,0.010739399993326515,0.00045369999133981764
0.8,Borda LP3 ($ 	heta $ Only),13,133,0.002846544575083806,,4,12,2,10,0.00017004711364338392,90.0,10.0,0.0011417999921832234,0.008201999997254461,0.00021989998640492558,0.06868919997941703,0.12530319998040795,0.04481820002547465,0.011158399982377887,0.013332100003026426,0.0077720000117551535,0.012244999990798533,0.00025129999266937375
0.8,Borda LP3 ($ 	heta $ Only),14,147,0.0012171831200622485,,8,5,0,5,9.05878898596483e-05,60.0,40.0,0.0014563000004272908,0.0027643000066746026,0.0003133999998681247,0.07158489999710582,0.1053509000048507,0.06041529998765327,0.007723799993982539,0.011597599979722872,0.0073853000067174435,0.009029799985000864,0.00020989999757148325
0.8,Borda LP3 ($ 	heta $ Only),15,162,0.0024951209900735466,,4,13,0,13,0.0001503937536458989,80.0,20.0,0.004036199999973178,0.002885599998990074,0.0002033999771811068,0.07586309997714125,0.12389720001374371,0.055049899994628504,0.013910300011048093,0.008818800008157268,0.0131493000080809,0.012246800004504621,0.0002759000053629279
0.8,Borda LP3 ($ 	heta $ Only),16,178,0.0023453776389100083,,2,14,3,11,0.0001983670236392023,90.0,10.0,0.0015469999925699085,0.0027256000030320138,0.00021680002100765705,0.07992819999344647,0.17158210001070984,0.04886579999583773,0.01290329999756068,0.011102499993285164,0.01202769999508746,0.01470189998508431,0.0007611999753862619
0.8,Borda LP3 ($ 	heta $ Only),17,195,0.0018024903643233752,,5,8,2,6,0.00013998720396876064,70.0,30.0,0.001949500001501292,0.009109500009799376,0.00043410001671873033,0.10520070002530701,0.11124510000809096,0.0452699999732431,0.010823599994182587,0.008857600012561306,0.010993000003509223,0.009432099992409348,0.00041050001163966954
0.8,Borda LP3 ($ 	heta $ Only),18,213,0.0022881145685408714,,10,13,0,13,0.00018570683754773424,90.0,10.0,0.005366700002923608,0.0032811000128276646,0.00027570000384002924,0.0661495000240393,0.12301700000534765,0.07091870001750067,0.011331100016832352,0.012867499986896291,0.00843319998239167,0.011502899986226112,0.00020290000247769058
0.8,Borda LP3 ($ 	heta $ Only),19,232,0.002253126898956259,,5,8,1,7,0.00015791161055096019,90.0,10.0,0.001119499997003004,0.002348800015170127,0.0001951000012923032,0.07413700001779944,0.10830769999301992,0.04862790001789108,0.012170200003311038,0.008082499989541247,0.010904800001299009,0.010527600010391325,0.0002762999793048948
0.8,Borda LP3 ($ 	heta $ Only),20,252,0.00013596836798864063,,5,2,0,2,0.00013596836798864063,40.0,60.0,0.0014014999906066805,0.002348200010601431,0.00020989999757148325,0.2394326999783516,0.12434330000542104,0.04458610000438057,0.008321100001921877,0.012017500004731119,0.011582500010263175,0.009451899997657165,0.0004076000186614692
0.8,Borda LP3 ($ 	heta $ Only),21,273,8.964066707179254e-05,,5,1,0,1,8.964066707179254e-05,10.0,90.0,0.002922299987403676,0.0023722000187262893,0.00020149999181739986,0.0746532000193838,0.1314929000218399,0.04794220000621863,0.00848950000363402,0.013643500016769394,0.010095200006617233,0.007665299985092133,0.00021890000789426267
0.8,Borda LP3 ($ 	heta $ Only),22,295,0.0016401964198421886,,2,11,2,9,0.00015336550212035626,90.0,10.0,0.004103699990082532,0.006029499985743314,0.0004894000012427568,0.08147449998068623,0.12960270000621676,0.05852210000739433,0.00966000001062639,0.011424099997384474,0.01329729999997653,0.008420099999057129,0.00024029999622143805
0.8,Borda LP3 ($ 	heta $ Only),23,318,0.0017749365997969282,,7,6,3,3,0.00013854419237758467,90.0,10.0,0.0018363000126555562,0.006271499994909391,0.000215600011870265,0.06861769998795353,0.09127050000824966,0.04952850000699982,0.009343199984868988,0.00721839998732321,0.012964199995622039,0.016737899975851178,0.00022990000434219837
0.8,Borda LP3 ($ 	heta $ Only),24,342,0.0014494096348587771,,5,8,1,7,0.0001235711924977682,90.0,10.0,0.001358500012429431,0.00281649999669753,0.0009209999989252537,0.07459709999966435,0.11519380001118407,0.04487910002353601,0.011461299989605322,0.008894300000974908,0.013330499990843236,0.03897470000083558,0.00022260000696405768
0.8,Borda LP3 ($ 	heta $ Only),25,367,0.000986135439436833,,5,7,1,6,7.468089675893912e-05,60.0,40.0,0.004235599975800142,0.002780799986794591,0.00020459998631849885,0.07719569999608211,0.11462310000206344,0.048025399999460205,0.009746800002176315,0.010283399984473363,0.010034299979452044,0.007538100006058812,0.000218700006371364
0.8,Borda LP3 ($ 	heta $ Only),26,393,0.00225539407430835,,6,9,3,6,0.00012048928651690598,90.0,10.0,0.001121699984651059,0.003053299995372072,0.0005257000157143921,0.07848999998532236,0.12214009999297559,0.05326529999729246,0.008856500004185364,0.010911299992585555,0.00919780001277104,0.012245299993082881,0.00021739999647252262
0.8,Borda LP3 ($ 	heta $ Only),27,420,0.0018026114408939097,,0,8,4,4,0.00016277607637551046,90.0,10.0,0.0013512999867089093,0.004166700004134327,0.0002145000034943223,0.07498689999920316,0.31205570002202876,0.06869419998838566,0.012875899992650375,0.012344499991741031,0.010303500021109357,0.010827899997821078,0.0002544000162743032
0.8,Borda LP3 ($ 	heta $ Only),28,448,0.000961189852900223,,3,3,0,3,7.757702764715032e-05,60.0,40.0,0.0011559000122360885,0.004063500004122034,0.00032270001247525215,0.07517890000599436,0.13126729999203235,0.06709890000638552,0.010571699996944517,0.010201600001892075,0.013514600024791434,0.010463799990247935,0.0009244999964721501
0.8,Borda LP3 ($ 	heta $ Only),29,477,0.0,,9,0,0,0,1.4654943925052066e-14,10.0,90.0,0.0030735000036656857,0.002799400012008846,0.00019880000036209822,0.06519230001140386,0.18203329999232665,0.043918600014876574,0.01191950001521036,0.0066590999776963145,0.012108300026739016,0.00881989998742938,0.0018891000072471797
0.8,Borda LP3 ($ 	heta $ Only),30,507,0.0017263581849446459,,4,6,1,5,0.0001054250971734274,60.0,40.0,0.0012119000020902604,0.002821600006427616,0.00031670002499595284,0.06816269998671487,0.11868139999569394,0.046816500020213425,0.00831909998669289,0.013000300008570775,0.012672599987126887,0.011056899995310232,0.0020127000170759857
0.8,Borda LP3 ($ 	heta $ Only),31,538,0.0023927356907981075,,11,10,1,9,0.00012012553876817372,80.0,20.0,0.001485500019043684,0.0038600999978370965,0.00028799998108297586,0.06327379998401739,0.12758260002010502,0.105195799987996,0.011358699994161725,0.008069800009252504,0.010007600008975714,0.0075588999898172915,0.00036689999978989363
0.8,Borda LP3 ($ 	heta $ Only),32,570,0.0027320489671015954,,3,14,3,11,0.00018488450865392802,90.0,10.0,0.0016977000050246716,0.002607800008263439,0.00022159999934956431,0.07301089999964461,0.2319744999986142,0.05286850000265986,0.00998149998486042,0.010439000005135313,0.010480600001756102,0.007876100018620491,0.00022950000129640102
0.8,Borda LP3 ($ 	heta $ Only),33,603,0.0009592840328262737,,3,5,1,4,5.329925873141817e-05,30.0,70.0,0.0016402000037487596,0.004565699986414984,0.0003097000007983297,0.08230270000058226,0.17529640000429936,0.08861690000048839,0.014015299995662645,0.012722799991024658,0.00947340001584962,0.01651709998259321,0.0007163000118453056
0.8,Borda LP3 ($ 	heta $ Only),34,637,0.0014820514852409196,,4,5,0,5,0.0001043606496805951,80.0,20.0,0.003388699988136068,0.002500400005374104,0.00021120000747032464,0.10313939998741262,0.37237960001220927,0.07499309998820536,0.016002499993192032,0.013051799993263558,0.014593100000638515,0.013345999992452562,0.00042570001096464694
0.8,Borda LP3 ($ 	heta $ Only),35,672,0.0,,0,0,0,0,0.0,0.0,100.0,0.0015558000013697892,0.0025643999979365617,5.699999746866524e-05,0.08271000001695938,0.1331656000111252,0.041436799976509064,0.009974799992050976,0.009277299977838993,0.008330400014529005,0.009913999994751066,0.00046010001096874475
0.8,Borda LP3 ($ 	heta $ Only),36,708,0.0005742233766436175,,1,3,0,3,5.591539888779128e-05,40.0,60.0,0.0011323000071570277,0.0023610999924130738,0.00020589999621734023,0.08170889999018982,0.12241189999622293,0.04124920000322163,0.012384200002998114,0.01256250002188608,0.008197000017389655,0.011167899996507913,0.00023960001999512315
0.8,Borda LP3 ($ 	heta $ Only),37,745,0.002285921931678852,,7,9,2,7,0.00013614850384178882,70.0,30.0,0.004113800008781254,0.0031620000081602484,0.00020619999850168824,0.06743060000007972,0.1006065999972634,0.050071599980583414,0.008811500010779127,0.00725389999570325,0.010056300001451746,0.007134999992558733,0.00021229998674243689
0.8,Borda LP3 ($ 	heta $ Only),38,783,0.0016237665297958463,,4,6,3,3,0.00011067895270557948,80.0,20.0,0.0011235999991185963,0.0029051000019535422,0.0003133999998681247,0.0949022000131663,0.14538220001850277,0.05031859999871813,0.010387999995145947,0.012386399990646169,0.013056299998424947,0.011352500005159527,0.0002294000005349517
0.8,Borda LP3 ($ 	heta $ Only),39,822,0.002092154284090718,,7,9,4,5,0.0001011283655072976,80.0,20.0,0.001149999996414408,0.0026382000069133937,0.00032589997863397,0.08013290000963025,0.13651630000094883,0.06900990000576712,0.013055499992333353,0.012606600008439273,0.008889199991244823,0.01165420000324957,0.00021850000484846532
0.8,Borda LP3 ($ 	heta $ Only),40,862,0.0018868685425956597,,6,6,0,6,0.00012947288686175384,90.0,10.0,0.0013114999746903777,0.0037404000177048147,0.0006978999881539494,0.0748989999992773,0.1949542999791447,0.05244319999474101,0.01313300000037998,0.011096900008851662,0.008690500020748004,0.010974600008921698,0.00022849999368190765
0.8,Borda LP3 ($ 	heta $ Only),41,903,0.001506671366261021,,5,6,0,6,0.0001394221397108728,80.0,20.0,0.0011417999921832234,0.0033355999912600964,0.0003074999840464443,0.07810240000253543,0.11472959999809973,0.06452129999524914,0.011224000016227365,0.008982400002423674,0.01271209999686107,0.012767500011250377,0.00022000001627020538
0.8,Borda LP3 ($ 	heta $ Only),42,945,0.0014267707199024605,,3,5,0,5,0.0001186581503013497,90.0,10.0,0.0016863000055309385,0.0025212999898940325,0.00020810001296922565,0.0668244999833405,0.1076281999994535,0.08574040001258254,0.008428400004049763,0.014197000011336058,0.013157000008504838,0.01330189997679554,0.00032640001154504716
0.8,Borda LP3 ($ 	heta $ Only),43,988,0.002902814853937119,,5,20,4,16,0.00018762056902480232,80.0,20.0,0.0011674999841488898,0.0022367000055965036,0.00020030001178383827,0.0676996000111103,0.12075160001404583,0.04732120002154261,0.010708800022257492,0.01370189999579452,0.007735599996522069,0.012853099993662909,0.0002327999973203987
0.8,Borda LP3 ($ 	heta $ Only),44,1032,0.0028012451085635964,,0,12,4,8,0.00021048456569416424,90.0,10.0,0.0011467000003904104,0.0022754000092390925,5.8399979025125504e-05,0.07603409999865107,0.13316450000274926,0.04419610000331886,0.010751800000434741,0.013741500006290153,0.012384299974655733,0.011900000012246892,0.0003284999984316528
0.8,Borda LP3 ($ 	heta $ Only),45,1077,0.0021471217268597483,,0,11,1,10,0.0001719873312900205,90.0,10.0,0.0011882999970111996,0.0025114000018220395,5.679999594576657e-05,0.07255739998072386,0.11938829999417067,0.06276359999901615,0.00878140001441352,0.010252499982016161,0.008740499994019046,0.009368400002131239,0.0002445999998599291
0.8,Borda LP3 ($ 	heta $ Only),46,1123,0.0010534797772017977,,6,6,0,6,9.166281130756137e-05,60.0,40.0,0.004129000008106232,0.002892999997129664,0.0003093999985139817,0.2075380999885965,0.10954070001025684,0.04614770002081059,0.00979060001554899,0.008660999999847263,0.01215799999772571,0.008127299981424585,0.00021680002100765705
0.8,Borda LP3 ($ 	heta $ Only),47,1170,0.000942763287999024,,2,4,0,4,9.603000322675213e-05,80.0,20.0,0.005309600004693493,0.002314099983777851,0.00020470001618377864,0.076111000002129,0.12224440000136383,0.06965029999264516,0.014415299985557795,0.014696500002173707,0.012897100008558482,0.008812799991574138,0.0002340999781154096
0.8,Borda LP3 ($ 	heta $ Only),48,1218,0.0015907299300145499,,5,8,5,3,8.909197383543596e-05,60.0,40.0,0.0026125000149477273,0.002652499999385327,0.0002010999887716025,0.08231779999914579,0.1126053000043612,0.053322200023103505,0.013749700010521337,0.018554800015408546,0.059028000017860904,0.01733790000434965,0.0006033999961800873
0.8,Borda LP3 ($ 	heta $ Only),49,1267,0.0010706590250257094,,6,4,0,4,7.744978352364926e-05,70.0,30.0,0.0020951000042259693,0.026943899982143193,0.000448200007667765,0.24653530001523905,0.13910309999482706,0.05233020000741817,0.0074730000051204115,0.011151799990329891,0.00920819997554645,0.012304000003496185,0.0002156999835278839
0.8,Linear BTL,0,42,,-85.03107498350904,2,13,3,10,,,,0.002021799999056384,0.003192100004525855,0.0002248000237159431,0.09193930000765249,0.1280063999874983,0.04151849998743273,0.01180829998338595,0.010265099990647286,0.009751100005814806,0.014170500013278797,0.00023969999165274203
0.8,Linear BTL,1,43,,-84.28625048242472,7,4,0,4,,,,0.001341900002444163,0.003296099981525913,0.00021580001339316368,0.07249750001938082,0.10769820000859909,0.0484600999916438,0.010322099988115951,0.007066700025461614,0.01034149999031797,0.007121399976313114,0.00022089999401941895
0.8,Linear BTL,2,45,,-67.06306644890753,0,5,1,4,,,,0.0015697999915573746,0.004912299977149814,8.949998300522566e-05,0.11682690001907758,0.12221870000939816,0.07125280000036582,0.013030199974309653,0.01062459999229759,0.012928700016345829,0.011441499984357506,0.0002460999821778387
0.8,Linear BTL,3,48,,-70.14299486638,2,6,2,4,,,,0.0011679000162985176,0.0026662999880500138,0.00020530002075247467,0.08246770000550896,0.17946939999819733,0.09216209998703562,0.023160800017649308,0.016548799991142005,0.01607979999971576,0.020024500001454726,0.0005514000076800585
0.8,Linear BTL,4,52,,-84.43182606139904,7,3,0,3,,,,0.00244909999310039,0.0060646999918390065,0.0007068999984767288,0.07854839999345131,0.2562771000084467,0.054174299992155284,0.0094231000111904,0.008756099996389821,0.00968230000580661,0.010081599990371615,0.00021129997912794352
0.8,Linear BTL,5,57,,-88.8777635331649,5,7,0,7,,,,0.003895000001648441,0.0025724000006448478,0.00021009999909438193,0.06760169999324717,0.11850630000117235,0.04768869999679737,0.011306300002615899,0.007550499984063208,0.01008530001854524,0.0088304000091739,0.0004087999986950308
0.8,Linear BTL,6,63,,-90.81017950629003,12,11,0,11,,,,0.0015642999787814915,0.005029299994930625,0.0002822000242304057,0.06891360000008717,0.10711190002621152,0.0731709000247065,0.008501600008457899,0.007343200006289408,0.007822100014891475,0.0061950999952387065,0.00019200000679120421
0.8,Linear BTL,7,70,,-82.53433264239486,6,4,0,4,,,,0.0011306000233162194,0.0024216999881900847,0.00018659999477677047,0.08977780002169311,0.1126384999952279,0.06476969999494031,0.010135399992577732,0.0069383000081870705,0.009560300008160993,0.008240199997089803,0.00039579998701810837
0.8,Linear BTL,8,78,,-70.63215082457191,3,9,0,9,,,,0.0012385000009089708,0.003487000009045005,0.0006024999893270433,0.07717100001173094,0.12834329999168403,0.06760000000940636,0.011316700023598969,0.013951800006907433,0.012686300004133955,0.011429600010160357,0.0008336000028066337
0.8,Linear BTL,9,87,,-73.92675738263975,2,3,2,1,,,,0.0019647000008262694,0.003930100006982684,0.00030620000325143337,0.08346090000122786,0.12172679998911917,0.05036409999593161,0.011758300010114908,0.008700500009581447,0.011121499992441386,0.010948499984806404,0.0002367999986745417
0.8,Linear BTL,10,97,,-78.85141599372363,4,8,0,8,,,,0.004056400008266792,0.0026590999914333224,0.0003279999946244061,0.07472960001905449,0.12272650000522844,0.0660028999845963,0.013341700017917901,0.013175000000046566,0.009215100028086454,0.012340000015683472,0.0004200999974273145
0.8,Linear BTL,11,108,,-84.7260504442844,5,6,0,6,,,,0.0011391000007279217,0.005071999999927357,0.00039510001079179347,0.07293080000090413,0.12406430000555702,0.05689930001972243,0.007574100018246099,0.008720199984963983,0.007462300010956824,0.015260299987858161,0.00022590000298805535
0.8,Linear BTL,12,120,,-68.28810180120017,0,12,5,7,,,,0.0014742999919690192,0.004523199982941151,0.00020980002591386437,0.07991480000782758,0.17314849997637793,0.049034299998311326,0.014280200004577637,0.01419069999246858,0.013191200006986037,0.010739399993326515,0.00045369999133981764
0.8,Linear BTL,13,133,,-87.13898851168113,4,13,3,10,,,,0.0011417999921832234,0.008201999997254461,0.00021989998640492558,0.06868919997941703,0.12530319998040795,0.04481820002547465,0.011158399982377887,0.013332100003026426,0.0077720000117551535,0.012244999990798533,0.00025129999266937375
0.8,Linear BTL,14,147,,-90.15342872245714,8,7,0,7,,,,0.0014563000004272908,0.0027643000066746026,0.0003133999998681247,0.07158489999710582,0.1053509000048507,0.06041529998765327,0.007723799993982539,0.011597599979722872,0.0073853000067174435,0.009029799985000864,0.00020989999757148325
0.8,Linear BTL,15,162,,-89.72208676760351,4,11,0,11,,,,0.004036199999973178,0.002885599998990074,0.0002033999771811068,0.07586309997714125,0.12389720001374371,0.055049899994628504,0.013910300011048093,0.008818800008157268,0.0131493000080809,0.012246800004504621,0.0002759000053629279
0.8,Linear BTL,16,178,,-85.67725106876985,2,13,3,10,,,,0.0015469999925699085,0.0027256000030320138,0.00021680002100765705,0.07992819999344647,0.17158210001070984,0.04886579999583773,0.01290329999756068,0.011102499993285164,0.01202769999508746,0.01470189998508431,0.0007611999753862619
0.8,Linear BTL,17,195,,-82.91649694377416,5,10,2,8,,,,0.001949500001501292,0.009109500009799376,0.00043410001671873033,0.10520070002530701,0.11124510000809096,0.0452699999732431,0.010823599994182587,0.008857600012561306,0.010993000003509223,0.009432099992409348,0.00041050001163966954
0.8,Linear BTL,18,213,,-90.99517735088608,10,10,0,10,,,,0.005366700002923608,0.0032811000128276646,0.00027570000384002924,0.0661495000240393,0.12301700000534765,0.07091870001750067,0.011331100016832352,0.012867499986896291,0.00843319998239167,0.011502899986226112,0.00020290000247769058
0.8,Linear BTL,19,232,,-89.17124436528405,5,10,0,10,,,,0.001119499997003004,0.002348800015170127,0.0001951000012923032,0.07413700001779944,0.10830769999301992,0.04862790001789108,0.012170200003311038,0.008082499989541247,0.010904800001299009,0.010527600010391325,0.0002762999793048948
0.8,Linear BTL,20,252,,-78.34472975271908,5,5,0,5,,,,0.0014014999906066805,0.002348200010601431,0.00020989999757148325,0.2394326999783516,0.12434330000542104,0.04458610000438057,0.008321100001921877,0.012017500004731119,0.011582500010263175,0.009451899997657165,0.0004076000186614692
0.8,Linear BTL,21,273,,-82.18077388862915,5,2,0,2,,,,0.002922299987403676,0.0023722000187262893,0.00020149999181739986,0.0746532000193838,0.1314929000218399,0.04794220000621863,0.00848950000363402,0.013643500016769394,0.010095200006617233,0.007665299985092133,0.00021890000789426267
0.8,Linear BTL,22,295,,-86.81092869787794,2,10,1,9,,,,0.004103699990082532,0.006029499985743314,0.0004894000012427568,0.08147449998068623,0.12960270000621676,0.05852210000739433,0.00966000001062639,0.011424099997384474,0.01329729999997653,0.008420099999057129,0.00024029999622143805
0.8,Linear BTL,23,318,,-83.19095702681147,7,7,1,6,,,,0.0018363000126555562,0.006271499994909391,0.000215600011870265,0.06861769998795353,0.09127050000824966,0.04952850000699982,0.009343199984868988,0.00721839998732321,0.012964199995622039,0.016737899975851178,0.00022990000434219837
0.8,Linear BTL,24,342,,-87.53278732692684,5,7,0,7,,,,0.001358500012429431,0.00281649999669753,0.0009209999989252537,0.07459709999966435,0.11519380001118407,0.04487910002353601,0.011461299989605322,0.008894300000974908,0.013330499990843236,0.03897470000083558,0.00022260000696405768
0.8,Linear BTL,25,367,,-79.3445103742219,5,6,1,5,,,,0.004235599975800142,0.002780799986794591,0.00020459998631849885,0.07719569999608211,0.11462310000206344,0.048025399999460205,0.009746800002176315,0.010283399984473363,0.010034299979452044,0.007538100006058812,0.000218700006371364
0.8,Linear BTL,26,393,,-88.00312447639008,6,10,4,6,,,,0.001121699984651059,0.003053299995372072,0.0005257000157143921,0.07848999998532236,0.12214009999297559,0.05326529999729246,0.008856500004185364,0.010911299992585555,0.00919780001277104,0.012245299993082881,0.00021739999647252262
0.8,Linear BTL,27,420,,-61.502234873065284,0,9,3,6,,,,0.0013512999867089093,0.004166700004134327,0.0002145000034943223,0.07498689999920316,0.31205570002202876,0.06869419998838566,0.012875899992650375,0.012344499991741031,0.010303500021109357,0.010827899997821078,0.0002544000162743032
0.8,Linear BTL,28,448,,-71.81145019587638,3,5,0,5,,,,0.0011559000122360885,0.004063500004122034,0.00032270001247525215,0.07517890000599436,0.13126729999203235,0.06709890000638552,0.010571699996944517,0.010201600001892075,0.013514600024791434,0.010463799990247935,0.0009244999964721501
0.8,Linear BTL,29,477,,-75.28028800317185,9,1,0,1,,,,0.0030735000036656857,0.002799400012008846,0.00019880000036209822,0.06519230001140386,0.18203329999232665,0.043918600014876574,0.01191950001521036,0.0066590999776963145,0.012108300026739016,0.00881989998742938,0.0018891000072471797
0.8,Linear BTL,30,507,,-80.77111884578021,4,5,1,4,,,,0.0012119000020902604,0.002821600006427616,0.00031670002499595284,0.06816269998671487,0.11868139999569394,0.046816500020213425,0.00831909998669289,0.013000300008570775,0.012672599987126887,0.011056899995310232,0.0020127000170759857
0.8,Linear BTL,31,538,,-92.62979231451864,11,8,0,8,,,,0.001485500019043684,0.0038600999978370965,0.00028799998108297586,0.06327379998401739,0.12758260002010502,0.105195799987996,0.011358699994161725,0.008069800009252504,0.010007600008975714,0.0075588999898172915,0.00036689999978989363
0.8,Linear BTL,32,570,,-87.0407930162739,3,15,3,12,,,,0.0016977000050246716,0.002607800008263439,0.00022159999934956431,0.07301089999964461,0.2319744999986142,0.05286850000265986,0.00998149998486042,0.010439000005135313,0.010480600001756102,0.007876100018620491,0.00022950000129640102
0.8,Linear BTL,33,603,,-60.4641029456426,3,6,0,6,,,,0.0016402000037487596,0.004565699986414984,0.0003097000007983297,0.08230270000058226,0.17529640000429936,0.08861690000048839,0.014015299995662645,0.012722799991024658,0.00947340001584962,0.01651709998259321,0.0007163000118453056
0.8,Linear BTL,34,637,,-83.25954591283778,4,7,0,7,,,,0.003388699988136068,0.002500400005374104,0.00021120000747032464,0.10313939998741262,0.37237960001220927,0.07499309998820536,0.016002499993192032,0.013051799993263558,0.014593100000638515,0.013345999992452562,0.00042570001096464694
0.8,Linear BTL,35,672,,-54.97672521053801,0,4,1,3,,,,0.0015558000013697892,0.0025643999979365617,5.699999746866524e-05,0.08271000001695938,0.1331656000111252,0.041436799976509064,0.009974799992050976,0.009277299977838993,0.008330400014529005,0.009913999994751066,0.00046010001096874475
0.8,Linear BTL,36,708,,-66.29943373404558,1,7,1,6,,,,0.0011323000071570277,0.0023610999924130738,0.00020589999621734023,0.08170889999018982,0.12241189999622293,0.04124920000322163,0.012384200002998114,0.01256250002188608,0.008197000017389655,0.011167899996507913,0.00023960001999512315
0.8,Linear BTL,37,745,,-89.27320853402458,7,9,2,7,,,,0.004113800008781254,0.0031620000081602484,0.00020619999850168824,0.06743060000007972,0.1006065999972634,0.050071599980583414,0.008811500010779127,0.00725389999570325,0.010056300001451746,0.007134999992558733,0.00021229998674243689
0.8,Linear BTL,38,783,,-81.95938517986737,4,10,3,7,,,,0.0011235999991185963,0.0029051000019535422,0.0003133999998681247,0.0949022000131663,0.14538220001850277,0.05031859999871813,0.010387999995145947,0.012386399990646169,0.013056299998424947,0.011352500005159527,0.0002294000005349517
0.8,Linear BTL,39,822,,-87.310552817666,7,11,3,8,,,,0.001149999996414408,0.0026382000069133937,0.00032589997863397,0.08013290000963025,0.13651630000094883,0.06900990000576712,0.013055499992333353,0.012606600008439273,0.008889199991244823,0.01165420000324957,0.00021850000484846532
0.8,Linear BTL,40,862,,-89.23137633847605,6,12,1,11,,,,0.0013114999746903777,0.0037404000177048147,0.0006978999881539494,0.0748989999992773,0.1949542999791447,0.05244319999474101,0.01313300000037998,0.011096900008851662,0.008690500020748004,0.010974600008921698,0.00022849999368190765
0.8,Linear BTL,41,903,,-86.60640675622504,5,7,0,7,,,,0.0011417999921832234,0.0033355999912600964,0.0003074999840464443,0.07810240000253543,0.11472959999809973,0.06452129999524914,0.011224000016227365,0.008982400002423674,0.01271209999686107,0.012767500011250377,0.00022000001627020538
0.8,Linear BTL,42,945,,-81.53509650634325,3,6,0,6,,,,0.0016863000055309385,0.0025212999898940325,0.00020810001296922565,0.0668244999833405,0.1076281999994535,0.08574040001258254,0.008428400004049763,0.014197000011336058,0.013157000008504838,0.01330189997679554,0.00032640001154504716
0.8,Linear BTL,43,988,,-90.38991557957806,5,14,2,12,,,,0.0011674999841488898,0.0022367000055965036,0.00020030001178383827,0.0676996000111103,0.12075160001404583,0.04732120002154261,0.010708800022257492,0.01370189999579452,0.007735599996522069,0.012853099993662909,0.0002327999973203987
0.8,Linear BTL,44,1032,,-84.5620930998871,0,14,6,8,,,,0.0011467000003904104,0.0022754000092390925,5.8399979025125504e-05,0.07603409999865107,0.13316450000274926,0.04419610000331886,0.010751800000434741,0.013741500006290153,0.012384299974655733,0.011900000012246892,0.0003284999984316528
0.8,Linear BTL,45,1077,,-63.66346400611408,0,11,1,10,,,,0.0011882999970111996,0.0025114000018220395,5.679999594576657e-05,0.07255739998072386,0.11938829999417067,0.06276359999901615,0.00878140001441352,0.010252499982016161,0.008740499994019046,0.009368400002131239,0.0002445999998599291
0.8,Linear BTL,46,1123,,-77.46661613231643,6,5,0,5,,,,0.004129000008106232,0.002892999997129664,0.0003093999985139817,0.2075380999885965,0.10954070001025684,0.04614770002081059,0.00979060001554899,0.008660999999847263,0.01215799999772571,0.008127299981424585,0.00021680002100765705
0.8,Linear BTL,47,1170,,-80.7739068015943,2,4,0,4,,,,0.005309600004693493,0.002314099983777851,0.00020470001618377864,0.076111000002129,0.12224440000136383,0.06965029999264516,0.014415299985557795,0.014696500002173707,0.012897100008558482,0.008812799991574138,0.0002340999781154096
0.8,Linear BTL,48,1218,,-83.99640351805803,5,6,1,5,,,,0.0026125000149477273,0.002652499999385327,0.0002010999887716025,0.08231779999914579,0.1126053000043612,0.053322200023103505,0.013749700010521337,0.018554800015408546,0.059028000017860904,0.01733790000434965,0.0006033999961800873
0.8,Linear BTL,49,1267,,-81.56816275313821,6,4,0,4,,,,0.0020951000042259693,0.026943899982143193,0.000448200007667765,0.24653530001523905,0.13910309999482706,0.05233020000741817,0.0074730000051204115,0.011151799990329891,0.00920819997554645,0.012304000003496185,0.0002156999835278839
0.9,LP2 ($ 	heta $ Only),0,42,5.224592270060595e-05,,1,20,7,13,5.224592270060595e-05,40.0,60.0,0.002298600011272356,0.006757499999366701,0.0003696999920066446,0.0844263999897521,0.1336412999953609,0.0364811000181362,0.013814800011459738,0.00916830002097413,0.013539499981561676,0.013309100002516061,0.0004445999802555889
0.9,LP2 ($ 	heta $ Only),1,43,1.4392121667649694e-06,,8,4,0,4,1.4392121667649694e-06,10.0,90.0,0.0011271000257693231,0.002289500000188127,0.00019359998987056315,0.06125659999088384,0.10658849999890663,0.05775489998632111,0.007213600008981302,0.011953299981541932,0.009362000011606142,0.010314499988453463,0.00021479997667483985
0.9,LP2 ($ 	heta $ Only),2,45,6.624445486478574e-07,,0,3,0,3,6.624445486478574e-07,10.0,90.0,0.0011427999997977167,0.0023153999936766922,5.679999594576657e-05,0.08248519999324344,0.13160510000307113,0.08800419999170117,0.023513499996624887,0.02200009999796748,0.0165184999932535,0.014811799977906048,0.0002474999928381294
0.9,LP2 ($ 	heta $ Only),3,48,3.180275463985717e-05,,2,9,2,7,3.180275463985717e-05,40.0,60.0,0.0011346999963279814,0.0024658000038471073,0.00020479998784139752,0.08959179997327738,0.13068030000431463,0.055319400009466335,0.013534600002458319,0.012832700012950227,0.011828300019260496,0.011247099988395348,0.0002342000079806894
0.9,LP2 ($ 	heta $ Only),4,52,7.164066481333451e-06,,10,4,0,4,7.164066481333451e-06,20.0,80.0,0.0011276000004727393,0.005565700004808605,0.00029409999842755497,0.05615540000144392,0.2068231999874115,0.12839649998932146,0.007826299988664687,0.009055100003024563,0.006594899983610958,0.0075320000178180635,0.00036180001916363835
0.9,LP2 ($ 	heta $ Only),5,57,1.2694067131426155e-05,,5,3,0,3,1.2694067131426155e-05,30.0,70.0,0.0011829000141005963,0.002330099989194423,0.00020710000535473228,0.10755709998193197,0.11854840000160038,0.052750100003322586,0.011323000013362616,0.008825700002489612,0.010920100001385435,0.009504199988441542,0.0009089999948628247
0.9,LP2 ($ 	heta $ Only),6,63,2.4208406588890573e-06,,9,2,0,2,2.4208406588890573e-06,10.0,90.0,0.002303099987329915,0.0024265999963972718,0.00020290000247769058,0.06928609998431057,0.11070969997672364,0.08034580000094138,0.009077599999727681,0.011166399985086173,0.0116779999807477,0.008960000006482005,0.00080750000779517
0.9,LP2 ($ 	heta $ Only),7,70,3.185523639242e-05,,7,12,0,12,3.185523639242e-05,30.0,70.0,0.00263279999489896,0.002511500002583489,0.0001975000195670873,0.06175870000151917,0.12307499998132698,0.06370500000775792,0.013632500020321459,0.007445700000971556,0.012960899999598041,0.007873099995777011,0.0026735000137705356
0.9,LP2 ($ 	heta $ Only),8,78,9.201341379770512e-06,,3,4,0,4,9.201341379770512e-06,30.0,70.0,0.0013461000053212047,0.003785100008826703,0.0003087999939452857,0.06829100000322796,0.16770779999205843,0.050151599978562444,0.012453300005290657,0.014114100020378828,0.012775400013197213,0.009833600022830069,0.00042189998202957213
0.9,LP2 ($ 	heta $ Only),9,87,9.69968674228124e-06,,2,5,0,5,9.69968674228124e-06,40.0,60.0,0.003862799989292398,0.0022669000027235597,0.00020750000840052962,0.08242039999458939,0.12504660000558943,0.0633652999822516,0.009617600007914007,0.009499699983280152,0.008254199987277389,0.015540100022917613,0.00037280001561157405
0.9,LP2 ($ 	heta $ Only),10,97,0.0,,6,0,0,0,0.0,0.0,100.0,0.0025984999956563115,0.005753400007961318,0.0003795999800786376,0.1694742999970913,0.12343199999304488,0.057950599992182106,0.008013599988771603,0.008927100017899647,0.0077615000191144645,0.01183499998296611,0.00021940001170150936
0.9,LP2 ($ 	heta $ Only),11,108,1.3009262598584205e-05,,4,5,1,4,1.3009262598584205e-05,20.0,80.0,0.0013143999967724085,0.0028427999932318926,0.00019759999122470617,0.07576909998897463,0.12446609998005442,0.06571100000292063,0.031014100008178502,0.03970570000819862,0.025011399993672967,0.025666300003649667,0.0022739999985788018
0.9,LP2 ($ 	heta $ Only),12,120,5.3989109140152835e-05,,2,11,5,6,5.3989109140152835e-05,30.0,70.0,0.0024218999897129834,0.0052789000037591904,0.00046740000834688544,0.16110340002342127,0.1191990000079386,0.04343059999519028,0.009484099980909377,0.012640700006159022,0.009945300000254065,0.008282700000563636,0.00023479998344555497
0.9,LP2 ($ 	heta $ Only),13,133,1.9410412152164233e-05,,7,11,5,6,1.9410412152164233e-05,30.0,70.0,0.0041809999966062605,0.0024110999947879463,0.0001984999980777502,0.05987719999393448,0.15593629999784753,0.06838470001821406,0.008740899997064844,0.010109700000612065,0.013090199994621798,0.007393099978799,0.00025740001001395285
0.9,LP2 ($ 	heta $ Only),14,147,2.5984589890801754e-05,,3,12,0,12,2.5984589890801754e-05,40.0,60.0,0.0016912000137381256,0.004455999995116144,0.00020979999681003392,0.07282750000013039,0.11535449998336844,0.06188959997962229,0.016502599988598377,0.013202900008764118,0.02008019998902455,0.023077799996826798,0.0006646999972872436
0.9,LP2 ($ 	heta $ Only),15,162,2.3656931604326748e-05,,3,9,0,9,2.3656931604326748e-05,30.0,70.0,0.002555599989136681,0.007726200012257323,0.0005086000019218773,0.0869896000076551,0.12499729997944087,0.04394989999127574,0.01071929998579435,0.011296899989247322,0.009312100009992719,0.013323599996510893,0.000232299993513152
0.9,LP2 ($ 	heta $ Only),16,178,5.482902553065233e-05,,1,17,7,10,5.482902553065233e-05,40.0,60.0,0.0013220999971963465,0.0029473000031430274,0.00021399999968707561,0.0774088999896776,0.13915969998924993,0.037209700007224455,0.013270600000396371,0.010238999995635822,0.010368899995228276,0.01379070000257343,0.00024780002422630787
0.9,LP2 ($ 	heta $ Only),17,195,2.1026875354018788e-05,,5,9,1,8,2.1026875354018788e-05,30.0,70.0,0.0013407999940682203,0.0027623999922070652,0.00019690001499839127,0.07904309997684322,0.14756409998517483,0.047213299985742196,0.010493200010387227,0.010953799996059388,0.013455399981467053,0.012243600009242073,0.0004143000114709139
0.9,LP2 ($ 	heta $ Only),18,213,9.52278426961131e-06,,12,9,0,9,9.52278426961131e-06,30.0,70.0,0.0011230000236537308,0.0029015000036451966,0.0001878999755717814,0.05417769998894073,0.12353710000752471,0.044888800010085106,0.009320999990450218,0.007560900005046278,0.011977499991189688,0.006485399993835017,0.00019210000755265355
0.9,LP2 ($ 	heta $ Only),19,232,1.582404558285649e-05,,10,7,1,6,1.582404558285649e-05,30.0,70.0,0.0013510999851860106,0.005324199999449775,0.0004621999978553504,0.06902790002641268,0.09666270000161603,0.15936729998793453,0.028023399994708598,0.009516899997834116,0.012769599998136982,0.018184300017310306,0.00020030001178383827
0.9,LP2 ($ 	heta $ Only),20,252,4.2047621105455756e-06,,6,5,0,5,4.2047621105455756e-06,10.0,90.0,0.0011189999931957573,0.0029195999959483743,0.0007619000098202378,0.061118299985537305,0.1165577000065241,0.0674081000033766,0.011030299996491522,0.00879769999301061,0.013226700015366077,0.00809699998353608,0.00021620001643896103
0.9,LP2 ($ 	heta $ Only),21,273,2.028232421430151e-05,,6,6,0,6,2.028232421430151e-05,40.0,60.0,0.004107400018256158,0.003059199982089922,0.00021090000518597662,0.0661293999874033,0.12552819997654296,0.06751220001024194,0.01914669998222962,0.012940599990542978,0.011548500013304874,0.007659199996851385,0.00022719998378306627
0.9,LP2 ($ 	heta $ Only),22,295,2.5910640771620986e-05,,6,11,1,10,2.5910640771620986e-05,40.0,60.0,0.0015495999832637608,0.004700700024841353,0.000218700006371364,0.07661120002740063,0.1227632999944035,0.055772899999283254,0.011055000009946525,0.008662700012791902,0.010567799996351823,0.007386499986751005,0.0002232000115327537
0.9,LP2 ($ 	heta $ Only),23,318,2.357667095016206e-05,,8,4,1,3,2.357667095016206e-05,20.0,80.0,0.0015438999980688095,0.004273400001693517,0.00020860001677647233,0.07477619999554008,0.1624516999872867,0.04591809998964891,0.013301300001330674,0.007243400003062561,0.012910099991131574,0.011667100014165044,0.0003802000137511641
0.9,LP2 ($ 	heta $ Only),24,342,2.5950882238356416e-05,,5,12,2,10,2.5950882238356416e-05,40.0,60.0,0.0016334000101778656,0.002393899980233982,0.00019230000907555223,0.07077510000090115,0.11835100001189858,0.03490930001134984,0.00834890000987798,0.010404400003608316,0.011276300007011741,0.00782740002614446,0.0002219999732915312
0.9,LP2 ($ 	heta $ Only),25,367,2.052756771859791e-06,,3,2,0,2,2.052756771859791e-06,10.0,90.0,0.0043855000112671405,0.0034690999891608953,0.00022300001000985503,0.06555689999368042,0.13547749997815117,0.061706400010734797,0.010939600004348904,0.013677199982339516,0.008662700012791902,0.013394699984928593,0.00042699999175965786
0.9,LP2 ($ 	heta $ Only),26,393,2.4950670388595138e-05,,2,10,3,7,2.4950670388595138e-05,30.0,70.0,0.0015758000081405044,0.005709299992304295,0.00036819998058490455,0.07033849999425001,0.19687440001871437,0.057128599990392104,0.008733499998925254,0.02057230001082644,0.008566100004827604,0.014564699988113716,0.0002373000024817884
0.9,LP2 ($ 	heta $ Only),27,420,1.7349777985053115e-05,,1,4,0,4,1.7349777985053115e-05,20.0,80.0,0.0012947999930474907,0.002591800002846867,0.0003234999894630164,0.08989570001722313,0.12807030000840314,0.04577840000274591,0.01126759999897331,0.011594400013564155,0.008640999993076548,0.013413200009381399,0.00023889998556114733
0.9,LP2 ($ 	heta $ Only),28,448,3.716197955753127e-05,,0,11,4,7,3.716197955753127e-05,40.0,60.0,0.0013353000103961676,0.0033768999855965376,0.00019039999460801482,0.07117910002125427,0.18477360001998022,0.07601340001565404,0.011490000004414469,0.013376999995671213,0.01165430000401102,0.01461300000664778,0.0005484999855980277
0.9,LP2 ($ 	heta $ Only),29,477,2.25928069839337e-05,,11,7,2,5,2.25928069839337e-05,20.0,80.0,0.0011254999844823033,0.0025794999965000898,0.0001967000134754926,0.05883049999829382,0.0964527000032831,0.04297249999945052,0.006901799992192537,0.0065787000057753175,0.008064099994953722,0.006558900000527501,0.00019580000662244856
0.9,LP2 ($ 	heta $ Only),30,507,1.3923053630449652e-05,,2,5,0,5,1.3923053630449652e-05,10.0,90.0,0.0012434999807737768,0.003236999997170642,0.00031129998387768865,0.08764179999707267,0.12314149999292567,0.04564349999418482,0.009247500012861565,0.011738899978809059,0.009989299986045808,0.010345599992433563,0.00023169998894445598
0.9,LP2 ($ 	heta $ Only),31,538,1.6123045736881863e-05,,6,5,0,5,1.6123045736881863e-05,20.0,80.0,0.001125699986005202,0.00304169999435544,0.00021769999875687063,0.07727670000167564,0.101800699980231,0.042910899996059015,0.011268200003542006,0.009037899988470599,0.011039999983040616,0.014389799995115027,0.0002179000002797693
0.9,LP2 ($ 	heta $ Only),32,570,3.2207223912487346e-05,,2,12,2,10,3.2207223912487346e-05,40.0,60.0,0.0013247999886516482,0.002633700001752004,0.0002179000002797693,0.07775389999733306,0.16739100002450868,0.06517800001893193,0.011971800005994737,0.008735199982766062,0.01115960002061911,0.011630399996647611,0.00043089999235235155
0.9,LP2 ($ 	heta $ Only),33,603,2.7714048419782712e-05,,2,5,0,5,2.7714048419782712e-05,20.0,80.0,0.001131199998781085,0.002387800021097064,0.00020179999410174787,0.0833221000211779,0.15097589997458272,0.05863419998786412,0.0089014999975916,0.010851999977603555,0.013892099988879636,0.00881570001365617,0.00023949999012984335
0.9,LP2 ($ 	heta $ Only),34,637,7.40800584660836e-06,,4,8,0,8,7.40800584660836e-06,30.0,70.0,0.0036392999754752964,0.0033263999794144183,0.00030150002567097545,0.07806080000591464,0.12293839998892508,0.04087619998608716,0.00921260000905022,0.012763599981553853,0.007966100005432963,0.02171719999751076,0.0008613000100012869
0.9,LP2 ($ 	heta $ Only),35,672,5.0490702520548895e-05,,0,12,6,6,5.0490702520548895e-05,40.0,60.0,0.0023410000139847398,0.005643200012855232,0.00012569999671541154,0.19976290001068264,0.12370269998791628,0.04325740001513623,0.011265400011325255,0.011297599994577467,0.00909409997984767,0.011529300012625754,0.00045220000902190804
0.9,LP2 ($ 	heta $ Only),36,708,4.631880254059796e-05,,3,18,12,6,4.6318802540597955e-05,40.0,60.0,0.0011163000017404556,0.0029847999976482242,0.00021279999054968357,0.08713889998034574,0.1524251000082586,0.05245670001022518,0.013024600018979982,0.0099904999951832,0.012920499983010814,0.012292600004002452,0.00033489998895674944
0.9,LP2 ($ 	heta $ Only),37,745,0.0,,7,0,0,0,0.0,0.0,100.0,0.001207799999974668,0.002458699978888035,0.00019279998377896845,0.06788130002678372,0.20426619998761453,0.059951100003672764,0.011546399997314438,0.0073250999848823994,0.010260400013066828,0.009205399983329698,0.00024399999529123306
0.9,LP2 ($ 	heta $ Only),38,783,1.4319618763203408e-05,,1,9,0,9,1.4319618763203408e-05,30.0,70.0,0.0012023000163026154,0.0025759999989531934,0.00021129997912794352,0.06428609997965395,0.12709220001124777,0.043359800009056926,0.011229600000660866,0.011479700013296679,0.010193000023718923,0.011219100008020177,0.00044329999946057796
0.9,LP2 ($ 	heta $ Only),39,822,2.3066403035452244e-05,,7,8,0,8,2.3066403035452244e-05,30.0,70.0,0.0011200999724678695,0.002921000006608665,0.00020260000019334257,0.0780992999789305,0.10667880001710728,0.04544099999475293,0.007328200008487329,0.008049800002481788,0.008505699981469661,0.008628100011264905,0.0002401999954599887
0.9,LP2 ($ 	heta $ Only),40,862,2.0478563719563924e-05,,6,9,0,9,2.0478563719563924e-05,40.0,60.0,0.004862300003878772,0.004827400000067428,0.00036789997830055654,0.14318819998879917,0.1200847000000067,0.050004899996565655,0.011671599990222603,0.009057699993718415,0.010355900012655184,0.01319369999691844,0.00021719999494962394
0.9,LP2 ($ 	heta $ Only),41,903,3.040288628350523e-05,,7,13,2,11,3.040288628350523e-05,40.0,60.0,0.0012935999839100987,0.002601999993203208,0.0002023999986704439,0.0722546000033617,0.11759360000723973,0.06081800002721138,0.00743470000452362,0.010702100000344217,0.008432899980107322,0.015625300002284348,0.000758699985453859
0.9,LP2 ($ 	heta $ Only),42,945,2.902417380074971e-05,,4,12,3,9,2.902417380074971e-05,30.0,70.0,0.005279499979224056,0.0033127999922726303,0.00022299998090602458,0.09396619998733513,0.12563359999330714,0.05420129999401979,0.008458100026473403,0.009276500000851229,0.008317900006659329,0.011387699982151389,0.0002308000111952424
0.9,LP2 ($ 	heta $ Only),43,988,2.0744353022538417e-05,,6,8,5,3,2.074435302253842e-05,40.0,60.0,0.0013353000103961676,0.002702300000237301,0.0002750999992713332,0.0643119000014849,0.16765969997504726,0.08929589999024756,0.012909400014905259,0.012175400013802573,0.009453500009840354,0.012187500018626451,0.00040160000207833946
0.9,LP2 ($ 	heta $ Only),44,1032,4.887109432997852e-05,,0,12,1,11,4.887109432997852e-05,40.0,60.0,0.0011394000030122697,0.0023102000122889876,7.20999960321933e-05,0.08038749999832362,0.19268790000933222,0.06336499997996725,0.013851899973815307,0.009605500003090128,0.017836399987572804,0.012088799994671717,0.00024500000290572643
0.9,LP2 ($ 	heta $ Only),45,1077,2.4239164075530048e-05,,0,12,0,12,2.423916407553005e-05,40.0,60.0,0.001131199998781085,0.0023298000160139054,5.649999366141856e-05,0.10681890000705607,0.1326882999856025,0.04725239999243058,0.011816500016720966,0.00870449998183176,0.010662099986802787,0.013461599999573082,0.00024709998979233205
0.9,LP2 ($ 	heta $ Only),46,1123,4.320865239133826e-05,,4,11,5,6,4.320865239133827e-05,30.0,70.0,0.0013272999785840511,0.002713099995162338,0.00021470000501722097,0.07949090001056902,0.11867440000060014,0.05510339999455027,0.019093800015980378,0.009610000008251518,0.011672199994791299,0.007936599984532222,0.00022760001593269408
0.9,LP2 ($ 	heta $ Only),47,1170,2.2029690111427885e-05,,6,12,1,11,2.2029690111427885e-05,30.0,70.0,0.006401600025128573,0.002732799999648705,0.00020899999071843922,0.0774962000141386,0.12297349999425933,0.05626110002049245,0.008701800019480288,0.01170899998396635,0.01119489999837242,0.008121499995468184,0.0002209000231232494
0.9,LP2 ($ 	heta $ Only),48,1218,5.556936684023525e-05,,2,5,1,4,5.5569366840235254e-05,40.0,60.0,0.0022831000096630305,0.0035871000145561993,0.0002103000006172806,0.06126240000594407,0.1406454000098165,0.06957960000727326,0.013230600015958771,0.012100100022507831,0.010024800023529679,0.01191520001157187,0.0003213999734725803
0.9,LP2 ($ 	heta $ Only),49,1267,5.2633336674330385e-05,,2,19,7,12,5.2633336674330385e-05,40.0,60.0,0.0011373000161256641,0.003272000001743436,0.00042799999937415123,0.08153660001698881,0.11039079999318346,0.039878100011264905,0.009584199986420572,0.009135200001765043,0.008083799999440089,0.010387400019681081,0.00043360001291148365
0.9,LP3 ($ 	heta $ Only),0,42,0.003793632387229323,,1,18,4,14,0.00021621252528521945,80.0,20.0,0.002298600011272356,0.006757499999366701,0.0003696999920066446,0.0844263999897521,0.1336412999953609,0.0364811000181362,0.013814800011459738,0.00916830002097413,0.013539499981561676,0.013309100002516061,0.0004445999802555889
0.9,LP3 ($ 	heta $ Only),1,43,0.0004631704571357323,,8,1,0,1,4.210640519415749e-05,30.0,70.0,0.0011271000257693231,0.002289500000188127,0.00019359998987056315,0.06125659999088384,0.10658849999890663,0.05775489998632111,0.007213600008981302,0.011953299981541932,0.009362000011606142,0.010314499988453463,0.00021479997667483985
0.9,LP3 ($ 	heta $ Only),2,45,0.0003596008180239748,,0,2,0,2,2.1885753239236553e-05,10.0,90.0,0.0011427999997977167,0.0023153999936766922,5.679999594576657e-05,0.08248519999324344,0.13160510000307113,0.08800419999170117,0.023513499996624887,0.02200009999796748,0.0165184999932535,0.014811799977906048,0.0002474999928381294
0.9,LP3 ($ 	heta $ Only),3,48,0.0013671567954542587,,2,4,1,3,0.00013561815301205388,90.0,10.0,0.0011346999963279814,0.0024658000038471073,0.00020479998784139752,0.08959179997327738,0.13068030000431463,0.055319400009466335,0.013534600002458319,0.012832700012950227,0.011828300019260496,0.011247099988395348,0.0002342000079806894
0.9,LP3 ($ 	heta $ Only),4,52,0.0011690529802025709,,10,4,0,4,8.679175971130284e-05,60.0,40.0,0.0011276000004727393,0.005565700004808605,0.00029409999842755497,0.05615540000144392,0.2068231999874115,0.12839649998932146,0.007826299988664687,0.009055100003024563,0.006594899983610958,0.0075320000178180635,0.00036180001916363835
0.9,LP3 ($ 	heta $ Only),5,57,0.0006790175741395712,,5,2,0,2,6.86863439866002e-05,60.0,40.0,0.0011829000141005963,0.002330099989194423,0.00020710000535473228,0.10755709998193197,0.11854840000160038,0.052750100003322586,0.011323000013362616,0.008825700002489612,0.010920100001385435,0.009504199988441542,0.0009089999948628247
0.9,LP3 ($ 	heta $ Only),6,63,0.0007638455019050558,,9,4,0,4,6.018311913833604e-05,30.0,70.0,0.002303099987329915,0.0024265999963972718,0.00020290000247769058,0.06928609998431057,0.11070969997672364,0.08034580000094138,0.009077599999727681,0.011166399985086173,0.0116779999807477,0.008960000006482005,0.00080750000779517
0.9,LP3 ($ 	heta $ Only),7,70,0.002876180437408075,,7,11,0,11,0.00015689508004595857,80.0,20.0,0.00263279999489896,0.002511500002583489,0.0001975000195670873,0.06175870000151917,0.12307499998132698,0.06370500000775792,0.013632500020321459,0.007445700000971556,0.012960899999598041,0.007873099995777011,0.0026735000137705356
0.9,LP3 ($ 	heta $ Only),8,78,0.0009576063437444263,,3,5,0,5,7.893363541640132e-05,60.0,40.0,0.0013461000053212047,0.003785100008826703,0.0003087999939452857,0.06829100000322796,0.16770779999205843,0.050151599978562444,0.012453300005290657,0.014114100020378828,0.012775400013197213,0.009833600022830069,0.00042189998202957213
0.9,LP3 ($ 	heta $ Only),9,87,0.000954684031431164,,2,4,0,4,9.672882732336762e-05,90.0,10.0,0.003862799989292398,0.0022669000027235597,0.00020750000840052962,0.08242039999458939,0.12504660000558943,0.0633652999822516,0.009617600007914007,0.009499699983280152,0.008254199987277389,0.015540100022917613,0.00037280001561157405
0.9,LP3 ($ 	heta $ Only),10,97,0.0,,6,0,0,0,0.0,0.0,100.0,0.0025984999956563115,0.005753400007961318,0.0003795999800786376,0.1694742999970913,0.12343199999304488,0.057950599992182106,0.008013599988771603,0.008927100017899647,0.0077615000191144645,0.01183499998296611,0.00021940001170150936
0.9,LP3 ($ 	heta $ Only),11,108,0.0011051641257514744,,4,5,0,5,8.128974617378109e-05,80.0,20.0,0.0013143999967724085,0.0028427999932318926,0.00019759999122470617,0.07576909998897463,0.12446609998005442,0.06571100000292063,0.031014100008178502,0.03970570000819862,0.025011399993672967,0.025666300003649667,0.0022739999985788018
0.9,LP3 ($ 	heta $ Only),12,120,0.0025742733236329843,,2,11,4,7,0.00019374620837741958,90.0,10.0,0.0024218999897129834,0.0052789000037591904,0.00046740000834688544,0.16110340002342127,0.1191990000079386,0.04343059999519028,0.009484099980909377,0.012640700006159022,0.009945300000254065,0.008282700000563636,0.00023479998344555497
0.9,LP3 ($ 	heta $ Only),13,133,0.0017962021132532197,,7,8,1,7,0.00014626639167170867,90.0,10.0,0.0041809999966062605,0.0024110999947879463,0.0001984999980777502,0.05987719999393448,0.15593629999784753,0.06838470001821406,0.008740899997064844,0.010109700000612065,0.013090199994621798,0.007393099978799,0.00025740001001395285
0.9,LP3 ($ 	heta $ Only),14,147,0.002912672930347163,,3,13,2,11,0.00018180748643266862,90.0,10.0,0.0016912000137381256,0.004455999995116144,0.00020979999681003392,0.07282750000013039,0.11535449998336844,0.06188959997962229,0.016502599988598377,0.013202900008764118,0.02008019998902455,0.023077799996826798,0.0006646999972872436
0.9,LP3 ($ 	heta $ Only),15,162,0.002936209870165933,,3,8,0,8,0.0001873492977381446,90.0,10.0,0.002555599989136681,0.007726200012257323,0.0005086000019218773,0.0869896000076551,0.12499729997944087,0.04394989999127574,0.01071929998579435,0.011296899989247322,0.009312100009992719,0.013323599996510893,0.000232299993513152
0.9,LP3 ($ 	heta $ Only),16,178,0.003909230193225077,,1,19,9,10,0.00023456999464520174,90.0,10.0,0.0013220999971963465,0.0029473000031430274,0.00021399999968707561,0.0774088999896776,0.13915969998924993,0.037209700007224455,0.013270600000396371,0.010238999995635822,0.010368899995228276,0.01379070000257343,0.00024780002422630787
0.9,LP3 ($ 	heta $ Only),17,195,0.0019499701660168132,,5,9,1,8,0.00015249875481283457,90.0,10.0,0.0013407999940682203,0.0027623999922070652,0.00019690001499839127,0.07904309997684322,0.14756409998517483,0.047213299985742196,0.010493200010387227,0.010953799996059388,0.013455399981467053,0.012243600009242073,0.0004143000114709139
0.9,LP3 ($ 	heta $ Only),18,213,0.0015371471705548571,,12,5,0,5,9.261603874243841e-05,80.0,20.0,0.0011230000236537308,0.0029015000036451966,0.0001878999755717814,0.05417769998894073,0.12353710000752471,0.044888800010085106,0.009320999990450218,0.007560900005046278,0.011977499991189688,0.006485399993835017,0.00019210000755265355
0.9,LP3 ($ 	heta $ Only),19,232,0.0018609387209346684,,10,8,1,7,8.938093006146815e-05,70.0,30.0,0.0013510999851860106,0.005324199999449775,0.0004621999978553504,0.06902790002641268,0.09666270000161603,0.15936729998793453,0.028023399994708598,0.009516899997834116,0.012769599998136982,0.018184300017310306,0.00020030001178383827
0.9,LP3 ($ 	heta $ Only),20,252,0.0007905292704639737,,6,2,0,2,5.603640039390223e-05,30.0,70.0,0.0011189999931957573,0.0029195999959483743,0.0007619000098202378,0.061118299985537305,0.1165577000065241,0.0674081000033766,0.011030299996491522,0.00879769999301061,0.013226700015366077,0.00809699998353608,0.00021620001643896103
0.9,LP3 ($ 	heta $ Only),21,273,0.0014580211537619874,,6,6,0,6,0.00014498892656219798,90.0,10.0,0.004107400018256158,0.003059199982089922,0.00021090000518597662,0.0661293999874033,0.12552819997654296,0.06751220001024194,0.01914669998222962,0.012940599990542978,0.011548500013304874,0.007659199996851385,0.00022719998378306627
0.9,LP3 ($ 	heta $ Only),22,295,0.0029152092298759254,,6,12,1,11,0.00016657464835112318,90.0,10.0,0.0015495999832637608,0.004700700024841353,0.000218700006371364,0.07661120002740063,0.1227632999944035,0.055772899999283254,0.011055000009946525,0.008662700012791902,0.010567799996351823,0.007386499986751005,0.0002232000115327537
0.9,LP3 ($ 	heta $ Only),23,318,0.001073280752346404,,8,3,1,2,6.328577233320978e-05,40.0,60.0,0.0015438999980688095,0.004273400001693517,0.00020860001677647233,0.07477619999554008,0.1624516999872867,0.04591809998964891,0.013301300001330674,0.007243400003062561,0.012910099991131574,0.011667100014165044,0.0003802000137511641
0.9,LP3 ($ 	heta $ Only),24,342,0.0034046119381881826,,5,19,2,17,0.00021497151727303338,80.0,20.0,0.0016334000101778656,0.002393899980233982,0.00019230000907555223,0.07077510000090115,0.11835100001189858,0.03490930001134984,0.00834890000987798,0.010404400003608316,0.011276300007011741,0.00782740002614446,0.0002219999732915312
0.9,LP3 ($ 	heta $ Only),25,367,0.00034334351336960195,,3,1,0,1,3.121304666996389e-05,10.0,90.0,0.0043855000112671405,0.0034690999891608953,0.00022300001000985503,0.06555689999368042,0.13547749997815117,0.061706400010734797,0.010939600004348904,0.013677199982339516,0.008662700012791902,0.013394699984928593,0.00042699999175965786
0.9,LP3 ($ 	heta $ Only),26,393,0.0029254009782087747,,2,11,3,8,0.00021467809044802363,90.0,10.0,0.0015758000081405044,0.005709299992304295,0.00036819998058490455,0.07033849999425001,0.19687440001871437,0.057128599990392104,0.008733499998925254,0.02057230001082644,0.008566100004827604,0.014564699988113716,0.0002373000024817884
0.9,LP3 ($ 	heta $ Only),27,420,0.0018999985892094351,,1,7,0,7,0.00015213207063058092,90.0,10.0,0.0012947999930474907,0.002591800002846867,0.0003234999894630164,0.08989570001722313,0.12807030000840314,0.04577840000274591,0.01126759999897331,0.011594400013564155,0.008640999993076548,0.013413200009381399,0.00023889998556114733
0.9,LP3 ($ 	heta $ Only),28,448,0.0030375514543123116,,0,14,3,11,0.00021757320312014287,90.0,10.0,0.0013353000103961676,0.0033768999855965376,0.00019039999460801482,0.07117910002125427,0.18477360001998022,0.07601340001565404,0.011490000004414469,0.013376999995671213,0.01165430000401102,0.01461300000664778,0.0005484999855980277
0.9,LP3 ($ 	heta $ Only),29,477,0.002038915425155674,,11,8,1,7,0.00011367826000962137,90.0,10.0,0.0011254999844823033,0.0025794999965000898,0.0001967000134754926,0.05883049999829382,0.0964527000032831,0.04297249999945052,0.006901799992192537,0.0065787000057753175,0.008064099994953722,0.006558900000527501,0.00019580000662244856
0.9,LP3 ($ 	heta $ Only),30,507,0.0006976956021308402,,2,1,0,1,7.75746296686576e-05,60.0,40.0,0.0012434999807737768,0.003236999997170642,0.00031129998387768865,0.08764179999707267,0.12314149999292567,0.04564349999418482,0.009247500012861565,0.011738899978809059,0.009989299986045808,0.010345599992433563,0.00023169998894445598
0.9,LP3 ($ 	heta $ Only),31,538,0.0013255247904879074,,6,7,0,7,0.00011880214379702806,90.0,10.0,0.001125699986005202,0.00304169999435544,0.00021769999875687063,0.07727670000167564,0.101800699980231,0.042910899996059015,0.011268200003542006,0.009037899988470599,0.011039999983040616,0.014389799995115027,0.0002179000002797693
0.9,LP3 ($ 	heta $ Only),32,570,0.0019574516499801216,,2,9,3,6,0.00014122279825304899,80.0,20.0,0.0013247999886516482,0.002633700001752004,0.0002179000002797693,0.07775389999733306,0.16739100002450868,0.06517800001893193,0.011971800005994737,0.008735199982766062,0.01115960002061911,0.011630399996647611,0.00043089999235235155
0.9,LP3 ($ 	heta $ Only),33,603,0.0013972416269107685,,2,3,0,3,9.245075185902332e-05,70.0,30.0,0.001131199998781085,0.002387800021097064,0.00020179999410174787,0.0833221000211779,0.15097589997458272,0.05863419998786412,0.0089014999975916,0.010851999977603555,0.013892099988879636,0.00881570001365617,0.00023949999012984335
0.9,LP3 ($ 	heta $ Only),34,637,0.001551384751850076,,4,7,0,7,0.00014830809456811217,80.0,20.0,0.0036392999754752964,0.0033263999794144183,0.00030150002567097545,0.07806080000591464,0.12293839998892508,0.04087619998608716,0.00921260000905022,0.012763599981553853,0.007966100005432963,0.02171719999751076,0.0008613000100012869
0.9,LP3 ($ 	heta $ Only),35,672,0.0027230441573786205,,0,11,2,9,0.0001714153549815435,80.0,20.0,0.0023410000139847398,0.005643200012855232,0.00012569999671541154,0.19976290001068264,0.12370269998791628,0.04325740001513623,0.011265400011325255,0.011297599994577467,0.00909409997984767,0.011529300012625754,0.00045220000902190804
0.9,LP3 ($ 	heta $ Only),36,708,0.002897827502130593,,3,12,10,2,0.00016474479165823656,80.0,20.0,0.0011163000017404556,0.0029847999976482242,0.00021279999054968357,0.08713889998034574,0.1524251000082586,0.05245670001022518,0.013024600018979982,0.0099904999951832,0.012920499983010814,0.012292600004002452,0.00033489998895674944
0.9,LP3 ($ 	heta $ Only),37,745,0.0,,7,0,0,0,1.0658141036401503e-14,10.0,90.0,0.001207799999974668,0.002458699978888035,0.00019279998377896845,0.06788130002678372,0.20426619998761453,0.059951100003672764,0.011546399997314438,0.0073250999848823994,0.010260400013066828,0.009205399983329698,0.00024399999529123306
0.9,LP3 ($ 	heta $ Only),38,783,0.002007033489288541,,1,8,0,8,0.00013944965338342252,70.0,30.0,0.0012023000163026154,0.0025759999989531934,0.00021129997912794352,0.06428609997965395,0.12709220001124777,0.043359800009056926,0.011229600000660866,0.011479700013296679,0.010193000023718923,0.011219100008020177,0.00044329999946057796
0.9,LP3 ($ 	heta $ Only),39,822,0.0016567153594709923,,7,6,0,6,0.0001160444384284263,90.0,10.0,0.0011200999724678695,0.002921000006608665,0.00020260000019334257,0.0780992999789305,0.10667880001710728,0.04544099999475293,0.007328200008487329,0.008049800002481788,0.008505699981469661,0.008628100011264905,0.0002401999954599887
0.9,LP3 ($ 	heta $ Only),40,862,0.0017382536302522756,,6,3,0,3,0.00014414590602085376,70.0,30.0,0.004862300003878772,0.004827400000067428,0.00036789997830055654,0.14318819998879917,0.1200847000000067,0.050004899996565655,0.011671599990222603,0.009057699993718415,0.010355900012655184,0.01319369999691844,0.00021719999494962394
0.9,LP3 ($ 	heta $ Only),41,903,0.002427920023079238,,7,10,2,8,0.00017969759169707487,80.0,20.0,0.0012935999839100987,0.002601999993203208,0.0002023999986704439,0.0722546000033617,0.11759360000723973,0.06081800002721138,0.00743470000452362,0.010702100000344217,0.008432899980107322,0.015625300002284348,0.000758699985453859
0.9,LP3 ($ 	heta $ Only),42,945,0.0029771001577989626,,4,14,4,10,0.0001611371881706324,90.0,10.0,0.005279499979224056,0.0033127999922726303,0.00022299998090602458,0.09396619998733513,0.12563359999330714,0.05420129999401979,0.008458100026473403,0.009276500000851229,0.008317900006659329,0.011387699982151389,0.0002308000111952424
0.9,LP3 ($ 	heta $ Only),43,988,0.001608169594117891,,6,7,3,4,9.835402987866532e-05,70.0,30.0,0.0013353000103961676,0.002702300000237301,0.0002750999992713332,0.0643119000014849,0.16765969997504726,0.08929589999024756,0.012909400014905259,0.012175400013802573,0.009453500009840354,0.012187500018626451,0.00040160000207833946
0.9,LP3 ($ 	heta $ Only),44,1032,0.0019442491096987955,,0,4,2,2,0.0001723415137638724,90.0,10.0,0.0011394000030122697,0.0023102000122889876,7.20999960321933e-05,0.08038749999832362,0.19268790000933222,0.06336499997996725,0.013851899973815307,0.009605500003090128,0.017836399987572804,0.012088799994671717,0.00024500000290572643
0.9,LP3 ($ 	heta $ Only),45,1077,0.002100783120180621,,0,8,1,7,0.00012725188541126047,60.0,40.0,0.001131199998781085,0.0023298000160139054,5.649999366141856e-05,0.10681890000705607,0.1326882999856025,0.04725239999243058,0.011816500016720966,0.00870449998183176,0.010662099986802787,0.013461599999573082,0.00024709998979233205
0.9,LP3 ($ 	heta $ Only),46,1123,0.0026679445254039324,,4,11,3,8,0.00020166560937374056,90.0,10.0,0.0013272999785840511,0.002713099995162338,0.00021470000501722097,0.07949090001056902,0.11867440000060014,0.05510339999455027,0.019093800015980378,0.009610000008251518,0.011672199994791299,0.007936599984532222,0.00022760001593269408
0.9,LP3 ($ 	heta $ Only),47,1170,0.002279408335385389,,6,9,1,8,0.0001349290094885909,90.0,10.0,0.006401600025128573,0.002732799999648705,0.00020899999071843922,0.0774962000141386,0.12297349999425933,0.05626110002049245,0.008701800019480288,0.01170899998396635,0.01119489999837242,0.008121499995468184,0.0002209000231232494
0.9,LP3 ($ 	heta $ Only),48,1218,0.0024100839438297795,,2,4,1,3,0.00019893834147165595,90.0,10.0,0.0022831000096630305,0.0035871000145561993,0.0002103000006172806,0.06126240000594407,0.1406454000098165,0.06957960000727326,0.013230600015958771,0.012100100022507831,0.010024800023529679,0.01191520001157187,0.0003213999734725803
0.9,LP3 ($ 	heta $ Only),49,1267,0.0030163769172046008,,2,14,4,10,0.00018641766994631755,90.0,10.0,0.0011373000161256641,0.003272000001743436,0.00042799999937415123,0.08153660001698881,0.11039079999318346,0.039878100011264905,0.009584199986420572,0.009135200001765043,0.008083799999440089,0.010387400019681081,0.00043360001291148365
0.9,Weighted LP3 ($ 	heta $ Only),0,42,0.002919874831298768,,1,19,5,14,0.00022174486241308123,80.0,20.0,0.002298600011272356,0.006757499999366701,0.0003696999920066446,0.0844263999897521,0.1336412999953609,0.0364811000181362,0.013814800011459738,0.00916830002097413,0.013539499981561676,0.013309100002516061,0.0004445999802555889
0.9,Weighted LP3 ($ 	heta $ Only),1,43,0.0003228157731552074,,8,1,0,1,4.210640519415749e-05,30.0,70.0,0.0011271000257693231,0.002289500000188127,0.00019359998987056315,0.06125659999088384,0.10658849999890663,0.05775489998632111,0.007213600008981302,0.011953299981541932,0.009362000011606142,0.010314499988453463,0.00021479997667483985
0.9,Weighted LP3 ($ 	heta $ Only),2,45,0.00024702912976239534,,0,2,0,2,2.1885753239236553e-05,10.0,90.0,0.0011427999997977167,0.0023153999936766922,5.679999594576657e-05,0.08248519999324344,0.13160510000307113,0.08800419999170117,0.023513499996624887,0.02200009999796748,0.0165184999932535,0.014811799977906048,0.0002474999928381294
0.9,Weighted LP3 ($ 	heta $ Only),3,48,0.0010356921678243785,,2,5,0,5,0.00010502067036604885,80.0,20.0,0.0011346999963279814,0.0024658000038471073,0.00020479998784139752,0.08959179997327738,0.13068030000431463,0.055319400009466335,0.013534600002458319,0.012832700012950227,0.011828300019260496,0.011247099988395348,0.0002342000079806894
0.9,Weighted LP3 ($ 	heta $ Only),4,52,0.0008082992400388147,,10,5,0,5,8.679175971130282e-05,60.0,40.0,0.0011276000004727393,0.005565700004808605,0.00029409999842755497,0.05615540000144392,0.2068231999874115,0.12839649998932146,0.007826299988664687,0.009055100003024563,0.006594899983610958,0.0075320000178180635,0.00036180001916363835
0.9,Weighted LP3 ($ 	heta $ Only),5,57,0.0005089071640885809,,5,2,0,2,6.86863439866002e-05,60.0,40.0,0.0011829000141005963,0.002330099989194423,0.00020710000535473228,0.10755709998193197,0.11854840000160038,0.052750100003322586,0.011323000013362616,0.008825700002489612,0.010920100001385435,0.009504199988441542,0.0009089999948628247
0.9,Weighted LP3 ($ 	heta $ Only),6,63,0.0005292913743161491,,9,4,0,4,6.018311913833604e-05,30.0,70.0,0.002303099987329915,0.0024265999963972718,0.00020290000247769058,0.06928609998431057,0.11070969997672364,0.08034580000094138,0.009077599999727681,0.011166399985086173,0.0116779999807477,0.008960000006482005,0.00080750000779517
0.9,Weighted LP3 ($ 	heta $ Only),7,70,0.0020051439072597045,,7,10,0,10,0.00015646493854400465,90.0,10.0,0.00263279999489896,0.002511500002583489,0.0001975000195670873,0.06175870000151917,0.12307499998132698,0.06370500000775792,0.013632500020321459,0.007445700000971556,0.012960899999598041,0.007873099995777011,0.0026735000137705356
0.9,Weighted LP3 ($ 	heta $ Only),8,78,0.0006646753359937527,,3,4,0,4,7.73475155897059e-05,60.0,40.0,0.0013461000053212047,0.003785100008826703,0.0003087999939452857,0.06829100000322796,0.16770779999205843,0.050151599978562444,0.012453300005290657,0.014114100020378828,0.012775400013197213,0.009833600022830069,0.00042189998202957213
0.9,Weighted LP3 ($ 	heta $ Only),9,87,0.0006686989633952319,,2,4,0,4,9.672882732336762e-05,90.0,10.0,0.003862799989292398,0.0022669000027235597,0.00020750000840052962,0.08242039999458939,0.12504660000558943,0.0633652999822516,0.009617600007914007,0.009499699983280152,0.008254199987277389,0.015540100022917613,0.00037280001561157405
0.9,Weighted LP3 ($ 	heta $ Only),10,97,0.0,,6,0,0,0,0.0,0.0,100.0,0.0025984999956563115,0.005753400007961318,0.0003795999800786376,0.1694742999970913,0.12343199999304488,0.057950599992182106,0.008013599988771603,0.008927100017899647,0.0077615000191144645,0.01183499998296611,0.00021940001170150936
0.9,Weighted LP3 ($ 	heta $ Only),11,108,0.0007951652072651197,,4,5,0,5,8.12897461737811e-05,80.0,20.0,0.0013143999967724085,0.0028427999932318926,0.00019759999122470617,0.07576909998897463,0.12446609998005442,0.06571100000292063,0.031014100008178502,0.03970570000819862,0.025011399993672967,0.025666300003649667,0.0022739999985788018
0.9,Weighted LP3 ($ 	heta $ Only),12,120,0.002070412556205793,,2,12,5,7,0.00019099235532813892,90.0,10.0,0.0024218999897129834,0.0052789000037591904,0.00046740000834688544,0.16110340002342127,0.1191990000079386,0.04343059999519028,0.009484099980909377,0.012640700006159022,0.009945300000254065,0.008282700000563636,0.00023479998344555497
0.9,Weighted LP3 ($ 	heta $ Only),13,133,0.0013134933621026044,,7,6,0,6,0.0001606133653999556,90.0,10.0,0.0041809999966062605,0.0024110999947879463,0.0001984999980777502,0.05987719999393448,0.15593629999784753,0.06838470001821406,0.008740899997064844,0.010109700000612065,0.013090199994621798,0.007393099978799,0.00025740001001395285
0.9,Weighted LP3 ($ 	heta $ Only),14,147,0.0021322668811385916,,3,14,2,12,0.0001828279137960033,90.0,10.0,0.0016912000137381256,0.004455999995116144,0.00020979999681003392,0.07282750000013039,0.11535449998336844,0.06188959997962229,0.016502599988598377,0.013202900008764118,0.02008019998902455,0.023077799996826798,0.0006646999972872436
0.9,Weighted LP3 ($ 	heta $ Only),15,162,0.00204582212904134,,3,9,0,9,0.00018734929773814462,90.0,10.0,0.002555599989136681,0.007726200012257323,0.0005086000019218773,0.0869896000076551,0.12499729997944087,0.04394989999127574,0.01071929998579435,0.011296899989247322,0.009312100009992719,0.013323599996510893,0.000232299993513152
0.9,Weighted LP3 ($ 	heta $ Only),16,178,0.0032303229212596683,,1,17,6,11,0.00023642983649898235,90.0,10.0,0.0013220999971963465,0.0029473000031430274,0.00021399999968707561,0.0774088999896776,0.13915969998924993,0.037209700007224455,0.013270600000396371,0.010238999995635822,0.010368899995228276,0.01379070000257343,0.00024780002422630787
0.9,Weighted LP3 ($ 	heta $ Only),17,195,0.0014155631526401743,,5,11,1,10,0.00014923162372154622,90.0,10.0,0.0013407999940682203,0.0027623999922070652,0.00019690001499839127,0.07904309997684322,0.14756409998517483,0.047213299985742196,0.010493200010387227,0.010953799996059388,0.013455399981467053,0.012243600009242073,0.0004143000114709139
0.9,Weighted LP3 ($ 	heta $ Only),18,213,0.0010556367932840508,,12,5,0,5,9.261603874243841e-05,80.0,20.0,0.0011230000236537308,0.0029015000036451966,0.0001878999755717814,0.05417769998894073,0.12353710000752471,0.044888800010085106,0.009320999990450218,0.007560900005046278,0.011977499991189688,0.006485399993835017,0.00019210000755265355
0.9,Weighted LP3 ($ 	heta $ Only),19,232,0.0013213467405738361,,10,8,1,7,9.28060085003187e-05,70.0,30.0,0.0013510999851860106,0.005324199999449775,0.0004621999978553504,0.06902790002641268,0.09666270000161603,0.15936729998793453,0.028023399994708598,0.009516899997834116,0.012769599998136982,0.018184300017310306,0.00020030001178383827
0.9,Weighted LP3 ($ 	heta $ Only),20,252,0.0005456983137739498,,6,2,0,2,5.603640039390223e-05,30.0,70.0,0.0011189999931957573,0.0029195999959483743,0.0007619000098202378,0.061118299985537305,0.1165577000065241,0.0674081000033766,0.011030299996491522,0.00879769999301061,0.013226700015366077,0.00809699998353608,0.00021620001643896103
0.9,Weighted LP3 ($ 	heta $ Only),21,273,0.0010197725914948615,,6,7,0,7,0.00014229546458449375,90.0,10.0,0.004107400018256158,0.003059199982089922,0.00021090000518597662,0.0661293999874033,0.12552819997654296,0.06751220001024194,0.01914669998222962,0.012940599990542978,0.011548500013304874,0.007659199996851385,0.00022719998378306627
0.9,Weighted LP3 ($ 	heta $ Only),22,295,0.002064617660339411,,6,13,1,12,0.00017399246790360734,90.0,10.0,0.0015495999832637608,0.004700700024841353,0.000218700006371364,0.07661120002740063,0.1227632999944035,0.055772899999283254,0.011055000009946525,0.008662700012791902,0.010567799996351823,0.007386499986751005,0.0002232000115327537
0.9,Weighted LP3 ($ 	heta $ Only),23,318,0.0007991779314892489,,8,3,1,2,6.834367890997474e-05,60.0,40.0,0.0015438999980688095,0.004273400001693517,0.00020860001677647233,0.07477619999554008,0.1624516999872867,0.04591809998964891,0.013301300001330674,0.007243400003062561,0.012910099991131574,0.011667100014165044,0.0003802000137511641
0.9,Weighted LP3 ($ 	heta $ Only),24,342,0.0024392436244239776,,5,17,1,16,0.00021575510700408827,90.0,10.0,0.0016334000101778656,0.002393899980233982,0.00019230000907555223,0.07077510000090115,0.11835100001189858,0.03490930001134984,0.00834890000987798,0.010404400003608316,0.011276300007011741,0.00782740002614446,0.0002219999732915312
0.9,Weighted LP3 ($ 	heta $ Only),25,367,0.0002393000244697226,,3,1,0,1,3.121304666996389e-05,10.0,90.0,0.0043855000112671405,0.0034690999891608953,0.00022300001000985503,0.06555689999368042,0.13547749997815117,0.061706400010734797,0.010939600004348904,0.013677199982339516,0.008662700012791902,0.013394699984928593,0.00042699999175965786
0.9,Weighted LP3 ($ 	heta $ Only),26,393,0.0022746028482722304,,2,13,4,9,0.00022577953427096014,90.0,10.0,0.0015758000081405044,0.005709299992304295,0.00036819998058490455,0.07033849999425001,0.19687440001871437,0.057128599990392104,0.008733499998925254,0.02057230001082644,0.008566100004827604,0.014564699988113716,0.0002373000024817884
0.9,Weighted LP3 ($ 	heta $ Only),27,420,0.0013371487782149539,,1,8,0,8,0.000149575091791483,80.0,20.0,0.0012947999930474907,0.002591800002846867,0.0003234999894630164,0.08989570001722313,0.12807030000840314,0.04577840000274591,0.01126759999897331,0.011594400013564155,0.008640999993076548,0.013413200009381399,0.00023889998556114733
0.9,Weighted LP3 ($ 	heta $ Only),28,448,0.0022772001743537724,,0,11,2,9,0.00020478595198774707,90.0,10.0,0.0013353000103961676,0.0033768999855965376,0.00019039999460801482,0.07117910002125427,0.18477360001998022,0.07601340001565404,0.011490000004414469,0.013376999995671213,0.01165430000401102,0.01461300000664778,0.0005484999855980277
0.9,Weighted LP3 ($ 	heta $ Only),29,477,0.0014969639856223145,,11,10,2,8,0.00011411812294684996,90.0,10.0,0.0011254999844823033,0.0025794999965000898,0.0001967000134754926,0.05883049999829382,0.0964527000032831,0.04297249999945052,0.006901799992192537,0.0065787000057753175,0.008064099994953722,0.006558900000527501,0.00019580000662244856
0.9,Weighted LP3 ($ 	heta $ Only),30,507,0.0005090792904919746,,2,2,0,2,7.379155440466543e-05,60.0,40.0,0.0012434999807737768,0.003236999997170642,0.00031129998387768865,0.08764179999707267,0.12314149999292567,0.04564349999418482,0.009247500012861565,0.011738899978809059,0.009989299986045808,0.010345599992433563,0.00023169998894445598
0.9,Weighted LP3 ($ 	heta $ Only),31,538,0.0009372218802269788,,6,5,0,5,0.00011391632660164667,70.0,30.0,0.001125699986005202,0.00304169999435544,0.00021769999875687063,0.07727670000167564,0.101800699980231,0.042910899996059015,0.011268200003542006,0.009037899988470599,0.011039999983040616,0.014389799995115027,0.0002179000002797693
0.9,Weighted LP3 ($ 	heta $ Only),32,570,0.0014974780893489714,,2,8,2,6,0.00014049187778867803,90.0,10.0,0.0013247999886516482,0.002633700001752004,0.0002179000002797693,0.07775389999733306,0.16739100002450868,0.06517800001893193,0.011971800005994737,0.008735199982766062,0.01115960002061911,0.011630399996647611,0.00043089999235235155
0.9,Weighted LP3 ($ 	heta $ Only),33,603,0.0009638679999548606,,2,3,0,3,9.245075185902332e-05,70.0,30.0,0.001131199998781085,0.002387800021097064,0.00020179999410174787,0.0833221000211779,0.15097589997458272,0.05863419998786412,0.0089014999975916,0.010851999977603555,0.013892099988879636,0.00881570001365617,0.00023949999012984335
0.9,Weighted LP3 ($ 	heta $ Only),34,637,0.0010836925327560878,,4,7,0,7,0.00014830809456811217,80.0,20.0,0.0036392999754752964,0.0033263999794144183,0.00030150002567097545,0.07806080000591464,0.12293839998892508,0.04087619998608716,0.00921260000905022,0.012763599981553853,0.007966100005432963,0.02171719999751076,0.0008613000100012869
0.9,Weighted LP3 ($ 	heta $ Only),35,672,0.0021231528923408823,,0,12,4,8,0.0001714153549815434,80.0,20.0,0.0023410000139847398,0.005643200012855232,0.00012569999671541154,0.19976290001068264,0.12370269998791628,0.04325740001513623,0.011265400011325255,0.011297599994577467,0.00909409997984767,0.011529300012625754,0.00045220000902190804
0.9,Weighted LP3 ($ 	heta $ Only),36,708,0.002602534896279141,,3,12,9,3,0.00017296863401549642,90.0,10.0,0.0011163000017404556,0.0029847999976482242,0.00021279999054968357,0.08713889998034574,0.1524251000082586,0.05245670001022518,0.013024600018979982,0.0099904999951832,0.012920499983010814,0.012292600004002452,0.00033489998895674944
0.9,Weighted LP3 ($ 	heta $ Only),37,745,0.0,,7,0,0,0,1.0658141036401503e-14,10.0,90.0,0.001207799999974668,0.002458699978888035,0.00019279998377896845,0.06788130002678372,0.20426619998761453,0.059951100003672764,0.011546399997314438,0.0073250999848823994,0.010260400013066828,0.009205399983329698,0.00024399999529123306
0.9,Weighted LP3 ($ 	heta $ Only),38,783,0.0013845055439868346,,1,8,0,8,0.00013944965338342252,70.0,30.0,0.0012023000163026154,0.0025759999989531934,0.00021129997912794352,0.06428609997965395,0.12709220001124777,0.043359800009056926,0.011229600000660866,0.011479700013296679,0.010193000023718923,0.011219100008020177,0.00044329999946057796
0.9,Weighted LP3 ($ 	heta $ Only),39,822,0.0012100659661806047,,7,7,1,6,0.000106249474145788,90.0,10.0,0.0011200999724678695,0.002921000006608665,0.00020260000019334257,0.0780992999789305,0.10667880001710728,0.04544099999475293,0.007328200008487329,0.008049800002481788,0.008505699981469661,0.008628100011264905,0.0002401999954599887
0.9,Weighted LP3 ($ 	heta $ Only),40,862,0.001208020297583786,,6,5,0,5,0.00014211576356286696,70.0,30.0,0.004862300003878772,0.004827400000067428,0.00036789997830055654,0.14318819998879917,0.1200847000000067,0.050004899996565655,0.011671599990222603,0.009057699993718415,0.010355900012655184,0.01319369999691844,0.00021719999494962394
0.9,Weighted LP3 ($ 	heta $ Only),41,903,0.0018426705560687824,,7,13,3,10,0.00018071313493206188,80.0,20.0,0.0012935999839100987,0.002601999993203208,0.0002023999986704439,0.0722546000033617,0.11759360000723973,0.06081800002721138,0.00743470000452362,0.010702100000344217,0.008432899980107322,0.015625300002284348,0.000758699985453859
0.9,Weighted LP3 ($ 	heta $ Only),42,945,0.0022206755677308724,,4,13,1,12,0.00016444503579076623,90.0,10.0,0.005279499979224056,0.0033127999922726303,0.00022299998090602458,0.09396619998733513,0.12563359999330714,0.05420129999401979,0.008458100026473403,0.009276500000851229,0.008317900006659329,0.011387699982151389,0.0002308000111952424
0.9,Weighted LP3 ($ 	heta $ Only),43,988,0.0013110572785898925,,6,7,1,6,0.00011174695528369138,70.0,30.0,0.0013353000103961676,0.002702300000237301,0.0002750999992713332,0.0643119000014849,0.16765969997504726,0.08929589999024756,0.012909400014905259,0.012175400013802573,0.009453500009840354,0.012187500018626451,0.00040160000207833946
0.9,Weighted LP3 ($ 	heta $ Only),44,1032,0.0016694486590228233,,0,7,2,5,0.00016677845274330232,90.0,10.0,0.0011394000030122697,0.0023102000122889876,7.20999960321933e-05,0.08038749999832362,0.19268790000933222,0.06336499997996725,0.013851899973815307,0.009605500003090128,0.017836399987572804,0.012088799994671717,0.00024500000290572643
0.9,Weighted LP3 ($ 	heta $ Only),45,1077,0.0015394719502496812,,0,7,0,7,0.00012561872813621815,50.0,50.0,0.001131199998781085,0.0023298000160139054,5.649999366141856e-05,0.10681890000705607,0.1326882999856025,0.04725239999243058,0.011816500016720966,0.00870449998183176,0.010662099986802787,0.013461599999573082,0.00024709998979233205
0.9,Weighted LP3 ($ 	heta $ Only),46,1123,0.002066657605399534,,4,10,2,8,0.00020801641511513275,90.0,10.0,0.0013272999785840511,0.002713099995162338,0.00021470000501722097,0.07949090001056902,0.11867440000060014,0.05510339999455027,0.019093800015980378,0.009610000008251518,0.011672199994791299,0.007936599984532222,0.00022760001593269408
0.9,Weighted LP3 ($ 	heta $ Only),47,1170,0.001680480594282378,,6,9,1,8,0.00013631980013623652,90.0,10.0,0.006401600025128573,0.002732799999648705,0.00020899999071843922,0.0774962000141386,0.12297349999425933,0.05626110002049245,0.008701800019480288,0.01170899998396635,0.01119489999837242,0.008121499995468184,0.0002209000231232494
0.9,Weighted LP3 ($ 	heta $ Only),48,1218,0.0018824943875446433,,2,6,2,4,0.00019958498673176107,90.0,10.0,0.0022831000096630305,0.0035871000145561993,0.0002103000006172806,0.06126240000594407,0.1406454000098165,0.06957960000727326,0.013230600015958771,0.012100100022507831,0.010024800023529679,0.01191520001157187,0.0003213999734725803
0.9,Weighted LP3 ($ 	heta $ Only),49,1267,0.0022829286769568747,,2,11,2,9,0.00018534753810415996,90.0,10.0,0.0011373000161256641,0.003272000001743436,0.00042799999937415123,0.08153660001698881,0.11039079999318346,0.039878100011264905,0.009584199986420572,0.009135200001765043,0.008083799999440089,0.010387400019681081,0.00043360001291148365
0.9,Borda LP3 ($ 	heta $ Only),0,42,0.003793632387229323,,1,18,4,14,0.00021621252528521945,80.0,20.0,0.002298600011272356,0.006757499999366701,0.0003696999920066446,0.0844263999897521,0.1336412999953609,0.0364811000181362,0.013814800011459738,0.00916830002097413,0.013539499981561676,0.013309100002516061,0.0004445999802555889
0.9,Borda LP3 ($ 	heta $ Only),1,43,0.0004631704571357323,,8,1,0,1,4.210640519415749e-05,30.0,70.0,0.0011271000257693231,0.002289500000188127,0.00019359998987056315,0.06125659999088384,0.10658849999890663,0.05775489998632111,0.007213600008981302,0.011953299981541932,0.009362000011606142,0.010314499988453463,0.00021479997667483985
0.9,Borda LP3 ($ 	heta $ Only),2,45,0.0003596008180239748,,0,2,0,2,2.1885753239236553e-05,10.0,90.0,0.0011427999997977167,0.0023153999936766922,5.679999594576657e-05,0.08248519999324344,0.13160510000307113,0.08800419999170117,0.023513499996624887,0.02200009999796748,0.0165184999932535,0.014811799977906048,0.0002474999928381294
0.9,Borda LP3 ($ 	heta $ Only),3,48,0.0013653007364934054,,2,5,1,4,0.00011777779294140903,80.0,20.0,0.0011346999963279814,0.0024658000038471073,0.00020479998784139752,0.08959179997327738,0.13068030000431463,0.055319400009466335,0.013534600002458319,0.012832700012950227,0.011828300019260496,0.011247099988395348,0.0002342000079806894
0.9,Borda LP3 ($ 	heta $ Only),4,52,0.0008381697011871222,,10,4,0,4,0.00012787181134171036,50.0,50.0,0.0011276000004727393,0.005565700004808605,0.00029409999842755497,0.05615540000144392,0.2068231999874115,0.12839649998932146,0.007826299988664687,0.009055100003024563,0.006594899983610958,0.0075320000178180635,0.00036180001916363835
0.9,Borda LP3 ($ 	heta $ Only),5,57,8.060870702640317e-05,,5,1,0,1,8.060870702640317e-05,30.0,70.0,0.0011829000141005963,0.002330099989194423,0.00020710000535473228,0.10755709998193197,0.11854840000160038,0.052750100003322586,0.011323000013362616,0.008825700002489612,0.010920100001385435,0.009504199988441542,0.0009089999948628247
0.9,Borda LP3 ($ 	heta $ Only),6,63,0.0004149007043945845,,9,2,0,2,5.5900064035871376e-05,30.0,70.0,0.002303099987329915,0.0024265999963972718,0.00020290000247769058,0.06928609998431057,0.11070969997672364,0.08034580000094138,0.009077599999727681,0.011166399985086173,0.0116779999807477,0.008960000006482005,0.00080750000779517
0.9,Borda LP3 ($ 	heta $ Only),7,70,0.0024034336770809,,7,10,0,10,0.0001457668727626079,80.0,20.0,0.00263279999489896,0.002511500002583489,0.0001975000195670873,0.06175870000151917,0.12307499998132698,0.06370500000775792,0.013632500020321459,0.007445700000971556,0.012960899999598041,0.007873099995777011,0.0026735000137705356
0.9,Borda LP3 ($ 	heta $ Only),8,78,0.0004760907450192017,,3,2,0,2,0.00010541345146877683,50.0,50.0,0.0013461000053212047,0.003785100008826703,0.0003087999939452857,0.06829100000322796,0.16770779999205843,0.050151599978562444,0.012453300005290657,0.014114100020378828,0.012775400013197213,0.009833600022830069,0.00042189998202957213
0.9,Borda LP3 ($ 	heta $ Only),9,87,0.000912216860181999,,2,5,0,5,8.054526528282344e-05,70.0,30.0,0.003862799989292398,0.0022669000027235597,0.00020750000840052962,0.08242039999458939,0.12504660000558943,0.0633652999822516,0.009617600007914007,0.009499699983280152,0.008254199987277389,0.015540100022917613,0.00037280001561157405
0.9,Borda LP3 ($ 	heta $ Only),10,97,0.0,,6,0,0,0,0.0,0.0,100.0,0.0025984999956563115,0.005753400007961318,0.0003795999800786376,0.1694742999970913,0.12343199999304488,0.057950599992182106,0.008013599988771603,0.008927100017899647,0.0077615000191144645,0.01183499998296611,0.00021940001170150936
0.9,Borda LP3 ($ 	heta $ Only),11,108,0.0011051641257514746,,4,5,0,5,8.12897461737811e-05,80.0,20.0,0.0013143999967724085,0.0028427999932318926,0.00019759999122470617,0.07576909998897463,0.12446609998005442,0.06571100000292063,0.031014100008178502,0.03970570000819862,0.025011399993672967,0.025666300003649667,0.0022739999985788018
0.9,Borda LP3 ($ 	heta $ Only),12,120,0.002264880957204918,,2,11,5,6,0.0001896527165005506,90.0,10.0,0.0024218999897129834,0.0052789000037591904,0.00046740000834688544,0.16110340002342127,0.1191990000079386,0.04343059999519028,0.009484099980909377,0.012640700006159022,0.009945300000254065,0.008282700000563636,0.00023479998344555497
0.9,Borda LP3 ($ 	heta $ Only),13,133,0.0017962021132532197,,7,8,1,7,0.00014626639167170867,90.0,10.0,0.0041809999966062605,0.0024110999947879463,0.0001984999980777502,0.05987719999393448,0.15593629999784753,0.06838470001821406,0.008740899997064844,0.010109700000612065,0.013090199994621798,0.007393099978799,0.00025740001001395285
0.9,Borda LP3 ($ 	heta $ Only),14,147,0.002604626037566741,,3,16,2,14,0.0001704482631589015,90.0,10.0,0.0016912000137381256,0.004455999995116144,0.00020979999681003392,0.07282750000013039,0.11535449998336844,0.06188959997962229,0.016502599988598377,0.013202900008764118,0.02008019998902455,0.023077799996826798,0.0006646999972872436
0.9,Borda LP3 ($ 	heta $ Only),15,162,0.0023105261379152654,,3,10,0,10,0.00017005249776738457,70.0,30.0,0.002555599989136681,0.007726200012257323,0.0005086000019218773,0.0869896000076551,0.12499729997944087,0.04394989999127574,0.01071929998579435,0.011296899989247322,0.009312100009992719,0.013323599996510893,0.000232299993513152
0.9,Borda LP3 ($ 	heta $ Only),16,178,0.0038415076318681837,,1,17,6,11,0.0002371465206509059,90.0,10.0,0.0013220999971963465,0.0029473000031430274,0.00021399999968707561,0.0774088999896776,0.13915969998924993,0.037209700007224455,0.013270600000396371,0.010238999995635822,0.010368899995228276,0.01379070000257343,0.00024780002422630787
0.9,Borda LP3 ($ 	heta $ Only),17,195,0.0017607173399437875,,5,13,1,12,0.0001542102206586495,90.0,10.0,0.0013407999940682203,0.0027623999922070652,0.00019690001499839127,0.07904309997684322,0.14756409998517483,0.047213299985742196,0.010493200010387227,0.010953799996059388,0.013455399981467053,0.012243600009242073,0.0004143000114709139
0.9,Borda LP3 ($ 	heta $ Only),18,213,0.0015371471705548571,,12,5,0,5,9.261603874243841e-05,80.0,20.0,0.0011230000236537308,0.0029015000036451966,0.0001878999755717814,0.05417769998894073,0.12353710000752471,0.044888800010085106,0.009320999990450218,0.007560900005046278,0.011977499991189688,0.006485399993835017,0.00019210000755265355
0.9,Borda LP3 ($ 	heta $ Only),19,232,0.0018609387209346684,,10,8,1,7,8.938093006146815e-05,70.0,30.0,0.0013510999851860106,0.005324199999449775,0.0004621999978553504,0.06902790002641268,0.09666270000161603,0.15936729998793453,0.028023399994708598,0.009516899997834116,0.012769599998136982,0.018184300017310306,0.00020030001178383827
0.9,Borda LP3 ($ 	heta $ Only),20,252,0.0006810696269743083,,6,4,0,4,5.412260435711907e-05,50.0,50.0,0.0011189999931957573,0.0029195999959483743,0.0007619000098202378,0.061118299985537305,0.1165577000065241,0.0674081000033766,0.011030299996491522,0.00879769999301061,0.013226700015366077,0.00809699998353608,0.00021620001643896103
0.9,Borda LP3 ($ 	heta $ Only),21,273,0.0014580211537619874,,6,6,0,6,0.00014498892656219798,90.0,10.0,0.004107400018256158,0.003059199982089922,0.00021090000518597662,0.0661293999874033,0.12552819997654296,0.06751220001024194,0.01914669998222962,0.012940599990542978,0.011548500013304874,0.007659199996851385,0.00022719998378306627
0.9,Borda LP3 ($ 	heta $ Only),22,295,0.002677704629411642,,6,16,1,15,0.00017381588122785858,90.0,10.0,0.0015495999832637608,0.004700700024841353,0.000218700006371364,0.07661120002740063,0.1227632999944035,0.055772899999283254,0.011055000009946525,0.008662700012791902,0.010567799996351823,0.007386499986751005,0.0002232000115327537
0.9,Borda LP3 ($ 	heta $ Only),23,318,0.0010297368876219309,,8,3,1,2,6.856400538602624e-05,50.0,50.0,0.0015438999980688095,0.004273400001693517,0.00020860001677647233,0.07477619999554008,0.1624516999872867,0.04591809998964891,0.013301300001330674,0.007243400003062561,0.012910099991131574,0.011667100014165044,0.0003802000137511641
0.9,Borda LP3 ($ 	heta $ Only),24,342,0.0034046119381881826,,5,19,2,17,0.00021497151727303338,80.0,20.0,0.0016334000101778656,0.002393899980233982,0.00019230000907555223,0.07077510000090115,0.11835100001189858,0.03490930001134984,0.00834890000987798,0.010404400003608316,0.011276300007011741,0.00782740002614446,0.0002219999732915312
0.9,Borda LP3 ($ 	heta $ Only),25,367,6.472451539079509e-05,,3,1,0,1,6.472451539079509e-05,20.0,80.0,0.0043855000112671405,0.0034690999891608953,0.00022300001000985503,0.06555689999368042,0.13547749997815117,0.061706400010734797,0.010939600004348904,0.013677199982339516,0.008662700012791902,0.013394699984928593,0.00042699999175965786
0.9,Borda LP3 ($ 	heta $ Only),26,393,0.0027658989740895904,,2,13,3,10,0.00022641751017558691,90.0,10.0,0.0015758000081405044,0.005709299992304295,0.00036819998058490455,0.07033849999425001,0.19687440001871437,0.057128599990392104,0.008733499998925254,0.02057230001082644,0.008566100004827604,0.014564699988113716,0.0002373000024817884
0.9,Borda LP3 ($ 	heta $ Only),27,420,0.0017071988352053333,,1,9,0,9,0.00016380683204220581,90.0,10.0,0.0012947999930474907,0.002591800002846867,0.0003234999894630164,0.08989570001722313,0.12807030000840314,0.04577840000274591,0.01126759999897331,0.011594400013564155,0.008640999993076548,0.013413200009381399,0.00023889998556114733
0.9,Borda LP3 ($ 	heta $ Only),28,448,0.0030375514543123116,,0,14,3,11,0.00021757320312014287,90.0,10.0,0.0013353000103961676,0.0033768999855965376,0.00019039999460801482,0.07117910002125427,0.18477360001998022,0.07601340001565404,0.011490000004414469,0.013376999995671213,0.01165430000401102,0.01461300000664778,0.0005484999855980277
0.9,Borda LP3 ($ 	heta $ Only),29,477,0.002038915425155674,,11,8,1,7,0.00011367826000962137,90.0,10.0,0.0011254999844823033,0.0025794999965000898,0.0001967000134754926,0.05883049999829382,0.0964527000032831,0.04297249999945052,0.006901799992192537,0.0065787000057753175,0.008064099994953722,0.006558900000527501,0.00019580000662244856
0.9,Borda LP3 ($ 	heta $ Only),30,507,0.0006886157505951113,,2,1,0,1,8.691872152881182e-05,90.0,10.0,0.0012434999807737768,0.003236999997170642,0.00031129998387768865,0.08764179999707267,0.12314149999292567,0.04564349999418482,0.009247500012861565,0.011738899978809059,0.009989299986045808,0.010345599992433563,0.00023169998894445598
0.9,Borda LP3 ($ 	heta $ Only),31,538,0.0013255247904879074,,6,7,0,7,0.00011880214379702806,90.0,10.0,0.001125699986005202,0.00304169999435544,0.00021769999875687063,0.07727670000167564,0.101800699980231,0.042910899996059015,0.011268200003542006,0.009037899988470599,0.011039999983040616,0.014389799995115027,0.0002179000002797693
0.9,Borda LP3 ($ 	heta $ Only),32,570,0.0018506851392918497,,2,10,3,7,0.0001396110094071587,80.0,20.0,0.0013247999886516482,0.002633700001752004,0.0002179000002797693,0.07775389999733306,0.16739100002450868,0.06517800001893193,0.011971800005994737,0.008735199982766062,0.01115960002061911,0.011630399996647611,0.00043089999235235155
0.9,Borda LP3 ($ 	heta $ Only),33,603,0.0008914869836006004,,2,3,0,3,9.013518032732735e-05,40.0,60.0,0.001131199998781085,0.002387800021097064,0.00020179999410174787,0.0833221000211779,0.15097589997458272,0.05863419998786412,0.0089014999975916,0.010851999977603555,0.013892099988879636,0.00881570001365617,0.00023949999012984335
0.9,Borda LP3 ($ 	heta $ Only),34,637,0.001551384751850076,,4,7,0,7,0.00014830809456811217,80.0,20.0,0.0036392999754752964,0.0033263999794144183,0.00030150002567097545,0.07806080000591464,0.12293839998892508,0.04087619998608716,0.00921260000905022,0.012763599981553853,0.007966100005432963,0.02171719999751076,0.0008613000100012869
0.9,Borda LP3 ($ 	heta $ Only),35,672,0.0025497100643797187,,0,13,5,8,0.00016725615020971344,90.0,10.0,0.0023410000139847398,0.005643200012855232,0.00012569999671541154,0.19976290001068264,0.12370269998791628,0.04325740001513623,0.011265400011325255,0.011297599994577467,0.00909409997984767,0.011529300012625754,0.00045220000902190804
0.9,Borda LP3 ($ 	heta $ Only),36,708,0.002858422504073976,,3,15,12,3,0.00016364843358644863,70.0,30.0,0.0011163000017404556,0.0029847999976482242,0.00021279999054968357,0.08713889998034574,0.1524251000082586,0.05245670001022518,0.013024600018979982,0.0099904999951832,0.012920499983010814,0.012292600004002452,0.00033489998895674944
0.9,Borda LP3 ($ 	heta $ Only),37,745,0.0,,7,0,0,0,1.0658141036401503e-14,10.0,90.0,0.001207799999974668,0.002458699978888035,0.00019279998377896845,0.06788130002678372,0.20426619998761453,0.059951100003672764,0.011546399997314438,0.0073250999848823994,0.010260400013066828,0.009205399983329698,0.00024399999529123306
0.9,Borda LP3 ($ 	heta $ Only),38,783,0.001828579110793521,,1,9,0,9,0.00013681357134911736,80.0,20.0,0.0012023000163026154,0.0025759999989531934,0.00021129997912794352,0.06428609997965395,0.12709220001124777,0.043359800009056926,0.011229600000660866,0.011479700013296679,0.010193000023718923,0.011219100008020177,0.00044329999946057796
0.9,Borda LP3 ($ 	heta $ Only),39,822,0.0014329100194296937,,7,10,1,9,0.00012435157986851004,90.0,10.0,0.0011200999724678695,0.002921000006608665,0.00020260000019334257,0.0780992999789305,0.10667880001710728,0.04544099999475293,0.007328200008487329,0.008049800002481788,0.008505699981469661,0.008628100011264905,0.0002401999954599887
0.9,Borda LP3 ($ 	heta $ Only),40,862,0.0017382536302522756,,6,3,0,3,0.00014414590602085376,70.0,30.0,0.004862300003878772,0.004827400000067428,0.00036789997830055654,0.14318819998879917,0.1200847000000067,0.050004899996565655,0.011671599990222603,0.009057699993718415,0.010355900012655184,0.01319369999691844,0.00021719999494962394
0.9,Borda LP3 ($ 	heta $ Only),41,903,0.001992799821792969,,7,12,2,10,0.00018452118754772859,90.0,10.0,0.0012935999839100987,0.002601999993203208,0.0002023999986704439,0.0722546000033617,0.11759360000723973,0.06081800002721138,0.00743470000452362,0.010702100000344217,0.008432899980107322,0.015625300002284348,0.000758699985453859
0.9,Borda LP3 ($ 	heta $ Only),42,945,0.0029771001577989626,,4,14,4,10,0.0001611371881706324,90.0,10.0,0.005279499979224056,0.0033127999922726303,0.00022299998090602458,0.09396619998733513,0.12563359999330714,0.05420129999401979,0.008458100026473403,0.009276500000851229,0.008317900006659329,0.011387699982151389,0.0002308000111952424
0.9,Borda LP3 ($ 	heta $ Only),43,988,0.001608169594117891,,6,7,3,4,9.835402987866532e-05,70.0,30.0,0.0013353000103961676,0.002702300000237301,0.0002750999992713332,0.0643119000014849,0.16765969997504726,0.08929589999024756,0.012909400014905259,0.012175400013802573,0.009453500009840354,0.012187500018626451,0.00040160000207833946
0.9,Borda LP3 ($ 	heta $ Only),44,1032,0.0017166078018302545,,0,7,2,5,0.00016685334092643385,90.0,10.0,0.0011394000030122697,0.0023102000122889876,7.20999960321933e-05,0.08038749999832362,0.19268790000933222,0.06336499997996725,0.013851899973815307,0.009605500003090128,0.017836399987572804,0.012088799994671717,0.00024500000290572643
0.9,Borda LP3 ($ 	heta $ Only),45,1077,0.002100783120180621,,0,8,1,7,0.00012725188541126047,60.0,40.0,0.001131199998781085,0.0023298000160139054,5.649999366141856e-05,0.10681890000705607,0.1326882999856025,0.04725239999243058,0.011816500016720966,0.00870449998183176,0.010662099986802787,0.013461599999573082,0.00024709998979233205
0.9,Borda LP3 ($ 	heta $ Only),46,1123,0.002423636509071794,,4,13,4,9,0.000199136234783043,90.0,10.0,0.0013272999785840511,0.002713099995162338,0.00021470000501722097,0.07949090001056902,0.11867440000060014,0.05510339999455027,0.019093800015980378,0.009610000008251518,0.011672199994791299,0.007936599984532222,0.00022760001593269408
0.9,Borda LP3 ($ 	heta $ Only),47,1170,0.002163917879002025,,6,8,1,7,0.00015350382814206646,80.0,20.0,0.006401600025128573,0.002732799999648705,0.00020899999071843922,0.0774962000141386,0.12297349999425933,0.05626110002049245,0.008701800019480288,0.01170899998396635,0.01119489999837242,0.008121499995468184,0.0002209000231232494
0.9,Borda LP3 ($ 	heta $ Only),48,1218,0.0022005580131958346,,2,8,2,6,0.00020311681133342285,90.0,10.0,0.0022831000096630305,0.0035871000145561993,0.0002103000006172806,0.06126240000594407,0.1406454000098165,0.06957960000727326,0.013230600015958771,0.012100100022507831,0.010024800023529679,0.01191520001157187,0.0003213999734725803
0.9,Borda LP3 ($ 	heta $ Only),49,1267,0.002917295161668621,,2,14,4,10,0.00018646151381981782,90.0,10.0,0.0011373000161256641,0.003272000001743436,0.00042799999937415123,0.08153660001698881,0.11039079999318346,0.039878100011264905,0.009584199986420572,0.009135200001765043,0.008083799999440089,0.010387400019681081,0.00043360001291148365
0.9,Linear BTL,0,42,,-90.79185170140475,1,16,3,13,,,,0.002298600011272356,0.006757499999366701,0.0003696999920066446,0.0844263999897521,0.1336412999953609,0.0364811000181362,0.013814800011459738,0.00916830002097413,0.013539499981561676,0.013309100002516061,0.0004445999802555889
0.9,Linear BTL,1,43,,-85.91024496087421,8,4,0,4,,,,0.0011271000257693231,0.002289500000188127,0.00019359998987056315,0.06125659999088384,0.10658849999890663,0.05775489998632111,0.007213600008981302,0.011953299981541932,0.009362000011606142,0.010314499988453463,0.00021479997667483985
0.9,Linear BTL,2,45,,-71.43794457638266,0,2,0,2,,,,0.0011427999997977167,0.0023153999936766922,5.679999594576657e-05,0.08248519999324344,0.13160510000307113,0.08800419999170117,0.023513499996624887,0.02200009999796748,0.0165184999932535,0.014811799977906048,0.0002474999928381294
0.9,Linear BTL,3,48,,-74.71341433904671,2,7,1,6,,,,0.0011346999963279814,0.0024658000038471073,0.00020479998784139752,0.08959179997327738,0.13068030000431463,0.055319400009466335,0.013534600002458319,0.012832700012950227,0.011828300019260496,0.011247099988395348,0.0002342000079806894
0.9,Linear BTL,4,52,,-87.14618477959057,10,4,0,4,,,,0.0011276000004727393,0.005565700004808605,0.00029409999842755497,0.05615540000144392,0.2068231999874115,0.12839649998932146,0.007826299988664687,0.009055100003024563,0.006594899983610958,0.0075320000178180635,0.00036180001916363835
0.9,Linear BTL,5,57,,-85.84244342391445,5,4,0,4,,,,0.0011829000141005963,0.002330099989194423,0.00020710000535473228,0.10755709998193197,0.11854840000160038,0.052750100003322586,0.011323000013362616,0.008825700002489612,0.010920100001385435,0.009504199988441542,0.0009089999948628247
0.9,Linear BTL,6,63,,-85.14810472536224,9,4,0,4,,,,0.002303099987329915,0.0024265999963972718,0.00020290000247769058,0.06928609998431057,0.11070969997672364,0.08034580000094138,0.009077599999727681,0.011166399985086173,0.0116779999807477,0.008960000006482005,0.00080750000779517
0.9,Linear BTL,7,70,,-89.85683452779628,7,11,0,11,,,,0.00263279999489896,0.002511500002583489,0.0001975000195670873,0.06175870000151917,0.12307499998132698,0.06370500000775792,0.013632500020321459,0.007445700000971556,0.012960899999598041,0.007873099995777011,0.0026735000137705356
0.9,Linear BTL,8,78,,-61.23571370988302,3,5,0,5,,,,0.0013461000053212047,0.003785100008826703,0.0003087999939452857,0.06829100000322796,0.16770779999205843,0.050151599978562444,0.012453300005290657,0.014114100020378828,0.012775400013197213,0.009833600022830069,0.00042189998202957213
0.9,Linear BTL,9,87,,-74.12591449166574,2,6,0,6,,,,0.003862799989292398,0.0022669000027235597,0.00020750000840052962,0.08242039999458939,0.12504660000558943,0.0633652999822516,0.009617600007914007,0.009499699983280152,0.008254199987277389,0.015540100022917613,0.00037280001561157405
0.9,Linear BTL,10,97,,-78.58550646982144,6,5,0,5,,,,0.0025984999956563115,0.005753400007961318,0.0003795999800786376,0.1694742999970913,0.12343199999304488,0.057950599992182106,0.008013599988771603,0.008927100017899647,0.0077615000191144645,0.01183499998296611,0.00021940001170150936
0.9,Linear BTL,11,108,,-84.20636017090364,4,5,0,5,,,,0.0013143999967724085,0.0028427999932318926,0.00019759999122470617,0.07576909998897463,0.12446609998005442,0.06571100000292063,0.031014100008178502,0.03970570000819862,0.025011399993672967,0.025666300003649667,0.0022739999985788018
0.9,Linear BTL,12,120,,-74.45436541803232,2,9,2,7,,,,0.0024218999897129834,0.0052789000037591904,0.00046740000834688544,0.16110340002342127,0.1191990000079386,0.04343059999519028,0.009484099980909377,0.012640700006159022,0.009945300000254065,0.008282700000563636,0.00023479998344555497
0.9,Linear BTL,13,133,,-86.76033347568547,7,7,1,6,,,,0.0041809999966062605,0.0024110999947879463,0.0001984999980777502,0.05987719999393448,0.15593629999784753,0.06838470001821406,0.008740899997064844,0.010109700000612065,0.013090199994621798,0.007393099978799,0.00025740001001395285
0.9,Linear BTL,14,147,,-90.57019445271035,3,9,0,9,,,,0.0016912000137381256,0.004455999995116144,0.00020979999681003392,0.07282750000013039,0.11535449998336844,0.06188959997962229,0.016502599988598377,0.013202900008764118,0.02008019998902455,0.023077799996826798,0.0006646999972872436
0.9,Linear BTL,15,162,,-89.88747706934552,3,13,0,13,,,,0.002555599989136681,0.007726200012257323,0.0005086000019218773,0.0869896000076551,0.12499729997944087,0.04394989999127574,0.01071929998579435,0.011296899989247322,0.009312100009992719,0.013323599996510893,0.000232299993513152
0.9,Linear BTL,16,178,,-88.96794166167447,1,20,7,13,,,,0.0013220999971963465,0.0029473000031430274,0.00021399999968707561,0.0774088999896776,0.13915969998924993,0.037209700007224455,0.013270600000396371,0.010238999995635822,0.010368899995228276,0.01379070000257343,0.00024780002422630787
0.9,Linear BTL,17,195,,-83.33309739065693,5,11,0,11,,,,0.0013407999940682203,0.0027623999922070652,0.00019690001499839127,0.07904309997684322,0.14756409998517483,0.047213299985742196,0.010493200010387227,0.010953799996059388,0.013455399981467053,0.012243600009242073,0.0004143000114709139
0.9,Linear BTL,18,213,,-89.89279058201669,12,8,0,8,,,,0.0011230000236537308,0.0029015000036451966,0.0001878999755717814,0.05417769998894073,0.12353710000752471,0.044888800010085106,0.009320999990450218,0.007560900005046278,0.011977499991189688,0.006485399993835017,0.00019210000755265355
0.9,Linear BTL,19,232,,-89.37417897977376,10,7,0,7,,,,0.0013510999851860106,0.005324199999449775,0.0004621999978553504,0.06902790002641268,0.09666270000161603,0.15936729998793453,0.028023399994708598,0.009516899997834116,0.012769599998136982,0.018184300017310306,0.00020030001178383827
0.9,Linear BTL,20,252,,-81.72841280420467,6,5,0,5,,,,0.0011189999931957573,0.0029195999959483743,0.0007619000098202378,0.061118299985537305,0.1165577000065241,0.0674081000033766,0.011030299996491522,0.00879769999301061,0.013226700015366077,0.00809699998353608,0.00021620001643896103
0.9,Linear BTL,21,273,,-85.12037523999714,6,6,0,6,,,,0.004107400018256158,0.003059199982089922,0.00021090000518597662,0.0661293999874033,0.12552819997654296,0.06751220001024194,0.01914669998222962,0.012940599990542978,0.011548500013304874,0.007659199996851385,0.00022719998378306627
0.9,Linear BTL,22,295,,-90.44886893247765,6,14,1,13,,,,0.0015495999832637608,0.004700700024841353,0.000218700006371364,0.07661120002740063,0.1227632999944035,0.055772899999283254,0.011055000009946525,0.008662700012791902,0.010567799996351823,0.007386499986751005,0.0002232000115327537
0.9,Linear BTL,23,318,,-84.77766775987186,8,6,0,6,,,,0.0015438999980688095,0.004273400001693517,0.00020860001677647233,0.07477619999554008,0.1624516999872867,0.04591809998964891,0.013301300001330674,0.007243400003062561,0.012910099991131574,0.011667100014165044,0.0003802000137511641
0.9,Linear BTL,24,342,,-93.22078695475739,5,18,1,17,,,,0.0016334000101778656,0.002393899980233982,0.00019230000907555223,0.07077510000090115,0.11835100001189858,0.03490930001134984,0.00834890000987798,0.010404400003608316,0.011276300007011741,0.00782740002614446,0.0002219999732915312
0.9,Linear BTL,25,367,,-78.12836069176372,3,7,0,7,,,,0.0043855000112671405,0.0034690999891608953,0.00022300001000985503,0.06555689999368042,0.13547749997815117,0.061706400010734797,0.010939600004348904,0.013677199982339516,0.008662700012791902,0.013394699984928593,0.00042699999175965786
0.9,Linear BTL,26,393,,-86.35283147070676,2,17,3,14,,,,0.0015758000081405044,0.005709299992304295,0.00036819998058490455,0.07033849999425001,0.19687440001871437,0.057128599990392104,0.008733499998925254,0.02057230001082644,0.008566100004827604,0.014564699988113716,0.0002373000024817884
0.9,Linear BTL,27,420,,-67.29947995548731,1,7,0,7,,,,0.0012947999930474907,0.002591800002846867,0.0003234999894630164,0.08989570001722313,0.12807030000840314,0.04577840000274591,0.01126759999897331,0.011594400013564155,0.008640999993076548,0.013413200009381399,0.00023889998556114733
0.9,Linear BTL,28,448,,-87.28496606527165,0,14,3,11,,,,0.0013353000103961676,0.0033768999855965376,0.00019039999460801482,0.07117910002125427,0.18477360001998022,0.07601340001565404,0.011490000004414469,0.013376999995671213,0.01165430000401102,0.01461300000664778,0.0005484999855980277
0.9,Linear BTL,29,477,,-88.15059673283632,11,9,2,7,,,,0.0011254999844823033,0.0025794999965000898,0.0001967000134754926,0.05883049999829382,0.0964527000032831,0.04297249999945052,0.006901799992192537,0.0065787000057753175,0.008064099994953722,0.006558900000527501,0.00019580000662244856
0.9,Linear BTL,30,507,,-71.7650760743368,2,2,0,2,,,,0.0012434999807737768,0.003236999997170642,0.00031129998387768865,0.08764179999707267,0.12314149999292567,0.04564349999418482,0.009247500012861565,0.011738899978809059,0.009989299986045808,0.010345599992433563,0.00023169998894445598
0.9,Linear BTL,31,538,,-90.14442725720939,6,7,0,7,,,,0.001125699986005202,0.00304169999435544,0.00021769999875687063,0.07727670000167564,0.101800699980231,0.042910899996059015,0.011268200003542006,0.009037899988470599,0.011039999983040616,0.014389799995115027,0.0002179000002797693
0.9,Linear BTL,32,570,,-84.60839239885767,2,7,2,5,,,,0.0013247999886516482,0.002633700001752004,0.0002179000002797693,0.07775389999733306,0.16739100002450868,0.06517800001893193,0.011971800005994737,0.008735199982766062,0.01115960002061911,0.011630399996647611,0.00043089999235235155
0.9,Linear BTL,33,603,,-63.370463928700396,2,6,0,6,,,,0.001131199998781085,0.002387800021097064,0.00020179999410174787,0.0833221000211779,0.15097589997458272,0.05863419998786412,0.0089014999975916,0.010851999977603555,0.013892099988879636,0.00881570001365617,0.00023949999012984335
0.9,Linear BTL,34,637,,-84.8331676287892,4,6,0,6,,,,0.0036392999754752964,0.0033263999794144183,0.00030150002567097545,0.07806080000591464,0.12293839998892508,0.04087619998608716,0.00921260000905022,0.012763599981553853,0.007966100005432963,0.02171719999751076,0.0008613000100012869
0.9,Linear BTL,35,672,,-67.1577309108069,0,12,3,9,,,,0.0023410000139847398,0.005643200012855232,0.00012569999671541154,0.19976290001068264,0.12370269998791628,0.04325740001513623,0.011265400011325255,0.011297599994577467,0.00909409997984767,0.011529300012625754,0.00045220000902190804
0.9,Linear BTL,36,708,,-89.97911140789023,3,12,7,5,,,,0.0011163000017404556,0.0029847999976482242,0.00021279999054968357,0.08713889998034574,0.1524251000082586,0.05245670001022518,0.013024600018979982,0.0099904999951832,0.012920499983010814,0.012292600004002452,0.00033489998895674944
0.9,Linear BTL,37,745,,-78.0126075344008,7,1,0,1,,,,0.001207799999974668,0.002458699978888035,0.00019279998377896845,0.06788130002678372,0.20426619998761453,0.059951100003672764,0.011546399997314438,0.0073250999848823994,0.010260400013066828,0.009205399983329698,0.00024399999529123306
0.9,Linear BTL,38,783,,-87.05068321615478,1,12,1,11,,,,0.0012023000163026154,0.0025759999989531934,0.00021129997912794352,0.06428609997965395,0.12709220001124777,0.043359800009056926,0.011229600000660866,0.011479700013296679,0.010193000023718923,0.011219100008020177,0.00044329999946057796
0.9,Linear BTL,39,822,,-81.2275880654076,7,7,0,7,,,,0.0011200999724678695,0.002921000006608665,0.00020260000019334257,0.0780992999789305,0.10667880001710728,0.04544099999475293,0.007328200008487329,0.008049800002481788,0.008505699981469661,0.008628100011264905,0.0002401999954599887
0.9,Linear BTL,40,862,,-88.04173099935231,6,8,0,8,,,,0.004862300003878772,0.004827400000067428,0.00036789997830055654,0.14318819998879917,0.1200847000000067,0.050004899996565655,0.011671599990222603,0.009057699993718415,0.010355900012655184,0.01319369999691844,0.00021719999494962394
0.9,Linear BTL,41,903,,-89.35634103155144,7,13,2,11,,,,0.0012935999839100987,0.002601999993203208,0.0002023999986704439,0.0722546000033617,0.11759360000723973,0.06081800002721138,0.00743470000452362,0.010702100000344217,0.008432899980107322,0.015625300002284348,0.000758699985453859
0.9,Linear BTL,42,945,,-88.22599659143079,4,13,0,13,,,,0.005279499979224056,0.0033127999922726303,0.00022299998090602458,0.09396619998733513,0.12563359999330714,0.05420129999401979,0.008458100026473403,0.009276500000851229,0.008317900006659329,0.011387699982151389,0.0002308000111952424
0.9,Linear BTL,43,988,,-83.68158038330233,6,12,0,12,,,,0.0013353000103961676,0.002702300000237301,0.0002750999992713332,0.0643119000014849,0.16765969997504726,0.08929589999024756,0.012909400014905259,0.012175400013802573,0.009453500009840354,0.012187500018626451,0.00040160000207833946
0.9,Linear BTL,44,1032,,-72.02667016441127,0,11,2,9,,,,0.0011394000030122697,0.0023102000122889876,7.20999960321933e-05,0.08038749999832362,0.19268790000933222,0.06336499997996725,0.013851899973815307,0.009605500003090128,0.017836399987572804,0.012088799994671717,0.00024500000290572643
0.9,Linear BTL,45,1077,,-70.43128193034548,0,11,1,10,,,,0.001131199998781085,0.0023298000160139054,5.649999366141856e-05,0.10681890000705607,0.1326882999856025,0.04725239999243058,0.011816500016720966,0.00870449998183176,0.010662099986802787,0.013461599999573082,0.00024709998979233205
0.9,Linear BTL,46,1123,,-86.50430559142433,4,12,1,11,,,,0.0013272999785840511,0.002713099995162338,0.00021470000501722097,0.07949090001056902,0.11867440000060014,0.05510339999455027,0.019093800015980378,0.009610000008251518,0.011672199994791299,0.007936599984532222,0.00022760001593269408
0.9,Linear BTL,47,1170,,-88.76149375350118,6,13,1,12,,,,0.006401600025128573,0.002732799999648705,0.00020899999071843922,0.0774962000141386,0.12297349999425933,0.05626110002049245,0.008701800019480288,0.01170899998396635,0.01119489999837242,0.008121499995468184,0.0002209000231232494
0.9,Linear BTL,48,1218,,-83.70708721554064,2,8,1,7,,,,0.0022831000096630305,0.0035871000145561993,0.0002103000006172806,0.06126240000594407,0.1406454000098165,0.06957960000727326,0.013230600015958771,0.012100100022507831,0.010024800023529679,0.01191520001157187,0.0003213999734725803
0.9,Linear BTL,49,1267,,-85.03829590103209,2,12,3,9,,,,0.0011373000161256641,0.003272000001743436,0.00042799999937415123,0.08153660001698881,0.11039079999318346,0.039878100011264905,0.009584199986420572,0.009135200001765043,0.008083799999440089,0.010387400019681081,0.00043360001291148365
1.0,LP2 ($ 	heta $ Only),0,42,3.167574869598577e-05,,3,9,6,3,3.167574869598577e-05,10.0,90.0,0.002638000005390495,0.008681999985128641,0.0007765000045765191,0.1702608999912627,0.11679119998007081,0.03928569998242892,0.018901100003859028,0.012388400005875155,0.009327499981736764,0.013577799982158467,0.0004250000056345016
1.0,LP2 ($ 	heta $ Only),1,43,2.5891914313049852e-05,,7,10,2,8,2.5891914313049852e-05,30.0,70.0,0.0009563000057823956,0.005956699984380975,0.0003066000062972307,0.0858033999975305,0.11582340000313707,0.03873400000156835,0.011284400010481477,0.007566699991002679,0.009511200012639165,0.0077791000076103956,0.00021540001034736633
1.0,LP2 ($ 	heta $ Only),2,45,2.58316380788734e-05,,0,10,1,9,2.58316380788734e-05,40.0,60.0,0.0009592999995220453,0.003244200022891164,6.280001252889633e-05,0.0751831000088714,0.12907949998043478,0.036936999997124076,0.01276539999525994,0.012477100011892617,0.010173100017709658,0.010660300002200529,0.00024839999969117343
1.0,LP2 ($ 	heta $ Only),3,48,2.5268741169141613e-05,,2,4,2,2,2.5268741169141613e-05,20.0,80.0,0.004503400006797165,0.0032278000144287944,0.0003150000120513141,0.1016996999969706,0.12757489999057725,0.04837689999840222,0.01218479999806732,0.008815400011371821,0.013711599982343614,0.0132203999964986,0.00023449998116120696
1.0,LP2 ($ 	heta $ Only),4,52,9.189673715833444e-07,,11,7,0,7,9.189673715833445e-07,40.0,60.0,0.0011630000080913305,0.0032291999959852546,0.0002103000006172806,0.07379409999703057,0.1650962999847252,0.06809240000438876,0.015740000002551824,0.0067242000077385455,0.014160200022161007,0.011043400008929893,0.0003324999997857958
1.0,LP2 ($ 	heta $ Only),5,57,1.3116976858989294e-05,,6,6,1,5,1.3116976858989294e-05,30.0,70.0,0.0010160999954678118,0.0023330999829340726,0.00020559999393299222,0.06448640002054162,0.18652190000284463,0.06356199999572709,0.01419980000355281,0.008243400021456182,0.00872360001085326,0.007620300020789728,0.00021589998505078256
1.0,LP2 ($ 	heta $ Only),6,63,1.8046346817902078e-05,,6,6,0,6,1.8046346817902074e-05,30.0,70.0,0.0009616999886929989,0.00472490000538528,0.00030120002338662744,0.05964150000363588,0.1323870999913197,0.045299200020963326,0.009696399996755645,0.010364899993874133,0.008603900001617149,0.010831399995367974,0.00039739999920129776
1.0,LP2 ($ 	heta $ Only),7,70,2.9487226523771533e-05,,8,6,2,4,2.9487226523771536e-05,30.0,70.0,0.0009459000139031559,0.0023848999990150332,0.00018839997937902808,0.07078040001215413,0.0902314999839291,0.03228069999022409,0.011295000003883615,0.015620899997884408,0.014196100004483014,0.008066499984124675,0.00021430000197142363
1.0,LP2 ($ 	heta $ Only),8,78,3.565630428185907e-05,,4,8,5,3,3.565630428185907e-05,30.0,70.0,0.00095420001889579,0.003195099998265505,0.0005865999846719205,0.07775860000401735,0.12023820000467822,0.03775699998368509,0.011082599987275898,0.009388200007379055,0.010991299990564585,0.013361900026211515,0.0002274000144097954
1.0,LP2 ($ 	heta $ Only),9,87,2.144624388686868e-05,,2,4,0,4,2.144624388686868e-05,30.0,70.0,0.0011623000027611852,0.0028602000093087554,0.00021619998733513057,0.08277839998481795,0.1336328999896068,0.044146500003989786,0.015438600006746128,0.013720900024054572,0.016571300016948953,0.015172500017797574,0.0002373000024817884
1.0,LP2 ($ 	heta $ Only),10,97,8.302957191501604e-06,,5,6,0,6,8.302957191501604e-06,30.0,70.0,0.0017986000166274607,0.002335600001970306,0.0002060999977402389,0.06562969999504276,0.12082899999222718,0.05002909997710958,0.007871999987401068,0.012839400005759671,0.00838000001385808,0.01244979997863993,0.00022360001457855105
1.0,LP2 ($ 	heta $ Only),11,108,2.807816007281904e-05,,1,5,0,5,2.807816007281904e-05,30.0,70.0,0.000953600014327094,0.004876999999396503,0.0006426000036299229,0.0698870999913197,0.12063940000371076,0.07384019999881275,0.00922310000169091,0.012960699998075143,0.013448099984088913,0.013344999984838068,0.0003116000152658671
1.0,LP2 ($ 	heta $ Only),12,120,3.1970583367069096e-05,,2,8,3,5,3.19705833670691e-05,30.0,70.0,0.0012203000078443438,0.0024890000058803707,0.0001976999919861555,0.07906260000891052,0.10723819999839179,0.030911600013496354,0.009188600000925362,0.008341000007931143,0.012299599999096245,0.0107875999819953,0.0005906999867875129
1.0,LP2 ($ 	heta $ Only),13,133,2.899976835856714e-05,,5,9,0,9,2.899976835856714e-05,30.0,70.0,0.0010765000188257545,0.0030196000006981194,0.00020890001906082034,0.08846080000512302,0.11251300000003539,0.04333139999653213,0.011007799999788404,0.01107189999311231,0.00791019998723641,0.012879799993243068,0.00022170000011101365
1.0,LP2 ($ 	heta $ Only),14,147,8.827487671505563e-06,,0,7,0,7,8.827487671505563e-06,40.0,60.0,0.0011495000217109919,0.002636799996253103,6.319998647086322e-05,0.08009440000751056,0.11849549997714348,0.06768290000036359,0.013932700006989762,0.01106009999057278,0.013035299984039739,0.01455679998616688,0.0004522999806795269
1.0,LP2 ($ 	heta $ Only),15,162,3.0187468274678217e-05,,4,8,0,8,3.0187468274678217e-05,30.0,70.0,0.0009544999920763075,0.006162999983644113,0.00022050002007745206,0.06881319999229163,0.15249670000048354,0.06842940000933595,0.010881900001550093,0.010348699986934662,0.007993699982762337,0.011035999981686473,0.0002263000060338527
1.0,LP2 ($ 	heta $ Only),16,178,5.082792725354158e-05,,2,19,8,11,5.082792725354158e-05,40.0,60.0,0.0011103999859187752,0.0027860999980475754,0.0002243999915663153,0.0735852999787312,0.1447852999845054,0.04268330000923015,0.008442700025625527,0.01382039999589324,0.012841500021750107,0.010666499991202727,0.0018428000039421022
1.0,LP2 ($ 	heta $ Only),17,195,2.7381822249912717e-05,,6,5,3,2,2.7381822249912717e-05,20.0,80.0,0.0018808000022545457,0.00236309997853823,0.00019580000662244856,0.07069629998295568,0.12106059998041019,0.047733499988680705,0.007593099988298491,0.008607600000686944,0.007375199988018721,0.008135700016282499,0.0004054000019095838
1.0,LP2 ($ 	heta $ Only),18,213,0.0,,11,0,0,0,0.0,0.0,100.0,0.0009618999902158976,0.002399899996817112,0.00018540001474320889,0.07462259999010712,0.10858209998696111,0.10849489999236539,0.01072540000313893,0.009246199973858893,0.0088421999826096,0.010727199987741187,0.000354000017978251
1.0,LP2 ($ 	heta $ Only),19,232,2.62205252639808e-05,,8,7,0,7,2.62205252639808e-05,30.0,70.0,0.0014442999963648617,0.003456300008110702,0.0002770999853964895,0.06674690000363626,0.14886090002255514,0.06425019999733195,0.007938299997476861,0.010892899997998029,0.011406000005081296,0.007977699977345765,0.0002094999945256859
1.0,LP2 ($ 	heta $ Only),20,252,2.0515702550388287e-05,,9,10,0,10,2.0515702550388287e-05,40.0,60.0,0.0009649000130593777,0.009011400019517168,0.0004196000227238983,0.06976770001347177,0.10392010002397001,0.054334000014932826,0.00961999999708496,0.010536299989325926,0.008013299986487255,0.012339000008068979,0.00020479998784139752
1.0,LP2 ($ 	heta $ Only),21,273,2.824809169910655e-05,,6,15,4,11,2.8248091699106548e-05,40.0,60.0,0.0011947999882977456,0.002513600018573925,0.0001981999957934022,0.07953109999652952,0.12018209998495877,0.05604070000117645,0.008967800007667392,0.010588699980871752,0.010795899986987934,0.008721999998670071,0.000218700006371364
1.0,LP2 ($ 	heta $ Only),22,295,1.276811398533443e-05,,6,5,0,5,1.276811398533443e-05,20.0,80.0,0.004308800009312108,0.004259399982402101,0.0002108000044245273,0.08943560000625439,0.11585740000009537,0.06093740000505932,0.011086099984822795,0.007371599989710376,0.01087640001787804,0.014884400006849319,0.00047909998102113605
1.0,LP2 ($ 	heta $ Only),23,318,2.8171482141470725e-05,,9,8,1,7,2.8171482141470725e-05,30.0,70.0,0.004069499991601333,0.002623500011395663,0.00021800000104121864,0.1898075999924913,0.14137669999036007,0.06584530000691302,0.010328000003937632,0.008628099982161075,0.011605800013057888,0.011022899998351932,0.0005175999831408262
1.0,LP2 ($ 	heta $ Only),24,342,1.5569220026393836e-05,,3,10,0,10,1.5569220026393836e-05,30.0,70.0,0.0010041000205092132,0.0037757999962195754,0.0003161999920848757,0.07791289998567663,0.09926139999879524,0.05169500000192784,0.011184800008777529,0.013798600004520267,0.008574899984523654,0.013095300004351884,0.00023289999808184803
1.0,LP2 ($ 	heta $ Only),25,367,3.633370706869124e-06,,5,2,0,2,3.633370706869124e-06,10.0,90.0,0.0009561999759171158,0.003079100017203018,0.00020500001846812665,0.07313659999636002,0.12082410001312383,0.047532099997624755,0.008011800004169345,0.01032689999556169,0.010100500017870218,0.0092898000148125,0.00040610000723972917
1.0,LP2 ($ 	heta $ Only),26,393,2.84359120948767e-05,,5,14,4,10,2.84359120948767e-05,30.0,70.0,0.0009468000207562,0.0029645999893546104,0.00020219999714754522,0.07570630000554956,0.1244388000050094,0.045412100007524714,0.012183000013465062,0.007629700005054474,0.011293599993223324,0.012547199992695823,0.00022050002007745206
1.0,LP2 ($ 	heta $ Only),27,420,3.3915896484164155e-05,,1,13,6,7,3.3915896484164155e-05,30.0,70.0,0.001184699998702854,0.0027145000058226287,0.00021689999266527593,0.09855210001114756,0.12869430001592264,0.03610100000514649,0.009786099981283769,0.012712499999906868,0.008558600005926564,0.011673800006974488,0.0002423000114504248
1.0,LP2 ($ 	heta $ Only),28,448,3.306195914669143e-05,,1,10,0,10,3.306195914669143e-05,40.0,60.0,0.0009563000057823956,0.0028992000152356923,0.00021689999266527593,0.06424519998836331,0.13981809999677353,0.03679089999059215,0.01333889999659732,0.01390619997982867,0.012118999991798773,0.010499500000150874,0.00044329999946057796
1.0,LP2 ($ 	heta $ Only),29,477,1.7836340393330185e-05,,9,7,5,2,1.7836340393330185e-05,10.0,90.0,0.003595699992729351,0.0025726000021677464,0.00019210000755265355,0.07079599998542108,0.09155789998476394,0.044063699984690174,0.007666699995752424,0.007867899985285476,0.006828599987784401,0.00828209999599494,0.00037150000571273267
1.0,LP2 ($ 	heta $ Only),30,507,4.7324357564320176e-05,,7,12,8,4,4.7324357564320176e-05,30.0,70.0,0.0009530000097583979,0.0024037999974098057,0.00018840000848285854,0.0713670999975875,0.2863477999926545,0.03910870000254363,0.011400599993066862,0.010593899991363287,0.007429699995554984,0.011974099994404241,0.00021460000425577164
1.0,LP2 ($ 	heta $ Only),31,538,1.3912415416017745e-05,,12,4,1,3,1.3912415416017745e-05,20.0,80.0,0.0011513000063132495,0.0027753000031225383,0.0002099999983329326,0.08043889998225495,0.1477454999985639,0.10043719998793676,0.007374199980404228,0.012392300006467849,0.01674789999378845,0.014538499992340803,0.0001928000128827989
1.0,LP2 ($ 	heta $ Only),32,570,1.666831603821989e-05,,5,10,2,8,1.666831603821989e-05,20.0,80.0,0.0015147000085562468,0.0027011999918613583,0.00029349999385885894,0.14471369999228045,0.10526690000551753,0.08023619998130016,0.009512299991911277,0.010651800024788827,0.013862100022379309,0.01040830000420101,0.0012030000216327608
1.0,LP2 ($ 	heta $ Only),33,603,4.473011651898252e-05,,3,15,10,5,4.473011651898251e-05,30.0,70.0,0.0018115999992005527,0.0039898999966681,0.0003074000123888254,0.08799870000802912,0.12893310000072233,0.03542929998366162,0.013186600001063198,0.01384249998955056,0.012866500008385628,0.00903620000462979,0.0002334000018890947
1.0,LP2 ($ 	heta $ Only),34,637,8.833302749238688e-06,,7,8,0,8,8.833302749238688e-06,20.0,80.0,0.0009572999842930585,0.005814900010591373,0.0002060999977402389,0.0710317000048235,0.13461540002026595,0.09254189999774098,0.008282399998279288,0.012111799995182082,0.012282000010600314,0.009167799988063052,0.0003895999980159104
1.0,LP2 ($ 	heta $ Only),35,672,0.0,,2,0,0,0,0.0,0.0,100.0,0.0035843000223394483,0.0035703000030480325,0.00021970001398585737,0.08493390001240186,0.12962260001222603,0.0546567999990657,0.011144899995997548,0.008636799990199506,0.010877599997911602,0.014375500002643093,0.00023110001347959042
1.0,LP2 ($ 	heta $ Only),36,708,1.2152255821780377e-05,,3,2,0,2,1.2152255821780377e-05,20.0,80.0,0.0011525999871082604,0.0028583999956026673,0.0003115000145044178,0.06671389998518862,0.12909919998492114,0.0601547000114806,0.015635999996447936,0.015264299989212304,0.008832599996821955,0.01129590001073666,0.00023209999199025333
1.0,LP2 ($ 	heta $ Only),37,745,2.986613752721179e-05,,8,9,3,6,2.986613752721179e-05,30.0,70.0,0.0015543999907094985,0.0023385999957099557,0.0001956000050995499,0.07637120000435971,0.1119466999953147,0.17014140001265332,0.013093399989884347,0.020737299986649305,0.0131861999980174,0.016574999986914918,0.000378700002329424
1.0,LP2 ($ 	heta $ Only),38,783,1.8162034691644465e-05,,8,6,2,4,1.8162034691644468e-05,30.0,70.0,0.0009703999967314303,0.006848199991509318,0.0003023000026587397,0.07650190001004376,0.1234483000007458,0.0466080000041984,0.012188900000182912,0.007364199991570786,0.01343660001293756,0.010602900001686066,0.00028700000257231295
1.0,LP2 ($ 	heta $ Only),39,822,3.4240053144655984e-05,,0,10,0,10,3.4240053144655984e-05,40.0,60.0,0.0011165000032633543,0.003991100005805492,8.239998714998364e-05,0.08482779999030754,0.14550929999677464,0.04625030001625419,0.011649699998088181,0.012064200011081994,0.009939500014297664,0.014142400003038347,0.00024649998522363603
1.0,LP2 ($ 	heta $ Only),40,862,1.2604978747795264e-05,,6,10,0,10,1.2604978747795265e-05,30.0,70.0,0.0011703000054694712,0.003086899989284575,0.0006733999762218446,0.08701049999217503,0.12329930000123568,0.042832400009501725,0.0077049999963492155,0.008708100009243935,0.008609999989857897,0.009270899987313896,0.00021769999875687063
1.0,LP2 ($ 	heta $ Only),41,903,2.796625167955292e-05,,7,8,2,6,2.796625167955292e-05,20.0,80.0,0.0037484999920707196,0.0023535999935120344,0.00019550000433810055,0.07024210001691245,0.1147509999864269,0.06155440001748502,0.013225100003182888,0.018128499999875203,0.00796059999265708,0.0132203999964986,0.00021159998141229153
1.0,LP2 ($ 	heta $ Only),42,945,1.2271934838247023e-05,,7,8,0,8,1.2271934838247023e-05,30.0,70.0,0.0009546999935992062,0.005768099974375218,0.0003530999820213765,0.0708710000035353,0.10863420000532642,0.03962400002637878,0.008824599994113669,0.00719619999290444,0.008971500006737188,0.00840059999609366,0.0003921999887097627
1.0,LP2 ($ 	heta $ Only),43,988,4.486869558802954e-05,,2,10,4,6,4.486869558802954e-05,40.0,60.0,0.0009759000095073134,0.0031663999834563583,0.00022899999748915434,0.08060159999877214,0.12749319997965358,0.055723899975419044,0.016070400015451014,0.008916799997678027,0.013988099992275238,0.01348249998409301,0.00043509999522939324
1.0,LP2 ($ 	heta $ Only),44,1032,6.742564676216044e-05,,1,14,11,3,6.742564676216046e-05,40.0,60.0,0.0009677000052761286,0.0025338999985251576,0.00021200001356191933,0.0793833999778144,0.1963652000122238,0.03301610000198707,0.01151199999731034,0.014538299990817904,0.009174899983918294,0.0148621000116691,0.0002618000144138932
1.0,LP2 ($ 	heta $ Only),45,1077,4.053458603296693e-05,,0,12,6,6,4.053458603296693e-05,30.0,70.0,0.0016563999815844,0.0035348999954294413,8.379999781027436e-05,0.08209330000681803,0.17040570001699962,0.039281100005609915,0.010076599981402978,0.009508000017376617,0.009051799977896735,0.009390199993504211,0.00024759999359957874
1.0,LP2 ($ 	heta $ Only),46,1123,1.7463273284498606e-05,,8,9,2,7,1.7463273284498606e-05,30.0,70.0,0.003791900002397597,0.005823299987241626,0.0005741000059060752,0.07378669999889098,0.1294149000023026,0.05631600000197068,0.008608999982243404,0.009988000005250797,0.00780210000812076,0.01229430001694709,0.00020860001677647233
1.0,LP2 ($ 	heta $ Only),47,1170,3.0581705759651706e-05,,7,8,1,7,3.05817057596517e-05,40.0,60.0,0.0011509000032674521,0.005758600018452853,0.00033579999580979347,0.06814819999272004,0.08994299999903888,0.053110299981199205,0.011594799987506121,0.013936900009866804,0.012437600002158433,0.008558400004403666,0.0002710999979171902
1.0,LP2 ($ 	heta $ Only),48,1218,2.3154544328763503e-05,,5,10,1,9,2.3154544328763506e-05,30.0,70.0,0.004155600006924942,0.0023988000175449997,0.00021410000044852495,0.07305510001606308,0.12438389999442734,0.061925699992571026,0.014109099982306361,0.01248400000622496,0.008498000010149553,0.010990699985995889,0.00022499999613501132
1.0,LP2 ($ 	heta $ Only),49,1267,2.9930444691439908e-05,,1,8,3,5,2.9930444691439908e-05,40.0,60.0,0.0014434000186156482,0.00238690001424402,0.00020580002455972135,0.07326139998622239,0.1592788000125438,0.07103319998714142,0.014763499988475814,0.015175500011537224,0.01355810000677593,0.009283299994422123,0.00023969999165274203
1.0,LP3 ($ 	heta $ Only),0,42,0.0027762171728417107,,3,12,5,7,0.00012292892208119315,80.0,20.0,0.002638000005390495,0.008681999985128641,0.0007765000045765191,0.1702608999912627,0.11679119998007081,0.03928569998242892,0.018901100003859028,0.012388400005875155,0.009327499981736764,0.013577799982158467,0.0004250000056345016
1.0,LP3 ($ 	heta $ Only),1,43,0.0025593870911107194,,7,14,2,12,0.00013935815694701286,90.0,10.0,0.0009563000057823956,0.005956699984380975,0.0003066000062972307,0.0858033999975305,0.11582340000313707,0.03873400000156835,0.011284400010481477,0.007566699991002679,0.009511200012639165,0.0077791000076103956,0.00021540001034736633
1.0,LP3 ($ 	heta $ Only),2,45,0.002690634796041205,,0,11,3,8,0.0001892044475246137,90.0,10.0,0.0009592999995220453,0.003244200022891164,6.280001252889633e-05,0.0751831000088714,0.12907949998043478,0.036936999997124076,0.01276539999525994,0.012477100011892617,0.010173100017709658,0.010660300002200529,0.00024839999969117343
1.0,LP3 ($ 	heta $ Only),3,48,0.001215734911418481,,2,4,0,4,8.934172715036093e-05,80.0,20.0,0.004503400006797165,0.0032278000144287944,0.0003150000120513141,0.1016996999969706,0.12757489999057725,0.04837689999840222,0.01218479999806732,0.008815400011371821,0.013711599982343614,0.0132203999964986,0.00023449998116120696
1.0,LP3 ($ 	heta $ Only),4,52,0.0013986195591963765,,11,7,0,7,0.00010331647223774889,70.0,30.0,0.0011630000080913305,0.0032291999959852546,0.0002103000006172806,0.07379409999703057,0.1650962999847252,0.06809240000438876,0.015740000002551824,0.0067242000077385455,0.014160200022161007,0.011043400008929893,0.0003324999997857958
1.0,LP3 ($ 	heta $ Only),5,57,0.0011011103381007802,,6,4,0,4,9.582261023465325e-05,80.0,20.0,0.0010160999954678118,0.0023330999829340726,0.00020559999393299222,0.06448640002054162,0.18652190000284463,0.06356199999572709,0.01419980000355281,0.008243400021456182,0.00872360001085326,0.007620300020789728,0.00021589998505078256
1.0,LP3 ($ 	heta $ Only),6,63,0.0020037069043433273,,6,8,0,8,0.0001345346705106595,60.0,40.0,0.0009616999886929989,0.00472490000538528,0.00030120002338662744,0.05964150000363588,0.1323870999913197,0.045299200020963326,0.009696399996755645,0.010364899993874133,0.008603900001617149,0.010831399995367974,0.00039739999920129776
1.0,LP3 ($ 	heta $ Only),7,70,0.001760498983760639,,8,6,1,5,0.00011794500145882175,80.0,20.0,0.0009459000139031559,0.0023848999990150332,0.00018839997937902808,0.07078040001215413,0.0902314999839291,0.03228069999022409,0.011295000003883615,0.015620899997884408,0.014196100004483014,0.008066499984124675,0.00021430000197142363
1.0,LP3 ($ 	heta $ Only),8,78,0.0019204907632076483,,4,7,3,4,0.00011697713060917812,90.0,10.0,0.00095420001889579,0.003195099998265505,0.0005865999846719205,0.07775860000401735,0.12023820000467822,0.03775699998368509,0.011082599987275898,0.009388200007379055,0.010991299990564585,0.013361900026211515,0.0002274000144097954
1.0,LP3 ($ 	heta $ Only),9,87,0.001439066537383787,,2,6,1,5,0.00012961202323894634,90.0,10.0,0.0011623000027611852,0.0028602000093087554,0.00021619998733513057,0.08277839998481795,0.1336328999896068,0.044146500003989786,0.015438600006746128,0.013720900024054572,0.016571300016948953,0.015172500017797574,0.0002373000024817884
1.0,LP3 ($ 	heta $ Only),10,97,0.0011317933712123589,,5,5,0,5,0.00011439152175928142,70.0,30.0,0.0017986000166274607,0.002335600001970306,0.0002060999977402389,0.06562969999504276,0.12082899999222718,0.05002909997710958,0.007871999987401068,0.012839400005759671,0.00838000001385808,0.01244979997863993,0.00022360001457855105
1.0,LP3 ($ 	heta $ Only),11,108,0.0018794930924143436,,1,7,1,6,0.0001520937558061947,90.0,10.0,0.000953600014327094,0.004876999999396503,0.0006426000036299229,0.0698870999913197,0.12063940000371076,0.07384019999881275,0.00922310000169091,0.012960699998075143,0.013448099984088913,0.013344999984838068,0.0003116000152658671
1.0,LP3 ($ 	heta $ Only),12,120,0.0017274484525256722,,2,9,5,4,0.00017461171571371429,90.0,10.0,0.0012203000078443438,0.0024890000058803707,0.0001976999919861555,0.07906260000891052,0.10723819999839179,0.030911600013496354,0.009188600000925362,0.008341000007931143,0.012299599999096245,0.0107875999819953,0.0005906999867875129
1.0,LP3 ($ 	heta $ Only),13,133,0.002393735951362846,,5,11,1,10,0.00017732530975981097,90.0,10.0,0.0010765000188257545,0.0030196000006981194,0.00020890001906082034,0.08846080000512302,0.11251300000003539,0.04333139999653213,0.011007799999788404,0.01107189999311231,0.00791019998723641,0.012879799993243068,0.00022170000011101365
1.0,LP3 ($ 	heta $ Only),14,147,0.0013914974266416203,,0,5,0,5,0.0001385666822417493,90.0,10.0,0.0011495000217109919,0.002636799996253103,6.319998647086322e-05,0.08009440000751056,0.11849549997714348,0.06768290000036359,0.013932700006989762,0.01106009999057278,0.013035299984039739,0.01455679998616688,0.0004522999806795269
1.0,LP3 ($ 	heta $ Only),15,162,0.001914451002298534,,4,6,0,6,0.00013447707281787294,90.0,10.0,0.0009544999920763075,0.006162999983644113,0.00022050002007745206,0.06881319999229163,0.15249670000048354,0.06842940000933595,0.010881900001550093,0.010348699986934662,0.007993699982762337,0.011035999981686473,0.0002263000060338527
1.0,LP3 ($ 	heta $ Only),16,178,0.003337740435554558,,2,12,6,6,0.00018380149547520756,90.0,10.0,0.0011103999859187752,0.0027860999980475754,0.0002243999915663153,0.0735852999787312,0.1447852999845054,0.04268330000923015,0.008442700025625527,0.01382039999589324,0.012841500021750107,0.010666499991202727,0.0018428000039421022
1.0,LP3 ($ 	heta $ Only),17,195,0.0008599240816700214,,6,3,2,1,5.999309833363831e-05,40.0,60.0,0.0018808000022545457,0.00236309997853823,0.00019580000662244856,0.07069629998295568,0.12106059998041019,0.047733499988680705,0.007593099988298491,0.008607600000686944,0.007375199988018721,0.008135700016282499,0.0004054000019095838
1.0,LP3 ($ 	heta $ Only),18,213,0.0,,11,0,0,0,0.0,0.0,100.0,0.0009618999902158976,0.002399899996817112,0.00018540001474320889,0.07462259999010712,0.10858209998696111,0.10849489999236539,0.01072540000313893,0.009246199973858893,0.0088421999826096,0.010727199987741187,0.000354000017978251
1.0,LP3 ($ 	heta $ Only),19,232,0.001802605134775121,,8,8,0,8,0.00016570225936130776,90.0,10.0,0.0014442999963648617,0.003456300008110702,0.0002770999853964895,0.06674690000363626,0.14886090002255514,0.06425019999733195,0.007938299997476861,0.010892899997998029,0.011406000005081296,0.007977699977345765,0.0002094999945256859
1.0,LP3 ($ 	heta $ Only),20,252,0.00236478957265939,,9,10,0,10,0.0001686007713517762,90.0,10.0,0.0009649000130593777,0.009011400019517168,0.0004196000227238983,0.06976770001347177,0.10392010002397001,0.054334000014932826,0.00961999999708496,0.010536299989325926,0.008013299986487255,0.012339000008068979,0.00020479998784139752
1.0,LP3 ($ 	heta $ Only),21,273,0.003064968796454862,,6,15,4,11,0.00018143788407708647,90.0,10.0,0.0011947999882977456,0.002513600018573925,0.0001981999957934022,0.07953109999652952,0.12018209998495877,0.05604070000117645,0.008967800007667392,0.010588699980871752,0.010795899986987934,0.008721999998670071,0.000218700006371364
1.0,LP3 ($ 	heta $ Only),22,295,0.0014964374135881429,,6,6,0,6,7.830058024021631e-05,70.0,30.0,0.004308800009312108,0.004259399982402101,0.0002108000044245273,0.08943560000625439,0.11585740000009537,0.06093740000505932,0.011086099984822795,0.007371599989710376,0.01087640001787804,0.014884400006849319,0.00047909998102113605
1.0,LP3 ($ 	heta $ Only),23,318,0.00226083960713095,,9,12,1,11,0.0001475526247642098,90.0,10.0,0.004069499991601333,0.002623500011395663,0.00021800000104121864,0.1898075999924913,0.14137669999036007,0.06584530000691302,0.010328000003937632,0.008628099982161075,0.011605800013057888,0.011022899998351932,0.0005175999831408262
1.0,LP3 ($ 	heta $ Only),24,342,0.0023297980848361296,,3,9,0,9,0.00017338374545015087,90.0,10.0,0.0010041000205092132,0.0037757999962195754,0.0003161999920848757,0.07791289998567663,0.09926139999879524,0.05169500000192784,0.011184800008777529,0.013798600004520267,0.008574899984523654,0.013095300004351884,0.00023289999808184803
1.0,LP3 ($ 	heta $ Only),25,367,0.0006266763300390608,,5,2,0,2,5.294307540896402e-05,30.0,70.0,0.0009561999759171158,0.003079100017203018,0.00020500001846812665,0.07313659999636002,0.12082410001312383,0.047532099997624755,0.008011800004169345,0.01032689999556169,0.010100500017870218,0.0092898000148125,0.00040610000723972917
1.0,LP3 ($ 	heta $ Only),26,393,0.002128845375826077,,5,11,3,8,0.00012575667951373232,80.0,20.0,0.0009468000207562,0.0029645999893546104,0.00020219999714754522,0.07570630000554956,0.1244388000050094,0.045412100007524714,0.012183000013465062,0.007629700005054474,0.011293599993223324,0.012547199992695823,0.00022050002007745206
1.0,LP3 ($ 	heta $ Only),27,420,0.003058448043723489,,1,11,4,7,0.00022142413323469342,90.0,10.0,0.001184699998702854,0.0027145000058226287,0.00021689999266527593,0.09855210001114756,0.12869430001592264,0.03610100000514649,0.009786099981283769,0.012712499999906868,0.008558600005926564,0.011673800006974488,0.0002423000114504248
1.0,LP3 ($ 	heta $ Only),28,448,0.0026083701701768718,,1,9,0,9,0.00021793695467165904,90.0,10.0,0.0009563000057823956,0.0028992000152356923,0.00021689999266527593,0.06424519998836331,0.13981809999677353,0.03679089999059215,0.01333889999659732,0.01390619997982867,0.012118999991798773,0.010499500000150874,0.00044329999946057796
1.0,LP3 ($ 	heta $ Only),29,477,0.0017456550487608756,,9,7,3,4,9.860883262262237e-05,70.0,30.0,0.003595699992729351,0.0025726000021677464,0.00019210000755265355,0.07079599998542108,0.09155789998476394,0.044063699984690174,0.007666699995752424,0.007867899985285476,0.006828599987784401,0.00828209999599494,0.00037150000571273267
1.0,LP3 ($ 	heta $ Only),30,507,0.0032768925069604927,,7,12,7,5,0.0001452478366774549,80.0,20.0,0.0009530000097583979,0.0024037999974098057,0.00018840000848285854,0.0713670999975875,0.2863477999926545,0.03910870000254363,0.011400599993066862,0.010593899991363287,0.007429699995554984,0.011974099994404241,0.00021460000425577164
1.0,LP3 ($ 	heta $ Only),31,538,0.0010312966649365873,,12,4,0,4,8.995055403203385e-05,70.0,30.0,0.0011513000063132495,0.0027753000031225383,0.0002099999983329326,0.08043889998225495,0.1477454999985639,0.10043719998793676,0.007374199980404228,0.012392300006467849,0.01674789999378845,0.014538499992340803,0.0001928000128827989
1.0,LP3 ($ 	heta $ Only),32,570,0.0021405100824841376,,5,10,2,8,0.00015729609864572732,80.0,20.0,0.0015147000085562468,0.0027011999918613583,0.00029349999385885894,0.14471369999228045,0.10526690000551753,0.08023619998130016,0.009512299991911277,0.010651800024788827,0.013862100022379309,0.01040830000420101,0.0012030000216327608
1.0,LP3 ($ 	heta $ Only),33,603,0.002354347291076474,,3,3,2,1,0.00016240138542048901,60.0,40.0,0.0018115999992005527,0.0039898999966681,0.0003074000123888254,0.08799870000802912,0.12893310000072233,0.03542929998366162,0.013186600001063198,0.01384249998955056,0.012866500008385628,0.00903620000462979,0.0002334000018890947
1.0,LP3 ($ 	heta $ Only),34,637,0.002161880429130756,,7,7,0,7,0.00015303796928423685,90.0,10.0,0.0009572999842930585,0.005814900010591373,0.0002060999977402389,0.0710317000048235,0.13461540002026595,0.09254189999774098,0.008282399998279288,0.012111799995182082,0.012282000010600314,0.009167799988063052,0.0003895999980159104
1.0,LP3 ($ 	heta $ Only),35,672,0.0,,2,0,0,0,0.0,0.0,100.0,0.0035843000223394483,0.0035703000030480325,0.00021970001398585737,0.08493390001240186,0.12962260001222603,0.0546567999990657,0.011144899995997548,0.008636799990199506,0.010877599997911602,0.014375500002643093,0.00023110001347959042
1.0,LP3 ($ 	heta $ Only),36,708,0.0010106797506554664,,3,4,0,4,7.896685011296696e-05,70.0,30.0,0.0011525999871082604,0.0028583999956026673,0.0003115000145044178,0.06671389998518862,0.12909919998492114,0.0601547000114806,0.015635999996447936,0.015264299989212304,0.008832599996821955,0.01129590001073666,0.00023209999199025333
1.0,LP3 ($ 	heta $ Only),37,745,0.0020277448868368875,,8,9,4,5,0.00012323753981196623,80.0,20.0,0.0015543999907094985,0.0023385999957099557,0.0001956000050995499,0.07637120000435971,0.1119466999953147,0.17014140001265332,0.013093399989884347,0.020737299986649305,0.0131861999980174,0.016574999986914918,0.000378700002329424
1.0,LP3 ($ 	heta $ Only),38,783,0.001150299933857205,,8,4,1,3,9.273190304427139e-05,80.0,20.0,0.0009703999967314303,0.006848199991509318,0.0003023000026587397,0.07650190001004376,0.1234483000007458,0.0466080000041984,0.012188900000182912,0.007364199991570786,0.01343660001293756,0.010602900001686066,0.00028700000257231295
1.0,LP3 ($ 	heta $ Only),39,822,0.0024590886711458137,,0,10,3,7,0.0001892771822673101,90.0,10.0,0.0011165000032633543,0.003991100005805492,8.239998714998364e-05,0.08482779999030754,0.14550929999677464,0.04625030001625419,0.011649699998088181,0.012064200011081994,0.009939500014297664,0.014142400003038347,0.00024649998522363603
1.0,LP3 ($ 	heta $ Only),40,862,0.0017687157165181555,,6,8,0,8,0.00010613666126926255,80.0,20.0,0.0011703000054694712,0.003086899989284575,0.0006733999762218446,0.08701049999217503,0.12329930000123568,0.042832400009501725,0.0077049999963492155,0.008708100009243935,0.008609999989857897,0.009270899987313896,0.00021769999875687063
1.0,LP3 ($ 	heta $ Only),41,903,0.001588021546293922,,7,5,2,3,0.00010011787355982199,90.0,10.0,0.0037484999920707196,0.0023535999935120344,0.00019550000433810055,0.07024210001691245,0.1147509999864269,0.06155440001748502,0.013225100003182888,0.018128499999875203,0.00796059999265708,0.0132203999964986,0.00021159998141229153
1.0,LP3 ($ 	heta $ Only),42,945,0.0018964402929934556,,7,11,1,10,0.00010582319933710245,80.0,20.0,0.0009546999935992062,0.005768099974375218,0.0003530999820213765,0.0708710000035353,0.10863420000532642,0.03962400002637878,0.008824599994113669,0.00719619999290444,0.008971500006737188,0.00840059999609366,0.0003921999887097627
1.0,LP3 ($ 	heta $ Only),43,988,0.002669381692358515,,2,10,2,8,0.00019974878247052303,80.0,20.0,0.0009759000095073134,0.0031663999834563583,0.00022899999748915434,0.08060159999877214,0.12749319997965358,0.055723899975419044,0.016070400015451014,0.008916799997678027,0.013988099992275238,0.01348249998409301,0.00043509999522939324
1.0,LP3 ($ 	heta $ Only),44,1032,0.003247782479295321,,1,16,11,5,0.00024068298901294577,90.0,10.0,0.0009677000052761286,0.0025338999985251576,0.00021200001356191933,0.0793833999778144,0.1963652000122238,0.03301610000198707,0.01151199999731034,0.014538299990817904,0.009174899983918294,0.0148621000116691,0.0002618000144138932
1.0,LP3 ($ 	heta $ Only),45,1077,0.0031004951991884635,,0,13,4,9,0.000203745897260522,90.0,10.0,0.0016563999815844,0.0035348999954294413,8.379999781027436e-05,0.08209330000681803,0.17040570001699962,0.039281100005609915,0.010076599981402978,0.009508000017376617,0.009051799977896735,0.009390199993504211,0.00024759999359957874
1.0,LP3 ($ 	heta $ Only),46,1123,0.0015761014507063506,,8,9,1,8,0.00012365583289346052,70.0,30.0,0.003791900002397597,0.005823299987241626,0.0005741000059060752,0.07378669999889098,0.1294149000023026,0.05631600000197068,0.008608999982243404,0.009988000005250797,0.00780210000812076,0.01229430001694709,0.00020860001677647233
1.0,LP3 ($ 	heta $ Only),47,1170,0.0021135809279287606,,7,9,1,8,0.00014139630509608095,90.0,10.0,0.0011509000032674521,0.005758600018452853,0.00033579999580979347,0.06814819999272004,0.08994299999903888,0.053110299981199205,0.011594799987506121,0.013936900009866804,0.012437600002158433,0.008558400004403666,0.0002710999979171902
1.0,LP3 ($ 	heta $ Only),48,1218,0.002414900999444994,,5,11,1,10,0.0001335055337275662,70.0,30.0,0.004155600006924942,0.0023988000175449997,0.00021410000044852495,0.07305510001606308,0.12438389999442734,0.061925699992571026,0.014109099982306361,0.01248400000622496,0.008498000010149553,0.010990699985995889,0.00022499999613501132
1.0,LP3 ($ 	heta $ Only),49,1267,0.002071591980949747,,1,7,2,5,0.00016374028423136742,80.0,20.0,0.0014434000186156482,0.00238690001424402,0.00020580002455972135,0.07326139998622239,0.1592788000125438,0.07103319998714142,0.014763499988475814,0.015175500011537224,0.01355810000677593,0.009283299994422123,0.00023969999165274203
1.0,Weighted LP3 ($ 	heta $ Only),0,42,0.0022463587157705587,,3,12,5,7,0.00013250403811884768,90.0,10.0,0.002638000005390495,0.008681999985128641,0.0007765000045765191,0.1702608999912627,0.11679119998007081,0.03928569998242892,0.018901100003859028,0.012388400005875155,0.009327499981736764,0.013577799982158467,0.0004250000056345016
1.0,Weighted LP3 ($ 	heta $ Only),1,43,0.0018646640955233182,,7,12,2,10,0.00013739693929355854,90.0,10.0,0.0009563000057823956,0.005956699984380975,0.0003066000062972307,0.0858033999975305,0.11582340000313707,0.03873400000156835,0.011284400010481477,0.007566699991002679,0.009511200012639165,0.0077791000076103956,0.00021540001034736633
1.0,Weighted LP3 ($ 	heta $ Only),2,45,0.0020402967328451097,,0,12,3,9,0.00018627152174618478,90.0,10.0,0.0009592999995220453,0.003244200022891164,6.280001252889633e-05,0.0751831000088714,0.12907949998043478,0.036936999997124076,0.01276539999525994,0.012477100011892617,0.010173100017709658,0.010660300002200529,0.00024839999969117343
1.0,Weighted LP3 ($ 	heta $ Only),3,48,0.0008736038499957742,,2,4,0,4,8.934172715036093e-05,80.0,20.0,0.004503400006797165,0.0032278000144287944,0.0003150000120513141,0.1016996999969706,0.12757489999057725,0.04837689999840222,0.01218479999806732,0.008815400011371821,0.013711599982343614,0.0132203999964986,0.00023449998116120696
1.0,Weighted LP3 ($ 	heta $ Only),4,52,0.0009668518635435007,,11,7,0,7,0.00010331647223774889,70.0,30.0,0.0011630000080913305,0.0032291999959852546,0.0002103000006172806,0.07379409999703057,0.1650962999847252,0.06809240000438876,0.015740000002551824,0.0067242000077385455,0.014160200022161007,0.011043400008929893,0.0003324999997857958
1.0,Weighted LP3 ($ 	heta $ Only),5,57,0.0007887729189109446,,6,4,0,4,9.582261023465325e-05,80.0,20.0,0.0010160999954678118,0.0023330999829340726,0.00020559999393299222,0.06448640002054162,0.18652190000284463,0.06356199999572709,0.01419980000355281,0.008243400021456182,0.00872360001085326,0.007620300020789728,0.00021589998505078256
1.0,Weighted LP3 ($ 	heta $ Only),6,63,0.0013806494930657712,,6,8,0,8,0.0001345346705106595,60.0,40.0,0.0009616999886929989,0.00472490000538528,0.00030120002338662744,0.05964150000363588,0.1323870999913197,0.045299200020963326,0.009696399996755645,0.010364899993874133,0.008603900001617149,0.010831399995367974,0.00039739999920129776
1.0,Weighted LP3 ($ 	heta $ Only),7,70,0.0012599906336641469,,8,8,1,7,0.00011274046906378096,70.0,30.0,0.0009459000139031559,0.0023848999990150332,0.00018839997937902808,0.07078040001215413,0.0902314999839291,0.03228069999022409,0.011295000003883615,0.015620899997884408,0.014196100004483014,0.008066499984124675,0.00021430000197142363
1.0,Weighted LP3 ($ 	heta $ Only),8,78,0.001594735777208237,,4,6,2,4,0.00011462160449102732,80.0,20.0,0.00095420001889579,0.003195099998265505,0.0005865999846719205,0.07775860000401735,0.12023820000467822,0.03775699998368509,0.011082599987275898,0.009388200007379055,0.010991299990564585,0.013361900026211515,0.0002274000144097954
1.0,Weighted LP3 ($ 	heta $ Only),9,87,0.0010378396889869,,2,6,1,5,0.0001306083287909,90.0,10.0,0.0011623000027611852,0.0028602000093087554,0.00021619998733513057,0.08277839998481795,0.1336328999896068,0.044146500003989786,0.015438600006746128,0.013720900024054572,0.016571300016948953,0.015172500017797574,0.0002373000024817884
1.0,Weighted LP3 ($ 	heta $ Only),10,97,0.0007926594213946665,,5,5,0,5,0.00011439152175928142,70.0,30.0,0.0017986000166274607,0.002335600001970306,0.0002060999977402389,0.06562969999504276,0.12082899999222718,0.05002909997710958,0.007871999987401068,0.012839400005759671,0.00838000001385808,0.01244979997863993,0.00022360001457855105
1.0,Weighted LP3 ($ 	heta $ Only),11,108,0.0013561583458992633,,1,6,1,5,0.0001520937558061947,90.0,10.0,0.000953600014327094,0.004876999999396503,0.0006426000036299229,0.0698870999913197,0.12063940000371076,0.07384019999881275,0.00922310000169091,0.012960699998075143,0.013448099984088913,0.013344999984838068,0.0003116000152658671
1.0,Weighted LP3 ($ 	heta $ Only),12,120,0.0015064506570067683,,2,7,4,3,0.00017461171571371423,90.0,10.0,0.0012203000078443438,0.0024890000058803707,0.0001976999919861555,0.07906260000891052,0.10723819999839179,0.030911600013496354,0.009188600000925362,0.008341000007931143,0.012299599999096245,0.0107875999819953,0.0005906999867875129
1.0,Weighted LP3 ($ 	heta $ Only),13,133,0.0016947091438910852,,5,13,1,12,0.00017290870174621042,90.0,10.0,0.0010765000188257545,0.0030196000006981194,0.00020890001906082034,0.08846080000512302,0.11251300000003539,0.04333139999653213,0.011007799999788404,0.01107189999311231,0.00791019998723641,0.012879799993243068,0.00022170000011101365
1.0,Weighted LP3 ($ 	heta $ Only),14,147,0.0009738538451749965,,0,5,0,5,0.0001385666822417493,90.0,10.0,0.0011495000217109919,0.002636799996253103,6.319998647086322e-05,0.08009440000751056,0.11849549997714348,0.06768290000036359,0.013932700006989762,0.01106009999057278,0.013035299984039739,0.01455679998616688,0.0004522999806795269
1.0,Weighted LP3 ($ 	heta $ Only),15,162,0.001362180337840103,,4,4,0,4,0.0001238072201898556,70.0,30.0,0.0009544999920763075,0.006162999983644113,0.00022050002007745206,0.06881319999229163,0.15249670000048354,0.06842940000933595,0.010881900001550093,0.010348699986934662,0.007993699982762337,0.011035999981686473,0.0002263000060338527
1.0,Weighted LP3 ($ 	heta $ Only),16,178,0.0027733653232086633,,2,16,7,9,0.00018904952645960863,90.0,10.0,0.0011103999859187752,0.0027860999980475754,0.0002243999915663153,0.0735852999787312,0.1447852999845054,0.04268330000923015,0.008442700025625527,0.01382039999589324,0.012841500021750107,0.010666499991202727,0.0018428000039421022
1.0,Weighted LP3 ($ 	heta $ Only),17,195,0.000819867684706563,,6,4,3,1,5.4798003983567206e-05,40.0,60.0,0.0018808000022545457,0.00236309997853823,0.00019580000662244856,0.07069629998295568,0.12106059998041019,0.047733499988680705,0.007593099988298491,0.008607600000686944,0.007375199988018721,0.008135700016282499,0.0004054000019095838
1.0,Weighted LP3 ($ 	heta $ Only),18,213,0.0,,11,0,0,0,0.0,0.0,100.0,0.0009618999902158976,0.002399899996817112,0.00018540001474320889,0.07462259999010712,0.10858209998696111,0.10849489999236539,0.01072540000313893,0.009246199973858893,0.0088421999826096,0.010727199987741187,0.000354000017978251
1.0,Weighted LP3 ($ 	heta $ Only),19,232,0.001261154156944787,,8,7,0,7,0.00016570225936130781,90.0,10.0,0.0014442999963648617,0.003456300008110702,0.0002770999853964895,0.06674690000363626,0.14886090002255514,0.06425019999733195,0.007938299997476861,0.010892899997998029,0.011406000005081296,0.007977699977345765,0.0002094999945256859
1.0,Weighted LP3 ($ 	heta $ Only),20,252,0.0016782190050217156,,9,9,0,9,0.00016696398183931429,90.0,10.0,0.0009649000130593777,0.009011400019517168,0.0004196000227238983,0.06976770001347177,0.10392010002397001,0.054334000014932826,0.00961999999708496,0.010536299989325926,0.008013299986487255,0.012339000008068979,0.00020479998784139752
1.0,Weighted LP3 ($ 	heta $ Only),21,273,0.002349689437827558,,6,13,3,10,0.00018606515980699312,90.0,10.0,0.0011947999882977456,0.002513600018573925,0.0001981999957934022,0.07953109999652952,0.12018209998495877,0.05604070000117645,0.008967800007667392,0.010588699980871752,0.010795899986987934,0.008721999998670071,0.000218700006371364
1.0,Weighted LP3 ($ 	heta $ Only),22,295,0.0010237251358055004,,6,6,0,6,7.830058024021631e-05,70.0,30.0,0.004308800009312108,0.004259399982402101,0.0002108000044245273,0.08943560000625439,0.11585740000009537,0.06093740000505932,0.011086099984822795,0.007371599989710376,0.01087640001787804,0.014884400006849319,0.00047909998102113605
1.0,Weighted LP3 ($ 	heta $ Only),23,318,0.001599475728246736,,9,12,1,11,0.0001475526247642098,90.0,10.0,0.004069499991601333,0.002623500011395663,0.00021800000104121864,0.1898075999924913,0.14137669999036007,0.06584530000691302,0.010328000003937632,0.008628099982161075,0.011605800013057888,0.011022899998351932,0.0005175999831408262
1.0,Weighted LP3 ($ 	heta $ Only),24,342,0.0016109933050408032,,3,9,0,9,0.00017338374545015087,90.0,10.0,0.0010041000205092132,0.0037757999962195754,0.0003161999920848757,0.07791289998567663,0.09926139999879524,0.05169500000192784,0.011184800008777529,0.013798600004520267,0.008574899984523654,0.013095300004351884,0.00023289999808184803
1.0,Weighted LP3 ($ 	heta $ Only),25,367,0.0004354319118290286,,5,2,0,2,5.294307540896402e-05,30.0,70.0,0.0009561999759171158,0.003079100017203018,0.00020500001846812665,0.07313659999636002,0.12082410001312383,0.047532099997624755,0.008011800004169345,0.01032689999556169,0.010100500017870218,0.0092898000148125,0.00040610000723972917
1.0,Weighted LP3 ($ 	heta $ Only),26,393,0.0016495342768069422,,5,10,3,7,0.00013136793331895724,90.0,10.0,0.0009468000207562,0.0029645999893546104,0.00020219999714754522,0.07570630000554956,0.1244388000050094,0.045412100007524714,0.012183000013465062,0.007629700005054474,0.011293599993223324,0.012547199992695823,0.00022050002007745206
1.0,Weighted LP3 ($ 	heta $ Only),27,420,0.0023983175229235127,,1,15,5,10,0.00021373286277675922,90.0,10.0,0.001184699998702854,0.0027145000058226287,0.00021689999266527593,0.09855210001114756,0.12869430001592264,0.03610100000514649,0.009786099981283769,0.012712499999906868,0.008558600005926564,0.011673800006974488,0.0002423000114504248
1.0,Weighted LP3 ($ 	heta $ Only),28,448,0.0018115590983418008,,1,9,0,9,0.00021793695467165904,90.0,10.0,0.0009563000057823956,0.0028992000152356923,0.00021689999266527593,0.06424519998836331,0.13981809999677353,0.03679089999059215,0.01333889999659732,0.01390619997982867,0.012118999991798773,0.010499500000150874,0.00044329999946057796
1.0,Weighted LP3 ($ 	heta $ Only),29,477,0.0014352186399809463,,9,7,3,4,9.591637733716746e-05,70.0,30.0,0.003595699992729351,0.0025726000021677464,0.00019210000755265355,0.07079599998542108,0.09155789998476394,0.044063699984690174,0.007666699995752424,0.007867899985285476,0.006828599987784401,0.00828209999599494,0.00037150000571273267
1.0,Weighted LP3 ($ 	heta $ Only),30,507,0.0026815687895960687,,7,16,8,8,0.00015284519981494286,80.0,20.0,0.0009530000097583979,0.0024037999974098057,0.00018840000848285854,0.0713670999975875,0.2863477999926545,0.03910870000254363,0.011400599993066862,0.010593899991363287,0.007429699995554984,0.011974099994404241,0.00021460000425577164
1.0,Weighted LP3 ($ 	heta $ Only),31,538,0.0007218959127207884,,12,4,0,4,8.251791303938289e-05,70.0,30.0,0.0011513000063132495,0.0027753000031225383,0.0002099999983329326,0.08043889998225495,0.1477454999985639,0.10043719998793676,0.007374199980404228,0.012392300006467849,0.01674789999378845,0.014538499992340803,0.0001928000128827989
1.0,Weighted LP3 ($ 	heta $ Only),32,570,0.0016179296525990535,,5,10,2,8,0.00015595950549114309,90.0,10.0,0.0015147000085562468,0.0027011999918613583,0.00029349999385885894,0.14471369999228045,0.10526690000551753,0.08023619998130016,0.009512299991911277,0.010651800024788827,0.013862100022379309,0.01040830000420101,0.0012030000216327608
1.0,Weighted LP3 ($ 	heta $ Only),33,603,0.00204321689607963,,3,4,2,2,0.00016194804100732723,60.0,40.0,0.0018115999992005527,0.0039898999966681,0.0003074000123888254,0.08799870000802912,0.12893310000072233,0.03542929998366162,0.013186600001063198,0.01384249998955056,0.012866500008385628,0.00903620000462979,0.0002334000018890947
1.0,Weighted LP3 ($ 	heta $ Only),34,637,0.0014922633546793009,,7,7,0,7,0.00015294089647759613,90.0,10.0,0.0009572999842930585,0.005814900010591373,0.0002060999977402389,0.0710317000048235,0.13461540002026595,0.09254189999774098,0.008282399998279288,0.012111799995182082,0.012282000010600314,0.009167799988063052,0.0003895999980159104
1.0,Weighted LP3 ($ 	heta $ Only),35,672,0.0,,2,0,0,0,0.0,0.0,100.0,0.0035843000223394483,0.0035703000030480325,0.00021970001398585737,0.08493390001240186,0.12962260001222603,0.0546567999990657,0.011144899995997548,0.008636799990199506,0.010877599997911602,0.014375500002643093,0.00023110001347959042
1.0,Weighted LP3 ($ 	heta $ Only),36,708,0.000705835106025976,,3,5,0,5,8.083750906254529e-05,70.0,30.0,0.0011525999871082604,0.0028583999956026673,0.0003115000145044178,0.06671389998518862,0.12909919998492114,0.0601547000114806,0.015635999996447936,0.015264299989212304,0.008832599996821955,0.01129590001073666,0.00023209999199025333
1.0,Weighted LP3 ($ 	heta $ Only),37,745,0.001570260970231986,,8,9,4,5,0.00012323753981196623,80.0,20.0,0.0015543999907094985,0.0023385999957099557,0.0001956000050995499,0.07637120000435971,0.1119466999953147,0.17014140001265332,0.013093399989884347,0.020737299986649305,0.0131861999980174,0.016574999986914918,0.000378700002329424
1.0,Weighted LP3 ($ 	heta $ Only),38,783,0.0008599748705136336,,8,4,1,3,9.273190304427139e-05,80.0,20.0,0.0009703999967314303,0.006848199991509318,0.0003023000026587397,0.07650190001004376,0.1234483000007458,0.0466080000041984,0.012188900000182912,0.007364199991570786,0.01343660001293756,0.010602900001686066,0.00028700000257231295
1.0,Weighted LP3 ($ 	heta $ Only),39,822,0.0019344393125733045,,0,10,3,7,0.00019103425564276342,90.0,10.0,0.0011165000032633543,0.003991100005805492,8.239998714998364e-05,0.08482779999030754,0.14550929999677464,0.04625030001625419,0.011649699998088181,0.012064200011081994,0.009939500014297664,0.014142400003038347,0.00024649998522363603
1.0,Weighted LP3 ($ 	heta $ Only),40,862,0.0012266783109211152,,6,7,0,7,9.238806780992126e-05,60.0,40.0,0.0011703000054694712,0.003086899989284575,0.0006733999762218446,0.08701049999217503,0.12329930000123568,0.042832400009501725,0.0077049999963492155,0.008708100009243935,0.008609999989857897,0.009270899987313896,0.00021769999875687063
1.0,Weighted LP3 ($ 	heta $ Only),41,903,0.0012589500543422317,,7,7,1,6,0.00011553159417205031,80.0,20.0,0.0037484999920707196,0.0023535999935120344,0.00019550000433810055,0.07024210001691245,0.1147509999864269,0.06155440001748502,0.013225100003182888,0.018128499999875203,0.00796059999265708,0.0132203999964986,0.00021159998141229153
1.0,Weighted LP3 ($ 	heta $ Only),42,945,0.0013391371400823572,,7,11,1,10,0.00010376388013955533,70.0,30.0,0.0009546999935992062,0.005768099974375218,0.0003530999820213765,0.0708710000035353,0.10863420000532642,0.03962400002637878,0.008824599994113669,0.00719619999290444,0.008971500006737188,0.00840059999609366,0.0003921999887097627
1.0,Weighted LP3 ($ 	heta $ Only),43,988,0.0019633591183846797,,2,11,2,9,0.00019974878247052303,80.0,20.0,0.0009759000095073134,0.0031663999834563583,0.00022899999748915434,0.08060159999877214,0.12749319997965358,0.055723899975419044,0.016070400015451014,0.008916799997678027,0.013988099992275238,0.01348249998409301,0.00043509999522939324
1.0,Weighted LP3 ($ 	heta $ Only),44,1032,0.0028277867986236205,,1,13,10,3,0.00024302157699286603,90.0,10.0,0.0009677000052761286,0.0025338999985251576,0.00021200001356191933,0.0793833999778144,0.1963652000122238,0.03301610000198707,0.01151199999731034,0.014538299990817904,0.009174899983918294,0.0148621000116691,0.0002618000144138932
1.0,Weighted LP3 ($ 	heta $ Only),45,1077,0.002383182112761338,,0,13,4,9,0.0002037302007222085,90.0,10.0,0.0016563999815844,0.0035348999954294413,8.379999781027436e-05,0.08209330000681803,0.17040570001699962,0.039281100005609915,0.010076599981402978,0.009508000017376617,0.009051799977896735,0.009390199993504211,0.00024759999359957874
1.0,Weighted LP3 ($ 	heta $ Only),46,1123,0.0011320752149252553,,8,8,1,7,0.00013016468253779307,80.0,20.0,0.003791900002397597,0.005823299987241626,0.0005741000059060752,0.07378669999889098,0.1294149000023026,0.05631600000197068,0.008608999982243404,0.009988000005250797,0.00780210000812076,0.01229430001694709,0.00020860001677647233
1.0,Weighted LP3 ($ 	heta $ Only),47,1170,0.0015532675582236942,,7,9,1,8,0.00014139630509608095,90.0,10.0,0.0011509000032674521,0.005758600018452853,0.00033579999580979347,0.06814819999272004,0.08994299999903888,0.053110299981199205,0.011594799987506121,0.013936900009866804,0.012437600002158433,0.008558400004403666,0.0002710999979171902
1.0,Weighted LP3 ($ 	heta $ Only),48,1218,0.0017056382761067358,,5,11,0,11,0.00014438316774085817,80.0,20.0,0.004155600006924942,0.0023988000175449997,0.00021410000044852495,0.07305510001606308,0.12438389999442734,0.061925699992571026,0.014109099982306361,0.01248400000622496,0.008498000010149553,0.010990699985995889,0.00022499999613501132
1.0,Weighted LP3 ($ 	heta $ Only),49,1267,0.0016111850633464804,,1,7,2,5,0.00016210142547290764,80.0,20.0,0.0014434000186156482,0.00238690001424402,0.00020580002455972135,0.07326139998622239,0.1592788000125438,0.07103319998714142,0.014763499988475814,0.015175500011537224,0.01355810000677593,0.009283299994422123,0.00023969999165274203
1.0,Borda LP3 ($ 	heta $ Only),0,42,0.0027762171728417107,,3,12,5,7,0.00012292892208119315,80.0,20.0,0.002638000005390495,0.008681999985128641,0.0007765000045765191,0.1702608999912627,0.11679119998007081,0.03928569998242892,0.018901100003859028,0.012388400005875155,0.009327499981736764,0.013577799982158467,0.0004250000056345016
1.0,Borda LP3 ($ 	heta $ Only),1,43,0.0025593870911107194,,7,14,2,12,0.00013935815694701286,80.0,20.0,0.0009563000057823956,0.005956699984380975,0.0003066000062972307,0.0858033999975305,0.11582340000313707,0.03873400000156835,0.011284400010481477,0.007566699991002679,0.009511200012639165,0.0077791000076103956,0.00021540001034736633
1.0,Borda LP3 ($ 	heta $ Only),2,45,0.002690634796041205,,0,11,3,8,0.0001892044475246137,90.0,10.0,0.0009592999995220453,0.003244200022891164,6.280001252889633e-05,0.0751831000088714,0.12907949998043478,0.036936999997124076,0.01276539999525994,0.012477100011892617,0.010173100017709658,0.010660300002200529,0.00024839999969117343
1.0,Borda LP3 ($ 	heta $ Only),3,48,0.001215734911418481,,2,4,0,4,8.934172715036093e-05,80.0,20.0,0.004503400006797165,0.0032278000144287944,0.0003150000120513141,0.1016996999969706,0.12757489999057725,0.04837689999840222,0.01218479999806732,0.008815400011371821,0.013711599982343614,0.0132203999964986,0.00023449998116120696
1.0,Borda LP3 ($ 	heta $ Only),4,52,0.0013986195591963765,,11,7,0,7,0.00010331647223774889,70.0,30.0,0.0011630000080913305,0.0032291999959852546,0.0002103000006172806,0.07379409999703057,0.1650962999847252,0.06809240000438876,0.015740000002551824,0.0067242000077385455,0.014160200022161007,0.011043400008929893,0.0003324999997857958
1.0,Borda LP3 ($ 	heta $ Only),5,57,0.0010513925244033475,,6,7,1,6,0.00010820759226557418,90.0,10.0,0.0010160999954678118,0.0023330999829340726,0.00020559999393299222,0.06448640002054162,0.18652190000284463,0.06356199999572709,0.01419980000355281,0.008243400021456182,0.00872360001085326,0.007620300020789728,0.00021589998505078256
1.0,Borda LP3 ($ 	heta $ Only),6,63,0.0016539521355388217,,6,10,0,10,0.00012243476173976094,70.0,30.0,0.0009616999886929989,0.00472490000538528,0.00030120002338662744,0.05964150000363588,0.1323870999913197,0.045299200020963326,0.009696399996755645,0.010364899993874133,0.008603900001617149,0.010831399995367974,0.00039739999920129776
1.0,Borda LP3 ($ 	heta $ Only),7,70,0.0013644138155355465,,8,7,1,6,0.00011682394547472674,60.0,40.0,0.0009459000139031559,0.0023848999990150332,0.00018839997937902808,0.07078040001215413,0.0902314999839291,0.03228069999022409,0.011295000003883615,0.015620899997884408,0.014196100004483014,0.008066499984124675,0.00021430000197142363
1.0,Borda LP3 ($ 	heta $ Only),8,78,0.0018413731286162575,,4,8,3,5,0.00011659294452807547,70.0,30.0,0.00095420001889579,0.003195099998265505,0.0005865999846719205,0.07775860000401735,0.12023820000467822,0.03775699998368509,0.011082599987275898,0.009388200007379055,0.010991299990564585,0.013361900026211515,0.0002274000144097954
1.0,Borda LP3 ($ 	heta $ Only),9,87,0.001439066537383787,,2,6,1,5,0.00012961202323894634,90.0,10.0,0.0011623000027611852,0.0028602000093087554,0.00021619998733513057,0.08277839998481795,0.1336328999896068,0.044146500003989786,0.015438600006746128,0.013720900024054572,0.016571300016948953,0.015172500017797574,0.0002373000024817884
1.0,Borda LP3 ($ 	heta $ Only),10,97,0.0011317933712123589,,5,5,0,5,0.00011439152175928142,70.0,30.0,0.0017986000166274607,0.002335600001970306,0.0002060999977402389,0.06562969999504276,0.12082899999222718,0.05002909997710958,0.007871999987401068,0.012839400005759671,0.00838000001385808,0.01244979997863993,0.00022360001457855105
1.0,Borda LP3 ($ 	heta $ Only),11,108,0.001609054825445192,,1,10,1,9,0.0001676551853455948,90.0,10.0,0.000953600014327094,0.004876999999396503,0.0006426000036299229,0.0698870999913197,0.12063940000371076,0.07384019999881275,0.00922310000169091,0.012960699998075143,0.013448099984088913,0.013344999984838068,0.0003116000152658671
1.0,Borda LP3 ($ 	heta $ Only),12,120,0.0017274484525256722,,2,9,5,4,0.00017461171571371429,90.0,10.0,0.0012203000078443438,0.0024890000058803707,0.0001976999919861555,0.07906260000891052,0.10723819999839179,0.030911600013496354,0.009188600000925362,0.008341000007931143,0.012299599999096245,0.0107875999819953,0.0005906999867875129
1.0,Borda LP3 ($ 	heta $ Only),13,133,0.0021835638262347,,5,9,1,8,0.00017443861229222228,90.0,10.0,0.0010765000188257545,0.0030196000006981194,0.00020890001906082034,0.08846080000512302,0.11251300000003539,0.04333139999653213,0.011007799999788404,0.01107189999311231,0.00791019998723641,0.012879799993243068,0.00022170000011101365
1.0,Borda LP3 ($ 	heta $ Only),14,147,0.0012212071441428693,,0,7,0,7,0.0001317765353023985,90.0,10.0,0.0011495000217109919,0.002636799996253103,6.319998647086322e-05,0.08009440000751056,0.11849549997714348,0.06768290000036359,0.013932700006989762,0.01106009999057278,0.013035299984039739,0.01455679998616688,0.0004522999806795269
1.0,Borda LP3 ($ 	heta $ Only),15,162,0.00021902240819862877,,4,3,0,3,0.00021902240819862877,40.0,60.0,0.0009544999920763075,0.006162999983644113,0.00022050002007745206,0.06881319999229163,0.15249670000048354,0.06842940000933595,0.010881900001550093,0.010348699986934662,0.007993699982762337,0.011035999981686473,0.0002263000060338527
1.0,Borda LP3 ($ 	heta $ Only),16,178,0.0030576203624521495,,2,14,7,7,0.00017672678770519395,80.0,20.0,0.0011103999859187752,0.0027860999980475754,0.0002243999915663153,0.0735852999787312,0.1447852999845054,0.04268330000923015,0.008442700025625527,0.01382039999589324,0.012841500021750107,0.010666499991202727,0.0018428000039421022
1.0,Borda LP3 ($ 	heta $ Only),17,195,0.000859924081670021,,6,3,2,1,5.9993098333638256e-05,40.0,60.0,0.0018808000022545457,0.00236309997853823,0.00019580000662244856,0.07069629998295568,0.12106059998041019,0.047733499988680705,0.007593099988298491,0.008607600000686944,0.007375199988018721,0.008135700016282499,0.0004054000019095838
1.0,Borda LP3 ($ 	heta $ Only),18,213,0.0,,11,0,0,0,0.0,0.0,100.0,0.0009618999902158976,0.002399899996817112,0.00018540001474320889,0.07462259999010712,0.10858209998696111,0.10849489999236539,0.01072540000313893,0.009246199973858893,0.0088421999826096,0.010727199987741187,0.000354000017978251
1.0,Borda LP3 ($ 	heta $ Only),19,232,0.0014156124564382595,,8,6,0,6,0.00018381070148660848,70.0,30.0,0.0014442999963648617,0.003456300008110702,0.0002770999853964895,0.06674690000363626,0.14886090002255514,0.06425019999733195,0.007938299997476861,0.010892899997998029,0.011406000005081296,0.007977699977345765,0.0002094999945256859
1.0,Borda LP3 ($ 	heta $ Only),20,252,0.002030661341187267,,9,12,0,12,0.00016077455236654237,90.0,10.0,0.0009649000130593777,0.009011400019517168,0.0004196000227238983,0.06976770001347177,0.10392010002397001,0.054334000014932826,0.00961999999708496,0.010536299989325926,0.008013299986487255,0.012339000008068979,0.00020479998784139752
1.0,Borda LP3 ($ 	heta $ Only),21,273,0.003064968796454861,,6,15,4,11,0.0001814378840770865,90.0,10.0,0.0011947999882977456,0.002513600018573925,0.0001981999957934022,0.07953109999652952,0.12018209998495877,0.05604070000117645,0.008967800007667392,0.010588699980871752,0.010795899986987934,0.008721999998670071,0.000218700006371364
1.0,Borda LP3 ($ 	heta $ Only),22,295,0.0014964374135881429,,6,6,0,6,7.830058024021631e-05,70.0,30.0,0.004308800009312108,0.004259399982402101,0.0002108000044245273,0.08943560000625439,0.11585740000009537,0.06093740000505932,0.011086099984822795,0.007371599989710376,0.01087640001787804,0.014884400006849319,0.00047909998102113605
1.0,Borda LP3 ($ 	heta $ Only),23,318,0.00226083960713095,,9,12,1,11,0.0001475526247642098,90.0,10.0,0.004069499991601333,0.002623500011395663,0.00021800000104121864,0.1898075999924913,0.14137669999036007,0.06584530000691302,0.010328000003937632,0.008628099982161075,0.011605800013057888,0.011022899998351932,0.0005175999831408262
1.0,Borda LP3 ($ 	heta $ Only),24,342,0.0023297980848361296,,3,9,0,9,0.00017338374545015087,90.0,10.0,0.0010041000205092132,0.0037757999962195754,0.0003161999920848757,0.07791289998567663,0.09926139999879524,0.05169500000192784,0.011184800008777529,0.013798600004520267,0.008574899984523654,0.013095300004351884,0.00023289999808184803
1.0,Borda LP3 ($ 	heta $ Only),25,367,0.0006266763300390608,,5,2,0,2,5.294307540896402e-05,30.0,70.0,0.0009561999759171158,0.003079100017203018,0.00020500001846812665,0.07313659999636002,0.12082410001312383,0.047532099997624755,0.008011800004169345,0.01032689999556169,0.010100500017870218,0.0092898000148125,0.00040610000723972917
1.0,Borda LP3 ($ 	heta $ Only),26,393,0.0019425868185599052,,5,8,2,6,0.00012589633228542667,90.0,10.0,0.0009468000207562,0.0029645999893546104,0.00020219999714754522,0.07570630000554956,0.1244388000050094,0.045412100007524714,0.012183000013465062,0.007629700005054474,0.011293599993223324,0.012547199992695823,0.00022050002007745206
1.0,Borda LP3 ($ 	heta $ Only),27,420,0.0029728974456330413,,1,14,6,8,0.00022635856484506665,80.0,20.0,0.001184699998702854,0.0027145000058226287,0.00021689999266527593,0.09855210001114756,0.12869430001592264,0.03610100000514649,0.009786099981283769,0.012712499999906868,0.008558600005926564,0.011673800006974488,0.0002423000114504248
1.0,Borda LP3 ($ 	heta $ Only),28,448,0.0022364511214615886,,1,8,0,8,0.0002169976841311868,80.0,20.0,0.0009563000057823956,0.0028992000152356923,0.00021689999266527593,0.06424519998836331,0.13981809999677353,0.03679089999059215,0.01333889999659732,0.01390619997982867,0.012118999991798773,0.010499500000150874,0.00044329999946057796
1.0,Borda LP3 ($ 	heta $ Only),29,477,0.0017456550487608756,,9,7,3,4,9.860883262262237e-05,70.0,30.0,0.003595699992729351,0.0025726000021677464,0.00019210000755265355,0.07079599998542108,0.09155789998476394,0.044063699984690174,0.007666699995752424,0.007867899985285476,0.006828599987784401,0.00828209999599494,0.00037150000571273267
1.0,Borda LP3 ($ 	heta $ Only),30,507,0.0032768925069604927,,7,12,7,5,0.0001452478366774549,80.0,20.0,0.0009530000097583979,0.0024037999974098057,0.00018840000848285854,0.0713670999975875,0.2863477999926545,0.03910870000254363,0.011400599993066862,0.010593899991363287,0.007429699995554984,0.011974099994404241,0.00021460000425577164
1.0,Borda LP3 ($ 	heta $ Only),31,538,0.000835299610661454,,12,5,0,5,8.741775764170725e-05,80.0,20.0,0.0011513000063132495,0.0027753000031225383,0.0002099999983329326,0.08043889998225495,0.1477454999985639,0.10043719998793676,0.007374199980404228,0.012392300006467849,0.01674789999378845,0.014538499992340803,0.0001928000128827989
1.0,Borda LP3 ($ 	heta $ Only),32,570,0.0017970377445728082,,5,10,2,8,0.00013469568915566916,70.0,30.0,0.0015147000085562468,0.0027011999918613583,0.00029349999385885894,0.14471369999228045,0.10526690000551753,0.08023619998130016,0.009512299991911277,0.010651800024788827,0.013862100022379309,0.01040830000420101,0.0012030000216327608
1.0,Borda LP3 ($ 	heta $ Only),33,603,0.002354347291076474,,3,3,2,1,0.00016240138542048901,80.0,20.0,0.0018115999992005527,0.0039898999966681,0.0003074000123888254,0.08799870000802912,0.12893310000072233,0.03542929998366162,0.013186600001063198,0.01384249998955056,0.012866500008385628,0.00903620000462979,0.0002334000018890947
1.0,Borda LP3 ($ 	heta $ Only),34,637,0.0021000594655777045,,7,8,0,8,0.00015637796843704873,80.0,20.0,0.0009572999842930585,0.005814900010591373,0.0002060999977402389,0.0710317000048235,0.13461540002026595,0.09254189999774098,0.008282399998279288,0.012111799995182082,0.012282000010600314,0.009167799988063052,0.0003895999980159104
1.0,Borda LP3 ($ 	heta $ Only),35,672,0.0,,2,0,0,0,0.0,0.0,100.0,0.0035843000223394483,0.0035703000030480325,0.00021970001398585737,0.08493390001240186,0.12962260001222603,0.0546567999990657,0.011144899995997548,0.008636799990199506,0.010877599997911602,0.014375500002643093,0.00023110001347959042
1.0,Borda LP3 ($ 	heta $ Only),36,708,0.0010106797506554664,,3,4,0,4,7.896685011296696e-05,70.0,30.0,0.0011525999871082604,0.0028583999956026673,0.0003115000145044178,0.06671389998518862,0.12909919998492114,0.0601547000114806,0.015635999996447936,0.015264299989212304,0.008832599996821955,0.01129590001073666,0.00023209999199025333
1.0,Borda LP3 ($ 	heta $ Only),37,745,0.0020200711169296812,,8,7,3,4,0.00011871825809789674,90.0,10.0,0.0015543999907094985,0.0023385999957099557,0.0001956000050995499,0.07637120000435971,0.1119466999953147,0.17014140001265332,0.013093399989884347,0.020737299986649305,0.0131861999980174,0.016574999986914918,0.000378700002329424
1.0,Borda LP3 ($ 	heta $ Only),38,783,0.0009071040184088797,,8,4,1,3,9.410594821004106e-05,80.0,20.0,0.0009703999967314303,0.006848199991509318,0.0003023000026587397,0.07650190001004376,0.1234483000007458,0.0466080000041984,0.012188900000182912,0.007364199991570786,0.01343660001293756,0.010602900001686066,0.00028700000257231295
1.0,Borda LP3 ($ 	heta $ Only),39,822,0.0024590886711458137,,0,10,3,7,0.0001892771822673101,90.0,10.0,0.0011165000032633543,0.003991100005805492,8.239998714998364e-05,0.08482779999030754,0.14550929999677464,0.04625030001625419,0.011649699998088181,0.012064200011081994,0.009939500014297664,0.014142400003038347,0.00024649998522363603
1.0,Borda LP3 ($ 	heta $ Only),40,862,0.0017687157165181555,,6,8,0,8,0.00010613666126926255,80.0,20.0,0.0011703000054694712,0.003086899989284575,0.0006733999762218446,0.08701049999217503,0.12329930000123568,0.042832400009501725,0.0077049999963492155,0.008708100009243935,0.008609999989857897,0.009270899987313896,0.00021769999875687063
1.0,Borda LP3 ($ 	heta $ Only),41,903,0.0011254492252997185,,7,6,1,5,0.0001274500271184218,80.0,20.0,0.0037484999920707196,0.0023535999935120344,0.00019550000433810055,0.07024210001691245,0.1147509999864269,0.06155440001748502,0.013225100003182888,0.018128499999875203,0.00796059999265708,0.0132203999964986,0.00021159998141229153
1.0,Borda LP3 ($ 	heta $ Only),42,945,0.0018964402929934556,,7,11,1,10,0.00010582319933710247,70.0,30.0,0.0009546999935992062,0.005768099974375218,0.0003530999820213765,0.0708710000035353,0.10863420000532642,0.03962400002637878,0.008824599994113669,0.00719619999290444,0.008971500006737188,0.00840059999609366,0.0003921999887097627
1.0,Borda LP3 ($ 	heta $ Only),43,988,0.0024109164065530477,,2,13,2,11,0.00019925830374487098,80.0,20.0,0.0009759000095073134,0.0031663999834563583,0.00022899999748915434,0.08060159999877214,0.12749319997965358,0.055723899975419044,0.016070400015451014,0.008916799997678027,0.013988099992275238,0.01348249998409301,0.00043509999522939324
1.0,Borda LP3 ($ 	heta $ Only),44,1032,0.0032049973019114574,,1,12,8,4,0.00024685870675951466,90.0,10.0,0.0009677000052761286,0.0025338999985251576,0.00021200001356191933,0.0793833999778144,0.1963652000122238,0.03301610000198707,0.01151199999731034,0.014538299990817904,0.009174899983918294,0.0148621000116691,0.0002618000144138932
1.0,Borda LP3 ($ 	heta $ Only),45,1077,0.0031004951991884635,,0,13,4,9,0.000203745897260522,90.0,10.0,0.0016563999815844,0.0035348999954294413,8.379999781027436e-05,0.08209330000681803,0.17040570001699962,0.039281100005609915,0.010076599981402978,0.009508000017376617,0.009051799977896735,0.009390199993504211,0.00024759999359957874
1.0,Borda LP3 ($ 	heta $ Only),46,1123,0.0015761014507063506,,8,9,1,8,0.00012365583289346052,70.0,30.0,0.003791900002397597,0.005823299987241626,0.0005741000059060752,0.07378669999889098,0.1294149000023026,0.05631600000197068,0.008608999982243404,0.009988000005250797,0.00780210000812076,0.01229430001694709,0.00020860001677647233
1.0,Borda LP3 ($ 	heta $ Only),47,1170,0.0021135809279287606,,7,9,1,8,0.00014139630509608095,90.0,10.0,0.0011509000032674521,0.005758600018452853,0.00033579999580979347,0.06814819999272004,0.08994299999903888,0.053110299981199205,0.011594799987506121,0.013936900009866804,0.012437600002158433,0.008558400004403666,0.0002710999979171902
1.0,Borda LP3 ($ 	heta $ Only),48,1218,0.002113154890781204,,5,11,0,11,0.00015239687786832595,90.0,10.0,0.004155600006924942,0.0023988000175449997,0.00021410000044852495,0.07305510001606308,0.12438389999442734,0.061925699992571026,0.014109099982306361,0.01248400000622496,0.008498000010149553,0.010990699985995889,0.00022499999613501132
1.0,Borda LP3 ($ 	heta $ Only),49,1267,0.0020506296638917025,,1,8,2,6,0.00017507200144130022,90.0,10.0,0.0014434000186156482,0.00238690001424402,0.00020580002455972135,0.07326139998622239,0.1592788000125438,0.07103319998714142,0.014763499988475814,0.015175500011537224,0.01355810000677593,0.009283299994422123,0.00023969999165274203
1.0,Linear BTL,0,42,,-87.99091372024725,3,11,5,6,,,,0.002638000005390495,0.008681999985128641,0.0007765000045765191,0.1702608999912627,0.11679119998007081,0.03928569998242892,0.018901100003859028,0.012388400005875155,0.009327499981736764,0.013577799982158467,0.0004250000056345016
1.0,Linear BTL,1,43,,-90.7873379563579,7,11,2,9,,,,0.0009563000057823956,0.005956699984380975,0.0003066000062972307,0.0858033999975305,0.11582340000313707,0.03873400000156835,0.011284400010481477,0.007566699991002679,0.009511200012639165,0.0077791000076103956,0.00021540001034736633
1.0,Linear BTL,2,45,,-85.26224196309565,0,15,3,12,,,,0.0009592999995220453,0.003244200022891164,6.280001252889633e-05,0.0751831000088714,0.12907949998043478,0.036936999997124076,0.01276539999525994,0.012477100011892617,0.010173100017709658,0.010660300002200529,0.00024839999969117343
1.0,Linear BTL,3,48,,-75.55266496100484,2,6,1,5,,,,0.004503400006797165,0.0032278000144287944,0.0003150000120513141,0.1016996999969706,0.12757489999057725,0.04837689999840222,0.01218479999806732,0.008815400011371821,0.013711599982343614,0.0132203999964986,0.00023449998116120696
1.0,Linear BTL,4,52,,-91.63186880539406,11,7,0,7,,,,0.0011630000080913305,0.0032291999959852546,0.0002103000006172806,0.07379409999703057,0.1650962999847252,0.06809240000438876,0.015740000002551824,0.0067242000077385455,0.014160200022161007,0.011043400008929893,0.0003324999997857958
1.0,Linear BTL,5,57,,-89.10833212637166,6,4,0,4,,,,0.0010160999954678118,0.0023330999829340726,0.00020559999393299222,0.06448640002054162,0.18652190000284463,0.06356199999572709,0.01419980000355281,0.008243400021456182,0.00872360001085326,0.007620300020789728,0.00021589998505078256
1.0,Linear BTL,6,63,,-86.2298566089751,6,10,0,10,,,,0.0009616999886929989,0.00472490000538528,0.00030120002338662744,0.05964150000363588,0.1323870999913197,0.045299200020963326,0.009696399996755645,0.010364899993874133,0.008603900001617149,0.010831399995367974,0.00039739999920129776
1.0,Linear BTL,7,70,,-89.43741791890018,8,8,1,7,,,,0.0009459000139031559,0.0023848999990150332,0.00018839997937902808,0.07078040001215413,0.0902314999839291,0.03228069999022409,0.011295000003883615,0.015620899997884408,0.014196100004483014,0.008066499984124675,0.00021430000197142363
1.0,Linear BTL,8,78,,-80.12035114679517,4,8,3,5,,,,0.00095420001889579,0.003195099998265505,0.0005865999846719205,0.07775860000401735,0.12023820000467822,0.03775699998368509,0.011082599987275898,0.009388200007379055,0.010991299990564585,0.013361900026211515,0.0002274000144097954
1.0,Linear BTL,9,87,,-83.92003424197316,2,5,0,5,,,,0.0011623000027611852,0.0028602000093087554,0.00021619998733513057,0.08277839998481795,0.1336328999896068,0.044146500003989786,0.015438600006746128,0.013720900024054572,0.016571300016948953,0.015172500017797574,0.0002373000024817884
1.0,Linear BTL,10,97,,-81.55191483116644,5,6,0,6,,,,0.0017986000166274607,0.002335600001970306,0.0002060999977402389,0.06562969999504276,0.12082899999222718,0.05002909997710958,0.007871999987401068,0.012839400005759671,0.00838000001385808,0.01244979997863993,0.00022360001457855105
1.0,Linear BTL,11,108,,-82.43101301658416,1,9,0,9,,,,0.000953600014327094,0.004876999999396503,0.0006426000036299229,0.0698870999913197,0.12063940000371076,0.07384019999881275,0.00922310000169091,0.012960699998075143,0.013448099984088913,0.013344999984838068,0.0003116000152658671
1.0,Linear BTL,12,120,,-70.44863265963104,2,9,3,6,,,,0.0012203000078443438,0.0024890000058803707,0.0001976999919861555,0.07906260000891052,0.10723819999839179,0.030911600013496354,0.009188600000925362,0.008341000007931143,0.012299599999096245,0.0107875999819953,0.0005906999867875129
1.0,Linear BTL,13,133,,-89.40081394791194,5,11,0,11,,,,0.0010765000188257545,0.0030196000006981194,0.00020890001906082034,0.08846080000512302,0.11251300000003539,0.04333139999653213,0.011007799999788404,0.01107189999311231,0.00791019998723641,0.012879799993243068,0.00022170000011101365
1.0,Linear BTL,14,147,,-80.67962162085615,0,8,0,8,,,,0.0011495000217109919,0.002636799996253103,6.319998647086322e-05,0.08009440000751056,0.11849549997714348,0.06768290000036359,0.013932700006989762,0.01106009999057278,0.013035299984039739,0.01455679998616688,0.0004522999806795269
1.0,Linear BTL,15,162,,-87.87974484788826,4,7,0,7,,,,0.0009544999920763075,0.006162999983644113,0.00022050002007745206,0.06881319999229163,0.15249670000048354,0.06842940000933595,0.010881900001550093,0.010348699986934662,0.007993699982762337,0.011035999981686473,0.0002263000060338527
1.0,Linear BTL,16,178,,-88.95631941081766,2,16,5,11,,,,0.0011103999859187752,0.0027860999980475754,0.0002243999915663153,0.0735852999787312,0.1447852999845054,0.04268330000923015,0.008442700025625527,0.01382039999589324,0.012841500021750107,0.010666499991202727,0.0018428000039421022
1.0,Linear BTL,17,195,,-80.1625339419824,6,5,3,2,,,,0.0018808000022545457,0.00236309997853823,0.00019580000662244856,0.07069629998295568,0.12106059998041019,0.047733499988680705,0.007593099988298491,0.008607600000686944,0.007375199988018721,0.008135700016282499,0.0004054000019095838
1.0,Linear BTL,18,213,,-90.40202729716655,11,3,0,3,,,,0.0009618999902158976,0.002399899996817112,0.00018540001474320889,0.07462259999010712,0.10858209998696111,0.10849489999236539,0.01072540000313893,0.009246199973858893,0.0088421999826096,0.010727199987741187,0.000354000017978251
1.0,Linear BTL,19,232,,-86.27237468466245,8,11,0,11,,,,0.0014442999963648617,0.003456300008110702,0.0002770999853964895,0.06674690000363626,0.14886090002255514,0.06425019999733195,0.007938299997476861,0.010892899997998029,0.011406000005081296,0.007977699977345765,0.0002094999945256859
1.0,Linear BTL,20,252,,-88.88761009193793,9,12,0,12,,,,0.0009649000130593777,0.009011400019517168,0.0004196000227238983,0.06976770001347177,0.10392010002397001,0.054334000014932826,0.00961999999708496,0.010536299989325926,0.008013299986487255,0.012339000008068979,0.00020479998784139752
1.0,Linear BTL,21,273,,-92.63605580142828,6,17,2,15,,,,0.0011947999882977456,0.002513600018573925,0.0001981999957934022,0.07953109999652952,0.12018209998495877,0.05604070000117645,0.008967800007667392,0.010588699980871752,0.010795899986987934,0.008721999998670071,0.000218700006371364
1.0,Linear BTL,22,295,,-84.66856306560521,6,8,0,8,,,,0.004308800009312108,0.004259399982402101,0.0002108000044245273,0.08943560000625439,0.11585740000009537,0.06093740000505932,0.011086099984822795,0.007371599989710376,0.01087640001787804,0.014884400006849319,0.00047909998102113605
1.0,Linear BTL,23,318,,-88.91474698376683,9,10,1,9,,,,0.004069499991601333,0.002623500011395663,0.00021800000104121864,0.1898075999924913,0.14137669999036007,0.06584530000691302,0.010328000003937632,0.008628099982161075,0.011605800013057888,0.011022899998351932,0.0005175999831408262
1.0,Linear BTL,24,342,,-89.30260973865742,3,10,0,10,,,,0.0010041000205092132,0.0037757999962195754,0.0003161999920848757,0.07791289998567663,0.09926139999879524,0.05169500000192784,0.011184800008777529,0.013798600004520267,0.008574899984523654,0.013095300004351884,0.00023289999808184803
1.0,Linear BTL,25,367,,-81.9160463114319,5,3,0,3,,,,0.0009561999759171158,0.003079100017203018,0.00020500001846812665,0.07313659999636002,0.12082410001312383,0.047532099997624755,0.008011800004169345,0.01032689999556169,0.010100500017870218,0.0092898000148125,0.00040610000723972917
1.0,Linear BTL,26,393,,-85.12961488536013,5,6,1,5,,,,0.0009468000207562,0.0029645999893546104,0.00020219999714754522,0.07570630000554956,0.1244388000050094,0.045412100007524714,0.012183000013465062,0.007629700005054474,0.011293599993223324,0.012547199992695823,0.00022050002007745206
1.0,Linear BTL,27,420,,-84.90554555406537,1,14,4,10,,,,0.001184699998702854,0.0027145000058226287,0.00021689999266527593,0.09855210001114756,0.12869430001592264,0.03610100000514649,0.009786099981283769,0.012712499999906868,0.008558600005926564,0.011673800006974488,0.0002423000114504248
1.0,Linear BTL,28,448,,-81.550634953949,1,12,0,12,,,,0.0009563000057823956,0.0028992000152356923,0.00021689999266527593,0.06424519998836331,0.13981809999677353,0.03679089999059215,0.01333889999659732,0.01390619997982867,0.012118999991798773,0.010499500000150874,0.00044329999946057796
1.0,Linear BTL,29,477,,-90.74356264562196,9,8,3,5,,,,0.003595699992729351,0.0025726000021677464,0.00019210000755265355,0.07079599998542108,0.09155789998476394,0.044063699984690174,0.007666699995752424,0.007867899985285476,0.006828599987784401,0.00828209999599494,0.00037150000571273267
1.0,Linear BTL,30,507,,-92.539696887253,7,17,5,12,,,,0.0009530000097583979,0.0024037999974098057,0.00018840000848285854,0.0713670999975875,0.2863477999926545,0.03910870000254363,0.011400599993066862,0.010593899991363287,0.007429699995554984,0.011974099994404241,0.00021460000425577164
1.0,Linear BTL,31,538,,-90.70234879939957,12,9,0,9,,,,0.0011513000063132495,0.0027753000031225383,0.0002099999983329326,0.08043889998225495,0.1477454999985639,0.10043719998793676,0.007374199980404228,0.012392300006467849,0.01674789999378845,0.014538499992340803,0.0001928000128827989
1.0,Linear BTL,32,570,,-86.81039513608505,5,12,2,10,,,,0.0015147000085562468,0.0027011999918613583,0.00029349999385885894,0.14471369999228045,0.10526690000551753,0.08023619998130016,0.009512299991911277,0.010651800024788827,0.013862100022379309,0.01040830000420101,0.0012030000216327608
1.0,Linear BTL,33,603,,-88.74652404151841,3,13,5,8,,,,0.0018115999992005527,0.0039898999966681,0.0003074000123888254,0.08799870000802912,0.12893310000072233,0.03542929998366162,0.013186600001063198,0.01384249998955056,0.012866500008385628,0.00903620000462979,0.0002334000018890947
1.0,Linear BTL,34,637,,-88.70354900878563,7,11,0,11,,,,0.0009572999842930585,0.005814900010591373,0.0002060999977402389,0.0710317000048235,0.13461540002026595,0.09254189999774098,0.008282399998279288,0.012111799995182082,0.012282000010600314,0.009167799988063052,0.0003895999980159104
1.0,Linear BTL,35,672,,-53.96445494667955,2,1,0,1,,,,0.0035843000223394483,0.0035703000030480325,0.00021970001398585737,0.08493390001240186,0.12962260001222603,0.0546567999990657,0.011144899995997548,0.008636799990199506,0.010877599997911602,0.014375500002643093,0.00023110001347959042
1.0,Linear BTL,36,708,,-65.85502375406955,3,4,0,4,,,,0.0011525999871082604,0.0028583999956026673,0.0003115000145044178,0.06671389998518862,0.12909919998492114,0.0601547000114806,0.015635999996447936,0.015264299989212304,0.008832599996821955,0.01129590001073666,0.00023209999199025333
1.0,Linear BTL,37,745,,-83.6723948466186,8,6,2,4,,,,0.0015543999907094985,0.0023385999957099557,0.0001956000050995499,0.07637120000435971,0.1119466999953147,0.17014140001265332,0.013093399989884347,0.020737299986649305,0.0131861999980174,0.016574999986914918,0.000378700002329424
1.0,Linear BTL,38,783,,-86.29673652463485,8,4,0,4,,,,0.0009703999967314303,0.006848199991509318,0.0003023000026587397,0.07650190001004376,0.1234483000007458,0.0466080000041984,0.012188900000182912,0.007364199991570786,0.01343660001293756,0.010602900001686066,0.00028700000257231295
1.0,Linear BTL,39,822,,-83.70488464613487,0,10,2,8,,,,0.0011165000032633543,0.003991100005805492,8.239998714998364e-05,0.08482779999030754,0.14550929999677464,0.04625030001625419,0.011649699998088181,0.012064200011081994,0.009939500014297664,0.014142400003038347,0.00024649998522363603
1.0,Linear BTL,40,862,,-87.9442329685199,6,11,0,11,,,,0.0011703000054694712,0.003086899989284575,0.0006733999762218446,0.08701049999217503,0.12329930000123568,0.042832400009501725,0.0077049999963492155,0.008708100009243935,0.008609999989857897,0.009270899987313896,0.00021769999875687063
1.0,Linear BTL,41,903,,-88.70574164110764,7,8,1,7,,,,0.0037484999920707196,0.0023535999935120344,0.00019550000433810055,0.07024210001691245,0.1147509999864269,0.06155440001748502,0.013225100003182888,0.018128499999875203,0.00796059999265708,0.0132203999964986,0.00021159998141229153
1.0,Linear BTL,42,945,,-88.22265630731356,7,9,0,9,,,,0.0009546999935992062,0.005768099974375218,0.0003530999820213765,0.0708710000035353,0.10863420000532642,0.03962400002637878,0.008824599994113669,0.00719619999290444,0.008971500006737188,0.00840059999609366,0.0003921999887097627
1.0,Linear BTL,43,988,,-86.87257842111445,2,13,2,11,,,,0.0009759000095073134,0.0031663999834563583,0.00022899999748915434,0.08060159999877214,0.12749319997965358,0.055723899975419044,0.016070400015451014,0.008916799997678027,0.013988099992275238,0.01348249998409301,0.00043509999522939324
1.0,Linear BTL,44,1032,,-87.790106524896,1,13,6,7,,,,0.0009677000052761286,0.0025338999985251576,0.00021200001356191933,0.0793833999778144,0.1963652000122238,0.03301610000198707,0.01151199999731034,0.014538299990817904,0.009174899983918294,0.0148621000116691,0.0002618000144138932
1.0,Linear BTL,45,1077,,-82.22523017715763,0,12,3,9,,,,0.0016563999815844,0.0035348999954294413,8.379999781027436e-05,0.08209330000681803,0.17040570001699962,0.039281100005609915,0.010076599981402978,0.009508000017376617,0.009051799977896735,0.009390199993504211,0.00024759999359957874
1.0,Linear BTL,46,1123,,-82.92433503119348,8,8,1,7,,,,0.003791900002397597,0.005823299987241626,0.0005741000059060752,0.07378669999889098,0.1294149000023026,0.05631600000197068,0.008608999982243404,0.009988000005250797,0.00780210000812076,0.01229430001694709,0.00020860001677647233
1.0,Linear BTL,47,1170,,-91.24391187330909,7,12,1,11,,,,0.0011509000032674521,0.005758600018452853,0.00033579999580979347,0.06814819999272004,0.08994299999903888,0.053110299981199205,0.011594799987506121,0.013936900009866804,0.012437600002158433,0.008558400004403666,0.0002710999979171902
1.0,Linear BTL,48,1218,,-89.04453088935227,5,13,0,13,,,,0.004155600006924942,0.0023988000175449997,0.00021410000044852495,0.07305510001606308,0.12438389999442734,0.061925699992571026,0.014109099982306361,0.01248400000622496,0.008498000010149553,0.010990699985995889,0.00022499999613501132
1.0,Linear BTL,49,1267,,-82.23193775403905,1,8,2,6,,,,0.0014434000186156482,0.00238690001424402,0.00020580002455972135,0.07326139998622239,0.1592788000125438,0.07103319998714142,0.014763499988475814,0.015175500011537224,0.01355810000677593,0.009283299994422123,0.00023969999165274203
