phi,model,trial,seed,objective,loss_value,fas_size,violation_percentage,po_violation_percentage,pmc_violation_percentage,num_violations,num_po_violations,num_pmc_violations,epsilon_l1_norm,epsilon_support_percentage,epsilon_sparsity,time_Data Generation,time_Graph Construction,time_Feedback Arc Set,time_LP2 Solve,time_LP3 Solve,time_BTL Model Fitting,time_Old LP Evaluation,time_New LP Evaluation,time_BTL Evaluation
0.0,LP2 ($\theta$ Only),0,42,0.0,,0,0.0,0.0,0.0,0,0,0,0.0,0.0,100.0,0.022871900000609457,0.09774749993812293,0.0011898999800905585,2.3545346000464633,3.464131599990651,17.938610000070184,0.5946758999489248,0.7025273999897763,0.005043199984356761
0.0,LP2 ($\theta$ Only),1,43,0.0,,0,0.0,0.0,0.0,0,0,0,0.0,0.0,100.0,0.01837489998433739,0.08903330005705357,0.0002930000191554427,1.6754452999448404,3.0427319000009447,17.77140359999612,0.5885863999137655,0.5472226999700069,0.005023799953050911
0.0,LP2 ($\theta$ Only),2,45,0.0,,0,0.0,0.0,0.0,0,0,0,0.0,0.0,100.0,0.023276800056919456,0.07851329992990941,0.00025690009351819754,1.682365300017409,2.991294499952346,17.654432600014843,0.5541376000037417,0.6168384000193328,0.005045800004154444
0.0,LP2 ($\theta$ Only),3,48,0.0,,0,0.0,0.0,0.0,0,0,0,0.0,0.0,100.0,0.023405899992212653,0.07479240000247955,0.0002449000021442771,1.7392614000709727,3.1565421998966485,19.669367099995725,0.5787458999548107,0.5477037000237033,0.00848670001141727
0.0,LP2 ($\theta$ Only),4,52,0.0,,0,0.0,0.0,0.0,0,0,0,0.0,0.0,100.0,0.02090260002296418,0.0827336999354884,0.00027660001069307327,1.4821820999495685,3.2500247000716627,19.754567499971017,0.6249048999743536,0.6245205999584869,0.009832999901846051
0.0,LP2 ($\theta$ Only),5,57,0.0,,0,0.0,0.0,0.0,0,0,0,0.0,0.0,100.0,0.016069900011643767,0.08889630006160587,0.00024669989943504333,1.9399468000046909,3.843567500007339,23.047089600004256,0.6351624999660999,0.5725008000154048,0.010062399902381003
0.0,LP2 ($\theta$ Only),6,63,0.0,,0,0.0,0.0,0.0,0,0,0,0.0,0.0,100.0,0.01849909999873489,0.07748239999637008,0.0002770000137388706,1.7087370000081137,3.110947099979967,18.156841900083236,0.8078551000216976,0.5852228000294417,0.00944519997574389
0.0,LP2 ($\theta$ Only),7,70,0.0,,0,0.0,0.0,0.0,0,0,0,0.0,0.0,100.0,0.019581999978981912,0.07951330009382218,0.00028200005181133747,1.8771144000347704,3.2156208000378683,17.51203580002766,0.558386699995026,0.6158010999206454,0.007554600015282631
0.0,LP2 ($\theta$ Only),8,78,0.0,,0,0.0,0.0,0.0,0,0,0,0.0,0.0,100.0,0.018995700054802,0.08190350001677871,0.0002772000152617693,1.637729199952446,3.398114899988286,17.30898420000449,0.5902689999202266,0.5943624000065029,0.005175700061954558
0.0,LP2 ($\theta$ Only),9,87,0.0,,0,0.0,0.0,0.0,0,0,0,0.0,0.0,100.0,0.01669449999462813,0.09157519997097552,0.00034629995934665203,1.4535044999793172,3.301327900029719,18.017097600037232,0.6012361999601126,0.550920799956657,0.004993799957446754
0.0,LP2 ($\theta$ Only),10,97,0.0,,0,0.0,0.0,0.0,0,0,0,0.0,0.0,100.0,0.02517400006763637,0.07947640004567802,0.00027980003505945206,1.8290007000323385,3.0121941999532282,17.589061800041236,0.5517303999513388,0.6118995000142604,0.005031000007875264
0.0,LP2 ($\theta$ Only),11,108,0.0,,0,0.0,0.0,0.0,0,0,0,0.0,0.0,100.0,0.018417299957945943,0.08068190002813935,0.0005873000482097268,1.7574998000636697,3.0072254000697285,19.9440815000562,0.5662235000636429,0.6167820000555366,0.007198299979791045
0.0,LP2 ($\theta$ Only),12,120,0.0,,0,0.0,0.0,0.0,0,0,0,0.0,0.0,100.0,0.021219199988991022,0.08797900006175041,0.0005854000337421894,1.9536512999329716,3.497006200021133,15.882616300019436,0.5792442000238225,0.5718280000146478,0.005472799995914102
0.0,LP2 ($\theta$ Only),13,133,0.0,,0,0.0,0.0,0.0,0,0,0,0.0,0.0,100.0,0.018503400031477213,0.12291240005288273,0.00032670004293322563,1.5734693999402225,3.2493767000269145,21.620646200026385,0.6102409999584779,0.5883545000106096,0.00887459993828088
0.0,LP2 ($\theta$ Only),14,147,0.0,,0,0.0,0.0,0.0,0,0,0,0.0,0.0,100.0,0.0187200999353081,0.08173400000669062,0.0005739000625908375,1.8048664999660105,2.992979899980128,17.083433900028467,0.5560853999340907,0.562569799949415,0.005041299969889224
0.0,LP2 ($\theta$ Only),15,162,0.0,,0,0.0,0.0,0.0,0,0,0,0.0,0.0,100.0,0.01579380000475794,0.08984360005706549,0.00027439999394118786,1.849951900076121,2.996521000051871,16.674455599975772,0.5698569999076426,0.541326200007461,0.004991699941456318
0.0,LP2 ($\theta$ Only),16,178,0.0,,0,0.0,0.0,0.0,0,0,0,0.0,0.0,100.0,0.03561059990897775,0.09050539997406304,0.0003349999897181988,1.8032744000665843,3.2357309999642894,16.51580259995535,0.5648463999386877,0.6030030000256374,0.005689900019206107
0.0,LP2 ($\theta$ Only),17,195,0.0,,0,0.0,0.0,0.0,0,0,0,0.0,0.0,100.0,0.030854900018312037,0.08001079992391169,0.0002894999925047159,1.453654499957338,3.659711299929768,19.978460400016047,0.7170941999647766,0.5538200999144465,0.005009599961340427
0.0,LP2 ($\theta$ Only),18,213,0.0,,0,0.0,0.0,0.0,0,0,0,0.0,0.0,100.0,0.018611100036650896,0.08015709999017417,0.0002481999108567834,1.7287228000350296,3.215410999953747,21.582348399912007,0.7619483000598848,0.572127899969928,0.005065600038506091
0.0,LP2 ($\theta$ Only),19,232,0.0,,0,0.0,0.0,0.0,0,0,0,0.0,0.0,100.0,0.01649469998665154,0.09374799998477101,0.0005766999674960971,1.6805345000466332,3.2166433999082074,17.40576879994478,0.5553099999669939,0.6145431000040844,0.005027499981224537
0.0,LP3 ($\theta$ Only),0,42,0.0,,0,0.0,0.0,0.0,0,0,0,0.0,0.0,100.0,0.022871900000609457,0.09774749993812293,0.0011898999800905585,2.3545346000464633,3.464131599990651,17.938610000070184,0.5946758999489248,0.7025273999897763,0.005043199984356761
0.0,LP3 ($\theta$ Only),1,43,0.0,,0,0.0,0.0,0.0,0,0,0,0.0,0.0,100.0,0.01837489998433739,0.08903330005705357,0.0002930000191554427,1.6754452999448404,3.0427319000009447,17.77140359999612,0.5885863999137655,0.5472226999700069,0.005023799953050911
0.0,LP3 ($\theta$ Only),2,45,0.0,,0,0.0,0.0,0.0,0,0,0,0.0,0.0,100.0,0.023276800056919456,0.07851329992990941,0.00025690009351819754,1.682365300017409,2.991294499952346,17.654432600014843,0.5541376000037417,0.6168384000193328,0.005045800004154444
0.0,LP3 ($\theta$ Only),3,48,0.0,,0,0.0,0.0,0.0,0,0,0,0.0,0.0,100.0,0.023405899992212653,0.07479240000247955,0.0002449000021442771,1.7392614000709727,3.1565421998966485,19.669367099995725,0.5787458999548107,0.5477037000237033,0.00848670001141727
0.0,LP3 ($\theta$ Only),4,52,0.0,,0,0.0,0.0,0.0,0,0,0,0.0,0.0,100.0,0.02090260002296418,0.0827336999354884,0.00027660001069307327,1.4821820999495685,3.2500247000716627,19.754567499971017,0.6249048999743536,0.6245205999584869,0.009832999901846051
0.0,LP3 ($\theta$ Only),5,57,0.0,,0,0.0,0.0,0.0,0,0,0,0.0,0.0,100.0,0.016069900011643767,0.08889630006160587,0.00024669989943504333,1.9399468000046909,3.843567500007339,23.047089600004256,0.6351624999660999,0.5725008000154048,0.010062399902381003
0.0,LP3 ($\theta$ Only),6,63,0.0,,0,0.0,0.0,0.0,0,0,0,0.0,0.0,100.0,0.01849909999873489,0.07748239999637008,0.0002770000137388706,1.7087370000081137,3.110947099979967,18.156841900083236,0.8078551000216976,0.5852228000294417,0.00944519997574389
0.0,LP3 ($\theta$ Only),7,70,0.0,,0,0.0,0.0,0.0,0,0,0,0.0,0.0,100.0,0.019581999978981912,0.07951330009382218,0.00028200005181133747,1.8771144000347704,3.2156208000378683,17.51203580002766,0.558386699995026,0.6158010999206454,0.007554600015282631
0.0,LP3 ($\theta$ Only),8,78,0.0,,0,0.0,0.0,0.0,0,0,0,0.0,0.0,100.0,0.018995700054802,0.08190350001677871,0.0002772000152617693,1.637729199952446,3.398114899988286,17.30898420000449,0.5902689999202266,0.5943624000065029,0.005175700061954558
0.0,LP3 ($\theta$ Only),9,87,0.0,,0,0.0,0.0,0.0,0,0,0,0.0,0.0,100.0,0.01669449999462813,0.09157519997097552,0.00034629995934665203,1.4535044999793172,3.301327900029719,18.017097600037232,0.6012361999601126,0.550920799956657,0.004993799957446754
0.0,LP3 ($\theta$ Only),10,97,0.0,,0,0.0,0.0,0.0,0,0,0,0.0,0.0,100.0,0.02517400006763637,0.07947640004567802,0.00027980003505945206,1.8290007000323385,3.0121941999532282,17.589061800041236,0.5517303999513388,0.6118995000142604,0.005031000007875264
0.0,LP3 ($\theta$ Only),11,108,0.0,,0,0.0,0.0,0.0,0,0,0,0.0,0.0,100.0,0.018417299957945943,0.08068190002813935,0.0005873000482097268,1.7574998000636697,3.0072254000697285,19.9440815000562,0.5662235000636429,0.6167820000555366,0.007198299979791045
0.0,LP3 ($\theta$ Only),12,120,0.0,,0,0.0,0.0,0.0,0,0,0,0.0,0.0,100.0,0.021219199988991022,0.08797900006175041,0.0005854000337421894,1.9536512999329716,3.497006200021133,15.882616300019436,0.5792442000238225,0.5718280000146478,0.005472799995914102
0.0,LP3 ($\theta$ Only),13,133,0.0,,0,0.0,0.0,0.0,0,0,0,0.0,0.0,100.0,0.018503400031477213,0.12291240005288273,0.00032670004293322563,1.5734693999402225,3.2493767000269145,21.620646200026385,0.6102409999584779,0.5883545000106096,0.00887459993828088
0.0,LP3 ($\theta$ Only),14,147,0.0,,0,0.0,0.0,0.0,0,0,0,0.0,0.0,100.0,0.0187200999353081,0.08173400000669062,0.0005739000625908375,1.8048664999660105,2.992979899980128,17.083433900028467,0.5560853999340907,0.562569799949415,0.005041299969889224
0.0,LP3 ($\theta$ Only),15,162,0.0,,0,0.0,0.0,0.0,0,0,0,0.0,0.0,100.0,0.01579380000475794,0.08984360005706549,0.00027439999394118786,1.849951900076121,2.996521000051871,16.674455599975772,0.5698569999076426,0.541326200007461,0.004991699941456318
0.0,LP3 ($\theta$ Only),16,178,0.0,,0,0.0,0.0,0.0,0,0,0,0.0,0.0,100.0,0.03561059990897775,0.09050539997406304,0.0003349999897181988,1.8032744000665843,3.2357309999642894,16.51580259995535,0.5648463999386877,0.6030030000256374,0.005689900019206107
0.0,LP3 ($\theta$ Only),17,195,0.0,,0,0.0,0.0,0.0,0,0,0,0.0,0.0,100.0,0.030854900018312037,0.08001079992391169,0.0002894999925047159,1.453654499957338,3.659711299929768,19.978460400016047,0.7170941999647766,0.5538200999144465,0.005009599961340427
0.0,LP3 ($\theta$ Only),18,213,0.0,,0,0.0,0.0,0.0,0,0,0,0.0,0.0,100.0,0.018611100036650896,0.08015709999017417,0.0002481999108567834,1.7287228000350296,3.215410999953747,21.582348399912007,0.7619483000598848,0.572127899969928,0.005065600038506091
0.0,LP3 ($\theta$ Only),19,232,0.0,,0,0.0,0.0,0.0,0,0,0,0.0,0.0,100.0,0.01649469998665154,0.09374799998477101,0.0005766999674960971,1.6805345000466332,3.2166433999082074,17.40576879994478,0.5553099999669939,0.6145431000040844,0.005027499981224537
0.0,Linear BTL,0,42,,-193.41178558932458,0,0.0,0.0,0.0,0,0,0,,,,0.022871900000609457,0.09774749993812293,0.0011898999800905585,2.3545346000464633,3.464131599990651,17.938610000070184,0.5946758999489248,0.7025273999897763,0.005043199984356761
0.0,Linear BTL,1,43,,-203.2599739469415,0,0.16326530612244897,0.16326530612244897,0.0,2,2,0,,,,0.01837489998433739,0.08903330005705357,0.0002930000191554427,1.6754452999448404,3.0427319000009447,17.77140359999612,0.5885863999137655,0.5472226999700069,0.005023799953050911
0.0,Linear BTL,2,45,,-242.68193476949128,0,0.0,0.0,0.0,0,0,0,,,,0.023276800056919456,0.07851329992990941,0.00025690009351819754,1.682365300017409,2.991294499952346,17.654432600014843,0.5541376000037417,0.6168384000193328,0.005045800004154444
0.0,Linear BTL,3,48,,-221.3038024336606,0,0.16326530612244897,0.16326530612244897,0.0,2,2,0,,,,0.023405899992212653,0.07479240000247955,0.0002449000021442771,1.7392614000709727,3.1565421998966485,19.669367099995725,0.5787458999548107,0.5477037000237033,0.00848670001141727
0.0,Linear BTL,4,52,,-235.00546764706863,0,0.0,0.0,0.0,0,0,0,,,,0.02090260002296418,0.0827336999354884,0.00027660001069307327,1.4821820999495685,3.2500247000716627,19.754567499971017,0.6249048999743536,0.6245205999584869,0.009832999901846051
0.0,Linear BTL,5,57,,-488.5828921075164,0,1.469387755102041,1.469387755102041,0.0,18,18,0,,,,0.016069900011643767,0.08889630006160587,0.00024669989943504333,1.9399468000046909,3.843567500007339,23.047089600004256,0.6351624999660999,0.5725008000154048,0.010062399902381003
0.0,Linear BTL,6,63,,-293.5161626916732,0,0.40816326530612246,0.40816326530612246,0.0,5,5,0,,,,0.01849909999873489,0.07748239999637008,0.0002770000137388706,1.7087370000081137,3.110947099979967,18.156841900083236,0.8078551000216976,0.5852228000294417,0.00944519997574389
0.0,Linear BTL,7,70,,-234.00792584728106,0,0.24489795918367346,0.24489795918367346,0.0,3,3,0,,,,0.019581999978981912,0.07951330009382218,0.00028200005181133747,1.8771144000347704,3.2156208000378683,17.51203580002766,0.558386699995026,0.6158010999206454,0.007554600015282631
0.0,Linear BTL,8,78,,-220.04386174347778,0,0.0,0.0,0.0,0,0,0,,,,0.018995700054802,0.08190350001677871,0.0002772000152617693,1.637729199952446,3.398114899988286,17.30898420000449,0.5902689999202266,0.5943624000065029,0.005175700061954558
0.0,Linear BTL,9,87,,-224.086420758881,0,0.08163265306122448,0.08163265306122448,0.0,1,1,0,,,,0.01669449999462813,0.09157519997097552,0.00034629995934665203,1.4535044999793172,3.301327900029719,18.017097600037232,0.6012361999601126,0.550920799956657,0.004993799957446754
0.0,Linear BTL,10,97,,-203.44777142682804,0,0.16326530612244897,0.16326530612244897,0.0,2,2,0,,,,0.02517400006763637,0.07947640004567802,0.00027980003505945206,1.8290007000323385,3.0121941999532282,17.589061800041236,0.5517303999513388,0.6118995000142604,0.005031000007875264
0.0,Linear BTL,11,108,,-206.52154221664193,0,0.0,0.0,0.0,0,0,0,,,,0.018417299957945943,0.08068190002813935,0.0005873000482097268,1.7574998000636697,3.0072254000697285,19.9440815000562,0.5662235000636429,0.6167820000555366,0.007198299979791045
0.0,Linear BTL,12,120,,-304.33997454410684,0,0.08163265306122448,0.08163265306122448,0.0,1,1,0,,,,0.021219199988991022,0.08797900006175041,0.0005854000337421894,1.9536512999329716,3.497006200021133,15.882616300019436,0.5792442000238225,0.5718280000146478,0.005472799995914102
0.0,Linear BTL,13,133,,-171.23059214583287,0,0.0,0.0,0.0,0,0,0,,,,0.018503400031477213,0.12291240005288273,0.00032670004293322563,1.5734693999402225,3.2493767000269145,21.620646200026385,0.6102409999584779,0.5883545000106096,0.00887459993828088
0.0,Linear BTL,14,147,,-348.48483892113273,0,0.08163265306122448,0.08163265306122448,0.0,1,1,0,,,,0.0187200999353081,0.08173400000669062,0.0005739000625908375,1.8048664999660105,2.992979899980128,17.083433900028467,0.5560853999340907,0.562569799949415,0.005041299969889224
0.0,Linear BTL,15,162,,-242.64678452414879,0,0.4897959183673469,0.4897959183673469,0.0,6,6,0,,,,0.01579380000475794,0.08984360005706549,0.00027439999394118786,1.849951900076121,2.996521000051871,16.674455599975772,0.5698569999076426,0.541326200007461,0.004991699941456318
0.0,Linear BTL,16,178,,-217.71893019844478,0,0.08163265306122448,0.08163265306122448,0.0,1,1,0,,,,0.03561059990897775,0.09050539997406304,0.0003349999897181988,1.8032744000665843,3.2357309999642894,16.51580259995535,0.5648463999386877,0.6030030000256374,0.005689900019206107
0.0,Linear BTL,17,195,,-204.70386499914966,0,0.0,0.0,0.0,0,0,0,,,,0.030854900018312037,0.08001079992391169,0.0002894999925047159,1.453654499957338,3.659711299929768,19.978460400016047,0.7170941999647766,0.5538200999144465,0.005009599961340427
0.0,Linear BTL,18,213,,-625.0334521545235,0,1.8775510204081634,1.8775510204081634,0.0,23,23,0,,,,0.018611100036650896,0.08015709999017417,0.0002481999108567834,1.7287228000350296,3.215410999953747,21.582348399912007,0.7619483000598848,0.572127899969928,0.005065600038506091
0.0,Linear BTL,19,232,,-235.35505734848252,0,0.08163265306122448,0.08163265306122448,0.0,1,1,0,,,,0.01649469998665154,0.09374799998477101,0.0005766999674960971,1.6805345000466332,3.2166433999082074,17.40576879994478,0.5553099999669939,0.6145431000040844,0.005027499981224537
0.1,LP2 ($\theta$ Only),0,42,0.0,,2,0.0,0.0,0.0,0,0,0,0.0,0.0,100.0,0.033209600020200014,0.08274350001011044,0.007297999924048781,1.7996226000832394,3.281765599967912,20.815724699990824,0.5448755000252277,0.6473006000742316,0.005256300093606114
0.1,LP2 ($\theta$ Only),1,43,0.0004126658726142723,,5,1.3114754098360655,0.0,5.673758865248227,16,0,16,0.00041266587261427223,26.0,74.0,0.019037900026887655,0.07291410001926124,0.008663499960675836,1.4554297000868246,3.3473306000232697,21.47579090006184,0.6475837000180036,0.5557872999925166,0.005408400087617338
0.1,LP2 ($\theta$ Only),2,45,0.00031210385758755424,,1,1.3071895424836601,0.0,5.734767025089606,16,0,16,0.00031210385758755424,20.0,80.0,0.019271599943749607,0.08548980008345097,0.004669999936595559,1.72928079997655,3.0843107000691816,21.82486749999225,0.5650681999977678,0.5742626000428572,0.00528350006788969
0.1,LP2 ($\theta$ Only),3,48,0.00011538999720229957,,6,0.4922067268252666,0.0,1.948051948051948,6,0,6,0.00011538999720229957,6.0,94.0,0.02460050000809133,0.12585120007861406,0.004473400069400668,1.6262421000283211,3.1005280000390485,22.460898100049235,0.7065740000689402,0.5672787000657991,0.005232400028035045
0.1,LP2 ($\theta$ Only),4,52,0.0,,4,0.0,0.0,0.0,0,0,0,0.0,0.0,100.0,0.019679400022141635,0.08397530007641762,0.005942800082266331,1.7553628000896424,3.230588800041005,20.689100899966434,0.5617450999561697,0.5492101999698207,0.005386699922382832
0.1,LP2 ($\theta$ Only),5,57,0.0,,2,0.0,0.0,0.0,0,0,0,0.0,0.0,100.0,0.016526699997484684,0.0814871999900788,0.004011000040918589,1.4586674999445677,3.444550200016238,25.917954099946655,0.8814816999947652,0.7948533999733627,0.010136199998669326
0.1,LP2 ($\theta$ Only),6,63,0.0004173151098779719,,4,1.4742014742014742,0.21621621621621623,5.405405405405405,18,2,16,0.000417315109877972,26.0,74.0,0.025443799910135567,0.0953188999556005,0.004117800039239228,1.7076582999434322,3.177701900014654,21.00278740003705,0.5835629999637604,0.5661018999526277,0.0052510000532492995
0.1,LP2 ($\theta$ Only),7,70,0.00034269466823574706,,6,1.804757998359311,0.3171247357293869,6.95970695970696,22,3,19,0.0003426946682357471,24.0,76.0,0.03605329990386963,0.07849330001045018,0.0043778999242931604,1.6817997000180185,3.079804499982856,25.030574699980207,0.8937053000554442,0.7347526999656111,0.013297499972395599
0.1,LP2 ($\theta$ Only),8,78,0.00040137395252527833,,2,1.553556827473426,0.10277492291880781,7.2,19,1,18,0.0004013739525252784,26.0,74.0,0.028516799909994006,0.10663599998224527,0.0069806999526917934,1.841359099955298,3.099490600056015,21.1497657999862,0.5532932999776676,0.5697886999696493,0.0052519000601023436
0.1,LP2 ($\theta$ Only),9,87,0.0002580370325262212,,4,1.0647010647010646,0.0,5.098039215686274,13,0,13,0.0002580370325262212,18.0,82.0,0.02304970007389784,0.07533560006413609,0.003558899974450469,1.661702699959278,3.2964957000222057,25.524963499978185,1.0217409000033513,0.9275910999858752,0.015199200017377734
0.1,LP2 ($\theta$ Only),10,97,0.0,,9,0.0,0.0,0.0,0,0,0,0.0,0.0,100.0,0.021925500012002885,0.1280674000736326,0.005961199989542365,1.8992377000395209,3.130568299908191,19.218648899928667,0.5586741999723017,0.5875998999690637,0.009970800019800663
0.1,LP2 ($\theta$ Only),11,108,0.0,,0,0.0,0.0,0.0,0,0,0,0.0,0.0,100.0,0.016237800009548664,0.08085250004660338,0.0005028999876230955,1.735655999975279,3.2117119999602437,20.00755370000843,0.6164840999990702,0.70431209995877,0.005340099916793406
0.1,LP2 ($\theta$ Only),12,120,0.0002098488320656777,,0,1.1428571428571428,0.0,4.844290657439446,14,0,14,0.00020984883206567773,16.0,84.0,0.016951900091953576,0.08116970001719892,0.00024809991009533405,1.6652104000095278,3.118958599981852,21.888296400080435,0.5704181999899447,0.6292262999340892,0.005335599998943508
0.1,LP2 ($\theta$ Only),13,133,0.00019958756175092243,,0,0.8163265306122449,0.0,3.3222591362126246,10,0,10,0.00019958756175092246,12.0,88.0,0.024449200020171702,0.07119350007269531,0.00024530000519007444,1.6826640999643132,3.381197299924679,22.744858400081284,0.5655217000748962,0.6241710000904277,0.007025300059467554
0.1,LP2 ($\theta$ Only),14,147,0.00032076477583169215,,4,0.7371007371007371,0.0,2.8846153846153846,9,0,9,0.0003207647758316922,18.0,82.0,0.018386500072665513,0.09490679996088147,0.004869299940764904,1.5258732000365853,3.2121897001052275,21.921997800003737,0.5683829999761656,0.5584534999215975,0.008167400024831295
0.1,LP2 ($\theta$ Only),15,162,0.0002980091806609968,,3,0.8183306055646481,0.0,3.676470588235294,10,0,10,0.00029800918066099686,22.0,78.0,0.02124319993890822,0.0729815000668168,0.006609800038859248,1.8298819999909028,3.0195848000003025,20.15208829997573,0.6116695000091568,0.5774148000637069,0.005834000068716705
0.1,LP2 ($\theta$ Only),16,178,0.0,,4,0.0,0.0,0.0,0,0,0,0.0,0.0,100.0,0.021084100008010864,0.07495709997601807,0.0034984999801963568,1.656820800038986,3.134960899944417,27.53095679997932,0.9675025000469759,1.3462789000477642,0.015763800009153783
0.1,LP2 ($\theta$ Only),17,195,0.00011984557359673882,,3,0.24549918166939444,0.0,0.9316770186335404,3,0,3,0.00011984557359673882,6.0,94.0,0.03918639989569783,0.23860200005583465,0.013680499978363514,3.5541916999500245,4.902993499999866,24.304879699950106,0.5759718999033794,0.5545748999575153,0.01101709995418787
0.1,LP2 ($\theta$ Only),18,213,0.0,,1,0.0,0.0,0.0,0,0,0,0.0,0.0,100.0,0.018216699943877757,0.07464329991489649,0.006946200039237738,1.756185100064613,3.0966814999701455,21.259855900076218,0.5710294999880716,0.5469474999699742,0.005612700013443828
0.1,LP2 ($\theta$ Only),19,232,0.00026059934709769366,,3,1.3911620294599019,0.32397408207343414,4.72972972972973,17,3,14,0.00026059934709769366,14.0,86.0,0.018272100016474724,0.08856249996460974,0.007137200096622109,1.761928900028579,3.1757339999312535,23.443471800070256,0.5562263000756502,0.6073009000392631,0.005477000027894974
0.1,LP3 ($\theta$ Only),0,42,0.0,,2,0.0,0.0,0.0,0,0,0,0.0,0.0,100.0,0.033209600020200014,0.08274350001011044,0.007297999924048781,1.7996226000832394,3.281765599967912,20.815724699990824,0.5448755000252277,0.6473006000742316,0.005256300093606114
0.1,LP3 ($\theta$ Only),1,43,0.006351535276706432,,5,1.2295081967213115,0.0,5.319148936170213,15,0,15,0.000762814893328743,82.0,18.0,0.019037900026887655,0.07291410001926124,0.008663499960675836,1.4554297000868246,3.3473306000232697,21.47579090006184,0.6475837000180036,0.5557872999925166,0.005408400087617338
0.1,LP3 ($\theta$ Only),2,45,0.003969290105317706,,1,0.8169934640522876,0.0,3.5842293906810037,10,0,10,0.0004310126823749332,50.0,50.0,0.019271599943749607,0.08548980008345097,0.004669999936595559,1.72928079997655,3.0843107000691816,21.82486749999225,0.5650681999977678,0.5742626000428572,0.00528350006788969
0.1,LP3 ($\theta$ Only),3,48,0.001286790146151943,,6,0.16406890894175555,0.0,0.6493506493506493,2,0,2,0.00011698092237744936,6.0,94.0,0.02460050000809133,0.12585120007861406,0.004473400069400668,1.6262421000283211,3.1005280000390485,22.460898100049235,0.7065740000689402,0.5672787000657991,0.005232400028035045
0.1,LP3 ($\theta$ Only),4,52,0.0,,4,0.0,0.0,0.0,0,0,0,0.0,0.0,100.0,0.019679400022141635,0.08397530007641762,0.005942800082266331,1.7553628000896424,3.230588800041005,20.689100899966434,0.5617450999561697,0.5492101999698207,0.005386699922382832
0.1,LP3 ($\theta$ Only),5,57,0.0,,2,0.0,0.0,0.0,0,0,0,0.0,0.0,100.0,0.016526699997484684,0.0814871999900788,0.004011000040918589,1.4586674999445677,3.444550200016238,25.917954099946655,0.8814816999947652,0.7948533999733627,0.010136199998669326
0.1,LP3 ($\theta$ Only),6,63,0.004809504304055829,,4,0.5733005733005733,0.0,2.364864864864865,7,0,7,0.0006302322357174486,66.0,34.0,0.025443799910135567,0.0953188999556005,0.004117800039239228,1.7076582999434322,3.177701900014654,21.00278740003705,0.5835629999637604,0.5661018999526277,0.0052510000532492995
0.1,LP3 ($\theta$ Only),7,70,0.0041729482885447585,,6,1.1484823625922889,0.0,5.128205128205129,14,0,14,0.00046408552597167223,64.0,36.0,0.03605329990386963,0.07849330001045018,0.0043778999242931604,1.6817997000180185,3.079804499982856,25.030574699980207,0.8937053000554442,0.7347526999656111,0.013297499972395599
0.1,LP3 ($\theta$ Only),8,78,0.004819681301922031,,2,0.7358953393295176,0.0,3.6,9,0,9,0.0006046824993412034,60.0,40.0,0.028516799909994006,0.10663599998224527,0.0069806999526917934,1.841359099955298,3.099490600056015,21.1497657999862,0.5532932999776676,0.5697886999696493,0.0052519000601023436
0.1,LP3 ($\theta$ Only),9,87,0.0032479819332140213,,4,0.819000819000819,0.0,3.9215686274509802,10,0,10,0.0003365974241452832,42.0,58.0,0.02304970007389784,0.07533560006413609,0.003558899974450469,1.661702699959278,3.2964957000222057,25.524963499978185,1.0217409000033513,0.9275910999858752,0.015199200017377734
0.1,LP3 ($\theta$ Only),10,97,0.0,,9,0.0,0.0,0.0,0,0,0,0.0,0.0,100.0,0.021925500012002885,0.1280674000736326,0.005961199989542365,1.8992377000395209,3.130568299908191,19.218648899928667,0.5586741999723017,0.5875998999690637,0.009970800019800663
0.1,LP3 ($\theta$ Only),11,108,0.0,,0,0.0,0.0,0.0,0,0,0,0.0,0.0,100.0,0.016237800009548664,0.08085250004660338,0.0005028999876230955,1.735655999975279,3.2117119999602437,20.00755370000843,0.6164840999990702,0.70431209995877,0.005340099916793406
0.1,LP3 ($\theta$ Only),12,120,0.00261264828862784,,0,0.5714285714285714,0.0,2.422145328719723,7,0,7,0.00025535827778184187,28.0,72.0,0.016951900091953576,0.08116970001719892,0.00024809991009533405,1.6652104000095278,3.118958599981852,21.888296400080435,0.5704181999899447,0.6292262999340892,0.005335599998943508
0.1,LP3 ($\theta$ Only),13,133,0.0033116237146194128,,0,0.7346938775510204,0.0,2.990033222591362,9,0,9,0.0002871584293416673,40.0,60.0,0.024449200020171702,0.07119350007269531,0.00024530000519007444,1.6826640999643132,3.381197299924679,22.744858400081284,0.5655217000748962,0.6241710000904277,0.007025300059467554
0.1,LP3 ($\theta$ Only),14,147,0.0036664118114040256,,4,0.4095004095004095,0.0,1.6025641025641026,5,0,5,0.00040183073486703294,56.0,44.0,0.018386500072665513,0.09490679996088147,0.004869299940764904,1.5258732000365853,3.2121897001052275,21.921997800003737,0.5683829999761656,0.5584534999215975,0.008167400024831295
0.1,LP3 ($\theta$ Only),15,162,0.003508328049930929,,3,0.8183306055646481,0.0,3.676470588235294,10,0,10,0.000348452686954784,62.0,38.0,0.02124319993890822,0.0729815000668168,0.006609800038859248,1.8298819999909028,3.0195848000003025,20.15208829997573,0.6116695000091568,0.5774148000637069,0.005834000068716705
0.1,LP3 ($\theta$ Only),16,178,0.0,,4,0.0,0.0,0.0,0,0,0,0.0,0.0,100.0,0.021084100008010864,0.07495709997601807,0.0034984999801963568,1.656820800038986,3.134960899944417,27.53095679997932,0.9675025000469759,1.3462789000477642,0.015763800009153783
0.1,LP3 ($\theta$ Only),17,195,0.00135481453157413,,3,0.16366612111292964,0.0,0.6211180124223602,2,0,2,0.00012316495741582998,8.0,92.0,0.03918639989569783,0.23860200005583465,0.013680499978363514,3.5541916999500245,4.902993499999866,24.304879699950106,0.5759718999033794,0.5545748999575153,0.01101709995418787
0.1,LP3 ($\theta$ Only),18,213,0.0,,1,0.0,0.0,0.0,0,0,0,0.0,0.0,100.0,0.018216699943877757,0.07464329991489649,0.006946200039237738,1.756185100064613,3.0966814999701455,21.259855900076218,0.5710294999880716,0.5469474999699742,0.005612700013443828
0.1,LP3 ($\theta$ Only),19,232,0.0038573634030847157,,3,1.0638297872340425,0.0,4.391891891891892,13,0,13,0.0003466351725475719,40.0,60.0,0.018272100016474724,0.08856249996460974,0.007137200096622109,1.761928900028579,3.1757339999312535,23.443471800070256,0.5562263000756502,0.6073009000392631,0.005477000027894974
0.1,Linear BTL,0,42,,-1990.8902088060522,2,1.6353229762878168,0.0,7.380073800738008,20,0,20,,,,0.033209600020200014,0.08274350001011044,0.007297999924048781,1.7996226000832394,3.281765599967912,20.815724699990824,0.5448755000252277,0.6473006000742316,0.005256300093606114
0.1,Linear BTL,1,43,,-1855.081647781678,5,1.721311475409836,0.0,7.446808510638298,21,0,21,,,,0.019037900026887655,0.07291410001926124,0.008663499960675836,1.4554297000868246,3.3473306000232697,21.47579090006184,0.6475837000180036,0.5557872999925166,0.005408400087617338
0.1,Linear BTL,2,45,,-1871.8166461662865,1,1.7973856209150327,0.0,7.885304659498208,22,0,22,,,,0.019271599943749607,0.08548980008345097,0.004669999936595559,1.72928079997655,3.0843107000691816,21.82486749999225,0.5650681999977678,0.5742626000428572,0.00528350006788969
0.1,Linear BTL,3,48,,-1968.0980058021269,6,1.066447908121411,0.0,4.220779220779221,13,0,13,,,,0.02460050000809133,0.12585120007861406,0.004473400069400668,1.6262421000283211,3.1005280000390485,22.460898100049235,0.7065740000689402,0.5672787000657991,0.005232400028035045
0.1,Linear BTL,4,52,,-1998.3426604238302,4,1.3923013923013923,0.0,6.25,17,0,17,,,,0.019679400022141635,0.08397530007641762,0.005942800082266331,1.7553628000896424,3.230588800041005,20.689100899966434,0.5617450999561697,0.5492101999698207,0.005386699922382832
0.1,Linear BTL,5,57,,-4050.023018350907,2,2.2894521668029437,0.0,9.859154929577464,28,0,28,,,,0.016526699997484684,0.0814871999900788,0.004011000040918589,1.4586674999445677,3.444550200016238,25.917954099946655,0.8814816999947652,0.7948533999733627,0.010136199998669326
0.1,Linear BTL,6,63,,-2238.4227006144292,4,1.71990171990172,0.0,7.094594594594595,21,0,21,,,,0.025443799910135567,0.0953188999556005,0.004117800039239228,1.7076582999434322,3.177701900014654,21.00278740003705,0.5835629999637604,0.5661018999526277,0.0052510000532492995
0.1,Linear BTL,7,70,,-1948.2426937854643,6,1.804757998359311,0.10570824524312897,7.6923076923076925,22,1,21,,,,0.03605329990386963,0.07849330001045018,0.0043778999242931604,1.6817997000180185,3.079804499982856,25.030574699980207,0.8937053000554442,0.7347526999656111,0.013297499972395599
0.1,Linear BTL,8,78,,-1976.6327296723555,2,1.6353229762878168,0.0,8.0,20,0,20,,,,0.028516799909994006,0.10663599998224527,0.0069806999526917934,1.841359099955298,3.099490600056015,21.1497657999862,0.5532932999776676,0.5697886999696493,0.0052519000601023436
0.1,Linear BTL,9,87,,-1945.444716683037,4,2.9484029484029484,0.10351966873706005,13.72549019607843,36,1,35,,,,0.02304970007389784,0.07533560006413609,0.003558899974450469,1.661702699959278,3.2964957000222057,25.524963499978185,1.0217409000033513,0.9275910999858752,0.015199200017377734
0.1,Linear BTL,10,97,,-1886.482310034505,9,1.069078947368421,0.0,4.980842911877395,13,0,13,,,,0.021925500012002885,0.1280674000736326,0.005961199989542365,1.8992377000395209,3.130568299908191,19.218648899928667,0.5586741999723017,0.5875998999690637,0.009970800019800663
0.1,Linear BTL,11,108,,-1837.8588376495125,0,1.3877551020408163,0.0,6.390977443609023,17,0,17,,,,0.016237800009548664,0.08085250004660338,0.0005028999876230955,1.735655999975279,3.2117119999602437,20.00755370000843,0.6164840999990702,0.70431209995877,0.005340099916793406
0.1,Linear BTL,12,120,,-1827.8437100017125,0,1.3061224489795917,0.0,5.536332179930795,16,0,16,,,,0.016951900091953576,0.08116970001719892,0.00024809991009533405,1.6652104000095278,3.118958599981852,21.888296400080435,0.5704181999899447,0.6292262999340892,0.005335599998943508
0.1,Linear BTL,13,133,,-2030.2944324455075,0,1.7142857142857142,0.0,6.976744186046512,21,0,21,,,,0.024449200020171702,0.07119350007269531,0.00024530000519007444,1.6826640999643132,3.381197299924679,22.744858400081284,0.5655217000748962,0.6241710000904277,0.007025300059467554
0.1,Linear BTL,14,147,,-2038.7892171244378,4,1.3923013923013923,0.0,5.448717948717949,17,0,17,,,,0.018386500072665513,0.09490679996088147,0.004869299940764904,1.5258732000365853,3.2121897001052275,21.921997800003737,0.5683829999761656,0.5584534999215975,0.008167400024831295
0.1,Linear BTL,15,162,,-1776.0398676693442,3,1.0638297872340425,0.0,4.779411764705882,13,0,13,,,,0.02124319993890822,0.0729815000668168,0.006609800038859248,1.8298819999909028,3.0195848000003025,20.15208829997573,0.6116695000091568,0.5774148000637069,0.005834000068716705
0.1,Linear BTL,16,178,,-10245.33641308123,4,5.896805896805897,1.2698412698412698,21.73913043478261,72,12,60,,,,0.021084100008010864,0.07495709997601807,0.0034984999801963568,1.656820800038986,3.134960899944417,27.53095679997932,0.9675025000469759,1.3462789000477642,0.015763800009153783
0.1,Linear BTL,17,195,,-2030.2650646007257,3,1.309328968903437,0.0,4.968944099378882,16,0,16,,,,0.03918639989569783,0.23860200005583465,0.013680499978363514,3.5541916999500245,4.902993499999866,24.304879699950106,0.5759718999033794,0.5545748999575153,0.01101709995418787
0.1,Linear BTL,18,213,,-1939.2052916302825,1,1.4705882352941178,0.0,6.94980694980695,18,0,18,,,,0.018216699943877757,0.07464329991489649,0.006946200039237738,1.756185100064613,3.0966814999701455,21.259855900076218,0.5710294999880716,0.5469474999699742,0.005612700013443828
0.1,Linear BTL,19,232,,-2055.4568509817177,3,2.127659574468085,0.0,8.783783783783784,26,0,26,,,,0.018272100016474724,0.08856249996460974,0.007137200096622109,1.761928900028579,3.1757339999312535,23.443471800070256,0.5562263000756502,0.6073009000392631,0.005477000027894974
0.2,LP2 ($\theta$ Only),0,42,0.0004103416923592275,,12,1.8136850783182192,0.0,4.508196721311475,22,0,22,0.0004103416923592275,28.0,72.0,0.021691300091333687,0.07563720003236085,0.0035573000786826015,1.9228558000177145,3.2609429999720305,24.169325100025162,0.5804229999193922,0.5510243000462651,0.005517200101166964
0.2,LP2 ($\theta$ Only),1,43,0.00028082273149786094,,11,1.3179571663920921,0.0,3.053435114503817,16,0,16,0.00028082273149786094,16.0,84.0,0.033824299927800894,0.11370390001684427,0.005200099898502231,1.660137000028044,3.107663100003265,27.383137200027704,0.5796299999346957,0.5505188999231905,0.012679000035859644
0.2,LP2 ($\theta$ Only),2,45,0.00032100775735593925,,11,1.4827018121911038,0.0,3.4220532319391634,18,0,18,0.0003210077573559392,18.0,82.0,0.021212399937212467,0.0936172999208793,0.0062077000038698316,1.809813900035806,3.382081500021741,21.598455699975602,0.6187439999775961,0.5784485000185668,0.00543620006646961
0.2,LP2 ($\theta$ Only),3,48,0.00025253706960960714,,13,1.3201320132013201,0.0,2.973977695167286,16,0,16,0.0002525370696096072,24.0,76.0,0.021113299997523427,0.09910039999522269,0.007016199990175664,1.5490503000328317,3.1672127000056207,23.51244850002695,0.556250200024806,0.5683563000056893,0.0054296000162139535
0.2,LP2 ($\theta$ Only),4,52,0.00039995761872370014,,17,1.5728476821192052,0.0,4.02542372881356,19,0,19,0.0003999576187237001,30.0,70.0,0.019455199944786727,0.08386440004687756,0.0038876000326126814,1.699600400053896,3.2913120000157505,28.856884800014086,0.582016000058502,0.7462321000639349,0.0057221000315621495
0.2,LP2 ($\theta$ Only),5,57,0.0,,8,0.0,0.0,0.0,0,0,0,0.0,0.0,100.0,0.017086199950426817,0.09031130000948906,0.004503799951635301,1.590085200034082,3.10437789990101,26.427815399947576,0.7250309999799356,0.7481358000077307,0.00716339994687587
0.2,LP2 ($\theta$ Only),6,63,0.0001899008434195724,,11,1.0708401976935749,0.0,2.4667931688804554,13,0,13,0.00018990084341957236,10.0,90.0,0.01810809993185103,0.08532099996227771,0.003782699932344258,1.7728271000087261,3.3450788999907672,30.12752870004624,0.7172256000339985,0.5883894000435248,0.005778699996881187
0.2,LP2 ($\theta$ Only),7,70,0.0002641220737918458,,9,1.2335526315789473,0.0,3.054989816700611,15,0,15,0.0002641220737918458,22.0,78.0,0.02444339997600764,0.08217439998406917,0.0035429999697953463,1.7167036999017,3.1169591998914257,23.890828200033866,0.6202414999715984,0.5695839999243617,0.005284099956043065
0.2,LP2 ($\theta$ Only),8,78,0.0002999193526091685,,12,1.4014839241549877,0.0,3.617021276595745,17,0,17,0.0002999193526091684,28.0,72.0,0.020470999996177852,0.08229589997790754,0.0035614999942481518,1.7590032999869436,3.1181132999481633,26.14403039996978,0.5598852999974042,0.5945758000016212,0.008010099991224706
0.2,LP2 ($\theta$ Only),9,87,0.0007534812410948252,,11,3.459637561779242,0.13351134846461948,8.817204301075268,42,1,41,0.0007534812410948252,40.0,60.0,0.029831900028511882,0.07012670009862632,0.0035363000351935625,1.7395838999655098,3.171570500009693,24.33625629998278,0.5654794999863952,0.5828327999915928,0.005251700058579445
0.2,LP2 ($\theta$ Only),10,97,0.0006686318680540767,,16,2.812241521918941,0.13736263736263737,6.860706860706861,34,1,33,0.000668631868054077,38.0,62.0,0.01944200007710606,0.08661599992774427,0.004666800028644502,1.6658822000026703,3.79725570010487,28.540160599979572,0.5559557999949902,0.6237029999028891,0.005246000015176833
0.2,LP2 ($\theta$ Only),11,108,0.00034421387181660996,,7,1.7241379310344827,0.0,4.216867469879518,21,0,21,0.0003442138718166099,22.0,78.0,0.020030300016514957,0.08046460000332445,0.0036176000721752644,1.595159599906765,3.227528400020674,24.571425599977374,0.5682886999566108,0.6025683999760076,0.0063692000694572926
0.2,LP2 ($\theta$ Only),12,120,0.0002613524739038267,,5,1.4754098360655739,0.0,3.402646502835539,18,0,18,0.0002613524739038267,20.0,80.0,0.019117700052447617,0.09714970004279166,0.006643999950028956,1.712015200057067,3.182409600005485,28.158662100089714,0.6023027000483125,0.570017300080508,0.008647900074720383
0.2,LP2 ($\theta$ Only),13,133,0.0003608968740571473,,9,1.8092105263157894,0.0,3.9927404718693285,22,0,22,0.00036089687405714733,26.0,74.0,0.019719399977475405,0.07977660000324249,0.0038240000139921904,1.8242780999280512,2.99447290005628,29.946419000043534,0.5637335000792518,0.5572008000453934,0.0052995000733062625
0.2,LP2 ($\theta$ Only),14,147,0.0002895804322878287,,12,1.3190436933223413,0.0,2.862254025044723,16,0,16,0.0002895804322878287,22.0,78.0,0.01781059999484569,0.09215479996055365,0.004555299994535744,1.6708586999448016,3.3400567999342456,24.821499400073662,0.7534144000383094,0.581550799892284,0.005226899986155331
0.2,LP2 ($\theta$ Only),15,162,0.00020491800652900786,,23,1.3311148086522462,0.0,3.252032520325203,16,0,16,0.00020491800652900786,16.0,84.0,0.02176289993803948,0.08221170003525913,0.0069176999386399984,1.6891362000023946,3.734762200037949,24.166681900038384,0.5467661999864504,0.7446321999887004,0.0051648999797180295
0.2,LP2 ($\theta$ Only),16,178,0.0005973488345359026,,11,1.8945634266886326,0.0,4.732510288065844,23,0,23,0.0005973488345359027,28.0,72.0,0.021624999935738742,0.06901019997894764,0.00768370006699115,1.746626399923116,3.0595256000524387,28.363287099986337,0.8136130999773741,0.6367953999433666,0.010523299919441342
0.2,LP2 ($\theta$ Only),17,195,0.00024757388856248646,,18,1.15990057995029,0.0,2.6871401151631478,14,0,14,0.0002475738885624864,14.0,86.0,0.019045000080950558,0.08300109999254346,0.003750200034119189,1.6456437000306323,3.0702594000613317,25.80330180004239,0.5684613999910653,0.5705491000553593,0.007051200023852289
0.2,LP2 ($\theta$ Only),18,213,0.0003296413282166703,,15,2.0661157024793386,0.0,5.422993492407809,25,0,25,0.0003296413282166703,20.0,80.0,0.01760129991453141,0.0956298999954015,0.003626000019721687,1.6670722999842837,3.302349300007336,23.08642459998373,0.5874583999393508,0.5503746999893337,0.007629800005815923
0.2,LP2 ($\theta$ Only),19,232,0.00043198245747134723,,21,2.2425249169435215,0.43478260869565216,4.669260700389105,27,3,24,0.00043198245747134723,20.0,80.0,0.017171100014820695,0.09053620009217411,0.005984199931845069,1.5573346000164747,3.656870999955572,26.591505600023083,0.7189180999994278,0.6320143999764696,0.010770899942144752
0.2,LP3 ($\theta$ Only),0,42,0.005513828498348045,,12,1.3190436933223413,0.0,3.278688524590164,16,0,16,0.000582500263245797,72.0,28.0,0.021691300091333687,0.07563720003236085,0.0035573000786826015,1.9228558000177145,3.2609429999720305,24.169325100025162,0.5804229999193922,0.5510243000462651,0.005517200101166964
0.2,LP3 ($\theta$ Only),1,43,0.004638401914538752,,11,0.7413509060955519,0.0,1.717557251908397,9,0,9,0.0003902217268514881,58.0,42.0,0.033824299927800894,0.11370390001684427,0.005200099898502231,1.660137000028044,3.107663100003265,27.383137200027704,0.5796299999346957,0.5505188999231905,0.012679000035859644
0.2,LP3 ($\theta$ Only),2,45,0.004559397136020599,,11,1.1532125205930808,0.0,2.661596958174905,14,0,14,0.0004227317701597712,50.0,50.0,0.021212399937212467,0.0936172999208793,0.0062077000038698316,1.809813900035806,3.382081500021741,21.598455699975602,0.6187439999775961,0.5784485000185668,0.00543620006646961
0.2,LP3 ($\theta$ Only),3,48,0.0039364888532932504,,13,1.155115511551155,0.0,2.6022304832713754,14,0,14,0.0003198733382633492,56.0,44.0,0.021113299997523427,0.09910039999522269,0.007016199990175664,1.5490503000328317,3.1672127000056207,23.51244850002695,0.556250200024806,0.5683563000056893,0.0054296000162139535
0.2,LP3 ($\theta$ Only),4,52,0.006501866051035836,,17,1.490066225165563,0.1358695652173913,3.6016949152542375,18,1,17,0.0005889800283079946,74.0,26.0,0.019455199944786727,0.08386440004687756,0.0038876000326126814,1.699600400053896,3.2913120000157505,28.856884800014086,0.582016000058502,0.7462321000639349,0.0057221000315621495
0.2,LP3 ($\theta$ Only),5,57,0.0,,8,0.0,0.0,0.0,0,0,0,0.0,0.0,100.0,0.017086199950426817,0.09031130000948906,0.004503799951635301,1.590085200034082,3.10437789990101,26.427815399947576,0.7250309999799356,0.7481358000077307,0.00716339994687587
0.2,LP3 ($\theta$ Only),6,63,0.0028640220718876585,,11,0.7413509060955519,0.0,1.7077798861480076,9,0,9,0.000248535635904454,32.0,68.0,0.01810809993185103,0.08532099996227771,0.003782699932344258,1.7728271000087261,3.3450788999907672,30.12752870004624,0.7172256000339985,0.5883894000435248,0.005778699996881187
0.2,LP3 ($\theta$ Only),7,70,0.004105156079805172,,9,1.1513157894736843,0.0,2.8513238289205702,14,0,14,0.00033653802716390393,54.0,46.0,0.02444339997600764,0.08217439998406917,0.0035429999697953463,1.7167036999017,3.1169591998914257,23.890828200033866,0.6202414999715984,0.5695839999243617,0.005284099956043065
0.2,LP3 ($\theta$ Only),8,78,0.004804677954860225,,12,1.1541632316570487,0.0,2.978723404255319,14,0,14,0.00041852451170401123,60.0,40.0,0.020470999996177852,0.08229589997790754,0.0035614999942481518,1.7590032999869436,3.1181132999481633,26.14403039996978,0.5598852999974042,0.5945758000016212,0.008010099991224706
0.2,LP3 ($\theta$ Only),9,87,0.01251694079632733,,11,2.059308072487644,0.0,5.376344086021505,25,0,25,0.0021403660866800575,92.0,8.0,0.029831900028511882,0.07012670009862632,0.0035363000351935625,1.7395838999655098,3.171570500009693,24.33625629998278,0.5654794999863952,0.5828327999915928,0.005251700058579445
0.2,LP3 ($\theta$ Only),10,97,0.01186191129130175,,16,2.4813895781637716,0.0,6.237006237006237,30,0,30,0.0019245399783734995,90.0,10.0,0.01944200007710606,0.08661599992774427,0.004666800028644502,1.6658822000026703,3.79725570010487,28.540160599979572,0.5559557999949902,0.6237029999028891,0.005246000015176833
0.2,LP3 ($\theta$ Only),11,108,0.004348172101605982,,7,0.9852216748768473,0.0,2.4096385542168677,12,0,12,0.00042737597879138287,60.0,40.0,0.020030300016514957,0.08046460000332445,0.0036176000721752644,1.595159599906765,3.227528400020674,24.571425599977374,0.5682886999566108,0.6025683999760076,0.0063692000694572926
0.2,LP3 ($\theta$ Only),12,120,0.005005653004988144,,5,1.2295081967213115,0.0,2.835538752362949,15,0,15,0.00034893776702805615,48.0,52.0,0.019117700052447617,0.09714970004279166,0.006643999950028956,1.712015200057067,3.182409600005485,28.158662100089714,0.6023027000483125,0.570017300080508,0.008647900074720383
0.2,LP3 ($\theta$ Only),13,133,0.00590412442224089,,9,1.5625,0.0,3.4482758620689653,19,0,19,0.0005523979734660601,74.0,26.0,0.019719399977475405,0.07977660000324249,0.0038240000139921904,1.8242780999280512,2.99447290005628,29.946419000043534,0.5637335000792518,0.5572008000453934,0.0052995000733062625
0.2,LP3 ($\theta$ Only),14,147,0.005337212141988801,,12,1.4839241549876339,0.0,3.2200357781753133,18,0,18,0.00046510374707097184,64.0,36.0,0.01781059999484569,0.09215479996055365,0.004555299994535744,1.6708586999448016,3.3400567999342456,24.821499400073662,0.7534144000383094,0.581550799892284,0.005226899986155331
0.2,LP3 ($\theta$ Only),15,162,0.0029628316377140053,,23,0.831946755407654,0.0,2.032520325203252,10,0,10,0.0002522387646937151,30.0,70.0,0.02176289993803948,0.08221170003525913,0.0069176999386399984,1.6891362000023946,3.734762200037949,24.166681900038384,0.5467661999864504,0.7446321999887004,0.0051648999797180295
0.2,LP3 ($\theta$ Only),16,178,0.008545653186547151,,11,1.812191103789127,0.0,4.526748971193416,22,0,22,0.0011907410889521225,92.0,8.0,0.021624999935738742,0.06901019997894764,0.00768370006699115,1.746626399923116,3.0595256000524387,28.363287099986337,0.8136130999773741,0.6367953999433666,0.010523299919441342
0.2,LP3 ($\theta$ Only),17,195,0.0045306601176510935,,18,1.3256006628003314,0.0,3.071017274472169,16,0,16,0.00044705110940498053,62.0,38.0,0.019045000080950558,0.08300109999254346,0.003750200034119189,1.6456437000306323,3.0702594000613317,25.80330180004239,0.5684613999910653,0.5705491000553593,0.007051200023852289
0.2,LP3 ($\theta$ Only),18,213,0.005375882247030664,,15,1.9008264462809918,0.0,4.989154013015185,23,0,23,0.00045321002488370773,64.0,36.0,0.01760129991453141,0.0956298999954015,0.003626000019721687,1.6670722999842837,3.302349300007336,23.08642459998373,0.5874583999393508,0.5503746999893337,0.007629800005815923
0.2,LP3 ($\theta$ Only),19,232,0.006805574719974999,,21,0.9136212624584718,0.0,2.140077821011673,11,0,11,0.0009034302670757201,80.0,20.0,0.017171100014820695,0.09053620009217411,0.005984199931845069,1.5573346000164747,3.656870999955572,26.591505600023083,0.7189180999994278,0.6320143999764696,0.010770899942144752
0.2,Linear BTL,0,42,,-3021.7466993108724,12,2.4732069249793898,0.0,6.147540983606557,30,0,30,,,,0.021691300091333687,0.07563720003236085,0.0035573000786826015,1.9228558000177145,3.2609429999720305,24.169325100025162,0.5804229999193922,0.5510243000462651,0.005517200101166964
0.2,Linear BTL,1,43,,-3312.2730014516856,11,2.6359143327841843,0.0,6.106870229007634,32,0,32,,,,0.033824299927800894,0.11370390001684427,0.005200099898502231,1.660137000028044,3.107663100003265,27.383137200027704,0.5796299999346957,0.5505188999231905,0.012679000035859644
0.2,Linear BTL,2,45,,-3327.359634716742,11,2.883031301482702,0.0,6.653992395437262,35,0,35,,,,0.021212399937212467,0.0936172999208793,0.0062077000038698316,1.809813900035806,3.382081500021741,21.598455699975602,0.6187439999775961,0.5784485000185668,0.00543620006646961
0.2,Linear BTL,3,48,,-3479.757058790381,13,2.6402640264026402,0.0,5.947955390334572,32,0,32,,,,0.021113299997523427,0.09910039999522269,0.007016199990175664,1.5490503000328317,3.1672127000056207,23.51244850002695,0.556250200024806,0.5683563000056893,0.0054296000162139535
0.2,Linear BTL,4,52,,-5146.868475057259,17,10.43046357615894,2.4456521739130435,22.88135593220339,126,18,108,,,,0.019455199944786727,0.08386440004687756,0.0038876000326126814,1.699600400053896,3.2913120000157505,28.856884800014086,0.582016000058502,0.7462321000639349,0.0057221000315621495
0.2,Linear BTL,5,57,,-3102.17714356987,8,2.0542317173377156,0.0,5.070993914807302,25,0,25,,,,0.017086199950426817,0.09031130000948906,0.004503799951635301,1.590085200034082,3.10437789990101,26.427815399947576,0.7250309999799356,0.7481358000077307,0.00716339994687587
0.2,Linear BTL,6,63,,-3507.3539576509734,11,4.200988467874794,0.0,9.67741935483871,51,0,51,,,,0.01810809993185103,0.08532099996227771,0.003782699932344258,1.7728271000087261,3.3450788999907672,30.12752870004624,0.7172256000339985,0.5883894000435248,0.005778699996881187
0.2,Linear BTL,7,70,,-3013.8629072268154,9,2.2203947368421053,0.0,5.4989816700611,27,0,27,,,,0.02444339997600764,0.08217439998406917,0.0035429999697953463,1.7167036999017,3.1169591998914257,23.890828200033866,0.6202414999715984,0.5695839999243617,0.005284099956043065
0.2,Linear BTL,8,78,,-2921.3909350420467,12,2.4732069249793898,0.0,6.382978723404255,30,0,30,,,,0.020470999996177852,0.08229589997790754,0.0035614999942481518,1.7590032999869436,3.1181132999481633,26.14403039996978,0.5598852999974042,0.5945758000016212,0.008010099991224706
0.2,Linear BTL,9,87,,-3315.4227372734135,11,3.871499176276771,0.0,10.10752688172043,47,0,47,,,,0.029831900028511882,0.07012670009862632,0.0035363000351935625,1.7395838999655098,3.171570500009693,24.33625629998278,0.5654794999863952,0.5828327999915928,0.005251700058579445
0.2,Linear BTL,10,97,,-3383.1513272560915,16,3.1430934656741107,0.13736263736263737,7.6923076923076925,38,1,37,,,,0.01944200007710606,0.08661599992774427,0.004666800028644502,1.6658822000026703,3.79725570010487,28.540160599979572,0.5559557999949902,0.6237029999028891,0.005246000015176833
0.2,Linear BTL,11,108,,-3088.5364584369368,7,2.2167487684729066,0.0,5.421686746987952,27,0,27,,,,0.020030300016514957,0.08046460000332445,0.0036176000721752644,1.595159599906765,3.227528400020674,24.571425599977374,0.5682886999566108,0.6025683999760076,0.0063692000694572926
0.2,Linear BTL,12,120,,-3402.6587695634894,5,2.7049180327868854,0.0,6.238185255198488,33,0,33,,,,0.019117700052447617,0.09714970004279166,0.006643999950028956,1.712015200057067,3.182409600005485,28.158662100089714,0.6023027000483125,0.570017300080508,0.008647900074720383
0.2,Linear BTL,13,133,,-4844.216152928719,9,9.375,1.2030075187969924,19.237749546279492,114,8,106,,,,0.019719399977475405,0.07977660000324249,0.0038240000139921904,1.8242780999280512,2.99447290005628,29.946419000043534,0.5637335000792518,0.5572008000453934,0.0052995000733062625
0.2,Linear BTL,14,147,,-3457.245118265948,12,2.390766694146744,0.0,5.18783542039356,29,0,29,,,,0.01781059999484569,0.09215479996055365,0.004555299994535744,1.6708586999448016,3.3400567999342456,24.821499400073662,0.7534144000383094,0.581550799892284,0.005226899986155331
0.2,Linear BTL,15,162,,-3261.721303495607,23,2.0798668885191347,0.0,5.08130081300813,25,0,25,,,,0.02176289993803948,0.08221170003525913,0.0069176999386399984,1.6891362000023946,3.734762200037949,24.166681900038384,0.5467661999864504,0.7446321999887004,0.0051648999797180295
0.2,Linear BTL,16,178,,-5198.398266718565,11,8.484349258649093,1.3736263736263736,19.135802469135804,103,10,93,,,,0.021624999935738742,0.06901019997894764,0.00768370006699115,1.746626399923116,3.0595256000524387,28.363287099986337,0.8136130999773741,0.6367953999433666,0.010523299919441342
0.2,Linear BTL,17,195,,-3328.2888097459386,18,2.31980115990058,0.0,5.3742802303262955,28,0,28,,,,0.019045000080950558,0.08300109999254346,0.003750200034119189,1.6456437000306323,3.0702594000613317,25.80330180004239,0.5684613999910653,0.5705491000553593,0.007051200023852289
0.2,Linear BTL,18,213,,-3004.3637957110113,15,2.975206611570248,0.0,7.809110629067245,36,0,36,,,,0.01760129991453141,0.0956298999954015,0.003626000019721687,1.6670722999842837,3.302349300007336,23.08642459998373,0.5874583999393508,0.5503746999893337,0.007629800005815923
0.2,Linear BTL,19,232,,-3724.459229570823,21,4.401993355481728,0.0,10.311284046692608,53,0,53,,,,0.017171100014820695,0.09053620009217411,0.005984199931845069,1.5573346000164747,3.656870999955572,26.591505600023083,0.7189180999994278,0.6320143999764696,0.010770899942144752
0.3,LP2 ($\theta$ Only),0,42,0.0007346760270221319,,27,3.5893155258764606,0.0,6.4856711915535445,43,0,43,0.000734676027022132,38.0,62.0,0.030007699970155954,0.07405860000289977,0.005858999909833074,1.6503775999881327,3.240433600032702,26.44875000009779,0.7284966000588611,0.5661306000547484,0.005220900056883693
0.3,LP2 ($\theta$ Only),1,43,0.00045931585623432673,,25,2.75,0.0,4.502046384720328,33,0,33,0.00045931585623432673,28.0,72.0,0.021639799932017922,0.0820291000418365,0.005820500082336366,1.674279100028798,3.1227571999188513,31.37174510001205,0.6632326999679208,0.6570782999042422,0.005192200071178377
0.3,LP2 ($\theta$ Only),2,45,0.0004204315775465468,,17,2.0695364238410594,0.0,3.43878954607978,25,0,25,0.0004204315775465467,28.0,72.0,0.019052899908274412,0.08338930003810674,0.005574099952355027,1.6307953000068665,3.1013403000542894,31.531962600070983,0.5739364000037313,0.5520840999670327,0.005247000022791326
0.3,LP2 ($\theta$ Only),3,48,0.000504492977219158,,25,2.9166666666666665,0.0,4.716981132075472,35,0,35,0.000504492977219158,36.0,64.0,0.02037619997281581,0.08320720004849136,0.0035414000740274787,1.6984451999887824,3.276854300056584,33.60710000002291,0.5991055000340566,0.6836138999788091,0.005283499951474369
0.3,LP2 ($\theta$ Only),4,52,0.00041298828276213856,,30,2.092050209205021,0.0,3.5714285714285716,25,0,25,0.00041298828276213845,28.0,72.0,0.01937039999756962,0.07884699990972877,0.00439729995559901,1.4326873999089003,3.255457099992782,32.7722523000557,0.547197200008668,0.5520219999598339,0.010594099992886186
0.3,LP2 ($\theta$ Only),5,57,0.0003372932676345859,,25,1.6666666666666667,0.0,2.9940119760479043,20,0,20,0.00033729326763458595,16.0,84.0,0.019864600035361946,0.12481340009253472,0.003644299926236272,1.6717559999087825,3.21667879994493,27.83005910005886,0.5514033000217751,0.6226089999545366,0.04015440004877746
0.3,LP2 ($\theta$ Only),6,63,0.000660684094274352,,22,3.7406483790523692,0.0,6.512301013024602,45,0,45,0.0006606840942743519,36.0,64.0,0.03185170004144311,0.12507389998063445,0.003965300042182207,1.6485395999625325,3.019579999963753,31.34350409999024,0.5599871999584138,0.5739229000173509,0.006189499981701374
0.3,LP2 ($\theta$ Only),7,70,0.0005417347852256024,,27,2.7545909849749584,0.0,5.015197568389058,33,0,33,0.0005417347852256024,36.0,64.0,0.030893199960701168,0.08206280006561428,0.0035493000177666545,1.6501922000898048,3.6908703999361023,32.158433399978094,0.5352603000355884,0.6026186000090092,0.005757400067523122
0.3,LP2 ($\theta$ Only),8,78,0.0004103938703456614,,25,2.25,0.1893939393939394,3.869047619047619,27,1,26,0.0004103938703456614,34.0,66.0,0.016319099930115044,0.09229439997579902,0.0035154999932274222,1.409817099920474,3.3500408999389037,32.17516660003457,0.5349076999118552,0.6098543000407517,0.010321200010366738
0.3,LP2 ($\theta$ Only),9,87,0.0006370546023686942,,31,4.606365159128978,0.19083969465648856,8.059701492537313,55,1,54,0.0006370546023686943,42.0,58.0,0.018538300064392388,0.0857704000081867,0.00654420000500977,1.797050700057298,2.9397423999616876,31.297502500005066,0.5263638000469655,0.5455595999956131,0.005420500063337386
0.3,LP2 ($\theta$ Only),10,97,0.0006917373835338458,,22,4.156275976724855,0.0,7.246376811594203,50,0,50,0.0006917373835338458,42.0,58.0,0.017107499996200204,0.08768490003421903,0.0037287999875843525,1.7789849999826401,3.0870370999909937,31.791511799907312,0.7769698000047356,0.5519403999205679,0.005272699985653162
0.3,LP2 ($\theta$ Only),11,108,0.0006471716766060344,,23,3.5773710482529117,0.0,6.332842415316642,43,0,43,0.0006471716766060345,38.0,62.0,0.016928299912251532,0.07579949998762459,0.004919000086374581,1.6883026999421418,3.3819631999358535,25.376595399924554,0.7264787999447435,0.7013599999481812,0.015372000052593648
0.3,LP2 ($\theta$ Only),12,120,0.0007207218908295109,,32,4.0234702430846605,0.0,6.685236768802229,48,0,48,0.0007207218908295108,38.0,62.0,0.026161900022998452,0.11483049998059869,0.003549399902112782,1.6409090000670403,3.3010552000487223,31.479552900069393,0.5547688000369817,0.5593832000158727,0.010376799968071282
0.3,LP2 ($\theta$ Only),13,133,0.0006066194420246629,,15,3.553719008264463,0.0,5.665349143610013,43,0,43,0.0006066194420246629,36.0,64.0,0.018460300052538514,0.07659569999668747,0.003548000007867813,1.4734852999681607,3.299467600067146,32.652369900024496,0.7450417000800371,0.6446410999633372,0.005552200018428266
0.3,LP2 ($\theta$ Only),14,147,0.00043990843429617517,,25,2.6666666666666665,0.0,4.1184041184041185,32,0,32,0.00043990843429617517,30.0,70.0,0.02062369999475777,0.11425169999711215,0.0035752999829128385,1.7601661999942735,3.0201348999980837,32.648980500060134,0.6358139000367373,0.5614281999878585,0.009876700001768768
0.3,LP2 ($\theta$ Only),15,162,0.0006594332867223911,,23,3.327787021630616,0.0,5.502063273727648,40,0,40,0.0006594332867223911,34.0,66.0,0.018247799947857857,0.07541719998698682,0.0035635000094771385,1.786904999986291,3.35860939999111,30.388445500051603,0.5529330999124795,0.5701768000144511,0.0053368000080809
0.3,LP2 ($\theta$ Only),16,178,0.0007242410214510496,,26,3.419516263552961,0.0,5.967976710334789,41,0,41,0.0007242410214510496,44.0,56.0,0.017845200025476515,0.08313759998418391,0.005736200022511184,1.829924700083211,3.0060837001074106,33.129180799936876,0.6864483000244945,0.5772133000427857,0.010597399901598692
0.3,LP2 ($\theta$ Only),17,195,0.0006474044063637341,,34,3.190596137699412,0.0,5.390070921985815,38,0,38,0.0006474044063637341,30.0,70.0,0.02086539997253567,0.08607039996422827,0.003493000054731965,1.6354010999202728,3.2102516000159085,30.154222199926153,0.5726621999638155,0.5606292999582365,0.008055599988438189
0.3,LP2 ($\theta$ Only),18,213,0.0005575614933486112,,33,3.859060402684564,0.0,7.221350078492936,46,0,46,0.0005575614933486111,24.0,76.0,0.01739829999860376,0.07905510009732097,0.008807300007902086,1.8416826999746263,2.9740294999210164,30.85923980001826,0.5486329999985173,0.6057967999950051,0.005387800047174096
0.3,LP2 ($\theta$ Only),19,232,0.0009693359676776093,,31,5.360134003350084,0.0,9.03954802259887,64,0,64,0.0009693359676776096,44.0,56.0,0.02421659999527037,0.07126989995595068,0.003506600041873753,1.6852261000312865,2.974263900076039,31.48964539996814,0.5804438999621198,0.6600509999552742,0.005185100017115474
0.3,LP3 ($\theta$ Only),0,42,0.014911017051089024,,27,3.005008347245409,0.0,5.429864253393665,36,0,36,0.0025064680374329235,98.0,2.0,0.030007699970155954,0.07405860000289977,0.005858999909833074,1.6503775999881327,3.240433600032702,26.44875000009779,0.7284966000588611,0.5661306000547484,0.005220900056883693
0.3,LP3 ($\theta$ Only),1,43,0.007767418555779676,,25,1.9166666666666667,0.0,3.1377899045020463,23,0,23,0.0006954844855548038,86.0,14.0,0.021639799932017922,0.0820291000418365,0.005820500082336366,1.674279100028798,3.1227571999188513,31.37174510001205,0.6632326999679208,0.6570782999042422,0.005192200071178377
0.3,LP3 ($\theta$ Only),2,45,0.006898758715150413,,17,1.5728476821192052,0.0,2.6134800550206325,19,0,19,0.0006252538888756112,74.0,26.0,0.019052899908274412,0.08338930003810674,0.005574099952355027,1.6307953000068665,3.1013403000542894,31.531962600070983,0.5739364000037313,0.5520840999670327,0.005247000022791326
0.3,LP3 ($\theta$ Only),3,48,0.007244807708865146,,25,1.25,0.0,2.0215633423180592,15,0,15,0.0007092439528813152,70.0,30.0,0.02037619997281581,0.08320720004849136,0.0035414000740274787,1.6984451999887824,3.276854300056584,33.60710000002291,0.5991055000340566,0.6836138999788091,0.005283499951474369
0.3,LP3 ($\theta$ Only),4,52,0.0066933611148549945,,30,1.7573221757322175,0.0,3.0,21,0,21,0.00065518286659509,78.0,22.0,0.01937039999756962,0.07884699990972877,0.00439729995559901,1.4326873999089003,3.255457099992782,32.7722523000557,0.547197200008668,0.5520219999598339,0.010594099992886186
0.3,LP3 ($\theta$ Only),5,57,0.004737487399622109,,25,1.25,0.0,2.245508982035928,15,0,15,0.0004688692341482217,60.0,40.0,0.019864600035361946,0.12481340009253472,0.003644299926236272,1.6717559999087825,3.21667879994493,27.83005910005886,0.5514033000217751,0.6226089999545366,0.04015440004877746
0.3,LP3 ($\theta$ Only),6,63,0.01298576952537172,,22,2.9925187032418954,0.0,5.209840810419681,36,0,36,0.0018886234131848412,96.0,4.0,0.03185170004144311,0.12507389998063445,0.003965300042182207,1.6485395999625325,3.019579999963753,31.34350409999024,0.5599871999584138,0.5739229000173509,0.006189499981701374
0.3,LP3 ($\theta$ Only),7,70,0.009654827095074864,,27,2.1702838063439067,0.0,3.951367781155015,26,0,26,0.0009675759526065889,90.0,10.0,0.030893199960701168,0.08206280006561428,0.0035493000177666545,1.6501922000898048,3.6908703999361023,32.158433399978094,0.5352603000355884,0.6026186000090092,0.005757400067523122
0.3,LP3 ($\theta$ Only),8,78,0.0075029264276408715,,25,2.1666666666666665,0.0,3.869047619047619,26,0,26,0.0006454974493936664,84.0,16.0,0.016319099930115044,0.09229439997579902,0.0035154999932274222,1.409817099920474,3.3500408999389037,32.17516660003457,0.5349076999118552,0.6098543000407517,0.010321200010366738
0.3,LP3 ($\theta$ Only),9,87,0.010385247508831115,,31,2.512562814070352,0.0,4.477611940298507,30,0,30,0.0010372827684968981,96.0,4.0,0.018538300064392388,0.0857704000081867,0.00654420000500977,1.797050700057298,2.9397423999616876,31.297502500005066,0.5263638000469655,0.5455595999956131,0.005420500063337386
0.3,LP3 ($\theta$ Only),10,97,0.01323318437154063,,22,3.657522859517872,0.0,6.3768115942028984,44,0,44,0.002568810558225772,98.0,2.0,0.017107499996200204,0.08768490003421903,0.0037287999875843525,1.7789849999826401,3.0870370999909937,31.791511799907312,0.7769698000047356,0.5519403999205679,0.005272699985653162
0.3,LP3 ($\theta$ Only),11,108,0.009145437389254147,,23,2.2462562396006653,0.0,3.976435935198822,27,0,27,0.0009022258000302837,80.0,20.0,0.016928299912251532,0.07579949998762459,0.004919000086374581,1.6883026999421418,3.3819631999358535,25.376595399924554,0.7264787999447435,0.7013599999481812,0.015372000052593648
0.3,LP3 ($\theta$ Only),12,120,0.011008350910369245,,32,2.347024308466052,0.0,3.8997214484679668,28,0,28,0.001327753107954385,92.0,8.0,0.026161900022998452,0.11483049998059869,0.003549399902112782,1.6409090000670403,3.3010552000487223,31.479552900069393,0.5547688000369817,0.5593832000158727,0.010376799968071282
0.3,LP3 ($\theta$ Only),13,133,0.010998797054370693,,15,2.396694214876033,0.0,3.820816864295125,29,0,29,0.001663009670869403,96.0,4.0,0.018460300052538514,0.07659569999668747,0.003548000007867813,1.4734852999681607,3.299467600067146,32.652369900024496,0.7450417000800371,0.6446410999633372,0.005552200018428266
0.3,LP3 ($\theta$ Only),14,147,0.007765656392569322,,25,1.8333333333333333,0.0,2.831402831402831,22,0,22,0.0006497410384825012,74.0,26.0,0.02062369999475777,0.11425169999711215,0.0035752999829128385,1.7601661999942735,3.0201348999980837,32.648980500060134,0.6358139000367373,0.5614281999878585,0.009876700001768768
0.3,LP3 ($\theta$ Only),15,162,0.010144115274246005,,23,1.7470881863560732,0.0,2.8885832187070153,21,0,21,0.0010958870349686916,90.0,10.0,0.018247799947857857,0.07541719998698682,0.0035635000094771385,1.786904999986291,3.35860939999111,30.388445500051603,0.5529330999124795,0.5701768000144511,0.0053368000080809
0.3,LP3 ($\theta$ Only),16,178,0.012791389263997295,,26,2.835696413678065,0.0,4.9490538573508,34,0,34,0.0016964399115515262,94.0,6.0,0.017845200025476515,0.08313759998418391,0.005736200022511184,1.829924700083211,3.0060837001074106,33.129180799936876,0.6864483000244945,0.5772133000427857,0.010597399901598692
0.3,LP3 ($\theta$ Only),17,195,0.009702960877066038,,34,2.2670025188916876,0.0,3.8297872340425534,27,0,27,0.0012586628125296866,86.0,14.0,0.02086539997253567,0.08607039996422827,0.003493000054731965,1.6354010999202728,3.2102516000159085,30.154222199926153,0.5726621999638155,0.5606292999582365,0.008055599988438189
0.3,LP3 ($\theta$ Only),18,213,0.010333198027344963,,33,2.097315436241611,0.0,3.924646781789639,25,0,25,0.0013211471975699833,88.0,12.0,0.01739829999860376,0.07905510009732097,0.008807300007902086,1.8416826999746263,2.9740294999210164,30.85923980001826,0.5486329999985173,0.6057967999950051,0.005387800047174096
0.3,LP3 ($\theta$ Only),19,232,0.018143070331971635,,31,4.187604690117253,0.0,7.062146892655368,50,0,50,0.0031821403489261297,96.0,4.0,0.02421659999527037,0.07126989995595068,0.003506600041873753,1.6852261000312865,2.974263900076039,31.48964539996814,0.5804438999621198,0.6600509999552742,0.005185100017115474
0.3,Linear BTL,0,42,,-4466.244671838743,27,5.175292153589315,0.0,9.351432880844646,62,0,62,,,,0.030007699970155954,0.07405860000289977,0.005858999909833074,1.6503775999881327,3.240433600032702,26.44875000009779,0.7284966000588611,0.5661306000547484,0.005220900056883693
0.3,Linear BTL,1,43,,-4711.101812689631,25,3.1666666666666665,0.0,5.184174624829468,38,0,38,,,,0.021639799932017922,0.0820291000418365,0.005820500082336366,1.674279100028798,3.1227571999188513,31.37174510001205,0.6632326999679208,0.6570782999042422,0.005192200071178377
0.3,Linear BTL,2,45,,-4707.089611666685,17,2.8973509933774833,0.0,4.814305364511692,35,0,35,,,,0.019052899908274412,0.08338930003810674,0.005574099952355027,1.6307953000068665,3.1013403000542894,31.531962600070983,0.5739364000037313,0.5520840999670327,0.005247000022791326
0.3,Linear BTL,3,48,,-299006.11964858574,25,19.333333333333332,6.7685589519650655,27.088948787061994,232,31,201,,,,0.02037619997281581,0.08320720004849136,0.0035414000740274787,1.6984451999887824,3.276854300056584,33.60710000002291,0.5991055000340566,0.6836138999788091,0.005283499951474369
0.3,Linear BTL,4,52,,-723179.8426500977,30,35.56485355648535,27.87878787878788,41.0,425,138,287,,,,0.01937039999756962,0.07884699990972877,0.00439729995559901,1.4326873999089003,3.255457099992782,32.7722523000557,0.547197200008668,0.5520219999598339,0.010594099992886186
0.3,Linear BTL,5,57,,-4433.38482724626,25,2.9166666666666665,0.0,5.2395209580838324,35,0,35,,,,0.019864600035361946,0.12481340009253472,0.003644299926236272,1.6717559999087825,3.21667879994493,27.83005910005886,0.5514033000217751,0.6226089999545366,0.04015440004877746
0.3,Linear BTL,6,63,,-32580.96536497237,22,14.2975893599335,2.9296875,22.72069464544139,172,15,157,,,,0.03185170004144311,0.12507389998063445,0.003965300042182207,1.6485395999625325,3.019579999963753,31.34350409999024,0.5599871999584138,0.5739229000173509,0.006189499981701374
0.3,Linear BTL,7,70,,-52749.455853151085,27,8.096828046744575,0.18518518518518517,14.589665653495441,97,1,96,,,,0.030893199960701168,0.08206280006561428,0.0035493000177666545,1.6501922000898048,3.6908703999361023,32.158433399978094,0.5352603000355884,0.6026186000090092,0.005757400067523122
0.3,Linear BTL,8,78,,-4695.817683639117,25,4.583333333333333,0.0,8.18452380952381,55,0,55,,,,0.016319099930115044,0.09229439997579902,0.0035154999932274222,1.409817099920474,3.3500408999389037,32.17516660003457,0.5349076999118552,0.6098543000407517,0.010321200010366738
0.3,Linear BTL,9,87,,-18110.25503346122,31,10.887772194304858,0.7633587786259542,18.80597014925373,130,4,126,,,,0.018538300064392388,0.0857704000081867,0.00654420000500977,1.797050700057298,2.9397423999616876,31.297502500005066,0.5263638000469655,0.5455595999956131,0.005420500063337386
0.3,Linear BTL,10,97,,-398675.4800234696,22,29.509559434746468,18.51851851851852,37.68115942028985,355,95,260,,,,0.017107499996200204,0.08768490003421903,0.0037287999875843525,1.7789849999826401,3.0870370999909937,31.791511799907312,0.7769698000047356,0.5519403999205679,0.005272699985653162
0.3,Linear BTL,11,108,,-4430.356232612123,23,4.3261231281198,0.0,7.658321060382916,52,0,52,,,,0.016928299912251532,0.07579949998762459,0.004919000086374581,1.6883026999421418,3.3819631999358535,25.376595399924554,0.7264787999447435,0.7013599999481812,0.015372000052593648
0.3,Linear BTL,12,120,,-4838.11668291196,32,4.107292539815591,0.0,6.8245125348189415,49,0,49,,,,0.026161900022998452,0.11483049998059869,0.003549399902112782,1.6409090000670403,3.3010552000487223,31.479552900069393,0.5547688000369817,0.5593832000158727,0.010376799968071282
0.3,Linear BTL,13,133,,-4918.343940927983,15,4.958677685950414,0.0,7.905138339920948,60,0,60,,,,0.018460300052538514,0.07659569999668747,0.003548000007867813,1.4734852999681607,3.299467600067146,32.652369900024496,0.7450417000800371,0.6446410999633372,0.005552200018428266
0.3,Linear BTL,14,147,,-5513.916959215702,25,9.5,0.2364066193853428,14.543114543114543,114,1,113,,,,0.02062369999475777,0.11425169999711215,0.0035752999829128385,1.7601661999942735,3.0201348999980837,32.648980500060134,0.6358139000367373,0.5614281999878585,0.009876700001768768
0.3,Linear BTL,15,162,,-4635.649383833611,23,3.9101497504159735,0.0,6.464924346629986,47,0,47,,,,0.018247799947857857,0.07541719998698682,0.0035635000094771385,1.786904999986291,3.35860939999111,30.388445500051603,0.5529330999124795,0.5701768000144511,0.0053368000080809
0.3,Linear BTL,16,178,,-44104.33982909483,26,8.256880733944953,0.0,14.410480349344978,99,0,99,,,,0.017845200025476515,0.08313759998418391,0.005736200022511184,1.829924700083211,3.0060837001074106,33.129180799936876,0.6864483000244945,0.5772133000427857,0.010597399901598692
0.3,Linear BTL,17,195,,-4944.704529912471,34,4.701931150293871,0.0,7.943262411347518,56,0,56,,,,0.02086539997253567,0.08607039996422827,0.003493000054731965,1.6354010999202728,3.2102516000159085,30.154222199926153,0.5726621999638155,0.5606292999582365,0.008055599988438189
0.3,Linear BTL,18,213,,-4322.895288780974,33,3.942953020134228,0.0,7.378335949764521,47,0,47,,,,0.01739829999860376,0.07905510009732097,0.008807300007902086,1.8416826999746263,2.9740294999210164,30.85923980001826,0.5486329999985173,0.6057967999950051,0.005387800047174096
0.3,Linear BTL,19,232,,-14872.91904202341,31,9.631490787269682,0.0,16.242937853107346,115,0,115,,,,0.02421659999527037,0.07126989995595068,0.003506600041873753,1.6852261000312865,2.974263900076039,31.48964539996814,0.5804438999621198,0.6600509999552742,0.005185100017115474
0.4,LP2 ($\theta$ Only),0,42,0.0006510357173271175,,36,3.4482758620689653,0.0,4.916067146282973,41,0,41,0.0006510357173271176,40.0,60.0,0.027600300032645464,0.151049799984321,0.00471879995893687,1.5883554000174627,3.1100764999864623,34.656159800011665,0.5727784000337124,0.6083705999189988,0.010444000014103949
0.4,LP2 ($\theta$ Only),1,43,0.0005114562758295126,,52,2.898550724637681,0.0,3.8505096262740657,34,0,34,0.0005114562758295126,32.0,68.0,0.01835999998729676,0.07864149997476488,0.0039697999600321054,1.692681899992749,3.4278495999751613,36.08339839999098,0.6464727999409661,0.6215890999883413,0.00516210007481277
0.4,LP2 ($\theta$ Only),2,45,0.000849665950124998,,39,3.4569983136593594,0.0,4.696449026345934,41,0,41,0.0008496659501249979,32.0,68.0,0.019299499923363328,0.08803079999051988,0.003533800016157329,1.4011952000437304,3.388849599985406,33.466343399952166,0.545794399920851,0.670859899953939,0.00822730001527816
0.4,LP2 ($\theta$ Only),3,48,0.0007119033081624307,,35,4.201680672268908,0.0,5.336179295624333,50,0,50,0.0007119033081624306,36.0,64.0,0.022389299934729934,0.07503960002213717,0.0036480999551713467,1.7253994999919087,3.154490099987015,34.06264670006931,0.5545409000478685,0.5598442000336945,0.005141500034369528
0.4,LP2 ($\theta$ Only),4,52,0.0011703238656752969,,40,4.641350210970464,0.0,6.3657407407407405,55,0,55,0.001170323865675297,40.0,60.0,0.02490020007826388,0.07908809999935329,0.007154399994760752,1.8448476999765262,3.0281760999932885,34.628295300062746,0.5647790000075474,0.6328901000088081,0.01214630005415529
0.4,LP2 ($\theta$ Only),5,57,0.000548824926799345,,33,2.2651006711409396,0.0,3.2181168057210967,27,0,27,0.0005488249267993452,30.0,70.0,0.019292799988761544,0.1295651999535039,0.009264099993743002,1.7607569999527186,3.0865668000187725,33.2737238999689,0.5443259000312537,0.5474431000184268,0.0051617000717669725
0.4,LP2 ($\theta$ Only),6,63,0.000980442502361515,,45,6.779661016949152,0.0,9.580838323353293,80,0,80,0.000980442502361515,46.0,54.0,0.023034100071527064,0.07138880004640669,0.0036868000170215964,1.7779623999958858,2.9057559999637306,30.89596909994725,0.604957600007765,0.5611710000084713,0.006539299967698753
0.4,LP2 ($\theta$ Only),7,70,0.0005816483892591867,,50,4.595744680851064,0.0,6.7164179104477615,54,0,54,0.0005816483892591867,34.0,66.0,0.01827969995792955,0.08158660004846752,0.0038006999529898167,1.721534000011161,3.37558699992951,35.59338460001163,0.5439567000139505,0.6627172000007704,0.005541000049561262
0.4,LP2 ($\theta$ Only),8,78,0.0006748451204400584,,37,3.7037037037037037,0.0,5.231866825208086,44,0,44,0.0006748451204400584,32.0,68.0,0.01613910007290542,0.0825304000172764,0.0037402999587357044,1.4473714000778273,3.20026469998993,33.570935099967755,0.5922821999993175,0.5699847000651062,0.005140900029800832
0.4,LP2 ($\theta$ Only),9,87,0.0009134118103091323,,39,4.721753794266442,0.3115264797507788,6.358381502890174,56,1,55,0.0009134118103091324,38.0,62.0,0.02650299994274974,0.07555649999994785,0.003500299993902445,1.6768242999678478,3.084247599937953,33.56340820004698,0.6866395999677479,0.5878629999933764,0.005243799998424947
0.4,LP2 ($\theta$ Only),10,97,0.0005738745047078059,,47,4.584040747028863,0.0,6.398104265402844,54,0,54,0.000573874504707806,36.0,64.0,0.016567000071518123,0.10325160005595535,0.0034986999817192554,1.632748799980618,3.0861426000483334,32.734297599992715,0.5465891999192536,0.5710808000294492,0.005475600017234683
0.4,LP2 ($\theta$ Only),11,108,0.0003883375033554717,,48,2.293967714528462,0.0,3.195266272189349,27,0,27,0.00038833750335547177,30.0,70.0,0.019390600034967065,0.08541330008301884,0.00354120007250458,1.6379596000770107,3.0428877999074757,35.57243880000897,0.5340842999285087,0.5579816999379545,0.005682999966666102
0.4,LP2 ($\theta$ Only),12,120,0.000704601860612352,,52,5.626598465473146,0.0,7.44920993227991,66,0,66,0.000704601860612352,40.0,60.0,0.03590850008185953,0.11346600006800145,0.008979700040072203,1.604293099953793,3.3231333000585437,35.85370430001058,0.5308852000162005,0.5397902000695467,0.006100900005549192
0.4,LP2 ($\theta$ Only),13,133,0.0006808596940168717,,30,4.937238493723849,0.0,6.519337016574585,59,0,59,0.0006808596940168717,32.0,68.0,0.016413700068369508,0.08903240005020052,0.003551200032234192,1.4746683000121266,3.429421199951321,34.94124880002346,0.6205223000142723,0.6229008999653161,0.0051766999531537294
0.4,LP2 ($\theta$ Only),14,147,0.0007364486419448716,,50,3.0638297872340425,0.0,3.9130434782608696,36,0,36,0.0007364486419448717,34.0,66.0,0.016267099999822676,0.09450060001108795,0.004044200060889125,1.3987349000526592,3.2680236001033336,34.78855429997202,0.5314919000957161,0.6247129000257701,0.009496000013314188
0.4,LP2 ($\theta$ Only),15,162,0.0008234307017968872,,35,5.46218487394958,0.0,7.411630558722919,65,0,65,0.0008234307017968872,38.0,62.0,0.01790360000450164,0.09491380001418293,0.003919900045730174,1.6336088000098243,3.2883797000395134,35.93023970001377,0.5370938000269234,0.5787692000158131,0.005153800011612475
0.4,LP2 ($\theta$ Only),16,178,0.0009347251625065919,,35,6.38655462184874,0.6006006006006006,8.634772462077013,76,2,74,0.0009347251625065917,44.0,56.0,0.025601400062441826,0.11190250003710389,0.00746140000410378,1.7450466000009328,3.1328010999131948,29.61952409998048,0.5601967999245971,0.5511958999559283,0.0051766999531537294
0.4,LP2 ($\theta$ Only),17,195,0.0006562114581766913,,40,4.472573839662447,0.0,6.105990783410138,53,0,53,0.0006562114581766913,38.0,62.0,0.019733300083316863,0.13564969995059073,0.0035522999241948128,1.590507599990815,3.072554900078103,35.530408399994485,0.6210185000672936,0.5651049000443891,0.010417599929496646
0.4,LP2 ($\theta$ Only),18,213,0.0008908565537352693,,37,5.555555555555555,0.0,8.281053952321205,66,0,66,0.0008908565537352692,42.0,58.0,0.024203100008890033,0.08656540000811219,0.003716300008818507,1.8085900999139994,3.20970030000899,33.81918809993658,0.5410883999429643,0.5956362000433728,0.005120499990880489
0.4,LP2 ($\theta$ Only),19,232,0.000856979753338017,,40,6.244725738396625,0.33557046979865773,8.22998872604284,74,1,73,0.000856979753338017,36.0,64.0,0.01975750003475696,0.08903409994672984,0.004330000025220215,1.4137839999748394,3.3436400000937283,28.540671100025065,0.676592499949038,0.5809854000108317,0.009859899990260601
0.4,LP3 ($\theta$ Only),0,42,0.012446504153302949,,36,3.36417157275021,0.0,4.796163069544365,40,0,40,0.0013293924768406236,94.0,6.0,0.027600300032645464,0.151049799984321,0.00471879995893687,1.5883554000174627,3.1100764999864623,34.656159800011665,0.5727784000337124,0.6083705999189988,0.010444000014103949
0.4,LP3 ($\theta$ Only),1,43,0.009803158435939409,,52,2.6427962489343564,0.0,3.5107587768969424,31,0,31,0.0010017579842145333,90.0,10.0,0.01835999998729676,0.07864149997476488,0.0039697999600321054,1.692681899992749,3.4278495999751613,36.08339839999098,0.6464727999409661,0.6215890999883413,0.00516210007481277
0.4,LP3 ($\theta$ Only),2,45,0.01444004732198575,,39,3.0354131534569984,0.0,4.123711340206185,36,0,36,0.0019362408324978691,92.0,8.0,0.019299499923363328,0.08803079999051988,0.003533800016157329,1.4011952000437304,3.388849599985406,33.466343399952166,0.545794399920851,0.670859899953939,0.00822730001527816
0.4,LP3 ($\theta$ Only),3,48,0.012223455030055227,,35,3.277310924369748,0.0,4.16221985058698,39,0,39,0.0017486175769956046,90.0,10.0,0.022389299934729934,0.07503960002213717,0.0036480999551713467,1.7253994999919087,3.154490099987015,34.06264670006931,0.5545409000478685,0.5598442000336945,0.005141500034369528
0.4,LP3 ($\theta$ Only),4,52,0.019768185924331372,,40,3.1223628691983123,0.0,4.282407407407407,37,0,37,0.003752067632461319,98.0,2.0,0.02490020007826388,0.07908809999935329,0.007154399994760752,1.8448476999765262,3.0281760999932885,34.628295300062746,0.5647790000075474,0.6328901000088081,0.01214630005415529
0.4,LP3 ($\theta$ Only),5,57,0.008931974123013879,,33,1.6778523489932886,0.0,2.3837902264600714,20,0,20,0.001075964183134587,84.0,16.0,0.019292799988761544,0.1295651999535039,0.009264099993743002,1.7607569999527186,3.0865668000187725,33.2737238999689,0.5443259000312537,0.5474431000184268,0.0051617000717669725
0.4,LP3 ($\theta$ Only),6,63,0.02040956921487036,,45,5.8474576271186445,0.0,8.263473053892216,69,0,69,0.0030239165890203197,98.0,2.0,0.023034100071527064,0.07138880004640669,0.0036868000170215964,1.7779623999958858,2.9057559999637306,30.89596909994725,0.604957600007765,0.5611710000084713,0.006539299967698753
0.4,LP3 ($\theta$ Only),7,70,0.015915470773463117,,50,4.51063829787234,0.0,6.592039800995025,53,0,53,0.002058540898708502,94.0,6.0,0.01827969995792955,0.08158660004846752,0.0038006999529898167,1.721534000011161,3.37558699992951,35.59338460001163,0.5439567000139505,0.6627172000007704,0.005541000049561262
0.4,LP3 ($\theta$ Only),8,78,0.013191914843118532,,37,2.946127946127946,0.0,4.161712247324614,35,0,35,0.0020146621129585557,94.0,6.0,0.01613910007290542,0.0825304000172764,0.0037402999587357044,1.4473714000778273,3.20026469998993,33.570935099967755,0.5922821999993175,0.5699847000651062,0.005140900029800832
0.4,LP3 ($\theta$ Only),9,87,0.013715971514732056,,39,3.288364249578415,0.0,4.508670520231214,39,0,39,0.002425753653862645,92.0,8.0,0.02650299994274974,0.07555649999994785,0.003500299993902445,1.6768242999678478,3.084247599937953,33.56340820004698,0.6866395999677479,0.5878629999933764,0.005243799998424947
0.4,LP3 ($\theta$ Only),10,97,0.010377472312534813,,47,2.5466893039049237,0.0,3.5545023696682465,30,0,30,0.0009635687222907065,86.0,14.0,0.016567000071518123,0.10325160005595535,0.0034986999817192554,1.632748799980618,3.0861426000483334,32.734297599992715,0.5465891999192536,0.5710808000294492,0.005475600017234683
0.4,LP3 ($\theta$ Only),11,108,0.006613341073378752,,48,2.0390824129141887,0.0,2.8402366863905324,24,0,24,0.0005428963135762206,76.0,24.0,0.019390600034967065,0.08541330008301884,0.00354120007250458,1.6379596000770107,3.0428877999074757,35.57243880000897,0.5340842999285087,0.5579816999379545,0.005682999966666102
0.4,LP3 ($\theta$ Only),12,120,0.01466589436590999,,52,4.0068201193520885,0.0,5.3047404063205414,47,0,47,0.001809506139804355,96.0,4.0,0.03590850008185953,0.11346600006800145,0.008979700040072203,1.604293099953793,3.3231333000585437,35.85370430001058,0.5308852000162005,0.5397902000695467,0.006100900005549192
0.4,LP3 ($\theta$ Only),13,133,0.014913726473382823,,30,3.933054393305439,0.0,5.193370165745856,47,0,47,0.00249447523106343,92.0,8.0,0.016413700068369508,0.08903240005020052,0.003551200032234192,1.4746683000121266,3.429421199951321,34.94124880002346,0.6205223000142723,0.6229008999653161,0.0051766999531537294
0.4,LP3 ($\theta$ Only),14,147,0.010591678549076994,,50,2.0425531914893615,0.0,2.608695652173913,24,0,24,0.0015309777179531353,94.0,6.0,0.016267099999822676,0.09450060001108795,0.004044200060889125,1.3987349000526592,3.2680236001033336,34.78855429997202,0.5314919000957161,0.6247129000257701,0.009496000013314188
0.4,LP3 ($\theta$ Only),15,162,0.016584688710527026,,35,4.453781512605042,0.0,6.043329532497149,53,0,53,0.002812728332541683,98.0,2.0,0.01790360000450164,0.09491380001418293,0.003919900045730174,1.6336088000098243,3.2883797000395134,35.93023970001377,0.5370938000269234,0.5787692000158131,0.005153800011612475
0.4,LP3 ($\theta$ Only),16,178,0.021176137141784304,,35,5.294117647058823,0.0,7.3512252042007,63,0,63,0.00301489129203796,96.0,4.0,0.025601400062441826,0.11190250003710389,0.00746140000410378,1.7450466000009328,3.1328010999131948,29.61952409998048,0.5601967999245971,0.5511958999559283,0.0051766999531537294
0.4,LP3 ($\theta$ Only),17,195,0.011847170600497881,,40,3.2911392405063293,0.0,4.493087557603687,39,0,39,0.0013373144943316384,90.0,10.0,0.019733300083316863,0.13564969995059073,0.0035522999241948128,1.590507599990815,3.072554900078103,35.530408399994485,0.6210185000672936,0.5651049000443891,0.010417599929496646
0.4,LP3 ($\theta$ Only),18,213,0.018378580092545213,,37,4.713804713804714,0.0,7.026348808030113,56,0,56,0.0028803822079882906,98.0,2.0,0.024203100008890033,0.08656540000811219,0.003716300008818507,1.8085900999139994,3.20970030000899,33.81918809993658,0.5410883999429643,0.5956362000433728,0.005120499990880489
0.4,LP3 ($\theta$ Only),19,232,0.018592574969490818,,40,5.569620253164557,0.0,7.440811724915445,66,0,66,0.003351108111242331,98.0,2.0,0.01975750003475696,0.08903409994672984,0.004330000025220215,1.4137839999748394,3.3436400000937283,28.540671100025065,0.676592499949038,0.5809854000108317,0.009859899990260601
0.4,Linear BTL,0,42,,-892503.9548820775,36,23.969722455845247,9.295774647887324,30.215827338129497,285,33,252,,,,0.027600300032645464,0.151049799984321,0.00471879995893687,1.5883554000174627,3.1100764999864623,34.656159800011665,0.5727784000337124,0.6083705999189988,0.010444000014103949
0.4,Linear BTL,1,43,,-12309.844898824376,52,27.195225916453538,10.689655172413794,32.61608154020385,319,31,288,,,,0.01835999998729676,0.07864149997476488,0.0039697999600321054,1.692681899992749,3.4278495999751613,36.08339839999098,0.6464727999409661,0.6215890999883413,0.00516210007481277
0.4,Linear BTL,2,45,,-6055.301890783548,39,6.323777403035413,0.0,8.59106529209622,75,0,75,,,,0.019299499923363328,0.08803079999051988,0.003533800016157329,1.4011952000437304,3.388849599985406,33.466343399952166,0.545794399920851,0.670859899953939,0.00822730001527816
0.4,Linear BTL,3,48,,-6142.438323292008,35,5.798319327731092,0.0,7.363927427961579,69,0,69,,,,0.022389299934729934,0.07503960002213717,0.0036480999551713467,1.7253994999919087,3.154490099987015,34.06264670006931,0.5545409000478685,0.5598442000336945,0.005141500034369528
0.4,Linear BTL,4,52,,-5956.220228069135,40,6.329113924050633,0.0,8.680555555555555,75,0,75,,,,0.02490020007826388,0.07908809999935329,0.007154399994760752,1.8448476999765262,3.0281760999932885,34.628295300062746,0.5647790000075474,0.6328901000088081,0.01214630005415529
0.4,Linear BTL,5,57,,-5626.378197709371,33,4.110738255033557,0.0,5.8402860548271756,49,0,49,,,,0.019292799988761544,0.1295651999535039,0.009264099993743002,1.7607569999527186,3.0865668000187725,33.2737238999689,0.5443259000312537,0.5474431000184268,0.0051617000717669725
0.4,Linear BTL,6,63,,-5782.786132493879,45,7.288135593220339,0.0,10.29940119760479,86,0,86,,,,0.023034100071527064,0.07138880004640669,0.0036868000170215964,1.7779623999958858,2.9057559999637306,30.89596909994725,0.604957600007765,0.5611710000084713,0.006539299967698753
0.4,Linear BTL,7,70,,-958620.1532313968,50,37.787234042553195,26.954177897574123,42.78606965174129,444,100,344,,,,0.01827969995792955,0.08158660004846752,0.0038006999529898167,1.721534000011161,3.37558699992951,35.59338460001163,0.5439567000139505,0.6627172000007704,0.005541000049561262
0.4,Linear BTL,8,78,,-5388.008492079205,37,4.292929292929293,0.0,6.064209274673009,51,0,51,,,,0.01613910007290542,0.0825304000172764,0.0037402999587357044,1.4473714000778273,3.20026469998993,33.570935099967755,0.5922821999993175,0.5699847000651062,0.005140900029800832
0.4,Linear BTL,9,87,,-5662.09421209683,39,5.480607082630692,0.0,7.514450867052023,65,0,65,,,,0.02650299994274974,0.07555649999994785,0.003500299993902445,1.6768242999678478,3.084247599937953,33.56340820004698,0.6866395999677479,0.5878629999933764,0.005243799998424947
0.4,Linear BTL,10,97,,-5681.707662579532,47,4.923599320882852,0.0,6.872037914691943,58,0,58,,,,0.016567000071518123,0.10325160005595535,0.0034986999817192554,1.632748799980618,3.0861426000483334,32.734297599992715,0.5465891999192536,0.5710808000294492,0.005475600017234683
0.4,Linear BTL,11,108,,-983334.8798675333,48,37.72302463891249,33.13253012048193,39.52662721893491,444,110,334,,,,0.019390600034967065,0.08541330008301884,0.00354120007250458,1.6379596000770107,3.0428877999074757,35.57243880000897,0.5340842999285087,0.5579816999379545,0.005682999966666102
0.4,Linear BTL,12,120,,-36890.8255867322,52,13.72549019607843,0.34843205574912894,18.058690744920995,161,1,160,,,,0.03590850008185953,0.11346600006800145,0.008979700040072203,1.604293099953793,3.3231333000585437,35.85370430001058,0.5308852000162005,0.5397902000695467,0.006100900005549192
0.4,Linear BTL,13,133,,-5826.0161053835045,30,5.02092050209205,0.0,6.629834254143646,60,0,60,,,,0.016413700068369508,0.08903240005020052,0.003551200032234192,1.4746683000121266,3.429421199951321,34.94124880002346,0.6205223000142723,0.6229008999653161,0.0051766999531537294
0.4,Linear BTL,14,147,,-6068.351777004555,50,4.76595744680851,0.0,6.086956521739131,56,0,56,,,,0.016267099999822676,0.09450060001108795,0.004044200060889125,1.3987349000526592,3.2680236001033336,34.78855429997202,0.5314919000957161,0.6247129000257701,0.009496000013314188
0.4,Linear BTL,15,162,,-10518.463850585966,35,20.672268907563026,5.111821086261981,26.225769669327253,246,16,230,,,,0.01790360000450164,0.09491380001418293,0.003919900045730174,1.6336088000098243,3.2883797000395134,35.93023970001377,0.5370938000269234,0.5787692000158131,0.005153800011612475
0.4,Linear BTL,16,178,,-5734.252615039779,35,6.80672268907563,0.0,9.451575262543757,81,0,81,,,,0.025601400062441826,0.11190250003710389,0.00746140000410378,1.7450466000009328,3.1328010999131948,29.61952409998048,0.5601967999245971,0.5511958999559283,0.0051766999531537294
0.4,Linear BTL,17,195,,-646694.1040644338,40,35.949367088607595,21.13564668769716,41.35944700460829,426,67,359,,,,0.019733300083316863,0.13564969995059073,0.0035522999241948128,1.590507599990815,3.072554900078103,35.530408399994485,0.6210185000672936,0.5651049000443891,0.010417599929496646
0.4,Linear BTL,18,213,,-5497.9892583928295,37,6.986531986531986,0.0,10.41405269761606,83,0,83,,,,0.024203100008890033,0.08656540000811219,0.003716300008818507,1.8085900999139994,3.20970030000899,33.81918809993658,0.5410883999429643,0.5956362000433728,0.005120499990880489
0.4,Linear BTL,19,232,,-5845.303424910286,40,6.244725738396625,0.0,8.342728297632469,74,0,74,,,,0.01975750003475696,0.08903409994672984,0.004330000025220215,1.4137839999748394,3.3436400000937283,28.540671100025065,0.676592499949038,0.5809854000108317,0.009859899990260601
0.5,LP2 ($\theta$ Only),0,42,0.0006790136372520221,,59,6.003430531732419,0.0,7.261410788381743,70,0,70,0.0006790136372520221,40.0,60.0,0.03221780003514141,0.08418999996501952,0.0035236000549048185,1.4842673999955878,3.2023691000649706,36.814690400031395,0.5505220999475569,0.5459715999895707,0.013419500086456537
0.5,LP2 ($\theta$ Only),1,43,0.0007777699891539252,,67,5.613126079447323,0.0,6.612410986775178,65,0,65,0.0007777699891539252,44.0,56.0,0.027259900001809,0.08073459996376187,0.0037212000461295247,1.6866055999416858,3.0672684999881312,36.891443499946035,0.5228148000314832,0.543625200050883,0.006424800027161837
0.5,LP2 ($\theta$ Only),2,45,0.00102717459272785,,70,7.186147186147186,0.0,8.324974924774322,83,0,83,0.00102717459272785,42.0,58.0,0.01785619999282062,0.0905415000161156,0.003521899925544858,1.7779735000804067,3.0240362000185996,37.49483239999972,0.7073422999819741,0.5216148999752477,0.010118300095200539
0.5,LP2 ($\theta$ Only),3,48,0.0007171174388246278,,70,4.415584415584416,0.0,4.903846153846154,51,0,51,0.0007171174388246279,36.0,64.0,0.022570000030100346,0.08793979999609292,0.004933999967761338,1.6161226000403985,3.0428690999979153,37.97804029996041,0.5150167999090627,0.5728492999915034,0.005160199943929911
0.5,LP2 ($\theta$ Only),4,52,0.0006863109526493984,,65,6.293103448275862,0.0,7.307307307307307,73,0,73,0.0006863109526493983,44.0,56.0,0.025648999959230423,0.08051669993437827,0.0035230000503361225,1.7225245999870822,2.979283699998632,39.04359580005985,0.9195181000977755,0.5850986000150442,0.04562919994350523
0.5,LP2 ($\theta$ Only),5,57,0.0006692238642818641,,60,4.635193133047211,0.0,5.732484076433121,54,0,54,0.0006692238642818641,36.0,64.0,0.04735649994108826,0.12507210008334368,0.0056915999157354236,1.7200546000385657,3.184207099955529,36.31915180000942,0.6217590000014752,0.5143378000939265,0.0050870999693870544
0.5,LP2 ($\theta$ Only),6,63,0.001094875629567627,,59,8.061749571183533,0.0,9.720785935884178,94,0,94,0.001094875629567627,44.0,56.0,0.017026199959218502,0.08845889999065548,0.005624499986879528,1.420818499987945,3.222768400097266,39.11471899994649,0.6794804999371991,0.5478335999650881,0.005453899968415499
0.5,LP2 ($\theta$ Only),7,70,0.000876375006175938,,58,7.283633247643531,0.9345794392523364,8.709338929695697,85,2,83,0.000876375006175938,42.0,58.0,0.025951299932785332,0.07866040000226349,0.00346539996098727,1.4450555000221357,3.3476356000173837,36.46493090002332,0.5517041999846697,0.5479470998980105,0.00511589995585382
0.5,LP2 ($\theta$ Only),8,78,0.0009096145345158319,,61,7.474226804123711,0.0,9.015544041450777,87,0,87,0.0009096145345158319,44.0,56.0,0.017207100056111813,0.08580809994600713,0.0038789999671280384,1.4230991000076756,3.2963199999649078,35.86046349990647,0.5570380999706686,0.5280166999436915,0.00504790002014488
0.5,LP2 ($\theta$ Only),9,87,0.000763629822131778,,53,6.228668941979522,0.0,7.604166666666667,73,0,73,0.000763629822131778,38.0,62.0,0.021506199962459505,0.11286620004102588,0.005784499924629927,1.6778791999677196,3.0423597999615595,37.344408200006,0.5749592001084238,0.544582900009118,0.005236599943600595
0.5,LP2 ($\theta$ Only),10,97,0.0006047603872103318,,72,5.72419774501301,0.0,6.832298136645963,66,0,66,0.0006047603872103318,38.0,62.0,0.022778499987907708,0.08103509992361069,0.0035037000197917223,1.7327256000135094,2.8431099000154063,33.61686029995326,0.5425950998906046,0.5669079000363126,0.005885599995963275
0.5,LP2 ($\theta$ Only),11,108,0.0006655084859921187,,52,4.6888320545609545,0.0,5.440158259149357,55,0,55,0.0006655084859921187,34.0,66.0,0.02047870005480945,0.07699329999741167,0.003538799937814474,1.7591875999933109,3.047967499936931,37.5218241000548,0.5633428000146523,0.5769306999864057,0.01378769997972995
0.5,LP2 ($\theta$ Only),12,120,0.000874207109145405,,64,6.890611541774333,0.6369426751592356,7.868525896414343,80,1,79,0.0008742071091454051,48.0,52.0,0.0304598999209702,0.13245669996831566,0.00593079999089241,1.9903342000907287,3.1221997999818996,37.65032409993,0.6080365999368951,0.5480966999894008,0.005105899996124208
0.5,LP2 ($\theta$ Only),13,133,0.0007855362714368127,,63,6.282271944922547,0.0,7.411167512690355,73,0,73,0.0007855362714368127,40.0,60.0,0.018294399953447282,0.08648739999625832,0.0035445999819785357,1.6595653999829665,3.0820754999294877,38.296391999931075,0.5978810000233352,0.5422900000121444,0.006937899976037443
0.5,LP2 ($\theta$ Only),14,147,0.00064070117063391,,68,5.445116681071737,0.0,6.134371957156767,63,0,63,0.0006407011706339101,42.0,58.0,0.017918800003826618,0.0779026000527665,0.010807699989527464,1.683513000025414,3.1520845000632107,37.63879789994098,0.567541699972935,0.5272581999888644,0.005584600032307208
0.5,LP2 ($\theta$ Only),15,162,0.0009677393610581378,,64,7.235142118863049,0.0,8.46774193548387,84,0,84,0.0009677393610581379,42.0,58.0,0.019201199989765882,0.10738709999714047,0.00695459998678416,1.4110863000387326,3.3298888000426814,36.7036492000334,0.5272962999297306,0.5378463000524789,0.012973700067959726
0.5,LP2 ($\theta$ Only),16,178,0.0008077249444605248,,49,5.5272108843537415,0.0,6.513026052104208,65,0,65,0.0008077249444605248,46.0,54.0,0.02208939997944981,0.07522110000718385,0.005699000088497996,1.4759115999331698,3.3321501000318676,37.190511199994944,0.543885700055398,0.5339353999588639,0.009656000067479908
0.5,LP2 ($\theta$ Only),17,195,0.0007974407783735372,,59,6.60377358490566,0.0,7.857142857142857,77,0,77,0.0007974407783735371,40.0,60.0,0.01830519991926849,0.08493339992128313,0.0035379999317228794,1.5450005000457168,3.165224500000477,40.486000799923204,0.7258256000932306,0.5336733000585809,0.005145000061020255
0.5,LP2 ($\theta$ Only),18,213,0.0006569896823594111,,54,6.23398804440649,0.0,7.952069716775599,73,0,73,0.0006569896823594112,40.0,60.0,0.016593000036664307,0.08361359999980778,0.003530000103637576,1.4844432000536472,3.219783600070514,36.38279510010034,0.5603863999713212,0.5331621000077575,0.006440300028771162
0.5,LP2 ($\theta$ Only),19,232,0.00123143122003706,,64,8.957795004306632,0.7407407407407407,10.038986354775828,104,1,103,0.0012314312200370598,44.0,56.0,0.01812709996011108,0.09152299992274493,0.003635499975644052,1.669103000080213,3.0878666000207886,38.13021179998759,0.7306625000201166,0.5284858000231907,0.006891299970448017
0.5,LP3 ($\theta$ Only),0,42,0.016039493248872196,,59,4.459691252144082,0.0,5.394190871369295,52,0,52,0.0018499903669617547,94.0,6.0,0.03221780003514141,0.08418999996501952,0.0035236000549048185,1.4842673999955878,3.2023691000649706,36.814690400031395,0.5505220999475569,0.5459715999895707,0.013419500086456537
0.5,LP3 ($\theta$ Only),1,43,0.014362573124674986,,67,4.231433506044905,0.0,4.984740590030519,49,0,49,0.002108056061827959,94.0,6.0,0.027259900001809,0.08073459996376187,0.0037212000461295247,1.6866055999416858,3.0672684999881312,36.891443499946035,0.5228148000314832,0.543625200050883,0.006424800027161837
0.5,LP3 ($\theta$ Only),2,45,0.021187747349445913,,70,5.541125541125541,0.0,6.41925777331996,64,0,64,0.002546403353178238,96.0,4.0,0.01785619999282062,0.0905415000161156,0.003521899925544858,1.7779735000804067,3.0240362000185996,37.49483239999972,0.7073422999819741,0.5216148999752477,0.010118300095200539
0.5,LP3 ($\theta$ Only),3,48,0.013741548117482454,,70,3.722943722943723,0.0,4.134615384615385,43,0,43,0.001787521889114326,94.0,6.0,0.022570000030100346,0.08793979999609292,0.004933999967761338,1.6161226000403985,3.0428690999979153,37.97804029996041,0.5150167999090627,0.5728492999915034,0.005160199943929911
0.5,LP3 ($\theta$ Only),4,52,0.01749927194206708,,65,5.344827586206897,0.0,6.206206206206206,62,0,62,0.0021477782156860254,96.0,4.0,0.025648999959230423,0.08051669993437827,0.0035230000503361225,1.7225245999870822,2.979283699998632,39.04359580005985,0.9195181000977755,0.5850986000150442,0.04562919994350523
0.5,LP3 ($\theta$ Only),5,57,0.013234187303854858,,60,3.347639484978541,0.0,4.140127388535032,39,0,39,0.001432186954010138,94.0,6.0,0.04735649994108826,0.12507210008334368,0.0056915999157354236,1.7200546000385657,3.184207099955529,36.31915180000942,0.6217590000014752,0.5143378000939265,0.0050870999693870544
0.5,LP3 ($\theta$ Only),6,63,0.022221402761481275,,59,6.60377358490566,0.0,7.96277145811789,77,0,77,0.0033917541046575225,96.0,4.0,0.017026199959218502,0.08845889999065548,0.005624499986879528,1.420818499987945,3.222768400097266,39.11471899994649,0.6794804999371991,0.5478335999650881,0.005453899968415499
0.5,LP3 ($\theta$ Only),7,70,0.02244499605683986,,58,7.283633247643531,0.0,8.919202518363065,85,0,85,0.002851313980506769,98.0,2.0,0.025951299932785332,0.07866040000226349,0.00346539996098727,1.4450555000221357,3.3476356000173837,36.46493090002332,0.5517041999846697,0.5479470998980105,0.00511589995585382
0.5,LP3 ($\theta$ Only),8,78,0.01989293998027291,,61,6.099656357388316,0.0,7.357512953367876,71,0,71,0.0026662154546008617,98.0,2.0,0.017207100056111813,0.08580809994600713,0.0038789999671280384,1.4230991000076756,3.2963199999649078,35.86046349990647,0.5570380999706686,0.5280166999436915,0.00504790002014488
0.5,LP3 ($\theta$ Only),9,87,0.016119618795114362,,53,4.522184300341297,0.0,5.520833333333333,53,0,53,0.002475470939510325,96.0,4.0,0.021506199962459505,0.11286620004102588,0.005784499924629927,1.6778791999677196,3.0423597999615595,37.344408200006,0.5749592001084238,0.544582900009118,0.005236599943600595
0.5,LP3 ($\theta$ Only),10,97,0.01583634778734566,,72,4.943625325238508,0.0,5.900621118012422,57,0,57,0.0018057532615726702,96.0,4.0,0.022778499987907708,0.08103509992361069,0.0035037000197917223,1.7327256000135094,2.8431099000154063,33.61686029995326,0.5425950998906046,0.5669079000363126,0.005885599995963275
0.5,LP3 ($\theta$ Only),11,108,0.014766313275457948,,52,4.0068201193520885,0.0,4.648862512363996,47,0,47,0.002033178434699649,94.0,6.0,0.02047870005480945,0.07699329999741167,0.003538799937814474,1.7591875999933109,3.047967499936931,37.5218241000548,0.5633428000146523,0.5769306999864057,0.01378769997972995
0.5,LP3 ($\theta$ Only),12,120,0.018271605276393696,,64,4.823428079242032,0.0,5.577689243027889,56,0,56,0.0021482232798294295,92.0,8.0,0.0304598999209702,0.13245669996831566,0.00593079999089241,1.9903342000907287,3.1221997999818996,37.65032409993,0.6080365999368951,0.5480966999894008,0.005105899996124208
0.5,LP3 ($\theta$ Only),13,133,0.016721048362289857,,63,4.733218588640275,0.0,5.583756345177665,55,0,55,0.0019248819248834136,94.0,6.0,0.018294399953447282,0.08648739999625832,0.0035445999819785357,1.6595653999829665,3.0820754999294877,38.296391999931075,0.5978810000233352,0.5422900000121444,0.006937899976037443
0.5,LP3 ($\theta$ Only),14,147,0.013087280690601106,,68,3.4572169403630078,0.0,3.8948393378773125,40,0,40,0.0020538370348028964,98.0,2.0,0.017918800003826618,0.0779026000527665,0.010807699989527464,1.683513000025414,3.1520845000632107,37.63879789994098,0.567541699972935,0.5272581999888644,0.005584600032307208
0.5,LP3 ($\theta$ Only),15,162,0.021768161387764048,,64,6.804478897502153,0.0,7.963709677419355,79,0,79,0.0028223716188799336,98.0,2.0,0.019201199989765882,0.10738709999714047,0.00695459998678416,1.4110863000387326,3.3298888000426814,36.7036492000334,0.5272962999297306,0.5378463000524789,0.012973700067959726
0.5,LP3 ($\theta$ Only),16,178,0.017107292144763423,,49,4.2517006802721085,0.0,5.01002004008016,50,0,50,0.002567463689186803,96.0,4.0,0.02208939997944981,0.07522110000718385,0.005699000088497996,1.4759115999331698,3.3321501000318676,37.190511199994944,0.543885700055398,0.5339353999588639,0.009656000067479908
0.5,LP3 ($\theta$ Only),17,195,0.017465615495307726,,59,4.974271012006861,0.0,5.918367346938775,58,0,58,0.002613082408127988,94.0,6.0,0.01830519991926849,0.08493339992128313,0.0035379999317228794,1.5450005000457168,3.165224500000477,40.486000799923204,0.7258256000932306,0.5336733000585809,0.005145000061020255
0.5,LP3 ($\theta$ Only),18,213,0.018219239068137588,,54,5.721605465414176,0.0,7.298474945533769,67,0,67,0.001967746286909531,94.0,6.0,0.016593000036664307,0.08361359999980778,0.003530000103637576,1.4844432000536472,3.219783600070514,36.38279510010034,0.5603863999713212,0.5331621000077575,0.006440300028771162
0.5,LP3 ($\theta$ Only),19,232,0.023871370611495774,,64,6.546080964685616,0.0,7.407407407407407,76,0,76,0.0031409033998240424,96.0,4.0,0.01812709996011108,0.09152299992274493,0.003635499975644052,1.669103000080213,3.0878666000207886,38.13021179998759,0.7306625000201166,0.5284858000231907,0.006891299970448017
0.5,Linear BTL,0,42,,-9502.64525251369,59,19.897084048027445,0.49504950495049505,23.96265560165975,232,1,231,,,,0.03221780003514141,0.08418999996501952,0.0035236000549048185,1.4842673999955878,3.2023691000649706,36.814690400031395,0.5505220999475569,0.5459715999895707,0.013419500086456537
0.5,Linear BTL,1,43,,-9291.94356077555,67,23.66148531951641,4.0,27.161749745676502,274,7,267,,,,0.027259900001809,0.08073459996376187,0.0037212000461295247,1.6866055999416858,3.0672684999881312,36.891443499946035,0.5228148000314832,0.543625200050883,0.006424800027161837
0.5,Linear BTL,2,45,,-61703.54602496149,70,16.883116883116884,1.2658227848101267,19.358074222668005,195,2,193,,,,0.01785619999282062,0.0905415000161156,0.003521899925544858,1.7779735000804067,3.0240362000185996,37.49483239999972,0.7073422999819741,0.5216148999752477,0.010118300095200539
0.5,Linear BTL,3,48,,-114942.39314028218,70,27.965367965367964,6.086956521739131,30.384615384615383,323,7,316,,,,0.022570000030100346,0.08793979999609292,0.004933999967761338,1.6161226000403985,3.0428690999979153,37.97804029996041,0.5150167999090627,0.5728492999915034,0.005160199943929911
0.5,Linear BTL,4,52,,-752623.3297562149,65,21.637931034482758,1.2422360248447204,24.924924924924923,251,2,249,,,,0.025648999959230423,0.08051669993437827,0.0035230000503361225,1.7225245999870822,2.979283699998632,39.04359580005985,0.9195181000977755,0.5850986000150442,0.04562919994350523
0.5,Linear BTL,5,57,,-8589.143680711584,60,18.71244635193133,4.932735426008969,21.97452229299363,218,11,207,,,,0.04735649994108826,0.12507210008334368,0.0056915999157354236,1.7200546000385657,3.184207099955529,36.31915180000942,0.6217590000014752,0.5143378000939265,0.0050870999693870544
0.5,Linear BTL,6,63,,-1268651.362061939,59,34.04802744425386,20.100502512562816,36.918304033092035,397,40,357,,,,0.017026199959218502,0.08845889999065548,0.005624499986879528,1.420818499987945,3.222768400097266,39.11471899994649,0.6794804999371991,0.5478335999650881,0.005453899968415499
0.5,Linear BTL,7,70,,-7079.4712381442105,58,11.825192802056556,0.0,14.480587618048268,138,0,138,,,,0.025951299932785332,0.07866040000226349,0.00346539996098727,1.4450555000221357,3.3476356000173837,36.46493090002332,0.5517041999846697,0.5479470998980105,0.00511589995585382
0.5,Linear BTL,8,78,,-12105.28097514618,61,15.721649484536082,0.5025125628140703,18.860103626943005,183,1,182,,,,0.017207100056111813,0.08580809994600713,0.0038789999671280384,1.4230991000076756,3.2963199999649078,35.86046349990647,0.5570380999706686,0.5280166999436915,0.00504790002014488
0.5,Linear BTL,9,87,,-21002.66518961496,53,19.880546075085324,4.245283018867925,23.333333333333332,233,9,224,,,,0.021506199962459505,0.11286620004102588,0.005784499924629927,1.6778791999677196,3.0423597999615595,37.344408200006,0.5749592001084238,0.544582900009118,0.005236599943600595
0.5,Linear BTL,10,97,,-6718.908149335758,72,6.071118820468343,0.0,7.246376811594203,70,0,70,,,,0.022778499987907708,0.08103509992361069,0.0035037000197917223,1.7327256000135094,2.8431099000154063,33.61686029995326,0.5425950998906046,0.5669079000363126,0.005885599995963275
0.5,Linear BTL,11,108,,-589623.6243708062,52,33.333333333333336,12.962962962962964,36.59742828882295,391,21,370,,,,0.02047870005480945,0.07699329999741167,0.003538799937814474,1.7591875999933109,3.047967499936931,37.5218241000548,0.5633428000146523,0.5769306999864057,0.01378769997972995
0.5,Linear BTL,12,120,,-95912.51933606657,64,21.705426356589147,4.45859872611465,24.40239043824701,252,7,245,,,,0.0304598999209702,0.13245669996831566,0.00593079999089241,1.9903342000907287,3.1221997999818996,37.65032409993,0.6080365999368951,0.5480966999894008,0.005105899996124208
0.5,Linear BTL,13,133,,-843672.8148801217,63,19.793459552495698,3.389830508474576,22.741116751269036,230,6,224,,,,0.018294399953447282,0.08648739999625832,0.0035445999819785357,1.6595653999829665,3.0820754999294877,38.296391999931075,0.5978810000233352,0.5422900000121444,0.006937899976037443
0.5,Linear BTL,14,147,,-305508.4622400532,68,29.29991356957649,17.692307692307693,30.76923076923077,339,23,316,,,,0.017918800003826618,0.0779026000527665,0.010807699989527464,1.683513000025414,3.1520845000632107,37.63879789994098,0.567541699972935,0.5272581999888644,0.005584600032307208
0.5,Linear BTL,15,162,,-484907.5867039558,64,33.07493540051679,11.242603550295858,36.79435483870968,384,19,365,,,,0.019201199989765882,0.10738709999714047,0.00695459998678416,1.4110863000387326,3.3298888000426814,36.7036492000334,0.5272962999297306,0.5378463000524789,0.012973700067959726
0.5,Linear BTL,16,178,,-24069.46108310482,49,24.489795918367346,7.865168539325842,27.45490981963928,288,14,274,,,,0.02208939997944981,0.07522110000718385,0.005699000088497996,1.4759115999331698,3.3321501000318676,37.190511199994944,0.543885700055398,0.5339353999588639,0.009656000067479908
0.5,Linear BTL,17,195,,-964126.9189589019,59,20.840480274442537,2.6881720430107525,24.285714285714285,243,5,238,,,,0.01830519991926849,0.08493339992128313,0.0035379999317228794,1.5450005000457168,3.165224500000477,40.486000799923204,0.7258256000932306,0.5336733000585809,0.005145000061020255
0.5,Linear BTL,18,213,,-6209.947500515916,54,7.002561912894961,0.0,8.932461873638344,82,0,82,,,,0.016593000036664307,0.08361359999980778,0.003530000103637576,1.4844432000536472,3.219783600070514,36.38279510010034,0.5603863999713212,0.5331621000077575,0.006440300028771162
0.5,Linear BTL,19,232,,-183211.93282643484,64,20.241171403962102,2.2222222222222223,22.612085769980506,235,3,232,,,,0.01812709996011108,0.09152299992274493,0.003635499975644052,1.669103000080213,3.0878666000207886,38.13021179998759,0.7306625000201166,0.5284858000231907,0.006891299970448017
0.6,LP2 ($\theta$ Only),0,42,0.000998624110973247,,79,9.24956369982548,0.0,10.192307692307692,106,0,106,0.000998624110973247,44.0,56.0,0.028365900041535497,0.08482960006222129,0.0061805000295862556,1.6304532999638468,3.0245067999931052,38.14807480003219,0.5082000000402331,0.5462803000118583,0.0066451000748202205
0.6,LP2 ($\theta$ Only),1,43,0.0009166250361782704,,81,8.391608391608392,0.0,9.195402298850574,96,0,96,0.0009166250361782704,38.0,62.0,0.01754659996367991,0.07275120005942881,0.003517500008456409,1.6276311000110582,3.0931613000575453,38.44943989999592,0.7185307999607176,0.5222711999667808,0.00796199997421354
0.6,LP2 ($\theta$ Only),2,45,0.0007662528157090511,,112,4.492362982929021,0.0,4.770992366412214,50,0,50,0.000766252815709051,36.0,64.0,0.02225349994841963,0.0742523999651894,0.008501600008457899,1.5795018000062555,3.0903485999442637,41.47038259997498,0.5247416000347584,0.5117107999976724,0.005353200016543269
0.6,LP2 ($\theta$ Only),3,48,0.0010448288371456753,,84,9.377738825591587,0.0,9.700815956482321,107,0,107,0.0010448288371456753,42.0,58.0,0.017501699971035123,0.08856069995090365,0.00349799997638911,1.6330045000649989,3.0502930000657216,39.320159399998374,0.5424731000093743,0.5195970000931993,0.006076000048778951
0.6,LP2 ($\theta$ Only),4,52,0.0009465070484866617,,90,7.048458149779735,0.0,7.5685903500473035,80,0,80,0.0009465070484866618,46.0,54.0,0.018150800024159253,0.12466940004378557,0.005679499940015376,1.6091792000224814,3.0297699000220746,33.41937399993185,0.658339999965392,0.5210027999710292,0.005650600069202483
0.6,LP2 ($\theta$ Only),5,57,0.0008332893400595148,,67,5.267702936096718,0.0,5.888030888030888,61,0,61,0.0008332893400595149,42.0,58.0,0.017102799960412085,0.08149400004185736,0.0044590000761672854,1.6028912999900058,3.2554038000525907,38.628270699991845,0.6775417000753805,0.5635571000166237,0.009966499987058342
0.6,LP2 ($\theta$ Only),6,63,0.0014910886092990958,,80,10.91703056768559,0.9259259259259259,11.957569913211186,125,1,124,0.001491088609299096,46.0,54.0,0.019516699947416782,0.08012759999837726,0.0035564000718295574,1.4090554000576958,3.311553500010632,38.01291090005543,0.6004394000628963,0.6852601999416947,0.009817500016652048
0.6,LP2 ($\theta$ Only),7,70,0.001095787353671497,,64,8.010335917312661,0.0,8.78186968838527,93,0,93,0.001095787353671497,42.0,58.0,0.025800000061281025,0.12169340008404106,0.0034759999252855778,1.672308100038208,3.460369799984619,38.994810799951665,0.5275613000849262,0.6697655000025406,0.005124500021338463
0.6,LP2 ($\theta$ Only),8,78,0.0013208371037449216,,64,9.388458225667527,0.9803921568627451,10.19830028328612,109,1,108,0.0013208371037449218,44.0,56.0,0.01643980003427714,0.08715619996655732,0.004491299972869456,1.4380006999708712,3.0956587999826297,39.058112699887715,0.5765050000045449,0.5209283999865875,0.007838800083845854
0.6,LP2 ($\theta$ Only),9,87,0.0011577723060521195,,61,8.075601374570446,0.0,8.943862987630828,94,0,94,0.0011577723060521195,40.0,60.0,0.022263500024564564,0.08220300008542836,0.0035414000740274787,1.801958099938929,2.959959700005129,34.05206850008108,0.5941603999817744,0.5503968000411987,0.008923300076276064
0.6,LP2 ($\theta$ Only),10,97,0.0010522318541996082,,86,8.779631255487269,0.0,9.49667616334283,100,0,100,0.001052231854199608,46.0,54.0,0.017664300044998527,0.09138090000487864,0.005642300006002188,1.6365475999191403,3.0559339000610635,38.78151719993912,0.550583100062795,0.543956600013189,0.009516699938103557
0.6,LP2 ($\theta$ Only),11,108,0.001042149021607194,,74,7.732406602953953,0.0,8.256029684601113,89,0,89,0.001042149021607194,44.0,56.0,0.016665700008161366,0.08175230002962053,0.005734100006520748,1.6596109999809414,3.2691353000700474,39.459735100041144,0.5429328000172973,0.5986733000027016,0.008969199960120022
0.6,LP2 ($\theta$ Only),12,120,0.0012592570175945404,,91,10.934744268077601,0.0,11.731315042573321,124,0,124,0.0012592570175945404,46.0,54.0,0.01977360004093498,0.08093840000219643,0.003383000032044947,1.600016999989748,3.0792647999478504,37.91065490001347,0.6655151000013575,0.5224371000658721,0.005183600005693734
0.6,LP2 ($\theta$ Only),13,133,0.0007861140954336266,,80,7.423580786026201,0.0,7.988721804511278,85,0,85,0.0007861140954336265,38.0,62.0,0.017326500033959746,0.08328400005120784,0.005751500022597611,1.6003533999901265,3.1182886000024155,38.25938240007963,0.5848460000706837,0.5684863000642508,0.006388100096955895
0.6,LP2 ($\theta$ Only),14,147,0.000696630517149695,,91,5.64373897707231,1.7857142857142858,5.8441558441558445,64,1,63,0.0006966305171496951,32.0,68.0,0.023007499985396862,0.08916909992694855,0.0035071999300271273,1.6181976000079885,3.032772700069472,38.47324530000333,0.5483613000251353,0.593308600015007,0.007040799944661558
0.6,LP2 ($\theta$ Only),15,162,0.0011000968093493376,,93,9.717314487632509,0.0,10.28999064546305,110,0,110,0.0011000968093493376,42.0,58.0,0.018430299940519035,0.08934830001089722,0.0035632000071927905,1.580216900096275,3.1528360000811517,38.68238720006775,0.7092276000184938,0.5194084999384359,0.005377699970267713
0.6,LP2 ($\theta$ Only),16,178,0.0011871131224200592,,67,10.01727115716753,0.0,10.80074487895717,116,0,116,0.0011871131224200592,38.0,62.0,0.020180099993012846,0.08107650000602007,0.0038441999349743128,1.6653320000041276,3.2895285000558943,36.72845319996122,0.5913716999348253,0.6017136999871582,0.011752900085411966
0.6,LP2 ($\theta$ Only),17,195,0.0009806476888235243,,79,7.766143106457243,0.0,8.279069767441861,89,0,89,0.000980647688823524,46.0,54.0,0.04125590005423874,0.1765245000133291,0.013319300021976233,1.7597778000636026,3.2563015000196174,39.692395900026895,0.5356716000242159,0.521737499977462,0.008546199998818338
0.6,LP2 ($\theta$ Only),18,213,0.001542727855923767,,65,11.293103448275861,0.0,12.919132149901381,131,0,131,0.0015427278559237672,46.0,54.0,0.01867549994494766,0.09223720000591129,0.003567399922758341,1.4499889999860898,3.3025840000482276,38.58809640002437,0.6777200000360608,0.5480944999726489,0.0052059999434277415
0.6,LP2 ($\theta$ Only),19,232,0.0010984865856162914,,104,9.099018733273862,0.0,9.577464788732394,102,0,102,0.0010984865856162912,44.0,56.0,0.01670929999090731,0.0815733999479562,0.004666299908421934,1.4171445000683889,3.2066713999956846,39.53205679997336,0.4922495000064373,0.5672607000451535,0.00858610006980598
0.6,LP3 ($\theta$ Only),0,42,0.024263399865738167,,79,8.115183246073299,0.0,8.942307692307692,93,0,93,0.002933654368812604,98.0,2.0,0.028365900041535497,0.08482960006222129,0.0061805000295862556,1.6304532999638468,3.0245067999931052,38.14807480003219,0.5082000000402331,0.5462803000118583,0.0066451000748202205
0.6,LP3 ($\theta$ Only),1,43,0.019070872208873282,,81,6.031468531468532,0.0,6.609195402298851,69,0,69,0.00238444082628756,98.0,2.0,0.01754659996367991,0.07275120005942881,0.003517500008456409,1.6276311000110582,3.0931613000575453,38.44943989999592,0.7185307999607176,0.5222711999667808,0.00796199997421354
0.6,LP3 ($\theta$ Only),2,45,0.015398980508682545,,112,3.6837376460017968,0.0,3.9122137404580153,41,0,41,0.0019204571899140894,94.0,6.0,0.02225349994841963,0.0742523999651894,0.008501600008457899,1.5795018000062555,3.0903485999442637,41.47038259997498,0.5247416000347584,0.5117107999976724,0.005353200016543269
0.6,LP3 ($\theta$ Only),3,48,0.024349456400168445,,84,7.449605609114812,0.0,7.70625566636446,85,0,85,0.0027464085353983074,96.0,4.0,0.017501699971035123,0.08856069995090365,0.00349799997638911,1.6330045000649989,3.0502930000657216,39.320159399998374,0.5424731000093743,0.5195970000931993,0.006076000048778951
0.6,LP3 ($\theta$ Only),4,52,0.021314615568377018,,90,6.343612334801762,0.0,6.811731315042573,72,0,72,0.0023941632251259846,98.0,2.0,0.018150800024159253,0.12466940004378557,0.005679499940015376,1.6091792000224814,3.0297699000220746,33.41937399993185,0.658339999965392,0.5210027999710292,0.005650600069202483
0.6,LP3 ($\theta$ Only),5,57,0.014756165980917021,,67,3.7996545768566494,0.0,4.2471042471042475,44,0,44,0.002093052241234885,94.0,6.0,0.017102799960412085,0.08149400004185736,0.0044590000761672854,1.6028912999900058,3.2554038000525907,38.628270699991845,0.6775417000753805,0.5635571000166237,0.009966499987058342
0.6,LP3 ($\theta$ Only),6,63,0.03090000343336615,,80,8.471615720524017,0.0,9.35390549662488,97,0,97,0.003734090106012325,98.0,2.0,0.019516699947416782,0.08012759999837726,0.0035564000718295574,1.4090554000576958,3.311553500010632,38.01291090005543,0.6004394000628963,0.6852601999416947,0.009817500016652048
0.6,LP3 ($\theta$ Only),7,70,0.02422933590378861,,64,6.459948320413437,0.0,7.0821529745042495,75,0,75,0.003577532870518902,96.0,4.0,0.025800000061281025,0.12169340008404106,0.0034759999252855778,1.672308100038208,3.460369799984619,38.994810799951665,0.5275613000849262,0.6697655000025406,0.005124500021338463
0.6,LP3 ($\theta$ Only),8,78,0.023220465846919038,,64,5.770887166236004,0.0,6.326723323890462,67,0,67,0.0030104208556587827,98.0,2.0,0.01643980003427714,0.08715619996655732,0.004491299972869456,1.4380006999708712,3.0956587999826297,39.058112699887715,0.5765050000045449,0.5209283999865875,0.007838800083845854
0.6,LP3 ($\theta$ Only),9,87,0.025095457087236567,,61,7.302405498281787,0.0,8.087535680304471,85,0,85,0.00320539656304187,98.0,2.0,0.022263500024564564,0.08220300008542836,0.0035414000740274787,1.801958099938929,2.959959700005129,34.05206850008108,0.5941603999817744,0.5503968000411987,0.008923300076276064
0.6,LP3 ($\theta$ Only),10,97,0.02603863203904914,,86,8.340649692712907,0.0,9.02184235517569,95,0,95,0.0029546344241070835,98.0,2.0,0.017664300044998527,0.09138090000487864,0.005642300006002188,1.6365475999191403,3.0559339000610635,38.78151719993912,0.550583100062795,0.543956600013189,0.009516699938103557
0.6,LP3 ($\theta$ Only),11,108,0.02058865159308261,,74,5.560382276281494,0.0,5.936920222634508,64,0,64,0.0030949248779092563,96.0,4.0,0.016665700008161366,0.08175230002962053,0.005734100006520748,1.6596109999809414,3.2691353000700474,39.459735100041144,0.5429328000172973,0.5986733000027016,0.008969199960120022
0.6,LP3 ($\theta$ Only),12,120,0.029494997673570823,,91,9.435626102292769,0.0,10.122989593188269,107,0,107,0.0034963555008113516,98.0,2.0,0.01977360004093498,0.08093840000219643,0.003383000032044947,1.600016999989748,3.0792647999478504,37.91065490001347,0.6655151000013575,0.5224371000658721,0.005183600005693734
0.6,LP3 ($\theta$ Only),13,133,0.021751672277038347,,80,7.074235807860262,0.0,7.612781954887218,81,0,81,0.0024508106299081745,98.0,2.0,0.017326500033959746,0.08328400005120784,0.005751500022597611,1.6003533999901265,3.1182886000024155,38.25938240007963,0.5848460000706837,0.5684863000642508,0.006388100096955895
0.6,LP3 ($\theta$ Only),14,147,0.01673490442408605,,91,5.291005291005291,0.0,5.565862708719852,60,0,60,0.002386623323849991,96.0,4.0,0.023007499985396862,0.08916909992694855,0.0035071999300271273,1.6181976000079885,3.032772700069472,38.47324530000333,0.5483613000251353,0.593308600015007,0.007040799944661558
0.6,LP3 ($\theta$ Only),15,162,0.02528976872508071,,93,7.773851590106007,0.0,8.23199251637044,88,0,88,0.0027610720629886207,94.0,6.0,0.018430299940519035,0.08934830001089722,0.0035632000071927905,1.580216900096275,3.1528360000811517,38.68238720006775,0.7092276000184938,0.5194084999384359,0.005377699970267713
0.6,LP3 ($\theta$ Only),16,178,0.022851319676909617,,67,6.390328151986183,0.0,6.890130353817504,74,0,74,0.002646179981457062,94.0,6.0,0.020180099993012846,0.08107650000602007,0.0038441999349743128,1.6653320000041276,3.2895285000558943,36.72845319996122,0.5913716999348253,0.6017136999871582,0.011752900085411966
0.6,LP3 ($\theta$ Only),17,195,0.02305385153445799,,79,6.806282722513089,0.0,7.255813953488372,78,0,78,0.003309539240353266,96.0,4.0,0.04125590005423874,0.1765245000133291,0.013319300021976233,1.7597778000636026,3.2563015000196174,39.692395900026895,0.5356716000242159,0.521737499977462,0.008546199998818338
0.6,LP3 ($\theta$ Only),18,213,0.031007959749831112,,65,8.53448275862069,0.0,9.763313609467456,99,0,99,0.0038013821491533015,98.0,2.0,0.01867549994494766,0.09223720000591129,0.003567399922758341,1.4499889999860898,3.3025840000482276,38.58809640002437,0.6777200000360608,0.5480944999726489,0.0052059999434277415
0.6,LP3 ($\theta$ Only),19,232,0.023813702358242886,,104,7.404103479036574,0.0,7.793427230046948,83,0,83,0.0031522047369397215,94.0,6.0,0.01670929999090731,0.0815733999479562,0.004666299908421934,1.4171445000683889,3.2066713999956846,39.53205679997336,0.4922495000064373,0.5672607000451535,0.00858610006980598
0.6,Linear BTL,0,42,,-7516.8996023738455,79,10.732984293193716,0.0,11.826923076923077,123,0,123,,,,0.028365900041535497,0.08482960006222129,0.0061805000295862556,1.6304532999638468,3.0245067999931052,38.14807480003219,0.5082000000402331,0.5462803000118583,0.0066451000748202205
0.6,Linear BTL,1,43,,-20974.75178976324,81,35.4020979020979,21.0,36.7816091954023,405,21,384,,,,0.01754659996367991,0.07275120005942881,0.003517500008456409,1.6276311000110582,3.0931613000575453,38.44943989999592,0.7185307999607176,0.5222711999667808,0.00796199997421354
0.6,Linear BTL,2,45,,-1090026.598631441,112,18.688230008984725,1.5384615384615385,19.751908396946565,208,1,207,,,,0.02225349994841963,0.0742523999651894,0.008501600008457899,1.5795018000062555,3.0903485999442637,41.47038259997498,0.5247416000347584,0.5117107999976724,0.005353200016543269
0.6,Linear BTL,3,48,,-168758.85547085124,84,30.67484662576687,26.31578947368421,30.82502266545784,350,10,340,,,,0.017501699971035123,0.08856069995090365,0.00349799997638911,1.6330045000649989,3.0502930000657216,39.320159399998374,0.5424731000093743,0.5195970000931993,0.006076000048778951
0.6,Linear BTL,4,52,,-7634.188601426617,90,6.872246696035242,0.0,7.379375591296121,78,0,78,,,,0.018150800024159253,0.12466940004378557,0.005679499940015376,1.6091792000224814,3.0297699000220746,33.41937399993185,0.658339999965392,0.5210027999710292,0.005650600069202483
0.6,Linear BTL,5,57,,-8752.689167952753,67,18.39378238341969,0.819672131147541,20.463320463320464,213,1,212,,,,0.017102799960412085,0.08149400004185736,0.0044590000761672854,1.6028912999900058,3.2554038000525907,38.628270699991845,0.6775417000753805,0.5635571000166237,0.009966499987058342
0.6,Linear BTL,6,63,,-14310.782235744256,80,27.94759825327511,9.25925925925926,29.893924783027966,320,10,310,,,,0.019516699947416782,0.08012759999837726,0.0035564000718295574,1.4090554000576958,3.311553500010632,38.01291090005543,0.6004394000628963,0.6852601999416947,0.009817500016652048
0.6,Linear BTL,7,70,,-420587.42129875434,64,22.997416020671835,1.9607843137254901,25.02360717658168,267,2,265,,,,0.025800000061281025,0.12169340008404106,0.0034759999252855778,1.672308100038208,3.460369799984619,38.994810799951665,0.5275613000849262,0.6697655000025406,0.005124500021338463
0.6,Linear BTL,8,78,,-13147.442284632132,64,19.46597760551249,1.9607843137254901,21.152030217186024,226,2,224,,,,0.01643980003427714,0.08715619996655732,0.004491299972869456,1.4380006999708712,3.0956587999826297,39.058112699887715,0.5765050000045449,0.5209283999865875,0.007838800083845854
0.6,Linear BTL,9,87,,-7450.305485434837,61,9.02061855670103,0.0,9.990485252140818,105,0,105,,,,0.022263500024564564,0.08220300008542836,0.0035414000740274787,1.801958099938929,2.959959700005129,34.05206850008108,0.5941603999817744,0.5503968000411987,0.008923300076276064
0.6,Linear BTL,10,97,,-99699.50443662153,86,23.880597014925375,11.627906976744185,24.881291547958213,272,10,262,,,,0.017664300044998527,0.09138090000487864,0.005642300006002188,1.6365475999191403,3.0559339000610635,38.78151719993912,0.550583100062795,0.543956600013189,0.009516699938103557
0.6,Linear BTL,11,108,,-101300.4756767035,74,25.021720243266724,9.58904109589041,26.06679035250464,288,7,281,,,,0.016665700008161366,0.08175230002962053,0.005734100006520748,1.6596109999809414,3.2691353000700474,39.459735100041144,0.5429328000172973,0.5986733000027016,0.008969199960120022
0.6,Linear BTL,12,120,,-8355.911634989003,91,16.666666666666668,1.2987012987012987,17.786187322611163,189,1,188,,,,0.01977360004093498,0.08093840000219643,0.003383000032044947,1.600016999989748,3.0792647999478504,37.91065490001347,0.6655151000013575,0.5224371000658721,0.005183600005693734
0.6,Linear BTL,13,133,,-15395.513452219742,80,23.66812227074236,2.4691358024691357,25.281954887218046,271,2,269,,,,0.017326500033959746,0.08328400005120784,0.005751500022597611,1.6003533999901265,3.1182886000024155,38.25938240007963,0.5848460000706837,0.5684863000642508,0.006388100096955895
0.6,Linear BTL,14,147,,-40915.849084735484,91,35.714285714285715,8.928571428571429,37.105751391465674,405,5,400,,,,0.023007499985396862,0.08916909992694855,0.0035071999300271273,1.6181976000079885,3.032772700069472,38.47324530000333,0.5483613000251353,0.593308600015007,0.007040799944661558
0.6,Linear BTL,15,162,,-1144630.039049504,93,21.024734982332156,1.5873015873015872,22.170252572497663,238,1,237,,,,0.018430299940519035,0.08934830001089722,0.0035632000071927905,1.580216900096275,3.1528360000811517,38.68238720006775,0.7092276000184938,0.5194084999384359,0.005377699970267713
0.6,Linear BTL,16,178,,-7434.216339808492,67,8.290155440414507,0.0,8.938547486033519,96,0,96,,,,0.020180099993012846,0.08107650000602007,0.0038441999349743128,1.6653320000041276,3.2895285000558943,36.72845319996122,0.5913716999348253,0.6017136999871582,0.011752900085411966
0.6,Linear BTL,17,195,,-135944.22713296217,79,22.513089005235603,1.408450704225352,23.906976744186046,258,1,257,,,,0.04125590005423874,0.1765245000133291,0.013319300021976233,1.7597778000636026,3.2563015000196174,39.692395900026895,0.5356716000242159,0.521737499977462,0.008546199998818338
0.6,Linear BTL,18,213,,-875703.4566580604,65,20.25862068965517,0.684931506849315,23.076923076923077,235,1,234,,,,0.01867549994494766,0.09223720000591129,0.003567399922758341,1.4499889999860898,3.3025840000482276,38.58809640002437,0.6777200000360608,0.5480944999726489,0.0052059999434277415
0.6,Linear BTL,19,232,,-15943.913361228231,104,33.898305084745765,16.071428571428573,34.83568075117371,380,9,371,,,,0.01670929999090731,0.0815733999479562,0.004666299908421934,1.4171445000683889,3.2066713999956846,39.53205679997336,0.4922495000064373,0.5672607000451535,0.00858610006980598
0.7,LP2 ($\theta$ Only),0,42,0.0012089361102440245,,108,10.205908683974933,4.3478260869565215,10.3290676416819,114,1,113,0.0012089361102440245,40.0,60.0,0.02966040000319481,0.09842349996324629,0.004290899960324168,1.3605806999839842,3.252886699978262,40.51153600006364,0.5466797000262886,0.5216403999365866,0.007793499971739948
0.7,LP2 ($\theta$ Only),1,43,0.0015508580102698366,,106,10.99195710455764,0.0,11.51685393258427,123,0,123,0.0015508580102698364,44.0,56.0,0.022041600081138313,0.07385430007707328,0.0033529000356793404,1.521369899972342,3.246117700007744,39.90223490004428,0.5656884000636637,0.5276026000501588,0.005127400043420494
0.7,LP2 ($\theta$ Only),2,45,0.001347525354078532,,143,11.55268022181146,0.0,11.814744801512287,125,0,125,0.001347525354078532,42.0,58.0,0.022987700067460537,0.07935010001529008,0.0032698999857529998,1.384692499996163,3.1718326000263914,41.71201839996502,0.5118735999567434,0.5052300000097603,0.0060063999844715
0.7,LP2 ($\theta$ Only),3,48,0.0015634458440739114,,125,14.272727272727273,0.0,14.364135407136322,157,0,157,0.0015634458440739114,48.0,52.0,0.017800599918700755,0.0885188999818638,0.0036527999909594655,1.354189999983646,3.742349600070156,39.63837780000176,0.4969067999627441,0.5759826001012698,0.010803400073200464
0.7,LP2 ($\theta$ Only),4,52,0.0011104263832149963,,110,10.852017937219731,3.225806451612903,11.07011070110701,121,1,120,0.001110426383214996,42.0,58.0,0.021811199956573546,0.08447519992478192,0.0034046999644488096,1.3675500999670476,2.9782606000080705,39.87220400001388,0.6031988000031561,0.5199517000000924,0.1935823999810964
0.7,LP2 ($\theta$ Only),5,57,0.000858247539356589,,86,6.057945566286216,0.0,6.295620437956204,69,0,69,0.000858247539356589,34.0,66.0,0.019839699962176383,0.09141400002408773,0.003461900050751865,1.421690099989064,3.2200688999146223,40.32388979999814,0.5390581000829116,0.5960986000718549,0.011685900040902197
0.7,LP2 ($\theta$ Only),6,63,0.0016262432952604449,,107,13.595706618962433,0.0,14.087117701575533,152,0,152,0.0016262432952604449,46.0,54.0,0.01852150005288422,0.08767639996949583,0.006854100036434829,1.3656873999862,3.26053840003442,40.917690700036474,0.5643814000068232,0.5981661999830976,0.00882139999885112
0.7,LP2 ($\theta$ Only),7,70,0.0014160460817019284,,101,11.654804270462634,5.128205128205129,11.889400921658986,131,2,129,0.001416046081701928,46.0,54.0,0.025740099954418838,0.09398909995798022,0.011814699973911047,1.8087297000456601,3.1080281999893486,39.704251300077885,0.5359656000509858,0.5153869000496343,0.0079915999667719
0.7,LP2 ($\theta$ Only),8,78,0.0012561792399732202,,104,11.418376449598572,0.0,11.753902662993571,128,0,128,0.0012561792399732204,48.0,52.0,0.01646179996896535,0.08160979999229312,0.0039037999231368303,1.5432573000434786,3.1257970998995006,37.55576009990182,0.6463103999849409,0.5695100999437273,0.004970400012098253
0.7,LP2 ($\theta$ Only),9,87,0.0013076840628110608,,94,11.317418213969939,2.380952380952381,11.662075298438936,128,1,127,0.0013076840628110608,46.0,54.0,0.028512799995951355,0.07562950009014457,0.003402699949219823,1.3234523000428453,3.3260483000194654,38.41113849997055,0.5230076999869198,0.5255801000166684,0.005567500018514693
0.7,LP2 ($\theta$ Only),10,97,0.0021433411872663556,,117,17.779783393501805,6.0606060606060606,18.13953488372093,197,2,195,0.002143341187266355,48.0,52.0,0.04157389991451055,0.16739920002873987,0.004609600058756769,1.362247799988836,3.2572455999907106,41.120831300038844,0.5249270000495017,0.6222439000848681,0.005548999994061887
0.7,LP2 ($\theta$ Only),11,108,0.0008170273297553913,,120,7.51131221719457,0.0,7.6923076923076925,83,0,83,0.0008170273297553913,42.0,58.0,0.024112500017508864,0.12444100005086511,0.004040100029669702,1.6045333000365645,3.1290689000161365,39.70134659996256,0.5157871999545023,0.5060860000085086,0.005965399905107915
0.7,LP2 ($\theta$ Only),12,120,0.0011577386322537098,,116,10.279531109107303,0.0,10.506912442396313,114,0,114,0.0011577386322537098,46.0,54.0,0.016375400009565055,0.14497379993554205,0.004740100004710257,1.3258811000268906,3.3373259999789298,41.01030239998363,0.5113613000139594,0.5427076000487432,0.005827500019222498
0.7,LP2 ($\theta$ Only),13,133,0.0009687274997805047,,109,10.03584229390681,0.0,10.284664830119375,112,0,112,0.0009687274997805047,46.0,54.0,0.01746670005377382,0.08229590009432286,0.0070621001068502665,1.5428089000051841,3.051659999997355,38.27309430006426,0.5634070999221876,0.5520717999897897,0.009767799987457693
0.7,LP2 ($\theta$ Only),14,147,0.0009780624207592402,,127,9.198542805100182,0.0,9.308755760368664,101,0,101,0.0009780624207592402,48.0,52.0,0.01629879989195615,0.08090269996318966,0.004124099970795214,1.3200140000553802,3.175105500034988,24.270575700094923,0.49868650001008064,0.5238216000143439,0.004752599983476102
0.7,LP2 ($\theta$ Only),15,162,0.0012958144180353637,,109,12.007168458781361,0.0,12.215132178669098,134,0,134,0.0012958144180353637,46.0,54.0,0.016590100014582276,0.08669199992436916,0.0033585000783205032,1.4831941000884399,3.1369252000004053,41.104510299977846,0.5355800999095663,0.5188324999762699,0.005047099897637963
0.7,LP2 ($\theta$ Only),16,178,0.0014215479014873288,,103,12.923351158645277,0.0,13.376383763837639,145,0,145,0.0014215479014873288,48.0,52.0,0.016410499927587807,0.09247469995170832,0.00762279995251447,1.4074239999754354,3.224495999980718,40.527554400032386,0.9258250000420958,0.6675450999755412,0.008251599967479706
0.7,LP2 ($\theta$ Only),17,195,0.001275552750655127,,121,11.141304347826088,0.0,11.32596685082873,123,0,123,0.0012755527506551267,48.0,52.0,0.017743000062182546,0.08888130006380379,0.0034471999388188124,1.3416254000039771,3.2504273999948055,41.173977700062096,0.5247859000228345,0.5233658999204636,0.01613769994582981
0.7,LP2 ($\theta$ Only),18,213,0.001058497217046899,,81,8.479020979020978,0.0,8.931860036832413,97,0,97,0.0010584972170468987,44.0,56.0,0.036839399952441454,0.08249399997293949,0.003565400023944676,1.4374681999906898,3.3465350000187755,37.71272810001392,0.5117186999414116,0.6730226000072435,0.005305300001055002
0.7,LP2 ($\theta$ Only),19,232,0.0014358174479225368,,130,13.424657534246576,7.6923076923076925,13.493530499075785,147,1,146,0.0014358174479225368,48.0,52.0,0.018038899987004697,0.08582809998188168,0.0038864000234752893,1.382815600023605,3.1688209999119863,39.80213399999775,0.49871330009773374,0.5661229999968782,0.0047463999362662435
0.7,LP3 ($\theta$ Only),0,42,0.029941322740698544,,108,8.683974932855865,0.0,8.86654478976234,97,0,97,0.003201427967451593,96.0,4.0,0.02966040000319481,0.09842349996324629,0.004290899960324168,1.3605806999839842,3.252886699978262,40.51153600006364,0.5466797000262886,0.5216403999365866,0.007793499971739948
0.7,LP3 ($\theta$ Only),1,43,0.033917835238982307,,106,12.064343163538874,0.0,12.640449438202246,135,0,135,0.0035326154432529667,98.0,2.0,0.022041600081138313,0.07385430007707328,0.0033529000356793404,1.521369899972342,3.246117700007744,39.90223490004428,0.5656884000636637,0.5276026000501588,0.005127400043420494
0.7,LP3 ($\theta$ Only),2,45,0.028044734318172625,,143,9.057301293900185,0.0,9.262759924385634,98,0,98,0.0026604603323300523,98.0,2.0,0.022987700067460537,0.07935010001529008,0.0032698999857529998,1.384692499996163,3.1718326000263914,41.71201839996502,0.5118735999567434,0.5052300000097603,0.0060063999844715
0.7,LP3 ($\theta$ Only),3,48,0.036527935215956556,,125,10.818181818181818,0.0,10.887465690759377,119,0,119,0.003614567780510252,98.0,2.0,0.017800599918700755,0.0885188999818638,0.0036527999909594655,1.354189999983646,3.742349600070156,39.63837780000176,0.4969067999627441,0.5759826001012698,0.010803400073200464
0.7,LP3 ($\theta$ Only),4,52,0.026853389634080058,,110,8.251121076233185,0.0,8.487084870848708,92,0,92,0.0031470703173678647,98.0,2.0,0.021811199956573546,0.08447519992478192,0.0034046999644488096,1.3675500999670476,2.9782606000080705,39.87220400001388,0.6031988000031561,0.5199517000000924,0.1935823999810964
0.7,LP3 ($\theta$ Only),5,57,0.019593357354007968,,86,5.7945566286215975,0.0,6.021897810218978,66,0,66,0.0033737534647992323,98.0,2.0,0.019839699962176383,0.09141400002408773,0.003461900050751865,1.421690099989064,3.2200688999146223,40.32388979999814,0.5390581000829116,0.5960986000718549,0.011685900040902197
0.7,LP3 ($\theta$ Only),6,63,0.03414214149158919,,107,11.449016100178891,0.0,11.862835959221501,128,0,128,0.00344988727953975,98.0,2.0,0.01852150005288422,0.08767639996949583,0.006854100036434829,1.3656873999862,3.26053840003442,40.917690700036474,0.5643814000068232,0.5981661999830976,0.00882139999885112
0.7,LP3 ($\theta$ Only),7,70,0.02962997688279063,,101,9.07473309608541,0.0,9.400921658986174,102,0,102,0.0036332200858483045,96.0,4.0,0.025740099954418838,0.09398909995798022,0.011814699973911047,1.8087297000456601,3.1080281999893486,39.704251300077885,0.5359656000509858,0.5153869000496343,0.0079915999667719
0.7,LP3 ($\theta$ Only),8,78,0.030214734063641495,,104,9.009812667261373,0.0,9.274563820018365,101,0,101,0.002867818416088042,98.0,2.0,0.01646179996896535,0.08160979999229312,0.0039037999231368303,1.5432573000434786,3.1257970998995006,37.55576009990182,0.6463103999849409,0.5695100999437273,0.004970400012098253
0.7,LP3 ($\theta$ Only),9,87,0.028653283583354002,,94,8.222811671087532,0.0,8.539944903581267,93,0,93,0.0032131139739715524,98.0,2.0,0.028512799995951355,0.07562950009014457,0.003402699949219823,1.3234523000428453,3.3260483000194654,38.41113849997055,0.5230076999869198,0.5255801000166684,0.005567500018514693
0.7,LP3 ($\theta$ Only),10,97,0.04477358016093552,,117,12.274368231046932,0.0,12.651162790697674,136,0,136,0.0040178434274150444,96.0,4.0,0.04157389991451055,0.16739920002873987,0.004609600058756769,1.362247799988836,3.2572455999907106,41.120831300038844,0.5249270000495017,0.6222439000848681,0.005548999994061887
0.7,LP3 ($\theta$ Only),11,108,0.020824501600037175,,120,6.968325791855204,0.0,7.136237256719184,77,0,77,0.0022998000499044034,96.0,4.0,0.024112500017508864,0.12444100005086511,0.004040100029669702,1.6045333000365645,3.1290689000161365,39.70134659996256,0.5157871999545023,0.5060860000085086,0.005965399905107915
0.7,LP3 ($\theta$ Only),12,120,0.026507980758672653,,116,8.746618575293057,0.0,8.940092165898617,97,0,97,0.0029583146304189485,96.0,4.0,0.016375400009565055,0.14497379993554205,0.004740100004710257,1.3258811000268906,3.3373259999789298,41.01030239998363,0.5113613000139594,0.5427076000487432,0.005827500019222498
0.7,LP3 ($\theta$ Only),13,133,0.029908985130990086,,109,9.767025089605735,0.0,10.009182736455463,109,0,109,0.0030645731403581215,98.0,2.0,0.01746670005377382,0.08229590009432286,0.0070621001068502665,1.5428089000051841,3.051659999997355,38.27309430006426,0.5634070999221876,0.5520717999897897,0.009767799987457693
0.7,LP3 ($\theta$ Only),14,147,0.022568180647160423,,127,8.105646630236794,0.0,8.202764976958525,89,0,89,0.0024112297158458405,98.0,2.0,0.01629879989195615,0.08090269996318966,0.004124099970795214,1.3200140000553802,3.175105500034988,24.270575700094923,0.49868650001008064,0.5238216000143439,0.004752599983476102
0.7,LP3 ($\theta$ Only),15,162,0.03355523887220671,,109,10.57347670250896,0.0,10.756608933454878,118,0,118,0.0033812172946194926,96.0,4.0,0.016590100014582276,0.08669199992436916,0.0033585000783205032,1.4831941000884399,3.1369252000004053,41.104510299977846,0.5355800999095663,0.5188324999762699,0.005047099897637963
0.7,LP3 ($\theta$ Only),16,178,0.03164106560912529,,103,9.982174688057041,0.0,10.33210332103321,112,0,112,0.0032799432905695055,96.0,4.0,0.016410499927587807,0.09247469995170832,0.00762279995251447,1.4074239999754354,3.224495999980718,40.527554400032386,0.9258250000420958,0.6675450999755412,0.008251599967479706
0.7,LP3 ($\theta$ Only),17,195,0.02841236354497993,,121,9.329710144927537,0.0,9.484346224677717,103,0,103,0.002728738468572008,98.0,2.0,0.017743000062182546,0.08888130006380379,0.0034471999388188124,1.3416254000039771,3.2504273999948055,41.173977700062096,0.5247859000228345,0.5233658999204636,0.01613769994582981
0.7,LP3 ($\theta$ Only),18,213,0.02195575068567609,,81,5.506993006993007,0.0,5.801104972375691,63,0,63,0.0030135022841901293,94.0,6.0,0.036839399952441454,0.08249399997293949,0.003565400023944676,1.4374681999906898,3.3465350000187755,37.71272810001392,0.5117186999414116,0.6730226000072435,0.005305300001055002
0.7,LP3 ($\theta$ Only),19,232,0.03128886256976993,,130,12.420091324200913,0.0,12.569316081330868,136,0,136,0.0031441237058083393,96.0,4.0,0.018038899987004697,0.08582809998188168,0.0038864000234752893,1.382815600023605,3.1688209999119863,39.80213399999775,0.49871330009773374,0.5661229999968782,0.0047463999362662435
0.7,Linear BTL,0,42,,-8332.20813642876,108,15.84601611459266,4.3478260869565215,16.087751371115175,177,1,176,,,,0.02966040000319481,0.09842349996324629,0.004290899960324168,1.3605806999839842,3.252886699978262,40.51153600006364,0.5466797000262886,0.5216403999365866,0.007793499971739948
0.7,Linear BTL,1,43,,-844429.6900277358,106,23.949955317247543,9.803921568627452,24.625468164794007,268,5,263,,,,0.022041600081138313,0.07385430007707328,0.0033529000356793404,1.521369899972342,3.246117700007744,39.90223490004428,0.5656884000636637,0.5276026000501588,0.005127400043420494
0.7,Linear BTL,2,45,,-1123526.2266515514,143,21.719038817005547,12.5,21.928166351606805,235,3,232,,,,0.022987700067460537,0.07935010001529008,0.0032698999857529998,1.384692499996163,3.1718326000263914,41.71201839996502,0.5118735999567434,0.5052300000097603,0.0060063999844715
0.7,Linear BTL,3,48,,-10598.920877690114,125,49.81818181818182,28.571428571428573,49.95425434583714,548,2,546,,,,0.017800599918700755,0.0885188999818638,0.0036527999909594655,1.354189999983646,3.742349600070156,39.63837780000176,0.4969067999627441,0.5759826001012698,0.010803400073200464
0.7,Linear BTL,4,52,,-50175.60360036922,110,34.43946188340807,22.580645161290324,34.77859778597786,384,7,377,,,,0.021811199956573546,0.08447519992478192,0.0034046999644488096,1.3675500999670476,2.9782606000080705,39.87220400001388,0.6031988000031561,0.5199517000000924,0.1935823999810964
0.7,Linear BTL,5,57,,-9836.549378668446,86,28.797190517998246,4.651162790697675,29.744525547445257,328,2,326,,,,0.019839699962176383,0.09141400002408773,0.003461900050751865,1.421690099989064,3.2200688999146223,40.32388979999814,0.5390581000829116,0.5960986000718549,0.011685900040902197
0.7,Linear BTL,6,63,,-121231.73938256108,107,51.341681574239715,66.66666666666667,50.78776645041705,574,26,548,,,,0.01852150005288422,0.08767639996949583,0.006854100036434829,1.3656873999862,3.26053840003442,40.917690700036474,0.5643814000068232,0.5981661999830976,0.00882139999885112
0.7,Linear BTL,7,70,,-882991.2834392266,101,35.49822064056939,23.076923076923077,35.944700460829495,399,9,390,,,,0.025740099954418838,0.09398909995798022,0.011814699973911047,1.8087297000456601,3.1080281999893486,39.704251300077885,0.5359656000509858,0.5153869000496343,0.0079915999667719
0.7,Linear BTL,8,78,,-8069.166479500265,104,11.329170383586083,0.0,11.662075298438936,127,0,127,,,,0.01646179996896535,0.08160979999229312,0.0039037999231368303,1.5432573000434786,3.1257970998995006,37.55576009990182,0.6463103999849409,0.5695100999437273,0.004970400012098253
0.7,Linear BTL,9,87,,-8661.833707681446,94,19.54022988505747,2.380952380952381,20.2020202020202,221,1,220,,,,0.028512799995951355,0.07562950009014457,0.003402699949219823,1.3234523000428453,3.3260483000194654,38.41113849997055,0.5230076999869198,0.5255801000166684,0.005567500018514693
0.7,Linear BTL,10,97,,-252744.51834311904,117,48.73646209386282,57.57575757575758,48.46511627906977,540,19,521,,,,0.04157389991451055,0.16739920002873987,0.004609600058756769,1.362247799988836,3.2572455999907106,41.120831300038844,0.5249270000495017,0.6222439000848681,0.005548999994061887
0.7,Linear BTL,11,108,,-1205807.0724585103,120,31.131221719457013,3.8461538461538463,31.788693234476366,344,1,343,,,,0.024112500017508864,0.12444100005086511,0.004040100029669702,1.6045333000365645,3.1290689000161365,39.70134659996256,0.5157871999545023,0.5060860000085086,0.005965399905107915
0.7,Linear BTL,12,120,,-415579.8051818858,116,44.63480613165014,54.166666666666664,44.423963133640555,495,13,482,,,,0.016375400009565055,0.14497379993554205,0.004740100004710257,1.3258811000268906,3.3373259999789298,41.01030239998363,0.5113613000139594,0.5427076000487432,0.005827500019222498
0.7,Linear BTL,13,133,,-8249.348078710062,109,11.200716845878135,0.0,11.47842056932966,125,0,125,,,,0.01746670005377382,0.08229590009432286,0.0070621001068502665,1.5428089000051841,3.051659999997355,38.27309430006426,0.5634070999221876,0.5520717999897897,0.009767799987457693
0.7,Linear BTL,14,147,,-8378.51443052416,127,8.287795992714026,0.0,8.387096774193548,91,0,91,,,,0.01629879989195615,0.08090269996318966,0.004124099970795214,1.3200140000553802,3.175105500034988,24.270575700094923,0.49868650001008064,0.5238216000143439,0.004752599983476102
0.7,Linear BTL,15,162,,-728267.551783286,109,29.121863799283155,21.05263157894737,29.2616226071103,325,4,321,,,,0.016590100014582276,0.08669199992436916,0.0033585000783205032,1.4831941000884399,3.1369252000004053,41.104510299977846,0.5355800999095663,0.5188324999762699,0.005047099897637963
0.7,Linear BTL,16,178,,-87477.5208166897,103,33.51158645276292,13.157894736842104,34.22509225092251,376,5,371,,,,0.016410499927587807,0.09247469995170832,0.00762279995251447,1.4074239999754354,3.224495999980718,40.527554400032386,0.9258250000420958,0.6675450999755412,0.008251599967479706
0.7,Linear BTL,17,195,,-1124625.3711098107,121,25.36231884057971,5.555555555555555,25.69060773480663,280,1,279,,,,0.017743000062182546,0.08888130006380379,0.0034471999388188124,1.3416254000039771,3.2504273999948055,41.173977700062096,0.5247859000228345,0.5233658999204636,0.01613769994582981
0.7,Linear BTL,18,213,,-7758.356681611336,81,7.255244755244755,0.0,7.642725598526703,83,0,83,,,,0.036839399952441454,0.08249399997293949,0.003565400023944676,1.4374681999906898,3.3465350000187755,37.71272810001392,0.5117186999414116,0.6730226000072435,0.005305300001055002
0.7,Linear BTL,19,232,,-8946.73536942026,130,17.625570776255707,15.384615384615385,17.65249537892791,193,2,191,,,,0.018038899987004697,0.08582809998188168,0.0038864000234752893,1.382815600023605,3.1688209999119863,39.80213399999775,0.49871330009773374,0.5661229999968782,0.0047463999362662435
0.8,LP2 ($\theta$ Only),0,42,0.0013865848520712818,,131,12.705667276051189,0.0,12.740604949587535,139,0,139,0.0013865848520712822,42.0,58.0,0.026347800041548908,0.08631569996941835,0.004636499914340675,1.4501062000636011,2.8701446000486612,41.13440739992075,0.5201395000331104,0.516387699986808,0.00997430004645139
0.8,LP2 ($\theta$ Only),1,43,0.0013394555439118353,,163,13.559322033898304,0.0,13.806327900287632,144,0,144,0.001339455543911835,44.0,56.0,0.019230099976994097,0.08507990010548383,0.0039022000273689628,1.6713582000229508,2.725269600050524,38.6841539000161,0.4862443000311032,0.4856850999640301,0.004973999923095107
0.8,LP2 ($\theta$ Only),2,45,0.0012123514548029936,,183,12.476007677543187,0.0,12.572533849129593,130,0,130,0.0012123514548029936,48.0,52.0,0.019409799948334694,0.07725179998669773,0.0033056000247597694,1.4855359999928623,2.8527212999761105,38.16648479993455,0.5030224999645725,0.5171312999445945,0.004540099995210767
0.8,LP2 ($\theta$ Only),3,48,0.001239493759990855,,173,12.927756653992395,0.0,12.940057088487155,136,0,136,0.0012394937599908547,46.0,54.0,0.01874249998945743,0.09736999997403473,0.0033620999893173575,1.628678600070998,2.8225349000422284,37.623034200049005,0.4965764000080526,0.48743829992599785,0.010557000059634447
0.8,LP2 ($\theta$ Only),4,52,0.0015069664225755865,,144,13.32099907493062,0.0,13.382899628252789,144,0,144,0.0015069664225755865,46.0,54.0,0.019152199965901673,0.08773409994319081,0.003353700041770935,1.575416500098072,2.9557992999907583,39.49474019999616,0.6944497999502346,0.52169209998101,0.008173599955625832
0.8,LP2 ($\theta$ Only),5,57,0.0011715828972919185,,135,10.275229357798166,0.0,10.379981464318814,112,0,112,0.0011715828972919183,42.0,58.0,0.024793700082227588,0.07472439995035529,0.008279799949377775,1.5643050000071526,2.7753212000243366,38.90949880005792,0.6681875999784097,0.7038834999548271,0.009992199949920177
0.8,LP2 ($\theta$ Only),6,63,0.0016029699337505113,,145,15.925925925925926,8.333333333333334,16.01123595505618,172,1,171,0.0016029699337505108,42.0,58.0,0.01849350007250905,0.08190710004419088,0.0033042998984456062,1.5846846000058576,3.0276119000045583,37.09392339992337,0.49943909991998225,0.49150170001666993,0.004701899946667254
0.8,LP2 ($\theta$ Only),7,70,0.0015961882286367355,,146,13.71640407784986,0.0,13.87066541705717,148,0,148,0.0015961882286367357,46.0,54.0,0.018242500023916364,0.09738789999391884,0.0055602999636903405,1.520709199947305,2.9043045999715105,25.322125800070353,0.5059589999727905,0.4959940999979153,0.004727000021375716
0.8,LP2 ($\theta$ Only),8,78,0.001660952193245946,,135,12.477064220183486,0.0,12.592592592592593,136,0,136,0.0016609521932459462,44.0,56.0,0.01796900003682822,0.0815005999756977,0.00562710000667721,1.5829840999795124,2.9333038000622764,39.33014420000836,0.6914553999667987,0.5230172999436036,0.006702700047753751
0.8,LP2 ($\theta$ Only),9,87,0.001655871375932129,,130,14.885844748858448,0.0,15.050784856879039,163,0,163,0.001655871375932129,48.0,52.0,0.023171099950559437,0.08927839994430542,0.0036850000033155084,1.5320244999602437,2.982039999915287,25.654425099957734,0.7402702000690624,0.510162299964577,0.0047805000795051455
0.8,LP2 ($\theta$ Only),10,97,0.002043981087023938,,160,13.990610328638498,0.0,14.056603773584905,149,0,149,0.002043981087023938,48.0,52.0,0.018250799970701337,0.07336590008344501,0.006870700046420097,1.493453499977477,2.9055696999421343,40.650153500027955,0.49444540007971227,0.554283699952066,0.012514599948190153
0.8,LP2 ($\theta$ Only),11,108,0.0017023532810910085,,161,14.097744360902256,0.0,14.218009478672986,150,0,150,0.001702353281091008,44.0,56.0,0.017044899985194206,0.08713760005775839,0.0033300999784842134,1.4872130999574438,3.031194300041534,40.52782750001643,0.4686906000133604,0.5065263999858871,0.00516780000180006
0.8,LP2 ($\theta$ Only),12,120,0.0015852871036722753,,163,13.370998116760829,0.0,13.459715639810426,142,0,142,0.001585287103672275,46.0,54.0,0.017498199944384396,0.09204259992111474,0.0057220000308007,1.525561699992977,2.9159488999284804,39.58286359999329,0.48560060001909733,0.5014850998995826,0.005031200009398162
0.8,LP2 ($\theta$ Only),13,133,0.0017221551080874454,,139,15.469613259668508,25.0,15.434380776340111,168,1,167,0.0017221551080874454,48.0,52.0,0.016273399931378663,0.08616079995408654,0.0034728999016806483,1.4903856000164524,2.9367767999647185,40.6885987999849,0.563164799939841,0.523683000006713,0.008161900099366903
0.8,LP2 ($\theta$ Only),14,147,0.0017469410823784458,,167,18.43100189035917,0.0,18.448438978240304,195,0,195,0.0017469410823784458,48.0,52.0,0.01776760001666844,0.08153440000023693,0.005579099990427494,1.551408400060609,2.9464967999374494,38.791933099972084,0.5414335000095889,0.5025079000042751,0.008463999954983592
0.8,LP2 ($\theta$ Only),15,162,0.0016827249845789527,,160,18.779342723004696,12.5,18.82686849574267,200,1,199,0.0016827249845789527,46.0,54.0,0.022612900007516146,0.07814280001912266,0.003292800043709576,1.4845655999379233,3.201565600000322,38.38069590006489,0.6476551999803632,0.5437906000297517,0.0047963999677449465
0.8,LP2 ($\theta$ Only),16,178,0.0014312910363499063,,125,12.636363636363637,0.0,12.822878228782288,139,0,139,0.0014312910363499067,46.0,54.0,0.01888750004582107,0.08596220007166266,0.003338499926030636,1.3224483999656513,3.0608128999592736,39.042799899936654,0.5205222999211401,0.6363795000361279,0.0071032000705599785
0.8,LP2 ($\theta$ Only),17,195,0.00151137112923145,,152,16.02982292637465,0.0,16.059757236227824,172,0,172,0.0015113711292314498,44.0,56.0,0.034705900005064905,0.10708930005785078,0.0033093999372795224,1.502599100000225,2.8910373999970034,39.911344899912365,0.505616300040856,0.49068970000371337,0.005143399932421744
0.8,LP2 ($\theta$ Only),18,213,0.002060969258615097,,104,23.37198929527208,22.22222222222222,23.390752493200363,262,4,258,0.002060969258615097,46.0,54.0,0.016315699904225767,0.08229260006919503,0.00350679992698133,1.7104669000254944,3.43453190010041,23.957668800023384,0.5230428000213578,0.5830875999527052,0.007857199991121888
0.8,LP2 ($\theta$ Only),19,232,0.0015008404613840805,,143,17.190388170055453,0.0,17.206290471785383,186,0,186,0.0015008404613840803,48.0,52.0,0.023469800013117492,0.06969599996227771,0.005688999895937741,1.2961268000071868,3.1096606000792235,31.01050419989042,0.4911416999530047,0.5517110000364482,0.0047163000563159585
0.8,LP3 ($\theta$ Only),0,42,0.034386760103424105,,131,11.151736745886655,0.0,11.182401466544455,122,0,122,0.003771884009757369,98.0,2.0,0.026347800041548908,0.08631569996941835,0.004636499914340675,1.4501062000636011,2.8701446000486612,41.13440739992075,0.5201395000331104,0.516387699986808,0.00997430004645139
0.8,LP3 ($\theta$ Only),1,43,0.03109011189491051,,163,10.922787193973635,0.0,11.12176414189837,116,0,116,0.002783822043432996,96.0,4.0,0.019230099976994097,0.08507990010548383,0.0039022000273689628,1.6713582000229508,2.725269600050524,38.6841539000161,0.4862443000311032,0.4856850999640301,0.004973999923095107
0.8,LP3 ($\theta$ Only),2,45,0.028573044415530945,,183,9.213051823416507,0.0,9.284332688588007,96,0,96,0.0026193128616812406,94.0,6.0,0.019409799948334694,0.07725179998669773,0.0033056000247597694,1.4855359999928623,2.8527212999761105,38.16648479993455,0.5030224999645725,0.5171312999445945,0.004540099995210767
0.8,LP3 ($\theta$ Only),3,48,0.0315965997620921,,173,11.216730038022813,0.0,11.227402473834443,118,0,118,0.0028582165155217427,96.0,4.0,0.01874249998945743,0.09736999997403473,0.0033620999893173575,1.628678600070998,2.8225349000422284,37.623034200049005,0.4965764000080526,0.48743829992599785,0.010557000059634447
0.8,LP3 ($\theta$ Only),4,52,0.036445183051266046,,144,13.135985198889916,0.0,13.197026022304833,142,0,142,0.003826417326393391,98.0,2.0,0.019152199965901673,0.08773409994319081,0.003353700041770935,1.575416500098072,2.9557992999907583,39.49474019999616,0.6944497999502346,0.52169209998101,0.008173599955625832
0.8,LP3 ($\theta$ Only),5,57,0.02916448195767435,,135,9.26605504587156,0.0,9.360518999073216,101,0,101,0.0030889293826006936,98.0,2.0,0.024793700082227588,0.07472439995035529,0.008279799949377775,1.5643050000071526,2.7753212000243366,38.90949880005792,0.6681875999784097,0.7038834999548271,0.009992199949920177
0.8,LP3 ($\theta$ Only),6,63,0.039125285707658095,,145,13.24074074074074,0.0,13.389513108614231,143,0,143,0.003419644283494281,96.0,4.0,0.01849350007250905,0.08190710004419088,0.0033042998984456062,1.5846846000058576,3.0276119000045583,37.09392339992337,0.49943909991998225,0.49150170001666993,0.004701899946667254
0.8,LP3 ($\theta$ Only),7,70,0.03479664826755397,,146,11.677479147358666,0.0,11.808809746954077,126,0,126,0.0036132672391920987,98.0,2.0,0.018242500023916364,0.09738789999391884,0.0055602999636903405,1.520709199947305,2.9043045999715105,25.322125800070353,0.5059589999727905,0.4959940999979153,0.004727000021375716
0.8,LP3 ($\theta$ Only),8,78,0.03372692061889033,,135,11.192660550458715,0.0,11.296296296296296,122,0,122,0.003553811381462775,96.0,4.0,0.01796900003682822,0.0815005999756977,0.00562710000667721,1.5829840999795124,2.9333038000622764,39.33014420000836,0.6914553999667987,0.5230172999436036,0.006702700047753751
0.8,LP3 ($\theta$ Only),9,87,0.04009119098919031,,130,15.068493150684931,0.0,15.23545706371191,165,0,165,0.003639056695161258,98.0,2.0,0.023171099950559437,0.08927839994430542,0.0036850000033155084,1.5320244999602437,2.982039999915287,25.654425099957734,0.7402702000690624,0.510162299964577,0.0047805000795051455
0.8,LP3 ($\theta$ Only),10,97,0.03841861199905698,,160,11.737089201877934,0.0,11.79245283018868,125,0,125,0.0037818294928677366,98.0,2.0,0.018250799970701337,0.07336590008344501,0.006870700046420097,1.493453499977477,2.9055696999421343,40.650153500027955,0.49444540007971227,0.554283699952066,0.012514599948190153
0.8,LP3 ($\theta$ Only),11,108,0.0341192316570715,,161,10.43233082706767,0.0,10.52132701421801,111,0,111,0.003919673061011983,98.0,2.0,0.017044899985194206,0.08713760005775839,0.0033300999784842134,1.4872130999574438,3.031194300041534,40.52782750001643,0.4686906000133604,0.5065263999858871,0.00516780000180006
0.8,LP3 ($\theta$ Only),12,120,0.03491468538531316,,163,12.24105461393597,0.0,12.322274881516588,130,0,130,0.0033752469236533237,98.0,2.0,0.017498199944384396,0.09204259992111474,0.0057220000308007,1.525561699992977,2.9159488999284804,39.58286359999329,0.48560060001909733,0.5014850998995826,0.005031200009398162
0.8,LP3 ($\theta$ Only),13,133,0.033634529267848316,,139,11.878453038674033,0.0,11.922365988909426,129,0,129,0.0035735978422044815,98.0,2.0,0.016273399931378663,0.08616079995408654,0.0034728999016806483,1.4903856000164524,2.9367767999647185,40.6885987999849,0.563164799939841,0.523683000006713,0.008161900099366903
0.8,LP3 ($\theta$ Only),14,147,0.03848942392171818,,167,13.705103969754253,0.0,13.718070009460737,145,0,145,0.0034449773225585646,98.0,2.0,0.01776760001666844,0.08153440000023693,0.005579099990427494,1.551408400060609,2.9464967999374494,38.791933099972084,0.5414335000095889,0.5025079000042751,0.008463999954983592
0.8,LP3 ($\theta$ Only),15,162,0.04492595158447958,,160,15.96244131455399,0.0,16.08325449385052,170,0,170,0.003045958489117615,96.0,4.0,0.022612900007516146,0.07814280001912266,0.003292800043709576,1.4845655999379233,3.201565600000322,38.38069590006489,0.6476551999803632,0.5437906000297517,0.0047963999677449465
0.8,LP3 ($\theta$ Only),16,178,0.03808294580562191,,125,13.0,0.0,13.191881918819188,143,0,143,0.002976405001252801,96.0,4.0,0.01888750004582107,0.08596220007166266,0.003338499926030636,1.3224483999656513,3.0608128999592736,39.042799899936654,0.5205222999211401,0.6363795000361279,0.0071032000705599785
0.8,LP3 ($\theta$ Only),17,195,0.03752467139525158,,152,13.42031686859273,0.0,13.445378151260504,144,0,144,0.003362102152669058,96.0,4.0,0.034705900005064905,0.10708930005785078,0.0033093999372795224,1.502599100000225,2.8910373999970034,39.911344899912365,0.505616300040856,0.49068970000371337,0.005143399932421744
0.8,LP3 ($\theta$ Only),18,213,0.05603533608828329,,104,19.35771632471008,5.555555555555555,19.58295557570263,217,1,216,0.0035797180688200195,96.0,4.0,0.016315699904225767,0.08229260006919503,0.00350679992698133,1.7104669000254944,3.43453190010041,23.957668800023384,0.5230428000213578,0.5830875999527052,0.007857199991121888
0.8,LP3 ($\theta$ Only),19,232,0.04448666650178177,,143,16.54343807763401,0.0,16.558741905642922,179,0,179,0.002882039727004061,96.0,4.0,0.023469800013117492,0.06969599996227771,0.005688999895937741,1.2961268000071868,3.1096606000792235,31.01050419989042,0.4911416999530047,0.5517110000364482,0.0047163000563159585
0.8,Linear BTL,0,42,,-52698.528965032056,131,50.274223034734916,33.333333333333336,50.320806599450044,550,1,549,,,,0.026347800041548908,0.08631569996941835,0.004636499914340675,1.4501062000636011,2.8701446000486612,41.13440739992075,0.5201395000331104,0.516387699986808,0.00997430004645139
0.8,Linear BTL,1,43,,-8657.56069147247,163,12.523540489642185,0.0,12.751677852348994,133,0,133,,,,0.019230099976994097,0.08507990010548383,0.0039022000273689628,1.6713582000229508,2.725269600050524,38.6841539000161,0.4862443000311032,0.4856850999640301,0.004973999923095107
0.8,Linear BTL,2,45,,-8795.66577568389,183,15.163147792706335,0.0,15.28046421663443,158,0,158,,,,0.019409799948334694,0.07725179998669773,0.0033056000247597694,1.4855359999928623,2.8527212999761105,38.16648479993455,0.5030224999645725,0.5171312999445945,0.004540099995210767
0.8,Linear BTL,3,48,,-8877.45728102738,173,12.737642585551331,0.0,12.74976213130352,134,0,134,,,,0.01874249998945743,0.09736999997403473,0.0033620999893173575,1.628678600070998,2.8225349000422284,37.623034200049005,0.4965764000080526,0.48743829992599785,0.010557000059634447
0.8,Linear BTL,4,52,,0.0,144,47.641073080481036,60.0,47.58364312267658,515,3,512,,,,0.019152199965901673,0.08773409994319081,0.003353700041770935,1.575416500098072,2.9557992999907583,39.49474019999616,0.6944497999502346,0.52169209998101,0.008173599955625832
0.8,Linear BTL,5,57,,-4902.070725687832,135,50.91743119266055,45.45454545454545,50.97312326227989,555,5,550,,,,0.024793700082227588,0.07472439995035529,0.008279799949377775,1.5643050000071526,2.7753212000243366,38.90949880005792,0.6681875999784097,0.7038834999548271,0.009992199949920177
0.8,Linear BTL,6,63,,-8685.271276385256,145,15.092592592592593,0.0,15.262172284644194,163,0,163,,,,0.01849350007250905,0.08190710004419088,0.0033042998984456062,1.5846846000058576,3.0276119000045583,37.09392339992337,0.49943909991998225,0.49150170001666993,0.004701899946667254
0.8,Linear BTL,7,70,,-8609.216592801267,146,12.882298424467098,0.0,13.02717900656045,139,0,139,,,,0.018242500023916364,0.09738789999391884,0.0055602999636903405,1.520709199947305,2.9043045999715105,25.322125800070353,0.5059589999727905,0.4959940999979153,0.004727000021375716
0.8,Linear BTL,8,78,,-241196.39676215334,135,61.10091743119266,70.0,61.01851851851852,666,7,659,,,,0.01796900003682822,0.0815005999756977,0.00562710000667721,1.5829840999795124,2.9333038000622764,39.33014420000836,0.6914553999667987,0.5230172999436036,0.006702700047753751
0.8,Linear BTL,9,87,,-8608.223424450289,130,15.799086757990867,0.0,15.974145891043397,173,0,173,,,,0.023171099950559437,0.08927839994430542,0.0036850000033155084,1.5320244999602437,2.982039999915287,25.654425099957734,0.7402702000690624,0.510162299964577,0.0047805000795051455
0.8,Linear BTL,10,97,,-215178.30939360155,160,33.051643192488264,0.0,33.20754716981132,352,0,352,,,,0.018250799970701337,0.07336590008344501,0.006870700046420097,1.493453499977477,2.9055696999421343,40.650153500027955,0.49444540007971227,0.554283699952066,0.012514599948190153
0.8,Linear BTL,11,108,,-59183.55164295266,161,44.92481203007519,0.0,45.308056872037916,478,0,478,,,,0.017044899985194206,0.08713760005775839,0.0033300999784842134,1.4872130999574438,3.031194300041534,40.52782750001643,0.4686906000133604,0.5065263999858871,0.00516780000180006
0.8,Linear BTL,12,120,,-406728.5007598882,163,45.856873822975516,28.571428571428573,45.97156398104266,487,2,485,,,,0.017498199944384396,0.09204259992111474,0.0057220000308007,1.525561699992977,2.9159488999284804,39.58286359999329,0.48560060001909733,0.5014850998995826,0.005031200009398162
0.8,Linear BTL,13,133,,-806969.2519937836,139,37.20073664825046,75.0,37.06099815157116,404,3,401,,,,0.016273399931378663,0.08616079995408654,0.0034728999016806483,1.4903856000164524,2.9367767999647185,40.6885987999849,0.563164799939841,0.523683000006713,0.008161900099366903
0.8,Linear BTL,14,147,,-14079.285945701493,167,37.901701323251416,0.0,37.93755912961211,401,0,401,,,,0.01776760001666844,0.08153440000023693,0.005579099990427494,1.551408400060609,2.9464967999374494,38.791933099972084,0.5414335000095889,0.5025079000042751,0.008463999954983592
0.8,Linear BTL,15,162,,-9464.455341386161,160,27.793427230046948,0.0,28.003784295175024,296,0,296,,,,0.022612900007516146,0.07814280001912266,0.003292800043709576,1.4845655999379233,3.201565600000322,38.38069590006489,0.6476551999803632,0.5437906000297517,0.0047963999677449465
0.8,Linear BTL,16,178,,-1237203.0751015572,125,27.454545454545453,0.0,27.85977859778598,302,0,302,,,,0.01888750004582107,0.08596220007166266,0.003338499926030636,1.3224483999656513,3.0608128999592736,39.042799899936654,0.5205222999211401,0.6363795000361279,0.0071032000705599785
0.8,Linear BTL,17,195,,-1210276.5577846055,152,44.45479962721342,50.0,44.44444444444444,477,1,476,,,,0.034705900005064905,0.10708930005785078,0.0033093999372795224,1.502599100000225,2.8910373999970034,39.911344899912365,0.505616300040856,0.49068970000371337,0.005143399932421744
0.8,Linear BTL,18,213,,-8626.367331499176,104,20.071364852809992,0.0,20.398912058023573,225,0,225,,,,0.016315699904225767,0.08229260006919503,0.00350679992698133,1.7104669000254944,3.43453190010041,23.957668800023384,0.5230428000213578,0.5830875999527052,0.007857199991121888
0.8,Linear BTL,19,232,,-8847.103825284543,143,17.65249537892791,0.0,17.668825161887142,191,0,191,,,,0.023469800013117492,0.06969599996227771,0.005688999895937741,1.2961268000071868,3.1096606000792235,31.01050419989042,0.4911416999530047,0.5517110000364482,0.0047163000563159585
0.9,LP2 ($\theta$ Only),0,42,0.0016296820147656541,,195,16.019417475728154,0.0,16.019417475728154,165,0,165,0.001629682014765654,46.0,54.0,0.027790099964477122,0.07939310010988265,0.007186800008639693,1.43681420001667,2.8664578999159858,41.460645899991505,0.49479439994320273,0.5431657999288291,0.011345599894411862
0.9,LP2 ($\theta$ Only),1,43,0.0021829260219914013,,172,20.797720797720796,0.0,20.916905444126076,219,0,219,0.0021829260219914013,48.0,52.0,0.01879870006814599,0.08165090007241815,0.003550100023858249,1.5060980999842286,3.0316521999193355,18.64487580000423,0.48892479995265603,0.4931918999645859,0.004848200012929738
0.9,LP2 ($\theta$ Only),2,45,0.0018597576172255685,,214,19.287833827893174,100.0,19.207920792079207,195,1,194,0.001859757617225568,46.0,54.0,0.02262840000912547,0.07313909998629242,0.010046100011095405,1.681185100111179,3.1277454999508336,19.33455419994425,0.44558259996119887,0.6442036000080407,0.00846889999229461
0.9,LP2 ($\theta$ Only),3,48,0.001830858352239521,,195,15.533980582524272,0.0,15.54907677356657,160,0,160,0.0018308583522395208,44.0,56.0,0.019983000005595386,0.07632530003320426,0.005358399939723313,1.4352129000471905,2.8150737000396475,17.75921700010076,0.612068000016734,0.5392529000528157,0.005714199971407652
0.9,LP2 ($\theta$ Only),4,52,0.0015674820789059684,,189,20.173745173745175,0.0,20.193236714975846,209,0,209,0.0015674820789059688,44.0,56.0,0.017583000008016825,0.08423050004057586,0.0035053000319749117,1.466808500001207,2.9530811000149697,39.16391789994668,0.5779902999056503,0.471259200014174,0.010083899949677289
0.9,LP2 ($\theta$ Only),5,57,0.0016427400725140537,,184,14.121037463976945,0.0,14.148219441770934,147,0,147,0.0016427400725140535,44.0,56.0,0.021218599984422326,0.08107509999535978,0.0032562999986112118,1.6488814000040293,2.6765901999315247,21.621343899983913,0.5163351000519469,0.47511950007174164,0.009656200069002807
0.9,LP2 ($\theta$ Only),6,63,0.001828102796176093,,187,24.18111753371869,0.0,24.2512077294686,251,0,251,0.0018281027961760932,48.0,52.0,0.021106400061398745,0.07783180009573698,0.005403999937698245,1.8845856999978423,2.9372930999379605,22.495158500038087,0.5162801999831572,0.5264421000611037,0.007814200012944639
0.9,LP2 ($\theta$ Only),7,70,0.0013326583872466915,,183,12.859884836852208,0.0,12.934362934362934,134,0,134,0.0013326583872466911,42.0,58.0,0.01787420001346618,0.21201889996882528,0.0036759000504389405,1.2919207999948412,2.9121617000782862,38.71919530001469,0.48664509993977845,0.4832955999299884,0.008698099991306663
0.9,LP2 ($\theta$ Only),8,78,0.0020274022695605976,,164,20.263901979264844,0.0,20.34058656575213,215,0,215,0.002027402269560598,46.0,54.0,0.018819899996742606,0.10720690002199262,0.006212600041180849,1.3117467000847682,3.1709082999732345,39.9865033000242,0.7087770000798628,0.5074994000606239,0.00988819997292012
0.9,LP2 ($\theta$ Only),9,87,0.0019311105609232354,,177,21.564885496183205,0.0,21.606118546845124,226,0,226,0.0019311105609232351,48.0,52.0,0.019487400073558092,0.07434960000682622,0.003238599980250001,1.3117370000109076,3.372127200011164,37.448205700027756,0.4770064000040293,0.49762740009464324,0.007463600020855665
0.9,LP2 ($\theta$ Only),10,97,0.0017116898761020361,,187,22.736030828516377,0.0,22.757955641272904,236,0,236,0.0017116898761020361,46.0,54.0,0.022145999944768846,0.0753521000733599,0.006683000014163554,1.280815799953416,2.9164469999959692,23.276923900004476,0.4913680999306962,0.47846629994455725,0.004552099970169365
0.9,LP2 ($\theta$ Only),11,108,0.0015919460892301765,,222,17.44765702891326,0.0,17.482517482517483,175,0,175,0.0015919460892301765,46.0,54.0,0.019691699999384582,0.07463339995592833,0.0033044000156223774,1.4807051999960095,2.742101200041361,21.68004290002864,0.4769340999191627,0.4525267999852076,0.004633800010196865
0.9,LP2 ($\theta$ Only),12,120,0.002394634101772549,,182,24.928092042186,25.0,24.92781520692974,260,1,259,0.0023946341017725492,48.0,52.0,0.019593200064264238,0.08989559998735785,0.0033132999669760466,1.557311199954711,3.081622099969536,39.36023020010907,0.4853735000360757,0.5045227000955492,0.005428900010883808
0.9,LP2 ($\theta$ Only),13,133,0.001246710096792683,,194,12.027158098933075,0.0,12.050534499514091,124,0,124,0.0012467100967926833,46.0,54.0,0.017301800078712404,0.07722719991579652,0.006766199949197471,1.5366403000662103,2.833080100012012,41.70474880002439,0.45892130001448095,0.5029412000440061,0.006906800088472664
0.9,LP2 ($\theta$ Only),14,147,0.00200385600261117,,203,18.88454011741683,0.0,18.88454011741683,193,0,193,0.00200385600261117,46.0,54.0,0.016568600083701313,0.08979570004157722,0.0032769000390544534,1.265666599967517,3.1075699999928474,20.266494000097737,0.5369639999698848,0.5485061999643221,0.013077699928544462
0.9,LP2 ($\theta$ Only),15,162,0.002324266323409202,,179,22.084130019120458,0.0,22.14765100671141,231,0,231,0.0023242663234092024,48.0,52.0,0.07365830009803176,0.07630850002169609,0.003327299957163632,1.2478013000218198,3.066370900021866,39.56383830006234,0.503959699999541,0.6331622999859974,0.005170200020074844
0.9,LP2 ($\theta$ Only),16,178,0.002225118867846335,,166,23.32389046270066,0.0,23.45679012345679,247,0,247,0.002225118867846335,46.0,54.0,0.017619000049307942,0.06952240003738552,0.0033322999952360988,1.3325107001001015,2.7976771000539884,39.19962570001371,0.7188903000205755,0.5304644000716507,0.005084000062197447
0.9,LP2 ($\theta$ Only),17,195,0.0018923768566838604,,210,19.310344827586206,0.0,19.310344827586206,196,0,196,0.0018923768566838604,42.0,58.0,0.026800199993886054,0.07599129993468523,0.003393299994058907,1.485471999971196,2.725966800004244,21.27482010005042,0.49948050000239164,0.5795374000445008,0.004331200034357607
0.9,LP2 ($\theta$ Only),18,213,0.0018574964565369523,,138,18.39926402943882,20.0,18.391866913123845,200,1,199,0.001857496456536952,46.0,54.0,0.01746050000656396,0.07471489999443293,0.003383000032044947,1.597581500071101,3.0341014000587165,23.803648100001737,0.6808913999702781,0.6720799000468105,0.004733800073154271
0.9,LP2 ($\theta$ Only),19,232,0.002493053241548171,,190,26.3768115942029,0.0,26.3768115942029,273,0,273,0.0024930532415481715,48.0,52.0,0.018833299982361495,0.08897289994638413,0.005814300035126507,1.5297313999617472,3.117368800099939,21.058212099946104,0.4782256999751553,0.54587860009633,0.007284000050276518
0.9,LP3 ($\theta$ Only),0,42,0.03853037484167777,,195,14.368932038834952,0.0,14.368932038834952,148,0,148,0.0029319928399905736,96.0,4.0,0.027790099964477122,0.07939310010988265,0.007186800008639693,1.43681420001667,2.8664578999159858,41.460645899991505,0.49479439994320273,0.5431657999288291,0.011345599894411862
0.9,LP3 ($\theta$ Only),1,43,0.05608179002839768,,172,20.70275403608737,0.0,20.821394460362942,218,0,218,0.003682117753864593,98.0,2.0,0.01879870006814599,0.08165090007241815,0.003550100023858249,1.5060980999842286,3.0316521999193355,18.64487580000423,0.48892479995265603,0.4931918999645859,0.004848200012929738
0.9,LP3 ($\theta$ Only),2,45,0.04076623126792857,,214,13.452027695351138,0.0,13.465346534653465,136,0,136,0.003283184770197085,98.0,2.0,0.02262840000912547,0.07313909998629242,0.010046100011095405,1.681185100111179,3.1277454999508336,19.33455419994425,0.44558259996119887,0.6442036000080407,0.00846889999229461
0.9,LP3 ($\theta$ Only),3,48,0.041598381768215356,,195,15.145631067961165,0.0,15.160349854227405,156,0,156,0.003973810262253152,98.0,2.0,0.019983000005595386,0.07632530003320426,0.005358399939723313,1.4352129000471905,2.8150737000396475,17.75921700010076,0.612068000016734,0.5392529000528157,0.005714199971407652
0.9,LP3 ($\theta$ Only),4,52,0.04564512773223195,,189,16.216216216216218,0.0,16.231884057971016,168,0,168,0.0031646619915861674,96.0,4.0,0.017583000008016825,0.08423050004057586,0.0035053000319749117,1.466808500001207,2.9530811000149697,39.16391789994668,0.5779902999056503,0.471259200014174,0.010083899949677289
0.9,LP3 ($\theta$ Only),5,57,0.036093609964756204,,184,12.103746397694524,0.0,12.127045235803658,126,0,126,0.003400479312101839,96.0,4.0,0.021218599984422326,0.08107509999535978,0.0032562999986112118,1.6488814000040293,2.6765901999315247,21.621343899983913,0.5163351000519469,0.47511950007174164,0.009656200069002807
0.9,LP3 ($\theta$ Only),6,63,0.05377062648668805,,187,21.483622350674374,0.0,21.545893719806763,223,0,223,0.002923017893683283,96.0,4.0,0.021106400061398745,0.07783180009573698,0.005403999937698245,1.8845856999978423,2.9372930999379605,22.495158500038087,0.5162801999831572,0.5264421000611037,0.007814200012944639
0.9,LP3 ($\theta$ Only),7,70,0.0315748668499128,,183,11.708253358925145,0.0,11.776061776061775,122,0,122,0.003370977739103002,92.0,8.0,0.01787420001346618,0.21201889996882528,0.0036759000504389405,1.2919207999948412,2.9121617000782862,38.71919530001469,0.48664509993977845,0.4832955999299884,0.008698099991306663
0.9,LP3 ($\theta$ Only),8,78,0.05081066836141488,,164,18.473138548539115,0.0,18.543046357615893,196,0,196,0.003682820585483451,98.0,2.0,0.018819899996742606,0.10720690002199262,0.006212600041180849,1.3117467000847682,3.1709082999732345,39.9865033000242,0.7087770000798628,0.5074994000606239,0.00988819997292012
0.9,LP3 ($\theta$ Only),9,87,0.04619807446584429,,177,16.889312977099237,0.0,16.921606118546844,177,0,177,0.003378060622701952,96.0,4.0,0.019487400073558092,0.07434960000682622,0.003238599980250001,1.3117370000109076,3.372127200011164,37.448205700027756,0.4770064000040293,0.49762740009464324,0.007463600020855665
0.9,LP3 ($\theta$ Only),10,97,0.052036223994517655,,187,20.71290944123314,0.0,20.73288331726133,215,0,215,0.003075196418431004,96.0,4.0,0.022145999944768846,0.0753521000733599,0.006683000014163554,1.280815799953416,2.9164469999959692,23.276923900004476,0.4913680999306962,0.47846629994455725,0.004552099970169365
0.9,LP3 ($\theta$ Only),11,108,0.04030431285193389,,222,13.260219341974079,0.0,13.286713286713287,133,0,133,0.0032761413029375624,96.0,4.0,0.019691699999384582,0.07463339995592833,0.0033044000156223774,1.4807051999960095,2.742101200041361,21.68004290002864,0.4769340999191627,0.4525267999852076,0.004633800010196865
0.9,LP3 ($\theta$ Only),12,120,0.059907357094460954,,182,21.476510067114095,25.0,21.462945139557267,224,1,223,0.0036876233248128794,98.0,2.0,0.019593200064264238,0.08989559998735785,0.0033132999669760466,1.557311199954711,3.081622099969536,39.36023020010907,0.4853735000360757,0.5045227000955492,0.005428900010883808
0.9,LP3 ($\theta$ Only),13,133,0.028826939765048326,,194,9.311348205625606,0.0,9.329446064139942,96,0,96,0.002757879461053075,96.0,4.0,0.017301800078712404,0.07722719991579652,0.006766199949197471,1.5366403000662103,2.833080100012012,41.70474880002439,0.45892130001448095,0.5029412000440061,0.006906800088472664
0.9,LP3 ($\theta$ Only),14,147,0.04817279766125396,,203,17.90606653620352,0.0,17.90606653620352,183,0,183,0.0037160601705038586,98.0,2.0,0.016568600083701313,0.08979570004157722,0.0032769000390544534,1.265666599967517,3.1075699999928474,20.266494000097737,0.5369639999698848,0.5485061999643221,0.013077699928544462
0.9,LP3 ($\theta$ Only),15,162,0.055771962303864206,,179,18.35564053537285,0.0,18.40843720038351,192,0,192,0.004101005868621129,98.0,2.0,0.07365830009803176,0.07630850002169609,0.003327299957163632,1.2478013000218198,3.066370900021866,39.56383830006234,0.503959699999541,0.6331622999859974,0.005170200020074844
0.9,LP3 ($\theta$ Only),16,178,0.05380497920862334,,166,19.924457034938623,0.0,20.03798670465337,211,0,211,0.0037222919057656833,96.0,4.0,0.017619000049307942,0.06952240003738552,0.0033322999952360988,1.3325107001001015,2.7976771000539884,39.19962570001371,0.7188903000205755,0.5304644000716507,0.005084000062197447
0.9,LP3 ($\theta$ Only),17,195,0.04254514454712726,,210,15.566502463054187,0.0,15.566502463054187,158,0,158,0.0033469151323809194,96.0,4.0,0.026800199993886054,0.07599129993468523,0.003393299994058907,1.485471999971196,2.725966800004244,21.27482010005042,0.49948050000239164,0.5795374000445008,0.004331200034357607
0.9,LP3 ($\theta$ Only),18,213,0.04644096965695368,,138,16.927322907083717,0.0,17.005545286506468,184,0,184,0.0034415153150921577,94.0,6.0,0.01746050000656396,0.07471489999443293,0.003383000032044947,1.597581500071101,3.0341014000587165,23.803648100001737,0.6808913999702781,0.6720799000468105,0.004733800073154271
0.9,LP3 ($\theta$ Only),19,232,0.06262744741623597,,190,23.864734299516908,0.0,23.864734299516908,247,0,247,0.0038459907649356184,98.0,2.0,0.018833299982361495,0.08897289994638413,0.005814300035126507,1.5297313999617472,3.117368800099939,21.058212099946104,0.4782256999751553,0.54587860009633,0.007284000050276518
0.9,Linear BTL,0,42,,-201645.2901226586,195,58.83495145631068,0.0,58.83495145631068,606,0,606,,,,0.027790099964477122,0.07939310010988265,0.007186800008639693,1.43681420001667,2.8664578999159858,41.460645899991505,0.49479439994320273,0.5431657999288291,0.011345599894411862
0.9,Linear BTL,1,43,,-9029.616348120726,172,22.88698955365622,0.0,23.018147086914997,241,0,241,,,,0.01879870006814599,0.08165090007241815,0.003550100023858249,1.5060980999842286,3.0316521999193355,18.64487580000423,0.48892479995265603,0.4931918999645859,0.004848200012929738
0.9,Linear BTL,2,45,,-9006.673093550484,214,18.298714144411473,0.0,18.316831683168317,185,0,185,,,,0.02262840000912547,0.07313909998629242,0.010046100011095405,1.681185100111179,3.1277454999508336,19.33455419994425,0.44558259996119887,0.6442036000080407,0.00846889999229461
0.9,Linear BTL,3,48,,-9099.520639573904,195,16.796116504854368,0.0,16.812439261418852,173,0,173,,,,0.019983000005595386,0.07632530003320426,0.005358399939723313,1.4352129000471905,2.8150737000396475,17.75921700010076,0.612068000016734,0.5392529000528157,0.005714199971407652
0.9,Linear BTL,4,52,,-3367.2183698323206,189,50.28957528957529,100.0,50.24154589371981,521,1,520,,,,0.017583000008016825,0.08423050004057586,0.0035053000319749117,1.466808500001207,2.9530811000149697,39.16391789994668,0.5779902999056503,0.471259200014174,0.010083899949677289
0.9,Linear BTL,5,57,,-8922.996853131497,184,13.064361191162345,0.0,13.089509143407122,136,0,136,,,,0.021218599984422326,0.08107509999535978,0.0032562999986112118,1.6488814000040293,2.6765901999315247,21.621343899983913,0.5163351000519469,0.47511950007174164,0.009656200069002807
0.9,Linear BTL,6,63,,-9040.791484527701,187,22.254335260115607,0.0,22.318840579710145,231,0,231,,,,0.021106400061398745,0.07783180009573698,0.005403999937698245,1.8845856999978423,2.9372930999379605,22.495158500038087,0.5162801999831572,0.5264421000611037,0.007814200012944639
0.9,Linear BTL,7,70,,-608607.3290215634,183,38.09980806142035,33.333333333333336,38.12741312741313,397,2,395,,,,0.01787420001346618,0.21201889996882528,0.0036759000504389405,1.2919207999948412,2.9121617000782862,38.71919530001469,0.48664509993977845,0.4832955999299884,0.008698099991306663
0.9,Linear BTL,8,78,,-45116.5225406472,164,54.288407163053726,50.0,54.3046357615894,576,2,574,,,,0.018819899996742606,0.10720690002199262,0.006212600041180849,1.3117467000847682,3.1709082999732345,39.9865033000242,0.7087770000798628,0.5074994000606239,0.00988819997292012
0.9,Linear BTL,9,87,,-8931.991120834111,177,18.702290076335878,0.0,18.738049713193117,196,0,196,,,,0.019487400073558092,0.07434960000682622,0.003238599980250001,1.3117370000109076,3.372127200011164,37.448205700027756,0.4770064000040293,0.49762740009464324,0.007463600020855665
0.9,Linear BTL,10,97,,-9056.53880787296,187,22.0616570327553,0.0,22.082931533269047,229,0,229,,,,0.022145999944768846,0.0753521000733599,0.006683000014163554,1.280815799953416,2.9164469999959692,23.276923900004476,0.4913680999306962,0.47846629994455725,0.004552099970169365
0.9,Linear BTL,11,108,,-9038.142198773661,222,15.553339980059821,0.0,15.584415584415584,156,0,156,,,,0.019691699999384582,0.07463339995592833,0.0033044000156223774,1.4807051999960095,2.742101200041361,21.68004290002864,0.4769340999191627,0.4525267999852076,0.004633800010196865
0.9,Linear BTL,12,120,,-95057.40885777358,182,46.40460210930009,50.0,46.390760346487006,484,2,482,,,,0.019593200064264238,0.08989559998735785,0.0033132999669760466,1.557311199954711,3.081622099969536,39.36023020010907,0.4853735000360757,0.5045227000955492,0.005428900010883808
0.9,Linear BTL,13,133,,-109937.00896380591,194,48.01163918525703,0.0,48.10495626822158,495,0,495,,,,0.017301800078712404,0.07722719991579652,0.006766199949197471,1.5366403000662103,2.833080100012012,41.70474880002439,0.45892130001448095,0.5029412000440061,0.006906800088472664
0.9,Linear BTL,14,147,,-9050.158932538543,203,19.765166340508806,0.0,19.765166340508806,202,0,202,,,,0.016568600083701313,0.08979570004157722,0.0032769000390544534,1.265666599967517,3.1075699999928474,20.266494000097737,0.5369639999698848,0.5485061999643221,0.013077699928544462
0.9,Linear BTL,15,162,,-14123.008957447717,179,51.81644359464627,33.333333333333336,51.86960690316395,542,1,541,,,,0.07365830009803176,0.07630850002169609,0.003327299957163632,1.2478013000218198,3.066370900021866,39.56383830006234,0.503959699999541,0.6331622999859974,0.005170200020074844
0.9,Linear BTL,16,178,,-31368.021750721964,166,51.93578847969783,50.0,51.94681861348528,550,3,547,,,,0.017619000049307942,0.06952240003738552,0.0033322999952360988,1.3325107001001015,2.7976771000539884,39.19962570001371,0.7188903000205755,0.5304644000716507,0.005084000062197447
0.9,Linear BTL,17,195,,-9068.292847143515,210,18.423645320197043,0.0,18.423645320197043,187,0,187,,,,0.026800199993886054,0.07599129993468523,0.003393299994058907,1.485471999971196,2.725966800004244,21.27482010005042,0.49948050000239164,0.5795374000445008,0.004331200034357607
0.9,Linear BTL,18,213,,-8835.895160162701,138,18.58325666973321,0.0,18.66913123844732,202,0,202,,,,0.01746050000656396,0.07471489999443293,0.003383000032044947,1.597581500071101,3.0341014000587165,23.803648100001737,0.6808913999702781,0.6720799000468105,0.004733800073154271
0.9,Linear BTL,19,232,,-9144.862546432461,190,25.217391304347824,0.0,25.217391304347824,261,0,261,,,,0.018833299982361495,0.08897289994638413,0.005814300035126507,1.5297313999617472,3.117368800099939,21.058212099946104,0.4782256999751553,0.54587860009633,0.007284000050276518
1.0,LP2 ($\theta$ Only),0,42,0.0019174557008910344,,231,22.43460764587525,0.0,22.47983870967742,223,0,223,0.0019174557008910346,42.0,58.0,0.02434880007058382,0.08564259996637702,0.00338860007468611,1.4306225000182167,2.902098200051114,26.12645350000821,0.5136064999969676,0.4684507999336347,0.004361800034530461
1.0,LP2 ($\theta$ Only),1,43,0.0018537047824603908,,192,18.78025169409487,0.0,18.7984496124031,194,0,194,0.0018537047824603906,44.0,56.0,0.01875879999715835,0.08084399998188019,0.003808500012382865,1.8501501999562606,3.1092141999397427,20.251679299981333,0.5995016000233591,0.5557835000799969,0.009244899963960052
1.0,LP2 ($\theta$ Only),2,45,0.0017539590143056394,,220,19.601990049751244,0.0,19.601990049751244,197,0,197,0.0017539590143056398,48.0,52.0,0.014661499997600913,0.07929010002408177,0.005312599940225482,1.205984800006263,3.102056400035508,20.621434399974532,0.48475870001129806,0.4526747000636533,0.0056287000188604
1.0,LP2 ($\theta$ Only),3,48,0.002509283862428939,,225,22.0,0.0,22.0,220,0,220,0.002509283862428939,44.0,56.0,0.014228899963200092,0.08774750004522502,0.0054920000256970525,1.3881717000622302,2.7130669000325724,12.154709399910644,0.5236448999494314,0.47734480001963675,0.004399799974635243
1.0,LP2 ($\theta$ Only),4,52,0.002915227251364502,,211,27.218934911242602,0.0,27.218934911242602,276,0,276,0.002915227251364503,46.0,54.0,0.02178680000361055,0.0775090999668464,0.006191300111822784,1.500372500042431,2.8582365000620484,18.26498300000094,0.4769536000676453,0.465669900062494,0.0042372000170871615
1.0,LP2 ($\theta$ Only),5,57,0.0018699854957594081,,211,19.921104536489153,0.0,19.921104536489153,202,0,202,0.001869985495759408,48.0,52.0,0.016458100057207048,0.13618269993457943,0.003819699981249869,1.5628307999577373,2.674710600054823,21.99076439999044,0.5912632000399753,0.6719273999333382,0.007091399980708957
1.0,LP2 ($\theta$ Only),6,63,0.0017925955054110701,,180,19.138755980861244,66.66666666666667,19.001919385796544,200,2,198,0.0017925955054110703,48.0,52.0,0.015322100021876395,0.10882030008360744,0.0036426999140530825,1.6890382000710815,3.244607900036499,17.540067000081763,0.6184716999996454,0.49852579995058477,0.011041599907912314
1.0,LP2 ($\theta$ Only),7,70,0.002850089786036856,,218,29.39424031777557,50.0,29.35323383084577,296,1,295,0.002850089786036855,48.0,52.0,0.032201699912548065,0.11918210005387664,0.004359200014732778,1.4668210999807343,2.896268800017424,14.011098099988885,0.4778770999982953,0.4909405999351293,0.006650499999523163
1.0,LP2 ($\theta$ Only),8,78,0.001773045312684095,,181,19.92337164750958,0.0,19.9424736337488,208,0,208,0.001773045312684095,44.0,56.0,0.016909900004975498,0.0732043000170961,0.003275899915024638,1.2820780000183731,3.145297900075093,25.047250899951905,0.624241599929519,0.5438917999854311,0.00921420007944107
1.0,LP2 ($\theta$ Only),9,87,0.002395717703827094,,196,22.351797862001945,0.0,22.351797862001945,230,0,230,0.002395717703827094,44.0,56.0,0.02145530004054308,0.0832087000599131,0.005423399969004095,1.2254485000157729,3.061266600037925,22.04806170007214,0.5400465000420809,0.4759575000498444,0.004312999895773828
1.0,LP2 ($\theta$ Only),10,97,0.0022819136743071284,,191,22.823984526112184,0.0,22.868217054263567,236,0,236,0.002281913674307129,46.0,54.0,0.02044600003864616,0.08064830000512302,0.0033552999375388026,1.5528128000441939,2.8866830999031663,17.069249999942258,0.8429733000230044,0.5861089000245556,0.009205000009387732
1.0,LP2 ($\theta$ Only),11,108,0.002082174574649983,,224,21.37862137862138,0.0,21.37862137862138,214,0,214,0.0020821745746499826,44.0,56.0,0.01670200005173683,0.08348529995419085,0.0033167999936267734,1.4595771000022069,2.836241399985738,16.523155899951234,0.5087019000202417,0.5877654000651091,0.004288300056941807
1.0,LP2 ($\theta$ Only),12,120,0.001676320916404473,,197,19.357976653696497,0.0,19.414634146341463,199,0,199,0.001676320916404473,44.0,56.0,0.013664800091646612,0.09181150002405047,0.005366800003685057,1.5178614999167621,2.760753200040199,21.59969479998108,0.4762885000091046,0.47903809999115765,0.008955199969932437
1.0,LP2 ($\theta$ Only),13,133,0.0015387881955227943,,211,15.779092702169626,0.0,15.779092702169626,160,0,160,0.001538788195522794,48.0,52.0,0.013606199994683266,0.08110720000695437,0.003442400018684566,1.6440616000909358,2.6639943999471143,25.376136400038376,0.521615199977532,0.46646710007917136,0.004219900001771748
1.0,LP2 ($\theta$ Only),14,147,0.0027398856729659586,,199,22.612085769980506,0.0,22.67839687194526,232,0,232,0.002739885672965959,46.0,54.0,0.014034399995580316,0.08571420004591346,0.003381500020623207,1.479814499965869,2.876163199893199,15.267911600065418,0.47187060001306236,0.46326710004359484,0.006700799916870892
1.0,LP2 ($\theta$ Only),15,162,0.0021215189817357944,,182,16.107382550335572,0.0,16.153846153846153,168,0,168,0.0021215189817357944,46.0,54.0,0.014590000035241246,0.06829480000305921,0.00334239995572716,1.6624375000828877,2.7963952999562025,39.73651889991015,0.49665620003361255,0.4782143000047654,0.007555200019851327
1.0,LP2 ($\theta$ Only),16,178,0.0021285367239038105,,177,22.137404580152673,33.333333333333336,22.072936660268713,232,2,230,0.002128536723903811,46.0,54.0,0.021013099933043122,0.07692320004571229,0.0033278000773862004,1.423009300022386,3.0998614999698475,39.46405399998184,0.47350960003677756,0.49747679999563843,0.005246900022029877
1.0,LP2 ($\theta$ Only),17,195,0.002511081620163269,,233,24.39516129032258,0.0,24.39516129032258,242,0,242,0.002511081620163269,48.0,52.0,0.016792300040833652,0.12746630003675818,0.0032639000564813614,1.2100865000393242,2.8500647000037134,12.469306099927053,0.4604737999616191,0.4623510999372229,0.005211099982261658
1.0,LP2 ($\theta$ Only),18,213,0.0023702743423643386,,174,23.40627973358706,50.0,23.355576739752145,246,1,245,0.0023702743423643386,46.0,54.0,0.013456200016662478,0.07626979995984584,0.0037838000571355224,1.6057233000174165,2.9333841999759898,21.161904799984768,0.6388191001024097,0.6794904000125825,0.004974700044840574
1.0,LP2 ($\theta$ Only),19,232,0.0015412578880235547,,210,15.270935960591133,0.0,15.270935960591133,155,0,155,0.0015412578880235547,40.0,60.0,0.016132400021888316,0.08797969995066524,0.005398100009188056,1.364620800013654,3.3693690999643877,20.381867700023577,0.5104316000360996,0.4799922000383958,0.005625299992971122
1.0,LP3 ($\theta$ Only),0,42,0.050799460472766934,,231,21.327967806841045,0.0,21.370967741935484,212,0,212,0.003289531360451733,98.0,2.0,0.02434880007058382,0.08564259996637702,0.00338860007468611,1.4306225000182167,2.902098200051114,26.12645350000821,0.5136064999969676,0.4684507999336347,0.004361800034530461
1.0,LP3 ($\theta$ Only),1,43,0.04772324915281688,,192,17.618586640851888,0.0,17.635658914728683,182,0,182,0.003350637987424116,98.0,2.0,0.01875879999715835,0.08084399998188019,0.003808500012382865,1.8501501999562606,3.1092141999397427,20.251679299981333,0.5995016000233591,0.5557835000799969,0.009244899963960052
1.0,LP3 ($\theta$ Only),2,45,0.04323249493668307,,220,16.71641791044776,0.0,16.71641791044776,168,0,168,0.002950099293547316,96.0,4.0,0.014661499997600913,0.07929010002408177,0.005312599940225482,1.205984800006263,3.102056400035508,20.621434399974532,0.48475870001129806,0.4526747000636533,0.0056287000188604
1.0,LP3 ($\theta$ Only),3,48,0.06118055158099535,,225,22.6,0.0,22.6,226,0,226,0.004430426967769563,98.0,2.0,0.014228899963200092,0.08774750004522502,0.0054920000256970525,1.3881717000622302,2.7130669000325724,12.154709399910644,0.5236448999494314,0.47734480001963675,0.004399799974635243
1.0,LP3 ($\theta$ Only),4,52,0.06604063148578986,,211,25.641025641025642,0.0,25.641025641025642,260,0,260,0.0042861363416027715,98.0,2.0,0.02178680000361055,0.0775090999668464,0.006191300111822784,1.500372500042431,2.8582365000620484,18.26498300000094,0.4769536000676453,0.465669900062494,0.0042372000170871615
1.0,LP3 ($\theta$ Only),5,57,0.04453568425280134,,211,16.765285996055226,0.0,16.765285996055226,170,0,170,0.003431354125563957,94.0,6.0,0.016458100057207048,0.13618269993457943,0.003819699981249869,1.5628307999577373,2.674710600054823,21.99076439999044,0.5912632000399753,0.6719273999333382,0.007091399980708957
1.0,LP3 ($\theta$ Only),6,63,0.047696950981902846,,180,17.79904306220096,0.0,17.850287907869482,186,0,186,0.0035173905285349537,98.0,2.0,0.015322100021876395,0.10882030008360744,0.0036426999140530825,1.6890382000710815,3.244607900036499,17.540067000081763,0.6184716999996454,0.49852579995058477,0.011041599907912314
1.0,LP3 ($\theta$ Only),7,70,0.07435203857392365,,218,31.28103277060576,0.0,31.34328358208955,315,0,315,0.0038508165592572546,98.0,2.0,0.032201699912548065,0.11918210005387664,0.004359200014732778,1.4668210999807343,2.896268800017424,14.011098099988885,0.4778770999982953,0.4909405999351293,0.006650499999523163
1.0,LP3 ($\theta$ Only),8,78,0.04683511247961948,,181,17.528735632183906,0.0,17.54554170661553,183,0,183,0.0031839702956826667,96.0,4.0,0.016909900004975498,0.0732043000170961,0.003275899915024638,1.2820780000183731,3.145297900075093,25.047250899951905,0.624241599929519,0.5438917999854311,0.00921420007944107
1.0,LP3 ($\theta$ Only),9,87,0.06022954196550659,,196,23.12925170068027,0.0,23.12925170068027,238,0,238,0.003873453076300465,96.0,4.0,0.02145530004054308,0.0832087000599131,0.005423399969004095,1.2254485000157729,3.061266600037925,22.04806170007214,0.5400465000420809,0.4759575000498444,0.004312999895773828
1.0,LP3 ($\theta$ Only),10,97,0.05917419644933665,,191,21.27659574468085,0.0,21.31782945736434,220,0,220,0.003879746066335507,98.0,2.0,0.02044600003864616,0.08064830000512302,0.0033552999375388026,1.5528128000441939,2.8866830999031663,17.069249999942258,0.8429733000230044,0.5861089000245556,0.009205000009387732
1.0,LP3 ($\theta$ Only),11,108,0.049404252373979676,,224,18.48151848151848,0.0,18.48151848151848,185,0,185,0.0034834515883781854,98.0,2.0,0.01670200005173683,0.08348529995419085,0.0033167999936267734,1.4595771000022069,2.836241399985738,16.523155899951234,0.5087019000202417,0.5877654000651091,0.004288300056941807
1.0,LP3 ($\theta$ Only),12,120,0.044044605426114006,,197,16.731517509727627,0.0,16.78048780487805,172,0,172,0.0031823184793002123,96.0,4.0,0.013664800091646612,0.09181150002405047,0.005366800003685057,1.5178614999167621,2.760753200040199,21.59969479998108,0.4762885000091046,0.47903809999115765,0.008955199969932437
1.0,LP3 ($\theta$ Only),13,133,0.03868808673488442,,211,14.891518737672584,0.0,14.891518737672584,151,0,151,0.0033212659131525092,96.0,4.0,0.013606199994683266,0.08110720000695437,0.003442400018684566,1.6440616000909358,2.6639943999471143,25.376136400038376,0.521615199977532,0.46646710007917136,0.004219900001771748
1.0,LP3 ($\theta$ Only),14,147,0.05737128207584859,,199,20.955165692007796,0.0,21.01661779081134,215,0,215,0.00473724020767313,98.0,2.0,0.014034399995580316,0.08571420004591346,0.003381500020623207,1.479814499965869,2.876163199893199,15.267911600065418,0.47187060001306236,0.46326710004359484,0.006700799916870892
1.0,LP3 ($\theta$ Only),15,162,0.05016303051590842,,182,17.54554170661553,0.0,17.596153846153847,183,0,183,0.004052165474220962,96.0,4.0,0.014590000035241246,0.06829480000305921,0.00334239995572716,1.6624375000828877,2.7963952999562025,39.73651889991015,0.49665620003361255,0.4782143000047654,0.007555200019851327
1.0,LP3 ($\theta$ Only),16,178,0.05917095262997746,,177,21.278625954198475,16.666666666666668,21.30518234165067,223,1,222,0.004130562712678238,96.0,4.0,0.021013099933043122,0.07692320004571229,0.0033278000773862004,1.423009300022386,3.0998614999698475,39.46405399998184,0.47350960003677756,0.49747679999563843,0.005246900022029877
1.0,LP3 ($\theta$ Only),17,195,0.0653453538668124,,233,24.495967741935484,0.0,24.495967741935484,243,0,243,0.003830388675371512,98.0,2.0,0.016792300040833652,0.12746630003675818,0.0032639000564813614,1.2100865000393242,2.8500647000037134,12.469306099927053,0.4604737999616191,0.4623510999372229,0.005211099982261658
1.0,LP3 ($\theta$ Only),18,213,0.0530466118842143,,174,19.50523311132255,0.0,19.54242135367016,205,0,205,0.003750834038102395,96.0,4.0,0.013456200016662478,0.07626979995984584,0.0037838000571355224,1.6057233000174165,2.9333841999759898,21.161904799984768,0.6388191001024097,0.6794904000125825,0.004974700044840574
1.0,LP3 ($\theta$ Only),19,232,0.04143471152068073,,210,14.876847290640393,0.0,14.876847290640393,151,0,151,0.002992590851048263,98.0,2.0,0.016132400021888316,0.08797969995066524,0.005398100009188056,1.364620800013654,3.3693690999643877,20.381867700023577,0.5104316000360996,0.4799922000383958,0.005625299992971122
1.0,Linear BTL,0,42,,-9099.502637813313,231,23.440643863179073,0.0,23.487903225806452,233,0,233,,,,0.02434880007058382,0.08564259996637702,0.00338860007468611,1.4306225000182167,2.902098200051114,26.12645350000821,0.5136064999969676,0.4684507999336347,0.004361800034530461
1.0,Linear BTL,1,43,,-9081.031760889571,192,18.78025169409487,0.0,18.7984496124031,194,0,194,,,,0.01875879999715835,0.08084399998188019,0.003808500012382865,1.8501501999562606,3.1092141999397427,20.251679299981333,0.5995016000233591,0.5557835000799969,0.009244899963960052
1.0,Linear BTL,2,45,,-9106.131432179003,220,18.308457711442784,0.0,18.308457711442784,184,0,184,,,,0.014661499997600913,0.07929010002408177,0.005312599940225482,1.205984800006263,3.102056400035508,20.621434399974532,0.48475870001129806,0.4526747000636533,0.0056287000188604
1.0,Linear BTL,3,48,,-9194.923060796713,225,26.7,0.0,26.7,267,0,267,,,,0.014228899963200092,0.08774750004522502,0.0054920000256970525,1.3881717000622302,2.7130669000325724,12.154709399910644,0.5236448999494314,0.47734480001963675,0.004399799974635243
1.0,Linear BTL,4,52,,-9191.219068470706,211,27.120315581854044,0.0,27.120315581854044,275,0,275,,,,0.02178680000361055,0.0775090999668464,0.006191300111822784,1.500372500042431,2.8582365000620484,18.26498300000094,0.4769536000676453,0.465669900062494,0.0042372000170871615
1.0,Linear BTL,5,57,,-9119.572843495478,211,19.62524654832347,0.0,19.62524654832347,199,0,199,,,,0.016458100057207048,0.13618269993457943,0.003819699981249869,1.5628307999577373,2.674710600054823,21.99076439999044,0.5912632000399753,0.6719273999333382,0.007091399980708957
1.0,Linear BTL,6,63,,-9057.520286364002,180,18.4688995215311,0.0,18.52207293666027,193,0,193,,,,0.015322100021876395,0.10882030008360744,0.0036426999140530825,1.6890382000710815,3.244607900036499,17.540067000081763,0.6184716999996454,0.49852579995058477,0.011041599907912314
1.0,Linear BTL,7,70,,-9237.60050806574,218,31.18172790466733,0.0,31.243781094527364,314,0,314,,,,0.032201699912548065,0.11918210005387664,0.004359200014732778,1.4668210999807343,2.896268800017424,14.011098099988885,0.4778770999982953,0.4909405999351293,0.006650499999523163
1.0,Linear BTL,8,78,,-9008.571603704475,181,18.869731800766285,0.0,18.887823585810164,197,0,197,,,,0.016909900004975498,0.0732043000170961,0.003275899915024638,1.2820780000183731,3.145297900075093,25.047250899951905,0.624241599929519,0.5438917999854311,0.00921420007944107
1.0,Linear BTL,9,87,,-9156.557059660328,196,24.295432458697764,0.0,24.295432458697764,250,0,250,,,,0.02145530004054308,0.0832087000599131,0.005423399969004095,1.2254485000157729,3.061266600037925,22.04806170007214,0.5400465000420809,0.4759575000498444,0.004312999895773828
1.0,Linear BTL,10,97,,-9122.979539176878,191,23.11411992263056,0.0,23.15891472868217,239,0,239,,,,0.02044600003864616,0.08064830000512302,0.0033552999375388026,1.5528128000441939,2.8866830999031663,17.069249999942258,0.8429733000230044,0.5861089000245556,0.009205000009387732
1.0,Linear BTL,11,108,,-9147.007652650176,224,20.67932067932068,0.0,20.67932067932068,207,0,207,,,,0.01670200005173683,0.08348529995419085,0.0033167999936267734,1.4595771000022069,2.836241399985738,16.523155899951234,0.5087019000202417,0.5877654000651091,0.004288300056941807
1.0,Linear BTL,12,120,,-9035.228877936564,197,18.67704280155642,0.0,18.73170731707317,192,0,192,,,,0.013664800091646612,0.09181150002405047,0.005366800003685057,1.5178614999167621,2.760753200040199,21.59969479998108,0.4762885000091046,0.47903809999115765,0.008955199969932437
1.0,Linear BTL,13,133,,-9025.949279108547,211,16.568047337278106,0.0,16.568047337278106,168,0,168,,,,0.013606199994683266,0.08110720000695437,0.003442400018684566,1.6440616000909358,2.6639943999471143,25.376136400038376,0.521615199977532,0.46646710007917136,0.004219900001771748
1.0,Linear BTL,14,147,,-9114.579778114667,199,22.90448343079922,0.0,22.97165200391007,235,0,235,,,,0.014034399995580316,0.08571420004591346,0.003381500020623207,1.479814499965869,2.876163199893199,15.267911600065418,0.47187060001306236,0.46326710004359484,0.006700799916870892
1.0,Linear BTL,15,162,,-16518.323338634902,182,53.307766059443914,33.333333333333336,53.36538461538461,556,1,555,,,,0.014590000035241246,0.06829480000305921,0.00334239995572716,1.6624375000828877,2.7963952999562025,39.73651889991015,0.49665620003361255,0.4782143000047654,0.007555200019851327
1.0,Linear BTL,16,178,,-24626.706121075607,177,42.93893129770992,16.666666666666668,43.09021113243762,450,1,449,,,,0.021013099933043122,0.07692320004571229,0.0033278000773862004,1.423009300022386,3.0998614999698475,39.46405399998184,0.47350960003677756,0.49747679999563843,0.005246900022029877
1.0,Linear BTL,17,195,,-9245.595353621822,233,26.91532258064516,0.0,26.91532258064516,267,0,267,,,,0.016792300040833652,0.12746630003675818,0.0032639000564813614,1.2100865000393242,2.8500647000037134,12.469306099927053,0.4604737999616191,0.4623510999372229,0.005211099982261658
1.0,Linear BTL,18,213,,-8994.081170812975,174,20.837297811607993,0.0,20.877025738798856,219,0,219,,,,0.013456200016662478,0.07626979995984584,0.0037838000571355224,1.6057233000174165,2.9333841999759898,21.161904799984768,0.6388191001024097,0.6794904000125825,0.004974700044840574
1.0,Linear BTL,19,232,,-9049.923058113558,210,17.339901477832512,0.0,17.339901477832512,176,0,176,,,,0.016132400021888316,0.08797969995066524,0.005398100009188056,1.364620800013654,3.3693690999643877,20.381867700023577,0.5104316000360996,0.4799922000383958,0.005625299992971122
