phi,model,trial,seed,objective,loss_value,fas_size,violation_percentage,po_violation_percentage,pmc_violation_percentage,num_violations,num_po_violations,num_pmc_violations,epsilon_l1_norm,epsilon_support_percentage,epsilon_sparsity,time_Data Generation,time_Graph Construction,time_Feedback Arc Set,time_LP2 Solve,time_LP3 Solve,time_BTL Model Fitting,time_Old LP Evaluation,time_New LP Evaluation,time_BTL Evaluation
0.0,LP2 ($\theta$ Only),0,42,0.0,,0,0.0,0.0,0.0,0,0,0,0.0,0.0,100.0,0.0022262000711634755,0.004753800109028816,0.0008648999501019716,0.18139080004766583,0.19658980006352067,0.061366100097075105,0.011816199985332787,0.012095700018107891,0.00042729999404400587
0.0,LP2 ($\theta$ Only),1,43,0.0,,0,0.0,0.0,0.0,0,0,0,0.0,0.0,100.0,0.0010512999724596739,0.002600400010123849,6.550003308802843e-05,0.06154720007907599,0.3387402999214828,0.07113329996354878,0.010321100009605289,0.009673899970948696,0.0003581000491976738
0.0,LP2 ($\theta$ Only),2,45,0.0,,0,0.0,0.0,0.0,0,0,0,0.0,0.0,100.0,0.00118090002797544,0.002440700074657798,5.8299978263676167e-05,0.0576577999163419,0.1017972999252379,0.04491639998741448,0.01572419994045049,0.01960600004531443,0.0004779000300914049
0.0,LP2 ($\theta$ Only),3,48,0.0,,0,0.0,0.0,0.0,0,0,0,0.0,0.0,100.0,0.004262799979187548,0.007816500030457973,9.430001955479383e-05,0.09770769998431206,0.1305061000166461,0.26893929997459054,0.027248799917288125,0.025186599930748343,0.0007316999835893512
0.0,LP2 ($\theta$ Only),4,52,0.0,,0,0.0,0.0,0.0,0,0,0,0.0,0.0,100.0,0.005615800037048757,0.0029281999450176954,0.00014839996583759785,0.0881794000742957,0.11199880007188767,0.07250860007479787,0.020874000038020313,0.021652799914591014,0.0007269999478012323
0.0,LP2 ($\theta$ Only),5,57,0.0,,0,0.0,0.0,0.0,0,0,0,0.0,0.0,100.0,0.0022103000665083528,0.004312500008381903,6.440002471208572e-05,0.09411289996933192,0.1015742999734357,0.07000529998913407,0.015717700007371604,0.011842900072224438,0.00048289995174854994
0.0,LP2 ($\theta$ Only),6,63,0.0,,0,0.0,0.0,0.0,0,0,0,0.0,0.0,100.0,0.0011723999632522464,0.0021367999725043774,5.780009087175131e-05,0.08463359996676445,0.09614320006221533,0.049549799994565547,0.008505200035870075,0.008773099980317056,0.0002297000028192997
0.0,LP2 ($\theta$ Only),7,70,0.0,,0,0.0,0.0,0.0,0,0,0,0.0,0.0,100.0,0.001024700002744794,0.002394000068306923,5.979998968541622e-05,0.062207299983128905,0.11473200004547834,0.06455240002833307,0.009215300087817013,0.009063899982720613,0.00022829999215900898
0.0,LP2 ($\theta$ Only),8,78,0.0,,0,0.0,0.0,0.0,0,0,0,0.0,0.0,100.0,0.0012503999751061201,0.0025779999559745193,6.850005593150854e-05,0.0629590000025928,0.108958899974823,0.04666810005437583,0.009930599946528673,0.011698100017383695,0.000229199999012053
0.0,LP2 ($\theta$ Only),9,87,0.0,,0,0.0,0.0,0.0,0,0,0,0.0,0.0,100.0,0.0012958000879734755,0.0026961000403389335,6.120000034570694e-05,0.06970819993875921,0.09627059998456389,0.05569080007262528,0.009890199988149107,0.008868500008247793,0.00022899999748915434
0.0,LP2 ($\theta$ Only),10,97,0.0,,0,0.0,0.0,0.0,0,0,0,0.0,0.0,100.0,0.003913499996997416,0.004716199939139187,7.060007192194462e-05,0.10371120006311685,0.10823839996010065,0.05061000003479421,0.00854279997292906,0.009164099930785596,0.0002308000111952424
0.0,LP2 ($\theta$ Only),11,108,0.0,,0,0.0,0.0,0.0,0,0,0,0.0,0.0,100.0,0.0010258998954668641,0.0023500999668613076,5.700008478015661e-05,0.06987919996026903,0.09441010002046824,0.06631240004207939,0.009445399977266788,0.00799610000103712,0.00022849999368190765
0.0,LP2 ($\theta$ Only),12,120,0.0,,0,0.0,0.0,0.0,0,0,0,0.0,0.0,100.0,0.0010191999608650804,0.0023560000117868185,5.709996912628412e-05,0.06727919995319098,0.11810680001508445,0.13713319995440543,0.020509299938566983,0.02199139993172139,0.0006278000073507428
0.0,LP2 ($\theta$ Only),13,133,0.0,,0,0.0,0.0,0.0,0,0,0,0.0,0.0,100.0,0.0019554999889805913,0.005805299966596067,0.0001322000753134489,0.09466249996330589,0.19675480003934354,0.13843639998231083,0.01136519992724061,0.01732129999436438,0.0007071999134495854
0.0,LP2 ($\theta$ Only),14,147,0.0,,0,0.0,0.0,0.0,0,0,0,0.0,0.0,100.0,0.0021189000690355897,0.006296000094152987,0.00013449997641146183,0.06804409995675087,0.10282429994549602,0.0606627999804914,0.01009539992082864,0.008613200043328106,0.00022929999977350235
0.0,LP2 ($\theta$ Only),15,162,0.0,,0,0.0,0.0,0.0,0,0,0,0.0,0.0,100.0,0.004144300008192658,0.003344000084325671,8.25000461190939e-05,0.0820419000228867,0.111781399929896,0.08192969998344779,0.009905599988996983,0.008378099999390543,0.00022789998911321163
0.0,LP2 ($\theta$ Only),16,178,0.0,,0,0.0,0.0,0.0,0,0,0,0.0,0.0,100.0,0.0010384999914094806,0.0030018999241292477,8.289993274956942e-05,0.061550799990072846,0.21447240002453327,0.18723070004489273,0.008751899935305119,0.01368119998369366,0.00041989993769675493
0.0,LP2 ($\theta$ Only),17,195,0.0,,0,0.0,0.0,0.0,0,0,0,0.0,0.0,100.0,0.0010262998985126615,0.002726100035943091,0.00012550002429634333,0.15136360004544258,0.1510058999992907,0.11632099992129952,0.01206480001565069,0.01693060004618019,0.0006024000467732549
0.0,LP2 ($\theta$ Only),18,213,0.0,,0,0.0,0.0,0.0,0,0,0,0.0,0.0,100.0,0.0019957999465987086,0.00446560001000762,0.00012720003724098206,0.08916549989953637,0.14041839994024485,0.06681289989501238,0.012689499999396503,0.013939299969933927,0.00023040000814944506
0.0,LP2 ($\theta$ Only),19,232,0.0,,0,0.0,0.0,0.0,0,0,0,0.0,0.0,100.0,0.0011968000326305628,0.002404600032605231,6.220000796020031e-05,0.08299380005337298,0.230416200007312,0.1680338999722153,0.012034500017762184,0.010859800036996603,0.0006496000569313765
0.0,LP3 ($\theta$ Only),0,42,0.0,,0,0.0,0.0,0.0,0,0,0,0.0,0.0,100.0,0.0022262000711634755,0.004753800109028816,0.0008648999501019716,0.18139080004766583,0.19658980006352067,0.061366100097075105,0.011816199985332787,0.012095700018107891,0.00042729999404400587
0.0,LP3 ($\theta$ Only),1,43,0.0,,0,0.0,0.0,0.0,0,0,0,0.0,0.0,100.0,0.0010512999724596739,0.002600400010123849,6.550003308802843e-05,0.06154720007907599,0.3387402999214828,0.07113329996354878,0.010321100009605289,0.009673899970948696,0.0003581000491976738
0.0,LP3 ($\theta$ Only),2,45,0.0,,0,0.0,0.0,0.0,0,0,0,0.0,0.0,100.0,0.00118090002797544,0.002440700074657798,5.8299978263676167e-05,0.0576577999163419,0.1017972999252379,0.04491639998741448,0.01572419994045049,0.01960600004531443,0.0004779000300914049
0.0,LP3 ($\theta$ Only),3,48,0.0,,0,0.0,0.0,0.0,0,0,0,0.0,0.0,100.0,0.004262799979187548,0.007816500030457973,9.430001955479383e-05,0.09770769998431206,0.1305061000166461,0.26893929997459054,0.027248799917288125,0.025186599930748343,0.0007316999835893512
0.0,LP3 ($\theta$ Only),4,52,0.0,,0,0.0,0.0,0.0,0,0,0,0.0,0.0,100.0,0.005615800037048757,0.0029281999450176954,0.00014839996583759785,0.0881794000742957,0.11199880007188767,0.07250860007479787,0.020874000038020313,0.021652799914591014,0.0007269999478012323
0.0,LP3 ($\theta$ Only),5,57,0.0,,0,0.0,0.0,0.0,0,0,0,0.0,0.0,100.0,0.0022103000665083528,0.004312500008381903,6.440002471208572e-05,0.09411289996933192,0.1015742999734357,0.07000529998913407,0.015717700007371604,0.011842900072224438,0.00048289995174854994
0.0,LP3 ($\theta$ Only),6,63,0.0,,0,0.0,0.0,0.0,0,0,0,0.0,0.0,100.0,0.0011723999632522464,0.0021367999725043774,5.780009087175131e-05,0.08463359996676445,0.09614320006221533,0.049549799994565547,0.008505200035870075,0.008773099980317056,0.0002297000028192997
0.0,LP3 ($\theta$ Only),7,70,0.0,,0,0.0,0.0,0.0,0,0,0,2.042810365310288e-14,10.0,90.0,0.001024700002744794,0.002394000068306923,5.979998968541622e-05,0.062207299983128905,0.11473200004547834,0.06455240002833307,0.009215300087817013,0.009063899982720613,0.00022829999215900898
0.0,LP3 ($\theta$ Only),8,78,0.0,,0,0.0,0.0,0.0,0,0,0,0.0,0.0,100.0,0.0012503999751061201,0.0025779999559745193,6.850005593150854e-05,0.0629590000025928,0.108958899974823,0.04666810005437583,0.009930599946528673,0.011698100017383695,0.000229199999012053
0.0,LP3 ($\theta$ Only),9,87,0.0,,0,0.0,0.0,0.0,0,0,0,0.0,0.0,100.0,0.0012958000879734755,0.0026961000403389335,6.120000034570694e-05,0.06970819993875921,0.09627059998456389,0.05569080007262528,0.009890199988149107,0.008868500008247793,0.00022899999748915434
0.0,LP3 ($\theta$ Only),10,97,0.0,,0,0.0,0.0,0.0,0,0,0,0.0,0.0,100.0,0.003913499996997416,0.004716199939139187,7.060007192194462e-05,0.10371120006311685,0.10823839996010065,0.05061000003479421,0.00854279997292906,0.009164099930785596,0.0002308000111952424
0.0,LP3 ($\theta$ Only),11,108,0.0,,0,0.0,0.0,0.0,0,0,0,0.0,0.0,100.0,0.0010258998954668641,0.0023500999668613076,5.700008478015661e-05,0.06987919996026903,0.09441010002046824,0.06631240004207939,0.009445399977266788,0.00799610000103712,0.00022849999368190765
0.0,LP3 ($\theta$ Only),12,120,0.0,,0,0.0,0.0,0.0,0,0,0,0.0,0.0,100.0,0.0010191999608650804,0.0023560000117868185,5.709996912628412e-05,0.06727919995319098,0.11810680001508445,0.13713319995440543,0.020509299938566983,0.02199139993172139,0.0006278000073507428
0.0,LP3 ($\theta$ Only),13,133,0.0,,0,0.0,0.0,0.0,0,0,0,0.0,0.0,100.0,0.0019554999889805913,0.005805299966596067,0.0001322000753134489,0.09466249996330589,0.19675480003934354,0.13843639998231083,0.01136519992724061,0.01732129999436438,0.0007071999134495854
0.0,LP3 ($\theta$ Only),14,147,0.0,,0,0.0,0.0,0.0,0,0,0,0.0,0.0,100.0,0.0021189000690355897,0.006296000094152987,0.00013449997641146183,0.06804409995675087,0.10282429994549602,0.0606627999804914,0.01009539992082864,0.008613200043328106,0.00022929999977350235
0.0,LP3 ($\theta$ Only),15,162,0.0,,0,0.0,0.0,0.0,0,0,0,0.0,0.0,100.0,0.004144300008192658,0.003344000084325671,8.25000461190939e-05,0.0820419000228867,0.111781399929896,0.08192969998344779,0.009905599988996983,0.008378099999390543,0.00022789998911321163
0.0,LP3 ($\theta$ Only),16,178,0.0,,0,0.0,0.0,0.0,0,0,0,0.0,0.0,100.0,0.0010384999914094806,0.0030018999241292477,8.289993274956942e-05,0.061550799990072846,0.21447240002453327,0.18723070004489273,0.008751899935305119,0.01368119998369366,0.00041989993769675493
0.0,LP3 ($\theta$ Only),17,195,0.0,,0,0.0,0.0,0.0,0,0,0,0.0,0.0,100.0,0.0010262998985126615,0.002726100035943091,0.00012550002429634333,0.15136360004544258,0.1510058999992907,0.11632099992129952,0.01206480001565069,0.01693060004618019,0.0006024000467732549
0.0,LP3 ($\theta$ Only),18,213,0.0,,0,0.0,0.0,0.0,0,0,0,0.0,0.0,100.0,0.0019957999465987086,0.00446560001000762,0.00012720003724098206,0.08916549989953637,0.14041839994024485,0.06681289989501238,0.012689499999396503,0.013939299969933927,0.00023040000814944506
0.0,LP3 ($\theta$ Only),19,232,0.0,,0,0.0,0.0,0.0,0,0,0,0.0,0.0,100.0,0.0011968000326305628,0.002404600032605231,6.220000796020031e-05,0.08299380005337298,0.230416200007312,0.1680338999722153,0.012034500017762184,0.010859800036996603,0.0006496000569313765
0.0,Linear BTL,0,42,,-3.239098718925453,0,0.0,0.0,0.0,0,0,0,,,,0.0022262000711634755,0.004753800109028816,0.0008648999501019716,0.18139080004766583,0.19658980006352067,0.061366100097075105,0.011816199985332787,0.012095700018107891,0.00042729999404400587
0.0,Linear BTL,1,43,,-2.174229771660068,0,0.0,0.0,0.0,0,0,0,,,,0.0010512999724596739,0.002600400010123849,6.550003308802843e-05,0.06154720007907599,0.3387402999214828,0.07113329996354878,0.010321100009605289,0.009673899970948696,0.0003581000491976738
0.0,Linear BTL,2,45,,-1.2622246098740622,0,0.0,0.0,0.0,0,0,0,,,,0.00118090002797544,0.002440700074657798,5.8299978263676167e-05,0.0576577999163419,0.1017972999252379,0.04491639998741448,0.01572419994045049,0.01960600004531443,0.0004779000300914049
0.0,Linear BTL,3,48,,-1.5260487361847392,0,0.0,0.0,0.0,0,0,0,,,,0.004262799979187548,0.007816500030457973,9.430001955479383e-05,0.09770769998431206,0.1305061000166461,0.26893929997459054,0.027248799917288125,0.025186599930748343,0.0007316999835893512
0.0,Linear BTL,4,52,,-0.4179114584833617,0,0.0,0.0,0.0,0,0,0,,,,0.005615800037048757,0.0029281999450176954,0.00014839996583759785,0.0881794000742957,0.11199880007188767,0.07250860007479787,0.020874000038020313,0.021652799914591014,0.0007269999478012323
0.0,Linear BTL,5,57,,-0.5731284365469593,0,0.0,0.0,0.0,0,0,0,,,,0.0022103000665083528,0.004312500008381903,6.440002471208572e-05,0.09411289996933192,0.1015742999734357,0.07000529998913407,0.015717700007371604,0.011842900072224438,0.00048289995174854994
0.0,Linear BTL,6,63,,-2.2917673486231798,0,0.0,0.0,0.0,0,0,0,,,,0.0011723999632522464,0.0021367999725043774,5.780009087175131e-05,0.08463359996676445,0.09614320006221533,0.049549799994565547,0.008505200035870075,0.008773099980317056,0.0002297000028192997
0.0,Linear BTL,7,70,,-2.3641488950450964,0,0.0,0.0,0.0,0,0,0,,,,0.001024700002744794,0.002394000068306923,5.979998968541622e-05,0.062207299983128905,0.11473200004547834,0.06455240002833307,0.009215300087817013,0.009063899982720613,0.00022829999215900898
0.0,Linear BTL,8,78,,-2.498458603963538,0,0.0,0.0,0.0,0,0,0,,,,0.0012503999751061201,0.0025779999559745193,6.850005593150854e-05,0.0629590000025928,0.108958899974823,0.04666810005437583,0.009930599946528673,0.011698100017383695,0.000229199999012053
0.0,Linear BTL,9,87,,-0.6162634840517447,0,0.0,0.0,0.0,0,0,0,,,,0.0012958000879734755,0.0026961000403389335,6.120000034570694e-05,0.06970819993875921,0.09627059998456389,0.05569080007262528,0.009890199988149107,0.008868500008247793,0.00022899999748915434
0.0,Linear BTL,10,97,,-4.175769926576777,0,0.0,0.0,0.0,0,0,0,,,,0.003913499996997416,0.004716199939139187,7.060007192194462e-05,0.10371120006311685,0.10823839996010065,0.05061000003479421,0.00854279997292906,0.009164099930785596,0.0002308000111952424
0.0,Linear BTL,11,108,,-1.9614979716997967,0,0.0,0.0,0.0,0,0,0,,,,0.0010258998954668641,0.0023500999668613076,5.700008478015661e-05,0.06987919996026903,0.09441010002046824,0.06631240004207939,0.009445399977266788,0.00799610000103712,0.00022849999368190765
0.0,Linear BTL,12,120,,-0.9461936206999221,0,0.0,0.0,0.0,0,0,0,,,,0.0010191999608650804,0.0023560000117868185,5.709996912628412e-05,0.06727919995319098,0.11810680001508445,0.13713319995440543,0.020509299938566983,0.02199139993172139,0.0006278000073507428
0.0,Linear BTL,13,133,,-0.8704083810784569,0,0.0,0.0,0.0,0,0,0,,,,0.0019554999889805913,0.005805299966596067,0.0001322000753134489,0.09466249996330589,0.19675480003934354,0.13843639998231083,0.01136519992724061,0.01732129999436438,0.0007071999134495854
0.0,Linear BTL,14,147,,-0.9006874110742046,0,0.0,0.0,0.0,0,0,0,,,,0.0021189000690355897,0.006296000094152987,0.00013449997641146183,0.06804409995675087,0.10282429994549602,0.0606627999804914,0.01009539992082864,0.008613200043328106,0.00022929999977350235
0.0,Linear BTL,15,162,,-2.5285962640521427,0,0.0,0.0,0.0,0,0,0,,,,0.004144300008192658,0.003344000084325671,8.25000461190939e-05,0.0820419000228867,0.111781399929896,0.08192969998344779,0.009905599988996983,0.008378099999390543,0.00022789998911321163
0.0,Linear BTL,16,178,,-0.06848336132729364,0,0.0,0.0,0.0,0,0,0,,,,0.0010384999914094806,0.0030018999241292477,8.289993274956942e-05,0.061550799990072846,0.21447240002453327,0.18723070004489273,0.008751899935305119,0.01368119998369366,0.00041989993769675493
0.0,Linear BTL,17,195,,-0.23918913238134737,0,0.0,0.0,0.0,0,0,0,,,,0.0010262998985126615,0.002726100035943091,0.00012550002429634333,0.15136360004544258,0.1510058999992907,0.11632099992129952,0.01206480001565069,0.01693060004618019,0.0006024000467732549
0.0,Linear BTL,18,213,,-3.2333621880510144,0,0.0,0.0,0.0,0,0,0,,,,0.0019957999465987086,0.00446560001000762,0.00012720003724098206,0.08916549989953637,0.14041839994024485,0.06681289989501238,0.012689499999396503,0.013939299969933927,0.00023040000814944506
0.0,Linear BTL,19,232,,-0.31230934159318846,0,0.0,0.0,0.0,0,0,0,,,,0.0011968000326305628,0.002404600032605231,6.220000796020031e-05,0.08299380005337298,0.230416200007312,0.1680338999722153,0.012034500017762184,0.010859800036996603,0.0006496000569313765
0.1,LP2 ($\theta$ Only),0,42,6.581237365790269e-05,,0,8.88888888888889,2.5641025641025643,50.0,4,1,3,6.581237365790269e-05,40.0,60.0,0.0016448000678792596,0.009552699979394674,8.760008495301008e-05,0.1212818999774754,0.16540259995963424,0.10747420007828623,0.022365099983289838,0.025029600015841424,0.002065200009383261
0.1,LP2 ($\theta$ Only),1,43,0.0,,0,0.0,0.0,0.0,0,0,0,0.0,0.0,100.0,0.0017844999674707651,0.0025579999200999737,5.849997978657484e-05,0.10718479997012764,0.1736447000876069,0.08981909998692572,0.019128100015223026,0.017153399996459484,0.00028449995443224907
0.1,LP2 ($\theta$ Only),2,45,0.0,,0,0.0,0.0,0.0,0,0,0,0.0,0.0,100.0,0.006192800006829202,0.004332599928602576,0.00012510002125054598,0.11233619996346533,0.23837909998837858,0.12030329997651279,0.011597099946811795,0.01168250001501292,0.00024720001965761185
0.1,LP2 ($\theta$ Only),3,48,0.0,,0,0.0,0.0,0.0,0,0,0,0.0,0.0,100.0,0.006116400007158518,0.0036492999643087387,9.020010475069284e-05,0.08976999996230006,0.14522130007389933,0.06375870003830642,0.01103329996112734,0.01034599996637553,0.00024749990552663803
0.1,LP2 ($\theta$ Only),4,52,0.0,,0,0.0,0.0,0.0,0,0,0,0.0,0.0,100.0,0.001130299991928041,0.0023237999994307756,5.700008478015661e-05,0.08393740002065897,0.11848830000963062,0.07272719999309629,0.013657100033015013,0.010488100000657141,0.0005617000861093402
0.1,LP2 ($\theta$ Only),5,57,0.0,,0,0.0,0.0,0.0,0,0,0,0.0,0.0,100.0,0.0022270999616011977,0.002337200101464987,5.909998435527086e-05,0.08233139989897609,0.1234351999592036,0.04386420000810176,0.011110799969173968,0.01150759996380657,0.0003105999203398824
0.1,LP2 ($\theta$ Only),6,63,0.0,,0,0.0,0.0,0.0,0,0,0,0.0,0.0,100.0,0.0017485999269410968,0.0037817000411450863,7.010006811469793e-05,0.07306990004144609,0.1265321000246331,0.05126909993123263,0.009508099989034235,0.008430699934251606,0.00024289998691529036
0.1,LP2 ($\theta$ Only),7,70,0.0,,0,0.0,0.0,0.0,0,0,0,0.0,0.0,100.0,0.0011284000938758254,0.0027342999819666147,5.889998283237219e-05,0.06839020003098994,0.10772179998457432,0.04887019994203001,0.009593399940058589,0.008687299909070134,0.00024209998082369566
0.1,LP2 ($\theta$ Only),8,78,3.1066331148588284e-05,,0,6.666666666666667,5.128205128205129,16.666666666666668,3,2,1,3.1066331148588284e-05,10.0,90.0,0.0013173000188544393,0.002904099994339049,8.350005373358727e-05,0.07207990007009357,0.10255290009081364,0.07240519998595119,0.018790800007991493,0.020548700005747378,0.0008576000109314919
0.1,LP2 ($\theta$ Only),9,87,0.0,,0,0.0,0.0,0.0,0,0,0,0.0,0.0,100.0,0.00229049997869879,0.004080900107510388,5.9999991208314896e-05,0.07887919992208481,0.11267729999963194,0.06211200007237494,0.008685799897648394,0.018183100037276745,0.00024149997625499964
0.1,LP2 ($\theta$ Only),10,97,0.0,,0,0.0,0.0,0.0,0,0,0,0.0,0.0,100.0,0.00118240003939718,0.0035644000163301826,0.00017230003140866756,0.07419250009115785,0.13430769997648895,0.06322039989754558,0.009243099950253963,0.01243960007559508,0.0002410999732092023
0.1,LP2 ($\theta$ Only),11,108,0.0,,0,0.0,0.0,0.0,0,0,0,0.0,0.0,100.0,0.0017417999915778637,0.0037646000273525715,0.00012049998622387648,0.07496300002094358,0.12218289996962994,0.06606730003841221,0.015441600000485778,0.012338000000454485,0.00024009996559470892
0.1,LP2 ($\theta$ Only),12,120,0.0,,0,0.0,0.0,0.0,0,0,0,0.0,0.0,100.0,0.0013316000113263726,0.002939400030300021,6.220000796020031e-05,0.08259570004884154,0.3270600000396371,0.04871090000960976,0.00919490004889667,0.010654800105839968,0.0002447000006213784
0.1,LP2 ($\theta$ Only),13,133,0.0,,0,0.0,0.0,0.0,0,0,0,0.0,0.0,100.0,0.001141799963079393,0.002315400051884353,5.640008021146059e-05,0.07880809996277094,0.11976000003051013,0.04697539994958788,0.011758700013160706,0.008571199956350029,0.00024009996559470892
0.1,LP2 ($\theta$ Only),14,147,0.0,,0,0.0,0.0,0.0,0,0,0,0.0,0.0,100.0,0.0012809999752789736,0.004746700054965913,6.10999995842576e-05,0.06601010006852448,0.11320820008404553,0.06989299994893372,0.008887300034984946,0.018417400075122714,0.00046030001249164343
0.1,LP2 ($\theta$ Only),15,162,0.0,,0,0.0,0.0,0.0,0,0,0,0.0,0.0,100.0,0.0013394999550655484,0.003883900004439056,9.799993131309748e-05,0.1791337999748066,0.1975714999716729,0.0451935000019148,0.01679989998228848,0.012827300000935793,0.00048559997230768204
0.1,LP2 ($\theta$ Only),16,178,0.0,,0,0.0,0.0,0.0,0,0,0,0.0,0.0,100.0,0.004275499959476292,0.003636699984781444,0.00019210006576031446,0.09790440008509904,0.15619790006894618,0.05973980005364865,0.013439100002869964,0.011840400053188205,0.0002432999899610877
0.1,LP2 ($\theta$ Only),17,195,0.0,,0,0.0,0.0,0.0,0,0,0,0.0,0.0,100.0,0.001132400007918477,0.0027280000504106283,6.0399994254112244e-05,0.08359749999362975,0.14657410001382232,0.05022069998085499,0.011348100029863417,0.010032800026237965,0.0005311999702826142
0.1,LP2 ($\theta$ Only),18,213,0.0,,0,0.0,0.0,0.0,0,0,0,0.0,0.0,100.0,0.00113619992043823,0.004756299895234406,8.499994874000549e-05,0.0941041000187397,0.15043419995345175,0.06431519996840507,0.012820899952203035,0.010832899948582053,0.0002530999481678009
0.1,LP2 ($\theta$ Only),19,232,0.0,,0,0.0,0.0,0.0,0,0,0,0.0,0.0,100.0,0.005834100069478154,0.0027362999971956015,6.310001481324434e-05,0.07461659994442016,0.12925909995101392,0.04547760006971657,0.012894900050014257,0.011869699927046895,0.00031809997744858265
0.1,LP3 ($\theta$ Only),0,42,0.0008321780311526498,,0,8.88888888888889,2.5641025641025643,50.0,4,1,3,8.945576310358822e-05,70.0,30.0,0.0016448000678792596,0.009552699979394674,8.760008495301008e-05,0.1212818999774754,0.16540259995963424,0.10747420007828623,0.022365099983289838,0.025029600015841424,0.002065200009383261
0.1,LP3 ($\theta$ Only),1,43,0.0,,0,0.0,0.0,0.0,0,0,0,0.0,0.0,100.0,0.0017844999674707651,0.0025579999200999737,5.849997978657484e-05,0.10718479997012764,0.1736447000876069,0.08981909998692572,0.019128100015223026,0.017153399996459484,0.00028449995443224907
0.1,LP3 ($\theta$ Only),2,45,0.0,,0,0.0,0.0,0.0,0,0,0,0.0,0.0,100.0,0.006192800006829202,0.004332599928602576,0.00012510002125054598,0.11233619996346533,0.23837909998837858,0.12030329997651279,0.011597099946811795,0.01168250001501292,0.00024720001965761185
0.1,LP3 ($\theta$ Only),3,48,0.0,,0,0.0,0.0,0.0,0,0,0,0.0,0.0,100.0,0.006116400007158518,0.0036492999643087387,9.020010475069284e-05,0.08976999996230006,0.14522130007389933,0.06375870003830642,0.01103329996112734,0.01034599996637553,0.00024749990552663803
0.1,LP3 ($\theta$ Only),4,52,0.0,,0,0.0,0.0,0.0,0,0,0,0.0,0.0,100.0,0.001130299991928041,0.0023237999994307756,5.700008478015661e-05,0.08393740002065897,0.11848830000963062,0.07272719999309629,0.013657100033015013,0.010488100000657141,0.0005617000861093402
0.1,LP3 ($\theta$ Only),5,57,0.0,,0,0.0,0.0,0.0,0,0,0,0.0,0.0,100.0,0.0022270999616011977,0.002337200101464987,5.909998435527086e-05,0.08233139989897609,0.1234351999592036,0.04386420000810176,0.011110799969173968,0.01150759996380657,0.0003105999203398824
0.1,LP3 ($\theta$ Only),6,63,0.0,,0,0.0,0.0,0.0,0,0,0,0.0,0.0,100.0,0.0017485999269410968,0.0037817000411450863,7.010006811469793e-05,0.07306990004144609,0.1265321000246331,0.05126909993123263,0.009508099989034235,0.008430699934251606,0.00024289998691529036
0.1,LP3 ($\theta$ Only),7,70,0.0,,0,0.0,0.0,0.0,0,0,0,0.0,0.0,100.0,0.0011284000938758254,0.0027342999819666147,5.889998283237219e-05,0.06839020003098994,0.10772179998457432,0.04887019994203001,0.009593399940058589,0.008687299909070134,0.00024209998082369566
0.1,LP3 ($\theta$ Only),8,78,0.0004134654471160042,,0,2.2222222222222223,0.0,16.666666666666668,1,0,1,3.7587767919636745e-05,30.0,70.0,0.0013173000188544393,0.002904099994339049,8.350005373358727e-05,0.07207990007009357,0.10255290009081364,0.07240519998595119,0.018790800007991493,0.020548700005747378,0.0008576000109314919
0.1,LP3 ($\theta$ Only),9,87,0.0,,0,0.0,0.0,0.0,0,0,0,0.0,0.0,100.0,0.00229049997869879,0.004080900107510388,5.9999991208314896e-05,0.07887919992208481,0.11267729999963194,0.06211200007237494,0.008685799897648394,0.018183100037276745,0.00024149997625499964
0.1,LP3 ($\theta$ Only),10,97,0.0,,0,0.0,0.0,0.0,0,0,0,0.0,0.0,100.0,0.00118240003939718,0.0035644000163301826,0.00017230003140866756,0.07419250009115785,0.13430769997648895,0.06322039989754558,0.009243099950253963,0.01243960007559508,0.0002410999732092023
0.1,LP3 ($\theta$ Only),11,108,0.0,,0,0.0,0.0,0.0,0,0,0,0.0,0.0,100.0,0.0017417999915778637,0.0037646000273525715,0.00012049998622387648,0.07496300002094358,0.12218289996962994,0.06606730003841221,0.015441600000485778,0.012338000000454485,0.00024009996559470892
0.1,LP3 ($\theta$ Only),12,120,0.0,,0,0.0,0.0,0.0,0,0,0,0.0,0.0,100.0,0.0013316000113263726,0.002939400030300021,6.220000796020031e-05,0.08259570004884154,0.3270600000396371,0.04871090000960976,0.00919490004889667,0.010654800105839968,0.0002447000006213784
0.1,LP3 ($\theta$ Only),13,133,0.0,,0,0.0,0.0,0.0,0,0,0,0.0,0.0,100.0,0.001141799963079393,0.002315400051884353,5.640008021146059e-05,0.07880809996277094,0.11976000003051013,0.04697539994958788,0.011758700013160706,0.008571199956350029,0.00024009996559470892
0.1,LP3 ($\theta$ Only),14,147,0.0,,0,0.0,0.0,0.0,0,0,0,0.0,0.0,100.0,0.0012809999752789736,0.004746700054965913,6.10999995842576e-05,0.06601010006852448,0.11320820008404553,0.06989299994893372,0.008887300034984946,0.018417400075122714,0.00046030001249164343
0.1,LP3 ($\theta$ Only),15,162,0.0,,0,0.0,0.0,0.0,0,0,0,0.0,0.0,100.0,0.0013394999550655484,0.003883900004439056,9.799993131309748e-05,0.1791337999748066,0.1975714999716729,0.0451935000019148,0.01679989998228848,0.012827300000935793,0.00048559997230768204
0.1,LP3 ($\theta$ Only),16,178,0.0,,0,0.0,0.0,0.0,0,0,0,0.0,0.0,100.0,0.004275499959476292,0.003636699984781444,0.00019210006576031446,0.09790440008509904,0.15619790006894618,0.05973980005364865,0.013439100002869964,0.011840400053188205,0.0002432999899610877
0.1,LP3 ($\theta$ Only),17,195,0.0,,0,0.0,0.0,0.0,0,0,0,0.0,0.0,100.0,0.001132400007918477,0.0027280000504106283,6.0399994254112244e-05,0.08359749999362975,0.14657410001382232,0.05022069998085499,0.011348100029863417,0.010032800026237965,0.0005311999702826142
0.1,LP3 ($\theta$ Only),18,213,0.0,,0,0.0,0.0,0.0,0,0,0,0.0,0.0,100.0,0.00113619992043823,0.004756299895234406,8.499994874000549e-05,0.0941041000187397,0.15043419995345175,0.06431519996840507,0.012820899952203035,0.010832899948582053,0.0002530999481678009
0.1,LP3 ($\theta$ Only),19,232,0.0,,0,0.0,0.0,0.0,0,0,0,0.0,0.0,100.0,0.005834100069478154,0.0027362999971956015,6.310001481324434e-05,0.07461659994442016,0.12925909995101392,0.04547760006971657,0.012894900050014257,0.011869699927046895,0.00031809997744858265
0.1,Linear BTL,0,42,,-25.631594817087862,0,8.88888888888889,2.5641025641025643,50.0,4,1,3,,,,0.0016448000678792596,0.009552699979394674,8.760008495301008e-05,0.1212818999774754,0.16540259995963424,0.10747420007828623,0.022365099983289838,0.025029600015841424,0.002065200009383261
0.1,Linear BTL,1,43,,-21.732966643431556,0,2.2222222222222223,2.4390243902439024,0.0,1,1,0,,,,0.0017844999674707651,0.0025579999200999737,5.849997978657484e-05,0.10718479997012764,0.1736447000876069,0.08981909998692572,0.019128100015223026,0.017153399996459484,0.00028449995443224907
0.1,Linear BTL,2,45,,-4.931785367979586,0,0.0,0.0,0.0,0,0,0,,,,0.006192800006829202,0.004332599928602576,0.00012510002125054598,0.11233619996346533,0.23837909998837858,0.12030329997651279,0.011597099946811795,0.01168250001501292,0.00024720001965761185
0.1,Linear BTL,3,48,,-18.641164242634083,0,6.666666666666667,2.5,40.0,3,1,2,,,,0.006116400007158518,0.0036492999643087387,9.020010475069284e-05,0.08976999996230006,0.14522130007389933,0.06375870003830642,0.01103329996112734,0.01034599996637553,0.00024749990552663803
0.1,Linear BTL,4,52,,-8.018172762394238,0,2.2222222222222223,0.0,33.333333333333336,1,0,1,,,,0.001130299991928041,0.0023237999994307756,5.700008478015661e-05,0.08393740002065897,0.11848830000963062,0.07272719999309629,0.013657100033015013,0.010488100000657141,0.0005617000861093402
0.1,Linear BTL,5,57,,-15.709074210524827,0,0.0,0.0,0.0,0,0,0,,,,0.0022270999616011977,0.002337200101464987,5.909998435527086e-05,0.08233139989897609,0.1234351999592036,0.04386420000810176,0.011110799969173968,0.01150759996380657,0.0003105999203398824
0.1,Linear BTL,6,63,,-33.38055657931656,0,4.444444444444445,0.0,20.0,2,0,2,,,,0.0017485999269410968,0.0037817000411450863,7.010006811469793e-05,0.07306990004144609,0.1265321000246331,0.05126909993123263,0.009508099989034235,0.008430699934251606,0.00024289998691529036
0.1,Linear BTL,7,70,,-21.741097282386818,0,4.444444444444445,2.5641025641025643,16.666666666666668,2,1,1,,,,0.0011284000938758254,0.0027342999819666147,5.889998283237219e-05,0.06839020003098994,0.10772179998457432,0.04887019994203001,0.009593399940058589,0.008687299909070134,0.00024209998082369566
0.1,Linear BTL,8,78,,-19.90112709319653,0,4.444444444444445,0.0,33.333333333333336,2,0,2,,,,0.0013173000188544393,0.002904099994339049,8.350005373358727e-05,0.07207990007009357,0.10255290009081364,0.07240519998595119,0.018790800007991493,0.020548700005747378,0.0008576000109314919
0.1,Linear BTL,9,87,,-11.657943416350735,0,0.0,0.0,0.0,0,0,0,,,,0.00229049997869879,0.004080900107510388,5.9999991208314896e-05,0.07887919992208481,0.11267729999963194,0.06211200007237494,0.008685799897648394,0.018183100037276745,0.00024149997625499964
0.1,Linear BTL,10,97,,-23.46861856326352,0,2.2222222222222223,0.0,14.285714285714286,1,0,1,,,,0.00118240003939718,0.0035644000163301826,0.00017230003140866756,0.07419250009115785,0.13430769997648895,0.06322039989754558,0.009243099950253963,0.01243960007559508,0.0002410999732092023
0.1,Linear BTL,11,108,,-9.93821616652182,0,0.0,0.0,0.0,0,0,0,,,,0.0017417999915778637,0.0037646000273525715,0.00012049998622387648,0.07496300002094358,0.12218289996962994,0.06606730003841221,0.015441600000485778,0.012338000000454485,0.00024009996559470892
0.1,Linear BTL,12,120,,-18.59869436323645,0,4.444444444444445,0.0,28.571428571428573,2,0,2,,,,0.0013316000113263726,0.002939400030300021,6.220000796020031e-05,0.08259570004884154,0.3270600000396371,0.04871090000960976,0.00919490004889667,0.010654800105839968,0.0002447000006213784
0.1,Linear BTL,13,133,,-8.975902480675844,0,4.444444444444445,0.0,66.66666666666667,2,0,2,,,,0.001141799963079393,0.002315400051884353,5.640008021146059e-05,0.07880809996277094,0.11976000003051013,0.04697539994958788,0.011758700013160706,0.008571199956350029,0.00024009996559470892
0.1,Linear BTL,14,147,,-26.782045131917883,0,4.444444444444445,0.0,22.22222222222222,2,0,2,,,,0.0012809999752789736,0.004746700054965913,6.10999995842576e-05,0.06601010006852448,0.11320820008404553,0.06989299994893372,0.008887300034984946,0.018417400075122714,0.00046030001249164343
0.1,Linear BTL,15,162,,-32.96296484697431,0,4.444444444444445,0.0,20.0,2,0,2,,,,0.0013394999550655484,0.003883900004439056,9.799993131309748e-05,0.1791337999748066,0.1975714999716729,0.0451935000019148,0.01679989998228848,0.012827300000935793,0.00048559997230768204
0.1,Linear BTL,16,178,,-13.392462024283862,0,0.0,0.0,0.0,0,0,0,,,,0.004275499959476292,0.003636699984781444,0.00019210006576031446,0.09790440008509904,0.15619790006894618,0.05973980005364865,0.013439100002869964,0.011840400053188205,0.0002432999899610877
0.1,Linear BTL,17,195,,-11.818438411910755,0,0.0,0.0,0.0,0,0,0,,,,0.001132400007918477,0.0027280000504106283,6.0399994254112244e-05,0.08359749999362975,0.14657410001382232,0.05022069998085499,0.011348100029863417,0.010032800026237965,0.0005311999702826142
0.1,Linear BTL,18,213,,-15.36226028056229,0,2.2222222222222223,0.0,20.0,1,0,1,,,,0.00113619992043823,0.004756299895234406,8.499994874000549e-05,0.0941041000187397,0.15043419995345175,0.06431519996840507,0.012820899952203035,0.010832899948582053,0.0002530999481678009
0.1,Linear BTL,19,232,,-28.54807652792453,0,0.0,0.0,0.0,0,0,0,,,,0.005834100069478154,0.0027362999971956015,6.310001481324434e-05,0.07461659994442016,0.12925909995101392,0.04547760006971657,0.012894900050014257,0.011869699927046895,0.00031809997744858265
0.2,LP2 ($\theta$ Only),0,42,0.0,,2,0.0,0.0,0.0,0,0,0,0.0,0.0,100.0,0.0029341999907046556,0.007469000061973929,0.0015466000186279416,0.0888109999941662,0.11003290000371635,0.054254099959507585,0.012603900046087801,0.010191099951043725,0.0002343999221920967
0.2,LP2 ($\theta$ Only),1,43,0.0,,0,0.0,0.0,0.0,0,0,0,0.0,0.0,100.0,0.0011385000543668866,0.0024403000716120005,5.619996227324009e-05,0.07363110000733286,0.10776539996732026,0.058442399953491986,0.010619399952702224,0.012927299947477877,0.00044959993101656437
0.2,LP2 ($\theta$ Only),2,45,7.586657566707642e-05,,0,13.333333333333334,12.820512820512821,16.666666666666668,6,5,1,7.586657566707642e-05,30.0,70.0,0.0018531999085098505,0.0053304999601095915,8.769996929913759e-05,0.0984104999806732,0.20125459996052086,0.05805500003043562,0.01560559996869415,0.012402400025166571,0.00045469996985048056
0.2,LP2 ($\theta$ Only),3,48,2.996095071306262e-05,,0,4.444444444444445,0.0,20.0,2,0,2,2.996095071306262e-05,10.0,90.0,0.0011162000009790063,0.002418800024315715,5.6699966080486774e-05,0.09275349997915328,0.1452044000616297,0.05742929992265999,0.010989799979142845,0.01382049999665469,0.00028339994605630636
0.2,LP2 ($\theta$ Only),4,52,0.0,,0,0.0,0.0,0.0,0,0,0,0.0,0.0,100.0,0.0036886000307276845,0.002405300037935376,5.7299970649182796e-05,0.07333029992878437,0.11149289994500577,0.054920499911531806,0.011755799991078675,0.014078599982894957,0.0004520999500527978
0.2,LP2 ($\theta$ Only),5,57,2.6852927953121485e-05,,0,2.2222222222222223,3.0303030303030303,0.0,1,1,0,2.6852927953121485e-05,10.0,90.0,0.0013620000099763274,0.0025280999252572656,5.7299970649182796e-05,0.06338599999435246,0.11577519995626062,0.03787989995907992,0.009777299943380058,0.008536800043657422,0.00024199998006224632
0.2,LP2 ($\theta$ Only),6,63,0.0,,0,0.0,0.0,0.0,0,0,0,0.0,0.0,100.0,0.0056833999697119,0.0025894000427797437,5.959998816251755e-05,0.08866390003822744,0.4019041999708861,0.19302369991783053,0.019094299990683794,0.015192499966360629,0.0002497999230399728
0.2,LP2 ($\theta$ Only),7,70,0.0,,0,0.0,0.0,0.0,0,0,0,0.0,0.0,100.0,0.0015875999815762043,0.00805860001128167,0.00013559998478740454,0.14032879995647818,0.22183890000451356,0.12976769998203963,0.02101509994827211,0.027872600010596216,0.0007568999426439404
0.2,LP2 ($\theta$ Only),8,78,5.111957710779783e-05,,0,8.88888888888889,2.7027027027027026,37.5,4,1,3,5.1119577107797826e-05,30.0,70.0,0.0025378999998793006,0.007713399943895638,0.00011420005466789007,0.16183919995091856,0.241039999993518,0.1075188999529928,0.026164400042034686,0.016652800026349723,0.0002454000059515238
0.2,LP2 ($\theta$ Only),9,87,0.0,,0,0.0,0.0,0.0,0,0,0,0.0,0.0,100.0,0.0011482000118121505,0.0052649000426754355,0.00014810007996857166,0.1430301999207586,0.21531290002167225,0.09818899992387742,0.019061399972997606,0.044820800074376166,0.0007983000250533223
0.2,LP2 ($\theta$ Only),10,97,0.0,,0,0.0,0.0,0.0,0,0,0,0.0,0.0,100.0,0.0020014001056551933,0.013533600023947656,0.0001759999431669712,0.2504594998899847,0.2380111999809742,0.116053800098598,0.016234299982897937,0.018441899912431836,0.0009747999720275402
0.2,LP2 ($\theta$ Only),11,108,0.0,,0,0.0,0.0,0.0,0,0,0,0.0,0.0,100.0,0.003184500033967197,0.0059908999828621745,0.00011620006989687681,0.16970189998392016,0.3661502000177279,0.15222320007160306,0.03793079999741167,0.04241290001664311,0.0007288999622687697
0.2,LP2 ($\theta$ Only),12,120,2.249751843843012e-05,,0,4.444444444444445,0.0,22.22222222222222,2,0,2,2.249751843843012e-05,10.0,90.0,0.0029866000404581428,0.014372400008141994,0.00013399997260421515,0.16971260006539524,0.38775460002943873,0.07171310007106513,0.014436400029808283,0.013319500023499131,0.00024610001128166914
0.2,LP2 ($\theta$ Only),13,133,5.420785596891758e-05,,1,4.545454545454546,2.7027027027027026,14.285714285714286,2,1,1,5.420785596891758e-05,20.0,80.0,0.0012556000147014856,0.002423600060865283,0.0002128999913111329,0.07721170003060251,0.1307657000143081,0.04402829997707158,0.01156669994816184,0.013509699958376586,0.000798500026576221
0.2,LP2 ($\theta$ Only),14,147,0.0,,1,0.0,0.0,0.0,0,0,0,0.0,0.0,100.0,0.002335999975912273,0.0024207000387832522,0.0002180999144911766,0.08193179999943823,0.11356529989279807,0.06152039999142289,0.012380999978631735,0.008348700008355081,0.00023859995417296886
0.2,LP2 ($\theta$ Only),15,162,3.8490368140559736e-05,,0,6.666666666666667,0.0,15.789473684210526,3,0,3,3.8490368140559736e-05,30.0,70.0,0.0011209999211132526,0.002222800045274198,5.580007564276457e-05,0.07260249997489154,0.11450710007920861,0.06002599990461022,0.010262500029057264,0.008965600049123168,0.0002598999999463558
0.2,LP2 ($\theta$ Only),16,178,0.0,,0,0.0,0.0,0.0,0,0,0,0.0,0.0,100.0,0.0012182999635115266,0.004256899934262037,8.880009409040213e-05,0.06115339999087155,0.10712469997815788,0.03612489998340607,0.008436799980700016,0.009953000000678003,0.00045009993482381105
0.2,LP2 ($\theta$ Only),17,195,0.0,,0,0.0,0.0,0.0,0,0,0,0.0,0.0,100.0,0.001120300032198429,0.0024395999498665333,5.7300087064504623e-05,0.058599499985575676,0.2658209999790415,0.11845020006876439,0.01947559998370707,0.022442999994382262,0.000462199910543859
0.2,LP2 ($\theta$ Only),18,213,0.0,,0,0.0,0.0,0.0,0,0,0,0.0,0.0,100.0,0.0011369000421836972,0.003019499941729009,8.299993351101875e-05,0.08635820006020367,0.1146756000816822,0.04963070002850145,0.008512299973517656,0.012627999996766448,0.00046090001706033945
0.2,LP2 ($\theta$ Only),19,232,5.874952456605829e-05,,0,6.666666666666667,3.0303030303030303,16.666666666666668,3,1,2,5.874952456605829e-05,30.0,70.0,0.0013516000472009182,0.003027800004929304,8.590007200837135e-05,0.08097380003891885,0.25782720011193305,0.1155807999894023,0.028973900014534593,0.023296500090509653,0.0008451000321656466
0.2,LP3 ($\theta$ Only),0,42,0.0,,2,0.0,0.0,0.0,0,0,0,0.0,0.0,100.0,0.0029341999907046556,0.007469000061973929,0.0015466000186279416,0.0888109999941662,0.11003290000371635,0.054254099959507585,0.012603900046087801,0.010191099951043725,0.0002343999221920967
0.2,LP3 ($\theta$ Only),1,43,0.0,,0,0.0,0.0,0.0,0,0,0,0.0,0.0,100.0,0.0011385000543668866,0.0024403000716120005,5.619996227324009e-05,0.07363110000733286,0.10776539996732026,0.058442399953491986,0.010619399952702224,0.012927299947477877,0.00044959993101656437
0.2,LP3 ($\theta$ Only),2,45,0.0009425216904719714,,0,8.88888888888889,5.128205128205129,33.333333333333336,4,2,2,0.000110670628643297,70.0,30.0,0.0018531999085098505,0.0053304999601095915,8.769996929913759e-05,0.0984104999806732,0.20125459996052086,0.05805500003043562,0.01560559996869415,0.012402400025166571,0.00045469996985048056
0.2,LP3 ($\theta$ Only),3,48,0.00035506195045069557,,0,2.2222222222222223,0.0,10.0,1,0,1,3.227835913188142e-05,10.0,90.0,0.0011162000009790063,0.002418800024315715,5.6699966080486774e-05,0.09275349997915328,0.1452044000616297,0.05742929992265999,0.010989799979142845,0.01382049999665469,0.00028339994605630636
0.2,LP3 ($\theta$ Only),4,52,0.0,,0,0.0,0.0,0.0,0,0,0,0.0,0.0,100.0,0.0036886000307276845,0.002405300037935376,5.7299970649182796e-05,0.07333029992878437,0.11149289994500577,0.054920499911531806,0.011755799991078675,0.014078599982894957,0.0004520999500527978
0.2,LP3 ($\theta$ Only),5,57,0.0002953822074843363,,0,2.2222222222222223,3.0303030303030303,0.0,1,1,0,2.6852927953121485e-05,10.0,90.0,0.0013620000099763274,0.0025280999252572656,5.7299970649182796e-05,0.06338599999435246,0.11577519995626062,0.03787989995907992,0.009777299943380058,0.008536800043657422,0.00024199998006224632
0.2,LP3 ($\theta$ Only),6,63,0.0,,0,0.0,0.0,0.0,0,0,0,0.0,0.0,100.0,0.0056833999697119,0.0025894000427797437,5.959998816251755e-05,0.08866390003822744,0.4019041999708861,0.19302369991783053,0.019094299990683794,0.015192499966360629,0.0002497999230399728
0.2,LP3 ($\theta$ Only),7,70,0.0,,0,0.0,0.0,0.0,0,0,0,0.0,0.0,100.0,0.0015875999815762043,0.00805860001128167,0.00013559998478740454,0.14032879995647818,0.22183890000451356,0.12976769998203963,0.02101509994827211,0.027872600010596216,0.0007568999426439404
0.2,LP3 ($\theta$ Only),8,78,0.0008867123372964333,,0,6.666666666666667,2.7027027027027026,25.0,3,1,2,6.628986651102908e-05,60.0,40.0,0.0025378999998793006,0.007713399943895638,0.00011420005466789007,0.16183919995091856,0.241039999993518,0.1075188999529928,0.026164400042034686,0.016652800026349723,0.0002454000059515238
0.2,LP3 ($\theta$ Only),9,87,0.0,,0,0.0,0.0,0.0,0,0,0,0.0,0.0,100.0,0.0011482000118121505,0.0052649000426754355,0.00014810007996857166,0.1430301999207586,0.21531290002167225,0.09818899992387742,0.019061399972997606,0.044820800074376166,0.0007983000250533223
0.2,LP3 ($\theta$ Only),10,97,0.0,,0,0.0,0.0,0.0,0,0,0,0.0,0.0,100.0,0.0020014001056551933,0.013533600023947656,0.0001759999431669712,0.2504594998899847,0.2380111999809742,0.116053800098598,0.016234299982897937,0.018441899912431836,0.0009747999720275402
0.2,LP3 ($\theta$ Only),11,108,0.0,,0,0.0,0.0,0.0,0,0,0,0.0,0.0,100.0,0.003184500033967197,0.0059908999828621745,0.00011620006989687681,0.16970189998392016,0.3661502000177279,0.15222320007160306,0.03793079999741167,0.04241290001664311,0.0007288999622687697
0.2,LP3 ($\theta$ Only),12,120,0.0003744788346357577,,0,2.2222222222222223,0.0,11.11111111111111,1,0,1,2.4952621330523443e-05,20.0,80.0,0.0029866000404581428,0.014372400008141994,0.00013399997260421515,0.16971260006539524,0.38775460002943873,0.07171310007106513,0.014436400029808283,0.013319500023499131,0.00024610001128166914
0.2,LP3 ($\theta$ Only),13,133,0.0005745867883220709,,1,4.545454545454546,0.0,28.571428571428573,2,0,2,6.132607166564281e-05,50.0,50.0,0.0012556000147014856,0.002423600060865283,0.0002128999913111329,0.07721170003060251,0.1307657000143081,0.04402829997707158,0.01156669994816184,0.013509699958376586,0.000798500026576221
0.2,LP3 ($\theta$ Only),14,147,0.0,,1,0.0,0.0,0.0,0,0,0,0.0,0.0,100.0,0.002335999975912273,0.0024207000387832522,0.0002180999144911766,0.08193179999943823,0.11356529989279807,0.06152039999142289,0.012380999978631735,0.008348700008355081,0.00023859995417296886
0.2,LP3 ($\theta$ Only),15,162,0.0005179015316511918,,0,2.2222222222222223,0.0,5.2631578947368425,1,0,1,4.708195742283562e-05,30.0,70.0,0.0011209999211132526,0.002222800045274198,5.580007564276457e-05,0.07260249997489154,0.11450710007920861,0.06002599990461022,0.010262500029057264,0.008965600049123168,0.0002598999999463558
0.2,LP3 ($\theta$ Only),16,178,0.0,,0,0.0,0.0,0.0,0,0,0,0.0,0.0,100.0,0.0012182999635115266,0.004256899934262037,8.880009409040213e-05,0.06115339999087155,0.10712469997815788,0.03612489998340607,0.008436799980700016,0.009953000000678003,0.00045009993482381105
0.2,LP3 ($\theta$ Only),17,195,0.0,,0,0.0,0.0,0.0,0,0,0,0.0,0.0,100.0,0.001120300032198429,0.0024395999498665333,5.7300087064504623e-05,0.058599499985575676,0.2658209999790415,0.11845020006876439,0.01947559998370707,0.022442999994382262,0.000462199910543859
0.2,LP3 ($\theta$ Only),18,213,0.0,,0,0.0,0.0,0.0,0,0,0,0.0,0.0,100.0,0.0011369000421836972,0.003019499941729009,8.299993351101875e-05,0.08635820006020367,0.1146756000816822,0.04963070002850145,0.008512299973517656,0.012627999996766448,0.00046090001706033945
0.2,LP3 ($\theta$ Only),19,232,0.000706920583807804,,0,6.666666666666667,3.0303030303030303,16.666666666666668,3,1,2,7.335641670980041e-05,60.0,40.0,0.0013516000472009182,0.003027800004929304,8.590007200837135e-05,0.08097380003891885,0.25782720011193305,0.1155807999894023,0.028973900014534593,0.023296500090509653,0.0008451000321656466
0.2,Linear BTL,0,42,,-34.07092966141523,2,13.953488372093023,0.0,60.0,6,0,6,,,,0.0029341999907046556,0.007469000061973929,0.0015466000186279416,0.0888109999941662,0.11003290000371635,0.054254099959507585,0.012603900046087801,0.010191099951043725,0.0002343999221920967
0.2,Linear BTL,1,43,,-27.250504744354576,0,0.0,0.0,0.0,0,0,0,,,,0.0011385000543668866,0.0024403000716120005,5.619996227324009e-05,0.07363110000733286,0.10776539996732026,0.058442399953491986,0.010619399952702224,0.012927299947477877,0.00044959993101656437
0.2,Linear BTL,2,45,,-30.494438668429325,0,6.666666666666667,2.5641025641025643,33.333333333333336,3,1,2,,,,0.0018531999085098505,0.0053304999601095915,8.769996929913759e-05,0.0984104999806732,0.20125459996052086,0.05805500003043562,0.01560559996869415,0.012402400025166571,0.00045469996985048056
0.2,Linear BTL,3,48,,-33.61985210752237,0,6.666666666666667,0.0,30.0,3,0,3,,,,0.0011162000009790063,0.002418800024315715,5.6699966080486774e-05,0.09275349997915328,0.1452044000616297,0.05742929992265999,0.010989799979142845,0.01382049999665469,0.00028339994605630636
0.2,Linear BTL,4,52,,-18.844040530292215,0,0.0,0.0,0.0,0,0,0,,,,0.0036886000307276845,0.002405300037935376,5.7299970649182796e-05,0.07333029992878437,0.11149289994500577,0.054920499911531806,0.011755799991078675,0.014078599982894957,0.0004520999500527978
0.2,Linear BTL,5,57,,-36.64400170134049,0,6.666666666666667,0.0,25.0,3,0,3,,,,0.0013620000099763274,0.0025280999252572656,5.7299970649182796e-05,0.06338599999435246,0.11577519995626062,0.03787989995907992,0.009777299943380058,0.008536800043657422,0.00024199998006224632
0.2,Linear BTL,6,63,,-41.431723828520504,0,4.444444444444445,0.0,12.5,2,0,2,,,,0.0056833999697119,0.0025894000427797437,5.959998816251755e-05,0.08866390003822744,0.4019041999708861,0.19302369991783053,0.019094299990683794,0.015192499966360629,0.0002497999230399728
0.2,Linear BTL,7,70,,-31.595853572526728,0,4.444444444444445,0.0,16.666666666666668,2,0,2,,,,0.0015875999815762043,0.00805860001128167,0.00013559998478740454,0.14032879995647818,0.22183890000451356,0.12976769998203963,0.02101509994827211,0.027872600010596216,0.0007568999426439404
0.2,Linear BTL,8,78,,-29.955395643864456,0,6.666666666666667,2.7027027027027026,25.0,3,1,2,,,,0.0025378999998793006,0.007713399943895638,0.00011420005466789007,0.16183919995091856,0.241039999993518,0.1075188999529928,0.026164400042034686,0.016652800026349723,0.0002454000059515238
0.2,Linear BTL,9,87,,-17.673945290901088,0,0.0,0.0,0.0,0,0,0,,,,0.0011482000118121505,0.0052649000426754355,0.00014810007996857166,0.1430301999207586,0.21531290002167225,0.09818899992387742,0.019061399972997606,0.044820800074376166,0.0007983000250533223
0.2,Linear BTL,10,97,,-33.716135554938184,0,8.88888888888889,0.0,40.0,4,0,4,,,,0.0020014001056551933,0.013533600023947656,0.0001759999431669712,0.2504594998899847,0.2380111999809742,0.116053800098598,0.016234299982897937,0.018441899912431836,0.0009747999720275402
0.2,Linear BTL,11,108,,-31.2307437110414,0,4.444444444444445,0.0,22.22222222222222,2,0,2,,,,0.003184500033967197,0.0059908999828621745,0.00011620006989687681,0.16970189998392016,0.3661502000177279,0.15222320007160306,0.03793079999741167,0.04241290001664311,0.0007288999622687697
0.2,Linear BTL,12,120,,-31.05351751676119,0,2.2222222222222223,0.0,11.11111111111111,1,0,1,,,,0.0029866000404581428,0.014372400008141994,0.00013399997260421515,0.16971260006539524,0.38775460002943873,0.07171310007106513,0.014436400029808283,0.013319500023499131,0.00024610001128166914
0.2,Linear BTL,13,133,,-28.58244883515771,1,4.545454545454546,0.0,28.571428571428573,2,0,2,,,,0.0012556000147014856,0.002423600060865283,0.0002128999913111329,0.07721170003060251,0.1307657000143081,0.04402829997707158,0.01156669994816184,0.013509699958376586,0.000798500026576221
0.2,Linear BTL,14,147,,-48.199717640546915,1,9.090909090909092,0.0,22.22222222222222,4,0,4,,,,0.002335999975912273,0.0024207000387832522,0.0002180999144911766,0.08193179999943823,0.11356529989279807,0.06152039999142289,0.012380999978631735,0.008348700008355081,0.00023859995417296886
0.2,Linear BTL,15,162,,-46.863960323697704,0,6.666666666666667,0.0,15.789473684210526,3,0,3,,,,0.0011209999211132526,0.002222800045274198,5.580007564276457e-05,0.07260249997489154,0.11450710007920861,0.06002599990461022,0.010262500029057264,0.008965600049123168,0.0002598999999463558
0.2,Linear BTL,16,178,,-30.876092760943145,0,4.444444444444445,0.0,22.22222222222222,2,0,2,,,,0.0012182999635115266,0.004256899934262037,8.880009409040213e-05,0.06115339999087155,0.10712469997815788,0.03612489998340607,0.008436799980700016,0.009953000000678003,0.00045009993482381105
0.2,Linear BTL,17,195,,-33.79836653308924,0,2.2222222222222223,0.0,16.666666666666668,1,0,1,,,,0.001120300032198429,0.0024395999498665333,5.7300087064504623e-05,0.058599499985575676,0.2658209999790415,0.11845020006876439,0.01947559998370707,0.022442999994382262,0.000462199910543859
0.2,Linear BTL,18,213,,-32.21277574943033,0,2.2222222222222223,0.0,8.333333333333334,1,0,1,,,,0.0011369000421836972,0.003019499941729009,8.299993351101875e-05,0.08635820006020367,0.1146756000816822,0.04963070002850145,0.008512299973517656,0.012627999996766448,0.00046090001706033945
0.2,Linear BTL,19,232,,-38.00495055003241,0,8.88888888888889,0.0,33.333333333333336,4,0,4,,,,0.0013516000472009182,0.003027800004929304,8.590007200837135e-05,0.08097380003891885,0.25782720011193305,0.1155807999894023,0.028973900014534593,0.023296500090509653,0.0008451000321656466
0.3,LP2 ($\theta$ Only),0,42,4.3685915635962666e-05,,2,4.651162790697675,0.0,11.764705882352942,2,0,2,4.3685915635962666e-05,20.0,80.0,0.004291399964131415,0.008386599947698414,0.0003279999364167452,0.1665134000359103,0.2229588000336662,0.09926060005091131,0.020659900037571788,0.01422200002707541,0.0003352999920025468
0.3,LP2 ($\theta$ Only),1,43,0.0,,0,0.0,0.0,0.0,0,0,0,0.0,0.0,100.0,0.0011506000300869346,0.0035611999919638038,6.220000796020031e-05,0.15604279993567616,0.39985589997377247,0.20047159993555397,0.04666180000640452,0.019964299979619682,0.0006447000196203589
0.3,LP2 ($\theta$ Only),2,45,3.393235277467026e-05,,0,6.666666666666667,5.882352941176471,9.090909090909092,3,2,1,3.393235277467026e-05,10.0,90.0,0.0037868000799790025,0.0090970000019297,0.0013200000394135714,0.2028763999696821,0.22648050007410347,0.13201100006699562,0.014224600046873093,0.027760600089095533,0.00045950000640004873
0.3,LP2 ($\theta$ Only),3,48,4.737921765308818e-05,,0,6.666666666666667,5.882352941176471,9.090909090909092,3,2,1,4.737921765308818e-05,30.0,70.0,0.0011366000398993492,0.00821839994750917,0.00014000001829117537,0.4283134000143036,0.21105029992759228,0.1032007000176236,0.013979500043205917,0.03663230000529438,0.000700299977324903
0.3,LP2 ($\theta$ Only),4,52,0.0,,0,0.0,0.0,0.0,0,0,0,0.0,0.0,100.0,0.0018078999128192663,0.006431999965570867,9.970006067305803e-05,0.11130210000555962,0.18809569999575615,0.06898819992784411,0.015249599935486913,0.026820900035090744,0.0010940999491140246
0.3,LP2 ($\theta$ Only),5,57,9.353343813701007e-05,,0,15.555555555555555,13.333333333333334,20.0,7,4,3,9.353343813701007e-05,40.0,60.0,0.005778099992312491,0.009816599893383682,9.310001041740179e-05,0.10970449994783849,0.26202180003747344,0.2942415000870824,0.029392800061032176,0.016012500040233135,0.0006551999831572175
0.3,LP2 ($\theta$ Only),6,63,0.0,,1,0.0,0.0,0.0,0,0,0,0.0,0.0,100.0,0.00202700006775558,0.006766799953766167,0.00044759991578757763,0.07887940004002303,0.1533390999538824,0.05620520003139973,0.00915930001065135,0.008402599953114986,0.00023889995645731688
0.3,LP2 ($\theta$ Only),7,70,0.0,,0,0.0,0.0,0.0,0,0,0,0.0,0.0,100.0,0.0011184000177308917,0.002328300033695996,5.710008554160595e-05,0.0760030000237748,0.09099580009933561,0.08319699997082353,0.013096799957565963,0.008066499955020845,0.00046360003761947155
0.3,LP2 ($\theta$ Only),8,78,7.460018622944999e-05,,0,11.11111111111111,9.090909090909092,16.666666666666668,5,3,2,7.460018622944999e-05,40.0,60.0,0.0011381999356672168,0.004040300031192601,9.890005458146334e-05,0.07833940000273287,0.1295039999531582,0.051502899965271354,0.011221299995668232,0.013658899930305779,0.00024850002955645323
0.3,LP2 ($\theta$ Only),9,87,0.0,,0,0.0,0.0,0.0,0,0,0,0.0,0.0,100.0,0.004417799995280802,0.005638099974021316,6.81999372318387e-05,0.06219520000740886,0.12114289996679872,0.05391560005955398,0.008344900095835328,0.013105600024573505,0.0002598999999463558
0.3,LP2 ($\theta$ Only),10,97,6.661702263445781e-05,,0,13.333333333333334,7.6923076923076925,21.05263157894737,6,2,4,6.661702263445781e-05,10.0,90.0,0.0011584000894799829,0.0024808000307530165,6.680004298686981e-05,0.07861379999667406,0.1503357000183314,0.04974020004738122,0.008543400093913078,0.010180000099353492,0.0006512999534606934
0.3,LP2 ($\theta$ Only),11,108,0.0,,0,0.0,0.0,0.0,0,0,0,0.0,0.0,100.0,0.0021052000811323524,0.0027814999921247363,6.360001862049103e-05,0.08867580001242459,0.1254884999943897,0.055497299996204674,0.012792700086720288,0.009631199995055795,0.00044790003448724747
0.3,LP2 ($\theta$ Only),12,120,7.061416180706635e-05,,0,8.88888888888889,12.121212121212121,0.0,4,4,0,7.061416180706635e-05,40.0,60.0,0.0011356999166309834,0.0031652000034227967,8.340005297213793e-05,0.0729439000133425,0.12971659994218498,0.066298000048846,0.013649599975906312,0.008976400014944375,0.00024859991390258074
0.3,LP2 ($\theta$ Only),13,133,5.158244543522477e-05,,0,4.444444444444445,0.0,18.181818181818183,2,0,2,5.158244543522477e-05,20.0,80.0,0.0011215000413358212,0.005282800062559545,0.00014410004951059818,0.2080015999963507,0.22483080008532852,0.059386300039477646,0.012779899989254773,0.012241000076755881,0.0006536999717354774
0.3,LP2 ($\theta$ Only),14,147,2.4591774640356603e-05,,4,4.878048780487805,5.2631578947368425,4.545454545454546,2,1,1,2.4591774640356603e-05,10.0,90.0,0.002365400083363056,0.006583699956536293,0.0005216000135987997,0.10724789998494089,0.16524660005234182,0.061546699958853424,0.01575809996575117,0.010442500002682209,0.0004724999889731407
0.3,LP2 ($\theta$ Only),15,162,0.0,,2,0.0,0.0,0.0,0,0,0,0.0,0.0,100.0,0.0020676000276580453,0.005674900021404028,0.000408999971114099,0.14355499995872378,0.18687850004062057,0.08675849996507168,0.01527079998049885,0.014671600074507296,0.0004396000877022743
0.3,LP2 ($\theta$ Only),16,178,0.00011756492847810885,,1,22.727272727272727,20.689655172413794,26.666666666666668,10,6,4,0.00011756492847810885,40.0,60.0,0.001326099969446659,0.0029427000554278493,0.00024510000366717577,0.11193040001671761,0.1752003999426961,0.05988670000806451,0.017040799953974783,0.019286299939267337,0.00031949998810887337
0.3,LP2 ($\theta$ Only),17,195,0.0,,0,0.0,0.0,0.0,0,0,0,0.0,0.0,100.0,0.00188739993609488,0.0037702000699937344,8.540006820112467e-05,0.1255415000487119,0.19933570001740009,0.06667029997333884,0.011525499983690679,0.009477199986577034,0.000484699965454638
0.3,LP2 ($\theta$ Only),18,213,0.0,,0,0.0,0.0,0.0,0,0,0,0.0,0.0,100.0,0.0021241999929770827,0.004411499947309494,6.320001557469368e-05,0.09407909994479269,0.1527894000755623,0.13426680001430213,0.015711899963207543,0.018705999944359064,0.0006679999642074108
0.3,LP2 ($\theta$ Only),19,232,3.9587717963629845e-05,,1,6.818181818181818,3.7037037037037037,11.764705882352942,3,1,2,3.9587717963629845e-05,20.0,80.0,0.0023862000089138746,0.0037863999605178833,0.0003451000666245818,0.10968940006569028,0.13580699998419732,0.06203030003234744,0.010979500017128885,0.015248899930156767,0.0006784999277442694
0.3,LP3 ($\theta$ Only),0,42,0.00046294333500593364,,2,2.3255813953488373,0.0,5.882352941176471,1,0,1,5.117666681872125e-05,30.0,70.0,0.004291399964131415,0.008386599947698414,0.0003279999364167452,0.1665134000359103,0.2229588000336662,0.09926060005091131,0.020659900037571788,0.01422200002707541,0.0003352999920025468
0.3,LP3 ($\theta$ Only),1,43,0.0,,0,0.0,0.0,0.0,0,0,0,0.0,0.0,100.0,0.0011506000300869346,0.0035611999919638038,6.220000796020031e-05,0.15604279993567616,0.39985589997377247,0.20047159993555397,0.04666180000640452,0.019964299979619682,0.0006447000196203589
0.3,LP3 ($\theta$ Only),2,45,0.0006879618456552735,,0,4.444444444444445,2.9411764705882355,9.090909090909092,2,1,1,3.832134985984753e-05,20.0,80.0,0.0037868000799790025,0.0090970000019297,0.0013200000394135714,0.2028763999696821,0.22648050007410347,0.13201100006699562,0.014224600046873093,0.027760600089095533,0.00045950000640004873
0.3,LP3 ($\theta$ Only),3,48,0.0006396442591333668,,0,4.444444444444445,2.9411764705882355,9.090909090909092,2,1,1,5.042441670576175e-05,40.0,60.0,0.0011366000398993492,0.00821839994750917,0.00014000001829117537,0.4283134000143036,0.21105029992759228,0.1032007000176236,0.013979500043205917,0.03663230000529438,0.000700299977324903
0.3,LP3 ($\theta$ Only),4,52,0.0,,0,0.0,0.0,0.0,0,0,0,0.0,0.0,100.0,0.0018078999128192663,0.006431999965570867,9.970006067305803e-05,0.11130210000555962,0.18809569999575615,0.06898819992784411,0.015249599935486913,0.026820900035090744,0.0010940999491140246
0.3,LP3 ($\theta$ Only),5,57,0.001447801474276017,,0,13.333333333333334,3.3333333333333335,33.333333333333336,6,1,5,0.00011943942544337077,80.0,20.0,0.005778099992312491,0.009816599893383682,9.310001041740179e-05,0.10970449994783849,0.26202180003747344,0.2942415000870824,0.029392800061032176,0.016012500040233135,0.0006551999831572175
0.3,LP3 ($\theta$ Only),6,63,0.0,,1,0.0,0.0,0.0,0,0,0,0.0,0.0,100.0,0.00202700006775558,0.006766799953766167,0.00044759991578757763,0.07887940004002303,0.1533390999538824,0.05620520003139973,0.00915930001065135,0.008402599953114986,0.00023889995645731688
0.3,LP3 ($\theta$ Only),7,70,0.0,,0,0.0,0.0,0.0,0,0,0,0.0,0.0,100.0,0.0011184000177308917,0.002328300033695996,5.710008554160595e-05,0.0760030000237748,0.09099580009933561,0.08319699997082353,0.013096799957565963,0.008066499955020845,0.00046360003761947155
0.3,LP3 ($\theta$ Only),8,78,0.0013059624872522994,,0,13.333333333333334,9.090909090909092,25.0,6,3,3,0.00012115921087951986,90.0,10.0,0.0011381999356672168,0.004040300031192601,9.890005458146334e-05,0.07833940000273287,0.1295039999531582,0.051502899965271354,0.011221299995668232,0.013658899930305779,0.00024850002955645323
0.3,LP3 ($\theta$ Only),9,87,0.0,,0,0.0,0.0,0.0,0,0,0,0.0,0.0,100.0,0.004417799995280802,0.005638099974021316,6.81999372318387e-05,0.06219520000740886,0.12114289996679872,0.05391560005955398,0.008344900095835328,0.013105600024573505,0.0002598999999463558
0.3,LP3 ($\theta$ Only),10,97,0.000941243865495317,,0,6.666666666666667,0.0,15.789473684210526,3,0,3,8.300919747421224e-05,70.0,30.0,0.0011584000894799829,0.0024808000307530165,6.680004298686981e-05,0.07861379999667406,0.1503357000183314,0.04974020004738122,0.008543400093913078,0.010180000099353492,0.0006512999534606934
0.3,LP3 ($\theta$ Only),11,108,0.0,,0,0.0,0.0,0.0,0,0,0,0.0,0.0,100.0,0.0021052000811323524,0.0027814999921247363,6.360001862049103e-05,0.08867580001242459,0.1254884999943897,0.055497299996204674,0.012792700086720288,0.009631199995055795,0.00044790003448724747
0.3,LP3 ($\theta$ Only),12,120,0.001046539095521038,,0,6.666666666666667,6.0606060606060606,8.333333333333334,3,2,1,7.925155686530298e-05,90.0,10.0,0.0011356999166309834,0.0031652000034227967,8.340005297213793e-05,0.0729439000133425,0.12971659994218498,0.066298000048846,0.013649599975906312,0.008976400014944375,0.00024859991390258074
0.3,LP3 ($\theta$ Only),13,133,0.0008284402226775691,,0,8.88888888888889,0.0,36.36363636363637,4,0,4,7.880608303435395e-05,90.0,10.0,0.0011215000413358212,0.005282800062559545,0.00014410004951059818,0.2080015999963507,0.22483080008532852,0.059386300039477646,0.012779899989254773,0.012241000076755881,0.0006536999717354774
0.3,LP3 ($\theta$ Only),14,147,0.00031963706792477204,,4,2.4390243902439024,0.0,4.545454545454546,1,0,1,2.9057915265888365e-05,20.0,80.0,0.002365400083363056,0.006583699956536293,0.0005216000135987997,0.10724789998494089,0.16524660005234182,0.061546699958853424,0.01575809996575117,0.010442500002682209,0.0004724999889731407
0.3,LP3 ($\theta$ Only),15,162,0.0,,2,0.0,0.0,0.0,0,0,0,0.0,0.0,100.0,0.0020676000276580453,0.005674900021404028,0.000408999971114099,0.14355499995872378,0.18687850004062057,0.08675849996507168,0.01527079998049885,0.014671600074507296,0.0004396000877022743
0.3,LP3 ($\theta$ Only),16,178,0.001754793242596463,,1,11.363636363636363,3.4482758620689653,26.666666666666668,5,1,4,0.00014328469620850922,80.0,20.0,0.001326099969446659,0.0029427000554278493,0.00024510000366717577,0.11193040001671761,0.1752003999426961,0.05988670000806451,0.017040799953974783,0.019286299939267337,0.00031949998810887337
0.3,LP3 ($\theta$ Only),17,195,0.0,,0,0.0,0.0,0.0,0,0,0,0.0,0.0,100.0,0.00188739993609488,0.0037702000699937344,8.540006820112467e-05,0.1255415000487119,0.19933570001740009,0.06667029997333884,0.011525499983690679,0.009477199986577034,0.000484699965454638
0.3,LP3 ($\theta$ Only),18,213,0.0,,0,0.0,0.0,0.0,0,0,0,0.0,0.0,100.0,0.0021241999929770827,0.004411499947309494,6.320001557469368e-05,0.09407909994479269,0.1527894000755623,0.13426680001430213,0.015711899963207543,0.018705999944359064,0.0006679999642074108
0.3,LP3 ($\theta$ Only),19,232,0.0005046428045662046,,1,4.545454545454546,0.0,11.764705882352942,2,0,2,4.5280288697343457e-05,40.0,60.0,0.0023862000089138746,0.0037863999605178833,0.0003451000666245818,0.10968940006569028,0.13580699998419732,0.06203030003234744,0.010979500017128885,0.015248899930156767,0.0006784999277442694
0.3,Linear BTL,0,42,,-52.25632733128693,2,9.30232558139535,0.0,23.529411764705884,4,0,4,,,,0.004291399964131415,0.008386599947698414,0.0003279999364167452,0.1665134000359103,0.2229588000336662,0.09926060005091131,0.020659900037571788,0.01422200002707541,0.0003352999920025468
0.3,Linear BTL,1,43,,-47.67232399462862,0,4.444444444444445,0.0,12.5,2,0,2,,,,0.0011506000300869346,0.0035611999919638038,6.220000796020031e-05,0.15604279993567616,0.39985589997377247,0.20047159993555397,0.04666180000640452,0.019964299979619682,0.0006447000196203589
0.3,Linear BTL,2,45,,-31.93708317522667,0,11.11111111111111,0.0,45.45454545454545,5,0,5,,,,0.0037868000799790025,0.0090970000019297,0.0013200000394135714,0.2028763999696821,0.22648050007410347,0.13201100006699562,0.014224600046873093,0.027760600089095533,0.00045950000640004873
0.3,Linear BTL,3,48,,-40.40865043414296,0,8.88888888888889,2.9411764705882355,27.272727272727273,4,1,3,,,,0.0011366000398993492,0.00821839994750917,0.00014000001829117537,0.4283134000143036,0.21105029992759228,0.1032007000176236,0.013979500043205917,0.03663230000529438,0.000700299977324903
0.3,Linear BTL,4,52,,-39.353331493558294,0,2.2222222222222223,0.0,6.666666666666667,1,0,1,,,,0.0018078999128192663,0.006431999965570867,9.970006067305803e-05,0.11130210000555962,0.18809569999575615,0.06898819992784411,0.015249599935486913,0.026820900035090744,0.0010940999491140246
0.3,Linear BTL,5,57,,-47.12290216690314,0,15.555555555555555,3.3333333333333335,40.0,7,1,6,,,,0.005778099992312491,0.009816599893383682,9.310001041740179e-05,0.10970449994783849,0.26202180003747344,0.2942415000870824,0.029392800061032176,0.016012500040233135,0.0006551999831572175
0.3,Linear BTL,6,63,,-57.13148656241826,1,6.818181818181818,0.0,14.285714285714286,3,0,3,,,,0.00202700006775558,0.006766799953766167,0.00044759991578757763,0.07887940004002303,0.1533390999538824,0.05620520003139973,0.00915930001065135,0.008402599953114986,0.00023889995645731688
0.3,Linear BTL,7,70,,-42.76295349951444,0,6.666666666666667,0.0,18.75,3,0,3,,,,0.0011184000177308917,0.002328300033695996,5.710008554160595e-05,0.0760030000237748,0.09099580009933561,0.08319699997082353,0.013096799957565963,0.008066499955020845,0.00046360003761947155
0.3,Linear BTL,8,78,,-51.683022213178084,0,11.11111111111111,9.090909090909092,16.666666666666668,5,3,2,,,,0.0011381999356672168,0.004040300031192601,9.890005458146334e-05,0.07833940000273287,0.1295039999531582,0.051502899965271354,0.011221299995668232,0.013658899930305779,0.00024850002955645323
0.3,Linear BTL,9,87,,-35.67874751462894,0,8.88888888888889,0.0,30.76923076923077,4,0,4,,,,0.004417799995280802,0.005638099974021316,6.81999372318387e-05,0.06219520000740886,0.12114289996679872,0.05391560005955398,0.008344900095835328,0.013105600024573505,0.0002598999999463558
0.3,Linear BTL,10,97,,-53.360237463194466,0,8.88888888888889,3.8461538461538463,15.789473684210526,4,1,3,,,,0.0011584000894799829,0.0024808000307530165,6.680004298686981e-05,0.07861379999667406,0.1503357000183314,0.04974020004738122,0.008543400093913078,0.010180000099353492,0.0006512999534606934
0.3,Linear BTL,11,108,,-43.77362056266489,0,0.0,0.0,0.0,0,0,0,,,,0.0021052000811323524,0.0027814999921247363,6.360001862049103e-05,0.08867580001242459,0.1254884999943897,0.055497299996204674,0.012792700086720288,0.009631199995055795,0.00044790003448724747
0.3,Linear BTL,12,120,,-47.93580539315251,0,6.666666666666667,6.0606060606060606,8.333333333333334,3,2,1,,,,0.0011356999166309834,0.0031652000034227967,8.340005297213793e-05,0.0729439000133425,0.12971659994218498,0.066298000048846,0.013649599975906312,0.008976400014944375,0.00024859991390258074
0.3,Linear BTL,13,133,,-34.25343020720794,0,6.666666666666667,0.0,27.272727272727273,3,0,3,,,,0.0011215000413358212,0.005282800062559545,0.00014410004951059818,0.2080015999963507,0.22483080008532852,0.059386300039477646,0.012779899989254773,0.012241000076755881,0.0006536999717354774
0.3,Linear BTL,14,147,,-68.498049336527,4,2.4390243902439024,0.0,4.545454545454546,1,0,1,,,,0.002365400083363056,0.006583699956536293,0.0005216000135987997,0.10724789998494089,0.16524660005234182,0.061546699958853424,0.01575809996575117,0.010442500002682209,0.0004724999889731407
0.3,Linear BTL,15,162,,-58.402487709233,2,6.976744186046512,0.0,13.636363636363637,3,0,3,,,,0.0020676000276580453,0.005674900021404028,0.000408999971114099,0.14355499995872378,0.18687850004062057,0.08675849996507168,0.01527079998049885,0.014671600074507296,0.0004396000877022743
0.3,Linear BTL,16,178,,-57.40265420127561,1,11.363636363636363,3.4482758620689653,26.666666666666668,5,1,4,,,,0.001326099969446659,0.0029427000554278493,0.00024510000366717577,0.11193040001671761,0.1752003999426961,0.05988670000806451,0.017040799953974783,0.019286299939267337,0.00031949998810887337
0.3,Linear BTL,17,195,,-34.309826855667495,0,2.2222222222222223,0.0,10.0,1,0,1,,,,0.00188739993609488,0.0037702000699937344,8.540006820112467e-05,0.1255415000487119,0.19933570001740009,0.06667029997333884,0.011525499983690679,0.009477199986577034,0.000484699965454638
0.3,Linear BTL,18,213,,-47.6223937170219,0,4.444444444444445,3.4482758620689653,6.25,2,1,1,,,,0.0021241999929770827,0.004411499947309494,6.320001557469368e-05,0.09407909994479269,0.1527894000755623,0.13426680001430213,0.015711899963207543,0.018705999944359064,0.0006679999642074108
0.3,Linear BTL,19,232,,-49.371649345034925,1,9.090909090909092,0.0,23.529411764705884,4,0,4,,,,0.0023862000089138746,0.0037863999605178833,0.0003451000666245818,0.10968940006569028,0.13580699998419732,0.06203030003234744,0.010979500017128885,0.015248899930156767,0.0006784999277442694
0.4,LP2 ($\theta$ Only),0,42,7.294512747657818e-05,,1,9.090909090909092,8.0,10.526315789473685,4,2,2,7.294512747657818e-05,30.0,70.0,0.002429499989375472,0.002742100041359663,0.0002277999883517623,0.09673799993470311,0.15851640002802014,0.0664787000278011,0.00992089998908341,0.009490399970673025,0.0002610000083222985
0.4,LP2 ($\theta$ Only),1,43,0.0,,0,0.0,0.0,0.0,0,0,0,0.0,0.0,100.0,0.006628899951465428,0.007138899993151426,0.00012520002201199532,0.07840220001526177,0.14691060001496226,0.061507900012657046,0.013397599919699132,0.016353299957700074,0.00045849999878555536
0.4,LP2 ($\theta$ Only),2,45,0.0,,0,0.0,0.0,0.0,0,0,0,0.0,0.0,100.0,0.0011247999500483274,0.002436299924738705,5.9299985878169537e-05,0.07763640000484884,0.11349750007502735,0.06169509992469102,0.010505200014449656,0.020338600035756826,0.0004629999166354537
0.4,LP2 ($\theta$ Only),3,48,0.0,,0,0.0,0.0,0.0,0,0,0,0.0,0.0,100.0,0.0013822999317198992,0.002428000094369054,5.889998283237219e-05,0.08626170002389699,0.16916879999917,0.0512313999934122,0.0088363999966532,0.0098365000449121,0.0004485000390559435
0.4,LP2 ($\theta$ Only),4,52,2.551173413296632e-05,,0,4.444444444444445,3.7037037037037037,5.555555555555555,2,1,1,2.551173413296632e-05,10.0,90.0,0.0011392999440431595,0.003501300001516938,0.0001311999512836337,0.11937809991650283,0.1372016000095755,0.08268530003260821,0.0165551999816671,0.01226620003581047,0.0006084999768063426
0.4,LP2 ($\theta$ Only),5,57,4.323787705013383e-05,,2,11.627906976744185,8.333333333333334,15.789473684210526,5,2,3,4.323787705013383e-05,20.0,80.0,0.0029915999621152878,0.00754869997035712,0.00045430008322000504,0.09978409996256232,0.17220489995088428,0.03626409999560565,0.008207900100387633,0.008304900024086237,0.0002346000401303172
0.4,LP2 ($\theta$ Only),6,63,6.52814388633401e-05,,2,13.953488372093023,0.0,24.0,6,0,6,6.52814388633401e-05,20.0,80.0,0.001155200065113604,0.0026313000125810504,0.00020079989917576313,0.07395809993613511,0.15944519999902695,0.07991800003219396,0.012690300005488098,0.008156899944879115,0.000242199981585145
0.4,LP2 ($\theta$ Only),7,70,0.0,,2,0.0,0.0,0.0,0,0,0,0.0,0.0,100.0,0.0011196999112144113,0.005680800066329539,0.0004638000391423702,0.07925670000258833,0.14222789998166263,0.06424149998929352,0.010093699907884002,0.008026299998164177,0.0003127999370917678
0.4,LP2 ($\theta$ Only),8,78,8.837385301160714e-05,,2,18.6046511627907,10.344827586206897,35.714285714285715,8,3,5,8.837385301160713e-05,30.0,70.0,0.0011116999667137861,0.002479200018569827,0.00022179994266480207,0.08751720003783703,0.1304785000393167,0.061795499990694225,0.01591140008531511,0.015778600005432963,0.00038979994133114815
0.4,LP2 ($\theta$ Only),9,87,0.0,,0,0.0,0.0,0.0,0,0,0,0.0,0.0,100.0,0.005330399959348142,0.002624899963848293,6.230000872164965e-05,0.09364099998492748,0.14600970002356917,0.0962962000630796,0.018409700016491115,0.01852429995778948,0.0005077000241726637
0.4,LP2 ($\theta$ Only),10,97,2.9743879336017026e-05,,0,4.444444444444445,0.0,9.090909090909092,2,0,2,2.9743879336017026e-05,10.0,90.0,0.0023530999897047877,0.005453199963085353,0.00010939990170300007,0.0944383000023663,0.15200370003003627,0.05268459999933839,0.014828099985606968,0.019213899970054626,0.00046310003381222486
0.4,LP2 ($\theta$ Only),11,108,0.0,,0,0.0,0.0,0.0,0,0,0,0.0,0.0,100.0,0.0015028000343590975,0.005821999977342784,9.459990542382002e-05,0.0962606999091804,0.35901129990816116,0.1777132999850437,0.01960940007120371,0.014867100049741566,0.0006340000545606017
0.4,LP2 ($\theta$ Only),12,120,0.00013249656600999372,,0,20.0,13.793103448275861,31.25,9,4,5,0.00013249656600999372,40.0,60.0,0.0019549999851733446,0.0051948000909760594,0.00012370001059025526,0.12000809994060546,0.22545940009877086,0.09982350002974272,0.01745609997306019,0.02107010001782328,0.0006915000267326832
0.4,LP2 ($\theta$ Only),13,133,4.560171356669112e-05,,2,4.651162790697675,0.0,11.11111111111111,2,0,2,4.560171356669112e-05,20.0,80.0,0.0015508999349549413,0.00605530000757426,0.0002402999671176076,0.12187279993668199,0.24196469993330538,0.08691800001543015,0.014867899939417839,0.02389079995919019,0.0005304000806063414
0.4,LP2 ($\theta$ Only),14,147,6.245614038891597e-05,,4,9.75609756097561,9.090909090909092,10.0,4,1,3,6.245614038891597e-05,30.0,70.0,0.005591899971477687,0.00255430000834167,0.0002804000396281481,0.10896439990028739,0.1724947999464348,0.0822088000131771,0.012305499985814095,0.011822800035588443,0.0008526999736204743
0.4,LP2 ($\theta$ Only),15,162,7.159103291452398e-05,,3,14.285714285714286,16.666666666666668,12.5,6,3,3,7.159103291452398e-05,40.0,60.0,0.002989300061017275,0.005377799971029162,0.0004643000429496169,0.1032744999974966,0.40089399996213615,0.057623200002126396,0.01728150004055351,0.018802199978381395,0.00023870007134974003
0.4,LP2 ($\theta$ Only),16,178,6.824143615137726e-05,,1,11.363636363636363,0.0,26.31578947368421,5,0,5,6.824143615137726e-05,30.0,70.0,0.0011531999334692955,0.002980499994009733,0.00022980000358074903,0.1280944999307394,0.2347949999384582,0.07344129995908588,0.015416999929584563,0.018750500050373375,0.0006919000297784805
0.4,LP2 ($\theta$ Only),17,195,4.465451148586538e-05,,0,4.444444444444445,0.0,14.285714285714286,2,0,2,4.465451148586538e-05,20.0,80.0,0.002519100089557469,0.0032725000055506825,8.899997919797897e-05,0.12729609990492463,0.16792060004081577,0.04061549995094538,0.015845099929720163,0.01340699999127537,0.0002479999093338847
0.4,LP2 ($\theta$ Only),18,213,4.201594254411163e-05,,0,4.444444444444445,0.0,8.695652173913043,2,0,2,4.201594254411163e-05,20.0,80.0,0.0026936000213027,0.006271099904552102,9.079999290406704e-05,0.12288030004128814,0.15087460004724562,0.06397719995584339,0.016616799985058606,0.015270800096914172,0.0002493000356480479
0.4,LP2 ($\theta$ Only),19,232,3.169495462575813e-05,,4,7.317073170731708,0.0,15.789473684210526,3,0,3,3.169495462575813e-05,10.0,90.0,0.001462399959564209,0.00497349991928786,0.00037129991687834263,0.09653219999745488,0.1591783999465406,0.05746560008265078,0.013521000044420362,0.017220300040207803,0.00043489993549883366
0.4,LP3 ($\theta$ Only),0,42,0.0012052067215329286,,1,11.363636363636363,8.0,15.789473684210526,5,2,3,8.273473900266964e-05,70.0,30.0,0.002429499989375472,0.002742100041359663,0.0002277999883517623,0.09673799993470311,0.15851640002802014,0.0664787000278011,0.00992089998908341,0.009490399970673025,0.0002610000083222985
0.4,LP3 ($\theta$ Only),1,43,0.0,,0,0.0,0.0,0.0,0,0,0,0.0,0.0,100.0,0.006628899951465428,0.007138899993151426,0.00012520002201199532,0.07840220001526177,0.14691060001496226,0.061507900012657046,0.013397599919699132,0.016353299957700074,0.00045849999878555536
0.4,LP3 ($\theta$ Only),2,45,0.0,,0,0.0,0.0,0.0,0,0,0,0.0,0.0,100.0,0.0011247999500483274,0.002436299924738705,5.9299985878169537e-05,0.07763640000484884,0.11349750007502735,0.06169509992469102,0.010505200014449656,0.020338600035756826,0.0004629999166354537
0.4,LP3 ($\theta$ Only),3,48,0.0,,0,0.0,0.0,0.0,0,0,0,0.0,0.0,100.0,0.0013822999317198992,0.002428000094369054,5.889998283237219e-05,0.08626170002389699,0.16916879999917,0.0512313999934122,0.0088363999966532,0.0098365000449121,0.0004485000390559435
0.4,LP3 ($\theta$ Only),4,52,0.00036156104520976257,,0,2.2222222222222223,0.0,5.555555555555555,1,0,1,3.286918592816024e-05,30.0,70.0,0.0011392999440431595,0.003501300001516938,0.0001311999512836337,0.11937809991650283,0.1372016000095755,0.08268530003260821,0.0165551999816671,0.01226620003581047,0.0006084999768063426
0.4,LP3 ($\theta$ Only),5,57,0.0009925727182069995,,2,9.30232558139535,4.166666666666667,15.789473684210526,4,1,3,5.439803666559788e-05,50.0,50.0,0.0029915999621152878,0.00754869997035712,0.00045430008322000504,0.09978409996256232,0.17220489995088428,0.03626409999560565,0.008207900100387633,0.008304900024086237,0.0002346000401303172
0.4,LP3 ($\theta$ Only),6,63,0.0010620516294466659,,2,9.30232558139535,0.0,16.0,4,0,4,8.296357393531404e-05,80.0,20.0,0.001155200065113604,0.0026313000125810504,0.00020079989917576313,0.07395809993613511,0.15944519999902695,0.07991800003219396,0.012690300005488098,0.008156899944879115,0.000242199981585145
0.4,LP3 ($\theta$ Only),7,70,0.0,,2,0.0,0.0,0.0,0,0,0,0.0,0.0,100.0,0.0011196999112144113,0.005680800066329539,0.0004638000391423702,0.07925670000258833,0.14222789998166263,0.06424149998929352,0.010093699907884002,0.008026299998164177,0.0003127999370917678
0.4,LP3 ($\theta$ Only),8,78,0.001691289666999936,,2,23.25581395348837,13.793103448275861,42.857142857142854,10,4,6,0.0001382511588548098,80.0,20.0,0.0011116999667137861,0.002479200018569827,0.00022179994266480207,0.08751720003783703,0.1304785000393167,0.061795499990694225,0.01591140008531511,0.015778600005432963,0.00038979994133114815
0.4,LP3 ($\theta$ Only),9,87,0.0,,0,0.0,0.0,0.0,0,0,0,0.0,0.0,100.0,0.005330399959348142,0.002624899963848293,6.230000872164965e-05,0.09364099998492748,0.14600970002356917,0.0962962000630796,0.018409700016491115,0.01852429995778948,0.0005077000241726637
0.4,LP3 ($\theta$ Only),10,97,0.0004911002152349164,,0,4.444444444444445,0.0,9.090909090909092,2,0,2,3.7671438820710325e-05,20.0,80.0,0.0023530999897047877,0.005453199963085353,0.00010939990170300007,0.0944383000023663,0.15200370003003627,0.05268459999933839,0.014828099985606968,0.019213899970054626,0.00046310003381222486
0.4,LP3 ($\theta$ Only),11,108,0.0,,0,0.0,0.0,0.0,0,0,0,0.0,0.0,100.0,0.0015028000343590975,0.005821999977342784,9.459990542382002e-05,0.0962606999091804,0.35901129990816116,0.1777132999850437,0.01960940007120371,0.014867100049741566,0.0006340000545606017
0.4,LP3 ($\theta$ Only),12,120,0.002303254162029067,,0,22.22222222222222,10.344827586206897,43.75,10,3,7,0.0001720228417546274,80.0,20.0,0.0019549999851733446,0.0051948000909760594,0.00012370001059025526,0.12000809994060546,0.22545940009877086,0.09982350002974272,0.01745609997306019,0.02107010001782328,0.0006915000267326832
0.4,LP3 ($\theta$ Only),13,133,0.0005145389782535124,,2,4.651162790697675,0.0,11.11111111111111,2,0,2,4.6776270750319314e-05,30.0,70.0,0.0015508999349549413,0.00605530000757426,0.0002402999671176076,0.12187279993668199,0.24196469993330538,0.08691800001543015,0.014867899939417839,0.02389079995919019,0.0005304000806063414
0.4,LP3 ($\theta$ Only),14,147,0.0009325660833179538,,4,7.317073170731708,9.090909090909092,6.666666666666667,3,1,2,7.066242220362934e-05,50.0,50.0,0.005591899971477687,0.00255430000834167,0.0002804000396281481,0.10896439990028739,0.1724947999464348,0.0822088000131771,0.012305499985814095,0.011822800035588443,0.0008526999736204743
0.4,LP3 ($\theta$ Only),15,162,0.0011491573495190993,,3,14.285714285714286,5.555555555555555,20.833333333333332,6,1,5,0.00010374219630432621,60.0,40.0,0.002989300061017275,0.005377799971029162,0.0004643000429496169,0.1032744999974966,0.40089399996213615,0.057623200002126396,0.01728150004055351,0.018802199978381395,0.00023870007134974003
0.4,LP3 ($\theta$ Only),16,178,0.000953693641162932,,1,4.545454545454546,0.0,10.526315789473685,2,0,2,8.669942192390291e-05,50.0,50.0,0.0011531999334692955,0.002980499994009733,0.00022980000358074903,0.1280944999307394,0.2347949999384582,0.07344129995908588,0.015416999929584563,0.018750500050373375,0.0006919000297784805
0.4,LP3 ($\theta$ Only),17,195,0.0005037974070673426,,0,4.444444444444445,0.0,14.285714285714286,2,0,2,4.579976427884933e-05,20.0,80.0,0.002519100089557469,0.0032725000055506825,8.899997919797897e-05,0.12729609990492463,0.16792060004081577,0.04061549995094538,0.015845099929720163,0.01340699999127537,0.0002479999093338847
0.4,LP3 ($\theta$ Only),18,213,0.0006303671095461685,,0,4.444444444444445,0.0,8.695652173913043,2,0,2,4.276152004671603e-05,30.0,70.0,0.0026936000213027,0.006271099904552102,9.079999290406704e-05,0.12288030004128814,0.15087460004724562,0.06397719995584339,0.016616799985058606,0.015270800096914172,0.0002493000356480479
0.4,LP3 ($\theta$ Only),19,232,0.0006839509200291368,,4,7.317073170731708,0.0,15.789473684210526,3,0,3,5.609290319481464e-05,30.0,70.0,0.001462399959564209,0.00497349991928786,0.00037129991687834263,0.09653219999745488,0.1591783999465406,0.05746560008265078,0.013521000044420362,0.017220300040207803,0.00043489993549883366
0.4,Linear BTL,0,42,,-59.680672251253576,1,11.363636363636363,4.0,21.05263157894737,5,1,4,,,,0.002429499989375472,0.002742100041359663,0.0002277999883517623,0.09673799993470311,0.15851640002802014,0.0664787000278011,0.00992089998908341,0.009490399970673025,0.0002610000083222985
0.4,Linear BTL,1,43,,-45.91821669423175,0,6.666666666666667,0.0,16.666666666666668,3,0,3,,,,0.006628899951465428,0.007138899993151426,0.00012520002201199532,0.07840220001526177,0.14691060001496226,0.061507900012657046,0.013397599919699132,0.016353299957700074,0.00045849999878555536
0.4,Linear BTL,2,45,,-31.9525890792093,0,6.666666666666667,3.0303030303030303,16.666666666666668,3,1,2,,,,0.0011247999500483274,0.002436299924738705,5.9299985878169537e-05,0.07763640000484884,0.11349750007502735,0.06169509992469102,0.010505200014449656,0.020338600035756826,0.0004629999166354537
0.4,Linear BTL,3,48,,-57.564642103329064,0,4.444444444444445,0.0,13.333333333333334,2,0,2,,,,0.0013822999317198992,0.002428000094369054,5.889998283237219e-05,0.08626170002389699,0.16916879999917,0.0512313999934122,0.0088363999966532,0.0098365000449121,0.0004485000390559435
0.4,Linear BTL,4,52,,-48.337045562297924,0,2.2222222222222223,0.0,5.555555555555555,1,0,1,,,,0.0011392999440431595,0.003501300001516938,0.0001311999512836337,0.11937809991650283,0.1372016000095755,0.08268530003260821,0.0165551999816671,0.01226620003581047,0.0006084999768063426
0.4,Linear BTL,5,57,,-60.60321031581501,2,9.30232558139535,4.166666666666667,15.789473684210526,4,1,3,,,,0.0029915999621152878,0.00754869997035712,0.00045430008322000504,0.09978409996256232,0.17220489995088428,0.03626409999560565,0.008207900100387633,0.008304900024086237,0.0002346000401303172
0.4,Linear BTL,6,63,,-70.39439596823715,2,23.25581395348837,0.0,40.0,10,0,10,,,,0.001155200065113604,0.0026313000125810504,0.00020079989917576313,0.07395809993613511,0.15944519999902695,0.07991800003219396,0.012690300005488098,0.008156899944879115,0.000242199981585145
0.4,Linear BTL,7,70,,-57.52980111229939,2,4.651162790697675,0.0,10.526315789473685,2,0,2,,,,0.0011196999112144113,0.005680800066329539,0.0004638000391423702,0.07925670000258833,0.14222789998166263,0.06424149998929352,0.010093699907884002,0.008026299998164177,0.0003127999370917678
0.4,Linear BTL,8,78,,-57.18548129728376,2,18.6046511627907,10.344827586206897,35.714285714285715,8,3,5,,,,0.0011116999667137861,0.002479200018569827,0.00022179994266480207,0.08751720003783703,0.1304785000393167,0.061795499990694225,0.01591140008531511,0.015778600005432963,0.00038979994133114815
0.4,Linear BTL,9,87,,-34.45504916244187,0,2.2222222222222223,0.0,7.142857142857143,1,0,1,,,,0.005330399959348142,0.002624899963848293,6.230000872164965e-05,0.09364099998492748,0.14600970002356917,0.0962962000630796,0.018409700016491115,0.01852429995778948,0.0005077000241726637
0.4,Linear BTL,10,97,,-55.462308263691426,0,11.11111111111111,0.0,22.727272727272727,5,0,5,,,,0.0023530999897047877,0.005453199963085353,0.00010939990170300007,0.0944383000023663,0.15200370003003627,0.05268459999933839,0.014828099985606968,0.019213899970054626,0.00046310003381222486
0.4,Linear BTL,11,108,,-56.461240104158996,0,0.0,0.0,0.0,0,0,0,,,,0.0015028000343590975,0.005821999977342784,9.459990542382002e-05,0.0962606999091804,0.35901129990816116,0.1777132999850437,0.01960940007120371,0.014867100049741566,0.0006340000545606017
0.4,Linear BTL,12,120,,-64.05168277297018,0,24.444444444444443,10.344827586206897,50.0,11,3,8,,,,0.0019549999851733446,0.0051948000909760594,0.00012370001059025526,0.12000809994060546,0.22545940009877086,0.09982350002974272,0.01745609997306019,0.02107010001782328,0.0006915000267326832
0.4,Linear BTL,13,133,,-57.128356524860955,2,4.651162790697675,0.0,11.11111111111111,2,0,2,,,,0.0015508999349549413,0.00605530000757426,0.0002402999671176076,0.12187279993668199,0.24196469993330538,0.08691800001543015,0.014867899939417839,0.02389079995919019,0.0005304000806063414
0.4,Linear BTL,14,147,,-82.81704396425471,4,12.195121951219512,0.0,16.666666666666668,5,0,5,,,,0.005591899971477687,0.00255430000834167,0.0002804000396281481,0.10896439990028739,0.1724947999464348,0.0822088000131771,0.012305499985814095,0.011822800035588443,0.0008526999736204743
0.4,Linear BTL,15,162,,-66.96466941625576,3,11.904761904761905,0.0,20.833333333333332,5,0,5,,,,0.002989300061017275,0.005377799971029162,0.0004643000429496169,0.1032744999974966,0.40089399996213615,0.057623200002126396,0.01728150004055351,0.018802199978381395,0.00023870007134974003
0.4,Linear BTL,16,178,,-57.72932871113274,1,11.363636363636363,0.0,26.31578947368421,5,0,5,,,,0.0011531999334692955,0.002980499994009733,0.00022980000358074903,0.1280944999307394,0.2347949999384582,0.07344129995908588,0.015416999929584563,0.018750500050373375,0.0006919000297784805
0.4,Linear BTL,17,195,,-37.38851910851821,0,6.666666666666667,0.0,21.428571428571427,3,0,3,,,,0.002519100089557469,0.0032725000055506825,8.899997919797897e-05,0.12729609990492463,0.16792060004081577,0.04061549995094538,0.015845099929720163,0.01340699999127537,0.0002479999093338847
0.4,Linear BTL,18,213,,-58.080707175508316,0,8.88888888888889,0.0,17.391304347826086,4,0,4,,,,0.0026936000213027,0.006271099904552102,9.079999290406704e-05,0.12288030004128814,0.15087460004724562,0.06397719995584339,0.016616799985058606,0.015270800096914172,0.0002493000356480479
0.4,Linear BTL,19,232,,-62.37836269185713,4,4.878048780487805,0.0,10.526315789473685,2,0,2,,,,0.001462399959564209,0.00497349991928786,0.00037129991687834263,0.09653219999745488,0.1591783999465406,0.05746560008265078,0.013521000044420362,0.017220300040207803,0.00043489993549883366
0.5,LP2 ($\theta$ Only),0,42,7.710741648788778e-05,,6,25.641025641025642,14.285714285714286,38.888888888888886,10,3,7,7.710741648788778e-05,30.0,70.0,0.0023366999812424183,0.0035176000092178583,0.0006625000387430191,0.0690625999122858,0.11773900000844151,0.05983070004731417,0.013818599982187152,0.012007500045001507,0.00032300001475960016
0.5,LP2 ($\theta$ Only),1,43,3.8272562456477995e-05,,1,4.545454545454546,0.0,10.0,2,0,2,3.8272562456477995e-05,10.0,90.0,0.0027971999952569604,0.0052198999328538775,0.0005785999819636345,0.09361390001140535,0.16200589993968606,0.09139399998821318,0.01949199999216944,0.013479600078426301,0.0002468000166118145
0.5,LP2 ($\theta$ Only),2,45,5.1210582894543924e-05,,0,4.444444444444445,3.3333333333333335,6.666666666666667,2,1,1,5.1210582894543924e-05,20.0,80.0,0.005336300004273653,0.005494500044733286,0.00013120006769895554,0.35607699991669506,0.2461089000571519,0.08243389998096973,0.013910899986512959,0.017590500065125525,0.0002615998964756727
0.5,LP2 ($\theta$ Only),3,48,5.099297781770695e-05,,0,8.88888888888889,10.714285714285714,5.882352941176471,4,3,1,5.099297781770695e-05,20.0,80.0,0.0011459001107141376,0.00531010003760457,6.160000339150429e-05,0.08013969997409731,0.19013360003009439,0.05533020000439137,0.015053699957206845,0.016592999920248985,0.00025859999004751444
0.5,LP2 ($\theta$ Only),4,52,3.8193774270350923e-05,,2,4.651162790697675,0.0,9.523809523809524,2,0,2,3.8193774270350923e-05,10.0,90.0,0.0019821999594569206,0.002507800003513694,0.0002714999718591571,0.08680779999122024,0.15006499993614852,0.05507140001282096,0.013069899985566735,0.0104674999602139,0.00024359999224543571
0.5,LP2 ($\theta$ Only),5,57,9.733641504272478e-05,,0,13.333333333333334,0.0,21.428571428571427,6,0,6,9.733641504272476e-05,30.0,70.0,0.005082099931314588,0.0024582999758422375,6.150000263005495e-05,0.10930690006352961,0.18226050003431737,0.062358599971048534,0.012736900011077523,0.009573300019837916,0.0007253000512719154
0.5,LP2 ($\theta$ Only),6,63,7.506221852394423e-05,,2,11.627906976744185,0.0,16.129032258064516,5,0,5,7.506221852394423e-05,20.0,80.0,0.003218800062313676,0.006901999935507774,0.0004501000512391329,0.08813040005043149,0.13630079990252852,0.06486589997075498,0.011719099944457412,0.015430400031618774,0.00044570001773536205
0.5,LP2 ($\theta$ Only),7,70,0.0,,2,0.0,0.0,0.0,0,0,0,0.0,0.0,100.0,0.0023150999331846833,0.0035019000060856342,0.0003344999859109521,0.07556260004639626,0.17624699999578297,0.07485259999521077,0.01662830007262528,0.01661459996830672,0.0007025999948382378
0.5,LP2 ($\theta$ Only),8,78,0.00010760349908105054,,0,17.77777777777778,24.0,10.0,8,6,2,0.00010760349908105054,30.0,70.0,0.0030544999754056334,0.00536339997779578,7.51999905332923e-05,0.12619590002577752,0.1341693999711424,0.08403979998547584,0.016517700045369565,0.01650199992582202,0.0004683999577537179
0.5,LP2 ($\theta$ Only),9,87,0.0,,0,0.0,0.0,0.0,0,0,0,0.0,0.0,100.0,0.003803499974310398,0.002365700085647404,5.959998816251755e-05,0.07944620004855096,0.15267270000185817,0.0679107999894768,0.016800799989141524,0.01490790001116693,0.0006344000576063991
0.5,LP2 ($\theta$ Only),10,97,0.0,,1,0.0,0.0,0.0,0,0,0,0.0,0.0,100.0,0.0018656000029295683,0.005262100021354854,0.000471399980597198,0.09678849996998906,0.14646039996296167,0.07288300001528114,0.013174800085835159,0.013814799953252077,0.0004978999495506287
0.5,LP2 ($\theta$ Only),11,108,0.0,,0,0.0,0.0,0.0,0,0,0,0.0,0.0,100.0,0.0013788000214844942,0.002656899974681437,9.059999138116837e-05,0.11338870006147772,0.1766415999736637,0.07911269995383918,0.012400600011460483,0.011721999966539443,0.0005099000409245491
0.5,LP2 ($\theta$ Only),12,120,6.983555757887654e-05,,0,11.11111111111111,10.344827586206897,12.5,5,3,2,6.983555757887654e-05,30.0,70.0,0.0013469000114127994,0.003097300068475306,6.54000323265791e-05,0.08317639993038028,0.14054150006268173,0.05508790002204478,0.010089299990795553,0.01486500003375113,0.00025180005468428135
0.5,LP2 ($\theta$ Only),13,133,0.0,,3,0.0,0.0,0.0,0,0,0,0.0,0.0,100.0,0.0013756999978795648,0.004476899979636073,0.0004835999570786953,0.11183589999563992,0.13142529991455376,0.20009409997146577,0.007893099915236235,0.020619799965061247,0.0005824000108987093
0.5,LP2 ($\theta$ Only),14,147,0.0,,4,0.0,0.0,0.0,0,0,0,0.0,0.0,100.0,0.0027478000847622752,0.006354900076985359,0.0003727000439539552,0.12315340002533048,0.1325262999162078,0.048120300052687526,0.01395219995174557,0.015055799973197281,0.0005912999622523785
0.5,LP2 ($\theta$ Only),15,162,9.095149582984249e-05,,4,19.51219512195122,8.333333333333334,24.137931034482758,8,1,7,9.09514958298425e-05,40.0,60.0,0.0032676999690011144,0.008423299994319677,0.00046360003761947155,0.13079530000686646,0.15040679997764528,0.08614680008031428,0.01599990006070584,0.018738300073891878,0.0004989000735804439
0.5,LP2 ($\theta$ Only),16,178,0.00011790062285053671,,2,25.58139534883721,4.761904761904762,45.45454545454545,11,1,10,0.00011790062285053672,40.0,60.0,0.0025967999827116728,0.0052019000286236405,0.000381199992261827,0.07707639993168414,0.1683758000144735,0.05209779995493591,0.016455400036647916,0.015896699973382056,0.0004749998915940523
0.5,LP2 ($\theta$ Only),17,195,8.388779335704853e-05,,0,11.11111111111111,10.344827586206897,12.5,5,3,2,8.388779335704853e-05,30.0,70.0,0.004912300035357475,0.0033816000213846564,6.0999998822808266e-05,0.08828339993488044,0.15006670006550848,0.0543646999867633,0.015135599998757243,0.013777900021523237,0.0002495999215170741
0.5,LP2 ($\theta$ Only),18,213,6.752474577388918e-05,,4,12.195121951219512,0.0,22.727272727272727,5,0,5,6.752474577388918e-05,30.0,70.0,0.004617900005541742,0.0027117999270558357,0.00028250005561858416,0.12120759999379516,0.14902709994930774,0.058595400070771575,0.011826600064523518,0.01342930004466325,0.00023689994122833014
0.5,LP2 ($\theta$ Only),19,232,5.177030825985896e-05,,5,12.5,5.555555555555555,18.181818181818183,5,1,4,5.177030825985895e-05,40.0,60.0,0.006993199931457639,0.007549300091341138,0.0005014999769628048,0.11013879999518394,0.13065730000380427,0.05540339997969568,0.009986200020648539,0.009798199986107647,0.000439500086940825
0.5,LP3 ($\theta$ Only),0,42,0.0019166007329649872,,6,23.076923076923077,4.761904761904762,44.44444444444444,9,1,8,0.00010680702261407365,80.0,20.0,0.0023366999812424183,0.0035176000092178583,0.0006625000387430191,0.0690625999122858,0.11773900000844151,0.05983070004731417,0.013818599982187152,0.012007500045001507,0.00032300001475960016
0.5,LP3 ($\theta$ Only),1,43,0.0005050661780294043,,1,4.545454545454546,0.0,10.0,2,0,2,4.591510709358221e-05,40.0,60.0,0.0027971999952569604,0.0052198999328538775,0.0005785999819636345,0.09361390001140535,0.16200589993968606,0.09139399998821318,0.01949199999216944,0.013479600078426301,0.0002468000166118145
0.5,LP3 ($\theta$ Only),2,45,0.0007968909853542131,,0,6.666666666666667,3.3333333333333335,13.333333333333334,3,1,2,6.633695664462399e-05,50.0,50.0,0.005336300004273653,0.005494500044733286,0.00013120006769895554,0.35607699991669506,0.2461089000571519,0.08243389998096973,0.013910899986512959,0.017590500065125525,0.0002615998964756727
0.5,LP3 ($\theta$ Only),3,48,0.0010894697741190588,,0,11.11111111111111,10.714285714285714,11.764705882352942,5,3,2,7.062388369968387e-05,60.0,40.0,0.0011459001107141376,0.00531010003760457,6.160000339150429e-05,0.08013969997409731,0.19013360003009439,0.05533020000439137,0.015053699957206845,0.016592999920248985,0.00025859999004751444
0.5,LP3 ($\theta$ Only),4,52,0.0005362269434839848,,2,4.651162790697675,0.0,9.523809523809524,2,0,2,4.874790395308953e-05,30.0,70.0,0.0019821999594569206,0.002507800003513694,0.0002714999718591571,0.08680779999122024,0.15006499993614852,0.05507140001282096,0.013069899985566735,0.0104674999602139,0.00024359999224543571
0.5,LP3 ($\theta$ Only),5,57,0.0020576631718070546,,0,17.77777777777778,0.0,28.571428571428573,8,0,8,0.00018090297454331064,90.0,10.0,0.005082099931314588,0.0024582999758422375,6.150000263005495e-05,0.10930690006352961,0.18226050003431737,0.062358599971048534,0.012736900011077523,0.009573300019837916,0.0007253000512719154
0.5,LP3 ($\theta$ Only),6,63,0.0015172531295904459,,2,16.27906976744186,0.0,22.580645161290324,7,0,7,0.0001342525218790631,80.0,20.0,0.003218800062313676,0.006901999935507774,0.0004501000512391329,0.08813040005043149,0.13630079990252852,0.06486589997075498,0.011719099944457412,0.015430400031618774,0.00044570001773536205
0.5,LP3 ($\theta$ Only),7,70,0.0,,2,0.0,0.0,0.0,0,0,0,0.0,0.0,100.0,0.0023150999331846833,0.0035019000060856342,0.0003344999859109521,0.07556260004639626,0.17624699999578297,0.07485259999521077,0.01662830007262528,0.01661459996830672,0.0007025999948382378
0.5,LP3 ($\theta$ Only),8,78,0.0024837636879500393,,0,22.22222222222222,28.0,15.0,10,7,3,0.00019469457649978094,80.0,20.0,0.0030544999754056334,0.00536339997779578,7.51999905332923e-05,0.12619590002577752,0.1341693999711424,0.08403979998547584,0.016517700045369565,0.01650199992582202,0.0004683999577537179
0.5,LP3 ($\theta$ Only),9,87,0.0,,0,0.0,0.0,0.0,0,0,0,0.0,0.0,100.0,0.003803499974310398,0.002365700085647404,5.959998816251755e-05,0.07944620004855096,0.15267270000185817,0.0679107999894768,0.016800799989141524,0.01490790001116693,0.0006344000576063991
0.5,LP3 ($\theta$ Only),10,97,0.0,,1,0.0,0.0,0.0,0,0,0,0.0,0.0,100.0,0.0018656000029295683,0.005262100021354854,0.000471399980597198,0.09678849996998906,0.14646039996296167,0.07288300001528114,0.013174800085835159,0.013814799953252077,0.0004978999495506287
0.5,LP3 ($\theta$ Only),11,108,0.0,,0,0.0,0.0,0.0,0,0,0,0.0,0.0,100.0,0.0013788000214844942,0.002656899974681437,9.059999138116837e-05,0.11338870006147772,0.1766415999736637,0.07911269995383918,0.012400600011460483,0.011721999966539443,0.0005099000409245491
0.5,LP3 ($\theta$ Only),12,120,0.0012217265582172468,,0,11.11111111111111,10.344827586206897,12.5,5,3,2,0.00010059850061036408,80.0,20.0,0.0013469000114127994,0.003097300068475306,6.54000323265791e-05,0.08317639993038028,0.14054150006268173,0.05508790002204478,0.010089299990795553,0.01486500003375113,0.00025180005468428135
0.5,LP3 ($\theta$ Only),13,133,0.0,,3,0.0,0.0,0.0,0,0,0,0.0,0.0,100.0,0.0013756999978795648,0.004476899979636073,0.0004835999570786953,0.11183589999563992,0.13142529991455376,0.20009409997146577,0.007893099915236235,0.020619799965061247,0.0005824000108987093
0.5,LP3 ($\theta$ Only),14,147,0.0,,4,0.0,0.0,0.0,0,0,0,0.0,0.0,100.0,0.0027478000847622752,0.006354900076985359,0.0003727000439539552,0.12315340002533048,0.1325262999162078,0.048120300052687526,0.01395219995174557,0.015055799973197281,0.0005912999622523785
0.5,LP3 ($\theta$ Only),15,162,0.0017443600020509756,,4,14.634146341463415,0.0,20.689655172413794,6,0,6,0.0001512238036399386,80.0,20.0,0.0032676999690011144,0.008423299994319677,0.00046360003761947155,0.13079530000686646,0.15040679997764528,0.08614680008031428,0.01599990006070584,0.018738300073891878,0.0004989000735804439
0.5,LP3 ($\theta$ Only),16,178,0.0024598563059092127,,2,27.906976744186046,4.761904761904762,50.0,12,1,11,0.0001761717127922904,90.0,10.0,0.0025967999827116728,0.0052019000286236405,0.000381199992261827,0.07707639993168414,0.1683758000144735,0.05209779995493591,0.016455400036647916,0.015896699973382056,0.0004749998915940523
0.5,LP3 ($\theta$ Only),17,195,0.0011364797204920707,,0,8.88888888888889,6.896551724137931,12.5,4,2,2,9.605212009015044e-05,70.0,30.0,0.004912300035357475,0.0033816000213846564,6.0999998822808266e-05,0.08828339993488044,0.15006670006550848,0.0543646999867633,0.015135599998757243,0.013777900021523237,0.0002495999215170741
0.5,LP3 ($\theta$ Only),18,213,0.001339777123485536,,4,9.75609756097561,5.2631578947368425,13.636363636363637,4,1,3,0.00011228817842136548,80.0,20.0,0.004617900005541742,0.0027117999270558357,0.00028250005561858416,0.12120759999379516,0.14902709994930774,0.058595400070771575,0.011826600064523518,0.01342930004466325,0.00023689994122833014
0.5,LP3 ($\theta$ Only),19,232,0.0006371282482636527,,5,5.0,0.0,9.090909090909092,2,0,2,5.792074984215025e-05,50.0,50.0,0.006993199931457639,0.007549300091341138,0.0005014999769628048,0.11013879999518394,0.13065730000380427,0.05540339997969568,0.009986200020648539,0.009798199986107647,0.000439500086940825
0.5,Linear BTL,0,42,,-69.10854913704104,6,23.076923076923077,0.0,50.0,9,0,9,,,,0.0023366999812424183,0.0035176000092178583,0.0006625000387430191,0.0690625999122858,0.11773900000844151,0.05983070004731417,0.013818599982187152,0.012007500045001507,0.00032300001475960016
0.5,Linear BTL,1,43,,-57.986560357386445,1,9.090909090909092,4.166666666666667,15.0,4,1,3,,,,0.0027971999952569604,0.0052198999328538775,0.0005785999819636345,0.09361390001140535,0.16200589993968606,0.09139399998821318,0.01949199999216944,0.013479600078426301,0.0002468000166118145
0.5,Linear BTL,2,45,,-44.801201821087204,0,11.11111111111111,3.3333333333333335,26.666666666666668,5,1,4,,,,0.005336300004273653,0.005494500044733286,0.00013120006769895554,0.35607699991669506,0.2461089000571519,0.08243389998096973,0.013910899986512959,0.017590500065125525,0.0002615998964756727
0.5,Linear BTL,3,48,,-51.792860804809756,0,13.333333333333334,3.5714285714285716,29.41176470588235,6,1,5,,,,0.0011459001107141376,0.00531010003760457,6.160000339150429e-05,0.08013969997409731,0.19013360003009439,0.05533020000439137,0.015053699957206845,0.016592999920248985,0.00025859999004751444
0.5,Linear BTL,4,52,,-59.868050217111644,2,4.651162790697675,0.0,9.523809523809524,2,0,2,,,,0.0019821999594569206,0.002507800003513694,0.0002714999718591571,0.08680779999122024,0.15006499993614852,0.05507140001282096,0.013069899985566735,0.0104674999602139,0.00024359999224543571
0.5,Linear BTL,5,57,,-71.044481616577,0,13.333333333333334,0.0,21.428571428571427,6,0,6,,,,0.005082099931314588,0.0024582999758422375,6.150000263005495e-05,0.10930690006352961,0.18226050003431737,0.062358599971048534,0.012736900011077523,0.009573300019837916,0.0007253000512719154
0.5,Linear BTL,6,63,,-76.0715365959222,2,16.27906976744186,0.0,22.580645161290324,7,0,7,,,,0.003218800062313676,0.006901999935507774,0.0004501000512391329,0.08813040005043149,0.13630079990252852,0.06486589997075498,0.011719099944457412,0.015430400031618774,0.00044570001773536205
0.5,Linear BTL,7,70,,-58.58397892941977,2,11.627906976744185,0.0,22.727272727272727,5,0,5,,,,0.0023150999331846833,0.0035019000060856342,0.0003344999859109521,0.07556260004639626,0.17624699999578297,0.07485259999521077,0.01662830007262528,0.01661459996830672,0.0007025999948382378
0.5,Linear BTL,8,78,,-74.31198998331261,0,28.88888888888889,24.0,35.0,13,6,7,,,,0.0030544999754056334,0.00536339997779578,7.51999905332923e-05,0.12619590002577752,0.1341693999711424,0.08403979998547584,0.016517700045369565,0.01650199992582202,0.0004683999577537179
0.5,Linear BTL,9,87,,-54.04812361572727,0,11.11111111111111,0.0,23.80952380952381,5,0,5,,,,0.003803499974310398,0.002365700085647404,5.959998816251755e-05,0.07944620004855096,0.15267270000185817,0.0679107999894768,0.016800799989141524,0.01490790001116693,0.0006344000576063991
0.5,Linear BTL,10,97,,-65.70855350319393,1,4.545454545454546,0.0,8.333333333333334,2,0,2,,,,0.0018656000029295683,0.005262100021354854,0.000471399980597198,0.09678849996998906,0.14646039996296167,0.07288300001528114,0.013174800085835159,0.013814799953252077,0.0004978999495506287
0.5,Linear BTL,11,108,,-60.66226516514198,0,6.666666666666667,0.0,12.0,3,0,3,,,,0.0013788000214844942,0.002656899974681437,9.059999138116837e-05,0.11338870006147772,0.1766415999736637,0.07911269995383918,0.012400600011460483,0.011721999966539443,0.0005099000409245491
0.5,Linear BTL,12,120,,-55.696112614531906,0,13.333333333333334,10.344827586206897,18.75,6,3,3,,,,0.0013469000114127994,0.003097300068475306,6.54000323265791e-05,0.08317639993038028,0.14054150006268173,0.05508790002204478,0.010089299990795553,0.01486500003375113,0.00025180005468428135
0.5,Linear BTL,13,133,,-62.62688632817721,3,7.142857142857143,0.0,13.636363636363637,3,0,3,,,,0.0013756999978795648,0.004476899979636073,0.0004835999570786953,0.11183589999563992,0.13142529991455376,0.20009409997146577,0.007893099915236235,0.020619799965061247,0.0005824000108987093
0.5,Linear BTL,14,147,,-83.58801715776033,4,0.0,0.0,0.0,0,0,0,,,,0.0027478000847622752,0.006354900076985359,0.0003727000439539552,0.12315340002533048,0.1325262999162078,0.048120300052687526,0.01395219995174557,0.015055799973197281,0.0005912999622523785
0.5,Linear BTL,15,162,,-78.03279636272835,4,19.51219512195122,0.0,27.586206896551722,8,0,8,,,,0.0032676999690011144,0.008423299994319677,0.00046360003761947155,0.13079530000686646,0.15040679997764528,0.08614680008031428,0.01599990006070584,0.018738300073891878,0.0004989000735804439
0.5,Linear BTL,16,178,,-73.60385647222009,2,25.58139534883721,4.761904761904762,45.45454545454545,11,1,10,,,,0.0025967999827116728,0.0052019000286236405,0.000381199992261827,0.07707639993168414,0.1683758000144735,0.05209779995493591,0.016455400036647916,0.015896699973382056,0.0004749998915940523
0.5,Linear BTL,17,195,,-58.392795230385225,0,13.333333333333334,10.344827586206897,18.75,6,3,3,,,,0.004912300035357475,0.0033816000213846564,6.0999998822808266e-05,0.08828339993488044,0.15006670006550848,0.0543646999867633,0.015135599998757243,0.013777900021523237,0.0002495999215170741
0.5,Linear BTL,18,213,,-70.77830232627879,4,19.51219512195122,0.0,36.36363636363637,8,0,8,,,,0.004617900005541742,0.0027117999270558357,0.00028250005561858416,0.12120759999379516,0.14902709994930774,0.058595400070771575,0.011826600064523518,0.01342930004466325,0.00023689994122833014
0.5,Linear BTL,19,232,,-68.451049509995,5,7.5,0.0,13.636363636363637,3,0,3,,,,0.006993199931457639,0.007549300091341138,0.0005014999769628048,0.11013879999518394,0.13065730000380427,0.05540339997969568,0.009986200020648539,0.009798199986107647,0.000439500086940825
0.6,LP2 ($\theta$ Only),0,42,0.00012489575053948086,,5,40.0,55.0,25.0,16,11,5,0.00012489575053948088,40.0,60.0,0.002601900021545589,0.004333899938501418,0.0003168999683111906,0.11226480000186712,0.20477080007549375,0.09444860008079559,0.009650600026361644,0.012386400019749999,0.00028709997422993183
0.6,LP2 ($\theta$ Only),1,43,4.6013398198107884e-05,,3,7.142857142857143,0.0,10.344827586206897,3,0,3,4.6013398198107884e-05,10.0,90.0,0.001229400048032403,0.002611299976706505,0.0002245999639853835,0.09953989996574819,0.13352899998426437,0.06491549999918789,0.0180740999057889,0.011739599984139204,0.0002294000005349517
0.6,LP2 ($\theta$ Only),2,45,7.426177974138965e-05,,2,13.953488372093023,15.384615384615385,11.764705882352942,6,4,2,7.426177974138963e-05,30.0,70.0,0.0013253999641165137,0.002343200030736625,0.00021989992819726467,0.08935230004135519,0.3596228000242263,0.05502560001332313,0.010828999918885529,0.008306800038553774,0.00023250002413988113
0.6,LP2 ($\theta$ Only),3,48,6.49948179027394e-05,,0,8.88888888888889,4.3478260869565215,13.636363636363637,4,1,3,6.49948179027394e-05,30.0,70.0,0.005790699971839786,0.006841100053861737,0.0001702000154182315,0.13647829997353256,0.13922339992132038,0.05221499991603196,0.0111521000508219,0.015328200068324804,0.0006101999897509813
0.6,LP2 ($\theta$ Only),4,52,4.974503547692727e-05,,5,15.0,0.0,27.272727272727273,6,0,6,4.974503547692727e-05,40.0,60.0,0.002673199982382357,0.004288699943572283,0.0003162999637424946,0.10601059999316931,0.1535573999863118,0.09768210002221167,0.013323300052434206,0.009478499996475875,0.00021970004308968782
0.6,LP2 ($\theta$ Only),5,57,0.0001116779104740679,,4,31.70731707317073,13.333333333333334,42.30769230769231,13,2,11,0.0001116779104740679,40.0,60.0,0.007123099989257753,0.004208600032143295,0.0002188000362366438,0.10540700005367398,0.16176520008593798,0.1157033999916166,0.019167000078596175,0.018993500038050115,0.0003902000607922673
0.6,LP2 ($\theta$ Only),6,63,7.07784955743391e-05,,7,18.42105263157895,0.0,24.137931034482758,7,0,7,7.07784955743391e-05,20.0,80.0,0.004988799919374287,0.002910899929702282,0.00041690003126859665,0.14925270003732294,0.3263629999710247,0.1263154000043869,0.014791400055401027,0.018113900092430413,0.00024480000138282776
0.6,LP2 ($\theta$ Only),7,70,0.00011061447197259526,,2,23.25581395348837,16.666666666666668,28.0,10,3,7,0.00011061447197259526,40.0,60.0,0.0012512999819591641,0.0026804000372067094,0.0003108000382781029,0.37347310001496226,0.24094379995949566,0.2656953999539837,0.018134500016458333,0.027812000014819205,0.0009544000495225191
0.6,LP2 ($\theta$ Only),8,78,7.286732914053098e-05,,2,16.27906976744186,8.695652173913043,25.0,7,2,5,7.286732914053098e-05,30.0,70.0,0.0026187999173998833,0.005043499986641109,0.0004763000179082155,0.14666470000520349,0.2634220999898389,0.06460439995862544,0.012294700019992888,0.017225700081326067,0.0004868999822065234
0.6,LP2 ($\theta$ Only),9,87,4.917644576444488e-05,,0,4.444444444444445,4.3478260869565215,4.545454545454546,2,1,1,4.917644576444488e-05,20.0,80.0,0.0015524999471381307,0.0025994000025093555,5.8999983593821526e-05,0.06144399999175221,0.20649539993610233,0.07421509991399944,0.026167300064116716,0.01772879995405674,0.000762699986808002
0.6,LP2 ($\theta$ Only),10,97,0.0,,0,0.0,0.0,0.0,0,0,0,0.0,0.0,100.0,0.002679899916984141,0.005068199941888452,9.380001574754715e-05,0.09327740001026541,0.16497140005230904,0.06190760002937168,0.011862099985592067,0.014043599949218333,0.00024839991237968206
0.6,LP2 ($\theta$ Only),11,108,3.731064497849513e-05,,2,4.651162790697675,0.0,6.451612903225806,2,0,2,3.731064497849513e-05,10.0,90.0,0.001298299990594387,0.0027537000132724643,0.00020869995933026075,0.0752752999542281,0.11392320005688816,0.06862839998211712,0.009724300005473197,0.010732299997471273,0.0006307999137789011
0.6,LP2 ($\theta$ Only),12,120,0.0,,0,0.0,0.0,0.0,0,0,0,0.0,0.0,100.0,0.002104800078086555,0.0044034000020474195,8.999998681247234e-05,0.07301860000006855,0.1332784000551328,0.04213489999528974,0.015934400027617812,0.013902199920266867,0.00044760003220289946
0.6,LP2 ($\theta$ Only),13,133,7.948650647217242e-05,,2,9.30232558139535,0.0,15.384615384615385,4,0,4,7.948650647217242e-05,20.0,80.0,0.0011100999545305967,0.0023846999974921346,0.00020030001178383827,0.08174489997327328,0.13239949999842793,0.06745879992377013,0.01573159999679774,0.009796799975447357,0.00023269990924745798
0.6,LP2 ($\theta$ Only),14,147,9.178939153129591e-05,,5,20.0,16.666666666666668,20.58823529411765,8,1,7,9.178939153129591e-05,30.0,70.0,0.0011304999934509397,0.002419099910184741,0.00020359992049634457,0.07638620003126562,0.12813890003599226,0.05824310006573796,0.013168800040148199,0.007887299987487495,0.0002277999883517623
0.6,LP2 ($\theta$ Only),15,162,5.155888752603995e-05,,3,9.523809523809524,0.0,11.764705882352942,4,0,4,5.155888752603995e-05,30.0,70.0,0.0011279000900685787,0.004217399982735515,0.00023150001652538776,0.07766850001644343,0.11544790002517402,0.04634709993842989,0.013166300021111965,0.011393300024792552,0.0004787000361829996
0.6,LP2 ($\theta$ Only),16,178,9.60227507945823e-05,,1,18.181818181818183,9.090909090909092,27.272727272727273,8,2,6,9.60227507945823e-05,30.0,70.0,0.0014426999259740114,0.0028107999823987484,0.00022259994875639677,0.08923349995166063,0.16747370001394302,0.06581149995326996,0.008546299999579787,0.008352300035767257,0.00024189997930079699
0.6,LP2 ($\theta$ Only),17,195,2.9579661765572353e-05,,5,2.5,0.0,5.0,1,0,1,2.9579661765572353e-05,20.0,80.0,0.0011245000641793013,0.004938600002788007,0.0002210000529885292,0.10365539998747408,0.12869820010382682,0.048342699999921024,0.015498199965804815,0.010900599998421967,0.00022130005527287722
0.6,LP2 ($\theta$ Only),18,213,0.00010756349865945067,,4,21.951219512195124,0.0,36.0,9,0,9,0.00010756349865945067,30.0,70.0,0.0011338000185787678,0.0023410000139847398,0.0007240000413730741,0.08377619995735586,0.11997859994880855,0.04262159997597337,0.011446099961176515,0.0111445999937132,0.0004493000451475382
0.6,LP2 ($\theta$ Only),19,232,0.0,,6,0.0,0.0,0.0,0,0,0,0.0,0.0,100.0,0.0020991999190300703,0.004983399994671345,0.0003499999875202775,0.07951159996446222,0.1338164999615401,0.05341210006736219,0.011201800080016255,0.0188595000654459,0.0004085999680683017
0.6,LP3 ($\theta$ Only),0,42,0.002441360801577806,,5,27.5,10.0,45.0,11,2,9,0.00014832374132198208,90.0,10.0,0.002601900021545589,0.004333899938501418,0.0003168999683111906,0.11226480000186712,0.20477080007549375,0.09444860008079559,0.009650600026361644,0.012386400019749999,0.00028709997422993183
0.6,LP3 ($\theta$ Only),1,43,0.0007049472544913062,,3,7.142857142857143,0.0,10.344827586206897,3,0,3,5.163142582737688e-05,50.0,50.0,0.001229400048032403,0.002611299976706505,0.0002245999639853835,0.09953989996574819,0.13352899998426437,0.06491549999918789,0.0180740999057889,0.011739599984139204,0.0002294000005349517
0.6,LP3 ($\theta$ Only),2,45,0.0010276870841467273,,2,6.976744186046512,3.8461538461538463,11.764705882352942,3,1,2,9.864177997545082e-05,50.0,50.0,0.0013253999641165137,0.002343200030736625,0.00021989992819726467,0.08935230004135519,0.3596228000242263,0.05502560001332313,0.010828999918885529,0.008306800038553774,0.00023250002413988113
0.6,LP3 ($\theta$ Only),3,48,0.0010378223848534808,,0,6.666666666666667,0.0,13.636363636363637,3,0,3,8.330190659036313e-05,70.0,30.0,0.005790699971839786,0.006841100053861737,0.0001702000154182315,0.13647829997353256,0.13922339992132038,0.05221499991603196,0.0111521000508219,0.015328200068324804,0.0006101999897509813
0.6,LP3 ($\theta$ Only),4,52,0.0005877261384364683,,5,2.5,0.0,4.545454545454546,1,0,1,5.342964894876985e-05,20.0,80.0,0.002673199982382357,0.004288699943572283,0.0003162999637424946,0.10601059999316931,0.1535573999863118,0.09768210002221167,0.013323300052434206,0.009478499996475875,0.00021970004308968782
0.6,LP3 ($\theta$ Only),5,57,0.0020902273614622972,,4,21.951219512195124,6.666666666666667,30.76923076923077,9,1,8,0.00015037455799639008,70.0,30.0,0.007123099989257753,0.004208600032143295,0.0002188000362366438,0.10540700005367398,0.16176520008593798,0.1157033999916166,0.019167000078596175,0.018993500038050115,0.0003902000607922673
0.6,LP3 ($\theta$ Only),6,63,0.001620676698614285,,7,15.789473684210526,0.0,20.689655172413794,6,0,6,8.867074827463665e-05,60.0,40.0,0.004988799919374287,0.002910899929702282,0.00041690003126859665,0.14925270003732294,0.3263629999710247,0.1263154000043869,0.014791400055401027,0.018113900092430413,0.00024480000138282776
0.6,LP3 ($\theta$ Only),7,70,0.0017293533266277627,,2,11.627906976744185,0.0,20.0,5,0,5,0.0001493887069558609,90.0,10.0,0.0012512999819591641,0.0026804000372067094,0.0003108000382781029,0.37347310001496226,0.24094379995949566,0.2656953999539837,0.018134500016458333,0.027812000014819205,0.0009544000495225191
0.6,LP3 ($\theta$ Only),8,78,0.0015837181427440237,,2,16.27906976744186,17.391304347826086,15.0,7,4,3,0.00010111424685679731,70.0,30.0,0.0026187999173998833,0.005043499986641109,0.0004763000179082155,0.14666470000520349,0.2634220999898389,0.06460439995862544,0.012294700019992888,0.017225700081326067,0.0004868999822065234
0.6,LP3 ($\theta$ Only),9,87,0.0007595444646053485,,0,6.666666666666667,4.3478260869565215,9.090909090909092,3,1,2,7.661324111032206e-05,60.0,40.0,0.0015524999471381307,0.0025994000025093555,5.8999983593821526e-05,0.06144399999175221,0.20649539993610233,0.07421509991399944,0.026167300064116716,0.01772879995405674,0.000762699986808002
0.6,LP3 ($\theta$ Only),10,97,0.0,,0,0.0,0.0,0.0,0,0,0,0.0,0.0,100.0,0.002679899916984141,0.005068199941888452,9.380001574754715e-05,0.09327740001026541,0.16497140005230904,0.06190760002937168,0.011862099985592067,0.014043599949218333,0.00024839991237968206
0.6,LP3 ($\theta$ Only),11,108,0.00044771150685190864,,2,2.3255813953488373,0.0,3.225806451612903,1,0,1,4.0701046077446236e-05,30.0,70.0,0.001298299990594387,0.0027537000132724643,0.00020869995933026075,0.0752752999542281,0.11392320005688816,0.06862839998211712,0.009724300005473197,0.010732299997471273,0.0006307999137789011
0.6,LP3 ($\theta$ Only),12,120,0.0,,0,0.0,0.0,0.0,0,0,0,0.0,0.0,100.0,0.002104800078086555,0.0044034000020474195,8.999998681247234e-05,0.07301860000006855,0.1332784000551328,0.04213489999528974,0.015934400027617812,0.013902199920266867,0.00044760003220289946
0.6,LP3 ($\theta$ Only),13,133,0.0015660009007845488,,2,9.30232558139535,0.0,15.384615384615385,4,0,4,0.00012878625838081784,80.0,20.0,0.0011100999545305967,0.0023846999974921346,0.00020030001178383827,0.08174489997327328,0.13239949999842793,0.06745879992377013,0.01573159999679774,0.009796799975447357,0.00023269990924745798
0.6,LP3 ($\theta$ Only),14,147,0.0015521637109590536,,5,17.5,16.666666666666668,17.647058823529413,7,1,6,0.00013557376519073017,70.0,30.0,0.0011304999934509397,0.002419099910184741,0.00020359992049634457,0.07638620003126562,0.12813890003599226,0.05824310006573796,0.013168800040148199,0.007887299987487495,0.0002277999883517623
0.6,LP3 ($\theta$ Only),15,162,0.0007098079840027578,,3,2.380952380952381,0.0,2.9411764705882355,1,0,1,8.270981672752345e-05,50.0,50.0,0.0011279000900685787,0.004217399982735515,0.00023150001652538776,0.07766850001644343,0.11544790002517402,0.04634709993842989,0.013166300021111965,0.011393300024792552,0.0004787000361829996
0.6,LP3 ($\theta$ Only),16,178,0.0015811279491825308,,1,18.181818181818183,4.545454545454546,31.818181818181817,8,1,7,0.00012842398253963896,70.0,30.0,0.0014426999259740114,0.0028107999823987484,0.00022259994875639677,0.08923349995166063,0.16747370001394302,0.06581149995326996,0.008546299999579787,0.008352300035767257,0.00024189997930079699
0.6,LP3 ($\theta$ Only),17,195,0.0003253762794212959,,5,2.5,0.0,5.0,1,0,1,2.9579661765572353e-05,20.0,80.0,0.0011245000641793013,0.004938600002788007,0.0002210000529885292,0.10365539998747408,0.12869820010382682,0.048342699999921024,0.015498199965804815,0.010900599998421967,0.00022130005527287722
0.6,LP3 ($\theta$ Only),18,213,0.001677171981616046,,4,9.75609756097561,6.25,12.0,4,1,3,0.00013858504692405195,60.0,40.0,0.0011338000185787678,0.0023410000139847398,0.0007240000413730741,0.08377619995735586,0.11997859994880855,0.04262159997597337,0.011446099961176515,0.0111445999937132,0.0004493000451475382
0.6,LP3 ($\theta$ Only),19,232,0.0,,6,0.0,0.0,0.0,0,0,0,0.0,0.0,100.0,0.0020991999190300703,0.004983399994671345,0.0003499999875202775,0.07951159996446222,0.1338164999615401,0.05341210006736219,0.011201800080016255,0.0188595000654459,0.0004085999680683017
0.6,Linear BTL,0,42,,-81.18154908557483,5,25.0,10.0,40.0,10,2,8,,,,0.002601900021545589,0.004333899938501418,0.0003168999683111906,0.11226480000186712,0.20477080007549375,0.09444860008079559,0.009650600026361644,0.012386400019749999,0.00028709997422993183
0.6,Linear BTL,1,43,,-74.0238608121056,3,9.523809523809524,0.0,13.793103448275861,4,0,4,,,,0.001229400048032403,0.002611299976706505,0.0002245999639853835,0.09953989996574819,0.13352899998426437,0.06491549999918789,0.0180740999057889,0.011739599984139204,0.0002294000005349517
0.6,Linear BTL,2,45,,-58.815125277346425,2,16.27906976744186,3.8461538461538463,35.294117647058826,7,1,6,,,,0.0013253999641165137,0.002343200030736625,0.00021989992819726467,0.08935230004135519,0.3596228000242263,0.05502560001332313,0.010828999918885529,0.008306800038553774,0.00023250002413988113
0.6,Linear BTL,3,48,,-58.75688601611705,0,13.333333333333334,0.0,27.272727272727273,6,0,6,,,,0.005790699971839786,0.006841100053861737,0.0001702000154182315,0.13647829997353256,0.13922339992132038,0.05221499991603196,0.0111521000508219,0.015328200068324804,0.0006101999897509813
0.6,Linear BTL,4,52,,-64.178902834018,5,5.0,0.0,9.090909090909092,2,0,2,,,,0.002673199982382357,0.004288699943572283,0.0003162999637424946,0.10601059999316931,0.1535573999863118,0.09768210002221167,0.013323300052434206,0.009478499996475875,0.00021970004308968782
0.6,Linear BTL,5,57,,-78.25144289086074,4,21.951219512195124,6.666666666666667,30.76923076923077,9,1,8,,,,0.007123099989257753,0.004208600032143295,0.0002188000362366438,0.10540700005367398,0.16176520008593798,0.1157033999916166,0.019167000078596175,0.018993500038050115,0.0003902000607922673
0.6,Linear BTL,6,63,,-83.56126226765258,7,18.42105263157895,0.0,24.137931034482758,7,0,7,,,,0.004988799919374287,0.002910899929702282,0.00041690003126859665,0.14925270003732294,0.3263629999710247,0.1263154000043869,0.014791400055401027,0.018113900092430413,0.00024480000138282776
0.6,Linear BTL,7,70,,-75.01137500904059,2,18.6046511627907,0.0,32.0,8,0,8,,,,0.0012512999819591641,0.0026804000372067094,0.0003108000382781029,0.37347310001496226,0.24094379995949566,0.2656953999539837,0.018134500016458333,0.027812000014819205,0.0009544000495225191
0.6,Linear BTL,8,78,,-67.1176766371887,2,20.930232558139537,8.695652173913043,35.0,9,2,7,,,,0.0026187999173998833,0.005043499986641109,0.0004763000179082155,0.14666470000520349,0.2634220999898389,0.06460439995862544,0.012294700019992888,0.017225700081326067,0.0004868999822065234
0.6,Linear BTL,9,87,,-64.54735444351563,0,11.11111111111111,4.3478260869565215,18.181818181818183,5,1,4,,,,0.0015524999471381307,0.0025994000025093555,5.8999983593821526e-05,0.06144399999175221,0.20649539993610233,0.07421509991399944,0.026167300064116716,0.01772879995405674,0.000762699986808002
0.6,Linear BTL,10,97,,-69.41335953654729,0,8.88888888888889,0.0,13.333333333333334,4,0,4,,,,0.002679899916984141,0.005068199941888452,9.380001574754715e-05,0.09327740001026541,0.16497140005230904,0.06190760002937168,0.011862099985592067,0.014043599949218333,0.00024839991237968206
0.6,Linear BTL,11,108,,-74.72121905285428,2,9.30232558139535,0.0,12.903225806451612,4,0,4,,,,0.001298299990594387,0.0027537000132724643,0.00020869995933026075,0.0752752999542281,0.11392320005688816,0.06862839998211712,0.009724300005473197,0.010732299997471273,0.0006307999137789011
0.6,Linear BTL,12,120,,-54.852473019794,0,11.11111111111111,7.407407407407407,16.666666666666668,5,2,3,,,,0.002104800078086555,0.0044034000020474195,8.999998681247234e-05,0.07301860000006855,0.1332784000551328,0.04213489999528974,0.015934400027617812,0.013902199920266867,0.00044760003220289946
0.6,Linear BTL,13,133,,-74.69733031774588,2,18.6046511627907,0.0,30.76923076923077,8,0,8,,,,0.0011100999545305967,0.0023846999974921346,0.00020030001178383827,0.08174489997327328,0.13239949999842793,0.06745879992377013,0.01573159999679774,0.009796799975447357,0.00023269990924745798
0.6,Linear BTL,14,147,,-87.71899360659587,5,22.5,0.0,26.470588235294116,9,0,9,,,,0.0011304999934509397,0.002419099910184741,0.00020359992049634457,0.07638620003126562,0.12813890003599226,0.05824310006573796,0.013168800040148199,0.007887299987487495,0.0002277999883517623
0.6,Linear BTL,15,162,,-79.8691728087257,3,14.285714285714286,0.0,17.647058823529413,6,0,6,,,,0.0011279000900685787,0.004217399982735515,0.00023150001652538776,0.07766850001644343,0.11544790002517402,0.04634709993842989,0.013166300021111965,0.011393300024792552,0.0004787000361829996
0.6,Linear BTL,16,178,,-64.20686665875307,1,13.636363636363637,0.0,27.272727272727273,6,0,6,,,,0.0014426999259740114,0.0028107999823987484,0.00022259994875639677,0.08923349995166063,0.16747370001394302,0.06581149995326996,0.008546299999579787,0.008352300035767257,0.00024189997930079699
0.6,Linear BTL,17,195,,-62.29816259905333,5,7.5,0.0,15.0,3,0,3,,,,0.0011245000641793013,0.004938600002788007,0.0002210000529885292,0.10365539998747408,0.12869820010382682,0.048342699999921024,0.015498199965804815,0.010900599998421967,0.00022130005527287722
0.6,Linear BTL,18,213,,-74.67715776545886,4,24.390243902439025,6.25,36.0,10,1,9,,,,0.0011338000185787678,0.0023410000139847398,0.0007240000413730741,0.08377619995735586,0.11997859994880855,0.04262159997597337,0.011446099961176515,0.0111445999937132,0.0004493000451475382
0.6,Linear BTL,19,232,,-74.80631869305047,6,10.256410256410257,0.0,16.0,4,0,4,,,,0.0020991999190300703,0.004983399994671345,0.0003499999875202775,0.07951159996446222,0.1338164999615401,0.05341210006736219,0.011201800080016255,0.0188595000654459,0.0004085999680683017
0.7,LP2 ($\theta$ Only),0,42,7.380833823198701e-05,,6,20.512820512820515,17.647058823529413,22.727272727272727,8,3,5,7.380833823198701e-05,40.0,60.0,0.003464599954895675,0.004849000019021332,0.000647100037895143,0.12260390003211796,0.09756949997972697,0.07314309990033507,0.014164100051857531,0.008857400040142238,0.0003968999953940511
0.7,LP2 ($\theta$ Only),1,43,9.064541825196366e-05,,5,20.0,7.6923076923076925,25.925925925925927,8,1,7,9.064541825196366e-05,40.0,60.0,0.001103700022213161,0.002388899913057685,0.0002025999128818512,0.07693350000772625,0.12970749998930842,0.05155819992069155,0.008535900036804378,0.00759910000488162,0.000228899996727705
0.7,LP2 ($\theta$ Only),2,45,0.00014787316729776678,,0,22.22222222222222,9.523809523809524,33.333333333333336,10,2,8,0.00014787316729776678,40.0,60.0,0.0011699000606313348,0.0037028000224381685,7.139996159821749e-05,0.06536300003062934,0.13642460003029555,0.053338299971073866,0.009610299952328205,0.01435529999434948,0.0002468000166118145
0.7,LP2 ($\theta$ Only),3,48,3.9617318762102404e-05,,3,7.142857142857143,9.523809523809524,4.761904761904762,3,2,1,3.9617318762102404e-05,20.0,80.0,0.005383800016716123,0.002960600075311959,0.00024389999452978373,0.057399900048039854,0.12600369995925575,0.04161110008135438,0.017018600017763674,0.017061299993656576,0.0004768000217154622
0.7,LP2 ($\theta$ Only),4,52,4.4910234685301685e-05,,7,7.894736842105263,0.0,11.538461538461538,3,0,3,4.4910234685301685e-05,30.0,70.0,0.002238400047644973,0.007550999987870455,0.00030129996594041586,0.09451299998909235,0.1202703999588266,0.04454929998610169,0.009477099985815585,0.009229799965396523,0.0003896999405696988
0.7,LP2 ($\theta$ Only),5,57,3.6965142551062286e-05,,9,13.88888888888889,0.0,20.0,5,0,5,3.696514255106229e-05,40.0,60.0,0.00111109996214509,0.0023430000292137265,0.000193099956959486,0.07612569991033524,0.10987210005987436,0.06036330002825707,0.00837280007544905,0.007966200006194413,0.00037100003100931644
0.7,LP2 ($\theta$ Only),6,63,7.365692026407893e-05,,11,17.647058823529413,0.0,20.0,6,0,6,7.365692026407894e-05,30.0,70.0,0.0011050999164581299,0.0023492000764235854,0.00035340001340955496,0.08084379998035729,0.10914840002078563,0.05554059997666627,0.006938799982890487,0.006410100031644106,0.00019670010078698397
0.7,LP2 ($\theta$ Only),7,70,0.00010156004252738085,,4,24.390243902439025,15.384615384615385,28.571428571428573,10,2,8,0.00010156004252738085,40.0,60.0,0.005387700046412647,0.005827700020745397,0.0004217000678181648,0.06975140003487468,0.1426370000699535,0.04595449997577816,0.012616500025615096,0.015212300000712276,0.0006700999801978469
0.7,LP2 ($\theta$ Only),8,78,0.0001293072073576076,,2,25.58139534883721,31.57894736842105,20.833333333333332,11,6,5,0.0001293072073576076,40.0,60.0,0.002288399962708354,0.005532899987883866,0.00046330003533512354,0.08748619991820306,0.11567259998992085,0.04991079994942993,0.017256599967367947,0.010267599951475859,0.0004395999712869525
0.7,LP2 ($\theta$ Only),9,87,5.506673816425139e-05,,2,4.651162790697675,4.761904761904762,4.545454545454546,2,1,1,5.506673816425139e-05,30.0,70.0,0.0011189000215381384,0.0024904999881982803,0.0002087999600917101,0.07470789994113147,0.0991296999854967,0.06762980006169528,0.010269600083120167,0.010279600042849779,0.00023509992752224207
0.7,LP2 ($\theta$ Only),10,97,0.00010437209576348949,,0,20.0,0.0,25.0,9,0,9,0.00010437209576348949,30.0,70.0,0.0011045000283047557,0.0022603999823331833,5.7399971410632133e-05,0.16530870005954057,0.20842649997211993,0.061532100080512464,0.010410499991849065,0.01170609996188432,0.0005027999868616462
0.7,LP2 ($\theta$ Only),11,108,2.5857210927212064e-05,,3,4.761904761904762,0.0,6.0606060606060606,2,0,2,2.5857210927212064e-05,20.0,80.0,0.0021387001033872366,0.004775200039148331,0.00034469994716346264,0.060897700022906065,0.20601369999349117,0.0707222999772057,0.015271599986590445,0.014342600014060736,0.00022639997769147158
0.7,LP2 ($\theta$ Only),12,120,8.012018748912995e-05,,1,6.818181818181818,0.0,18.75,3,0,3,8.012018748912995e-05,20.0,80.0,0.003870300017297268,0.0022163999965414405,0.0002074000658467412,0.06474279996473342,0.15006100002210587,0.07781730010174215,0.009033999987877905,0.010192999965511262,0.00023889995645731688
0.7,LP2 ($\theta$ Only),13,133,2.170605399916635e-05,,7,7.894736842105263,12.5,4.545454545454546,3,2,1,2.170605399916635e-05,10.0,90.0,0.0011393000604584813,0.002461399999447167,0.00020410004071891308,0.07898510002996773,0.131186299957335,0.05430219997651875,0.00941420008894056,0.0071078999899327755,0.0002109999768435955
0.7,LP2 ($\theta$ Only),14,147,6.768315228845875e-05,,7,15.789473684210526,20.0,15.151515151515152,6,1,5,6.768315228845876e-05,30.0,70.0,0.0011282999766990542,0.005523900035768747,0.0004257000982761383,0.09834339993540198,0.11845890001859516,0.04317300010006875,0.009673999971710145,0.007877600030042231,0.0005265000509098172
0.7,LP2 ($\theta$ Only),15,162,0.00011385863701958715,,3,23.80952380952381,33.333333333333336,22.22222222222222,10,2,8,0.00011385863701958715,40.0,60.0,0.0024685999378561974,0.00336019997484982,0.00031160004436969757,0.08226739999372512,0.14773420011624694,0.09361550002358854,0.015540599939413369,0.01585009996779263,0.00022909999825060368
0.7,LP2 ($\theta$ Only),16,178,0.00011364340157905584,,1,18.181818181818183,10.526315789473685,24.0,8,2,6,0.00011364340157905584,40.0,60.0,0.0011211000382900238,0.007136399974115193,0.0016633999766781926,0.091690200031735,0.18084840010851622,0.06408569996710867,0.023754999972879887,0.013277599937282503,0.00024850002955645323
0.7,LP2 ($\theta$ Only),17,195,0.0,,5,0.0,0.0,0.0,0,0,0,0.0,0.0,100.0,0.0012829999905079603,0.005904400022700429,0.00032320001628249884,0.12881090003065765,0.16294459998607635,0.10701239993795753,0.015751699917018414,0.020073699997738004,0.0006216000765562057
0.7,LP2 ($\theta$ Only),18,213,0.00012499485847308674,,7,23.68421052631579,0.0,31.03448275862069,9,0,9,0.00012499485847308674,40.0,60.0,0.002273400081321597,0.01023190002888441,0.000394799979403615,0.0774484999710694,0.1370044999057427,0.0752405000384897,0.013173999963328242,0.01170759997330606,0.00021500000730156898
0.7,LP2 ($\theta$ Only),19,232,9.380465347863401e-05,,7,18.42105263157895,22.22222222222222,17.24137931034483,7,2,5,9.380465347863401e-05,40.0,60.0,0.001308599952608347,0.0031296999659389257,0.000537899904884398,0.08178129990119487,0.12382029998116195,0.058450200012885034,0.013228299911133945,0.015721000032499433,0.00026490003801882267
0.7,LP3 ($\theta$ Only),0,42,0.0015752974494674884,,6,20.512820512820515,11.764705882352942,27.272727272727273,8,2,6,9.24669445622523e-05,80.0,20.0,0.003464599954895675,0.004849000019021332,0.000647100037895143,0.12260390003211796,0.09756949997972697,0.07314309990033507,0.014164100051857531,0.008857400040142238,0.0003968999953940511
0.7,LP3 ($\theta$ Only),1,43,0.00168707451700796,,5,15.0,0.0,22.22222222222222,6,0,6,0.00011702224177466959,90.0,10.0,0.001103700022213161,0.002388899913057685,0.0002025999128818512,0.07693350000772625,0.12970749998930842,0.05155819992069155,0.008535900036804378,0.00759910000488162,0.000228899996727705
0.7,LP3 ($\theta$ Only),2,45,0.0025775797991464833,,0,24.444444444444443,0.0,45.833333333333336,11,0,11,0.00019883623905752768,90.0,10.0,0.0011699000606313348,0.0037028000224381685,7.139996159821749e-05,0.06536300003062934,0.13642460003029555,0.053338299971073866,0.009610299952328205,0.01435529999434948,0.0002468000166118145
0.7,LP3 ($\theta$ Only),3,48,0.0008980985444999607,,3,11.904761904761905,4.761904761904762,19.047619047619047,5,1,4,5.912392698112157e-05,90.0,10.0,0.005383800016716123,0.002960600075311959,0.00024389999452978373,0.057399900048039854,0.12600369995925575,0.04161110008135438,0.017018600017763674,0.017061299993656576,0.0004768000217154622
0.7,LP3 ($\theta$ Only),4,52,0.0005931248388254976,,7,7.894736842105263,0.0,11.538461538461538,3,0,3,5.3920439893227054e-05,50.0,50.0,0.002238400047644973,0.007550999987870455,0.00030129996594041586,0.09451299998909235,0.1202703999588266,0.04454929998610169,0.009477099985815585,0.009229799965396523,0.0003896999405696988
0.7,LP3 ($\theta$ Only),5,57,0.0005930450960673043,,9,5.555555555555555,0.0,8.0,2,0,2,4.482228146066403e-05,20.0,80.0,0.00111109996214509,0.0023430000292137265,0.000193099956959486,0.07612569991033524,0.10987210005987436,0.06036330002825707,0.00837280007544905,0.007966200006194413,0.00037100003100931644
0.7,LP3 ($\theta$ Only),6,63,0.0012973177151483998,,11,17.647058823529413,0.0,20.0,6,0,6,0.00012144567580722687,90.0,10.0,0.0011050999164581299,0.0023492000764235854,0.00035340001340955496,0.08084379998035729,0.10914840002078563,0.05554059997666627,0.006938799982890487,0.006410100031644106,0.00019670010078698397
0.7,LP3 ($\theta$ Only),7,70,0.0015027067643033692,,4,9.75609756097561,0.0,14.285714285714286,4,0,4,0.0001404398649783146,70.0,30.0,0.005387700046412647,0.005827700020745397,0.0004217000678181648,0.06975140003487468,0.1426370000699535,0.04595449997577816,0.012616500025615096,0.015212300000712276,0.0006700999801978469
0.7,LP3 ($\theta$ Only),8,78,0.0032652543673483904,,2,34.883720930232556,36.8421052631579,33.333333333333336,15,7,8,0.0001837365845895584,80.0,20.0,0.002288399962708354,0.005532899987883866,0.00046330003533512354,0.08748619991820306,0.11567259998992085,0.04991079994942993,0.017256599967367947,0.010267599951475859,0.0004395999712869525
0.7,LP3 ($\theta$ Only),9,87,0.0007810487565647999,,2,6.976744186046512,9.523809523809524,4.545454545454546,3,2,1,6.575763977559235e-05,70.0,30.0,0.0011189000215381384,0.0024904999881982803,0.0002087999600917101,0.07470789994113147,0.0991296999854967,0.06762980006169528,0.010269600083120167,0.010279600042849779,0.00023509992752224207
0.7,LP3 ($\theta$ Only),10,97,0.001764373970585481,,0,17.77777777777778,0.0,22.22222222222222,8,0,8,0.00015249626839738763,90.0,10.0,0.0011045000283047557,0.0022603999823331833,5.7399971410632133e-05,0.16530870005954057,0.20842649997211993,0.061532100080512464,0.010410499991849065,0.01170609996188432,0.0005027999868616462
0.7,LP3 ($\theta$ Only),11,108,0.00032393485663614077,,3,2.380952380952381,0.0,3.0303030303030303,1,0,1,2.9448623330558254e-05,20.0,80.0,0.0021387001033872366,0.004775200039148331,0.00034469994716346264,0.060897700022906065,0.20601369999349117,0.0707222999772057,0.015271599986590445,0.014342600014060736,0.00022639997769147158
0.7,LP3 ($\theta$ Only),12,120,0.0008971694887112306,,1,9.090909090909092,0.0,25.0,4,0,4,9.065177170102094e-05,50.0,50.0,0.003870300017297268,0.0022163999965414405,0.0002074000658467412,0.06474279996473342,0.15006100002210587,0.07781730010174215,0.009033999987877905,0.010192999965511262,0.00023889995645731688
0.7,LP3 ($\theta$ Only),13,133,0.0003957116770163258,,7,2.6315789473684212,0.0,4.545454545454546,1,0,1,3.597378881966598e-05,20.0,80.0,0.0011393000604584813,0.002461399999447167,0.00020410004071891308,0.07898510002996773,0.131186299957335,0.05430219997651875,0.00941420008894056,0.0071078999899327755,0.0002109999768435955
0.7,LP3 ($\theta$ Only),14,147,0.0011580601987649767,,7,10.526315789473685,0.0,12.121212121212121,4,0,4,8.769213735890488e-05,60.0,40.0,0.0011282999766990542,0.005523900035768747,0.0004257000982761383,0.09834339993540198,0.11845890001859516,0.04317300010006875,0.009673999971710145,0.007877600030042231,0.0005265000509098172
0.7,LP3 ($\theta$ Only),15,162,0.0020796893427899414,,3,19.047619047619047,16.666666666666668,19.444444444444443,8,1,7,0.00015507891745254783,90.0,10.0,0.0024685999378561974,0.00336019997484982,0.00031160004436969757,0.08226739999372512,0.14773420011624694,0.09361550002358854,0.015540599939413369,0.01585009996779263,0.00022909999825060368
0.7,LP3 ($\theta$ Only),16,178,0.002290847812888806,,1,25.0,15.789473684210526,32.0,11,3,8,0.0001813773141066898,80.0,20.0,0.0011211000382900238,0.007136399974115193,0.0016633999766781926,0.091690200031735,0.18084840010851622,0.06408569996710867,0.023754999972879887,0.013277599937282503,0.00024850002955645323
0.7,LP3 ($\theta$ Only),17,195,0.0,,5,0.0,0.0,0.0,0,0,0,0.0,0.0,100.0,0.0012829999905079603,0.005904400022700429,0.00032320001628249884,0.12881090003065765,0.16294459998607635,0.10701239993795753,0.015751699917018414,0.020073699997738004,0.0006216000765562057
0.7,LP3 ($\theta$ Only),18,213,0.0023348992373257065,,7,21.05263157894737,0.0,27.586206896551722,8,0,8,0.00017107809980032598,90.0,10.0,0.002273400081321597,0.01023190002888441,0.000394799979403615,0.0774484999710694,0.1370044999057427,0.0752405000384897,0.013173999963328242,0.01170759997330606,0.00021500000730156898
0.7,LP3 ($\theta$ Only),19,232,0.002169685998094186,,7,26.31578947368421,22.22222222222222,27.586206896551722,10,2,8,0.00011967829523673922,70.0,30.0,0.001308599952608347,0.0031296999659389257,0.000537899904884398,0.08178129990119487,0.12382029998116195,0.058450200012885034,0.013228299911133945,0.015721000032499433,0.00026490003801882267
0.7,Linear BTL,0,42,,-77.17583448696585,6,17.94871794871795,11.764705882352942,22.727272727272727,7,2,5,,,,0.003464599954895675,0.004849000019021332,0.000647100037895143,0.12260390003211796,0.09756949997972697,0.07314309990033507,0.014164100051857531,0.008857400040142238,0.0003968999953940511
0.7,Linear BTL,1,43,,-80.59783753414959,5,22.5,7.6923076923076925,29.62962962962963,9,1,8,,,,0.001103700022213161,0.002388899913057685,0.0002025999128818512,0.07693350000772625,0.12970749998930842,0.05155819992069155,0.008535900036804378,0.00759910000488162,0.000228899996727705
0.7,Linear BTL,2,45,,-66.65659113442354,0,28.88888888888889,0.0,54.166666666666664,13,0,13,,,,0.0011699000606313348,0.0037028000224381685,7.139996159821749e-05,0.06536300003062934,0.13642460003029555,0.053338299971073866,0.009610299952328205,0.01435529999434948,0.0002468000166118145
0.7,Linear BTL,3,48,,-64.69721066629113,3,9.523809523809524,4.761904761904762,14.285714285714286,4,1,3,,,,0.005383800016716123,0.002960600075311959,0.00024389999452978373,0.057399900048039854,0.12600369995925575,0.04161110008135438,0.017018600017763674,0.017061299993656576,0.0004768000217154622
0.7,Linear BTL,4,52,,-76.30932394024369,7,10.526315789473685,0.0,15.384615384615385,4,0,4,,,,0.002238400047644973,0.007550999987870455,0.00030129996594041586,0.09451299998909235,0.1202703999588266,0.04454929998610169,0.009477099985815585,0.009229799965396523,0.0003896999405696988
0.7,Linear BTL,5,57,,-79.43711790127054,9,11.11111111111111,0.0,16.0,4,0,4,,,,0.00111109996214509,0.0023430000292137265,0.000193099956959486,0.07612569991033524,0.10987210005987436,0.06036330002825707,0.00837280007544905,0.007966200006194413,0.00037100003100931644
0.7,Linear BTL,6,63,,-88.80986274683873,11,14.705882352941176,0.0,16.666666666666668,5,0,5,,,,0.0011050999164581299,0.0023492000764235854,0.00035340001340955496,0.08084379998035729,0.10914840002078563,0.05554059997666627,0.006938799982890487,0.006410100031644106,0.00019670010078698397
0.7,Linear BTL,7,70,,-79.91674340361807,4,26.829268292682926,0.0,39.285714285714285,11,0,11,,,,0.005387700046412647,0.005827700020745397,0.0004217000678181648,0.06975140003487468,0.1426370000699535,0.04595449997577816,0.012616500025615096,0.015212300000712276,0.0006700999801978469
0.7,Linear BTL,8,78,,-87.01176953692274,2,27.906976744186046,21.05263157894737,33.333333333333336,12,4,8,,,,0.002288399962708354,0.005532899987883866,0.00046330003533512354,0.08748619991820306,0.11567259998992085,0.04991079994942993,0.017256599967367947,0.010267599951475859,0.0004395999712869525
0.7,Linear BTL,9,87,,-70.24508240199064,2,11.627906976744185,14.285714285714286,9.090909090909092,5,3,2,,,,0.0011189000215381384,0.0024904999881982803,0.0002087999600917101,0.07470789994113147,0.0991296999854967,0.06762980006169528,0.010269600083120167,0.010279600042849779,0.00023509992752224207
0.7,Linear BTL,10,97,,-83.40093559254717,0,17.77777777777778,0.0,22.22222222222222,8,0,8,,,,0.0011045000283047557,0.0022603999823331833,5.7399971410632133e-05,0.16530870005954057,0.20842649997211993,0.061532100080512464,0.010410499991849065,0.01170609996188432,0.0005027999868616462
0.7,Linear BTL,11,108,,-78.52062412741103,3,4.761904761904762,0.0,6.0606060606060606,2,0,2,,,,0.0021387001033872366,0.004775200039148331,0.00034469994716346264,0.060897700022906065,0.20601369999349117,0.0707222999772057,0.015271599986590445,0.014342600014060736,0.00022639997769147158
0.7,Linear BTL,12,120,,-47.915963893231435,1,13.636363636363637,0.0,37.5,6,0,6,,,,0.003870300017297268,0.0022163999965414405,0.0002074000658467412,0.06474279996473342,0.15006100002210587,0.07781730010174215,0.009033999987877905,0.010192999965511262,0.00023889995645731688
0.7,Linear BTL,13,133,,-73.36808970006255,7,5.2631578947368425,0.0,9.090909090909092,2,0,2,,,,0.0011393000604584813,0.002461399999447167,0.00020410004071891308,0.07898510002996773,0.131186299957335,0.05430219997651875,0.00941420008894056,0.0071078999899327755,0.0002109999768435955
0.7,Linear BTL,14,147,,-88.92273174733086,7,21.05263157894737,0.0,24.242424242424242,8,0,8,,,,0.0011282999766990542,0.005523900035768747,0.0004257000982761383,0.09834339993540198,0.11845890001859516,0.04317300010006875,0.009673999971710145,0.007877600030042231,0.0005265000509098172
0.7,Linear BTL,15,162,,-87.82111677679447,3,21.428571428571427,16.666666666666668,22.22222222222222,9,1,8,,,,0.0024685999378561974,0.00336019997484982,0.00031160004436969757,0.08226739999372512,0.14773420011624694,0.09361550002358854,0.015540599939413369,0.01585009996779263,0.00022909999825060368
0.7,Linear BTL,16,178,,-75.59041604762245,1,25.0,15.789473684210526,32.0,11,3,8,,,,0.0011211000382900238,0.007136399974115193,0.0016633999766781926,0.091690200031735,0.18084840010851622,0.06408569996710867,0.023754999972879887,0.013277599937282503,0.00024850002955645323
0.7,Linear BTL,17,195,,-64.8459115151621,5,0.0,0.0,0.0,0,0,0,,,,0.0012829999905079603,0.005904400022700429,0.00032320001628249884,0.12881090003065765,0.16294459998607635,0.10701239993795753,0.015751699917018414,0.020073699997738004,0.0006216000765562057
0.7,Linear BTL,18,213,,-85.83081930868968,7,28.94736842105263,0.0,37.93103448275862,11,0,11,,,,0.002273400081321597,0.01023190002888441,0.000394799979403615,0.0774484999710694,0.1370044999057427,0.0752405000384897,0.013173999963328242,0.01170759997330606,0.00021500000730156898
0.7,Linear BTL,19,232,,-86.35512428946154,7,28.94736842105263,0.0,37.93103448275862,11,0,11,,,,0.001308599952608347,0.0031296999659389257,0.000537899904884398,0.08178129990119487,0.12382029998116195,0.058450200012885034,0.013228299911133945,0.015721000032499433,0.00026490003801882267
0.8,LP2 ($\theta$ Only),0,42,8.47877580940277e-05,,1,13.636363636363637,12.5,14.285714285714286,6,2,4,8.478775809402771e-05,30.0,70.0,0.0022702000569552183,0.005785000044852495,0.0004605000140145421,0.4409174000611529,0.20144730003084987,0.12757849995978177,0.014754300005733967,0.018492500064894557,0.00024480000138282776
0.8,LP2 ($\theta$ Only),1,43,8.185773651486204e-05,,7,15.789473684210526,0.0,19.35483870967742,6,0,6,8.185773651486204e-05,40.0,60.0,0.001151299919001758,0.003521300037391484,0.0003053999971598387,0.08534770004916936,0.15533640002831817,0.05762269999831915,0.01352989999577403,0.011784099973738194,0.0005645999917760491
0.8,LP2 ($\theta$ Only),2,45,4.61998953452123e-05,,0,8.88888888888889,0.0,16.666666666666668,4,0,4,4.61998953452123e-05,10.0,90.0,0.0021481000585481524,0.0038871000288054347,6.130000110715628e-05,0.11136829992756248,0.161300600040704,0.045869800029322505,0.013412800035439432,0.02467360009904951,0.0005007999716326594
0.8,LP2 ($\theta$ Only),3,48,0.00012694646285663034,,1,25.0,35.0,16.666666666666668,11,7,4,0.00012694646285663034,40.0,60.0,0.0015468000201508403,0.008957199985161424,0.0005405000410974026,0.11425880005117506,0.14167060004547238,0.06454829999711365,0.008419700083322823,0.009125800104811788,0.00044049997813999653
0.8,LP2 ($\theta$ Only),4,52,5.535922369038353e-05,,7,5.2631578947368425,0.0,6.451612903225806,2,0,2,5.535922369038353e-05,20.0,80.0,0.001114899991080165,0.0023140000412240624,0.00019189994782209396,0.07881239999551326,0.10277909995056689,0.07152950007002801,0.014154699980281293,0.010885900002904236,0.00021049997303634882
0.8,LP2 ($\theta$ Only),5,57,6.999327996290706e-05,,6,15.384615384615385,0.0,16.666666666666668,6,0,6,6.999327996290706e-05,40.0,60.0,0.005691200029104948,0.0024793000193312764,0.00020480004604905844,0.07893570000305772,0.11416539992205799,0.049553200020454824,0.016804499900899827,0.011157599976286292,0.0002476000227034092
0.8,LP2 ($\theta$ Only),6,63,0.0001140355471505478,,8,18.91891891891892,0.0,20.58823529411765,7,0,7,0.00011403554715054781,40.0,60.0,0.002852399949915707,0.005238399957306683,0.0004287000047042966,0.08214279997628182,0.10048709996044636,0.04746569995768368,0.007230799994431436,0.008863700088113546,0.00021169998217374086
0.8,LP2 ($\theta$ Only),7,70,0.00010366273502732348,,7,23.68421052631579,10.0,28.571428571428573,9,1,8,0.00010366273502732348,40.0,60.0,0.0011366999242454767,0.0022098999470472336,0.00020590005442500114,0.08684849995188415,0.163690899964422,0.04809329996351153,0.015025800094008446,0.013276600046083331,0.0005010000895708799
0.8,LP2 ($\theta$ Only),8,78,0.0001045251254924156,,3,23.80952380952381,20.0,27.272727272727273,10,4,6,0.0001045251254924156,40.0,60.0,0.001802000100724399,0.003369600046426058,0.00029889994766563177,0.07242390001192689,0.13577449996955693,0.03968039993196726,0.015077000018209219,0.01728140003979206,0.00045160006266087294
0.8,LP2 ($\theta$ Only),9,87,0.0,,2,0.0,0.0,0.0,0,0,0,0.0,0.0,100.0,0.0024004000006243587,0.004353599972091615,0.00037619995418936014,0.08640240004751831,0.11651199997868389,0.06781690008938313,0.008068399969488382,0.014737299992702901,0.00046529993414878845
0.8,LP2 ($\theta$ Only),10,97,7.075231416781823e-05,,4,9.75609756097561,18.181818181818183,6.666666666666667,4,2,2,7.075231416781823e-05,40.0,60.0,0.0018337999936193228,0.004702599951997399,0.0003575000446289778,0.09191109996754676,0.16993760003242642,0.09226590010803193,0.012300700065679848,0.012486700084991753,0.00023840006906539202
0.8,LP2 ($\theta$ Only),11,108,7.698253169107442e-05,,5,15.0,16.666666666666668,14.705882352941176,6,1,5,7.698253169107442e-05,30.0,70.0,0.0011511999182403088,0.0023360999766737223,0.00021139997988939285,0.0633749000262469,0.1268906999612227,0.05954020004719496,0.015162999974563718,0.017467499943450093,0.00022590009029954672
0.8,LP2 ($\theta$ Only),12,120,7.154195081448669e-05,,0,11.11111111111111,0.0,27.77777777777778,5,0,5,7.154195081448669e-05,20.0,80.0,0.0013153000036254525,0.0026518000522628427,6.350001785904169e-05,0.089498299988918,0.12959759996738285,0.05642719997558743,0.017336599994450808,0.011198899941518903,0.00024690001737326384
0.8,LP2 ($\theta$ Only),13,133,0.00015012477407563737,,3,26.19047619047619,18.181818181818183,29.032258064516128,11,2,9,0.00015012477407563737,30.0,70.0,0.0011205000337213278,0.004891699994914234,0.0003656999906525016,0.07619789999444038,0.12680880003608763,0.04047889995854348,0.012088499963283539,0.01833330001682043,0.00048479996621608734
0.8,LP2 ($\theta$ Only),14,147,0.00014114053662483354,,6,33.333333333333336,0.0,35.13513513513514,13,0,13,0.00014114053662483354,40.0,60.0,0.0023400000063702464,0.004648500005714595,0.0004759000148624182,0.09157159994356334,0.13471669994760305,0.07595229998696595,0.010769099928438663,0.008676699944771826,0.00024069997016340494
0.8,LP2 ($\theta$ Only),15,162,0.00011981992267740434,,3,28.571428571428573,20.0,29.72972972972973,12,1,11,0.00011981992267740434,30.0,70.0,0.006328299990855157,0.00486270000692457,0.00034460006281733513,0.2021146999904886,0.17191710008773953,0.10643780010286719,0.009658799972385168,0.010619499953463674,0.00046769995242357254
0.8,LP2 ($\theta$ Only),16,178,0.00010177803080404517,,2,18.6046511627907,17.647058823529413,19.23076923076923,8,3,5,0.00010177803080404517,40.0,60.0,0.0021472000516951084,0.004985500010661781,0.00038029998540878296,0.0936443000100553,0.1721354000037536,0.11518100008834153,0.016508999979123473,0.015931000001728535,0.00042890000622719526
0.8,LP2 ($\theta$ Only),17,195,0.0,,7,0.0,0.0,0.0,0,0,0,0.0,0.0,100.0,0.001847200095653534,0.004459399962797761,0.00034799997229129076,0.11750870000105351,0.17740320006851107,0.10730040003545582,0.009829499991610646,0.006947800051420927,0.00021189998369663954
0.8,LP2 ($\theta$ Only),18,213,7.093907141754284e-05,,9,16.666666666666668,0.0,18.181818181818183,6,0,6,7.093907141754284e-05,40.0,60.0,0.0011678000446408987,0.004648300004191697,0.0003470000810921192,0.1166803000960499,0.1595521999988705,0.069713200093247,0.015045100008137524,0.015263300039805472,0.00041830004192888737
0.8,LP2 ($\theta$ Only),19,232,0.0,,6,0.0,0.0,0.0,0,0,0,0.0,0.0,100.0,0.0026274999836459756,0.006593400030396879,0.0005246000364422798,0.08962210000026971,0.15326210006605834,0.04027630004566163,0.009673900087364018,0.008470000000670552,0.0002226999495178461
0.8,LP3 ($\theta$ Only),0,42,0.0016791429247072036,,1,18.181818181818183,12.5,21.428571428571427,8,2,6,0.0001640994577462713,90.0,10.0,0.0022702000569552183,0.005785000044852495,0.0004605000140145421,0.4409174000611529,0.20144730003084987,0.12757849995978177,0.014754300005733967,0.018492500064894557,0.00024480000138282776
0.8,LP3 ($\theta$ Only),1,43,0.001315358902992913,,7,13.157894736842104,0.0,16.129032258064516,5,0,5,0.00010821610880071659,80.0,20.0,0.001151299919001758,0.003521300037391484,0.0003053999971598387,0.08534770004916936,0.15533640002831817,0.05762269999831915,0.01352989999577403,0.011784099973738194,0.0005645999917760491
0.8,LP3 ($\theta$ Only),2,45,0.0009647199908326318,,0,11.11111111111111,0.0,20.833333333333332,5,0,5,7.42089828004142e-05,50.0,50.0,0.0021481000585481524,0.0038871000288054347,6.130000110715628e-05,0.11136829992756248,0.161300600040704,0.045869800029322505,0.013412800035439432,0.02467360009904951,0.0005007999716326594
0.8,LP3 ($\theta$ Only),3,48,0.001665378395955255,,1,9.090909090909092,0.0,16.666666666666668,4,0,4,0.00017083989278904893,80.0,20.0,0.0015468000201508403,0.008957199985161424,0.0005405000410974026,0.11425880005117506,0.14167060004547238,0.06454829999711365,0.008419700083322823,0.009125800104811788,0.00044049997813999653
0.8,LP3 ($\theta$ Only),4,52,0.0004963460263289275,,7,2.6315789473684212,0.0,3.225806451612903,1,0,1,6.330418421172067e-05,50.0,50.0,0.001114899991080165,0.0023140000412240624,0.00019189994782209396,0.07881239999551326,0.10277909995056689,0.07152950007002801,0.014154699980281293,0.010885900002904236,0.00021049997303634882
0.8,LP3 ($\theta$ Only),5,57,0.001596082452650037,,6,15.384615384615385,0.0,16.666666666666668,6,0,6,9.357322994051938e-05,80.0,20.0,0.005691200029104948,0.0024793000193312764,0.00020480004604905844,0.07893570000305772,0.11416539992205799,0.049553200020454824,0.016804499900899827,0.011157599976286292,0.0002476000227034092
0.8,LP3 ($\theta$ Only),6,63,0.0020597252629438994,,8,24.324324324324323,0.0,26.470588235294116,9,0,9,0.00012775459883101778,60.0,40.0,0.002852399949915707,0.005238399957306683,0.0004287000047042966,0.08214279997628182,0.10048709996044636,0.04746569995768368,0.007230799994431436,0.008863700088113546,0.00021169998217374086
0.8,LP3 ($\theta$ Only),7,70,0.0018327319912147565,,7,18.42105263157895,0.0,25.0,7,0,7,0.00012885802551520763,90.0,10.0,0.0011366999242454767,0.0022098999470472336,0.00020590005442500114,0.08684849995188415,0.163690899964422,0.04809329996351153,0.015025800094008446,0.013276600046083331,0.0005010000895708799
0.8,LP3 ($\theta$ Only),8,78,0.0021541188419832366,,3,21.428571428571427,20.0,22.727272727272727,9,4,5,0.00013195768571465098,60.0,40.0,0.001802000100724399,0.003369600046426058,0.00029889994766563177,0.07242390001192689,0.13577449996955693,0.03968039993196726,0.015077000018209219,0.01728140003979206,0.00045160006266087294
0.8,LP3 ($\theta$ Only),9,87,0.0,,2,0.0,0.0,0.0,0,0,0,0.0,0.0,100.0,0.0024004000006243587,0.004353599972091615,0.00037619995418936014,0.08640240004751831,0.11651199997868389,0.06781690008938313,0.008068399969488382,0.014737299992702901,0.00046529993414878845
0.8,LP3 ($\theta$ Only),10,97,0.001088049809229448,,4,14.634146341463415,18.181818181818183,13.333333333333334,6,2,4,9.71456260579047e-05,70.0,30.0,0.0018337999936193228,0.004702599951997399,0.0003575000446289778,0.09191109996754676,0.16993760003242642,0.09226590010803193,0.012300700065679848,0.012486700084991753,0.00023840006906539202
0.8,LP3 ($\theta$ Only),11,108,0.0014025363023439277,,5,15.0,16.666666666666668,14.705882352941176,6,1,5,0.000111466015880032,70.0,30.0,0.0011511999182403088,0.0023360999766737223,0.00021139997988939285,0.0633749000262469,0.1268906999612227,0.05954020004719496,0.015162999974563718,0.017467499943450093,0.00022590009029954672
0.8,LP3 ($\theta$ Only),12,120,0.0014268692890072687,,0,13.333333333333334,0.0,33.333333333333336,6,0,6,0.0001168738185500283,70.0,30.0,0.0013153000036254525,0.0026518000522628427,6.350001785904169e-05,0.089498299988918,0.12959759996738285,0.05642719997558743,0.017336599994450808,0.011198899941518903,0.00024690001737326384
0.8,LP3 ($\theta$ Only),13,133,0.0028995818111523085,,3,28.571428571428573,9.090909090909092,35.483870967741936,12,1,11,0.00019775006870516987,90.0,10.0,0.0011205000337213278,0.004891699994914234,0.0003656999906525016,0.07619789999444038,0.12680880003608763,0.04047889995854348,0.012088499963283539,0.01833330001682043,0.00048479996621608734
0.8,LP3 ($\theta$ Only),14,147,0.0029856703336833042,,6,35.8974358974359,0.0,37.83783783783784,14,0,14,0.00016855334517310171,90.0,10.0,0.0023400000063702464,0.004648500005714595,0.0004759000148624182,0.09157159994356334,0.13471669994760305,0.07595229998696595,0.010769099928438663,0.008676699944771826,0.00024069997016340494
0.8,LP3 ($\theta$ Only),15,162,0.002644267501526021,,3,28.571428571428573,0.0,32.432432432432435,12,0,12,0.0001758439339987781,90.0,10.0,0.006328299990855157,0.00486270000692457,0.00034460006281733513,0.2021146999904886,0.17191710008773953,0.10643780010286719,0.009658799972385168,0.010619499953463674,0.00046769995242357254
0.8,LP3 ($\theta$ Only),16,178,0.0016623228834763077,,2,13.953488372093023,5.882352941176471,19.23076923076923,6,1,5,0.00015860075904628606,90.0,10.0,0.0021472000516951084,0.004985500010661781,0.00038029998540878296,0.0936443000100553,0.1721354000037536,0.11518100008834153,0.016508999979123473,0.015931000001728535,0.00042890000622719526
0.8,LP3 ($\theta$ Only),17,195,0.0,,7,0.0,0.0,0.0,0,0,0,0.0,0.0,100.0,0.001847200095653534,0.004459399962797761,0.00034799997229129076,0.11750870000105351,0.17740320006851107,0.10730040003545582,0.009829499991610646,0.006947800051420927,0.00021189998369663954
0.8,LP3 ($\theta$ Only),18,213,0.0010674079882530977,,9,11.11111111111111,0.0,12.121212121212121,4,0,4,9.70370898411907e-05,50.0,50.0,0.0011678000446408987,0.004648300004191697,0.0003470000810921192,0.1166803000960499,0.1595521999988705,0.069713200093247,0.015045100008137524,0.015263300039805472,0.00041830004192888737
0.8,LP3 ($\theta$ Only),19,232,0.0,,6,0.0,0.0,0.0,0,0,0,0.0,0.0,100.0,0.0026274999836459756,0.006593400030396879,0.0005246000364422798,0.08962210000026971,0.15326210006605834,0.04027630004566163,0.009673900087364018,0.008470000000670552,0.0002226999495178461
0.8,Linear BTL,0,42,,-78.28218826752513,1,20.454545454545453,12.5,25.0,9,2,7,,,,0.0022702000569552183,0.005785000044852495,0.0004605000140145421,0.4409174000611529,0.20144730003084987,0.12757849995978177,0.014754300005733967,0.018492500064894557,0.00024480000138282776
0.8,Linear BTL,1,43,,-85.71072952592678,7,18.42105263157895,0.0,22.580645161290324,7,0,7,,,,0.001151299919001758,0.003521300037391484,0.0003053999971598387,0.08534770004916936,0.15533640002831817,0.05762269999831915,0.01352989999577403,0.011784099973738194,0.0005645999917760491
0.8,Linear BTL,2,45,,-57.58954357797169,0,15.555555555555555,0.0,29.166666666666668,7,0,7,,,,0.0021481000585481524,0.0038871000288054347,6.130000110715628e-05,0.11136829992756248,0.161300600040704,0.045869800029322505,0.013412800035439432,0.02467360009904951,0.0005007999716326594
0.8,Linear BTL,3,48,,-72.30432975678892,1,13.636363636363637,0.0,25.0,6,0,6,,,,0.0015468000201508403,0.008957199985161424,0.0005405000410974026,0.11425880005117506,0.14167060004547238,0.06454829999711365,0.008419700083322823,0.009125800104811788,0.00044049997813999653
0.8,Linear BTL,4,52,,-85.52424273342903,7,7.894736842105263,0.0,9.67741935483871,3,0,3,,,,0.001114899991080165,0.0023140000412240624,0.00019189994782209396,0.07881239999551326,0.10277909995056689,0.07152950007002801,0.014154699980281293,0.010885900002904236,0.00021049997303634882
0.8,Linear BTL,5,57,,-90.174910421573,6,15.384615384615385,0.0,16.666666666666668,6,0,6,,,,0.005691200029104948,0.0024793000193312764,0.00020480004604905844,0.07893570000305772,0.11416539992205799,0.049553200020454824,0.016804499900899827,0.011157599976286292,0.0002476000227034092
0.8,Linear BTL,6,63,,-89.79286521485105,8,35.13513513513514,0.0,38.23529411764706,13,0,13,,,,0.002852399949915707,0.005238399957306683,0.0004287000047042966,0.08214279997628182,0.10048709996044636,0.04746569995768368,0.007230799994431436,0.008863700088113546,0.00021169998217374086
0.8,Linear BTL,7,70,,-83.88672764899967,7,21.05263157894737,0.0,28.571428571428573,8,0,8,,,,0.0011366999242454767,0.0022098999470472336,0.00020590005442500114,0.08684849995188415,0.163690899964422,0.04809329996351153,0.015025800094008446,0.013276600046083331,0.0005010000895708799
0.8,Linear BTL,8,78,,-79.17835164950199,3,19.047619047619047,15.0,22.727272727272727,8,3,5,,,,0.001802000100724399,0.003369600046426058,0.00029889994766563177,0.07242390001192689,0.13577449996955693,0.03968039993196726,0.015077000018209219,0.01728140003979206,0.00045160006266087294
0.8,Linear BTL,9,87,,-65.21964103910882,2,13.953488372093023,0.0,24.0,6,0,6,,,,0.0024004000006243587,0.004353599972091615,0.00037619995418936014,0.08640240004751831,0.11651199997868389,0.06781690008938313,0.008068399969488382,0.014737299992702901,0.00046529993414878845
0.8,Linear BTL,10,97,,-81.17506366878621,4,14.634146341463415,9.090909090909092,16.666666666666668,6,1,5,,,,0.0018337999936193228,0.004702599951997399,0.0003575000446289778,0.09191109996754676,0.16993760003242642,0.09226590010803193,0.012300700065679848,0.012486700084991753,0.00023840006906539202
0.8,Linear BTL,11,108,,-86.84718209977406,5,22.5,0.0,26.470588235294116,9,0,9,,,,0.0011511999182403088,0.0023360999766737223,0.00021139997988939285,0.0633749000262469,0.1268906999612227,0.05954020004719496,0.015162999974563718,0.017467499943450093,0.00022590009029954672
0.8,Linear BTL,12,120,,-49.63030210841825,0,15.555555555555555,0.0,38.888888888888886,7,0,7,,,,0.0013153000036254525,0.0026518000522628427,6.350001785904169e-05,0.089498299988918,0.12959759996738285,0.05642719997558743,0.017336599994450808,0.011198899941518903,0.00024690001737326384
0.8,Linear BTL,13,133,,-85.05156729007071,3,28.571428571428573,9.090909090909092,35.483870967741936,12,1,11,,,,0.0011205000337213278,0.004891699994914234,0.0003656999906525016,0.07619789999444038,0.12680880003608763,0.04047889995854348,0.012088499963283539,0.01833330001682043,0.00048479996621608734
0.8,Linear BTL,14,147,,-92.58508249597583,6,33.333333333333336,0.0,35.13513513513514,13,0,13,,,,0.0023400000063702464,0.004648500005714595,0.0004759000148624182,0.09157159994356334,0.13471669994760305,0.07595229998696595,0.010769099928438663,0.008676699944771826,0.00024069997016340494
0.8,Linear BTL,15,162,,-88.4433011671237,3,28.571428571428573,0.0,32.432432432432435,12,0,12,,,,0.006328299990855157,0.00486270000692457,0.00034460006281733513,0.2021146999904886,0.17191710008773953,0.10643780010286719,0.009658799972385168,0.010619499953463674,0.00046769995242357254
0.8,Linear BTL,16,178,,-78.79342021870265,2,16.27906976744186,11.764705882352942,19.23076923076923,7,2,5,,,,0.0021472000516951084,0.004985500010661781,0.00038029998540878296,0.0936443000100553,0.1721354000037536,0.11518100008834153,0.016508999979123473,0.015931000001728535,0.00042890000622719526
0.8,Linear BTL,17,195,,-69.38645879255057,7,2.6315789473684212,0.0,4.545454545454546,1,0,1,,,,0.001847200095653534,0.004459399962797761,0.00034799997229129076,0.11750870000105351,0.17740320006851107,0.10730040003545582,0.009829499991610646,0.006947800051420927,0.00021189998369663954
0.8,Linear BTL,18,213,,-89.46213605321208,9,19.444444444444443,0.0,21.21212121212121,7,0,7,,,,0.0011678000446408987,0.004648300004191697,0.0003470000810921192,0.1166803000960499,0.1595521999988705,0.069713200093247,0.015045100008137524,0.015263300039805472,0.00041830004192888737
0.8,Linear BTL,19,232,,-83.08729452882946,6,10.256410256410257,0.0,12.121212121212121,4,0,4,,,,0.0026274999836459756,0.006593400030396879,0.0005246000364422798,0.08962210000026971,0.15326210006605834,0.04027630004566163,0.009673900087364018,0.008470000000670552,0.0002226999495178461
0.9,LP2 ($\theta$ Only),0,42,0.00015011802179032744,,1,29.545454545454547,26.666666666666668,31.03448275862069,13,4,9,0.00015011802179032744,40.0,60.0,0.0026159000117331743,0.010430000023916364,0.002216199995018542,0.13572399993427098,0.15873030002694577,0.03682569996453822,0.009854899952188134,0.011693499982357025,0.0004768000217154622
0.9,LP2 ($\theta$ Only),1,43,9.024818459937324e-05,,6,20.512820512820515,0.0,23.529411764705884,8,0,8,9.024818459937324e-05,40.0,60.0,0.004000200075097382,0.002688499982468784,0.00022140005603432655,0.24367320002056658,0.15269860008265823,0.06273130001500249,0.0076991000678390265,0.01719590008724481,0.00043990008998662233
0.9,LP2 ($\theta$ Only),2,45,9.073546809538367e-05,,0,13.333333333333334,0.0,18.75,6,0,6,9.073546809538368e-05,30.0,70.0,0.0021948000648990273,0.0040016999701038,9.729992598295212e-05,0.11503360001370311,0.24222010001540184,0.10457570001017302,0.009223300032317638,0.010203899932093918,0.00029070000164210796
0.9,LP2 ($\theta$ Only),3,48,3.103887845234831e-05,,4,9.75609756097561,12.5,8.0,4,2,2,3.103887845234831e-05,10.0,90.0,0.001165500027127564,0.0024019000120460987,0.00022000004537403584,0.07487479993142188,0.13918600010219961,0.05481620004866272,0.008130099973641336,0.008377499994821846,0.00023150001652538776
0.9,LP2 ($\theta$ Only),4,52,9.8924106175229e-05,,8,18.91891891891892,0.0,21.875,7,0,7,9.8924106175229e-05,30.0,70.0,0.0011515000369399786,0.0028646999271586537,0.00021309999283403158,0.08776140003465116,0.12458860001061112,0.04939369997009635,0.012634700047783554,0.008390799979679286,0.00021590001415461302
0.9,LP2 ($\theta$ Only),5,57,9.959152982607656e-05,,6,38.46153846153846,40.0,38.23529411764706,15,2,13,9.959152982607656e-05,40.0,60.0,0.005445300019346178,0.002531799953430891,0.00021840003319084644,0.07708830002229661,0.11858130001928657,0.048275800072588027,0.00814150006044656,0.007607500068843365,0.00036150007508695126
0.9,LP2 ($\theta$ Only),6,63,6.643599168602794e-05,,10,22.857142857142858,80.0,13.333333333333334,8,4,4,6.643599168602794e-05,30.0,70.0,0.002644799998961389,0.004609300056472421,0.00031020003370940685,0.07613509998191148,0.10994849994312972,0.04544969997368753,0.008152000023983419,0.014321100083179772,0.0004008000250905752
0.9,LP2 ($\theta$ Only),7,70,9.415948788571625e-05,,9,30.555555555555557,28.571428571428573,31.03448275862069,11,2,9,9.415948788571625e-05,30.0,70.0,0.002746600075624883,0.005383800016716123,0.00031489995308220387,0.06894889997784048,0.13067869993392378,0.043797099962830544,0.007304899976588786,0.008212100015953183,0.000610999995842576
0.9,LP2 ($\theta$ Only),8,78,7.371220742047522e-05,,3,14.285714285714286,9.523809523809524,19.047619047619047,6,2,4,7.371220742047523e-05,40.0,60.0,0.0024378999369218946,0.004204199998639524,0.0003152999561280012,0.07955080003011972,0.13395480008330196,0.04021519992966205,0.011066299979574978,0.008089300012215972,0.0003450000658631325
0.9,LP2 ($\theta$ Only),9,87,5.953320934300628e-05,,1,6.818181818181818,0.0,9.67741935483871,3,0,3,5.953320934300628e-05,20.0,80.0,0.0023469000589102507,0.0038654999807476997,0.0003239000216126442,0.0745560999494046,0.13511300005484372,0.06670169997960329,0.019583199988119304,0.021365700056776404,0.0007189000025391579
0.9,LP2 ($\theta$ Only),10,97,0.00012273525570240707,,4,24.390243902439025,9.090909090909092,30.0,10,1,9,0.00012273525570240707,30.0,70.0,0.002077899989672005,0.002741800039075315,0.00021540001034736633,0.12300640007015318,0.2852177999448031,0.07363720005378127,0.01010760001372546,0.017018900020048022,0.0004499000497162342
0.9,LP2 ($\theta$ Only),11,108,9.428852837238064e-05,,3,19.047619047619047,25.0,17.647058823529413,8,2,6,9.428852837238065e-05,30.0,70.0,0.002571100019849837,0.005203299922868609,0.00039309996645897627,0.08398650004528463,0.12975800002459437,0.058380499947816133,0.012241299962624907,0.011065399972721934,0.0005067000165581703
0.9,LP2 ($\theta$ Only),12,120,0.00010007615210171394,,2,27.906976744186046,29.62962962962963,25.0,12,8,4,0.00010007615210171394,30.0,70.0,0.0013438999885693192,0.002424999955110252,0.00020080001559108496,0.06726079992949963,0.13830590003635734,0.07149569992907345,0.008738999953493476,0.012695000041276217,0.0005396000342443585
0.9,LP2 ($\theta$ Only),13,133,7.591368601619478e-05,,8,16.216216216216218,25.0,13.793103448275861,6,2,4,7.591368601619477e-05,40.0,60.0,0.0020834999158978462,0.007110000005923212,0.00034959998447448015,0.08140559995081276,0.12123889999929816,0.0544268999947235,0.00910010002553463,0.007257299963384867,0.00021590001415461302
0.9,LP2 ($\theta$ Only),14,147,0.0001283310482720179,,4,29.26829268292683,0.0,33.333333333333336,12,0,12,0.0001283310482720179,40.0,60.0,0.0011634000111371279,0.002432100009173155,0.00030319998040795326,0.08852829993702471,0.13071930001024157,0.06059040001127869,0.01431799994315952,0.017542699933983386,0.0004390999674797058
0.9,LP2 ($\theta$ Only),15,162,0.00013064986792396866,,4,31.70731707317073,0.0,35.13513513513514,13,0,13,0.00013064986792396866,40.0,60.0,0.002289299969561398,0.005226700101047754,0.00042429997120052576,0.0891888999613002,0.1257441999623552,0.07673800003249198,0.011663399985991418,0.009921699995175004,0.00022739998530596495
0.9,LP2 ($\theta$ Only),16,178,0.00020089467840132453,,1,45.45454545454545,57.142857142857146,34.78260869565217,20,12,8,0.00020089467840132453,40.0,60.0,0.0013186999130994081,0.003647000063210726,0.00022719998378306627,0.08123070001602173,0.38097170006949455,0.04999239998869598,0.016546100028790534,0.014710400020703673,0.0002498000394552946
0.9,LP2 ($\theta$ Only),17,195,0.00010130834674203156,,6,20.512820512820515,0.0,28.571428571428573,8,0,8,0.00010130834674203156,40.0,60.0,0.005591899971477687,0.0027546000201255083,0.00021249998826533556,0.07491179998032749,0.12301639991346747,0.04032899998128414,0.013303800020366907,0.011618500109761953,0.00041830004192888737
0.9,LP2 ($\theta$ Only),18,213,2.9150861786388653e-05,,11,8.823529411764707,0.0,10.0,3,0,3,2.9150861786388653e-05,10.0,90.0,0.0021362999686971307,0.006529100006446242,0.0003483999753370881,0.0738696000771597,0.09459719993174076,0.05235689994879067,0.014323699986562133,0.009400000097230077,0.00020220002625137568
0.9,LP2 ($\theta$ Only),19,232,0.00010445123425872951,,7,26.31578947368421,37.5,23.333333333333332,10,3,7,0.00010445123425872951,40.0,60.0,0.0011421999661251903,0.0055139000760391355,0.00029180001001805067,0.08099569997284561,0.2886495999991894,0.050074600032530725,0.00911749992519617,0.00892049993854016,0.0004203000571578741
0.9,LP3 ($\theta$ Only),0,42,0.002922209563019294,,1,29.545454545454547,33.333333333333336,27.586206896551722,13,5,8,0.0001994130538739385,90.0,10.0,0.0026159000117331743,0.010430000023916364,0.002216199995018542,0.13572399993427098,0.15873030002694577,0.03682569996453822,0.009854899952188134,0.011693499982357025,0.0004768000217154622
0.9,LP3 ($\theta$ Only),1,43,0.0016890596524370737,,6,20.512820512820515,0.0,23.529411764705884,8,0,8,0.00013097725350372702,90.0,10.0,0.004000200075097382,0.002688499982468784,0.00022140005603432655,0.24367320002056658,0.15269860008265823,0.06273130001500249,0.0076991000678390265,0.01719590008724481,0.00043990008998662233
0.9,LP3 ($\theta$ Only),2,45,0.0016155113920962882,,0,13.333333333333334,0.0,18.75,6,0,6,0.00016281674940756515,90.0,10.0,0.0021948000648990273,0.0040016999701038,9.729992598295212e-05,0.11503360001370311,0.24222010001540184,0.10457570001017302,0.009223300032317638,0.010203899932093918,0.00029070000164210796
0.9,LP3 ($\theta$ Only),3,48,0.00043015023327827454,,4,4.878048780487805,0.0,8.0,2,0,2,4.7182456534972495e-05,40.0,60.0,0.001165500027127564,0.0024019000120460987,0.00022000004537403584,0.07487479993142188,0.13918600010219961,0.05481620004866272,0.008130099973641336,0.008377499994821846,0.00023150001652538776
0.9,LP3 ($\theta$ Only),4,52,0.0017825694997014592,,8,18.91891891891892,0.0,21.875,7,0,7,0.00011078497172585134,90.0,10.0,0.0011515000369399786,0.0028646999271586537,0.00021309999283403158,0.08776140003465116,0.12458860001061112,0.04939369997009635,0.012634700047783554,0.008390799979679286,0.00021590001415461302
0.9,LP3 ($\theta$ Only),5,57,0.0027516930060023466,,6,33.333333333333336,40.0,32.35294117647059,13,2,11,0.00011653226566906544,80.0,20.0,0.005445300019346178,0.002531799953430891,0.00021840003319084644,0.07708830002229661,0.11858130001928657,0.048275800072588027,0.00814150006044656,0.007607500068843365,0.00036150007508695126
0.9,LP3 ($\theta$ Only),6,63,0.0017372309444010628,,10,20.0,20.0,20.0,7,1,6,0.00011705642289075274,80.0,20.0,0.002644799998961389,0.004609300056472421,0.00031020003370940685,0.07613509998191148,0.10994849994312972,0.04544969997368753,0.008152000023983419,0.014321100083179772,0.0004008000250905752
0.9,LP3 ($\theta$ Only),7,70,0.0018899840799184778,,9,27.77777777777778,14.285714285714286,31.03448275862069,10,1,9,0.00011440809920473303,90.0,10.0,0.002746600075624883,0.005383800016716123,0.00031489995308220387,0.06894889997784048,0.13067869993392378,0.043797099962830544,0.007304899976588786,0.008212100015953183,0.000610999995842576
0.9,LP3 ($\theta$ Only),8,78,0.0012203027339328008,,3,11.904761904761905,9.523809523809524,14.285714285714286,5,2,3,0.000105373322121063,80.0,20.0,0.0024378999369218946,0.004204199998639524,0.0003152999561280012,0.07955080003011972,0.13395480008330196,0.04021519992966205,0.011066299979574978,0.008089300012215972,0.0003450000658631325
0.9,LP3 ($\theta$ Only),9,87,0.0007539662988767554,,1,6.818181818181818,0.0,9.67741935483871,3,0,3,8.672420898879616e-05,50.0,50.0,0.0023469000589102507,0.0038654999807476997,0.0003239000216126442,0.0745560999494046,0.13511300005484372,0.06670169997960329,0.019583199988119304,0.021365700056776404,0.0007189000025391579
0.9,LP3 ($\theta$ Only),10,97,0.001933281632068148,,4,14.634146341463415,0.0,20.0,6,0,6,0.00017257268074906924,90.0,10.0,0.002077899989672005,0.002741800039075315,0.00021540001034736633,0.12300640007015318,0.2852177999448031,0.07363720005378127,0.01010760001372546,0.017018900020048022,0.0004499000497162342
0.9,LP3 ($\theta$ Only),11,108,0.0015352413455125224,,3,14.285714285714286,0.0,17.647058823529413,6,0,6,0.00011690617581023136,70.0,30.0,0.002571100019849837,0.005203299922868609,0.00039309996645897627,0.08398650004528463,0.12975800002459437,0.058380499947816133,0.012241299962624907,0.011065399972721934,0.0005067000165581703
0.9,LP3 ($\theta$ Only),12,120,0.0018340481018570838,,2,16.27906976744186,11.11111111111111,25.0,7,3,4,0.00012411352743802928,80.0,20.0,0.0013438999885693192,0.002424999955110252,0.00020080001559108496,0.06726079992949963,0.13830590003635734,0.07149569992907345,0.008738999953493476,0.012695000041276217,0.0005396000342443585
0.9,LP3 ($\theta$ Only),13,133,0.0016606906259289934,,8,21.62162162162162,37.5,17.24137931034483,8,3,5,0.00010688964895624969,90.0,10.0,0.0020834999158978462,0.007110000005923212,0.00034959998447448015,0.08140559995081276,0.12123889999929816,0.0544268999947235,0.00910010002553463,0.007257299963384867,0.00021590001415461302
0.9,LP3 ($\theta$ Only),14,147,0.0025499440244176174,,4,29.26829268292683,20.0,30.555555555555557,12,1,11,0.00015675791958702926,90.0,10.0,0.0011634000111371279,0.002432100009173155,0.00030319998040795326,0.08852829993702471,0.13071930001024157,0.06059040001127869,0.01431799994315952,0.017542699933983386,0.0004390999674797058
0.9,LP3 ($\theta$ Only),15,162,0.0028829797081268422,,4,36.58536585365854,75.0,32.432432432432435,15,3,12,0.00016590161560232414,90.0,10.0,0.002289299969561398,0.005226700101047754,0.00042429997120052576,0.0891888999613002,0.1257441999623552,0.07673800003249198,0.011663399985991418,0.009921699995175004,0.00022739998530596495
0.9,LP3 ($\theta$ Only),16,178,0.004223482794536284,,1,43.18181818181818,57.142857142857146,30.434782608695652,19,12,7,0.00024649767316503623,90.0,10.0,0.0013186999130994081,0.003647000063210726,0.00022719998378306627,0.08123070001602173,0.38097170006949455,0.04999239998869598,0.016546100028790534,0.014710400020703673,0.0002498000394552946
0.9,LP3 ($\theta$ Only),17,195,0.0018861083139114305,,6,15.384615384615385,0.0,21.428571428571427,6,0,6,0.00012415441249315478,80.0,20.0,0.005591899971477687,0.0027546000201255083,0.00021249998826533556,0.07491179998032749,0.12301639991346747,0.04032899998128414,0.013303800020366907,0.011618500109761953,0.00041830004192888737
0.9,LP3 ($\theta$ Only),18,213,0.0005312486678305428,,11,5.882352941176471,0.0,6.666666666666667,2,0,2,3.958326989669253e-05,20.0,80.0,0.0021362999686971307,0.006529100006446242,0.0003483999753370881,0.0738696000771597,0.09459719993174076,0.05235689994879067,0.014323699986562133,0.009400000097230077,0.00020220002625137568
0.9,LP3 ($\theta$ Only),19,232,0.0016698832539925527,,7,15.789473684210526,0.0,20.0,6,0,6,0.0001344021472361715,90.0,10.0,0.0011421999661251903,0.0055139000760391355,0.00029180001001805067,0.08099569997284561,0.2886495999991894,0.050074600032530725,0.00911749992519617,0.00892049993854016,0.0004203000571578741
0.9,Linear BTL,0,42,,-88.03427493892207,1,20.454545454545453,6.666666666666667,27.586206896551722,9,1,8,,,,0.0026159000117331743,0.010430000023916364,0.002216199995018542,0.13572399993427098,0.15873030002694577,0.03682569996453822,0.009854899952188134,0.011693499982357025,0.0004768000217154622
0.9,Linear BTL,1,43,,-87.23448401913454,6,25.641025641025642,0.0,29.41176470588235,10,0,10,,,,0.004000200075097382,0.002688499982468784,0.00022140005603432655,0.24367320002056658,0.15269860008265823,0.06273130001500249,0.0076991000678390265,0.01719590008724481,0.00043990008998662233
0.9,Linear BTL,2,45,,-76.2581277042575,0,13.333333333333334,0.0,18.75,6,0,6,,,,0.0021948000648990273,0.0040016999701038,9.729992598295212e-05,0.11503360001370311,0.24222010001540184,0.10457570001017302,0.009223300032317638,0.010203899932093918,0.00029070000164210796
0.9,Linear BTL,3,48,,-72.18423842067926,4,7.317073170731708,0.0,12.0,3,0,3,,,,0.001165500027127564,0.0024019000120460987,0.00022000004537403584,0.07487479993142188,0.13918600010219961,0.05481620004866272,0.008130099973641336,0.008377499994821846,0.00023150001652538776
0.9,Linear BTL,4,52,,-89.1055643568971,8,21.62162162162162,0.0,25.0,8,0,8,,,,0.0011515000369399786,0.0028646999271586537,0.00021309999283403158,0.08776140003465116,0.12458860001061112,0.04939369997009635,0.012634700047783554,0.008390799979679286,0.00021590001415461302
0.9,Linear BTL,5,57,,-92.16906079155603,6,38.46153846153846,40.0,38.23529411764706,15,2,13,,,,0.005445300019346178,0.002531799953430891,0.00021840003319084644,0.07708830002229661,0.11858130001928657,0.048275800072588027,0.00814150006044656,0.007607500068843365,0.00036150007508695126
0.9,Linear BTL,6,63,,-91.22848712483658,10,31.428571428571427,20.0,33.333333333333336,11,1,10,,,,0.002644799998961389,0.004609300056472421,0.00031020003370940685,0.07613509998191148,0.10994849994312972,0.04544969997368753,0.008152000023983419,0.014321100083179772,0.0004008000250905752
0.9,Linear BTL,7,70,,-88.26681674578059,9,27.77777777777778,0.0,34.48275862068966,10,0,10,,,,0.002746600075624883,0.005383800016716123,0.00031489995308220387,0.06894889997784048,0.13067869993392378,0.043797099962830544,0.007304899976588786,0.008212100015953183,0.000610999995842576
0.9,Linear BTL,8,78,,-71.85131462496874,3,14.285714285714286,14.285714285714286,14.285714285714286,6,3,3,,,,0.0024378999369218946,0.004204199998639524,0.0003152999561280012,0.07955080003011972,0.13395480008330196,0.04021519992966205,0.011066299979574978,0.008089300012215972,0.0003450000658631325
0.9,Linear BTL,9,87,,-73.69510739992651,1,11.363636363636363,0.0,16.129032258064516,5,0,5,,,,0.0023469000589102507,0.0038654999807476997,0.0003239000216126442,0.0745560999494046,0.13511300005484372,0.06670169997960329,0.019583199988119304,0.021365700056776404,0.0007189000025391579
0.9,Linear BTL,10,97,,-81.08064206956803,4,21.951219512195124,0.0,30.0,9,0,9,,,,0.002077899989672005,0.002741800039075315,0.00021540001034736633,0.12300640007015318,0.2852177999448031,0.07363720005378127,0.01010760001372546,0.017018900020048022,0.0004499000497162342
0.9,Linear BTL,11,108,,-85.27601375084316,3,19.047619047619047,12.5,20.58823529411765,8,1,7,,,,0.002571100019849837,0.005203299922868609,0.00039309996645897627,0.08398650004528463,0.12975800002459437,0.058380499947816133,0.012241299962624907,0.011065399972721934,0.0005067000165581703
0.9,Linear BTL,12,120,,-64.9989257326078,2,20.930232558139537,7.407407407407407,43.75,9,2,7,,,,0.0013438999885693192,0.002424999955110252,0.00020080001559108496,0.06726079992949963,0.13830590003635734,0.07149569992907345,0.008738999953493476,0.012695000041276217,0.0005396000342443585
0.9,Linear BTL,13,133,,-88.80164160316389,8,24.324324324324323,25.0,24.137931034482758,9,2,7,,,,0.0020834999158978462,0.007110000005923212,0.00034959998447448015,0.08140559995081276,0.12123889999929816,0.0544268999947235,0.00910010002553463,0.007257299963384867,0.00021590001415461302
0.9,Linear BTL,14,147,,-90.0090246962372,4,24.390243902439025,0.0,27.77777777777778,10,0,10,,,,0.0011634000111371279,0.002432100009173155,0.00030319998040795326,0.08852829993702471,0.13071930001024157,0.06059040001127869,0.01431799994315952,0.017542699933983386,0.0004390999674797058
0.9,Linear BTL,15,162,,-91.83246893990191,4,36.58536585365854,25.0,37.83783783783784,15,1,14,,,,0.002289299969561398,0.005226700101047754,0.00042429997120052576,0.0891888999613002,0.1257441999623552,0.07673800003249198,0.011663399985991418,0.009921699995175004,0.00022739998530596495
0.9,Linear BTL,16,178,,-92.39193236841149,1,47.72727272727273,33.333333333333336,60.869565217391305,21,7,14,,,,0.0013186999130994081,0.003647000063210726,0.00022719998378306627,0.08123070001602173,0.38097170006949455,0.04999239998869598,0.016546100028790534,0.014710400020703673,0.0002498000394552946
0.9,Linear BTL,17,195,,-80.87434157386508,6,17.94871794871795,0.0,25.0,7,0,7,,,,0.005591899971477687,0.0027546000201255083,0.00021249998826533556,0.07491179998032749,0.12301639991346747,0.04032899998128414,0.013303800020366907,0.011618500109761953,0.00041830004192888737
0.9,Linear BTL,18,213,,-89.79268941572867,11,11.764705882352942,0.0,13.333333333333334,4,0,4,,,,0.0021362999686971307,0.006529100006446242,0.0003483999753370881,0.0738696000771597,0.09459719993174076,0.05235689994879067,0.014323699986562133,0.009400000097230077,0.00020220002625137568
0.9,Linear BTL,19,232,,-86.56088283407787,7,26.31578947368421,0.0,33.333333333333336,10,0,10,,,,0.0011421999661251903,0.0055139000760391355,0.00029180001001805067,0.08099569997284561,0.2886495999991894,0.050074600032530725,0.00911749992519617,0.00892049993854016,0.0004203000571578741
1.0,LP2 ($\theta$ Only),0,42,0.00013091530281075718,,2,34.883720930232556,43.75,29.62962962962963,15,7,8,0.00013091530281075718,40.0,60.0,0.0019630000460892916,0.011484400019980967,0.000404000049456954,0.11629120004363358,0.15692390000913292,0.04734199994709343,0.01470039994455874,0.015179599984548986,0.000449199927970767
1.0,LP2 ($\theta$ Only),1,43,0.00012060264393209082,,8,37.83783783783784,50.0,35.483870967741936,14,3,11,0.00012060264393209082,40.0,60.0,0.0044238000409677625,0.0023674999829381704,0.00021860003471374512,0.07454840000718832,0.13798960007261485,0.07706300006248057,0.012381599983200431,0.014779399964027107,0.0006028000498190522
1.0,LP2 ($\theta$ Only),2,45,0.00012090814165105115,,0,24.444444444444443,26.666666666666668,23.333333333333332,11,4,7,0.00012090814165105115,40.0,60.0,0.0017154000233858824,0.008462299942038953,0.00012580002658069134,0.1018907999387011,0.2662836000090465,0.0823212000541389,0.021331700030714273,0.020196199999190867,0.00025590008590370417
1.0,LP2 ($\theta$ Only),3,48,9.69926743284645e-05,,2,20.930232558139537,13.333333333333334,25.0,9,2,7,9.69926743284645e-05,40.0,60.0,0.0023770000552758574,0.0077957999892532825,0.0002511999337002635,0.11835260002408177,0.15271549997851253,0.06590390007477254,0.014272600063122809,0.018730900017544627,0.0004599000094458461
1.0,LP2 ($\theta$ Only),4,52,3.7240993686831484e-05,,12,6.0606060606060606,0.0,6.0606060606060606,2,0,2,3.7240993686831484e-05,20.0,80.0,0.001236199983395636,0.0072916001081466675,0.0009566000662744045,0.08704070001840591,0.16053370002191514,0.12072020000778139,0.012791399960406125,0.012082899920642376,0.0003646999830380082
1.0,LP2 ($\theta$ Only),5,57,0.00010538151157596268,,5,20.0,25.0,19.444444444444443,8,1,7,0.00010538151157596268,40.0,60.0,0.0018220000201836228,0.004965799977071583,0.014268399914726615,0.0862605000147596,0.14096210000570863,0.09104870003648102,0.007709600031375885,0.013007899979129434,0.0002218999434262514
1.0,LP2 ($\theta$ Only),6,63,2.641573320136788e-05,,7,2.6315789473684212,16.666666666666668,0.0,1,1,0,2.641573320136788e-05,10.0,90.0,0.0009416000684723258,0.0023756000446155667,0.0001976999919861555,0.08394799998495728,0.12760429992340505,0.08004320005420595,0.00725400005467236,0.0144726000726223,0.00041200011037290096
1.0,LP2 ($\theta$ Only),7,70,6.512091095883808e-05,,8,13.513513513513514,33.333333333333336,9.67741935483871,5,2,3,6.512091095883808e-05,40.0,60.0,0.00536479998845607,0.004362800042144954,0.00038510002195835114,0.07053989998530596,0.11117380007635802,0.07204819994512945,0.007319799973629415,0.011037599993869662,0.00020949996542185545
1.0,LP2 ($\theta$ Only),8,78,0.00017201146304032328,,3,28.571428571428573,9.090909090909092,50.0,12,2,10,0.00017201146304032325,40.0,60.0,0.0012665999820455909,0.0023102000122889876,0.00021109997760504484,0.08368360006716102,0.12780630006454885,0.06564349995460361,0.014365299954079092,0.02565419999882579,0.0006720999954268336
1.0,LP2 ($\theta$ Only),9,87,8.822162097960149e-05,,1,11.363636363636363,0.0,15.151515151515152,5,0,5,8.82216209796015e-05,40.0,60.0,0.0019118000054731965,0.005760299973189831,0.0003969999961555004,0.09840419993270189,0.14864519995171577,0.04579320002812892,0.010132199968211353,0.00985409994609654,0.0004506999393925071
1.0,LP2 ($\theta$ Only),10,97,0.00011004302735370233,,7,31.57894736842105,45.45454545454545,25.925925925925927,12,5,7,0.00011004302735370233,40.0,60.0,0.0009805000154301524,0.0036143999313935637,0.0009532000403851271,0.08699350000824779,0.12671109999064356,0.07429579994641244,0.007295999908819795,0.009414199972525239,0.00021460000425577164
1.0,LP2 ($\theta$ Only),11,108,8.307216235753708e-05,,3,16.666666666666668,0.0,21.875,7,0,7,8.307216235753708e-05,30.0,70.0,0.001602899981662631,0.0047669000923633575,0.00035429990384727716,0.09917100006714463,0.12761090009007603,0.05646419990807772,0.010068299947306514,0.010553100029937923,0.0004555000923573971
1.0,LP2 ($\theta$ Only),12,120,9.378061661757182e-05,,2,23.25581395348837,12.0,38.888888888888886,10,3,7,9.378061661757182e-05,40.0,60.0,0.0017080000834539533,0.0029078000225126743,0.00021169998217374086,0.07250610005576164,0.13298689993098378,0.052882099989801645,0.010607300093397498,0.011900700046680868,0.0002989000640809536
1.0,LP2 ($\theta$ Only),13,133,0.000185019063499845,,4,34.146341463414636,0.0,37.83783783783784,14,0,14,0.00018501906349984497,40.0,60.0,0.0019153000321239233,0.003369100042618811,0.0003127000527456403,0.09745160001330078,0.20020520000252873,0.203353299992159,0.013778500026091933,0.010945999994874,0.00024880003184080124
1.0,LP2 ($\theta$ Only),14,147,0.00016136937444071348,,0,26.666666666666668,33.333333333333336,25.0,12,3,9,0.00016136937444071348,40.0,60.0,0.000973300077021122,0.002674599993042648,5.870009772479534e-05,0.10080939996987581,0.15757569996640086,0.08737920003477484,0.014565500081516802,0.0199145000660792,0.000493600033223629
1.0,LP2 ($\theta$ Only),15,162,0.00011737983566018306,,3,26.19047619047619,28.571428571428573,25.714285714285715,11,2,9,0.00011737983566018306,40.0,60.0,0.0018084000330418348,0.013786899973638356,0.0007236000383272767,0.2492041999939829,0.16099030000623316,0.055383300059475005,0.008968100068159401,0.009323000092990696,0.00023790006525814533
1.0,LP2 ($\theta$ Only),16,178,9.643188533304249e-05,,3,19.047619047619047,26.31578947368421,13.043478260869565,8,5,3,9.643188533304249e-05,40.0,60.0,0.000976799987256527,0.002447200007736683,0.0002212999388575554,0.08506010007113218,0.19070999999530613,0.04876390006393194,0.009552400093525648,0.011739499983377755,0.00023600005079060793
1.0,LP2 ($\theta$ Only),17,195,0.00012551081497573922,,6,25.641025641025642,26.666666666666668,25.0,10,4,6,0.00012551081497573922,40.0,60.0,0.000991299981251359,0.0024814000353217125,0.00020589993800967932,0.07680100004654378,0.13076089997775853,0.07131790008861572,0.011976900044828653,0.013914800016209483,0.0005743999499827623
1.0,LP2 ($\theta$ Only),18,213,9.027132327858626e-05,,11,26.470588235294116,0.0,28.125,9,0,9,9.027132327858626e-05,40.0,60.0,0.0018589000683277845,0.00637529999949038,0.00044970004819333553,0.1157304000807926,0.12394129997119308,0.04639780009165406,0.011360800010152161,0.012186700012534857,0.0003902000607922673
1.0,LP2 ($\theta$ Only),19,232,0.0,,8,0.0,0.0,0.0,0,0,0,0.0,0.0,100.0,0.0016592000611126423,0.004854300059378147,0.00034010002855211496,0.0920302999438718,0.1197839000960812,0.06754499999806285,0.014828799990937114,0.014144000015221536,0.0007537000346928835
1.0,LP3 ($\theta$ Only),0,42,0.003259915724417623,,2,27.906976744186046,37.5,22.22222222222222,12,6,6,0.00016594640450718,70.0,30.0,0.0019630000460892916,0.011484400019980967,0.000404000049456954,0.11629120004363358,0.15692390000913292,0.04734199994709343,0.01470039994455874,0.015179599984548986,0.000449199927970767
1.0,LP3 ($\theta$ Only),1,43,0.0028064943042902715,,8,35.13513513513514,33.333333333333336,35.483870967741936,13,2,11,0.00015388601040928367,90.0,10.0,0.0044238000409677625,0.0023674999829381704,0.00021860003471374512,0.07454840000718832,0.13798960007261485,0.07706300006248057,0.012381599983200431,0.014779399964027107,0.0006028000498190522
1.0,LP3 ($\theta$ Only),2,45,0.0020007106326833347,,0,22.22222222222222,0.0,33.333333333333336,10,0,10,0.00016635495601348502,90.0,10.0,0.0017154000233858824,0.008462299942038953,0.00012580002658069134,0.1018907999387011,0.2662836000090465,0.0823212000541389,0.021331700030714273,0.020196199999190867,0.00025590008590370417
1.0,LP3 ($\theta$ Only),3,48,0.001587420740553451,,2,18.6046511627907,13.333333333333334,21.428571428571427,8,2,6,0.0001275264892350588,80.0,20.0,0.0023770000552758574,0.0077957999892532825,0.0002511999337002635,0.11835260002408177,0.15271549997851253,0.06590390007477254,0.014272600063122809,0.018730900017544627,0.0004599000094458461
1.0,LP3 ($\theta$ Only),4,52,0.0004641195540347067,,12,3.0303030303030303,0.0,3.0303030303030303,1,0,1,4.2192686730427886e-05,30.0,70.0,0.001236199983395636,0.0072916001081466675,0.0009566000662744045,0.08704070001840591,0.16053370002191514,0.12072020000778139,0.012791399960406125,0.012082899920642376,0.0003646999830380082
1.0,LP3 ($\theta$ Only),5,57,0.001748444557202058,,5,12.5,0.0,13.88888888888889,5,0,5,0.0001634225538121726,90.0,10.0,0.0018220000201836228,0.004965799977071583,0.014268399914726615,0.0862605000147596,0.14096210000570863,0.09104870003648102,0.007709600031375885,0.013007899979129434,0.0002218999434262514
1.0,LP3 ($\theta$ Only),6,63,0.0002905730652150467,,7,2.6315789473684212,16.666666666666668,0.0,1,1,0,2.641573320136788e-05,10.0,90.0,0.0009416000684723258,0.0023756000446155667,0.0001976999919861555,0.08394799998495728,0.12760429992340505,0.08004320005420595,0.00725400005467236,0.0144726000726223,0.00041200011037290096
1.0,LP3 ($\theta$ Only),7,70,0.0009777129838612262,,8,13.513513513513514,0.0,16.129032258064516,5,0,5,8.883018165632226e-05,70.0,30.0,0.00536479998845607,0.004362800042144954,0.00038510002195835114,0.07053989998530596,0.11117380007635802,0.07204819994512945,0.007319799973629415,0.011037599993869662,0.00020949996542185545
1.0,LP3 ($\theta$ Only),8,78,0.003166285586469011,,3,33.333333333333336,18.181818181818183,50.0,14,4,10,0.000206629318979499,90.0,10.0,0.0012665999820455909,0.0023102000122889876,0.00021109997760504484,0.08368360006716102,0.12780630006454885,0.06564349995460361,0.014365299954079092,0.02565419999882579,0.0006720999954268336
1.0,LP3 ($\theta$ Only),9,87,0.0012074734393492216,,1,11.363636363636363,0.0,15.151515151515152,5,0,5,0.00011860080134472436,80.0,20.0,0.0019118000054731965,0.005760299973189831,0.0003969999961555004,0.09840419993270189,0.14864519995171577,0.04579320002812892,0.010132199968211353,0.00985409994609654,0.0004506999393925071
1.0,LP3 ($\theta$ Only),10,97,0.002417295244817242,,7,28.94736842105263,27.272727272727273,29.62962962962963,11,3,8,0.00012962782728744297,70.0,30.0,0.0009805000154301524,0.0036143999313935637,0.0009532000403851271,0.08699350000824779,0.12671109999064356,0.07429579994641244,0.007295999908819795,0.009414199972525239,0.00021460000425577164
1.0,LP3 ($\theta$ Only),11,108,0.001543731143038275,,3,16.666666666666668,0.0,21.875,7,0,7,0.00012568032633884522,80.0,20.0,0.001602899981662631,0.0047669000923633575,0.00035429990384727716,0.09917100006714463,0.12761090009007603,0.05646419990807772,0.010068299947306514,0.010553100029937923,0.0004555000923573971
1.0,LP3 ($\theta$ Only),12,120,0.001829566781221043,,2,16.27906976744186,0.0,38.888888888888886,7,0,7,0.00011770896630769336,70.0,30.0,0.0017080000834539533,0.0029078000225126743,0.00021169998217374086,0.07250610005576164,0.13298689993098378,0.052882099989801645,0.010607300093397498,0.011900700046680868,0.0002989000640809536
1.0,LP3 ($\theta$ Only),13,133,0.0033162111782524726,,4,36.58536585365854,0.0,40.54054054054054,15,0,15,0.00023290779886933784,90.0,10.0,0.0019153000321239233,0.003369100042618811,0.0003127000527456403,0.09745160001330078,0.20020520000252873,0.203353299992159,0.013778500026091933,0.010945999994874,0.00024880003184080124
1.0,LP3 ($\theta$ Only),14,147,0.0028873106927107092,,0,24.444444444444443,22.22222222222222,25.0,11,2,9,0.0001978760153847516,90.0,10.0,0.000973300077021122,0.002674599993042648,5.870009772479534e-05,0.10080939996987581,0.15757569996640086,0.08737920003477484,0.014565500081516802,0.0199145000660792,0.000493600033223629
1.0,LP3 ($\theta$ Only),15,162,0.002919982930476031,,3,28.571428571428573,14.285714285714286,31.428571428571427,12,1,11,0.0001821372542974551,90.0,10.0,0.0018084000330418348,0.013786899973638356,0.0007236000383272767,0.2492041999939829,0.16099030000623316,0.055383300059475005,0.008968100068159401,0.009323000092990696,0.00023790006525814533
1.0,LP3 ($\theta$ Only),16,178,0.0016679483757571795,,3,11.904761904761905,10.526315789473685,13.043478260869565,5,2,3,0.00011823031576605844,80.0,20.0,0.000976799987256527,0.002447200007736683,0.0002212999388575554,0.08506010007113218,0.19070999999530613,0.04876390006393194,0.009552400093525648,0.011739499983377755,0.00023600005079060793
1.0,LP3 ($\theta$ Only),17,195,0.00239638202682086,,6,20.512820512820515,13.333333333333334,25.0,8,2,6,0.00016711290684471664,80.0,20.0,0.000991299981251359,0.0024814000353217125,0.00020589993800967932,0.07680100004654378,0.13076089997775853,0.07131790008861572,0.011976900044828653,0.013914800016209483,0.0005743999499827623
1.0,LP3 ($\theta$ Only),18,213,0.0016873794635138507,,11,20.58823529411765,0.0,21.875,7,0,7,0.00011233867819156068,70.0,30.0,0.0018589000683277845,0.00637529999949038,0.00044970004819333553,0.1157304000807926,0.12394129997119308,0.04639780009165406,0.011360800010152161,0.012186700012534857,0.0003902000607922673
1.0,LP3 ($\theta$ Only),19,232,0.0,,8,0.0,0.0,0.0,0,0,0,0.0,0.0,100.0,0.0016592000611126423,0.004854300059378147,0.00034010002855211496,0.0920302999438718,0.1197839000960812,0.06754499999806285,0.014828799990937114,0.014144000015221536,0.0007537000346928835
1.0,Linear BTL,0,42,,-90.41728682279508,2,32.55813953488372,43.75,25.925925925925927,14,7,7,,,,0.0019630000460892916,0.011484400019980967,0.000404000049456954,0.11629120004363358,0.15692390000913292,0.04734199994709343,0.01470039994455874,0.015179599984548986,0.000449199927970767
1.0,Linear BTL,1,43,,-91.77050006150446,8,37.83783783783784,33.333333333333336,38.70967741935484,14,2,12,,,,0.0044238000409677625,0.0023674999829381704,0.00021860003471374512,0.07454840000718832,0.13798960007261485,0.07706300006248057,0.012381599983200431,0.014779399964027107,0.0006028000498190522
1.0,Linear BTL,2,45,,-75.83586331961614,0,20.0,0.0,30.0,9,0,9,,,,0.0017154000233858824,0.008462299942038953,0.00012580002658069134,0.1018907999387011,0.2662836000090465,0.0823212000541389,0.021331700030714273,0.020196199999190867,0.00025590008590370417
1.0,Linear BTL,3,48,,-79.83107684332876,2,23.25581395348837,20.0,25.0,10,3,7,,,,0.0023770000552758574,0.0077957999892532825,0.0002511999337002635,0.11835260002408177,0.15271549997851253,0.06590390007477254,0.014272600063122809,0.018730900017544627,0.0004599000094458461
1.0,Linear BTL,4,52,,-91.1183285683542,12,9.090909090909092,0.0,9.090909090909092,3,0,3,,,,0.001236199983395636,0.0072916001081466675,0.0009566000662744045,0.08704070001840591,0.16053370002191514,0.12072020000778139,0.012791399960406125,0.012082899920642376,0.0003646999830380082
1.0,Linear BTL,5,57,,-89.4192056825559,5,17.5,0.0,19.444444444444443,7,0,7,,,,0.0018220000201836228,0.004965799977071583,0.014268399914726615,0.0862605000147596,0.14096210000570863,0.09104870003648102,0.007709600031375885,0.013007899979129434,0.0002218999434262514
1.0,Linear BTL,6,63,,-88.11920460534162,7,18.42105263157895,16.666666666666668,18.75,7,1,6,,,,0.0009416000684723258,0.0023756000446155667,0.0001976999919861555,0.08394799998495728,0.12760429992340505,0.08004320005420595,0.00725400005467236,0.0144726000726223,0.00041200011037290096
1.0,Linear BTL,7,70,,-88.14690552525678,8,10.81081081081081,0.0,12.903225806451612,4,0,4,,,,0.00536479998845607,0.004362800042144954,0.00038510002195835114,0.07053989998530596,0.11117380007635802,0.07204819994512945,0.007319799973629415,0.011037599993869662,0.00020949996542185545
1.0,Linear BTL,8,78,,-84.2103506306662,3,28.571428571428573,9.090909090909092,50.0,12,2,10,,,,0.0012665999820455909,0.0023102000122889876,0.00021109997760504484,0.08368360006716102,0.12780630006454885,0.06564349995460361,0.014365299954079092,0.02565419999882579,0.0006720999954268336
1.0,Linear BTL,9,87,,-76.83888678767256,1,11.363636363636363,0.0,15.151515151515152,5,0,5,,,,0.0019118000054731965,0.005760299973189831,0.0003969999961555004,0.09840419993270189,0.14864519995171577,0.04579320002812892,0.010132199968211353,0.00985409994609654,0.0004506999393925071
1.0,Linear BTL,10,97,,-88.43491404675618,7,31.57894736842105,27.272727272727273,33.333333333333336,12,3,9,,,,0.0009805000154301524,0.0036143999313935637,0.0009532000403851271,0.08699350000824779,0.12671109999064356,0.07429579994641244,0.007295999908819795,0.009414199972525239,0.00021460000425577164
1.0,Linear BTL,11,108,,-81.45197465290308,3,19.047619047619047,10.0,21.875,8,1,7,,,,0.001602899981662631,0.0047669000923633575,0.00035429990384727716,0.09917100006714463,0.12761090009007603,0.05646419990807772,0.010068299947306514,0.010553100029937923,0.0004555000923573971
1.0,Linear BTL,12,120,,-62.46155499424877,2,23.25581395348837,4.0,50.0,10,1,9,,,,0.0017080000834539533,0.0029078000225126743,0.00021169998217374086,0.07250610005576164,0.13298689993098378,0.052882099989801645,0.010607300093397498,0.011900700046680868,0.0002989000640809536
1.0,Linear BTL,13,133,,-91.94838378373059,4,31.70731707317073,0.0,35.13513513513514,13,0,13,,,,0.0019153000321239233,0.003369100042618811,0.0003127000527456403,0.09745160001330078,0.20020520000252873,0.203353299992159,0.013778500026091933,0.010945999994874,0.00024880003184080124
1.0,Linear BTL,14,147,,-85.4943937047207,0,26.666666666666668,0.0,33.333333333333336,12,0,12,,,,0.000973300077021122,0.002674599993042648,5.870009772479534e-05,0.10080939996987581,0.15757569996640086,0.08737920003477484,0.014565500081516802,0.0199145000660792,0.000493600033223629
1.0,Linear BTL,15,162,,-88.66010148508572,3,30.952380952380953,0.0,37.142857142857146,13,0,13,,,,0.0018084000330418348,0.013786899973638356,0.0007236000383272767,0.2492041999939829,0.16099030000623316,0.055383300059475005,0.008968100068159401,0.009323000092990696,0.00023790006525814533
1.0,Linear BTL,16,178,,-75.89884310442837,3,21.428571428571427,10.526315789473685,30.434782608695652,9,2,7,,,,0.000976799987256527,0.002447200007736683,0.0002212999388575554,0.08506010007113218,0.19070999999530613,0.04876390006393194,0.009552400093525648,0.011739499983377755,0.00023600005079060793
1.0,Linear BTL,17,195,,-84.48609531368224,6,23.076923076923077,13.333333333333334,29.166666666666668,9,2,7,,,,0.000991299981251359,0.0024814000353217125,0.00020589993800967932,0.07680100004654378,0.13076089997775853,0.07131790008861572,0.011976900044828653,0.013914800016209483,0.0005743999499827623
1.0,Linear BTL,18,213,,-91.18092982068845,11,20.58823529411765,0.0,21.875,7,0,7,,,,0.0018589000683277845,0.00637529999949038,0.00044970004819333553,0.1157304000807926,0.12394129997119308,0.04639780009165406,0.011360800010152161,0.012186700012534857,0.0003902000607922673
1.0,Linear BTL,19,232,,-79.53285165313986,8,13.513513513513514,0.0,18.51851851851852,5,0,5,,,,0.0016592000611126423,0.004854300059378147,0.00034010002855211496,0.0920302999438718,0.1197839000960812,0.06754499999806285,0.014828799990937114,0.014144000015221536,0.0007537000346928835
