phi,model,trial,seed,objective,loss_value,fas_size,num_violations,num_po_violations,num_pmc_violations,epsilon_l1_norm,epsilon_support_percentage,epsilon_sparsity,time_Data Generation,time_Graph Construction,time_Feedback Arc Set,time_LP2 Solve,time_Borda LP3 Solve,time_BTL Model Fitting,time_Old LP Evaluation,time_New LP Evaluation,time_Weighted LP3 Evaluation,time_Borda LP3 Evaluation,time_BTL Evaluation
0.0,LP2 ($ 	heta $ Only),0,42,0.0,,0,0,0,0,0.0,0.0,100.0,0.0015254000027198344,0.0013601999962702394,0.0007928999839350581,0.06672190001700073,0.057870799995725974,0.053553399979136884,0.003939899994293228,0.0032250000222120434,0.0029479999793693423,0.007612200017319992,0.00018850000924430788
0.0,LP2 ($ 	heta $ Only),1,43,0.0,,0,0,0,0,0.0,0.0,100.0,0.0008502000127919018,0.0010145999840460718,5.9200014220550656e-05,0.033499599987408146,0.05650639999657869,0.05224329998600297,0.003112600010354072,0.002887800015741959,0.008774300018558279,0.003983000002335757,0.0001157999795395881
0.0,LP2 ($ 	heta $ Only),2,45,0.0,,0,0,0,0,0.0,0.0,100.0,0.0007373999978881329,0.0014437000208999962,5.4599979193881154e-05,0.04476670001167804,0.06333280002581887,0.05355680000502616,0.005694999999832362,0.004361100000096485,0.004034300014609471,0.003298199997516349,0.00017309997929260135
0.0,LP2 ($ 	heta $ Only),3,48,0.0,,0,0,0,0,0.0,0.0,100.0,0.0006932999822311103,0.000954500021180138,4.650000482797623e-05,0.0362860000168439,0.04866349999792874,0.1317785000137519,0.008775700000114739,0.013681900018127635,0.013820699998177588,0.01743249999708496,0.0002673999988473952
0.0,LP2 ($ 	heta $ Only),4,52,0.0,,0,0,0,0,0.0,0.0,100.0,0.0011656999995466322,0.0034294000070076436,0.00012509999214671552,0.060882699996000156,0.3543578999815509,0.16130940002040006,0.003389299992704764,0.004733300011139363,0.0043083000055048615,0.005644100019708276,0.00017410001601092517
0.0,LP2 ($ 	heta $ Only),5,57,0.0,,0,0,0,0,0.0,0.0,100.0,0.0007041000062599778,0.0008407999994233251,4.909999552182853e-05,0.03511359999538399,0.05950520001351833,0.06630450001102872,0.0030778000073041767,0.0029396000027190894,0.004457100003492087,0.0028654999914579093,0.00014739998732693493
0.0,LP2 ($ 	heta $ Only),6,63,0.0,,0,0,0,0,0.0,0.0,100.0,0.0012863999872934073,0.0009246000263374299,4.67000063508749e-05,0.04204070000560023,0.0456988999794703,0.06842840000172146,0.0030580000020563602,0.002913900010753423,0.009858000004896894,0.0035174000076949596,0.00010080001084133983
0.0,LP2 ($ 	heta $ Only),7,70,0.0,,0,0,0,0,0.0,0.0,100.0,0.0008980999991763383,0.001064100011717528,5.120001151226461e-05,0.04779479998978786,0.05669989998568781,0.046926100010750815,0.0031627000134903938,0.0034624999971129,0.004525299998931587,0.004064799984917045,0.00010350000229664147
0.0,LP2 ($ 	heta $ Only),8,78,0.0,,0,0,0,0,0.0,0.0,100.0,0.0007139999943319708,0.0008222000033129007,4.67000063508749e-05,0.03796309998142533,0.061137500015320256,0.06841909998911433,0.003410899982554838,0.0038494999753311276,0.0047737999993842095,0.0033215000003110617,0.00017290000687353313
0.0,LP2 ($ 	heta $ Only),9,87,0.0,,0,0,0,0,0.0,0.0,100.0,0.0006903000175952911,0.0008258000016212463,4.640000406652689e-05,0.03769309999188408,0.09829739999258891,0.07792459998745471,0.00296320000779815,0.0028216999780852348,0.004554600018309429,0.003180100000463426,0.00046430001384578645
0.0,LP2 ($ 	heta $ Only),10,97,0.0,,0,0,0,0,0.0,0.0,100.0,0.0017577999969944358,0.0027608000091277063,0.0001066999975591898,0.07834549999097362,0.06270490001770668,0.12156730002607219,0.006296200008364394,0.0033045000163838267,0.0032847000111360103,0.0038176999951247126,0.0007456000021193177
0.0,LP2 ($ 	heta $ Only),11,108,0.0,,0,0,0,0,0.0,0.0,100.0,0.0015745999990031123,0.0012134000135120004,6.369999027810991e-05,0.0420594000024721,0.05872170001384802,0.07229450001614168,0.003065900004003197,0.003512600000249222,0.007391200022539124,0.00443600001744926,0.00017900002421811223
0.0,LP2 ($ 	heta $ Only),12,120,0.0,,0,0,0,0,0.0,0.0,100.0,0.0007069999992381781,0.0008208999934140593,5.6899996707215905e-05,0.03366760001517832,0.04878429998643696,0.05321880002156831,0.01160990001517348,0.00791329998173751,0.009003199986182153,0.003707900003064424,0.00020819998462684453
0.0,LP2 ($ 	heta $ Only),13,133,0.0,,0,0,0,0,0.0,0.0,100.0,0.003980900015449151,0.0012876999971922487,5.140001303516328e-05,0.036469100014073774,0.05125760001828894,0.09783389998483472,0.004104799998458475,0.003338899987284094,0.006075300014344975,0.002859899977920577,0.0001016999885905534
0.0,LP2 ($ 	heta $ Only),14,147,0.0,,0,0,0,0,0.0,0.0,100.0,0.0007155999774113297,0.0009024000028148293,5.910001345910132e-05,0.038226199976634234,0.04643320001196116,0.07557650000671856,0.0029943000117782503,0.002849699987564236,0.0035257000126875937,0.003630499995779246,0.0003499999875202775
0.0,LP2 ($ 	heta $ Only),15,162,0.0,,0,0,0,0,0.0,0.0,100.0,0.0013738999841734767,0.001597599999513477,5.129998316988349e-05,0.03759590000845492,0.041825000022072345,0.0697811999998521,0.0034181999799329787,0.0032620000129099935,0.0037383000017143786,0.004739399999380112,0.00011980000999756157
0.0,LP2 ($ 	heta $ Only),16,178,0.0,,0,0,0,0,0.0,0.0,100.0,0.0007151000027079135,0.0008877000072970986,5.020000389777124e-05,0.07115870001143776,0.06066089999512769,0.08421609998913482,0.0035423999943304807,0.003085900010773912,0.006362999993143603,0.0037124999798834324,0.0002195000124629587
0.0,LP2 ($ 	heta $ Only),17,195,0.0,,0,0,0,0,0.0,0.0,100.0,0.0008092000207398087,0.0007853000133763999,4.75000124424696e-05,0.03356859998893924,0.047044399980222806,0.03746640001190826,0.0037102999922353774,0.00898589999997057,0.002886699978262186,0.0028482000052463263,0.00010279999696649611
0.0,LP2 ($ 	heta $ Only),18,213,0.0,,0,0,0,0,0.0,0.0,100.0,0.0009027000050991774,0.0012235000031068921,6.089999806135893e-05,0.03965260001132265,0.050210799992782995,0.04236399999354035,0.0031792999943718314,0.002973900001961738,0.0036743000091519207,0.002998200012370944,0.00010510001447983086
0.0,LP2 ($ 	heta $ Only),19,232,0.0,,0,0,0,0,0.0,0.0,100.0,0.00344180001411587,0.0007861999911256135,4.7999987145885825e-05,0.046770499990088865,0.050496799987740815,0.06844570001703687,0.003111700003501028,0.005197999998927116,0.0052998999890405685,0.003418599982978776,0.00010160001693293452
0.0,LP2 ($ 	heta $ Only),20,252,0.0,,0,0,0,0,0.0,0.0,100.0,0.0006989999965298921,0.0009311000176239759,5.570001667365432e-05,0.041851700021652505,0.05017729999963194,0.06356459998642094,0.002990299981320277,0.002883800014387816,0.004184299992630258,0.006490600004326552,0.0001039999770000577
0.0,LP2 ($ 	heta $ Only),21,273,0.0,,0,0,0,0,0.0,0.0,100.0,0.0012663999805226922,0.0008641000022180378,4.759998410008848e-05,0.03557820001151413,0.04829720000270754,0.06351569999242201,0.010301300004357472,0.0060323000070638955,0.006612900004256517,0.003985300019849092,0.00017399998614564538
0.0,LP2 ($ 	heta $ Only),22,295,0.0,,0,0,0,0,0.0,0.0,100.0,0.0006973000126890838,0.00711019997834228,0.00014260000898502767,0.036249600001610816,0.06151890000910498,0.061608799995156005,0.0035831000132020563,0.0028335999813862145,0.007501300016883761,0.0035900000075343996,0.00022160002845339477
0.0,LP2 ($ 	heta $ Only),23,318,0.0,,0,0,0,0,0.0,0.0,100.0,0.000818300002720207,0.0009014999959617853,4.919999628327787e-05,0.033406600006856024,0.06572420001612045,0.09947939999983646,0.0037660999805666506,0.009085999976377934,0.00406549999024719,0.003651999984867871,0.00020290000247769058
0.0,LP2 ($ 	heta $ Only),24,342,0.0,,0,0,0,0,0.0,0.0,100.0,0.0007477999897673726,0.002432599983876571,6.439999560825527e-05,0.037772600015159696,0.04601439999532886,0.03231199999572709,0.0033127000206150115,0.003041299991309643,0.0037013000110164285,0.006985599990002811,0.00010309999925084412
0.0,LP2 ($ 	heta $ Only),25,367,0.0,,0,0,0,0,0.0,0.0,100.0,0.0007124999829102308,0.0010375999845564365,6.59999786876142e-05,0.03915880000567995,0.04271290000178851,0.06261560000712052,0.0029426999972201884,0.0027968000213149935,0.0028722999850288033,0.004992399975890294,0.0001770000089891255
0.0,LP2 ($ 	heta $ Only),26,393,0.0,,0,0,0,0,0.0,0.0,100.0,0.0008320000197272748,0.0009421999857295305,5.77000027988106e-05,0.03775090002454817,0.05545650000567548,0.05412750001414679,0.004582399997161701,0.003966500022215769,0.0030761000234633684,0.003054200002225116,0.00010149998706765473
0.0,LP2 ($ 	heta $ Only),27,420,0.0,,0,0,0,0,0.0,0.0,100.0,0.0012270000006537884,0.0024110000231303275,6.859999848529696e-05,0.03862080001272261,0.058894500019960105,0.0725873000046704,0.0057480999967083335,0.0033315000182483345,0.003256700001657009,0.003264099999796599,0.00019120000069960952
0.0,LP2 ($ 	heta $ Only),28,448,0.0,,0,0,0,0,0.0,0.0,100.0,0.0008913000056054443,0.0009439999994356185,4.730001091957092e-05,0.041547800006810576,0.056427600007737055,0.060997100023087114,0.00578860001405701,0.010835499997483566,0.003049999999348074,0.0030393000051844865,0.00010140001541003585
0.0,LP2 ($ 	heta $ Only),29,477,0.0,,0,0,0,0,0.0,0.0,100.0,0.001508699991973117,0.0013711000210605562,0.00013540001236833632,0.03635009998106398,0.06311570000252686,0.08789140000590123,0.00772359999245964,0.0029301999893505126,0.0036657000018749386,0.004089499998372048,0.0002624999906402081
0.0,LP2 ($ 	heta $ Only),30,507,0.0,,0,0,0,0,0.0,0.0,100.0,0.001145999995060265,0.0013482000213116407,9.419998968951404e-05,0.03900340001564473,0.06206259998725727,0.08105549999163486,0.0038472999876830727,0.0033184000058099627,0.006819500005804002,0.0033678000036161393,0.0001537000061944127
0.0,LP2 ($ 	heta $ Only),31,538,0.0,,0,0,0,0,0.0,0.0,100.0,0.0010270999919157475,0.0008645000052638352,4.8200017772614956e-05,0.03457210000487976,0.055526599986478686,0.05286799999885261,0.005602199991699308,0.0028153999883215874,0.002779800008283928,0.0027778000221587718,0.00010000000474974513
0.0,LP2 ($ 	heta $ Only),32,570,0.0,,0,0,0,0,0.0,0.0,100.0,0.0007051000138744712,0.0015421999851241708,4.850002005696297e-05,0.04298030000063591,0.05519549999735318,0.0612752000160981,0.0035767000226769596,0.006043800007319078,0.003956800006562844,0.0034075999865308404,0.0001731000083964318
0.0,LP2 ($ 	heta $ Only),33,603,0.0,,0,0,0,0,0.0,0.0,100.0,0.0007042000070214272,0.0009422999864909798,5.530001362785697e-05,0.047405999997863546,0.05755600001430139,0.04978040000423789,0.003145900001982227,0.0029916999919805676,0.011701500014169142,0.0030605999927502126,0.00010099998326040804
0.0,LP2 ($ 	heta $ Only),34,637,0.0,,0,0,0,0,0.0,0.0,100.0,0.000880700012203306,0.0010586999997030944,5.219999002292752e-05,0.04133269999874756,0.050281899981200695,0.16392259998247027,0.005572699999902397,0.00825839999015443,0.0036829000164289027,0.0030482000147458166,0.00010639999527484179
0.0,LP2 ($ 	heta $ Only),35,672,0.0,,0,0,0,0,0.0,0.0,100.0,0.0013341000012587756,0.006487100006779656,8.869997691363096e-05,0.06070390000240877,0.045794300007401034,0.06689060002099723,0.0030101000156719238,0.005364099983125925,0.0036191999970469624,0.0032859000202734023,0.00017339998157694936
0.0,LP2 ($ 	heta $ Only),36,708,0.0,,0,0,0,0,0.0,0.0,100.0,0.0006925000052433461,0.0008323999936692417,4.740001168102026e-05,0.044084199995268136,0.054993300000205636,0.10082590000820346,0.0035723000182770193,0.0033423999848309904,0.003262200014432892,0.006393699994077906,9.970000246539712e-05
0.0,LP2 ($ 	heta $ Only),37,745,0.0,,0,0,0,0,0.0,0.0,100.0,0.0007050999847706407,0.0009027000050991774,4.7200010158121586e-05,0.03332430002046749,0.051988599996548146,0.07502679998287931,0.0029924999980721623,0.003571999986888841,0.004003399983048439,0.004741599987028167,0.00011969998013228178
0.0,LP2 ($ 	heta $ Only),38,783,0.0,,0,0,0,0,0.0,0.0,100.0,0.0006950999959371984,0.0008807999838609248,4.650000482797623e-05,0.031926199997542426,0.05504339997423813,0.065525100013474,0.0055677000200375915,0.006895200000144541,0.0033276999893132597,0.003316699992865324,0.00013309999485500157
0.0,LP2 ($ 	heta $ Only),39,822,0.0,,0,0,0,0,0.0,0.0,100.0,0.0013201999827288091,0.004532799997832626,0.0002023999986704439,0.05018520000157878,0.05312159997993149,0.0584110000054352,0.003741499996976927,0.0029337999876588583,0.0029092000040691346,0.003511900024022907,0.0001073999737855047
0.0,LP2 ($ 	heta $ Only),40,862,0.0,,0,0,0,0,0.0,0.0,100.0,0.0012845999735873193,0.0012401000130921602,6.3000014051795e-05,0.04218889999901876,0.05562679999275133,0.050982799992198125,0.007812099996954203,0.0028950999840162694,0.002865099988412112,0.0037167000118643045,0.00010179998935200274
0.0,LP2 ($ 	heta $ Only),41,903,0.0,,0,0,0,0,0.0,0.0,100.0,0.0008596999978180975,0.0027646000089589506,9.019998833537102e-05,0.03833020001184195,0.06298529999912716,0.046669600007589906,0.00347140000667423,0.002824099996360019,0.002812000020639971,0.0028181999805383384,9.869999485090375e-05
0.0,LP2 ($ 	heta $ Only),42,945,0.0,,0,0,0,0,0.0,0.0,100.0,0.0008805999823380262,0.0010455999872647226,5.310002597980201e-05,0.04229690000647679,0.06475310001405887,0.040578799991635606,0.007927500002551824,0.0035352999984752387,0.0028917999879922718,0.006008299998939037,0.0005527000175788999
0.0,LP2 ($ 	heta $ Only),43,988,0.0,,0,0,0,0,0.0,0.0,100.0,0.0009417000110261142,0.0011955000227317214,5.810000584460795e-05,0.037087000004248694,0.05264700000407174,0.050987399998120964,0.0050063999951817095,0.0030820000101812184,0.002882500004488975,0.002872100012609735,0.00010010000551119447
0.0,LP2 ($ 	heta $ Only),44,1032,0.0,,0,0,0,0,0.0,0.0,100.0,0.0041816000011749566,0.0020545999868772924,0.00010449998080730438,0.04032440000446513,0.046000300004379824,0.08939989999635145,0.004058000020449981,0.0039052000211086124,0.003261600009864196,0.006242400006158277,0.00017479999223724008
0.0,LP2 ($ 	heta $ Only),45,1077,0.0,,0,0,0,0,0.0,0.0,100.0,0.0007836000004317611,0.0009290999732911587,4.7999987145885825e-05,0.03356010001152754,0.043605100014247,0.04682429999229498,0.005886600003577769,0.003489299997454509,0.00276319999829866,0.002730999985942617,0.00010320000001229346
0.0,LP2 ($ 	heta $ Only),46,1123,0.0,,0,0,0,0,0.0,0.0,100.0,0.0006953999982215464,0.0009170999983325601,4.840001929551363e-05,0.06040200000279583,0.06175929997698404,0.023399500001687557,0.0034829000069294125,0.0054558999836444855,0.0032776000152807683,0.0032623999868519604,0.00017320000915788114
0.0,LP2 ($ 	heta $ Only),47,1170,0.0,,0,0,0,0,0.0,0.0,100.0,0.0006970000104047358,0.001274299982469529,8.369999704882503e-05,0.04720200001611374,0.05380319998948835,0.07483270001830533,0.0051297000027261674,0.003426599985687062,0.00340620000497438,0.0037110000266693532,0.00019749999046325684
0.0,LP2 ($ 	heta $ Only),48,1218,0.0,,0,0,0,0,0.0,0.0,100.0,0.0007197000086307526,0.0017738999740686268,0.0001086000120267272,0.0408999000210315,0.12049630002002232,0.30011609999928623,0.005379100010031834,0.00418399999034591,0.0031235000060405582,0.003910200000973418,0.00010070001007989049
0.0,LP2 ($ 	heta $ Only),49,1267,0.0,,0,0,0,0,0.0,0.0,100.0,0.0007116999768186361,0.0009224999812431633,6.280001252889633e-05,0.037907699996139854,0.07135089999064803,0.06397869999636896,0.004512000014074147,0.009426899981917813,0.0065790000080596656,0.008611299999756739,0.0002938999969046563
0.0,LP3 ($ 	heta $ Only),0,42,0.0,,0,0,0,0,0.0,0.0,100.0,0.0015254000027198344,0.0013601999962702394,0.0007928999839350581,0.06672190001700073,0.057870799995725974,0.053553399979136884,0.003939899994293228,0.0032250000222120434,0.0029479999793693423,0.007612200017319992,0.00018850000924430788
0.0,LP3 ($ 	heta $ Only),1,43,0.0,,0,0,0,0,0.0,0.0,100.0,0.0008502000127919018,0.0010145999840460718,5.9200014220550656e-05,0.033499599987408146,0.05650639999657869,0.05224329998600297,0.003112600010354072,0.002887800015741959,0.008774300018558279,0.003983000002335757,0.0001157999795395881
0.0,LP3 ($ 	heta $ Only),2,45,0.0,,0,0,0,0,0.0,0.0,100.0,0.0007373999978881329,0.0014437000208999962,5.4599979193881154e-05,0.04476670001167804,0.06333280002581887,0.05355680000502616,0.005694999999832362,0.004361100000096485,0.004034300014609471,0.003298199997516349,0.00017309997929260135
0.0,LP3 ($ 	heta $ Only),3,48,0.0,,0,0,0,0,0.0,0.0,100.0,0.0006932999822311103,0.000954500021180138,4.650000482797623e-05,0.0362860000168439,0.04866349999792874,0.1317785000137519,0.008775700000114739,0.013681900018127635,0.013820699998177588,0.01743249999708496,0.0002673999988473952
0.0,LP3 ($ 	heta $ Only),4,52,0.0,,0,0,0,0,0.0,0.0,100.0,0.0011656999995466322,0.0034294000070076436,0.00012509999214671552,0.060882699996000156,0.3543578999815509,0.16130940002040006,0.003389299992704764,0.004733300011139363,0.0043083000055048615,0.005644100019708276,0.00017410001601092517
0.0,LP3 ($ 	heta $ Only),5,57,0.0,,0,0,0,0,0.0,0.0,100.0,0.0007041000062599778,0.0008407999994233251,4.909999552182853e-05,0.03511359999538399,0.05950520001351833,0.06630450001102872,0.0030778000073041767,0.0029396000027190894,0.004457100003492087,0.0028654999914579093,0.00014739998732693493
0.0,LP3 ($ 	heta $ Only),6,63,0.0,,0,0,0,0,0.0,0.0,100.0,0.0012863999872934073,0.0009246000263374299,4.67000063508749e-05,0.04204070000560023,0.0456988999794703,0.06842840000172146,0.0030580000020563602,0.002913900010753423,0.009858000004896894,0.0035174000076949596,0.00010080001084133983
0.0,LP3 ($ 	heta $ Only),7,70,0.0,,0,0,0,0,0.0,0.0,100.0,0.0008980999991763383,0.001064100011717528,5.120001151226461e-05,0.04779479998978786,0.05669989998568781,0.046926100010750815,0.0031627000134903938,0.0034624999971129,0.004525299998931587,0.004064799984917045,0.00010350000229664147
0.0,LP3 ($ 	heta $ Only),8,78,0.0,,0,0,0,0,0.0,0.0,100.0,0.0007139999943319708,0.0008222000033129007,4.67000063508749e-05,0.03796309998142533,0.061137500015320256,0.06841909998911433,0.003410899982554838,0.0038494999753311276,0.0047737999993842095,0.0033215000003110617,0.00017290000687353313
0.0,LP3 ($ 	heta $ Only),9,87,0.0,,0,0,0,0,0.0,0.0,100.0,0.0006903000175952911,0.0008258000016212463,4.640000406652689e-05,0.03769309999188408,0.09829739999258891,0.07792459998745471,0.00296320000779815,0.0028216999780852348,0.004554600018309429,0.003180100000463426,0.00046430001384578645
0.0,LP3 ($ 	heta $ Only),10,97,0.0,,0,0,0,0,0.0,0.0,100.0,0.0017577999969944358,0.0027608000091277063,0.0001066999975591898,0.07834549999097362,0.06270490001770668,0.12156730002607219,0.006296200008364394,0.0033045000163838267,0.0032847000111360103,0.0038176999951247126,0.0007456000021193177
0.0,LP3 ($ 	heta $ Only),11,108,0.0,,0,0,0,0,0.0,0.0,100.0,0.0015745999990031123,0.0012134000135120004,6.369999027810991e-05,0.0420594000024721,0.05872170001384802,0.07229450001614168,0.003065900004003197,0.003512600000249222,0.007391200022539124,0.00443600001744926,0.00017900002421811223
0.0,LP3 ($ 	heta $ Only),12,120,0.0,,0,0,0,0,0.0,0.0,100.0,0.0007069999992381781,0.0008208999934140593,5.6899996707215905e-05,0.03366760001517832,0.04878429998643696,0.05321880002156831,0.01160990001517348,0.00791329998173751,0.009003199986182153,0.003707900003064424,0.00020819998462684453
0.0,LP3 ($ 	heta $ Only),13,133,0.0,,0,0,0,0,0.0,0.0,100.0,0.003980900015449151,0.0012876999971922487,5.140001303516328e-05,0.036469100014073774,0.05125760001828894,0.09783389998483472,0.004104799998458475,0.003338899987284094,0.006075300014344975,0.002859899977920577,0.0001016999885905534
0.0,LP3 ($ 	heta $ Only),14,147,0.0,,0,0,0,0,0.0,0.0,100.0,0.0007155999774113297,0.0009024000028148293,5.910001345910132e-05,0.038226199976634234,0.04643320001196116,0.07557650000671856,0.0029943000117782503,0.002849699987564236,0.0035257000126875937,0.003630499995779246,0.0003499999875202775
0.0,LP3 ($ 	heta $ Only),15,162,0.0,,0,0,0,0,0.0,0.0,100.0,0.0013738999841734767,0.001597599999513477,5.129998316988349e-05,0.03759590000845492,0.041825000022072345,0.0697811999998521,0.0034181999799329787,0.0032620000129099935,0.0037383000017143786,0.004739399999380112,0.00011980000999756157
0.0,LP3 ($ 	heta $ Only),16,178,0.0,,0,0,0,0,0.0,0.0,100.0,0.0007151000027079135,0.0008877000072970986,5.020000389777124e-05,0.07115870001143776,0.06066089999512769,0.08421609998913482,0.0035423999943304807,0.003085900010773912,0.006362999993143603,0.0037124999798834324,0.0002195000124629587
0.0,LP3 ($ 	heta $ Only),17,195,0.0,,0,0,0,0,0.0,0.0,100.0,0.0008092000207398087,0.0007853000133763999,4.75000124424696e-05,0.03356859998893924,0.047044399980222806,0.03746640001190826,0.0037102999922353774,0.00898589999997057,0.002886699978262186,0.0028482000052463263,0.00010279999696649611
0.0,LP3 ($ 	heta $ Only),18,213,0.0,,0,0,0,0,0.0,0.0,100.0,0.0009027000050991774,0.0012235000031068921,6.089999806135893e-05,0.03965260001132265,0.050210799992782995,0.04236399999354035,0.0031792999943718314,0.002973900001961738,0.0036743000091519207,0.002998200012370944,0.00010510001447983086
0.0,LP3 ($ 	heta $ Only),19,232,0.0,,0,0,0,0,0.0,0.0,100.0,0.00344180001411587,0.0007861999911256135,4.7999987145885825e-05,0.046770499990088865,0.050496799987740815,0.06844570001703687,0.003111700003501028,0.005197999998927116,0.0052998999890405685,0.003418599982978776,0.00010160001693293452
0.0,LP3 ($ 	heta $ Only),20,252,0.0,,0,0,0,0,0.0,0.0,100.0,0.0006989999965298921,0.0009311000176239759,5.570001667365432e-05,0.041851700021652505,0.05017729999963194,0.06356459998642094,0.002990299981320277,0.002883800014387816,0.004184299992630258,0.006490600004326552,0.0001039999770000577
0.0,LP3 ($ 	heta $ Only),21,273,0.0,,0,0,0,0,0.0,0.0,100.0,0.0012663999805226922,0.0008641000022180378,4.759998410008848e-05,0.03557820001151413,0.04829720000270754,0.06351569999242201,0.010301300004357472,0.0060323000070638955,0.006612900004256517,0.003985300019849092,0.00017399998614564538
0.0,LP3 ($ 	heta $ Only),22,295,0.0,,0,0,0,0,0.0,0.0,100.0,0.0006973000126890838,0.00711019997834228,0.00014260000898502767,0.036249600001610816,0.06151890000910498,0.061608799995156005,0.0035831000132020563,0.0028335999813862145,0.007501300016883761,0.0035900000075343996,0.00022160002845339477
0.0,LP3 ($ 	heta $ Only),23,318,0.0,,0,0,0,0,0.0,0.0,100.0,0.000818300002720207,0.0009014999959617853,4.919999628327787e-05,0.033406600006856024,0.06572420001612045,0.09947939999983646,0.0037660999805666506,0.009085999976377934,0.00406549999024719,0.003651999984867871,0.00020290000247769058
0.0,LP3 ($ 	heta $ Only),24,342,0.0,,0,0,0,0,0.0,0.0,100.0,0.0007477999897673726,0.002432599983876571,6.439999560825527e-05,0.037772600015159696,0.04601439999532886,0.03231199999572709,0.0033127000206150115,0.003041299991309643,0.0037013000110164285,0.006985599990002811,0.00010309999925084412
0.0,LP3 ($ 	heta $ Only),25,367,0.0,,0,0,0,0,0.0,0.0,100.0,0.0007124999829102308,0.0010375999845564365,6.59999786876142e-05,0.03915880000567995,0.04271290000178851,0.06261560000712052,0.0029426999972201884,0.0027968000213149935,0.0028722999850288033,0.004992399975890294,0.0001770000089891255
0.0,LP3 ($ 	heta $ Only),26,393,0.0,,0,0,0,0,0.0,0.0,100.0,0.0008320000197272748,0.0009421999857295305,5.77000027988106e-05,0.03775090002454817,0.05545650000567548,0.05412750001414679,0.004582399997161701,0.003966500022215769,0.0030761000234633684,0.003054200002225116,0.00010149998706765473
0.0,LP3 ($ 	heta $ Only),27,420,0.0,,0,0,0,0,0.0,0.0,100.0,0.0012270000006537884,0.0024110000231303275,6.859999848529696e-05,0.03862080001272261,0.058894500019960105,0.0725873000046704,0.0057480999967083335,0.0033315000182483345,0.003256700001657009,0.003264099999796599,0.00019120000069960952
0.0,LP3 ($ 	heta $ Only),28,448,0.0,,0,0,0,0,0.0,0.0,100.0,0.0008913000056054443,0.0009439999994356185,4.730001091957092e-05,0.041547800006810576,0.056427600007737055,0.060997100023087114,0.00578860001405701,0.010835499997483566,0.003049999999348074,0.0030393000051844865,0.00010140001541003585
0.0,LP3 ($ 	heta $ Only),29,477,0.0,,0,0,0,0,0.0,0.0,100.0,0.001508699991973117,0.0013711000210605562,0.00013540001236833632,0.03635009998106398,0.06311570000252686,0.08789140000590123,0.00772359999245964,0.0029301999893505126,0.0036657000018749386,0.004089499998372048,0.0002624999906402081
0.0,LP3 ($ 	heta $ Only),30,507,0.0,,0,0,0,0,0.0,0.0,100.0,0.001145999995060265,0.0013482000213116407,9.419998968951404e-05,0.03900340001564473,0.06206259998725727,0.08105549999163486,0.0038472999876830727,0.0033184000058099627,0.006819500005804002,0.0033678000036161393,0.0001537000061944127
0.0,LP3 ($ 	heta $ Only),31,538,0.0,,0,0,0,0,0.0,0.0,100.0,0.0010270999919157475,0.0008645000052638352,4.8200017772614956e-05,0.03457210000487976,0.055526599986478686,0.05286799999885261,0.005602199991699308,0.0028153999883215874,0.002779800008283928,0.0027778000221587718,0.00010000000474974513
0.0,LP3 ($ 	heta $ Only),32,570,0.0,,0,0,0,0,0.0,0.0,100.0,0.0007051000138744712,0.0015421999851241708,4.850002005696297e-05,0.04298030000063591,0.05519549999735318,0.0612752000160981,0.0035767000226769596,0.006043800007319078,0.003956800006562844,0.0034075999865308404,0.0001731000083964318
0.0,LP3 ($ 	heta $ Only),33,603,0.0,,0,0,0,0,0.0,0.0,100.0,0.0007042000070214272,0.0009422999864909798,5.530001362785697e-05,0.047405999997863546,0.05755600001430139,0.04978040000423789,0.003145900001982227,0.0029916999919805676,0.011701500014169142,0.0030605999927502126,0.00010099998326040804
0.0,LP3 ($ 	heta $ Only),34,637,0.0,,0,0,0,0,0.0,0.0,100.0,0.000880700012203306,0.0010586999997030944,5.219999002292752e-05,0.04133269999874756,0.050281899981200695,0.16392259998247027,0.005572699999902397,0.00825839999015443,0.0036829000164289027,0.0030482000147458166,0.00010639999527484179
0.0,LP3 ($ 	heta $ Only),35,672,0.0,,0,0,0,0,0.0,0.0,100.0,0.0013341000012587756,0.006487100006779656,8.869997691363096e-05,0.06070390000240877,0.045794300007401034,0.06689060002099723,0.0030101000156719238,0.005364099983125925,0.0036191999970469624,0.0032859000202734023,0.00017339998157694936
0.0,LP3 ($ 	heta $ Only),36,708,0.0,,0,0,0,0,0.0,0.0,100.0,0.0006925000052433461,0.0008323999936692417,4.740001168102026e-05,0.044084199995268136,0.054993300000205636,0.10082590000820346,0.0035723000182770193,0.0033423999848309904,0.003262200014432892,0.006393699994077906,9.970000246539712e-05
0.0,LP3 ($ 	heta $ Only),37,745,0.0,,0,0,0,0,0.0,0.0,100.0,0.0007050999847706407,0.0009027000050991774,4.7200010158121586e-05,0.03332430002046749,0.051988599996548146,0.07502679998287931,0.0029924999980721623,0.003571999986888841,0.004003399983048439,0.004741599987028167,0.00011969998013228178
0.0,LP3 ($ 	heta $ Only),38,783,0.0,,0,0,0,0,0.0,0.0,100.0,0.0006950999959371984,0.0008807999838609248,4.650000482797623e-05,0.031926199997542426,0.05504339997423813,0.065525100013474,0.0055677000200375915,0.006895200000144541,0.0033276999893132597,0.003316699992865324,0.00013309999485500157
0.0,LP3 ($ 	heta $ Only),39,822,0.0,,0,0,0,0,0.0,0.0,100.0,0.0013201999827288091,0.004532799997832626,0.0002023999986704439,0.05018520000157878,0.05312159997993149,0.0584110000054352,0.003741499996976927,0.0029337999876588583,0.0029092000040691346,0.003511900024022907,0.0001073999737855047
0.0,LP3 ($ 	heta $ Only),40,862,0.0,,0,0,0,0,0.0,0.0,100.0,0.0012845999735873193,0.0012401000130921602,6.3000014051795e-05,0.04218889999901876,0.05562679999275133,0.050982799992198125,0.007812099996954203,0.0028950999840162694,0.002865099988412112,0.0037167000118643045,0.00010179998935200274
0.0,LP3 ($ 	heta $ Only),41,903,0.0,,0,0,0,0,0.0,0.0,100.0,0.0008596999978180975,0.0027646000089589506,9.019998833537102e-05,0.03833020001184195,0.06298529999912716,0.046669600007589906,0.00347140000667423,0.002824099996360019,0.002812000020639971,0.0028181999805383384,9.869999485090375e-05
0.0,LP3 ($ 	heta $ Only),42,945,0.0,,0,0,0,0,0.0,0.0,100.0,0.0008805999823380262,0.0010455999872647226,5.310002597980201e-05,0.04229690000647679,0.06475310001405887,0.040578799991635606,0.007927500002551824,0.0035352999984752387,0.0028917999879922718,0.006008299998939037,0.0005527000175788999
0.0,LP3 ($ 	heta $ Only),43,988,0.0,,0,0,0,0,0.0,0.0,100.0,0.0009417000110261142,0.0011955000227317214,5.810000584460795e-05,0.037087000004248694,0.05264700000407174,0.050987399998120964,0.0050063999951817095,0.0030820000101812184,0.002882500004488975,0.002872100012609735,0.00010010000551119447
0.0,LP3 ($ 	heta $ Only),44,1032,0.0,,0,0,0,0,0.0,0.0,100.0,0.0041816000011749566,0.0020545999868772924,0.00010449998080730438,0.04032440000446513,0.046000300004379824,0.08939989999635145,0.004058000020449981,0.0039052000211086124,0.003261600009864196,0.006242400006158277,0.00017479999223724008
0.0,LP3 ($ 	heta $ Only),45,1077,0.0,,0,0,0,0,0.0,0.0,100.0,0.0007836000004317611,0.0009290999732911587,4.7999987145885825e-05,0.03356010001152754,0.043605100014247,0.04682429999229498,0.005886600003577769,0.003489299997454509,0.00276319999829866,0.002730999985942617,0.00010320000001229346
0.0,LP3 ($ 	heta $ Only),46,1123,0.0,,0,0,0,0,0.0,0.0,100.0,0.0006953999982215464,0.0009170999983325601,4.840001929551363e-05,0.06040200000279583,0.06175929997698404,0.023399500001687557,0.0034829000069294125,0.0054558999836444855,0.0032776000152807683,0.0032623999868519604,0.00017320000915788114
0.0,LP3 ($ 	heta $ Only),47,1170,0.0,,0,0,0,0,0.0,0.0,100.0,0.0006970000104047358,0.001274299982469529,8.369999704882503e-05,0.04720200001611374,0.05380319998948835,0.07483270001830533,0.0051297000027261674,0.003426599985687062,0.00340620000497438,0.0037110000266693532,0.00019749999046325684
0.0,LP3 ($ 	heta $ Only),48,1218,0.0,,0,0,0,0,0.0,0.0,100.0,0.0007197000086307526,0.0017738999740686268,0.0001086000120267272,0.0408999000210315,0.12049630002002232,0.30011609999928623,0.005379100010031834,0.00418399999034591,0.0031235000060405582,0.003910200000973418,0.00010070001007989049
0.0,LP3 ($ 	heta $ Only),49,1267,0.0,,0,0,0,0,0.0,0.0,100.0,0.0007116999768186361,0.0009224999812431633,6.280001252889633e-05,0.037907699996139854,0.07135089999064803,0.06397869999636896,0.004512000014074147,0.009426899981917813,0.0065790000080596656,0.008611299999756739,0.0002938999969046563
0.0,Weighted LP3 ($ 	heta $ Only),0,42,0.0,,0,0,0,0,0.0,0.0,100.0,0.0015254000027198344,0.0013601999962702394,0.0007928999839350581,0.06672190001700073,0.057870799995725974,0.053553399979136884,0.003939899994293228,0.0032250000222120434,0.0029479999793693423,0.007612200017319992,0.00018850000924430788
0.0,Weighted LP3 ($ 	heta $ Only),1,43,0.0,,0,0,0,0,0.0,0.0,100.0,0.0008502000127919018,0.0010145999840460718,5.9200014220550656e-05,0.033499599987408146,0.05650639999657869,0.05224329998600297,0.003112600010354072,0.002887800015741959,0.008774300018558279,0.003983000002335757,0.0001157999795395881
0.0,Weighted LP3 ($ 	heta $ Only),2,45,0.0,,0,0,0,0,0.0,0.0,100.0,0.0007373999978881329,0.0014437000208999962,5.4599979193881154e-05,0.04476670001167804,0.06333280002581887,0.05355680000502616,0.005694999999832362,0.004361100000096485,0.004034300014609471,0.003298199997516349,0.00017309997929260135
0.0,Weighted LP3 ($ 	heta $ Only),3,48,0.0,,0,0,0,0,0.0,0.0,100.0,0.0006932999822311103,0.000954500021180138,4.650000482797623e-05,0.0362860000168439,0.04866349999792874,0.1317785000137519,0.008775700000114739,0.013681900018127635,0.013820699998177588,0.01743249999708496,0.0002673999988473952
0.0,Weighted LP3 ($ 	heta $ Only),4,52,0.0,,0,0,0,0,0.0,0.0,100.0,0.0011656999995466322,0.0034294000070076436,0.00012509999214671552,0.060882699996000156,0.3543578999815509,0.16130940002040006,0.003389299992704764,0.004733300011139363,0.0043083000055048615,0.005644100019708276,0.00017410001601092517
0.0,Weighted LP3 ($ 	heta $ Only),5,57,0.0,,0,0,0,0,0.0,0.0,100.0,0.0007041000062599778,0.0008407999994233251,4.909999552182853e-05,0.03511359999538399,0.05950520001351833,0.06630450001102872,0.0030778000073041767,0.0029396000027190894,0.004457100003492087,0.0028654999914579093,0.00014739998732693493
0.0,Weighted LP3 ($ 	heta $ Only),6,63,0.0,,0,0,0,0,0.0,0.0,100.0,0.0012863999872934073,0.0009246000263374299,4.67000063508749e-05,0.04204070000560023,0.0456988999794703,0.06842840000172146,0.0030580000020563602,0.002913900010753423,0.009858000004896894,0.0035174000076949596,0.00010080001084133983
0.0,Weighted LP3 ($ 	heta $ Only),7,70,0.0,,0,0,0,0,0.0,0.0,100.0,0.0008980999991763383,0.001064100011717528,5.120001151226461e-05,0.04779479998978786,0.05669989998568781,0.046926100010750815,0.0031627000134903938,0.0034624999971129,0.004525299998931587,0.004064799984917045,0.00010350000229664147
0.0,Weighted LP3 ($ 	heta $ Only),8,78,0.0,,0,0,0,0,0.0,0.0,100.0,0.0007139999943319708,0.0008222000033129007,4.67000063508749e-05,0.03796309998142533,0.061137500015320256,0.06841909998911433,0.003410899982554838,0.0038494999753311276,0.0047737999993842095,0.0033215000003110617,0.00017290000687353313
0.0,Weighted LP3 ($ 	heta $ Only),9,87,0.0,,0,0,0,0,0.0,0.0,100.0,0.0006903000175952911,0.0008258000016212463,4.640000406652689e-05,0.03769309999188408,0.09829739999258891,0.07792459998745471,0.00296320000779815,0.0028216999780852348,0.004554600018309429,0.003180100000463426,0.00046430001384578645
0.0,Weighted LP3 ($ 	heta $ Only),10,97,0.0,,0,0,0,0,0.0,0.0,100.0,0.0017577999969944358,0.0027608000091277063,0.0001066999975591898,0.07834549999097362,0.06270490001770668,0.12156730002607219,0.006296200008364394,0.0033045000163838267,0.0032847000111360103,0.0038176999951247126,0.0007456000021193177
0.0,Weighted LP3 ($ 	heta $ Only),11,108,0.0,,0,0,0,0,0.0,0.0,100.0,0.0015745999990031123,0.0012134000135120004,6.369999027810991e-05,0.0420594000024721,0.05872170001384802,0.07229450001614168,0.003065900004003197,0.003512600000249222,0.007391200022539124,0.00443600001744926,0.00017900002421811223
0.0,Weighted LP3 ($ 	heta $ Only),12,120,0.0,,0,0,0,0,0.0,0.0,100.0,0.0007069999992381781,0.0008208999934140593,5.6899996707215905e-05,0.03366760001517832,0.04878429998643696,0.05321880002156831,0.01160990001517348,0.00791329998173751,0.009003199986182153,0.003707900003064424,0.00020819998462684453
0.0,Weighted LP3 ($ 	heta $ Only),13,133,0.0,,0,0,0,0,0.0,0.0,100.0,0.003980900015449151,0.0012876999971922487,5.140001303516328e-05,0.036469100014073774,0.05125760001828894,0.09783389998483472,0.004104799998458475,0.003338899987284094,0.006075300014344975,0.002859899977920577,0.0001016999885905534
0.0,Weighted LP3 ($ 	heta $ Only),14,147,0.0,,0,0,0,0,0.0,0.0,100.0,0.0007155999774113297,0.0009024000028148293,5.910001345910132e-05,0.038226199976634234,0.04643320001196116,0.07557650000671856,0.0029943000117782503,0.002849699987564236,0.0035257000126875937,0.003630499995779246,0.0003499999875202775
0.0,Weighted LP3 ($ 	heta $ Only),15,162,0.0,,0,0,0,0,0.0,0.0,100.0,0.0013738999841734767,0.001597599999513477,5.129998316988349e-05,0.03759590000845492,0.041825000022072345,0.0697811999998521,0.0034181999799329787,0.0032620000129099935,0.0037383000017143786,0.004739399999380112,0.00011980000999756157
0.0,Weighted LP3 ($ 	heta $ Only),16,178,0.0,,0,0,0,0,0.0,0.0,100.0,0.0007151000027079135,0.0008877000072970986,5.020000389777124e-05,0.07115870001143776,0.06066089999512769,0.08421609998913482,0.0035423999943304807,0.003085900010773912,0.006362999993143603,0.0037124999798834324,0.0002195000124629587
0.0,Weighted LP3 ($ 	heta $ Only),17,195,0.0,,0,0,0,0,0.0,0.0,100.0,0.0008092000207398087,0.0007853000133763999,4.75000124424696e-05,0.03356859998893924,0.047044399980222806,0.03746640001190826,0.0037102999922353774,0.00898589999997057,0.002886699978262186,0.0028482000052463263,0.00010279999696649611
0.0,Weighted LP3 ($ 	heta $ Only),18,213,0.0,,0,0,0,0,0.0,0.0,100.0,0.0009027000050991774,0.0012235000031068921,6.089999806135893e-05,0.03965260001132265,0.050210799992782995,0.04236399999354035,0.0031792999943718314,0.002973900001961738,0.0036743000091519207,0.002998200012370944,0.00010510001447983086
0.0,Weighted LP3 ($ 	heta $ Only),19,232,0.0,,0,0,0,0,0.0,0.0,100.0,0.00344180001411587,0.0007861999911256135,4.7999987145885825e-05,0.046770499990088865,0.050496799987740815,0.06844570001703687,0.003111700003501028,0.005197999998927116,0.0052998999890405685,0.003418599982978776,0.00010160001693293452
0.0,Weighted LP3 ($ 	heta $ Only),20,252,0.0,,0,0,0,0,0.0,0.0,100.0,0.0006989999965298921,0.0009311000176239759,5.570001667365432e-05,0.041851700021652505,0.05017729999963194,0.06356459998642094,0.002990299981320277,0.002883800014387816,0.004184299992630258,0.006490600004326552,0.0001039999770000577
0.0,Weighted LP3 ($ 	heta $ Only),21,273,0.0,,0,0,0,0,0.0,0.0,100.0,0.0012663999805226922,0.0008641000022180378,4.759998410008848e-05,0.03557820001151413,0.04829720000270754,0.06351569999242201,0.010301300004357472,0.0060323000070638955,0.006612900004256517,0.003985300019849092,0.00017399998614564538
0.0,Weighted LP3 ($ 	heta $ Only),22,295,0.0,,0,0,0,0,0.0,0.0,100.0,0.0006973000126890838,0.00711019997834228,0.00014260000898502767,0.036249600001610816,0.06151890000910498,0.061608799995156005,0.0035831000132020563,0.0028335999813862145,0.007501300016883761,0.0035900000075343996,0.00022160002845339477
0.0,Weighted LP3 ($ 	heta $ Only),23,318,0.0,,0,0,0,0,0.0,0.0,100.0,0.000818300002720207,0.0009014999959617853,4.919999628327787e-05,0.033406600006856024,0.06572420001612045,0.09947939999983646,0.0037660999805666506,0.009085999976377934,0.00406549999024719,0.003651999984867871,0.00020290000247769058
0.0,Weighted LP3 ($ 	heta $ Only),24,342,0.0,,0,0,0,0,0.0,0.0,100.0,0.0007477999897673726,0.002432599983876571,6.439999560825527e-05,0.037772600015159696,0.04601439999532886,0.03231199999572709,0.0033127000206150115,0.003041299991309643,0.0037013000110164285,0.006985599990002811,0.00010309999925084412
0.0,Weighted LP3 ($ 	heta $ Only),25,367,0.0,,0,0,0,0,0.0,0.0,100.0,0.0007124999829102308,0.0010375999845564365,6.59999786876142e-05,0.03915880000567995,0.04271290000178851,0.06261560000712052,0.0029426999972201884,0.0027968000213149935,0.0028722999850288033,0.004992399975890294,0.0001770000089891255
0.0,Weighted LP3 ($ 	heta $ Only),26,393,0.0,,0,0,0,0,0.0,0.0,100.0,0.0008320000197272748,0.0009421999857295305,5.77000027988106e-05,0.03775090002454817,0.05545650000567548,0.05412750001414679,0.004582399997161701,0.003966500022215769,0.0030761000234633684,0.003054200002225116,0.00010149998706765473
0.0,Weighted LP3 ($ 	heta $ Only),27,420,0.0,,0,0,0,0,0.0,0.0,100.0,0.0012270000006537884,0.0024110000231303275,6.859999848529696e-05,0.03862080001272261,0.058894500019960105,0.0725873000046704,0.0057480999967083335,0.0033315000182483345,0.003256700001657009,0.003264099999796599,0.00019120000069960952
0.0,Weighted LP3 ($ 	heta $ Only),28,448,0.0,,0,0,0,0,0.0,0.0,100.0,0.0008913000056054443,0.0009439999994356185,4.730001091957092e-05,0.041547800006810576,0.056427600007737055,0.060997100023087114,0.00578860001405701,0.010835499997483566,0.003049999999348074,0.0030393000051844865,0.00010140001541003585
0.0,Weighted LP3 ($ 	heta $ Only),29,477,0.0,,0,0,0,0,0.0,0.0,100.0,0.001508699991973117,0.0013711000210605562,0.00013540001236833632,0.03635009998106398,0.06311570000252686,0.08789140000590123,0.00772359999245964,0.0029301999893505126,0.0036657000018749386,0.004089499998372048,0.0002624999906402081
0.0,Weighted LP3 ($ 	heta $ Only),30,507,0.0,,0,0,0,0,0.0,0.0,100.0,0.001145999995060265,0.0013482000213116407,9.419998968951404e-05,0.03900340001564473,0.06206259998725727,0.08105549999163486,0.0038472999876830727,0.0033184000058099627,0.006819500005804002,0.0033678000036161393,0.0001537000061944127
0.0,Weighted LP3 ($ 	heta $ Only),31,538,0.0,,0,0,0,0,0.0,0.0,100.0,0.0010270999919157475,0.0008645000052638352,4.8200017772614956e-05,0.03457210000487976,0.055526599986478686,0.05286799999885261,0.005602199991699308,0.0028153999883215874,0.002779800008283928,0.0027778000221587718,0.00010000000474974513
0.0,Weighted LP3 ($ 	heta $ Only),32,570,0.0,,0,0,0,0,0.0,0.0,100.0,0.0007051000138744712,0.0015421999851241708,4.850002005696297e-05,0.04298030000063591,0.05519549999735318,0.0612752000160981,0.0035767000226769596,0.006043800007319078,0.003956800006562844,0.0034075999865308404,0.0001731000083964318
0.0,Weighted LP3 ($ 	heta $ Only),33,603,0.0,,0,0,0,0,0.0,0.0,100.0,0.0007042000070214272,0.0009422999864909798,5.530001362785697e-05,0.047405999997863546,0.05755600001430139,0.04978040000423789,0.003145900001982227,0.0029916999919805676,0.011701500014169142,0.0030605999927502126,0.00010099998326040804
0.0,Weighted LP3 ($ 	heta $ Only),34,637,0.0,,0,0,0,0,0.0,0.0,100.0,0.000880700012203306,0.0010586999997030944,5.219999002292752e-05,0.04133269999874756,0.050281899981200695,0.16392259998247027,0.005572699999902397,0.00825839999015443,0.0036829000164289027,0.0030482000147458166,0.00010639999527484179
0.0,Weighted LP3 ($ 	heta $ Only),35,672,0.0,,0,0,0,0,0.0,0.0,100.0,0.0013341000012587756,0.006487100006779656,8.869997691363096e-05,0.06070390000240877,0.045794300007401034,0.06689060002099723,0.0030101000156719238,0.005364099983125925,0.0036191999970469624,0.0032859000202734023,0.00017339998157694936
0.0,Weighted LP3 ($ 	heta $ Only),36,708,0.0,,0,0,0,0,0.0,0.0,100.0,0.0006925000052433461,0.0008323999936692417,4.740001168102026e-05,0.044084199995268136,0.054993300000205636,0.10082590000820346,0.0035723000182770193,0.0033423999848309904,0.003262200014432892,0.006393699994077906,9.970000246539712e-05
0.0,Weighted LP3 ($ 	heta $ Only),37,745,0.0,,0,0,0,0,0.0,0.0,100.0,0.0007050999847706407,0.0009027000050991774,4.7200010158121586e-05,0.03332430002046749,0.051988599996548146,0.07502679998287931,0.0029924999980721623,0.003571999986888841,0.004003399983048439,0.004741599987028167,0.00011969998013228178
0.0,Weighted LP3 ($ 	heta $ Only),38,783,0.0,,0,0,0,0,0.0,0.0,100.0,0.0006950999959371984,0.0008807999838609248,4.650000482797623e-05,0.031926199997542426,0.05504339997423813,0.065525100013474,0.0055677000200375915,0.006895200000144541,0.0033276999893132597,0.003316699992865324,0.00013309999485500157
0.0,Weighted LP3 ($ 	heta $ Only),39,822,0.0,,0,0,0,0,0.0,0.0,100.0,0.0013201999827288091,0.004532799997832626,0.0002023999986704439,0.05018520000157878,0.05312159997993149,0.0584110000054352,0.003741499996976927,0.0029337999876588583,0.0029092000040691346,0.003511900024022907,0.0001073999737855047
0.0,Weighted LP3 ($ 	heta $ Only),40,862,0.0,,0,0,0,0,0.0,0.0,100.0,0.0012845999735873193,0.0012401000130921602,6.3000014051795e-05,0.04218889999901876,0.05562679999275133,0.050982799992198125,0.007812099996954203,0.0028950999840162694,0.002865099988412112,0.0037167000118643045,0.00010179998935200274
0.0,Weighted LP3 ($ 	heta $ Only),41,903,0.0,,0,0,0,0,0.0,0.0,100.0,0.0008596999978180975,0.0027646000089589506,9.019998833537102e-05,0.03833020001184195,0.06298529999912716,0.046669600007589906,0.00347140000667423,0.002824099996360019,0.002812000020639971,0.0028181999805383384,9.869999485090375e-05
0.0,Weighted LP3 ($ 	heta $ Only),42,945,0.0,,0,0,0,0,0.0,0.0,100.0,0.0008805999823380262,0.0010455999872647226,5.310002597980201e-05,0.04229690000647679,0.06475310001405887,0.040578799991635606,0.007927500002551824,0.0035352999984752387,0.0028917999879922718,0.006008299998939037,0.0005527000175788999
0.0,Weighted LP3 ($ 	heta $ Only),43,988,0.0,,0,0,0,0,0.0,0.0,100.0,0.0009417000110261142,0.0011955000227317214,5.810000584460795e-05,0.037087000004248694,0.05264700000407174,0.050987399998120964,0.0050063999951817095,0.0030820000101812184,0.002882500004488975,0.002872100012609735,0.00010010000551119447
0.0,Weighted LP3 ($ 	heta $ Only),44,1032,0.0,,0,0,0,0,0.0,0.0,100.0,0.0041816000011749566,0.0020545999868772924,0.00010449998080730438,0.04032440000446513,0.046000300004379824,0.08939989999635145,0.004058000020449981,0.0039052000211086124,0.003261600009864196,0.006242400006158277,0.00017479999223724008
0.0,Weighted LP3 ($ 	heta $ Only),45,1077,0.0,,0,0,0,0,0.0,0.0,100.0,0.0007836000004317611,0.0009290999732911587,4.7999987145885825e-05,0.03356010001152754,0.043605100014247,0.04682429999229498,0.005886600003577769,0.003489299997454509,0.00276319999829866,0.002730999985942617,0.00010320000001229346
0.0,Weighted LP3 ($ 	heta $ Only),46,1123,0.0,,0,0,0,0,0.0,0.0,100.0,0.0006953999982215464,0.0009170999983325601,4.840001929551363e-05,0.06040200000279583,0.06175929997698404,0.023399500001687557,0.0034829000069294125,0.0054558999836444855,0.0032776000152807683,0.0032623999868519604,0.00017320000915788114
0.0,Weighted LP3 ($ 	heta $ Only),47,1170,0.0,,0,0,0,0,0.0,0.0,100.0,0.0006970000104047358,0.001274299982469529,8.369999704882503e-05,0.04720200001611374,0.05380319998948835,0.07483270001830533,0.0051297000027261674,0.003426599985687062,0.00340620000497438,0.0037110000266693532,0.00019749999046325684
0.0,Weighted LP3 ($ 	heta $ Only),48,1218,0.0,,0,0,0,0,0.0,0.0,100.0,0.0007197000086307526,0.0017738999740686268,0.0001086000120267272,0.0408999000210315,0.12049630002002232,0.30011609999928623,0.005379100010031834,0.00418399999034591,0.0031235000060405582,0.003910200000973418,0.00010070001007989049
0.0,Weighted LP3 ($ 	heta $ Only),49,1267,0.0,,0,0,0,0,0.0,0.0,100.0,0.0007116999768186361,0.0009224999812431633,6.280001252889633e-05,0.037907699996139854,0.07135089999064803,0.06397869999636896,0.004512000014074147,0.009426899981917813,0.0065790000080596656,0.008611299999756739,0.0002938999969046563
0.0,Borda LP3 ($ 	heta $ Only),0,42,0.0,,0,0,0,0,0.0,0.0,100.0,0.0015254000027198344,0.0013601999962702394,0.0007928999839350581,0.06672190001700073,0.057870799995725974,0.053553399979136884,0.003939899994293228,0.0032250000222120434,0.0029479999793693423,0.007612200017319992,0.00018850000924430788
0.0,Borda LP3 ($ 	heta $ Only),1,43,0.0,,0,0,0,0,0.0,0.0,100.0,0.0008502000127919018,0.0010145999840460718,5.9200014220550656e-05,0.033499599987408146,0.05650639999657869,0.05224329998600297,0.003112600010354072,0.002887800015741959,0.008774300018558279,0.003983000002335757,0.0001157999795395881
0.0,Borda LP3 ($ 	heta $ Only),2,45,0.0,,0,0,0,0,0.0,0.0,100.0,0.0007373999978881329,0.0014437000208999962,5.4599979193881154e-05,0.04476670001167804,0.06333280002581887,0.05355680000502616,0.005694999999832362,0.004361100000096485,0.004034300014609471,0.003298199997516349,0.00017309997929260135
0.0,Borda LP3 ($ 	heta $ Only),3,48,0.0,,0,0,0,0,0.0,0.0,100.0,0.0006932999822311103,0.000954500021180138,4.650000482797623e-05,0.0362860000168439,0.04866349999792874,0.1317785000137519,0.008775700000114739,0.013681900018127635,0.013820699998177588,0.01743249999708496,0.0002673999988473952
0.0,Borda LP3 ($ 	heta $ Only),4,52,0.0,,0,0,0,0,0.0,0.0,100.0,0.0011656999995466322,0.0034294000070076436,0.00012509999214671552,0.060882699996000156,0.3543578999815509,0.16130940002040006,0.003389299992704764,0.004733300011139363,0.0043083000055048615,0.005644100019708276,0.00017410001601092517
0.0,Borda LP3 ($ 	heta $ Only),5,57,0.0,,0,0,0,0,0.0,0.0,100.0,0.0007041000062599778,0.0008407999994233251,4.909999552182853e-05,0.03511359999538399,0.05950520001351833,0.06630450001102872,0.0030778000073041767,0.0029396000027190894,0.004457100003492087,0.0028654999914579093,0.00014739998732693493
0.0,Borda LP3 ($ 	heta $ Only),6,63,0.0,,0,0,0,0,0.0,0.0,100.0,0.0012863999872934073,0.0009246000263374299,4.67000063508749e-05,0.04204070000560023,0.0456988999794703,0.06842840000172146,0.0030580000020563602,0.002913900010753423,0.009858000004896894,0.0035174000076949596,0.00010080001084133983
0.0,Borda LP3 ($ 	heta $ Only),7,70,0.0,,0,0,0,0,0.0,0.0,100.0,0.0008980999991763383,0.001064100011717528,5.120001151226461e-05,0.04779479998978786,0.05669989998568781,0.046926100010750815,0.0031627000134903938,0.0034624999971129,0.004525299998931587,0.004064799984917045,0.00010350000229664147
0.0,Borda LP3 ($ 	heta $ Only),8,78,0.0,,0,0,0,0,0.0,0.0,100.0,0.0007139999943319708,0.0008222000033129007,4.67000063508749e-05,0.03796309998142533,0.061137500015320256,0.06841909998911433,0.003410899982554838,0.0038494999753311276,0.0047737999993842095,0.0033215000003110617,0.00017290000687353313
0.0,Borda LP3 ($ 	heta $ Only),9,87,0.0,,0,0,0,0,0.0,0.0,100.0,0.0006903000175952911,0.0008258000016212463,4.640000406652689e-05,0.03769309999188408,0.09829739999258891,0.07792459998745471,0.00296320000779815,0.0028216999780852348,0.004554600018309429,0.003180100000463426,0.00046430001384578645
0.0,Borda LP3 ($ 	heta $ Only),10,97,0.0,,0,0,0,0,0.0,0.0,100.0,0.0017577999969944358,0.0027608000091277063,0.0001066999975591898,0.07834549999097362,0.06270490001770668,0.12156730002607219,0.006296200008364394,0.0033045000163838267,0.0032847000111360103,0.0038176999951247126,0.0007456000021193177
0.0,Borda LP3 ($ 	heta $ Only),11,108,0.0,,0,0,0,0,0.0,0.0,100.0,0.0015745999990031123,0.0012134000135120004,6.369999027810991e-05,0.0420594000024721,0.05872170001384802,0.07229450001614168,0.003065900004003197,0.003512600000249222,0.007391200022539124,0.00443600001744926,0.00017900002421811223
0.0,Borda LP3 ($ 	heta $ Only),12,120,0.0,,0,0,0,0,0.0,0.0,100.0,0.0007069999992381781,0.0008208999934140593,5.6899996707215905e-05,0.03366760001517832,0.04878429998643696,0.05321880002156831,0.01160990001517348,0.00791329998173751,0.009003199986182153,0.003707900003064424,0.00020819998462684453
0.0,Borda LP3 ($ 	heta $ Only),13,133,0.0,,0,0,0,0,0.0,0.0,100.0,0.003980900015449151,0.0012876999971922487,5.140001303516328e-05,0.036469100014073774,0.05125760001828894,0.09783389998483472,0.004104799998458475,0.003338899987284094,0.006075300014344975,0.002859899977920577,0.0001016999885905534
0.0,Borda LP3 ($ 	heta $ Only),14,147,0.0,,0,0,0,0,0.0,0.0,100.0,0.0007155999774113297,0.0009024000028148293,5.910001345910132e-05,0.038226199976634234,0.04643320001196116,0.07557650000671856,0.0029943000117782503,0.002849699987564236,0.0035257000126875937,0.003630499995779246,0.0003499999875202775
0.0,Borda LP3 ($ 	heta $ Only),15,162,0.0,,0,0,0,0,0.0,0.0,100.0,0.0013738999841734767,0.001597599999513477,5.129998316988349e-05,0.03759590000845492,0.041825000022072345,0.0697811999998521,0.0034181999799329787,0.0032620000129099935,0.0037383000017143786,0.004739399999380112,0.00011980000999756157
0.0,Borda LP3 ($ 	heta $ Only),16,178,0.0,,0,0,0,0,0.0,0.0,100.0,0.0007151000027079135,0.0008877000072970986,5.020000389777124e-05,0.07115870001143776,0.06066089999512769,0.08421609998913482,0.0035423999943304807,0.003085900010773912,0.006362999993143603,0.0037124999798834324,0.0002195000124629587
0.0,Borda LP3 ($ 	heta $ Only),17,195,0.0,,0,0,0,0,0.0,0.0,100.0,0.0008092000207398087,0.0007853000133763999,4.75000124424696e-05,0.03356859998893924,0.047044399980222806,0.03746640001190826,0.0037102999922353774,0.00898589999997057,0.002886699978262186,0.0028482000052463263,0.00010279999696649611
0.0,Borda LP3 ($ 	heta $ Only),18,213,0.0,,0,0,0,0,0.0,0.0,100.0,0.0009027000050991774,0.0012235000031068921,6.089999806135893e-05,0.03965260001132265,0.050210799992782995,0.04236399999354035,0.0031792999943718314,0.002973900001961738,0.0036743000091519207,0.002998200012370944,0.00010510001447983086
0.0,Borda LP3 ($ 	heta $ Only),19,232,0.0,,0,0,0,0,0.0,0.0,100.0,0.00344180001411587,0.0007861999911256135,4.7999987145885825e-05,0.046770499990088865,0.050496799987740815,0.06844570001703687,0.003111700003501028,0.005197999998927116,0.0052998999890405685,0.003418599982978776,0.00010160001693293452
0.0,Borda LP3 ($ 	heta $ Only),20,252,0.0,,0,0,0,0,0.0,0.0,100.0,0.0006989999965298921,0.0009311000176239759,5.570001667365432e-05,0.041851700021652505,0.05017729999963194,0.06356459998642094,0.002990299981320277,0.002883800014387816,0.004184299992630258,0.006490600004326552,0.0001039999770000577
0.0,Borda LP3 ($ 	heta $ Only),21,273,0.0,,0,0,0,0,0.0,0.0,100.0,0.0012663999805226922,0.0008641000022180378,4.759998410008848e-05,0.03557820001151413,0.04829720000270754,0.06351569999242201,0.010301300004357472,0.0060323000070638955,0.006612900004256517,0.003985300019849092,0.00017399998614564538
0.0,Borda LP3 ($ 	heta $ Only),22,295,0.0,,0,0,0,0,0.0,0.0,100.0,0.0006973000126890838,0.00711019997834228,0.00014260000898502767,0.036249600001610816,0.06151890000910498,0.061608799995156005,0.0035831000132020563,0.0028335999813862145,0.007501300016883761,0.0035900000075343996,0.00022160002845339477
0.0,Borda LP3 ($ 	heta $ Only),23,318,0.0,,0,0,0,0,0.0,0.0,100.0,0.000818300002720207,0.0009014999959617853,4.919999628327787e-05,0.033406600006856024,0.06572420001612045,0.09947939999983646,0.0037660999805666506,0.009085999976377934,0.00406549999024719,0.003651999984867871,0.00020290000247769058
0.0,Borda LP3 ($ 	heta $ Only),24,342,0.0,,0,0,0,0,0.0,0.0,100.0,0.0007477999897673726,0.002432599983876571,6.439999560825527e-05,0.037772600015159696,0.04601439999532886,0.03231199999572709,0.0033127000206150115,0.003041299991309643,0.0037013000110164285,0.006985599990002811,0.00010309999925084412
0.0,Borda LP3 ($ 	heta $ Only),25,367,0.0,,0,0,0,0,0.0,0.0,100.0,0.0007124999829102308,0.0010375999845564365,6.59999786876142e-05,0.03915880000567995,0.04271290000178851,0.06261560000712052,0.0029426999972201884,0.0027968000213149935,0.0028722999850288033,0.004992399975890294,0.0001770000089891255
0.0,Borda LP3 ($ 	heta $ Only),26,393,0.0,,0,0,0,0,0.0,0.0,100.0,0.0008320000197272748,0.0009421999857295305,5.77000027988106e-05,0.03775090002454817,0.05545650000567548,0.05412750001414679,0.004582399997161701,0.003966500022215769,0.0030761000234633684,0.003054200002225116,0.00010149998706765473
0.0,Borda LP3 ($ 	heta $ Only),27,420,0.0,,0,0,0,0,0.0,0.0,100.0,0.0012270000006537884,0.0024110000231303275,6.859999848529696e-05,0.03862080001272261,0.058894500019960105,0.0725873000046704,0.0057480999967083335,0.0033315000182483345,0.003256700001657009,0.003264099999796599,0.00019120000069960952
0.0,Borda LP3 ($ 	heta $ Only),28,448,0.0,,0,0,0,0,0.0,0.0,100.0,0.0008913000056054443,0.0009439999994356185,4.730001091957092e-05,0.041547800006810576,0.056427600007737055,0.060997100023087114,0.00578860001405701,0.010835499997483566,0.003049999999348074,0.0030393000051844865,0.00010140001541003585
0.0,Borda LP3 ($ 	heta $ Only),29,477,0.0,,0,0,0,0,0.0,0.0,100.0,0.001508699991973117,0.0013711000210605562,0.00013540001236833632,0.03635009998106398,0.06311570000252686,0.08789140000590123,0.00772359999245964,0.0029301999893505126,0.0036657000018749386,0.004089499998372048,0.0002624999906402081
0.0,Borda LP3 ($ 	heta $ Only),30,507,0.0,,0,0,0,0,0.0,0.0,100.0,0.001145999995060265,0.0013482000213116407,9.419998968951404e-05,0.03900340001564473,0.06206259998725727,0.08105549999163486,0.0038472999876830727,0.0033184000058099627,0.006819500005804002,0.0033678000036161393,0.0001537000061944127
0.0,Borda LP3 ($ 	heta $ Only),31,538,0.0,,0,0,0,0,0.0,0.0,100.0,0.0010270999919157475,0.0008645000052638352,4.8200017772614956e-05,0.03457210000487976,0.055526599986478686,0.05286799999885261,0.005602199991699308,0.0028153999883215874,0.002779800008283928,0.0027778000221587718,0.00010000000474974513
0.0,Borda LP3 ($ 	heta $ Only),32,570,0.0,,0,0,0,0,0.0,0.0,100.0,0.0007051000138744712,0.0015421999851241708,4.850002005696297e-05,0.04298030000063591,0.05519549999735318,0.0612752000160981,0.0035767000226769596,0.006043800007319078,0.003956800006562844,0.0034075999865308404,0.0001731000083964318
0.0,Borda LP3 ($ 	heta $ Only),33,603,0.0,,0,0,0,0,0.0,0.0,100.0,0.0007042000070214272,0.0009422999864909798,5.530001362785697e-05,0.047405999997863546,0.05755600001430139,0.04978040000423789,0.003145900001982227,0.0029916999919805676,0.011701500014169142,0.0030605999927502126,0.00010099998326040804
0.0,Borda LP3 ($ 	heta $ Only),34,637,0.0,,0,0,0,0,0.0,0.0,100.0,0.000880700012203306,0.0010586999997030944,5.219999002292752e-05,0.04133269999874756,0.050281899981200695,0.16392259998247027,0.005572699999902397,0.00825839999015443,0.0036829000164289027,0.0030482000147458166,0.00010639999527484179
0.0,Borda LP3 ($ 	heta $ Only),35,672,0.0,,0,0,0,0,0.0,0.0,100.0,0.0013341000012587756,0.006487100006779656,8.869997691363096e-05,0.06070390000240877,0.045794300007401034,0.06689060002099723,0.0030101000156719238,0.005364099983125925,0.0036191999970469624,0.0032859000202734023,0.00017339998157694936
0.0,Borda LP3 ($ 	heta $ Only),36,708,0.0,,0,0,0,0,0.0,0.0,100.0,0.0006925000052433461,0.0008323999936692417,4.740001168102026e-05,0.044084199995268136,0.054993300000205636,0.10082590000820346,0.0035723000182770193,0.0033423999848309904,0.003262200014432892,0.006393699994077906,9.970000246539712e-05
0.0,Borda LP3 ($ 	heta $ Only),37,745,0.0,,0,0,0,0,0.0,0.0,100.0,0.0007050999847706407,0.0009027000050991774,4.7200010158121586e-05,0.03332430002046749,0.051988599996548146,0.07502679998287931,0.0029924999980721623,0.003571999986888841,0.004003399983048439,0.004741599987028167,0.00011969998013228178
0.0,Borda LP3 ($ 	heta $ Only),38,783,0.0,,0,0,0,0,0.0,0.0,100.0,0.0006950999959371984,0.0008807999838609248,4.650000482797623e-05,0.031926199997542426,0.05504339997423813,0.065525100013474,0.0055677000200375915,0.006895200000144541,0.0033276999893132597,0.003316699992865324,0.00013309999485500157
0.0,Borda LP3 ($ 	heta $ Only),39,822,0.0,,0,0,0,0,0.0,0.0,100.0,0.0013201999827288091,0.004532799997832626,0.0002023999986704439,0.05018520000157878,0.05312159997993149,0.0584110000054352,0.003741499996976927,0.0029337999876588583,0.0029092000040691346,0.003511900024022907,0.0001073999737855047
0.0,Borda LP3 ($ 	heta $ Only),40,862,0.0,,0,0,0,0,0.0,0.0,100.0,0.0012845999735873193,0.0012401000130921602,6.3000014051795e-05,0.04218889999901876,0.05562679999275133,0.050982799992198125,0.007812099996954203,0.0028950999840162694,0.002865099988412112,0.0037167000118643045,0.00010179998935200274
0.0,Borda LP3 ($ 	heta $ Only),41,903,0.0,,0,0,0,0,0.0,0.0,100.0,0.0008596999978180975,0.0027646000089589506,9.019998833537102e-05,0.03833020001184195,0.06298529999912716,0.046669600007589906,0.00347140000667423,0.002824099996360019,0.002812000020639971,0.0028181999805383384,9.869999485090375e-05
0.0,Borda LP3 ($ 	heta $ Only),42,945,0.0,,0,0,0,0,0.0,0.0,100.0,0.0008805999823380262,0.0010455999872647226,5.310002597980201e-05,0.04229690000647679,0.06475310001405887,0.040578799991635606,0.007927500002551824,0.0035352999984752387,0.0028917999879922718,0.006008299998939037,0.0005527000175788999
0.0,Borda LP3 ($ 	heta $ Only),43,988,0.0,,0,0,0,0,0.0,0.0,100.0,0.0009417000110261142,0.0011955000227317214,5.810000584460795e-05,0.037087000004248694,0.05264700000407174,0.050987399998120964,0.0050063999951817095,0.0030820000101812184,0.002882500004488975,0.002872100012609735,0.00010010000551119447
0.0,Borda LP3 ($ 	heta $ Only),44,1032,0.0,,0,0,0,0,0.0,0.0,100.0,0.0041816000011749566,0.0020545999868772924,0.00010449998080730438,0.04032440000446513,0.046000300004379824,0.08939989999635145,0.004058000020449981,0.0039052000211086124,0.003261600009864196,0.006242400006158277,0.00017479999223724008
0.0,Borda LP3 ($ 	heta $ Only),45,1077,0.0,,0,0,0,0,0.0,0.0,100.0,0.0007836000004317611,0.0009290999732911587,4.7999987145885825e-05,0.03356010001152754,0.043605100014247,0.04682429999229498,0.005886600003577769,0.003489299997454509,0.00276319999829866,0.002730999985942617,0.00010320000001229346
0.0,Borda LP3 ($ 	heta $ Only),46,1123,0.0,,0,0,0,0,0.0,0.0,100.0,0.0006953999982215464,0.0009170999983325601,4.840001929551363e-05,0.06040200000279583,0.06175929997698404,0.023399500001687557,0.0034829000069294125,0.0054558999836444855,0.0032776000152807683,0.0032623999868519604,0.00017320000915788114
0.0,Borda LP3 ($ 	heta $ Only),47,1170,0.0,,0,0,0,0,0.0,0.0,100.0,0.0006970000104047358,0.001274299982469529,8.369999704882503e-05,0.04720200001611374,0.05380319998948835,0.07483270001830533,0.0051297000027261674,0.003426599985687062,0.00340620000497438,0.0037110000266693532,0.00019749999046325684
0.0,Borda LP3 ($ 	heta $ Only),48,1218,0.0,,0,0,0,0,0.0,0.0,100.0,0.0007197000086307526,0.0017738999740686268,0.0001086000120267272,0.0408999000210315,0.12049630002002232,0.30011609999928623,0.005379100010031834,0.00418399999034591,0.0031235000060405582,0.003910200000973418,0.00010070001007989049
0.0,Borda LP3 ($ 	heta $ Only),49,1267,0.0,,0,0,0,0,0.0,0.0,100.0,0.0007116999768186361,0.0009224999812431633,6.280001252889633e-05,0.037907699996139854,0.07135089999064803,0.06397869999636896,0.004512000014074147,0.009426899981917813,0.0065790000080596656,0.008611299999756739,0.0002938999969046563
0.0,Linear BTL,0,42,,-0.02075339399310682,0,0,0,0,,,,0.0015254000027198344,0.0013601999962702394,0.0007928999839350581,0.06672190001700073,0.057870799995725974,0.053553399979136884,0.003939899994293228,0.0032250000222120434,0.0029479999793693423,0.007612200017319992,0.00018850000924430788
0.0,Linear BTL,1,43,,-0.7190012822630981,0,0,0,0,,,,0.0008502000127919018,0.0010145999840460718,5.9200014220550656e-05,0.033499599987408146,0.05650639999657869,0.05224329998600297,0.003112600010354072,0.002887800015741959,0.008774300018558279,0.003983000002335757,0.0001157999795395881
0.0,Linear BTL,2,45,,-0.048341713170125616,0,0,0,0,,,,0.0007373999978881329,0.0014437000208999962,5.4599979193881154e-05,0.04476670001167804,0.06333280002581887,0.05355680000502616,0.005694999999832362,0.004361100000096485,0.004034300014609471,0.003298199997516349,0.00017309997929260135
0.0,Linear BTL,3,48,,-0.03196115951319782,0,0,0,0,,,,0.0006932999822311103,0.000954500021180138,4.650000482797623e-05,0.0362860000168439,0.04866349999792874,0.1317785000137519,0.008775700000114739,0.013681900018127635,0.013820699998177588,0.01743249999708496,0.0002673999988473952
0.0,Linear BTL,4,52,,-9.009668432121116e-05,0,0,0,0,,,,0.0011656999995466322,0.0034294000070076436,0.00012509999214671552,0.060882699996000156,0.3543578999815509,0.16130940002040006,0.003389299992704764,0.004733300011139363,0.0043083000055048615,0.005644100019708276,0.00017410001601092517
0.0,Linear BTL,5,57,,-0.0028966255680062227,0,0,0,0,,,,0.0007041000062599778,0.0008407999994233251,4.909999552182853e-05,0.03511359999538399,0.05950520001351833,0.06630450001102872,0.0030778000073041767,0.0029396000027190894,0.004457100003492087,0.0028654999914579093,0.00014739998732693493
0.0,Linear BTL,6,63,,-0.006717787683913195,0,0,0,0,,,,0.0012863999872934073,0.0009246000263374299,4.67000063508749e-05,0.04204070000560023,0.0456988999794703,0.06842840000172146,0.0030580000020563602,0.002913900010753423,0.009858000004896894,0.0035174000076949596,0.00010080001084133983
0.0,Linear BTL,7,70,,-0.08622879602659062,0,0,0,0,,,,0.0008980999991763383,0.001064100011717528,5.120001151226461e-05,0.04779479998978786,0.05669989998568781,0.046926100010750815,0.0031627000134903938,0.0034624999971129,0.004525299998931587,0.004064799984917045,0.00010350000229664147
0.0,Linear BTL,8,78,,-0.004626743582020763,0,0,0,0,,,,0.0007139999943319708,0.0008222000033129007,4.67000063508749e-05,0.03796309998142533,0.061137500015320256,0.06841909998911433,0.003410899982554838,0.0038494999753311276,0.0047737999993842095,0.0033215000003110617,0.00017290000687353313
0.0,Linear BTL,9,87,,-0.004641466577560181,0,0,0,0,,,,0.0006903000175952911,0.0008258000016212463,4.640000406652689e-05,0.03769309999188408,0.09829739999258891,0.07792459998745471,0.00296320000779815,0.0028216999780852348,0.004554600018309429,0.003180100000463426,0.00046430001384578645
0.0,Linear BTL,10,97,,-0.07072197879486733,0,0,0,0,,,,0.0017577999969944358,0.0027608000091277063,0.0001066999975591898,0.07834549999097362,0.06270490001770668,0.12156730002607219,0.006296200008364394,0.0033045000163838267,0.0032847000111360103,0.0038176999951247126,0.0007456000021193177
0.0,Linear BTL,11,108,,-0.010091347351264232,0,0,0,0,,,,0.0015745999990031123,0.0012134000135120004,6.369999027810991e-05,0.0420594000024721,0.05872170001384802,0.07229450001614168,0.003065900004003197,0.003512600000249222,0.007391200022539124,0.00443600001744926,0.00017900002421811223
0.0,Linear BTL,12,120,,-0.12262001024646693,0,0,0,0,,,,0.0007069999992381781,0.0008208999934140593,5.6899996707215905e-05,0.03366760001517832,0.04878429998643696,0.05321880002156831,0.01160990001517348,0.00791329998173751,0.009003199986182153,0.003707900003064424,0.00020819998462684453
0.0,Linear BTL,13,133,,-0.0472808155646054,0,0,0,0,,,,0.003980900015449151,0.0012876999971922487,5.140001303516328e-05,0.036469100014073774,0.05125760001828894,0.09783389998483472,0.004104799998458475,0.003338899987284094,0.006075300014344975,0.002859899977920577,0.0001016999885905534
0.0,Linear BTL,14,147,,-0.02326022680252715,0,0,0,0,,,,0.0007155999774113297,0.0009024000028148293,5.910001345910132e-05,0.038226199976634234,0.04643320001196116,0.07557650000671856,0.0029943000117782503,0.002849699987564236,0.0035257000126875937,0.003630499995779246,0.0003499999875202775
0.0,Linear BTL,15,162,,-0.0024897255124052744,0,0,0,0,,,,0.0013738999841734767,0.001597599999513477,5.129998316988349e-05,0.03759590000845492,0.041825000022072345,0.0697811999998521,0.0034181999799329787,0.0032620000129099935,0.0037383000017143786,0.004739399999380112,0.00011980000999756157
0.0,Linear BTL,16,178,,-0.018741481426949386,0,0,0,0,,,,0.0007151000027079135,0.0008877000072970986,5.020000389777124e-05,0.07115870001143776,0.06066089999512769,0.08421609998913482,0.0035423999943304807,0.003085900010773912,0.006362999993143603,0.0037124999798834324,0.0002195000124629587
0.0,Linear BTL,17,195,,-0.057081212689786325,0,0,0,0,,,,0.0008092000207398087,0.0007853000133763999,4.75000124424696e-05,0.03356859998893924,0.047044399980222806,0.03746640001190826,0.0037102999922353774,0.00898589999997057,0.002886699978262186,0.0028482000052463263,0.00010279999696649611
0.0,Linear BTL,18,213,,-0.11489371603699747,0,0,0,0,,,,0.0009027000050991774,0.0012235000031068921,6.089999806135893e-05,0.03965260001132265,0.050210799992782995,0.04236399999354035,0.0031792999943718314,0.002973900001961738,0.0036743000091519207,0.002998200012370944,0.00010510001447983086
0.0,Linear BTL,19,232,,-0.0009486809713603267,0,0,0,0,,,,0.00344180001411587,0.0007861999911256135,4.7999987145885825e-05,0.046770499990088865,0.050496799987740815,0.06844570001703687,0.003111700003501028,0.005197999998927116,0.0052998999890405685,0.003418599982978776,0.00010160001693293452
0.0,Linear BTL,20,252,,-0.016581102080779335,0,0,0,0,,,,0.0006989999965298921,0.0009311000176239759,5.570001667365432e-05,0.041851700021652505,0.05017729999963194,0.06356459998642094,0.002990299981320277,0.002883800014387816,0.004184299992630258,0.006490600004326552,0.0001039999770000577
0.0,Linear BTL,21,273,,-0.038980205418511465,0,0,0,0,,,,0.0012663999805226922,0.0008641000022180378,4.759998410008848e-05,0.03557820001151413,0.04829720000270754,0.06351569999242201,0.010301300004357472,0.0060323000070638955,0.006612900004256517,0.003985300019849092,0.00017399998614564538
0.0,Linear BTL,22,295,,-0.028226464621758554,0,0,0,0,,,,0.0006973000126890838,0.00711019997834228,0.00014260000898502767,0.036249600001610816,0.06151890000910498,0.061608799995156005,0.0035831000132020563,0.0028335999813862145,0.007501300016883761,0.0035900000075343996,0.00022160002845339477
0.0,Linear BTL,23,318,,-0.0017748566730988325,0,0,0,0,,,,0.000818300002720207,0.0009014999959617853,4.919999628327787e-05,0.033406600006856024,0.06572420001612045,0.09947939999983646,0.0037660999805666506,0.009085999976377934,0.00406549999024719,0.003651999984867871,0.00020290000247769058
0.0,Linear BTL,24,342,,-0.4850882065081669,0,0,0,0,,,,0.0007477999897673726,0.002432599983876571,6.439999560825527e-05,0.037772600015159696,0.04601439999532886,0.03231199999572709,0.0033127000206150115,0.003041299991309643,0.0037013000110164285,0.006985599990002811,0.00010309999925084412
0.0,Linear BTL,25,367,,-0.0009027932106234339,0,0,0,0,,,,0.0007124999829102308,0.0010375999845564365,6.59999786876142e-05,0.03915880000567995,0.04271290000178851,0.06261560000712052,0.0029426999972201884,0.0027968000213149935,0.0028722999850288033,0.004992399975890294,0.0001770000089891255
0.0,Linear BTL,26,393,,-0.011510153366173373,0,0,0,0,,,,0.0008320000197272748,0.0009421999857295305,5.77000027988106e-05,0.03775090002454817,0.05545650000567548,0.05412750001414679,0.004582399997161701,0.003966500022215769,0.0030761000234633684,0.003054200002225116,0.00010149998706765473
0.0,Linear BTL,27,420,,-0.005550415728714113,0,0,0,0,,,,0.0012270000006537884,0.0024110000231303275,6.859999848529696e-05,0.03862080001272261,0.058894500019960105,0.0725873000046704,0.0057480999967083335,0.0033315000182483345,0.003256700001657009,0.003264099999796599,0.00019120000069960952
0.0,Linear BTL,28,448,,-0.03980764212055597,0,0,0,0,,,,0.0008913000056054443,0.0009439999994356185,4.730001091957092e-05,0.041547800006810576,0.056427600007737055,0.060997100023087114,0.00578860001405701,0.010835499997483566,0.003049999999348074,0.0030393000051844865,0.00010140001541003585
0.0,Linear BTL,29,477,,-0.07977597835547133,0,0,0,0,,,,0.001508699991973117,0.0013711000210605562,0.00013540001236833632,0.03635009998106398,0.06311570000252686,0.08789140000590123,0.00772359999245964,0.0029301999893505126,0.0036657000018749386,0.004089499998372048,0.0002624999906402081
0.0,Linear BTL,30,507,,-0.00113141362004757,0,0,0,0,,,,0.001145999995060265,0.0013482000213116407,9.419998968951404e-05,0.03900340001564473,0.06206259998725727,0.08105549999163486,0.0038472999876830727,0.0033184000058099627,0.006819500005804002,0.0033678000036161393,0.0001537000061944127
0.0,Linear BTL,31,538,,-0.08717517234567315,0,0,0,0,,,,0.0010270999919157475,0.0008645000052638352,4.8200017772614956e-05,0.03457210000487976,0.055526599986478686,0.05286799999885261,0.005602199991699308,0.0028153999883215874,0.002779800008283928,0.0027778000221587718,0.00010000000474974513
0.0,Linear BTL,32,570,,-0.04666255707425583,0,0,0,0,,,,0.0007051000138744712,0.0015421999851241708,4.850002005696297e-05,0.04298030000063591,0.05519549999735318,0.0612752000160981,0.0035767000226769596,0.006043800007319078,0.003956800006562844,0.0034075999865308404,0.0001731000083964318
0.0,Linear BTL,33,603,,-0.07519342529654192,0,0,0,0,,,,0.0007042000070214272,0.0009422999864909798,5.530001362785697e-05,0.047405999997863546,0.05755600001430139,0.04978040000423789,0.003145900001982227,0.0029916999919805676,0.011701500014169142,0.0030605999927502126,0.00010099998326040804
0.0,Linear BTL,34,637,,-0.0008650094303135541,0,0,0,0,,,,0.000880700012203306,0.0010586999997030944,5.219999002292752e-05,0.04133269999874756,0.050281899981200695,0.16392259998247027,0.005572699999902397,0.00825839999015443,0.0036829000164289027,0.0030482000147458166,0.00010639999527484179
0.0,Linear BTL,35,672,,-1.0431379849352058,0,0,0,0,,,,0.0013341000012587756,0.006487100006779656,8.869997691363096e-05,0.06070390000240877,0.045794300007401034,0.06689060002099723,0.0030101000156719238,0.005364099983125925,0.0036191999970469624,0.0032859000202734023,0.00017339998157694936
0.0,Linear BTL,36,708,,-0.0008066094352427997,0,0,0,0,,,,0.0006925000052433461,0.0008323999936692417,4.740001168102026e-05,0.044084199995268136,0.054993300000205636,0.10082590000820346,0.0035723000182770193,0.0033423999848309904,0.003262200014432892,0.006393699994077906,9.970000246539712e-05
0.0,Linear BTL,37,745,,-0.052085133973580826,0,0,0,0,,,,0.0007050999847706407,0.0009027000050991774,4.7200010158121586e-05,0.03332430002046749,0.051988599996548146,0.07502679998287931,0.0029924999980721623,0.003571999986888841,0.004003399983048439,0.004741599987028167,0.00011969998013228178
0.0,Linear BTL,38,783,,-0.19837030921559856,0,0,0,0,,,,0.0006950999959371984,0.0008807999838609248,4.650000482797623e-05,0.031926199997542426,0.05504339997423813,0.065525100013474,0.0055677000200375915,0.006895200000144541,0.0033276999893132597,0.003316699992865324,0.00013309999485500157
0.0,Linear BTL,39,822,,-0.025219113310798,0,0,0,0,,,,0.0013201999827288091,0.004532799997832626,0.0002023999986704439,0.05018520000157878,0.05312159997993149,0.0584110000054352,0.003741499996976927,0.0029337999876588583,0.0029092000040691346,0.003511900024022907,0.0001073999737855047
0.0,Linear BTL,40,862,,-0.0001970287708442784,0,0,0,0,,,,0.0012845999735873193,0.0012401000130921602,6.3000014051795e-05,0.04218889999901876,0.05562679999275133,0.050982799992198125,0.007812099996954203,0.0028950999840162694,0.002865099988412112,0.0037167000118643045,0.00010179998935200274
0.0,Linear BTL,41,903,,-0.0014618019138960667,0,0,0,0,,,,0.0008596999978180975,0.0027646000089589506,9.019998833537102e-05,0.03833020001184195,0.06298529999912716,0.046669600007589906,0.00347140000667423,0.002824099996360019,0.002812000020639971,0.0028181999805383384,9.869999485090375e-05
0.0,Linear BTL,42,945,,-0.00567972751065432,0,0,0,0,,,,0.0008805999823380262,0.0010455999872647226,5.310002597980201e-05,0.04229690000647679,0.06475310001405887,0.040578799991635606,0.007927500002551824,0.0035352999984752387,0.0028917999879922718,0.006008299998939037,0.0005527000175788999
0.0,Linear BTL,43,988,,-0.0386411403739714,0,0,0,0,,,,0.0009417000110261142,0.0011955000227317214,5.810000584460795e-05,0.037087000004248694,0.05264700000407174,0.050987399998120964,0.0050063999951817095,0.0030820000101812184,0.002882500004488975,0.002872100012609735,0.00010010000551119447
0.0,Linear BTL,44,1032,,-0.00052768698706795,0,0,0,0,,,,0.0041816000011749566,0.0020545999868772924,0.00010449998080730438,0.04032440000446513,0.046000300004379824,0.08939989999635145,0.004058000020449981,0.0039052000211086124,0.003261600009864196,0.006242400006158277,0.00017479999223724008
0.0,Linear BTL,45,1077,,-0.055951236778633666,0,0,0,0,,,,0.0007836000004317611,0.0009290999732911587,4.7999987145885825e-05,0.03356010001152754,0.043605100014247,0.04682429999229498,0.005886600003577769,0.003489299997454509,0.00276319999829866,0.002730999985942617,0.00010320000001229346
0.0,Linear BTL,46,1123,,-0.5632175671438834,0,0,0,0,,,,0.0006953999982215464,0.0009170999983325601,4.840001929551363e-05,0.06040200000279583,0.06175929997698404,0.023399500001687557,0.0034829000069294125,0.0054558999836444855,0.0032776000152807683,0.0032623999868519604,0.00017320000915788114
0.0,Linear BTL,47,1170,,-0.00048486488840232577,0,0,0,0,,,,0.0006970000104047358,0.001274299982469529,8.369999704882503e-05,0.04720200001611374,0.05380319998948835,0.07483270001830533,0.0051297000027261674,0.003426599985687062,0.00340620000497438,0.0037110000266693532,0.00019749999046325684
0.0,Linear BTL,48,1218,,-0.026373048190020024,0,0,0,0,,,,0.0007197000086307526,0.0017738999740686268,0.0001086000120267272,0.0408999000210315,0.12049630002002232,0.30011609999928623,0.005379100010031834,0.00418399999034591,0.0031235000060405582,0.003910200000973418,0.00010070001007989049
0.0,Linear BTL,49,1267,,-0.09106837222769071,0,0,0,0,,,,0.0007116999768186361,0.0009224999812431633,6.280001252889633e-05,0.037907699996139854,0.07135089999064803,0.06397869999636896,0.004512000014074147,0.009426899981917813,0.0065790000080596656,0.008611299999756739,0.0002938999969046563
0.1,LP2 ($ 	heta $ Only),0,42,0.0,,0,0,0,0,0.0,0.0,100.0,0.0009248999995179474,0.006899500003783032,0.00017030001617968082,0.05933509999886155,0.07904409998445772,0.04864999998244457,0.0034642999817151576,0.006918699975358322,0.0030681999924127012,0.002812999999150634,0.00010720000136643648
0.1,LP2 ($ 	heta $ Only),1,43,0.0,,0,0,0,0,0.0,0.0,100.0,0.0007681999995838851,0.0009345000144094229,4.5599997974932194e-05,0.03317579999566078,0.06179790000896901,0.04239869999582879,0.007503500004531816,0.0028498000174295157,0.0028267000161577016,0.00328770000487566,0.00014220000593923032
0.1,LP2 ($ 	heta $ Only),2,45,0.0,,0,0,0,0,0.0,0.0,100.0,0.0009572000126354396,0.003688299999339506,0.00010269999620504677,0.04312489999574609,0.05325200001243502,0.05526809999719262,0.005158499989192933,0.0028185999835841358,0.002800700021907687,0.0034546999959275126,0.00010800000745803118
0.1,LP2 ($ 	heta $ Only),3,48,0.0,,0,0,0,0,0.0,0.0,100.0,0.0010138000070583075,0.0024594999849796295,5.319999763742089e-05,0.037372899998445064,0.048482000012882054,0.03920729999663308,0.003328399994643405,0.005337699985830113,0.003257800010032952,0.0027814999921247363,9.87000239547342e-05
0.1,LP2 ($ 	heta $ Only),4,52,0.0,,0,0,0,0,0.0,0.0,100.0,0.0007554999901913106,0.0009259000071324408,4.840001929551363e-05,0.0332232000073418,0.05754119998891838,0.08515060000354424,0.0030701000068802387,0.003391499980352819,0.007810399984009564,0.002879200008464977,0.00010049997945316136
0.1,LP2 ($ 	heta $ Only),5,57,0.0,,0,0,0,0,0.0,0.0,100.0,0.0008951000054366887,0.0010645000147633255,5.110001075081527e-05,0.03721459998632781,0.048698000027798116,0.10132159999920987,0.0065619999950286,0.00328770000487566,0.0033967999916058034,0.0027661999920383096,0.0001005999802146107
0.1,LP2 ($ 	heta $ Only),6,63,0.0,,0,0,0,0,0.0,0.0,100.0,0.0007504000095650554,0.0008214999979827553,4.6600005589425564e-05,0.0332979999948293,0.04823360001319088,0.048318800021661445,0.003556500014383346,0.0027670999988913536,0.004794899985427037,0.003491400013444945,0.00011039999662898481
0.1,LP2 ($ 	heta $ Only),7,70,0.0,,0,0,0,0,0.0,0.0,100.0,0.0007850000110920519,0.0008805000106804073,5.590001819655299e-05,0.03740180001477711,0.05255399999441579,0.07153839999227785,0.00297499998123385,0.003023199999006465,0.0039055999950505793,0.0030045000021345913,0.0001084999821614474
0.1,LP2 ($ 	heta $ Only),8,78,0.0,,0,0,0,0,0.0,0.0,100.0,0.0007508000126108527,0.0009247999987564981,4.6200002543628216e-05,0.03504590000375174,0.05358340000384487,0.053631999995559454,0.003001000004587695,0.002889399998821318,0.0028797999839298427,0.0034619000216480345,0.00010549998842179775
0.1,LP2 ($ 	heta $ Only),9,87,0.0,,0,0,0,0,0.0,0.0,100.0,0.005524200008949265,0.0008717000018805265,5.3099996875971556e-05,0.03635000000940636,0.05056279999553226,0.040936200006399304,0.003379400004632771,0.003235499985748902,0.003821199992671609,0.007551099988631904,0.00011019999510608613
0.1,LP2 ($ 	heta $ Only),10,97,0.0,,0,0,0,0,0.0,0.0,100.0,0.0009316999930888414,0.0010079000203404576,5.250002141110599e-05,0.059906599984969944,0.062496700003976,0.06532449999940582,0.004271699988748878,0.0027828000020235777,0.002758599992375821,0.0027609000098891556,0.00011150000500492752
0.1,LP2 ($ 	heta $ Only),11,108,0.0,,0,0,0,0,0.0,0.0,100.0,0.0007696000102441758,0.0009077000140678138,4.7200010158121586e-05,0.03924419998656958,0.08031879999907687,0.11473180001485161,0.011022999999113381,0.0054484999855048954,0.006191199994646013,0.007718400011071935,0.0002838000073097646
0.1,LP2 ($ 	heta $ Only),12,120,0.0,,0,0,0,0,0.0,0.0,100.0,0.0014795000024605542,0.001903200027300045,8.910000906325877e-05,0.14621669999905862,0.052465899992967024,0.052744499989785254,0.003433299978496507,0.009232600015820935,0.002859800006262958,0.002809300000080839,0.00010909998673014343
0.1,LP2 ($ 	heta $ Only),13,133,0.0,,0,0,0,0,0.0,0.0,100.0,0.0010830999817699194,0.0008751999994274229,4.6900007873773575e-05,0.04433659999631345,0.04487209999933839,0.041976100008469075,0.0029950000171083957,0.006709099980071187,0.0028839000151492655,0.0028658999945037067,0.00010699999984353781
0.1,LP2 ($ 	heta $ Only),14,147,0.0,,0,0,0,0,0.0,0.0,100.0,0.0009410000056959689,0.0011524000146891922,5.119998240843415e-05,0.03334889997495338,0.06245409999974072,0.04384769999887794,0.008721599995624274,0.0028851999959442765,0.0028578000201378018,0.0034484000061638653,0.0001176999940071255
0.1,LP2 ($ 	heta $ Only),15,162,0.0,,0,0,0,0,0.0,0.0,100.0,0.0009379999828524888,0.002837000007275492,0.00015050001093186438,0.04097560001537204,0.05131839998648502,0.04808989999582991,0.007231000025058165,0.0037308000028133392,0.0028424999909475446,0.0034727999882306904,0.00010639999527484179
0.1,LP2 ($ 	heta $ Only),16,178,0.0,,0,0,0,0,0.0,0.0,100.0,0.00273800001014024,0.0011273000272922218,6.120000034570694e-05,0.038885300018591806,0.05713969998760149,0.0276851000089664,0.008527199999662116,0.0028217000071890652,0.0027904000016860664,0.0034882999898400158,0.00010639999527484179
0.1,LP2 ($ 	heta $ Only),17,195,0.0,,0,0,0,0,0.0,0.0,100.0,0.0009462000161875039,0.0028775999962817878,7.119998917914927e-05,0.054697099985787645,0.04141400000662543,0.07282590001705103,0.003605200006859377,0.0033996999845840037,0.003408399992622435,0.005334899993613362,0.0001485000248067081
0.1,LP2 ($ 	heta $ Only),18,213,0.0,,0,0,0,0,0.0,0.0,100.0,0.0011594999814406037,0.0013348999782465398,6.570000550709665e-05,0.04773849999764934,0.054633599997032434,0.038669100002152845,0.003421399975195527,0.003265800012741238,0.003302199998870492,0.004986199986888096,0.00019550000433810055
0.1,LP2 ($ 	heta $ Only),19,232,0.0,,0,0,0,0,0.0,0.0,100.0,0.0038422999787144363,0.0008746999956201762,4.719998105429113e-05,0.03886279999278486,0.056460300023900345,0.04442550000385381,0.003098700020927936,0.0028649999876506627,0.0029876000189688057,0.005048799997894093,0.0002759000053629279
0.1,LP2 ($ 	heta $ Only),20,252,0.0,,0,0,0,0,0.0,0.0,100.0,0.0015832000062800944,0.0012340999965090305,5.250002141110599e-05,0.03904159998637624,0.055811300000641495,0.0689962999895215,0.0030104999896138906,0.002917499979957938,0.0029047999996691942,0.006322800007183105,0.00017040001694113016
0.1,LP2 ($ 	heta $ Only),21,273,0.0,,0,0,0,0,0.0,0.0,100.0,0.0008902000263333321,0.0009494000114500523,4.6900007873773575e-05,0.038221700000576675,0.05292320001171902,0.025395200005732477,0.0074797999986913055,0.0029282000032253563,0.002986999985296279,0.003586499980883673,0.0006390000053215772
0.1,LP2 ($ 	heta $ Only),22,295,0.0,,0,0,0,0,0.0,0.0,100.0,0.0021380999824032187,0.0018967000069096684,6.550000398419797e-05,0.03548880000016652,0.048646200011717156,0.058925399993313476,0.0031735999800730497,0.003124000009847805,0.005706099997041747,0.004418399999849498,0.00012779998360201716
0.1,LP2 ($ 	heta $ Only),23,318,0.0,,0,0,0,0,0.0,0.0,100.0,0.0011866999848280102,0.0009490000084042549,4.740001168102026e-05,0.037707700015744194,0.050646399991819635,0.047634499991545454,0.007337900024140254,0.002941600017948076,0.002879200008464977,0.0036835999926552176,0.00011019999510608613
0.1,LP2 ($ 	heta $ Only),24,342,0.0,,0,0,0,0,0.0,0.0,100.0,0.000912199990125373,0.003124000009847805,5.699999746866524e-05,0.043453399994177744,0.052695700025651604,0.03166769997915253,0.002918500016676262,0.0027763999823946506,0.004114900017157197,0.002841399982571602,0.00010640002437867224
0.1,LP2 ($ 	heta $ Only),25,367,0.0,,0,0,0,0,0.0,0.0,100.0,0.0008122000144794583,0.0008215999987442046,4.6900007873773575e-05,0.04954469998483546,0.05555020002066158,0.050120400002924725,0.00501819999772124,0.0035385999944992363,0.002847199997631833,0.0028611000161617994,0.00012599999899975955
0.1,LP2 ($ 	heta $ Only),26,393,0.0,,0,0,0,0,0.0,0.0,100.0,0.0011540999985300004,0.001342800009297207,0.00021550001110881567,0.03982439998071641,0.06140259999665432,0.04375029998482205,0.0033798999793361872,0.0032475999905727804,0.003275499999290332,0.00495750000118278,0.0003394999948795885
0.1,LP2 ($ 	heta $ Only),27,420,0.0,,0,0,0,0,0.0,0.0,100.0,0.0009025000035762787,0.0009854999952949584,4.850002005696297e-05,0.03832490000058897,0.051502899994375184,0.0524528999812901,0.002960799989523366,0.002819899993482977,0.002797399996779859,0.00523450001492165,0.00019600000814534724
0.1,LP2 ($ 	heta $ Only),28,448,0.0,,0,0,0,0,0.0,0.0,100.0,0.0008204999903682619,0.0008389000140596181,5.23999915458262e-05,0.04112949999398552,0.05569199999445118,0.04521270000259392,0.0030109999934211373,0.0028584999963641167,0.003062899981159717,0.0074717999959830195,0.00010789997759275138
0.1,LP2 ($ 	heta $ Only),29,477,0.0,,0,0,0,0,0.0,0.0,100.0,0.000903200008906424,0.0010234999936074018,4.990000161342323e-05,0.036888299975544214,0.04843789999722503,0.05156330001773313,0.0029878999921493232,0.0034585999965202063,0.0072060999809764326,0.0028421999886631966,0.00010500001371838152
0.1,LP2 ($ 	heta $ Only),30,507,0.0,,0,0,0,0,0.0,0.0,100.0,0.0009726999851409346,0.0009925999911502004,5.2400020649656653e-05,0.0369805000082124,0.047718599991640076,0.0558698000095319,0.005848999979207292,0.003169000003254041,0.003255799994803965,0.0029537999944295734,0.00010720000136643648
0.1,LP2 ($ 	heta $ Only),31,538,0.0,,0,0,0,0,0.0,0.0,100.0,0.0007593999907840043,0.0027914999809581786,0.000152299995534122,0.02866179999546148,0.054666100011672825,0.08281120000174269,0.009142299997620285,0.003079499991144985,0.0036312000011093915,0.0030227999959606677,0.00018510001245886087
0.1,LP2 ($ 	heta $ Only),32,570,0.0,,0,0,0,0,0.0,0.0,100.0,0.002153700013877824,0.0029494999907910824,5.9600017266348004e-05,0.03871239998261444,0.08364849997451529,0.07656180000049062,0.004684600018663332,0.003328200022224337,0.0032971999899018556,0.00381949997972697,0.00017100002150982618
0.1,LP2 ($ 	heta $ Only),33,603,0.0,,0,0,0,0,0.0,0.0,100.0,0.007769099989673123,0.0018151999975088984,6.250001024454832e-05,0.044262099982006475,0.05091530000208877,0.014228100015316159,0.0028975000022910535,0.0028771999932359904,0.003706799994688481,0.004474300018046051,0.0001060000213328749
0.1,LP2 ($ 	heta $ Only),34,637,0.0,,0,0,0,0,0.0,0.0,100.0,0.0007689000049140304,0.0008851000166032463,4.8299989430233836e-05,0.0374178999918513,0.04488519998267293,0.04852740000933409,0.0029233999957796186,0.0027747999993152916,0.002745600009802729,0.0035755000135395676,0.00017129999469034374
0.1,LP2 ($ 	heta $ Only),35,672,0.0,,0,0,0,0,0.0,0.0,100.0,0.0007516999903600663,0.0008226999780163169,4.6900007873773575e-05,0.03776209999341518,0.04970949998823926,0.029150900023523718,0.002904099994339049,0.002763500000583008,0.0028772999939974397,0.0033491000067442656,0.00010619999375194311
0.1,LP2 ($ 	heta $ Only),36,708,0.0,,0,0,0,0,0.0,0.0,100.0,0.005077000008895993,0.0009461999870836735,4.770001396536827e-05,0.035674999991897494,0.06028609999339096,0.04040949998307042,0.007948299986310303,0.002831599995261058,0.0028033000126015395,0.0034354999952483922,0.00010549998842179775
0.1,LP2 ($ 	heta $ Only),37,745,0.0,,0,0,0,0,0.0,0.0,100.0,0.002184800017857924,0.001978300017071888,5.3499999921768904e-05,0.041787699999986216,0.04738370000268333,0.059777800022857264,0.00624499999685213,0.003936799999792129,0.0032651000074110925,0.003260600002249703,0.00017240000306628644
0.1,LP2 ($ 	heta $ Only),38,783,0.0,,0,0,0,0,0.0,0.0,100.0,0.0018838999967556447,0.0008917000086512417,5.530001362785697e-05,0.033034599997336045,0.04435760001069866,0.03064090001862496,0.008226600009948015,0.003993499994976446,0.005682399991201237,0.009553899988532066,0.00026050000451505184
0.1,LP2 ($ 	heta $ Only),39,822,0.0,,0,0,0,0,0.0,0.0,100.0,0.00149940000846982,0.0014451999741140753,6.17999758105725e-05,0.03257129999110475,0.055922500003362074,0.036248299991711974,0.00394399999640882,0.00323579998803325,0.005785400018794462,0.0033133999968413264,0.00010730000212788582
0.1,LP2 ($ 	heta $ Only),40,862,0.0,,0,0,0,0,0.0,0.0,100.0,0.000766699988162145,0.0009149000106845051,4.710000939667225e-05,0.11498919999576174,0.2830015000072308,0.0880503999942448,0.0057591999939177185,0.003802099992753938,0.0030906999891158193,0.003317599999718368,0.00010900001507252455
0.1,LP2 ($ 	heta $ Only),41,903,0.0,,0,0,0,0,0.0,0.0,100.0,0.000752799998736009,0.0009459999855607748,4.650000482797623e-05,0.10728149997885339,0.0592676000087522,0.04878159999498166,0.005561799975112081,0.005832900002133101,0.0061409999907482415,0.007657699985429645,0.00010649999603629112
0.1,LP2 ($ 	heta $ Only),42,945,0.0,,0,0,0,0,0.0,0.0,100.0,0.0007622999837622046,0.001336699991952628,0.00014009998994879425,0.039806999993743375,0.06433749999268912,0.042847300006542355,0.013883800012990832,0.01736719999462366,0.00908960000379011,0.009701100003439933,0.00031159998616203666
0.1,LP2 ($ 	heta $ Only),43,988,0.0,,0,0,0,0,0.0,0.0,100.0,0.0009128999954555184,0.0011826000118162483,6.44999963697046e-05,0.08440120000159368,0.06287180000799708,0.07589899998856708,0.008156999974744394,0.010957499995129183,0.007831300026737154,0.012088899995433167,0.0002750999992713332
0.1,LP2 ($ 	heta $ Only),44,1032,0.0,,0,0,0,0,0.0,0.0,100.0,0.002106700005242601,0.0013330999936442822,7.879998884163797e-05,0.05139799998141825,0.05917720001889393,0.059728499996708706,0.009993999992730096,0.0032761000038590282,0.003595999995013699,0.004664499982027337,0.00010800000745803118
0.1,LP2 ($ 	heta $ Only),45,1077,0.0,,0,0,0,0,0.0,0.0,100.0,0.0008927999879233539,0.0008940999978221953,6.0999998822808266e-05,0.04024030000437051,0.06391149997944012,0.03153440001187846,0.0030291999864857644,0.003508599998895079,0.007515499979490414,0.0029097000078763813,0.0001050999853760004
0.1,LP2 ($ 	heta $ Only),46,1123,0.0,,0,0,0,0,0.0,0.0,100.0,0.000890900002559647,0.0010895000013988465,5.23999915458262e-05,0.049101099983090535,0.04769019997911528,0.03627260000212118,0.003028100007213652,0.005020999989937991,0.0027686000103130937,0.002745000005234033,0.00010570001904852688
0.1,LP2 ($ 	heta $ Only),47,1170,0.0,,0,0,0,0,0.0,0.0,100.0,0.0012132000119891018,0.0017142999859061092,8.490000618621707e-05,0.0451652999909129,0.07665430000633933,0.04665870001190342,0.002972900023451075,0.006082699983380735,0.003027500002644956,0.002965699997730553,0.00010760000441223383
0.1,LP2 ($ 	heta $ Only),48,1218,0.0,,0,0,0,0,0.0,0.0,100.0,0.000765799981309101,0.0009645999816711992,0.00014980000560171902,0.044100900006014854,0.06127879998530261,0.06827429999248125,0.004213300009723753,0.0030103999888524413,0.0028108999831601977,0.007639600022230297,0.0002690000110305846
0.1,LP2 ($ 	heta $ Only),49,1267,0.0,,0,0,0,0,0.0,0.0,100.0,0.0013310999784152955,0.004037800012156367,6.900000153109431e-05,0.044592499994905666,0.04907660000026226,0.06936440002755262,0.004749200015794486,0.006017700012307614,0.005706099997041747,0.0035112999903503805,0.0001849000109359622
0.1,LP3 ($ 	heta $ Only),0,42,0.0,,0,0,0,0,0.0,0.0,100.0,0.0009248999995179474,0.006899500003783032,0.00017030001617968082,0.05933509999886155,0.07904409998445772,0.04864999998244457,0.0034642999817151576,0.006918699975358322,0.0030681999924127012,0.002812999999150634,0.00010720000136643648
0.1,LP3 ($ 	heta $ Only),1,43,0.0,,0,0,0,0,0.0,0.0,100.0,0.0007681999995838851,0.0009345000144094229,4.5599997974932194e-05,0.03317579999566078,0.06179790000896901,0.04239869999582879,0.007503500004531816,0.0028498000174295157,0.0028267000161577016,0.00328770000487566,0.00014220000593923032
0.1,LP3 ($ 	heta $ Only),2,45,0.0,,0,0,0,0,0.0,0.0,100.0,0.0009572000126354396,0.003688299999339506,0.00010269999620504677,0.04312489999574609,0.05325200001243502,0.05526809999719262,0.005158499989192933,0.0028185999835841358,0.002800700021907687,0.0034546999959275126,0.00010800000745803118
0.1,LP3 ($ 	heta $ Only),3,48,0.0,,0,0,0,0,0.0,0.0,100.0,0.0010138000070583075,0.0024594999849796295,5.319999763742089e-05,0.037372899998445064,0.048482000012882054,0.03920729999663308,0.003328399994643405,0.005337699985830113,0.003257800010032952,0.0027814999921247363,9.87000239547342e-05
0.1,LP3 ($ 	heta $ Only),4,52,0.0,,0,0,0,0,0.0,0.0,100.0,0.0007554999901913106,0.0009259000071324408,4.840001929551363e-05,0.0332232000073418,0.05754119998891838,0.08515060000354424,0.0030701000068802387,0.003391499980352819,0.007810399984009564,0.002879200008464977,0.00010049997945316136
0.1,LP3 ($ 	heta $ Only),5,57,0.0,,0,0,0,0,0.0,0.0,100.0,0.0008951000054366887,0.0010645000147633255,5.110001075081527e-05,0.03721459998632781,0.048698000027798116,0.10132159999920987,0.0065619999950286,0.00328770000487566,0.0033967999916058034,0.0027661999920383096,0.0001005999802146107
0.1,LP3 ($ 	heta $ Only),6,63,0.0,,0,0,0,0,0.0,0.0,100.0,0.0007504000095650554,0.0008214999979827553,4.6600005589425564e-05,0.0332979999948293,0.04823360001319088,0.048318800021661445,0.003556500014383346,0.0027670999988913536,0.004794899985427037,0.003491400013444945,0.00011039999662898481
0.1,LP3 ($ 	heta $ Only),7,70,0.0,,0,0,0,0,0.0,0.0,100.0,0.0007850000110920519,0.0008805000106804073,5.590001819655299e-05,0.03740180001477711,0.05255399999441579,0.07153839999227785,0.00297499998123385,0.003023199999006465,0.0039055999950505793,0.0030045000021345913,0.0001084999821614474
0.1,LP3 ($ 	heta $ Only),8,78,0.0,,0,0,0,0,0.0,0.0,100.0,0.0007508000126108527,0.0009247999987564981,4.6200002543628216e-05,0.03504590000375174,0.05358340000384487,0.053631999995559454,0.003001000004587695,0.002889399998821318,0.0028797999839298427,0.0034619000216480345,0.00010549998842179775
0.1,LP3 ($ 	heta $ Only),9,87,0.0,,0,0,0,0,0.0,0.0,100.0,0.005524200008949265,0.0008717000018805265,5.3099996875971556e-05,0.03635000000940636,0.05056279999553226,0.040936200006399304,0.003379400004632771,0.003235499985748902,0.003821199992671609,0.007551099988631904,0.00011019999510608613
0.1,LP3 ($ 	heta $ Only),10,97,0.0,,0,0,0,0,0.0,0.0,100.0,0.0009316999930888414,0.0010079000203404576,5.250002141110599e-05,0.059906599984969944,0.062496700003976,0.06532449999940582,0.004271699988748878,0.0027828000020235777,0.002758599992375821,0.0027609000098891556,0.00011150000500492752
0.1,LP3 ($ 	heta $ Only),11,108,0.0,,0,0,0,0,0.0,0.0,100.0,0.0007696000102441758,0.0009077000140678138,4.7200010158121586e-05,0.03924419998656958,0.08031879999907687,0.11473180001485161,0.011022999999113381,0.0054484999855048954,0.006191199994646013,0.007718400011071935,0.0002838000073097646
0.1,LP3 ($ 	heta $ Only),12,120,0.0,,0,0,0,0,0.0,0.0,100.0,0.0014795000024605542,0.001903200027300045,8.910000906325877e-05,0.14621669999905862,0.052465899992967024,0.052744499989785254,0.003433299978496507,0.009232600015820935,0.002859800006262958,0.002809300000080839,0.00010909998673014343
0.1,LP3 ($ 	heta $ Only),13,133,0.0,,0,0,0,0,0.0,0.0,100.0,0.0010830999817699194,0.0008751999994274229,4.6900007873773575e-05,0.04433659999631345,0.04487209999933839,0.041976100008469075,0.0029950000171083957,0.006709099980071187,0.0028839000151492655,0.0028658999945037067,0.00010699999984353781
0.1,LP3 ($ 	heta $ Only),14,147,0.0,,0,0,0,0,0.0,0.0,100.0,0.0009410000056959689,0.0011524000146891922,5.119998240843415e-05,0.03334889997495338,0.06245409999974072,0.04384769999887794,0.008721599995624274,0.0028851999959442765,0.0028578000201378018,0.0034484000061638653,0.0001176999940071255
0.1,LP3 ($ 	heta $ Only),15,162,0.0,,0,0,0,0,0.0,0.0,100.0,0.0009379999828524888,0.002837000007275492,0.00015050001093186438,0.04097560001537204,0.05131839998648502,0.04808989999582991,0.007231000025058165,0.0037308000028133392,0.0028424999909475446,0.0034727999882306904,0.00010639999527484179
0.1,LP3 ($ 	heta $ Only),16,178,0.0,,0,0,0,0,0.0,0.0,100.0,0.00273800001014024,0.0011273000272922218,6.120000034570694e-05,0.038885300018591806,0.05713969998760149,0.0276851000089664,0.008527199999662116,0.0028217000071890652,0.0027904000016860664,0.0034882999898400158,0.00010639999527484179
0.1,LP3 ($ 	heta $ Only),17,195,0.0,,0,0,0,0,0.0,0.0,100.0,0.0009462000161875039,0.0028775999962817878,7.119998917914927e-05,0.054697099985787645,0.04141400000662543,0.07282590001705103,0.003605200006859377,0.0033996999845840037,0.003408399992622435,0.005334899993613362,0.0001485000248067081
0.1,LP3 ($ 	heta $ Only),18,213,0.0,,0,0,0,0,0.0,0.0,100.0,0.0011594999814406037,0.0013348999782465398,6.570000550709665e-05,0.04773849999764934,0.054633599997032434,0.038669100002152845,0.003421399975195527,0.003265800012741238,0.003302199998870492,0.004986199986888096,0.00019550000433810055
0.1,LP3 ($ 	heta $ Only),19,232,0.0,,0,0,0,0,0.0,0.0,100.0,0.0038422999787144363,0.0008746999956201762,4.719998105429113e-05,0.03886279999278486,0.056460300023900345,0.04442550000385381,0.003098700020927936,0.0028649999876506627,0.0029876000189688057,0.005048799997894093,0.0002759000053629279
0.1,LP3 ($ 	heta $ Only),20,252,0.0,,0,0,0,0,0.0,0.0,100.0,0.0015832000062800944,0.0012340999965090305,5.250002141110599e-05,0.03904159998637624,0.055811300000641495,0.0689962999895215,0.0030104999896138906,0.002917499979957938,0.0029047999996691942,0.006322800007183105,0.00017040001694113016
0.1,LP3 ($ 	heta $ Only),21,273,0.0,,0,0,0,0,0.0,0.0,100.0,0.0008902000263333321,0.0009494000114500523,4.6900007873773575e-05,0.038221700000576675,0.05292320001171902,0.025395200005732477,0.0074797999986913055,0.0029282000032253563,0.002986999985296279,0.003586499980883673,0.0006390000053215772
0.1,LP3 ($ 	heta $ Only),22,295,0.0,,0,0,0,0,0.0,0.0,100.0,0.0021380999824032187,0.0018967000069096684,6.550000398419797e-05,0.03548880000016652,0.048646200011717156,0.058925399993313476,0.0031735999800730497,0.003124000009847805,0.005706099997041747,0.004418399999849498,0.00012779998360201716
0.1,LP3 ($ 	heta $ Only),23,318,0.0,,0,0,0,0,0.0,0.0,100.0,0.0011866999848280102,0.0009490000084042549,4.740001168102026e-05,0.037707700015744194,0.050646399991819635,0.047634499991545454,0.007337900024140254,0.002941600017948076,0.002879200008464977,0.0036835999926552176,0.00011019999510608613
0.1,LP3 ($ 	heta $ Only),24,342,0.0,,0,0,0,0,0.0,0.0,100.0,0.000912199990125373,0.003124000009847805,5.699999746866524e-05,0.043453399994177744,0.052695700025651604,0.03166769997915253,0.002918500016676262,0.0027763999823946506,0.004114900017157197,0.002841399982571602,0.00010640002437867224
0.1,LP3 ($ 	heta $ Only),25,367,0.0,,0,0,0,0,0.0,0.0,100.0,0.0008122000144794583,0.0008215999987442046,4.6900007873773575e-05,0.04954469998483546,0.05555020002066158,0.050120400002924725,0.00501819999772124,0.0035385999944992363,0.002847199997631833,0.0028611000161617994,0.00012599999899975955
0.1,LP3 ($ 	heta $ Only),26,393,0.0,,0,0,0,0,0.0,0.0,100.0,0.0011540999985300004,0.001342800009297207,0.00021550001110881567,0.03982439998071641,0.06140259999665432,0.04375029998482205,0.0033798999793361872,0.0032475999905727804,0.003275499999290332,0.00495750000118278,0.0003394999948795885
0.1,LP3 ($ 	heta $ Only),27,420,0.0,,0,0,0,0,0.0,0.0,100.0,0.0009025000035762787,0.0009854999952949584,4.850002005696297e-05,0.03832490000058897,0.051502899994375184,0.0524528999812901,0.002960799989523366,0.002819899993482977,0.002797399996779859,0.00523450001492165,0.00019600000814534724
0.1,LP3 ($ 	heta $ Only),28,448,0.0,,0,0,0,0,0.0,0.0,100.0,0.0008204999903682619,0.0008389000140596181,5.23999915458262e-05,0.04112949999398552,0.05569199999445118,0.04521270000259392,0.0030109999934211373,0.0028584999963641167,0.003062899981159717,0.0074717999959830195,0.00010789997759275138
0.1,LP3 ($ 	heta $ Only),29,477,0.0,,0,0,0,0,0.0,0.0,100.0,0.000903200008906424,0.0010234999936074018,4.990000161342323e-05,0.036888299975544214,0.04843789999722503,0.05156330001773313,0.0029878999921493232,0.0034585999965202063,0.0072060999809764326,0.0028421999886631966,0.00010500001371838152
0.1,LP3 ($ 	heta $ Only),30,507,0.0,,0,0,0,0,0.0,0.0,100.0,0.0009726999851409346,0.0009925999911502004,5.2400020649656653e-05,0.0369805000082124,0.047718599991640076,0.0558698000095319,0.005848999979207292,0.003169000003254041,0.003255799994803965,0.0029537999944295734,0.00010720000136643648
0.1,LP3 ($ 	heta $ Only),31,538,0.0,,0,0,0,0,0.0,0.0,100.0,0.0007593999907840043,0.0027914999809581786,0.000152299995534122,0.02866179999546148,0.054666100011672825,0.08281120000174269,0.009142299997620285,0.003079499991144985,0.0036312000011093915,0.0030227999959606677,0.00018510001245886087
0.1,LP3 ($ 	heta $ Only),32,570,0.0,,0,0,0,0,2.4646951146678475e-14,16.666666666666668,83.33333333333333,0.002153700013877824,0.0029494999907910824,5.9600017266348004e-05,0.03871239998261444,0.08364849997451529,0.07656180000049062,0.004684600018663332,0.003328200022224337,0.0032971999899018556,0.00381949997972697,0.00017100002150982618
0.1,LP3 ($ 	heta $ Only),33,603,0.0,,0,0,0,0,0.0,0.0,100.0,0.007769099989673123,0.0018151999975088984,6.250001024454832e-05,0.044262099982006475,0.05091530000208877,0.014228100015316159,0.0028975000022910535,0.0028771999932359904,0.003706799994688481,0.004474300018046051,0.0001060000213328749
0.1,LP3 ($ 	heta $ Only),34,637,0.0,,0,0,0,0,0.0,0.0,100.0,0.0007689000049140304,0.0008851000166032463,4.8299989430233836e-05,0.0374178999918513,0.04488519998267293,0.04852740000933409,0.0029233999957796186,0.0027747999993152916,0.002745600009802729,0.0035755000135395676,0.00017129999469034374
0.1,LP3 ($ 	heta $ Only),35,672,0.0,,0,0,0,0,0.0,0.0,100.0,0.0007516999903600663,0.0008226999780163169,4.6900007873773575e-05,0.03776209999341518,0.04970949998823926,0.029150900023523718,0.002904099994339049,0.002763500000583008,0.0028772999939974397,0.0033491000067442656,0.00010619999375194311
0.1,LP3 ($ 	heta $ Only),36,708,0.0,,0,0,0,0,0.0,0.0,100.0,0.005077000008895993,0.0009461999870836735,4.770001396536827e-05,0.035674999991897494,0.06028609999339096,0.04040949998307042,0.007948299986310303,0.002831599995261058,0.0028033000126015395,0.0034354999952483922,0.00010549998842179775
0.1,LP3 ($ 	heta $ Only),37,745,0.0,,0,0,0,0,0.0,0.0,100.0,0.002184800017857924,0.001978300017071888,5.3499999921768904e-05,0.041787699999986216,0.04738370000268333,0.059777800022857264,0.00624499999685213,0.003936799999792129,0.0032651000074110925,0.003260600002249703,0.00017240000306628644
0.1,LP3 ($ 	heta $ Only),38,783,0.0,,0,0,0,0,0.0,0.0,100.0,0.0018838999967556447,0.0008917000086512417,5.530001362785697e-05,0.033034599997336045,0.04435760001069866,0.03064090001862496,0.008226600009948015,0.003993499994976446,0.005682399991201237,0.009553899988532066,0.00026050000451505184
0.1,LP3 ($ 	heta $ Only),39,822,0.0,,0,0,0,0,0.0,0.0,100.0,0.00149940000846982,0.0014451999741140753,6.17999758105725e-05,0.03257129999110475,0.055922500003362074,0.036248299991711974,0.00394399999640882,0.00323579998803325,0.005785400018794462,0.0033133999968413264,0.00010730000212788582
0.1,LP3 ($ 	heta $ Only),40,862,0.0,,0,0,0,0,0.0,0.0,100.0,0.000766699988162145,0.0009149000106845051,4.710000939667225e-05,0.11498919999576174,0.2830015000072308,0.0880503999942448,0.0057591999939177185,0.003802099992753938,0.0030906999891158193,0.003317599999718368,0.00010900001507252455
0.1,LP3 ($ 	heta $ Only),41,903,0.0,,0,0,0,0,0.0,0.0,100.0,0.000752799998736009,0.0009459999855607748,4.650000482797623e-05,0.10728149997885339,0.0592676000087522,0.04878159999498166,0.005561799975112081,0.005832900002133101,0.0061409999907482415,0.007657699985429645,0.00010649999603629112
0.1,LP3 ($ 	heta $ Only),42,945,0.0,,0,0,0,0,0.0,0.0,100.0,0.0007622999837622046,0.001336699991952628,0.00014009998994879425,0.039806999993743375,0.06433749999268912,0.042847300006542355,0.013883800012990832,0.01736719999462366,0.00908960000379011,0.009701100003439933,0.00031159998616203666
0.1,LP3 ($ 	heta $ Only),43,988,0.0,,0,0,0,0,0.0,0.0,100.0,0.0009128999954555184,0.0011826000118162483,6.44999963697046e-05,0.08440120000159368,0.06287180000799708,0.07589899998856708,0.008156999974744394,0.010957499995129183,0.007831300026737154,0.012088899995433167,0.0002750999992713332
0.1,LP3 ($ 	heta $ Only),44,1032,0.0,,0,0,0,0,0.0,0.0,100.0,0.002106700005242601,0.0013330999936442822,7.879998884163797e-05,0.05139799998141825,0.05917720001889393,0.059728499996708706,0.009993999992730096,0.0032761000038590282,0.003595999995013699,0.004664499982027337,0.00010800000745803118
0.1,LP3 ($ 	heta $ Only),45,1077,0.0,,0,0,0,0,0.0,0.0,100.0,0.0008927999879233539,0.0008940999978221953,6.0999998822808266e-05,0.04024030000437051,0.06391149997944012,0.03153440001187846,0.0030291999864857644,0.003508599998895079,0.007515499979490414,0.0029097000078763813,0.0001050999853760004
0.1,LP3 ($ 	heta $ Only),46,1123,0.0,,0,0,0,0,0.0,0.0,100.0,0.000890900002559647,0.0010895000013988465,5.23999915458262e-05,0.049101099983090535,0.04769019997911528,0.03627260000212118,0.003028100007213652,0.005020999989937991,0.0027686000103130937,0.002745000005234033,0.00010570001904852688
0.1,LP3 ($ 	heta $ Only),47,1170,0.0,,0,0,0,0,0.0,0.0,100.0,0.0012132000119891018,0.0017142999859061092,8.490000618621707e-05,0.0451652999909129,0.07665430000633933,0.04665870001190342,0.002972900023451075,0.006082699983380735,0.003027500002644956,0.002965699997730553,0.00010760000441223383
0.1,LP3 ($ 	heta $ Only),48,1218,0.0,,0,0,0,0,0.0,0.0,100.0,0.000765799981309101,0.0009645999816711992,0.00014980000560171902,0.044100900006014854,0.06127879998530261,0.06827429999248125,0.004213300009723753,0.0030103999888524413,0.0028108999831601977,0.007639600022230297,0.0002690000110305846
0.1,LP3 ($ 	heta $ Only),49,1267,0.0,,0,0,0,0,0.0,0.0,100.0,0.0013310999784152955,0.004037800012156367,6.900000153109431e-05,0.044592499994905666,0.04907660000026226,0.06936440002755262,0.004749200015794486,0.006017700012307614,0.005706099997041747,0.0035112999903503805,0.0001849000109359622
0.1,Weighted LP3 ($ 	heta $ Only),0,42,0.0,,0,0,0,0,0.0,0.0,100.0,0.0009248999995179474,0.006899500003783032,0.00017030001617968082,0.05933509999886155,0.07904409998445772,0.04864999998244457,0.0034642999817151576,0.006918699975358322,0.0030681999924127012,0.002812999999150634,0.00010720000136643648
0.1,Weighted LP3 ($ 	heta $ Only),1,43,0.0,,0,0,0,0,0.0,0.0,100.0,0.0007681999995838851,0.0009345000144094229,4.5599997974932194e-05,0.03317579999566078,0.06179790000896901,0.04239869999582879,0.007503500004531816,0.0028498000174295157,0.0028267000161577016,0.00328770000487566,0.00014220000593923032
0.1,Weighted LP3 ($ 	heta $ Only),2,45,0.0,,0,0,0,0,0.0,0.0,100.0,0.0009572000126354396,0.003688299999339506,0.00010269999620504677,0.04312489999574609,0.05325200001243502,0.05526809999719262,0.005158499989192933,0.0028185999835841358,0.002800700021907687,0.0034546999959275126,0.00010800000745803118
0.1,Weighted LP3 ($ 	heta $ Only),3,48,0.0,,0,0,0,0,0.0,0.0,100.0,0.0010138000070583075,0.0024594999849796295,5.319999763742089e-05,0.037372899998445064,0.048482000012882054,0.03920729999663308,0.003328399994643405,0.005337699985830113,0.003257800010032952,0.0027814999921247363,9.87000239547342e-05
0.1,Weighted LP3 ($ 	heta $ Only),4,52,0.0,,0,0,0,0,0.0,0.0,100.0,0.0007554999901913106,0.0009259000071324408,4.840001929551363e-05,0.0332232000073418,0.05754119998891838,0.08515060000354424,0.0030701000068802387,0.003391499980352819,0.007810399984009564,0.002879200008464977,0.00010049997945316136
0.1,Weighted LP3 ($ 	heta $ Only),5,57,0.0,,0,0,0,0,0.0,0.0,100.0,0.0008951000054366887,0.0010645000147633255,5.110001075081527e-05,0.03721459998632781,0.048698000027798116,0.10132159999920987,0.0065619999950286,0.00328770000487566,0.0033967999916058034,0.0027661999920383096,0.0001005999802146107
0.1,Weighted LP3 ($ 	heta $ Only),6,63,0.0,,0,0,0,0,0.0,0.0,100.0,0.0007504000095650554,0.0008214999979827553,4.6600005589425564e-05,0.0332979999948293,0.04823360001319088,0.048318800021661445,0.003556500014383346,0.0027670999988913536,0.004794899985427037,0.003491400013444945,0.00011039999662898481
0.1,Weighted LP3 ($ 	heta $ Only),7,70,0.0,,0,0,0,0,0.0,0.0,100.0,0.0007850000110920519,0.0008805000106804073,5.590001819655299e-05,0.03740180001477711,0.05255399999441579,0.07153839999227785,0.00297499998123385,0.003023199999006465,0.0039055999950505793,0.0030045000021345913,0.0001084999821614474
0.1,Weighted LP3 ($ 	heta $ Only),8,78,0.0,,0,0,0,0,0.0,0.0,100.0,0.0007508000126108527,0.0009247999987564981,4.6200002543628216e-05,0.03504590000375174,0.05358340000384487,0.053631999995559454,0.003001000004587695,0.002889399998821318,0.0028797999839298427,0.0034619000216480345,0.00010549998842179775
0.1,Weighted LP3 ($ 	heta $ Only),9,87,0.0,,0,0,0,0,0.0,0.0,100.0,0.005524200008949265,0.0008717000018805265,5.3099996875971556e-05,0.03635000000940636,0.05056279999553226,0.040936200006399304,0.003379400004632771,0.003235499985748902,0.003821199992671609,0.007551099988631904,0.00011019999510608613
0.1,Weighted LP3 ($ 	heta $ Only),10,97,0.0,,0,0,0,0,0.0,0.0,100.0,0.0009316999930888414,0.0010079000203404576,5.250002141110599e-05,0.059906599984969944,0.062496700003976,0.06532449999940582,0.004271699988748878,0.0027828000020235777,0.002758599992375821,0.0027609000098891556,0.00011150000500492752
0.1,Weighted LP3 ($ 	heta $ Only),11,108,0.0,,0,0,0,0,0.0,0.0,100.0,0.0007696000102441758,0.0009077000140678138,4.7200010158121586e-05,0.03924419998656958,0.08031879999907687,0.11473180001485161,0.011022999999113381,0.0054484999855048954,0.006191199994646013,0.007718400011071935,0.0002838000073097646
0.1,Weighted LP3 ($ 	heta $ Only),12,120,0.0,,0,0,0,0,0.0,0.0,100.0,0.0014795000024605542,0.001903200027300045,8.910000906325877e-05,0.14621669999905862,0.052465899992967024,0.052744499989785254,0.003433299978496507,0.009232600015820935,0.002859800006262958,0.002809300000080839,0.00010909998673014343
0.1,Weighted LP3 ($ 	heta $ Only),13,133,0.0,,0,0,0,0,0.0,0.0,100.0,0.0010830999817699194,0.0008751999994274229,4.6900007873773575e-05,0.04433659999631345,0.04487209999933839,0.041976100008469075,0.0029950000171083957,0.006709099980071187,0.0028839000151492655,0.0028658999945037067,0.00010699999984353781
0.1,Weighted LP3 ($ 	heta $ Only),14,147,0.0,,0,0,0,0,0.0,0.0,100.0,0.0009410000056959689,0.0011524000146891922,5.119998240843415e-05,0.03334889997495338,0.06245409999974072,0.04384769999887794,0.008721599995624274,0.0028851999959442765,0.0028578000201378018,0.0034484000061638653,0.0001176999940071255
0.1,Weighted LP3 ($ 	heta $ Only),15,162,0.0,,0,0,0,0,0.0,0.0,100.0,0.0009379999828524888,0.002837000007275492,0.00015050001093186438,0.04097560001537204,0.05131839998648502,0.04808989999582991,0.007231000025058165,0.0037308000028133392,0.0028424999909475446,0.0034727999882306904,0.00010639999527484179
0.1,Weighted LP3 ($ 	heta $ Only),16,178,0.0,,0,0,0,0,0.0,0.0,100.0,0.00273800001014024,0.0011273000272922218,6.120000034570694e-05,0.038885300018591806,0.05713969998760149,0.0276851000089664,0.008527199999662116,0.0028217000071890652,0.0027904000016860664,0.0034882999898400158,0.00010639999527484179
0.1,Weighted LP3 ($ 	heta $ Only),17,195,0.0,,0,0,0,0,0.0,0.0,100.0,0.0009462000161875039,0.0028775999962817878,7.119998917914927e-05,0.054697099985787645,0.04141400000662543,0.07282590001705103,0.003605200006859377,0.0033996999845840037,0.003408399992622435,0.005334899993613362,0.0001485000248067081
0.1,Weighted LP3 ($ 	heta $ Only),18,213,0.0,,0,0,0,0,0.0,0.0,100.0,0.0011594999814406037,0.0013348999782465398,6.570000550709665e-05,0.04773849999764934,0.054633599997032434,0.038669100002152845,0.003421399975195527,0.003265800012741238,0.003302199998870492,0.004986199986888096,0.00019550000433810055
0.1,Weighted LP3 ($ 	heta $ Only),19,232,0.0,,0,0,0,0,0.0,0.0,100.0,0.0038422999787144363,0.0008746999956201762,4.719998105429113e-05,0.03886279999278486,0.056460300023900345,0.04442550000385381,0.003098700020927936,0.0028649999876506627,0.0029876000189688057,0.005048799997894093,0.0002759000053629279
0.1,Weighted LP3 ($ 	heta $ Only),20,252,0.0,,0,0,0,0,0.0,0.0,100.0,0.0015832000062800944,0.0012340999965090305,5.250002141110599e-05,0.03904159998637624,0.055811300000641495,0.0689962999895215,0.0030104999896138906,0.002917499979957938,0.0029047999996691942,0.006322800007183105,0.00017040001694113016
0.1,Weighted LP3 ($ 	heta $ Only),21,273,0.0,,0,0,0,0,0.0,0.0,100.0,0.0008902000263333321,0.0009494000114500523,4.6900007873773575e-05,0.038221700000576675,0.05292320001171902,0.025395200005732477,0.0074797999986913055,0.0029282000032253563,0.002986999985296279,0.003586499980883673,0.0006390000053215772
0.1,Weighted LP3 ($ 	heta $ Only),22,295,0.0,,0,0,0,0,0.0,0.0,100.0,0.0021380999824032187,0.0018967000069096684,6.550000398419797e-05,0.03548880000016652,0.048646200011717156,0.058925399993313476,0.0031735999800730497,0.003124000009847805,0.005706099997041747,0.004418399999849498,0.00012779998360201716
0.1,Weighted LP3 ($ 	heta $ Only),23,318,0.0,,0,0,0,0,0.0,0.0,100.0,0.0011866999848280102,0.0009490000084042549,4.740001168102026e-05,0.037707700015744194,0.050646399991819635,0.047634499991545454,0.007337900024140254,0.002941600017948076,0.002879200008464977,0.0036835999926552176,0.00011019999510608613
0.1,Weighted LP3 ($ 	heta $ Only),24,342,0.0,,0,0,0,0,0.0,0.0,100.0,0.000912199990125373,0.003124000009847805,5.699999746866524e-05,0.043453399994177744,0.052695700025651604,0.03166769997915253,0.002918500016676262,0.0027763999823946506,0.004114900017157197,0.002841399982571602,0.00010640002437867224
0.1,Weighted LP3 ($ 	heta $ Only),25,367,0.0,,0,0,0,0,0.0,0.0,100.0,0.0008122000144794583,0.0008215999987442046,4.6900007873773575e-05,0.04954469998483546,0.05555020002066158,0.050120400002924725,0.00501819999772124,0.0035385999944992363,0.002847199997631833,0.0028611000161617994,0.00012599999899975955
0.1,Weighted LP3 ($ 	heta $ Only),26,393,0.0,,0,0,0,0,0.0,0.0,100.0,0.0011540999985300004,0.001342800009297207,0.00021550001110881567,0.03982439998071641,0.06140259999665432,0.04375029998482205,0.0033798999793361872,0.0032475999905727804,0.003275499999290332,0.00495750000118278,0.0003394999948795885
0.1,Weighted LP3 ($ 	heta $ Only),27,420,0.0,,0,0,0,0,0.0,0.0,100.0,0.0009025000035762787,0.0009854999952949584,4.850002005696297e-05,0.03832490000058897,0.051502899994375184,0.0524528999812901,0.002960799989523366,0.002819899993482977,0.002797399996779859,0.00523450001492165,0.00019600000814534724
0.1,Weighted LP3 ($ 	heta $ Only),28,448,0.0,,0,0,0,0,0.0,0.0,100.0,0.0008204999903682619,0.0008389000140596181,5.23999915458262e-05,0.04112949999398552,0.05569199999445118,0.04521270000259392,0.0030109999934211373,0.0028584999963641167,0.003062899981159717,0.0074717999959830195,0.00010789997759275138
0.1,Weighted LP3 ($ 	heta $ Only),29,477,0.0,,0,0,0,0,0.0,0.0,100.0,0.000903200008906424,0.0010234999936074018,4.990000161342323e-05,0.036888299975544214,0.04843789999722503,0.05156330001773313,0.0029878999921493232,0.0034585999965202063,0.0072060999809764326,0.0028421999886631966,0.00010500001371838152
0.1,Weighted LP3 ($ 	heta $ Only),30,507,0.0,,0,0,0,0,0.0,0.0,100.0,0.0009726999851409346,0.0009925999911502004,5.2400020649656653e-05,0.0369805000082124,0.047718599991640076,0.0558698000095319,0.005848999979207292,0.003169000003254041,0.003255799994803965,0.0029537999944295734,0.00010720000136643648
0.1,Weighted LP3 ($ 	heta $ Only),31,538,0.0,,0,0,0,0,0.0,0.0,100.0,0.0007593999907840043,0.0027914999809581786,0.000152299995534122,0.02866179999546148,0.054666100011672825,0.08281120000174269,0.009142299997620285,0.003079499991144985,0.0036312000011093915,0.0030227999959606677,0.00018510001245886087
0.1,Weighted LP3 ($ 	heta $ Only),32,570,0.0,,0,0,0,0,2.4646951146678475e-14,16.666666666666668,83.33333333333333,0.002153700013877824,0.0029494999907910824,5.9600017266348004e-05,0.03871239998261444,0.08364849997451529,0.07656180000049062,0.004684600018663332,0.003328200022224337,0.0032971999899018556,0.00381949997972697,0.00017100002150982618
0.1,Weighted LP3 ($ 	heta $ Only),33,603,0.0,,0,0,0,0,0.0,0.0,100.0,0.007769099989673123,0.0018151999975088984,6.250001024454832e-05,0.044262099982006475,0.05091530000208877,0.014228100015316159,0.0028975000022910535,0.0028771999932359904,0.003706799994688481,0.004474300018046051,0.0001060000213328749
0.1,Weighted LP3 ($ 	heta $ Only),34,637,0.0,,0,0,0,0,0.0,0.0,100.0,0.0007689000049140304,0.0008851000166032463,4.8299989430233836e-05,0.0374178999918513,0.04488519998267293,0.04852740000933409,0.0029233999957796186,0.0027747999993152916,0.002745600009802729,0.0035755000135395676,0.00017129999469034374
0.1,Weighted LP3 ($ 	heta $ Only),35,672,0.0,,0,0,0,0,0.0,0.0,100.0,0.0007516999903600663,0.0008226999780163169,4.6900007873773575e-05,0.03776209999341518,0.04970949998823926,0.029150900023523718,0.002904099994339049,0.002763500000583008,0.0028772999939974397,0.0033491000067442656,0.00010619999375194311
0.1,Weighted LP3 ($ 	heta $ Only),36,708,0.0,,0,0,0,0,0.0,0.0,100.0,0.005077000008895993,0.0009461999870836735,4.770001396536827e-05,0.035674999991897494,0.06028609999339096,0.04040949998307042,0.007948299986310303,0.002831599995261058,0.0028033000126015395,0.0034354999952483922,0.00010549998842179775
0.1,Weighted LP3 ($ 	heta $ Only),37,745,0.0,,0,0,0,0,0.0,0.0,100.0,0.002184800017857924,0.001978300017071888,5.3499999921768904e-05,0.041787699999986216,0.04738370000268333,0.059777800022857264,0.00624499999685213,0.003936799999792129,0.0032651000074110925,0.003260600002249703,0.00017240000306628644
0.1,Weighted LP3 ($ 	heta $ Only),38,783,0.0,,0,0,0,0,0.0,0.0,100.0,0.0018838999967556447,0.0008917000086512417,5.530001362785697e-05,0.033034599997336045,0.04435760001069866,0.03064090001862496,0.008226600009948015,0.003993499994976446,0.005682399991201237,0.009553899988532066,0.00026050000451505184
0.1,Weighted LP3 ($ 	heta $ Only),39,822,0.0,,0,0,0,0,0.0,0.0,100.0,0.00149940000846982,0.0014451999741140753,6.17999758105725e-05,0.03257129999110475,0.055922500003362074,0.036248299991711974,0.00394399999640882,0.00323579998803325,0.005785400018794462,0.0033133999968413264,0.00010730000212788582
0.1,Weighted LP3 ($ 	heta $ Only),40,862,0.0,,0,0,0,0,0.0,0.0,100.0,0.000766699988162145,0.0009149000106845051,4.710000939667225e-05,0.11498919999576174,0.2830015000072308,0.0880503999942448,0.0057591999939177185,0.003802099992753938,0.0030906999891158193,0.003317599999718368,0.00010900001507252455
0.1,Weighted LP3 ($ 	heta $ Only),41,903,0.0,,0,0,0,0,0.0,0.0,100.0,0.000752799998736009,0.0009459999855607748,4.650000482797623e-05,0.10728149997885339,0.0592676000087522,0.04878159999498166,0.005561799975112081,0.005832900002133101,0.0061409999907482415,0.007657699985429645,0.00010649999603629112
0.1,Weighted LP3 ($ 	heta $ Only),42,945,0.0,,0,0,0,0,0.0,0.0,100.0,0.0007622999837622046,0.001336699991952628,0.00014009998994879425,0.039806999993743375,0.06433749999268912,0.042847300006542355,0.013883800012990832,0.01736719999462366,0.00908960000379011,0.009701100003439933,0.00031159998616203666
0.1,Weighted LP3 ($ 	heta $ Only),43,988,0.0,,0,0,0,0,0.0,0.0,100.0,0.0009128999954555184,0.0011826000118162483,6.44999963697046e-05,0.08440120000159368,0.06287180000799708,0.07589899998856708,0.008156999974744394,0.010957499995129183,0.007831300026737154,0.012088899995433167,0.0002750999992713332
0.1,Weighted LP3 ($ 	heta $ Only),44,1032,0.0,,0,0,0,0,0.0,0.0,100.0,0.002106700005242601,0.0013330999936442822,7.879998884163797e-05,0.05139799998141825,0.05917720001889393,0.059728499996708706,0.009993999992730096,0.0032761000038590282,0.003595999995013699,0.004664499982027337,0.00010800000745803118
0.1,Weighted LP3 ($ 	heta $ Only),45,1077,0.0,,0,0,0,0,0.0,0.0,100.0,0.0008927999879233539,0.0008940999978221953,6.0999998822808266e-05,0.04024030000437051,0.06391149997944012,0.03153440001187846,0.0030291999864857644,0.003508599998895079,0.007515499979490414,0.0029097000078763813,0.0001050999853760004
0.1,Weighted LP3 ($ 	heta $ Only),46,1123,0.0,,0,0,0,0,0.0,0.0,100.0,0.000890900002559647,0.0010895000013988465,5.23999915458262e-05,0.049101099983090535,0.04769019997911528,0.03627260000212118,0.003028100007213652,0.005020999989937991,0.0027686000103130937,0.002745000005234033,0.00010570001904852688
0.1,Weighted LP3 ($ 	heta $ Only),47,1170,0.0,,0,0,0,0,0.0,0.0,100.0,0.0012132000119891018,0.0017142999859061092,8.490000618621707e-05,0.0451652999909129,0.07665430000633933,0.04665870001190342,0.002972900023451075,0.006082699983380735,0.003027500002644956,0.002965699997730553,0.00010760000441223383
0.1,Weighted LP3 ($ 	heta $ Only),48,1218,0.0,,0,0,0,0,0.0,0.0,100.0,0.000765799981309101,0.0009645999816711992,0.00014980000560171902,0.044100900006014854,0.06127879998530261,0.06827429999248125,0.004213300009723753,0.0030103999888524413,0.0028108999831601977,0.007639600022230297,0.0002690000110305846
0.1,Weighted LP3 ($ 	heta $ Only),49,1267,0.0,,0,0,0,0,0.0,0.0,100.0,0.0013310999784152955,0.004037800012156367,6.900000153109431e-05,0.044592499994905666,0.04907660000026226,0.06936440002755262,0.004749200015794486,0.006017700012307614,0.005706099997041747,0.0035112999903503805,0.0001849000109359622
0.1,Borda LP3 ($ 	heta $ Only),0,42,0.0,,0,0,0,0,0.0,0.0,100.0,0.0009248999995179474,0.006899500003783032,0.00017030001617968082,0.05933509999886155,0.07904409998445772,0.04864999998244457,0.0034642999817151576,0.006918699975358322,0.0030681999924127012,0.002812999999150634,0.00010720000136643648
0.1,Borda LP3 ($ 	heta $ Only),1,43,0.0,,0,0,0,0,0.0,0.0,100.0,0.0007681999995838851,0.0009345000144094229,4.5599997974932194e-05,0.03317579999566078,0.06179790000896901,0.04239869999582879,0.007503500004531816,0.0028498000174295157,0.0028267000161577016,0.00328770000487566,0.00014220000593923032
0.1,Borda LP3 ($ 	heta $ Only),2,45,0.0,,0,0,0,0,0.0,0.0,100.0,0.0009572000126354396,0.003688299999339506,0.00010269999620504677,0.04312489999574609,0.05325200001243502,0.05526809999719262,0.005158499989192933,0.0028185999835841358,0.002800700021907687,0.0034546999959275126,0.00010800000745803118
0.1,Borda LP3 ($ 	heta $ Only),3,48,0.0,,0,0,0,0,0.0,0.0,100.0,0.0010138000070583075,0.0024594999849796295,5.319999763742089e-05,0.037372899998445064,0.048482000012882054,0.03920729999663308,0.003328399994643405,0.005337699985830113,0.003257800010032952,0.0027814999921247363,9.87000239547342e-05
0.1,Borda LP3 ($ 	heta $ Only),4,52,0.0,,0,0,0,0,0.0,0.0,100.0,0.0007554999901913106,0.0009259000071324408,4.840001929551363e-05,0.0332232000073418,0.05754119998891838,0.08515060000354424,0.0030701000068802387,0.003391499980352819,0.007810399984009564,0.002879200008464977,0.00010049997945316136
0.1,Borda LP3 ($ 	heta $ Only),5,57,0.0,,0,0,0,0,0.0,0.0,100.0,0.0008951000054366887,0.0010645000147633255,5.110001075081527e-05,0.03721459998632781,0.048698000027798116,0.10132159999920987,0.0065619999950286,0.00328770000487566,0.0033967999916058034,0.0027661999920383096,0.0001005999802146107
0.1,Borda LP3 ($ 	heta $ Only),6,63,0.0,,0,0,0,0,0.0,0.0,100.0,0.0007504000095650554,0.0008214999979827553,4.6600005589425564e-05,0.0332979999948293,0.04823360001319088,0.048318800021661445,0.003556500014383346,0.0027670999988913536,0.004794899985427037,0.003491400013444945,0.00011039999662898481
0.1,Borda LP3 ($ 	heta $ Only),7,70,0.0,,0,0,0,0,0.0,0.0,100.0,0.0007850000110920519,0.0008805000106804073,5.590001819655299e-05,0.03740180001477711,0.05255399999441579,0.07153839999227785,0.00297499998123385,0.003023199999006465,0.0039055999950505793,0.0030045000021345913,0.0001084999821614474
0.1,Borda LP3 ($ 	heta $ Only),8,78,0.0,,0,0,0,0,0.0,0.0,100.0,0.0007508000126108527,0.0009247999987564981,4.6200002543628216e-05,0.03504590000375174,0.05358340000384487,0.053631999995559454,0.003001000004587695,0.002889399998821318,0.0028797999839298427,0.0034619000216480345,0.00010549998842179775
0.1,Borda LP3 ($ 	heta $ Only),9,87,0.0,,0,0,0,0,0.0,0.0,100.0,0.005524200008949265,0.0008717000018805265,5.3099996875971556e-05,0.03635000000940636,0.05056279999553226,0.040936200006399304,0.003379400004632771,0.003235499985748902,0.003821199992671609,0.007551099988631904,0.00011019999510608613
0.1,Borda LP3 ($ 	heta $ Only),10,97,0.0,,0,0,0,0,0.0,0.0,100.0,0.0009316999930888414,0.0010079000203404576,5.250002141110599e-05,0.059906599984969944,0.062496700003976,0.06532449999940582,0.004271699988748878,0.0027828000020235777,0.002758599992375821,0.0027609000098891556,0.00011150000500492752
0.1,Borda LP3 ($ 	heta $ Only),11,108,0.0,,0,0,0,0,0.0,0.0,100.0,0.0007696000102441758,0.0009077000140678138,4.7200010158121586e-05,0.03924419998656958,0.08031879999907687,0.11473180001485161,0.011022999999113381,0.0054484999855048954,0.006191199994646013,0.007718400011071935,0.0002838000073097646
0.1,Borda LP3 ($ 	heta $ Only),12,120,0.0,,0,0,0,0,0.0,0.0,100.0,0.0014795000024605542,0.001903200027300045,8.910000906325877e-05,0.14621669999905862,0.052465899992967024,0.052744499989785254,0.003433299978496507,0.009232600015820935,0.002859800006262958,0.002809300000080839,0.00010909998673014343
0.1,Borda LP3 ($ 	heta $ Only),13,133,0.0,,0,0,0,0,0.0,0.0,100.0,0.0010830999817699194,0.0008751999994274229,4.6900007873773575e-05,0.04433659999631345,0.04487209999933839,0.041976100008469075,0.0029950000171083957,0.006709099980071187,0.0028839000151492655,0.0028658999945037067,0.00010699999984353781
0.1,Borda LP3 ($ 	heta $ Only),14,147,0.0,,0,0,0,0,0.0,0.0,100.0,0.0009410000056959689,0.0011524000146891922,5.119998240843415e-05,0.03334889997495338,0.06245409999974072,0.04384769999887794,0.008721599995624274,0.0028851999959442765,0.0028578000201378018,0.0034484000061638653,0.0001176999940071255
0.1,Borda LP3 ($ 	heta $ Only),15,162,0.0,,0,0,0,0,0.0,0.0,100.0,0.0009379999828524888,0.002837000007275492,0.00015050001093186438,0.04097560001537204,0.05131839998648502,0.04808989999582991,0.007231000025058165,0.0037308000028133392,0.0028424999909475446,0.0034727999882306904,0.00010639999527484179
0.1,Borda LP3 ($ 	heta $ Only),16,178,0.0,,0,0,0,0,0.0,0.0,100.0,0.00273800001014024,0.0011273000272922218,6.120000034570694e-05,0.038885300018591806,0.05713969998760149,0.0276851000089664,0.008527199999662116,0.0028217000071890652,0.0027904000016860664,0.0034882999898400158,0.00010639999527484179
0.1,Borda LP3 ($ 	heta $ Only),17,195,0.0,,0,0,0,0,0.0,0.0,100.0,0.0009462000161875039,0.0028775999962817878,7.119998917914927e-05,0.054697099985787645,0.04141400000662543,0.07282590001705103,0.003605200006859377,0.0033996999845840037,0.003408399992622435,0.005334899993613362,0.0001485000248067081
0.1,Borda LP3 ($ 	heta $ Only),18,213,0.0,,0,0,0,0,0.0,0.0,100.0,0.0011594999814406037,0.0013348999782465398,6.570000550709665e-05,0.04773849999764934,0.054633599997032434,0.038669100002152845,0.003421399975195527,0.003265800012741238,0.003302199998870492,0.004986199986888096,0.00019550000433810055
0.1,Borda LP3 ($ 	heta $ Only),19,232,0.0,,0,0,0,0,0.0,0.0,100.0,0.0038422999787144363,0.0008746999956201762,4.719998105429113e-05,0.03886279999278486,0.056460300023900345,0.04442550000385381,0.003098700020927936,0.0028649999876506627,0.0029876000189688057,0.005048799997894093,0.0002759000053629279
0.1,Borda LP3 ($ 	heta $ Only),20,252,0.0,,0,0,0,0,0.0,0.0,100.0,0.0015832000062800944,0.0012340999965090305,5.250002141110599e-05,0.03904159998637624,0.055811300000641495,0.0689962999895215,0.0030104999896138906,0.002917499979957938,0.0029047999996691942,0.006322800007183105,0.00017040001694113016
0.1,Borda LP3 ($ 	heta $ Only),21,273,0.0,,0,0,0,0,0.0,0.0,100.0,0.0008902000263333321,0.0009494000114500523,4.6900007873773575e-05,0.038221700000576675,0.05292320001171902,0.025395200005732477,0.0074797999986913055,0.0029282000032253563,0.002986999985296279,0.003586499980883673,0.0006390000053215772
0.1,Borda LP3 ($ 	heta $ Only),22,295,0.0,,0,0,0,0,0.0,0.0,100.0,0.0021380999824032187,0.0018967000069096684,6.550000398419797e-05,0.03548880000016652,0.048646200011717156,0.058925399993313476,0.0031735999800730497,0.003124000009847805,0.005706099997041747,0.004418399999849498,0.00012779998360201716
0.1,Borda LP3 ($ 	heta $ Only),23,318,0.0,,0,0,0,0,0.0,0.0,100.0,0.0011866999848280102,0.0009490000084042549,4.740001168102026e-05,0.037707700015744194,0.050646399991819635,0.047634499991545454,0.007337900024140254,0.002941600017948076,0.002879200008464977,0.0036835999926552176,0.00011019999510608613
0.1,Borda LP3 ($ 	heta $ Only),24,342,0.0,,0,0,0,0,0.0,0.0,100.0,0.000912199990125373,0.003124000009847805,5.699999746866524e-05,0.043453399994177744,0.052695700025651604,0.03166769997915253,0.002918500016676262,0.0027763999823946506,0.004114900017157197,0.002841399982571602,0.00010640002437867224
0.1,Borda LP3 ($ 	heta $ Only),25,367,0.0,,0,0,0,0,0.0,0.0,100.0,0.0008122000144794583,0.0008215999987442046,4.6900007873773575e-05,0.04954469998483546,0.05555020002066158,0.050120400002924725,0.00501819999772124,0.0035385999944992363,0.002847199997631833,0.0028611000161617994,0.00012599999899975955
0.1,Borda LP3 ($ 	heta $ Only),26,393,0.0,,0,0,0,0,0.0,0.0,100.0,0.0011540999985300004,0.001342800009297207,0.00021550001110881567,0.03982439998071641,0.06140259999665432,0.04375029998482205,0.0033798999793361872,0.0032475999905727804,0.003275499999290332,0.00495750000118278,0.0003394999948795885
0.1,Borda LP3 ($ 	heta $ Only),27,420,0.0,,0,0,0,0,0.0,0.0,100.0,0.0009025000035762787,0.0009854999952949584,4.850002005696297e-05,0.03832490000058897,0.051502899994375184,0.0524528999812901,0.002960799989523366,0.002819899993482977,0.002797399996779859,0.00523450001492165,0.00019600000814534724
0.1,Borda LP3 ($ 	heta $ Only),28,448,0.0,,0,0,0,0,0.0,0.0,100.0,0.0008204999903682619,0.0008389000140596181,5.23999915458262e-05,0.04112949999398552,0.05569199999445118,0.04521270000259392,0.0030109999934211373,0.0028584999963641167,0.003062899981159717,0.0074717999959830195,0.00010789997759275138
0.1,Borda LP3 ($ 	heta $ Only),29,477,0.0,,0,0,0,0,0.0,0.0,100.0,0.000903200008906424,0.0010234999936074018,4.990000161342323e-05,0.036888299975544214,0.04843789999722503,0.05156330001773313,0.0029878999921493232,0.0034585999965202063,0.0072060999809764326,0.0028421999886631966,0.00010500001371838152
0.1,Borda LP3 ($ 	heta $ Only),30,507,0.0,,0,0,0,0,0.0,0.0,100.0,0.0009726999851409346,0.0009925999911502004,5.2400020649656653e-05,0.0369805000082124,0.047718599991640076,0.0558698000095319,0.005848999979207292,0.003169000003254041,0.003255799994803965,0.0029537999944295734,0.00010720000136643648
0.1,Borda LP3 ($ 	heta $ Only),31,538,0.0,,0,0,0,0,0.0,0.0,100.0,0.0007593999907840043,0.0027914999809581786,0.000152299995534122,0.02866179999546148,0.054666100011672825,0.08281120000174269,0.009142299997620285,0.003079499991144985,0.0036312000011093915,0.0030227999959606677,0.00018510001245886087
0.1,Borda LP3 ($ 	heta $ Only),32,570,0.0,,0,0,0,0,2.4646951146678475e-14,16.666666666666668,83.33333333333333,0.002153700013877824,0.0029494999907910824,5.9600017266348004e-05,0.03871239998261444,0.08364849997451529,0.07656180000049062,0.004684600018663332,0.003328200022224337,0.0032971999899018556,0.00381949997972697,0.00017100002150982618
0.1,Borda LP3 ($ 	heta $ Only),33,603,0.0,,0,0,0,0,0.0,0.0,100.0,0.007769099989673123,0.0018151999975088984,6.250001024454832e-05,0.044262099982006475,0.05091530000208877,0.014228100015316159,0.0028975000022910535,0.0028771999932359904,0.003706799994688481,0.004474300018046051,0.0001060000213328749
0.1,Borda LP3 ($ 	heta $ Only),34,637,0.0,,0,0,0,0,0.0,0.0,100.0,0.0007689000049140304,0.0008851000166032463,4.8299989430233836e-05,0.0374178999918513,0.04488519998267293,0.04852740000933409,0.0029233999957796186,0.0027747999993152916,0.002745600009802729,0.0035755000135395676,0.00017129999469034374
0.1,Borda LP3 ($ 	heta $ Only),35,672,0.0,,0,0,0,0,0.0,0.0,100.0,0.0007516999903600663,0.0008226999780163169,4.6900007873773575e-05,0.03776209999341518,0.04970949998823926,0.029150900023523718,0.002904099994339049,0.002763500000583008,0.0028772999939974397,0.0033491000067442656,0.00010619999375194311
0.1,Borda LP3 ($ 	heta $ Only),36,708,0.0,,0,0,0,0,0.0,0.0,100.0,0.005077000008895993,0.0009461999870836735,4.770001396536827e-05,0.035674999991897494,0.06028609999339096,0.04040949998307042,0.007948299986310303,0.002831599995261058,0.0028033000126015395,0.0034354999952483922,0.00010549998842179775
0.1,Borda LP3 ($ 	heta $ Only),37,745,0.0,,0,0,0,0,0.0,0.0,100.0,0.002184800017857924,0.001978300017071888,5.3499999921768904e-05,0.041787699999986216,0.04738370000268333,0.059777800022857264,0.00624499999685213,0.003936799999792129,0.0032651000074110925,0.003260600002249703,0.00017240000306628644
0.1,Borda LP3 ($ 	heta $ Only),38,783,0.0,,0,0,0,0,0.0,0.0,100.0,0.0018838999967556447,0.0008917000086512417,5.530001362785697e-05,0.033034599997336045,0.04435760001069866,0.03064090001862496,0.008226600009948015,0.003993499994976446,0.005682399991201237,0.009553899988532066,0.00026050000451505184
0.1,Borda LP3 ($ 	heta $ Only),39,822,0.0,,0,0,0,0,0.0,0.0,100.0,0.00149940000846982,0.0014451999741140753,6.17999758105725e-05,0.03257129999110475,0.055922500003362074,0.036248299991711974,0.00394399999640882,0.00323579998803325,0.005785400018794462,0.0033133999968413264,0.00010730000212788582
0.1,Borda LP3 ($ 	heta $ Only),40,862,0.0,,0,0,0,0,0.0,0.0,100.0,0.000766699988162145,0.0009149000106845051,4.710000939667225e-05,0.11498919999576174,0.2830015000072308,0.0880503999942448,0.0057591999939177185,0.003802099992753938,0.0030906999891158193,0.003317599999718368,0.00010900001507252455
0.1,Borda LP3 ($ 	heta $ Only),41,903,0.0,,0,0,0,0,0.0,0.0,100.0,0.000752799998736009,0.0009459999855607748,4.650000482797623e-05,0.10728149997885339,0.0592676000087522,0.04878159999498166,0.005561799975112081,0.005832900002133101,0.0061409999907482415,0.007657699985429645,0.00010649999603629112
0.1,Borda LP3 ($ 	heta $ Only),42,945,0.0,,0,0,0,0,0.0,0.0,100.0,0.0007622999837622046,0.001336699991952628,0.00014009998994879425,0.039806999993743375,0.06433749999268912,0.042847300006542355,0.013883800012990832,0.01736719999462366,0.00908960000379011,0.009701100003439933,0.00031159998616203666
0.1,Borda LP3 ($ 	heta $ Only),43,988,0.0,,0,0,0,0,0.0,0.0,100.0,0.0009128999954555184,0.0011826000118162483,6.44999963697046e-05,0.08440120000159368,0.06287180000799708,0.07589899998856708,0.008156999974744394,0.010957499995129183,0.007831300026737154,0.012088899995433167,0.0002750999992713332
0.1,Borda LP3 ($ 	heta $ Only),44,1032,0.0,,0,0,0,0,0.0,0.0,100.0,0.002106700005242601,0.0013330999936442822,7.879998884163797e-05,0.05139799998141825,0.05917720001889393,0.059728499996708706,0.009993999992730096,0.0032761000038590282,0.003595999995013699,0.004664499982027337,0.00010800000745803118
0.1,Borda LP3 ($ 	heta $ Only),45,1077,0.0,,0,0,0,0,0.0,0.0,100.0,0.0008927999879233539,0.0008940999978221953,6.0999998822808266e-05,0.04024030000437051,0.06391149997944012,0.03153440001187846,0.0030291999864857644,0.003508599998895079,0.007515499979490414,0.0029097000078763813,0.0001050999853760004
0.1,Borda LP3 ($ 	heta $ Only),46,1123,0.0,,0,0,0,0,0.0,0.0,100.0,0.000890900002559647,0.0010895000013988465,5.23999915458262e-05,0.049101099983090535,0.04769019997911528,0.03627260000212118,0.003028100007213652,0.005020999989937991,0.0027686000103130937,0.002745000005234033,0.00010570001904852688
0.1,Borda LP3 ($ 	heta $ Only),47,1170,0.0,,0,0,0,0,0.0,0.0,100.0,0.0012132000119891018,0.0017142999859061092,8.490000618621707e-05,0.0451652999909129,0.07665430000633933,0.04665870001190342,0.002972900023451075,0.006082699983380735,0.003027500002644956,0.002965699997730553,0.00010760000441223383
0.1,Borda LP3 ($ 	heta $ Only),48,1218,0.0,,0,0,0,0,0.0,0.0,100.0,0.000765799981309101,0.0009645999816711992,0.00014980000560171902,0.044100900006014854,0.06127879998530261,0.06827429999248125,0.004213300009723753,0.0030103999888524413,0.0028108999831601977,0.007639600022230297,0.0002690000110305846
0.1,Borda LP3 ($ 	heta $ Only),49,1267,0.0,,0,0,0,0,0.0,0.0,100.0,0.0013310999784152955,0.004037800012156367,6.900000153109431e-05,0.044592499994905666,0.04907660000026226,0.06936440002755262,0.004749200015794486,0.006017700012307614,0.005706099997041747,0.0035112999903503805,0.0001849000109359622
0.1,Linear BTL,0,42,,-4.950512586202016,0,0,0,0,,,,0.0009248999995179474,0.006899500003783032,0.00017030001617968082,0.05933509999886155,0.07904409998445772,0.04864999998244457,0.0034642999817151576,0.006918699975358322,0.0030681999924127012,0.002812999999150634,0.00010720000136643648
0.1,Linear BTL,1,43,,-4.785373015151275,0,1,0,1,,,,0.0007681999995838851,0.0009345000144094229,4.5599997974932194e-05,0.03317579999566078,0.06179790000896901,0.04239869999582879,0.007503500004531816,0.0028498000174295157,0.0028267000161577016,0.00328770000487566,0.00014220000593923032
0.1,Linear BTL,2,45,,-2.6806553416358074,0,0,0,0,,,,0.0009572000126354396,0.003688299999339506,0.00010269999620504677,0.04312489999574609,0.05325200001243502,0.05526809999719262,0.005158499989192933,0.0028185999835841358,0.002800700021907687,0.0034546999959275126,0.00010800000745803118
0.1,Linear BTL,3,48,,-0.01554580016009209,0,0,0,0,,,,0.0010138000070583075,0.0024594999849796295,5.319999763742089e-05,0.037372899998445064,0.048482000012882054,0.03920729999663308,0.003328399994643405,0.005337699985830113,0.003257800010032952,0.0027814999921247363,9.87000239547342e-05
0.1,Linear BTL,4,52,,-0.000588705983029489,0,0,0,0,,,,0.0007554999901913106,0.0009259000071324408,4.840001929551363e-05,0.0332232000073418,0.05754119998891838,0.08515060000354424,0.0030701000068802387,0.003391499980352819,0.007810399984009564,0.002879200008464977,0.00010049997945316136
0.1,Linear BTL,5,57,,-0.011092099173085866,0,0,0,0,,,,0.0008951000054366887,0.0010645000147633255,5.110001075081527e-05,0.03721459998632781,0.048698000027798116,0.10132159999920987,0.0065619999950286,0.00328770000487566,0.0033967999916058034,0.0027661999920383096,0.0001005999802146107
0.1,Linear BTL,6,63,,-7.094766501706896,0,1,0,1,,,,0.0007504000095650554,0.0008214999979827553,4.6600005589425564e-05,0.0332979999948293,0.04823360001319088,0.048318800021661445,0.003556500014383346,0.0027670999988913536,0.004794899985427037,0.003491400013444945,0.00011039999662898481
0.1,Linear BTL,7,70,,-1.923698127318807,0,0,0,0,,,,0.0007850000110920519,0.0008805000106804073,5.590001819655299e-05,0.03740180001477711,0.05255399999441579,0.07153839999227785,0.00297499998123385,0.003023199999006465,0.0039055999950505793,0.0030045000021345913,0.0001084999821614474
0.1,Linear BTL,8,78,,-2.104421180806175,0,0,0,0,,,,0.0007508000126108527,0.0009247999987564981,4.6200002543628216e-05,0.03504590000375174,0.05358340000384487,0.053631999995559454,0.003001000004587695,0.002889399998821318,0.0028797999839298427,0.0034619000216480345,0.00010549998842179775
0.1,Linear BTL,9,87,,-4.383423208261493,0,0,0,0,,,,0.005524200008949265,0.0008717000018805265,5.3099996875971556e-05,0.03635000000940636,0.05056279999553226,0.040936200006399304,0.003379400004632771,0.003235499985748902,0.003821199992671609,0.007551099988631904,0.00011019999510608613
0.1,Linear BTL,10,97,,-1.9098799220633806,0,0,0,0,,,,0.0009316999930888414,0.0010079000203404576,5.250002141110599e-05,0.059906599984969944,0.062496700003976,0.06532449999940582,0.004271699988748878,0.0027828000020235777,0.002758599992375821,0.0027609000098891556,0.00011150000500492752
0.1,Linear BTL,11,108,,-11.475542212521821,0,0,0,0,,,,0.0007696000102441758,0.0009077000140678138,4.7200010158121586e-05,0.03924419998656958,0.08031879999907687,0.11473180001485161,0.011022999999113381,0.0054484999855048954,0.006191199994646013,0.007718400011071935,0.0002838000073097646
0.1,Linear BTL,12,120,,-4.237991368593536,0,0,0,0,,,,0.0014795000024605542,0.001903200027300045,8.910000906325877e-05,0.14621669999905862,0.052465899992967024,0.052744499989785254,0.003433299978496507,0.009232600015820935,0.002859800006262958,0.002809300000080839,0.00010909998673014343
0.1,Linear BTL,13,133,,-4.3522903140776465,0,0,0,0,,,,0.0010830999817699194,0.0008751999994274229,4.6900007873773575e-05,0.04433659999631345,0.04487209999933839,0.041976100008469075,0.0029950000171083957,0.006709099980071187,0.0028839000151492655,0.0028658999945037067,0.00010699999984353781
0.1,Linear BTL,14,147,,-1.914037060289397,0,0,0,0,,,,0.0009410000056959689,0.0011524000146891922,5.119998240843415e-05,0.03334889997495338,0.06245409999974072,0.04384769999887794,0.008721599995624274,0.0028851999959442765,0.0028578000201378018,0.0034484000061638653,0.0001176999940071255
0.1,Linear BTL,15,162,,-6.7812333517076295,0,0,0,0,,,,0.0009379999828524888,0.002837000007275492,0.00015050001093186438,0.04097560001537204,0.05131839998648502,0.04808989999582991,0.007231000025058165,0.0037308000028133392,0.0028424999909475446,0.0034727999882306904,0.00010639999527484179
0.1,Linear BTL,16,178,,-1.9187551527308249,0,0,0,0,,,,0.00273800001014024,0.0011273000272922218,6.120000034570694e-05,0.038885300018591806,0.05713969998760149,0.0276851000089664,0.008527199999662116,0.0028217000071890652,0.0027904000016860664,0.0034882999898400158,0.00010639999527484179
0.1,Linear BTL,17,195,,-1.9108282996296575,0,0,0,0,,,,0.0009462000161875039,0.0028775999962817878,7.119998917914927e-05,0.054697099985787645,0.04141400000662543,0.07282590001705103,0.003605200006859377,0.0033996999845840037,0.003408399992622435,0.005334899993613362,0.0001485000248067081
0.1,Linear BTL,18,213,,-1.9111414520715972,0,0,0,0,,,,0.0011594999814406037,0.0013348999782465398,6.570000550709665e-05,0.04773849999764934,0.054633599997032434,0.038669100002152845,0.003421399975195527,0.003265800012741238,0.003302199998870492,0.004986199986888096,0.00019550000433810055
0.1,Linear BTL,19,232,,-7.092279630366031,0,1,0,1,,,,0.0038422999787144363,0.0008746999956201762,4.719998105429113e-05,0.03886279999278486,0.056460300023900345,0.04442550000385381,0.003098700020927936,0.0028649999876506627,0.0029876000189688057,0.005048799997894093,0.0002759000053629279
0.1,Linear BTL,20,252,,-0.006145574679432563,0,0,0,0,,,,0.0015832000062800944,0.0012340999965090305,5.250002141110599e-05,0.03904159998637624,0.055811300000641495,0.0689962999895215,0.0030104999896138906,0.002917499979957938,0.0029047999996691942,0.006322800007183105,0.00017040001694113016
0.1,Linear BTL,21,273,,-4.495447833330075,0,0,0,0,,,,0.0008902000263333321,0.0009494000114500523,4.6900007873773575e-05,0.038221700000576675,0.05292320001171902,0.025395200005732477,0.0074797999986913055,0.0029282000032253563,0.002986999985296279,0.003586499980883673,0.0006390000053215772
0.1,Linear BTL,22,295,,-3.8221813778005354,0,0,0,0,,,,0.0021380999824032187,0.0018967000069096684,6.550000398419797e-05,0.03548880000016652,0.048646200011717156,0.058925399993313476,0.0031735999800730497,0.003124000009847805,0.005706099997041747,0.004418399999849498,0.00012779998360201716
0.1,Linear BTL,23,318,,-1.936445181151752,0,0,0,0,,,,0.0011866999848280102,0.0009490000084042549,4.740001168102026e-05,0.037707700015744194,0.050646399991819635,0.047634499991545454,0.007337900024140254,0.002941600017948076,0.002879200008464977,0.0036835999926552176,0.00011019999510608613
0.1,Linear BTL,24,342,,-3.8278781530418162,0,0,0,0,,,,0.000912199990125373,0.003124000009847805,5.699999746866524e-05,0.043453399994177744,0.052695700025651604,0.03166769997915253,0.002918500016676262,0.0027763999823946506,0.004114900017157197,0.002841399982571602,0.00010640002437867224
0.1,Linear BTL,25,367,,-7.494564755948675,0,1,0,1,,,,0.0008122000144794583,0.0008215999987442046,4.6900007873773575e-05,0.04954469998483546,0.05555020002066158,0.050120400002924725,0.00501819999772124,0.0035385999944992363,0.002847199997631833,0.0028611000161617994,0.00012599999899975955
0.1,Linear BTL,26,393,,-6.692358205795335,0,0,0,0,,,,0.0011540999985300004,0.001342800009297207,0.00021550001110881567,0.03982439998071641,0.06140259999665432,0.04375029998482205,0.0033798999793361872,0.0032475999905727804,0.003275499999290332,0.00495750000118278,0.0003394999948795885
0.1,Linear BTL,27,420,,-10.745424962130803,0,0,0,0,,,,0.0009025000035762787,0.0009854999952949584,4.850002005696297e-05,0.03832490000058897,0.051502899994375184,0.0524528999812901,0.002960799989523366,0.002819899993482977,0.002797399996779859,0.00523450001492165,0.00019600000814534724
0.1,Linear BTL,28,448,,-1.9322134001621716,0,0,0,0,,,,0.0008204999903682619,0.0008389000140596181,5.23999915458262e-05,0.04112949999398552,0.05569199999445118,0.04521270000259392,0.0030109999934211373,0.0028584999963641167,0.003062899981159717,0.0074717999959830195,0.00010789997759275138
0.1,Linear BTL,29,477,,-1.9732780035820006,0,0,0,0,,,,0.000903200008906424,0.0010234999936074018,4.990000161342323e-05,0.036888299975544214,0.04843789999722503,0.05156330001773313,0.0029878999921493232,0.0034585999965202063,0.0072060999809764326,0.0028421999886631966,0.00010500001371838152
0.1,Linear BTL,30,507,,-4.794531024526121,0,1,0,1,,,,0.0009726999851409346,0.0009925999911502004,5.2400020649656653e-05,0.0369805000082124,0.047718599991640076,0.0558698000095319,0.005848999979207292,0.003169000003254041,0.003255799994803965,0.0029537999944295734,0.00010720000136643648
0.1,Linear BTL,31,538,,-1.9227517579344842,0,0,0,0,,,,0.0007593999907840043,0.0027914999809581786,0.000152299995534122,0.02866179999546148,0.054666100011672825,0.08281120000174269,0.009142299997620285,0.003079499991144985,0.0036312000011093915,0.0030227999959606677,0.00018510001245886087
0.1,Linear BTL,32,570,,-0.11388772879062152,0,0,0,0,,,,0.002153700013877824,0.0029494999907910824,5.9600017266348004e-05,0.03871239998261444,0.08364849997451529,0.07656180000049062,0.004684600018663332,0.003328200022224337,0.0032971999899018556,0.00381949997972697,0.00017100002150982618
0.1,Linear BTL,33,603,,-4.782816718614878,0,0,0,0,,,,0.007769099989673123,0.0018151999975088984,6.250001024454832e-05,0.044262099982006475,0.05091530000208877,0.014228100015316159,0.0028975000022910535,0.0028771999932359904,0.003706799994688481,0.004474300018046051,0.0001060000213328749
0.1,Linear BTL,34,637,,-0.18731509161537216,0,0,0,0,,,,0.0007689000049140304,0.0008851000166032463,4.8299989430233836e-05,0.0374178999918513,0.04488519998267293,0.04852740000933409,0.0029233999957796186,0.0027747999993152916,0.002745600009802729,0.0035755000135395676,0.00017129999469034374
0.1,Linear BTL,35,672,,-5.78296721191608,0,0,0,0,,,,0.0007516999903600663,0.0008226999780163169,4.6900007873773575e-05,0.03776209999341518,0.04970949998823926,0.029150900023523718,0.002904099994339049,0.002763500000583008,0.0028772999939974397,0.0033491000067442656,0.00010619999375194311
0.1,Linear BTL,36,708,,-6.146645097656139,0,0,0,0,,,,0.005077000008895993,0.0009461999870836735,4.770001396536827e-05,0.035674999991897494,0.06028609999339096,0.04040949998307042,0.007948299986310303,0.002831599995261058,0.0028033000126015395,0.0034354999952483922,0.00010549998842179775
0.1,Linear BTL,37,745,,-0.8500023050274268,0,0,0,0,,,,0.002184800017857924,0.001978300017071888,5.3499999921768904e-05,0.041787699999986216,0.04738370000268333,0.059777800022857264,0.00624499999685213,0.003936799999792129,0.0032651000074110925,0.003260600002249703,0.00017240000306628644
0.1,Linear BTL,38,783,,-3.8201501421947746,0,0,0,0,,,,0.0018838999967556447,0.0008917000086512417,5.530001362785697e-05,0.033034599997336045,0.04435760001069866,0.03064090001862496,0.008226600009948015,0.003993499994976446,0.005682399991201237,0.009553899988532066,0.00026050000451505184
0.1,Linear BTL,39,822,,-6.692371655861879,0,0,0,0,,,,0.00149940000846982,0.0014451999741140753,6.17999758105725e-05,0.03257129999110475,0.055922500003362074,0.036248299991711974,0.00394399999640882,0.00323579998803325,0.005785400018794462,0.0033133999968413264,0.00010730000212788582
0.1,Linear BTL,40,862,,-11.448255865272454,0,1,0,1,,,,0.000766699988162145,0.0009149000106845051,4.710000939667225e-05,0.11498919999576174,0.2830015000072308,0.0880503999942448,0.0057591999939177185,0.003802099992753938,0.0030906999891158193,0.003317599999718368,0.00010900001507252455
0.1,Linear BTL,41,903,,-6.6925293394458585,0,1,0,1,,,,0.000752799998736009,0.0009459999855607748,4.650000482797623e-05,0.10728149997885339,0.0592676000087522,0.04878159999498166,0.005561799975112081,0.005832900002133101,0.0061409999907482415,0.007657699985429645,0.00010649999603629112
0.1,Linear BTL,42,945,,-4.128051668651071,0,0,0,0,,,,0.0007622999837622046,0.001336699991952628,0.00014009998994879425,0.039806999993743375,0.06433749999268912,0.042847300006542355,0.013883800012990832,0.01736719999462366,0.00908960000379011,0.009701100003439933,0.00031159998616203666
0.1,Linear BTL,43,988,,-1.9119653818302527,0,0,0,0,,,,0.0009128999954555184,0.0011826000118162483,6.44999963697046e-05,0.08440120000159368,0.06287180000799708,0.07589899998856708,0.008156999974744394,0.010957499995129183,0.007831300026737154,0.012088899995433167,0.0002750999992713332
0.1,Linear BTL,44,1032,,-8.44485853260345,0,0,0,0,,,,0.002106700005242601,0.0013330999936442822,7.879998884163797e-05,0.05139799998141825,0.05917720001889393,0.059728499996708706,0.009993999992730096,0.0032761000038590282,0.003595999995013699,0.004664499982027337,0.00010800000745803118
0.1,Linear BTL,45,1077,,-4.2376011825562765,0,0,0,0,,,,0.0008927999879233539,0.0008940999978221953,6.0999998822808266e-05,0.04024030000437051,0.06391149997944012,0.03153440001187846,0.0030291999864857644,0.003508599998895079,0.007515499979490414,0.0029097000078763813,0.0001050999853760004
0.1,Linear BTL,46,1123,,-6.31514018224367,0,0,0,0,,,,0.000890900002559647,0.0010895000013988465,5.23999915458262e-05,0.049101099983090535,0.04769019997911528,0.03627260000212118,0.003028100007213652,0.005020999989937991,0.0027686000103130937,0.002745000005234033,0.00010570001904852688
0.1,Linear BTL,47,1170,,-6.849586484992107,0,0,0,0,,,,0.0012132000119891018,0.0017142999859061092,8.490000618621707e-05,0.0451652999909129,0.07665430000633933,0.04665870001190342,0.002972900023451075,0.006082699983380735,0.003027500002644956,0.002965699997730553,0.00010760000441223383
0.1,Linear BTL,48,1218,,-1.9096861269726342,0,0,0,0,,,,0.000765799981309101,0.0009645999816711992,0.00014980000560171902,0.044100900006014854,0.06127879998530261,0.06827429999248125,0.004213300009723753,0.0030103999888524413,0.0028108999831601977,0.007639600022230297,0.0002690000110305846
0.1,Linear BTL,49,1267,,-2.370431009043993,0,0,0,0,,,,0.0013310999784152955,0.004037800012156367,6.900000153109431e-05,0.044592499994905666,0.04907660000026226,0.06936440002755262,0.004749200015794486,0.006017700012307614,0.005706099997041747,0.0035112999903503805,0.0001849000109359622
0.2,LP2 ($ 	heta $ Only),0,42,0.0,,0,0,0,0,0.0,0.0,100.0,0.0010099999781232327,0.0018367000157013535,8.779999916441739e-05,0.05054820000077598,0.053889800008619204,0.03332700001192279,0.003489299997454509,0.003395499981706962,0.004977599979611114,0.0028458999877329916,0.00010570001904852688
0.2,LP2 ($ 	heta $ Only),1,43,0.0,,0,0,0,0,0.0,0.0,100.0,0.0008122999861370772,0.001195100019685924,5.849997978657484e-05,0.03266300001996569,0.05561099998885766,0.04284839998581447,0.0033937999978661537,0.0033039999834727496,0.0029722999897785485,0.004870300006587058,0.00018580001778900623
0.2,LP2 ($ 	heta $ Only),2,45,0.0,,0,0,0,0,0.0,0.0,100.0,0.0007602999976370484,0.0008524000004399568,4.980000085197389e-05,0.036944399995263666,0.05538650002563372,0.031237499992130324,0.004316699982155114,0.003009999985806644,0.0029375000158324838,0.0029292000108398497,0.00011160000576637685
0.2,LP2 ($ 	heta $ Only),3,48,0.0,,0,0,0,0,0.0,0.0,100.0,0.0007628999883309007,0.0008236999856308103,5.4100004490464926e-05,0.030343899998115376,0.054482299980008975,0.04681139998137951,0.0037834999966435134,0.003910800005542114,0.005373199994210154,0.002834899991285056,0.00011369999265298247
0.2,LP2 ($ 	heta $ Only),4,52,0.0,,0,0,0,0,0.0,0.0,100.0,0.0007559000223409384,0.0008900999964680523,6.170000415295362e-05,0.05344570000306703,0.061273900006199256,0.05262689999653958,0.012334200000623241,0.004911700001684949,0.008752399997320026,0.006475400005001575,0.0002579999854788184
0.2,LP2 ($ 	heta $ Only),5,57,0.0,,0,0,0,0,0.0,0.0,100.0,0.001890799991087988,0.004526600008830428,9.780001710169017e-05,0.05886220000684261,0.055541900015668944,0.06340800001635216,0.0057320000196341425,0.007714400009717792,0.010444200015626848,0.0031242999830283225,0.00011180000728927553
0.2,LP2 ($ 	heta $ Only),6,63,0.0,,2,0,0,0,0.0,0.0,100.0,0.0038634999946225435,0.0013104999961797148,0.00013080000644549727,0.041204200009815395,0.04372760001569986,0.023555199994007125,0.004065199987962842,0.0028928999963682145,0.002853300014976412,0.007941799995023757,0.0001162000116892159
0.2,LP2 ($ 	heta $ Only),7,70,0.0,,0,0,0,0,0.0,0.0,100.0,0.000831299985293299,0.0010175000061281025,5.3099996875971556e-05,0.051602200022898614,0.05161749999388121,0.051615300006233156,0.007410200021695346,0.006057399994460866,0.002960799989523366,0.006557000015163794,0.00010749997454695404
0.2,LP2 ($ 	heta $ Only),8,78,0.0,,0,0,0,0,0.0,0.0,100.0,0.0010665000008884817,0.0008735999872442335,4.850002005696297e-05,0.04131440000492148,0.04944010000326671,0.06846389998099767,0.007486699993023649,0.003809899993939325,0.0034596000041346997,0.005632300017168745,0.0006770000036340207
0.2,LP2 ($ 	heta $ Only),9,87,0.0,,0,0,0,0,0.0,0.0,100.0,0.0009595000010449439,0.0013649999746121466,6.029999349266291e-05,0.036557899991748855,0.046440100006293505,0.018765499989967793,0.002943500003311783,0.004445900005521253,0.002892000018619001,0.002818999986629933,0.00010550001752562821
0.2,LP2 ($ 	heta $ Only),10,97,0.0,,0,0,0,0,0.0,0.0,100.0,0.0035721999884117395,0.0008834999753162265,4.759998410008848e-05,0.03775130002759397,0.06417739999596961,0.052670500008389354,0.006320700020296499,0.00907780000125058,0.0033244999940507114,0.003942000010283664,0.00018499998259358108
0.2,LP2 ($ 	heta $ Only),11,108,0.0,,2,0,0,0,0.0,0.0,100.0,0.0007526999979745597,0.00257800001418218,0.00018210001871921122,0.04547289997572079,0.05207659999723546,0.023184999998193234,0.005632900021737441,0.0034013999975286424,0.0031864999909885228,0.002454300003591925,9.799998952075839e-05
0.2,LP2 ($ 	heta $ Only),12,120,0.0,,0,0,0,0,0.0,0.0,100.0,0.000757400004658848,0.0009506999922450632,4.7600013203918934e-05,0.03455829998711124,0.048683400003938004,0.23508070001844317,0.006417099997634068,0.019343499996466562,0.0059080999926663935,0.004909199982648715,0.00043819998973049223
0.2,LP2 ($ 	heta $ Only),13,133,0.0,,0,0,0,0,0.0,0.0,100.0,0.0020902999967802316,0.0028318999975454062,9.590000263415277e-05,0.049484999995911494,0.04957989999093115,0.03431719998479821,0.00852509998367168,0.0029298000154085457,0.0029206000035628676,0.004322399996453896,0.00037739999243058264
0.2,LP2 ($ 	heta $ Only),14,147,0.0,,0,0,0,0,0.0,0.0,100.0,0.004354599979706109,0.0015383000136353076,7.089998689480126e-05,0.05361219999031164,0.050510100001702085,0.05711160000646487,0.006242400006158277,0.00398839998524636,0.0032936000206973404,0.00327729998389259,0.00018439997802488506
0.2,LP2 ($ 	heta $ Only),15,162,0.0,,0,0,0,0,0.0,0.0,100.0,0.003285299986600876,0.0011873999901581556,6.089999806135893e-05,0.03349510001135059,0.05223099997965619,0.03103519999422133,0.007002500002272427,0.00515599999926053,0.003484500019112602,0.004728400002932176,0.000742900010664016
0.2,LP2 ($ 	heta $ Only),16,178,0.0,,0,0,0,0,0.0,0.0,100.0,0.0012597999884746969,0.0010165999992750585,4.810001701116562e-05,0.03633810000610538,0.04647940001450479,0.04244989997823723,0.0038386000087484717,0.0033044999872799963,0.00312619999749586,0.0029648999916389585,0.00011470000026747584
0.2,LP2 ($ 	heta $ Only),17,195,0.0,,0,0,0,0,0.0,0.0,100.0,0.0007510999857913703,0.000954500021180138,4.740001168102026e-05,0.027746599982492626,0.06190309999510646,0.059184699988691136,0.0030821000109426677,0.006430900015402585,0.0029212000081315637,0.0028990000137127936,0.00010499998461455107
0.2,LP2 ($ 	heta $ Only),18,213,0.0,,0,0,0,0,0.0,0.0,100.0,0.0007485000242013484,0.0008536999812349677,4.709998029284179e-05,0.035945699986768886,0.055569699994521216,0.04409139999188483,0.0035275999980513006,0.004569000011542812,0.002897099999245256,0.002887100010411814,0.00010770000517368317
0.2,LP2 ($ 	heta $ Only),19,232,0.0,,0,0,0,0,0.0,0.0,100.0,0.004378499987069517,0.0013965000107418746,0.00010050000855699182,0.04153049999149516,0.04822430000058375,0.021944900014204904,0.0034401000011712313,0.004217199981212616,0.005064400000264868,0.0033146000059787184,0.00018400000408291817
0.2,LP2 ($ 	heta $ Only),20,252,0.0,,0,0,0,0,0.0,0.0,100.0,0.0007511000148952007,0.0009358000243082643,4.859999171458185e-05,0.0423515000147745,0.04978299999493174,0.04152800000156276,0.003549400018528104,0.003413200000068173,0.003385599993634969,0.004103000013856217,0.00011260001338087022
0.2,LP2 ($ 	heta $ Only),21,273,0.0,,0,0,0,0,0.0,0.0,100.0,0.0036158000002615154,0.0009188000112771988,5.289999535307288e-05,0.05179090000456199,0.06034389999695122,0.028551700001116842,0.003738700004760176,0.0029288000077940524,0.005702900001779199,0.003686100011691451,0.0001852999848779291
0.2,LP2 ($ 	heta $ Only),22,295,0.0,,0,0,0,0,0.0,0.0,100.0,0.0007688000041525811,0.0011240000021643937,5.940001574344933e-05,0.03250540001317859,0.054633399995509535,0.028373899986036122,0.0031076000013854355,0.0028107999823987484,0.005779600003734231,0.0034358000266365707,0.0001100999943446368
0.2,LP2 ($ 	heta $ Only),23,318,0.0,,0,0,0,0,0.0,0.0,100.0,0.0007617000082973391,0.0008664999913889915,4.7900015488266945e-05,0.03301600000122562,0.05979119997937232,0.042860799992922693,0.00315579999005422,0.002950599999167025,0.0029526999860536307,0.004368699999758974,0.00011920000542886555
0.2,LP2 ($ 	heta $ Only),24,342,0.0,,0,0,0,0,0.0,0.0,100.0,0.0007577000069431961,0.0008817999914754182,4.6900007873773575e-05,0.03781079998589121,0.04759650002233684,0.053897300007520244,0.0039052999927662313,0.0031669999880250543,0.0033149000082630664,0.010033200000179932,0.00027520000003278255
0.2,LP2 ($ 	heta $ Only),25,367,0.0,,0,0,0,0,0.0,0.0,100.0,0.0009437999979127198,0.0013174999912735075,5.8699981309473515e-05,0.03637620000517927,0.056847100000595674,0.037723999994341284,0.0035648999910335988,0.0032759000023361295,0.0032663999882061034,0.0038292999961413443,0.0001900999923236668
0.2,LP2 ($ 	heta $ Only),26,393,0.0,,0,0,0,0,0.0,0.0,100.0,0.005163699999684468,0.0009324999991804361,4.600000102072954e-05,0.0357273000117857,0.05809199999202974,0.03742549999151379,0.005174899997655302,0.003576299990527332,0.0029847999976482242,0.002980000019306317,0.00010519998613744974
0.2,LP2 ($ 	heta $ Only),27,420,0.0,,0,0,0,0,0.0,0.0,100.0,0.00428930000634864,0.0021656999888364226,7.300000288523734e-05,0.03965370001969859,0.04908379999687895,0.022687300021061674,0.003539700002875179,0.004015600017737597,0.0031867999932728708,0.0030014000076334924,0.00010699999984353781
0.2,LP2 ($ 	heta $ Only),28,448,0.0,,0,0,0,0,0.0,0.0,100.0,0.0008496999798808247,0.0009584000217728317,6.33999879937619e-05,0.03711279999697581,0.052631900005508214,0.040392099996097386,0.01197580000734888,0.006081499974243343,0.008380799990845844,0.010962100001052022,0.00039670002297498286
0.2,LP2 ($ 	heta $ Only),29,477,0.0,,0,0,0,0,0.0,0.0,100.0,0.0015181000053416938,0.001995600003283471,6.960000609979033e-05,0.04799039999488741,0.06154330002027564,0.02095310000004247,0.00525519999791868,0.004602299974067137,0.003927500016288832,0.003271199995651841,0.0001841000048443675
0.2,LP2 ($ 	heta $ Only),30,507,0.0,,0,0,0,0,0.0,0.0,100.0,0.000751899991882965,0.0009224000095855445,4.879999323748052e-05,0.037888499995460734,0.045686299999943,0.0420746999734547,0.0050448999973014,0.0029374000150710344,0.0029331000114325434,0.002962600003229454,0.00010790000669658184
0.2,LP2 ($ 	heta $ Only),31,538,0.0,,0,0,0,0,0.0,0.0,100.0,0.000753100001020357,0.0009048999927472323,5.4800009820610285e-05,0.03375380000215955,0.08146360001410358,0.03869499999564141,0.0037115000013727695,0.00533230000291951,0.003424700000323355,0.003368199977558106,0.00018360000103712082
0.2,LP2 ($ 	heta $ Only),32,570,0.0,,0,0,0,0,0.0,0.0,100.0,0.0007650000043213367,0.0008919000101741403,4.5900000259280205e-05,0.04235450000851415,0.05536620001657866,0.05830809997860342,0.0030106999911367893,0.0035954000195488334,0.007345399993937463,0.00303580000763759,0.00010599999222904444
0.2,LP2 ($ 	heta $ Only),33,603,0.0,,0,0,0,0,0.0,0.0,100.0,0.0009349999891128391,0.0010903000074904412,5.360000068321824e-05,0.04237139999167994,0.05611529998714104,0.0367858000099659,0.003423000016482547,0.003275399998528883,0.0038432000146713108,0.003571799985365942,0.00010649999603629112
0.2,LP2 ($ 	heta $ Only),34,637,0.0,,0,0,0,0,0.0,0.0,100.0,0.0034256000071763992,0.0009039999858941883,4.73999825771898e-05,0.03358799999114126,0.04796060000080615,0.03567230000044219,0.002992099995026365,0.005979400011710823,0.003235400014091283,0.0028147000120952725,0.00010529998689889908
0.2,LP2 ($ 	heta $ Only),35,672,0.0,,0,0,0,0,0.0,0.0,100.0,0.0007488999981433153,0.0008700000180397183,4.700000863522291e-05,0.04505549999885261,0.059291500016115606,0.02370849999715574,0.00370249999104999,0.007653799984836951,0.0030365000129677355,0.0029869000136386603,0.00010760000441223383
0.2,LP2 ($ 	heta $ Only),36,708,0.0,,0,0,0,0,0.0,0.0,100.0,0.001219199999468401,0.0008651999814901501,4.7299981815740466e-05,0.043336000002454966,0.053122199984500185,0.07748279999941587,0.007103199983248487,0.010952999989967793,0.01008219999494031,0.0035168999747838825,0.00020000000949949026
0.2,LP2 ($ 	heta $ Only),37,745,0.0,,0,0,0,0,0.0,0.0,100.0,0.0011909999884665012,0.0011579999991226941,5.6599994422867894e-05,0.052646800002548844,0.043619400006718934,0.06937300000572577,0.0030197000014595687,0.0034951000125147402,0.002800900023430586,0.0027830000035464764,0.00010720000136643648
0.2,LP2 ($ 	heta $ Only),38,783,0.0,,0,0,0,0,0.0,0.0,100.0,0.000749400001950562,0.0009803999855648726,4.640000406652689e-05,0.030423599993810058,0.05419979998259805,0.055944499996257946,0.003828599990811199,0.00822739998693578,0.007186900009401143,0.003910800005542114,0.0001858999894466251
0.2,LP2 ($ 	heta $ Only),39,822,0.0,,0,0,0,0,0.0,0.0,100.0,0.00256019999505952,0.0015571000112686306,6.480002775788307e-05,0.03795819997321814,0.04823830001987517,0.06393949998891912,0.0040025000052992254,0.0064950000087264925,0.004111899994313717,0.003435199992964044,0.00018470000941306353
0.2,LP2 ($ 	heta $ Only),40,862,0.0,,0,0,0,0,0.0,0.0,100.0,0.0007559000223409384,0.0008736999880056828,4.539999645203352e-05,0.03368979998049326,0.06047290001879446,0.0553856999904383,0.0037709999887738377,0.0029280000017024577,0.006099099991843104,0.002949999994598329,0.0001066999975591898
0.2,LP2 ($ 	heta $ Only),41,903,0.0,,0,0,0,0,0.0,0.0,100.0,0.0007597999938298017,0.0009294000046793371,4.640000406652689e-05,0.032219799992162734,0.05491669999901205,0.04356560000451282,0.003309599997010082,0.003284300008090213,0.0031352000078186393,0.005207699985476211,0.00010989999282173812
0.2,LP2 ($ 	heta $ Only),42,945,0.0,,0,0,0,0,0.0,0.0,100.0,0.0007479999912902713,0.0008380000072065741,4.640000406652689e-05,0.03920030000153929,0.05796919998829253,0.040510599996196106,0.003248699998948723,0.00614119999227114,0.04513240000233054,0.009684899996500462,0.00028020000900141895
0.2,LP2 ($ 	heta $ Only),43,988,0.0,,0,0,0,0,0.0,0.0,100.0,0.0014961000124458224,0.001808900007745251,0.00010629999451339245,0.12142460001632571,0.04924689998733811,0.057783399999607354,0.0049367000174243,0.00612199999159202,0.003925199998775497,0.0040092999988701195,0.0002230999816674739
0.2,LP2 ($ 	heta $ Only),44,1032,0.0,,0,0,0,0,0.0,0.0,100.0,0.000766399985877797,0.002284200018038973,7.910002022981644e-05,0.059890100004849955,0.06669519998831674,0.03658059998997487,0.0029221999866422266,0.006530399987241253,0.0033035000087693334,0.0037609999999403954,0.00010810000821948051
0.2,LP2 ($ 	heta $ Only),45,1077,0.0,,0,0,0,0,0.0,0.0,100.0,0.0007733999809715897,0.0008972999930847436,4.75000124424696e-05,0.048800300020957366,0.054953499988187104,0.03805050000664778,0.0034650999878067523,0.003878000017721206,0.0050836000009439886,0.002889600000344217,0.00010779997683130205
0.2,LP2 ($ 	heta $ Only),46,1123,0.0,,0,0,0,0,0.0,0.0,100.0,0.0036853000055998564,0.0009150999831035733,4.949999856762588e-05,0.0403128000034485,0.048692300013499334,0.05135729999165051,0.003141599998343736,0.0033229999826289713,0.006591500015929341,0.004455799993593246,0.00011900000390596688
0.2,LP2 ($ 	heta $ Only),47,1170,0.0,,0,0,0,0,0.0,0.0,100.0,0.0007943999953567982,0.0009302000107709318,4.73999825771898e-05,0.0380074999993667,0.045631100016180426,0.030764600000111386,0.0030635000148322433,0.002893700002459809,0.0029155999945942312,0.002894500008551404,0.00010490001295693219
0.2,LP2 ($ 	heta $ Only),48,1218,0.0,,0,0,0,0,0.0,0.0,100.0,0.004723599995486438,0.0008509999897796661,4.7900015488266945e-05,0.03417739999713376,0.04903699998976663,0.03812469998956658,0.007475999998860061,0.002928199974121526,0.002902899985201657,0.0035733999975491315,0.00010699999984353781
0.2,LP2 ($ 	heta $ Only),49,1267,0.0,,0,0,0,0,0.0,0.0,100.0,0.002507600001990795,0.001404300011927262,5.269999383017421e-05,0.04927069999394007,0.05476699999417178,0.029083200002787635,0.006930800009286031,0.002898200007621199,0.003319799987366423,0.0033381999819539487,0.00013760000001639128
0.2,LP3 ($ 	heta $ Only),0,42,0.0,,0,0,0,0,0.0,0.0,100.0,0.0010099999781232327,0.0018367000157013535,8.779999916441739e-05,0.05054820000077598,0.053889800008619204,0.03332700001192279,0.003489299997454509,0.003395499981706962,0.004977599979611114,0.0028458999877329916,0.00010570001904852688
0.2,LP3 ($ 	heta $ Only),1,43,0.0,,0,0,0,0,0.0,0.0,100.0,0.0008122999861370772,0.001195100019685924,5.849997978657484e-05,0.03266300001996569,0.05561099998885766,0.04284839998581447,0.0033937999978661537,0.0033039999834727496,0.0029722999897785485,0.004870300006587058,0.00018580001778900623
0.2,LP3 ($ 	heta $ Only),2,45,0.0,,0,0,0,0,0.0,0.0,100.0,0.0007602999976370484,0.0008524000004399568,4.980000085197389e-05,0.036944399995263666,0.05538650002563372,0.031237499992130324,0.004316699982155114,0.003009999985806644,0.0029375000158324838,0.0029292000108398497,0.00011160000576637685
0.2,LP3 ($ 	heta $ Only),3,48,0.0,,0,0,0,0,0.0,0.0,100.0,0.0007628999883309007,0.0008236999856308103,5.4100004490464926e-05,0.030343899998115376,0.054482299980008975,0.04681139998137951,0.0037834999966435134,0.003910800005542114,0.005373199994210154,0.002834899991285056,0.00011369999265298247
0.2,LP3 ($ 	heta $ Only),4,52,0.0,,0,0,0,0,0.0,0.0,100.0,0.0007559000223409384,0.0008900999964680523,6.170000415295362e-05,0.05344570000306703,0.061273900006199256,0.05262689999653958,0.012334200000623241,0.004911700001684949,0.008752399997320026,0.006475400005001575,0.0002579999854788184
0.2,LP3 ($ 	heta $ Only),5,57,0.0,,0,0,0,0,0.0,0.0,100.0,0.001890799991087988,0.004526600008830428,9.780001710169017e-05,0.05886220000684261,0.055541900015668944,0.06340800001635216,0.0057320000196341425,0.007714400009717792,0.010444200015626848,0.0031242999830283225,0.00011180000728927553
0.2,LP3 ($ 	heta $ Only),6,63,0.0,,2,0,0,0,0.0,0.0,100.0,0.0038634999946225435,0.0013104999961797148,0.00013080000644549727,0.041204200009815395,0.04372760001569986,0.023555199994007125,0.004065199987962842,0.0028928999963682145,0.002853300014976412,0.007941799995023757,0.0001162000116892159
0.2,LP3 ($ 	heta $ Only),7,70,0.0,,0,0,0,0,0.0,0.0,100.0,0.000831299985293299,0.0010175000061281025,5.3099996875971556e-05,0.051602200022898614,0.05161749999388121,0.051615300006233156,0.007410200021695346,0.006057399994460866,0.002960799989523366,0.006557000015163794,0.00010749997454695404
0.2,LP3 ($ 	heta $ Only),8,78,0.0,,0,0,0,0,0.0,0.0,100.0,0.0010665000008884817,0.0008735999872442335,4.850002005696297e-05,0.04131440000492148,0.04944010000326671,0.06846389998099767,0.007486699993023649,0.003809899993939325,0.0034596000041346997,0.005632300017168745,0.0006770000036340207
0.2,LP3 ($ 	heta $ Only),9,87,0.0,,0,0,0,0,0.0,0.0,100.0,0.0009595000010449439,0.0013649999746121466,6.029999349266291e-05,0.036557899991748855,0.046440100006293505,0.018765499989967793,0.002943500003311783,0.004445900005521253,0.002892000018619001,0.002818999986629933,0.00010550001752562821
0.2,LP3 ($ 	heta $ Only),10,97,0.0,,0,0,0,0,0.0,0.0,100.0,0.0035721999884117395,0.0008834999753162265,4.759998410008848e-05,0.03775130002759397,0.06417739999596961,0.052670500008389354,0.006320700020296499,0.00907780000125058,0.0033244999940507114,0.003942000010283664,0.00018499998259358108
0.2,LP3 ($ 	heta $ Only),11,108,0.0,,2,0,0,0,0.0,0.0,100.0,0.0007526999979745597,0.00257800001418218,0.00018210001871921122,0.04547289997572079,0.05207659999723546,0.023184999998193234,0.005632900021737441,0.0034013999975286424,0.0031864999909885228,0.002454300003591925,9.799998952075839e-05
0.2,LP3 ($ 	heta $ Only),12,120,0.0,,0,0,0,0,0.0,0.0,100.0,0.000757400004658848,0.0009506999922450632,4.7600013203918934e-05,0.03455829998711124,0.048683400003938004,0.23508070001844317,0.006417099997634068,0.019343499996466562,0.0059080999926663935,0.004909199982648715,0.00043819998973049223
0.2,LP3 ($ 	heta $ Only),13,133,0.0,,0,0,0,0,0.0,0.0,100.0,0.0020902999967802316,0.0028318999975454062,9.590000263415277e-05,0.049484999995911494,0.04957989999093115,0.03431719998479821,0.00852509998367168,0.0029298000154085457,0.0029206000035628676,0.004322399996453896,0.00037739999243058264
0.2,LP3 ($ 	heta $ Only),14,147,0.0,,0,0,0,0,0.0,0.0,100.0,0.004354599979706109,0.0015383000136353076,7.089998689480126e-05,0.05361219999031164,0.050510100001702085,0.05711160000646487,0.006242400006158277,0.00398839998524636,0.0032936000206973404,0.00327729998389259,0.00018439997802488506
0.2,LP3 ($ 	heta $ Only),15,162,0.0,,0,0,0,0,0.0,0.0,100.0,0.003285299986600876,0.0011873999901581556,6.089999806135893e-05,0.03349510001135059,0.05223099997965619,0.03103519999422133,0.007002500002272427,0.00515599999926053,0.003484500019112602,0.004728400002932176,0.000742900010664016
0.2,LP3 ($ 	heta $ Only),16,178,0.0,,0,0,0,0,0.0,0.0,100.0,0.0012597999884746969,0.0010165999992750585,4.810001701116562e-05,0.03633810000610538,0.04647940001450479,0.04244989997823723,0.0038386000087484717,0.0033044999872799963,0.00312619999749586,0.0029648999916389585,0.00011470000026747584
0.2,LP3 ($ 	heta $ Only),17,195,0.0,,0,0,0,0,0.0,0.0,100.0,0.0007510999857913703,0.000954500021180138,4.740001168102026e-05,0.027746599982492626,0.06190309999510646,0.059184699988691136,0.0030821000109426677,0.006430900015402585,0.0029212000081315637,0.0028990000137127936,0.00010499998461455107
0.2,LP3 ($ 	heta $ Only),18,213,0.0,,0,0,0,0,0.0,0.0,100.0,0.0007485000242013484,0.0008536999812349677,4.709998029284179e-05,0.035945699986768886,0.055569699994521216,0.04409139999188483,0.0035275999980513006,0.004569000011542812,0.002897099999245256,0.002887100010411814,0.00010770000517368317
0.2,LP3 ($ 	heta $ Only),19,232,0.0,,0,0,0,0,5.773159728050814e-15,16.666666666666668,83.33333333333333,0.004378499987069517,0.0013965000107418746,0.00010050000855699182,0.04153049999149516,0.04822430000058375,0.021944900014204904,0.0034401000011712313,0.004217199981212616,0.005064400000264868,0.0033146000059787184,0.00018400000408291817
0.2,LP3 ($ 	heta $ Only),20,252,0.0,,0,0,0,0,0.0,0.0,100.0,0.0007511000148952007,0.0009358000243082643,4.859999171458185e-05,0.0423515000147745,0.04978299999493174,0.04152800000156276,0.003549400018528104,0.003413200000068173,0.003385599993634969,0.004103000013856217,0.00011260001338087022
0.2,LP3 ($ 	heta $ Only),21,273,0.0,,0,0,0,0,0.0,0.0,100.0,0.0036158000002615154,0.0009188000112771988,5.289999535307288e-05,0.05179090000456199,0.06034389999695122,0.028551700001116842,0.003738700004760176,0.0029288000077940524,0.005702900001779199,0.003686100011691451,0.0001852999848779291
0.2,LP3 ($ 	heta $ Only),22,295,0.0,,0,0,0,0,0.0,0.0,100.0,0.0007688000041525811,0.0011240000021643937,5.940001574344933e-05,0.03250540001317859,0.054633399995509535,0.028373899986036122,0.0031076000013854355,0.0028107999823987484,0.005779600003734231,0.0034358000266365707,0.0001100999943446368
0.2,LP3 ($ 	heta $ Only),23,318,0.0,,0,0,0,0,0.0,0.0,100.0,0.0007617000082973391,0.0008664999913889915,4.7900015488266945e-05,0.03301600000122562,0.05979119997937232,0.042860799992922693,0.00315579999005422,0.002950599999167025,0.0029526999860536307,0.004368699999758974,0.00011920000542886555
0.2,LP3 ($ 	heta $ Only),24,342,0.0,,0,0,0,0,0.0,0.0,100.0,0.0007577000069431961,0.0008817999914754182,4.6900007873773575e-05,0.03781079998589121,0.04759650002233684,0.053897300007520244,0.0039052999927662313,0.0031669999880250543,0.0033149000082630664,0.010033200000179932,0.00027520000003278255
0.2,LP3 ($ 	heta $ Only),25,367,0.0,,0,0,0,0,0.0,0.0,100.0,0.0009437999979127198,0.0013174999912735075,5.8699981309473515e-05,0.03637620000517927,0.056847100000595674,0.037723999994341284,0.0035648999910335988,0.0032759000023361295,0.0032663999882061034,0.0038292999961413443,0.0001900999923236668
0.2,LP3 ($ 	heta $ Only),26,393,0.0,,0,0,0,0,0.0,0.0,100.0,0.005163699999684468,0.0009324999991804361,4.600000102072954e-05,0.0357273000117857,0.05809199999202974,0.03742549999151379,0.005174899997655302,0.003576299990527332,0.0029847999976482242,0.002980000019306317,0.00010519998613744974
0.2,LP3 ($ 	heta $ Only),27,420,0.0,,0,0,0,0,0.0,0.0,100.0,0.00428930000634864,0.0021656999888364226,7.300000288523734e-05,0.03965370001969859,0.04908379999687895,0.022687300021061674,0.003539700002875179,0.004015600017737597,0.0031867999932728708,0.0030014000076334924,0.00010699999984353781
0.2,LP3 ($ 	heta $ Only),28,448,0.0,,0,0,0,0,0.0,0.0,100.0,0.0008496999798808247,0.0009584000217728317,6.33999879937619e-05,0.03711279999697581,0.052631900005508214,0.040392099996097386,0.01197580000734888,0.006081499974243343,0.008380799990845844,0.010962100001052022,0.00039670002297498286
0.2,LP3 ($ 	heta $ Only),29,477,0.0,,0,0,0,0,0.0,0.0,100.0,0.0015181000053416938,0.001995600003283471,6.960000609979033e-05,0.04799039999488741,0.06154330002027564,0.02095310000004247,0.00525519999791868,0.004602299974067137,0.003927500016288832,0.003271199995651841,0.0001841000048443675
0.2,LP3 ($ 	heta $ Only),30,507,0.0,,0,0,0,0,0.0,0.0,100.0,0.000751899991882965,0.0009224000095855445,4.879999323748052e-05,0.037888499995460734,0.045686299999943,0.0420746999734547,0.0050448999973014,0.0029374000150710344,0.0029331000114325434,0.002962600003229454,0.00010790000669658184
0.2,LP3 ($ 	heta $ Only),31,538,0.0,,0,0,0,0,0.0,0.0,100.0,0.000753100001020357,0.0009048999927472323,5.4800009820610285e-05,0.03375380000215955,0.08146360001410358,0.03869499999564141,0.0037115000013727695,0.00533230000291951,0.003424700000323355,0.003368199977558106,0.00018360000103712082
0.2,LP3 ($ 	heta $ Only),32,570,0.0,,0,0,0,0,0.0,0.0,100.0,0.0007650000043213367,0.0008919000101741403,4.5900000259280205e-05,0.04235450000851415,0.05536620001657866,0.05830809997860342,0.0030106999911367893,0.0035954000195488334,0.007345399993937463,0.00303580000763759,0.00010599999222904444
0.2,LP3 ($ 	heta $ Only),33,603,0.0,,0,0,0,0,0.0,0.0,100.0,0.0009349999891128391,0.0010903000074904412,5.360000068321824e-05,0.04237139999167994,0.05611529998714104,0.0367858000099659,0.003423000016482547,0.003275399998528883,0.0038432000146713108,0.003571799985365942,0.00010649999603629112
0.2,LP3 ($ 	heta $ Only),34,637,0.0,,0,0,0,0,0.0,0.0,100.0,0.0034256000071763992,0.0009039999858941883,4.73999825771898e-05,0.03358799999114126,0.04796060000080615,0.03567230000044219,0.002992099995026365,0.005979400011710823,0.003235400014091283,0.0028147000120952725,0.00010529998689889908
0.2,LP3 ($ 	heta $ Only),35,672,0.0,,0,0,0,0,0.0,0.0,100.0,0.0007488999981433153,0.0008700000180397183,4.700000863522291e-05,0.04505549999885261,0.059291500016115606,0.02370849999715574,0.00370249999104999,0.007653799984836951,0.0030365000129677355,0.0029869000136386603,0.00010760000441223383
0.2,LP3 ($ 	heta $ Only),36,708,0.0,,0,0,0,0,0.0,0.0,100.0,0.001219199999468401,0.0008651999814901501,4.7299981815740466e-05,0.043336000002454966,0.053122199984500185,0.07748279999941587,0.007103199983248487,0.010952999989967793,0.01008219999494031,0.0035168999747838825,0.00020000000949949026
0.2,LP3 ($ 	heta $ Only),37,745,0.0,,0,0,0,0,0.0,0.0,100.0,0.0011909999884665012,0.0011579999991226941,5.6599994422867894e-05,0.052646800002548844,0.043619400006718934,0.06937300000572577,0.0030197000014595687,0.0034951000125147402,0.002800900023430586,0.0027830000035464764,0.00010720000136643648
0.2,LP3 ($ 	heta $ Only),38,783,0.0,,0,0,0,0,0.0,0.0,100.0,0.000749400001950562,0.0009803999855648726,4.640000406652689e-05,0.030423599993810058,0.05419979998259805,0.055944499996257946,0.003828599990811199,0.00822739998693578,0.007186900009401143,0.003910800005542114,0.0001858999894466251
0.2,LP3 ($ 	heta $ Only),39,822,0.0,,0,0,0,0,0.0,0.0,100.0,0.00256019999505952,0.0015571000112686306,6.480002775788307e-05,0.03795819997321814,0.04823830001987517,0.06393949998891912,0.0040025000052992254,0.0064950000087264925,0.004111899994313717,0.003435199992964044,0.00018470000941306353
0.2,LP3 ($ 	heta $ Only),40,862,0.0,,0,0,0,0,0.0,0.0,100.0,0.0007559000223409384,0.0008736999880056828,4.539999645203352e-05,0.03368979998049326,0.06047290001879446,0.0553856999904383,0.0037709999887738377,0.0029280000017024577,0.006099099991843104,0.002949999994598329,0.0001066999975591898
0.2,LP3 ($ 	heta $ Only),41,903,0.0,,0,0,0,0,0.0,0.0,100.0,0.0007597999938298017,0.0009294000046793371,4.640000406652689e-05,0.032219799992162734,0.05491669999901205,0.04356560000451282,0.003309599997010082,0.003284300008090213,0.0031352000078186393,0.005207699985476211,0.00010989999282173812
0.2,LP3 ($ 	heta $ Only),42,945,0.0,,0,0,0,0,0.0,0.0,100.0,0.0007479999912902713,0.0008380000072065741,4.640000406652689e-05,0.03920030000153929,0.05796919998829253,0.040510599996196106,0.003248699998948723,0.00614119999227114,0.04513240000233054,0.009684899996500462,0.00028020000900141895
0.2,LP3 ($ 	heta $ Only),43,988,0.0,,0,0,0,0,0.0,0.0,100.0,0.0014961000124458224,0.001808900007745251,0.00010629999451339245,0.12142460001632571,0.04924689998733811,0.057783399999607354,0.0049367000174243,0.00612199999159202,0.003925199998775497,0.0040092999988701195,0.0002230999816674739
0.2,LP3 ($ 	heta $ Only),44,1032,0.0,,0,0,0,0,0.0,0.0,100.0,0.000766399985877797,0.002284200018038973,7.910002022981644e-05,0.059890100004849955,0.06669519998831674,0.03658059998997487,0.0029221999866422266,0.006530399987241253,0.0033035000087693334,0.0037609999999403954,0.00010810000821948051
0.2,LP3 ($ 	heta $ Only),45,1077,0.0,,0,0,0,0,0.0,0.0,100.0,0.0007733999809715897,0.0008972999930847436,4.75000124424696e-05,0.048800300020957366,0.054953499988187104,0.03805050000664778,0.0034650999878067523,0.003878000017721206,0.0050836000009439886,0.002889600000344217,0.00010779997683130205
0.2,LP3 ($ 	heta $ Only),46,1123,0.0,,0,0,0,0,0.0,0.0,100.0,0.0036853000055998564,0.0009150999831035733,4.949999856762588e-05,0.0403128000034485,0.048692300013499334,0.05135729999165051,0.003141599998343736,0.0033229999826289713,0.006591500015929341,0.004455799993593246,0.00011900000390596688
0.2,LP3 ($ 	heta $ Only),47,1170,0.0,,0,0,0,0,0.0,0.0,100.0,0.0007943999953567982,0.0009302000107709318,4.73999825771898e-05,0.0380074999993667,0.045631100016180426,0.030764600000111386,0.0030635000148322433,0.002893700002459809,0.0029155999945942312,0.002894500008551404,0.00010490001295693219
0.2,LP3 ($ 	heta $ Only),48,1218,0.0,,0,0,0,0,0.0,0.0,100.0,0.004723599995486438,0.0008509999897796661,4.7900015488266945e-05,0.03417739999713376,0.04903699998976663,0.03812469998956658,0.007475999998860061,0.002928199974121526,0.002902899985201657,0.0035733999975491315,0.00010699999984353781
0.2,LP3 ($ 	heta $ Only),49,1267,0.0,,0,0,0,0,0.0,0.0,100.0,0.002507600001990795,0.001404300011927262,5.269999383017421e-05,0.04927069999394007,0.05476699999417178,0.029083200002787635,0.006930800009286031,0.002898200007621199,0.003319799987366423,0.0033381999819539487,0.00013760000001639128
0.2,Weighted LP3 ($ 	heta $ Only),0,42,0.0,,0,0,0,0,0.0,0.0,100.0,0.0010099999781232327,0.0018367000157013535,8.779999916441739e-05,0.05054820000077598,0.053889800008619204,0.03332700001192279,0.003489299997454509,0.003395499981706962,0.004977599979611114,0.0028458999877329916,0.00010570001904852688
0.2,Weighted LP3 ($ 	heta $ Only),1,43,0.0,,0,0,0,0,0.0,0.0,100.0,0.0008122999861370772,0.001195100019685924,5.849997978657484e-05,0.03266300001996569,0.05561099998885766,0.04284839998581447,0.0033937999978661537,0.0033039999834727496,0.0029722999897785485,0.004870300006587058,0.00018580001778900623
0.2,Weighted LP3 ($ 	heta $ Only),2,45,0.0,,0,0,0,0,0.0,0.0,100.0,0.0007602999976370484,0.0008524000004399568,4.980000085197389e-05,0.036944399995263666,0.05538650002563372,0.031237499992130324,0.004316699982155114,0.003009999985806644,0.0029375000158324838,0.0029292000108398497,0.00011160000576637685
0.2,Weighted LP3 ($ 	heta $ Only),3,48,0.0,,0,0,0,0,0.0,0.0,100.0,0.0007628999883309007,0.0008236999856308103,5.4100004490464926e-05,0.030343899998115376,0.054482299980008975,0.04681139998137951,0.0037834999966435134,0.003910800005542114,0.005373199994210154,0.002834899991285056,0.00011369999265298247
0.2,Weighted LP3 ($ 	heta $ Only),4,52,0.0,,0,0,0,0,0.0,0.0,100.0,0.0007559000223409384,0.0008900999964680523,6.170000415295362e-05,0.05344570000306703,0.061273900006199256,0.05262689999653958,0.012334200000623241,0.004911700001684949,0.008752399997320026,0.006475400005001575,0.0002579999854788184
0.2,Weighted LP3 ($ 	heta $ Only),5,57,0.0,,0,0,0,0,0.0,0.0,100.0,0.001890799991087988,0.004526600008830428,9.780001710169017e-05,0.05886220000684261,0.055541900015668944,0.06340800001635216,0.0057320000196341425,0.007714400009717792,0.010444200015626848,0.0031242999830283225,0.00011180000728927553
0.2,Weighted LP3 ($ 	heta $ Only),6,63,0.0,,2,0,0,0,0.0,0.0,100.0,0.0038634999946225435,0.0013104999961797148,0.00013080000644549727,0.041204200009815395,0.04372760001569986,0.023555199994007125,0.004065199987962842,0.0028928999963682145,0.002853300014976412,0.007941799995023757,0.0001162000116892159
0.2,Weighted LP3 ($ 	heta $ Only),7,70,0.0,,0,0,0,0,0.0,0.0,100.0,0.000831299985293299,0.0010175000061281025,5.3099996875971556e-05,0.051602200022898614,0.05161749999388121,0.051615300006233156,0.007410200021695346,0.006057399994460866,0.002960799989523366,0.006557000015163794,0.00010749997454695404
0.2,Weighted LP3 ($ 	heta $ Only),8,78,0.0,,0,0,0,0,0.0,0.0,100.0,0.0010665000008884817,0.0008735999872442335,4.850002005696297e-05,0.04131440000492148,0.04944010000326671,0.06846389998099767,0.007486699993023649,0.003809899993939325,0.0034596000041346997,0.005632300017168745,0.0006770000036340207
0.2,Weighted LP3 ($ 	heta $ Only),9,87,0.0,,0,0,0,0,0.0,0.0,100.0,0.0009595000010449439,0.0013649999746121466,6.029999349266291e-05,0.036557899991748855,0.046440100006293505,0.018765499989967793,0.002943500003311783,0.004445900005521253,0.002892000018619001,0.002818999986629933,0.00010550001752562821
0.2,Weighted LP3 ($ 	heta $ Only),10,97,0.0,,0,0,0,0,0.0,0.0,100.0,0.0035721999884117395,0.0008834999753162265,4.759998410008848e-05,0.03775130002759397,0.06417739999596961,0.052670500008389354,0.006320700020296499,0.00907780000125058,0.0033244999940507114,0.003942000010283664,0.00018499998259358108
0.2,Weighted LP3 ($ 	heta $ Only),11,108,0.0,,2,0,0,0,0.0,0.0,100.0,0.0007526999979745597,0.00257800001418218,0.00018210001871921122,0.04547289997572079,0.05207659999723546,0.023184999998193234,0.005632900021737441,0.0034013999975286424,0.0031864999909885228,0.002454300003591925,9.799998952075839e-05
0.2,Weighted LP3 ($ 	heta $ Only),12,120,0.0,,0,0,0,0,0.0,0.0,100.0,0.000757400004658848,0.0009506999922450632,4.7600013203918934e-05,0.03455829998711124,0.048683400003938004,0.23508070001844317,0.006417099997634068,0.019343499996466562,0.0059080999926663935,0.004909199982648715,0.00043819998973049223
0.2,Weighted LP3 ($ 	heta $ Only),13,133,0.0,,0,0,0,0,0.0,0.0,100.0,0.0020902999967802316,0.0028318999975454062,9.590000263415277e-05,0.049484999995911494,0.04957989999093115,0.03431719998479821,0.00852509998367168,0.0029298000154085457,0.0029206000035628676,0.004322399996453896,0.00037739999243058264
0.2,Weighted LP3 ($ 	heta $ Only),14,147,0.0,,0,0,0,0,0.0,0.0,100.0,0.004354599979706109,0.0015383000136353076,7.089998689480126e-05,0.05361219999031164,0.050510100001702085,0.05711160000646487,0.006242400006158277,0.00398839998524636,0.0032936000206973404,0.00327729998389259,0.00018439997802488506
0.2,Weighted LP3 ($ 	heta $ Only),15,162,0.0,,0,0,0,0,0.0,0.0,100.0,0.003285299986600876,0.0011873999901581556,6.089999806135893e-05,0.03349510001135059,0.05223099997965619,0.03103519999422133,0.007002500002272427,0.00515599999926053,0.003484500019112602,0.004728400002932176,0.000742900010664016
0.2,Weighted LP3 ($ 	heta $ Only),16,178,0.0,,0,0,0,0,0.0,0.0,100.0,0.0012597999884746969,0.0010165999992750585,4.810001701116562e-05,0.03633810000610538,0.04647940001450479,0.04244989997823723,0.0038386000087484717,0.0033044999872799963,0.00312619999749586,0.0029648999916389585,0.00011470000026747584
0.2,Weighted LP3 ($ 	heta $ Only),17,195,0.0,,0,0,0,0,0.0,0.0,100.0,0.0007510999857913703,0.000954500021180138,4.740001168102026e-05,0.027746599982492626,0.06190309999510646,0.059184699988691136,0.0030821000109426677,0.006430900015402585,0.0029212000081315637,0.0028990000137127936,0.00010499998461455107
0.2,Weighted LP3 ($ 	heta $ Only),18,213,0.0,,0,0,0,0,0.0,0.0,100.0,0.0007485000242013484,0.0008536999812349677,4.709998029284179e-05,0.035945699986768886,0.055569699994521216,0.04409139999188483,0.0035275999980513006,0.004569000011542812,0.002897099999245256,0.002887100010411814,0.00010770000517368317
0.2,Weighted LP3 ($ 	heta $ Only),19,232,0.0,,0,0,0,0,5.773159728050814e-15,16.666666666666668,83.33333333333333,0.004378499987069517,0.0013965000107418746,0.00010050000855699182,0.04153049999149516,0.04822430000058375,0.021944900014204904,0.0034401000011712313,0.004217199981212616,0.005064400000264868,0.0033146000059787184,0.00018400000408291817
0.2,Weighted LP3 ($ 	heta $ Only),20,252,0.0,,0,0,0,0,0.0,0.0,100.0,0.0007511000148952007,0.0009358000243082643,4.859999171458185e-05,0.0423515000147745,0.04978299999493174,0.04152800000156276,0.003549400018528104,0.003413200000068173,0.003385599993634969,0.004103000013856217,0.00011260001338087022
0.2,Weighted LP3 ($ 	heta $ Only),21,273,0.0,,0,0,0,0,0.0,0.0,100.0,0.0036158000002615154,0.0009188000112771988,5.289999535307288e-05,0.05179090000456199,0.06034389999695122,0.028551700001116842,0.003738700004760176,0.0029288000077940524,0.005702900001779199,0.003686100011691451,0.0001852999848779291
0.2,Weighted LP3 ($ 	heta $ Only),22,295,0.0,,0,0,0,0,0.0,0.0,100.0,0.0007688000041525811,0.0011240000021643937,5.940001574344933e-05,0.03250540001317859,0.054633399995509535,0.028373899986036122,0.0031076000013854355,0.0028107999823987484,0.005779600003734231,0.0034358000266365707,0.0001100999943446368
0.2,Weighted LP3 ($ 	heta $ Only),23,318,0.0,,0,0,0,0,0.0,0.0,100.0,0.0007617000082973391,0.0008664999913889915,4.7900015488266945e-05,0.03301600000122562,0.05979119997937232,0.042860799992922693,0.00315579999005422,0.002950599999167025,0.0029526999860536307,0.004368699999758974,0.00011920000542886555
0.2,Weighted LP3 ($ 	heta $ Only),24,342,0.0,,0,0,0,0,0.0,0.0,100.0,0.0007577000069431961,0.0008817999914754182,4.6900007873773575e-05,0.03781079998589121,0.04759650002233684,0.053897300007520244,0.0039052999927662313,0.0031669999880250543,0.0033149000082630664,0.010033200000179932,0.00027520000003278255
0.2,Weighted LP3 ($ 	heta $ Only),25,367,0.0,,0,0,0,0,0.0,0.0,100.0,0.0009437999979127198,0.0013174999912735075,5.8699981309473515e-05,0.03637620000517927,0.056847100000595674,0.037723999994341284,0.0035648999910335988,0.0032759000023361295,0.0032663999882061034,0.0038292999961413443,0.0001900999923236668
0.2,Weighted LP3 ($ 	heta $ Only),26,393,0.0,,0,0,0,0,0.0,0.0,100.0,0.005163699999684468,0.0009324999991804361,4.600000102072954e-05,0.0357273000117857,0.05809199999202974,0.03742549999151379,0.005174899997655302,0.003576299990527332,0.0029847999976482242,0.002980000019306317,0.00010519998613744974
0.2,Weighted LP3 ($ 	heta $ Only),27,420,0.0,,0,0,0,0,0.0,0.0,100.0,0.00428930000634864,0.0021656999888364226,7.300000288523734e-05,0.03965370001969859,0.04908379999687895,0.022687300021061674,0.003539700002875179,0.004015600017737597,0.0031867999932728708,0.0030014000076334924,0.00010699999984353781
0.2,Weighted LP3 ($ 	heta $ Only),28,448,0.0,,0,0,0,0,0.0,0.0,100.0,0.0008496999798808247,0.0009584000217728317,6.33999879937619e-05,0.03711279999697581,0.052631900005508214,0.040392099996097386,0.01197580000734888,0.006081499974243343,0.008380799990845844,0.010962100001052022,0.00039670002297498286
0.2,Weighted LP3 ($ 	heta $ Only),29,477,0.0,,0,0,0,0,0.0,0.0,100.0,0.0015181000053416938,0.001995600003283471,6.960000609979033e-05,0.04799039999488741,0.06154330002027564,0.02095310000004247,0.00525519999791868,0.004602299974067137,0.003927500016288832,0.003271199995651841,0.0001841000048443675
0.2,Weighted LP3 ($ 	heta $ Only),30,507,0.0,,0,0,0,0,0.0,0.0,100.0,0.000751899991882965,0.0009224000095855445,4.879999323748052e-05,0.037888499995460734,0.045686299999943,0.0420746999734547,0.0050448999973014,0.0029374000150710344,0.0029331000114325434,0.002962600003229454,0.00010790000669658184
0.2,Weighted LP3 ($ 	heta $ Only),31,538,0.0,,0,0,0,0,0.0,0.0,100.0,0.000753100001020357,0.0009048999927472323,5.4800009820610285e-05,0.03375380000215955,0.08146360001410358,0.03869499999564141,0.0037115000013727695,0.00533230000291951,0.003424700000323355,0.003368199977558106,0.00018360000103712082
0.2,Weighted LP3 ($ 	heta $ Only),32,570,0.0,,0,0,0,0,0.0,0.0,100.0,0.0007650000043213367,0.0008919000101741403,4.5900000259280205e-05,0.04235450000851415,0.05536620001657866,0.05830809997860342,0.0030106999911367893,0.0035954000195488334,0.007345399993937463,0.00303580000763759,0.00010599999222904444
0.2,Weighted LP3 ($ 	heta $ Only),33,603,0.0,,0,0,0,0,0.0,0.0,100.0,0.0009349999891128391,0.0010903000074904412,5.360000068321824e-05,0.04237139999167994,0.05611529998714104,0.0367858000099659,0.003423000016482547,0.003275399998528883,0.0038432000146713108,0.003571799985365942,0.00010649999603629112
0.2,Weighted LP3 ($ 	heta $ Only),34,637,0.0,,0,0,0,0,0.0,0.0,100.0,0.0034256000071763992,0.0009039999858941883,4.73999825771898e-05,0.03358799999114126,0.04796060000080615,0.03567230000044219,0.002992099995026365,0.005979400011710823,0.003235400014091283,0.0028147000120952725,0.00010529998689889908
0.2,Weighted LP3 ($ 	heta $ Only),35,672,0.0,,0,0,0,0,0.0,0.0,100.0,0.0007488999981433153,0.0008700000180397183,4.700000863522291e-05,0.04505549999885261,0.059291500016115606,0.02370849999715574,0.00370249999104999,0.007653799984836951,0.0030365000129677355,0.0029869000136386603,0.00010760000441223383
0.2,Weighted LP3 ($ 	heta $ Only),36,708,0.0,,0,0,0,0,0.0,0.0,100.0,0.001219199999468401,0.0008651999814901501,4.7299981815740466e-05,0.043336000002454966,0.053122199984500185,0.07748279999941587,0.007103199983248487,0.010952999989967793,0.01008219999494031,0.0035168999747838825,0.00020000000949949026
0.2,Weighted LP3 ($ 	heta $ Only),37,745,0.0,,0,0,0,0,0.0,0.0,100.0,0.0011909999884665012,0.0011579999991226941,5.6599994422867894e-05,0.052646800002548844,0.043619400006718934,0.06937300000572577,0.0030197000014595687,0.0034951000125147402,0.002800900023430586,0.0027830000035464764,0.00010720000136643648
0.2,Weighted LP3 ($ 	heta $ Only),38,783,0.0,,0,0,0,0,0.0,0.0,100.0,0.000749400001950562,0.0009803999855648726,4.640000406652689e-05,0.030423599993810058,0.05419979998259805,0.055944499996257946,0.003828599990811199,0.00822739998693578,0.007186900009401143,0.003910800005542114,0.0001858999894466251
0.2,Weighted LP3 ($ 	heta $ Only),39,822,0.0,,0,0,0,0,0.0,0.0,100.0,0.00256019999505952,0.0015571000112686306,6.480002775788307e-05,0.03795819997321814,0.04823830001987517,0.06393949998891912,0.0040025000052992254,0.0064950000087264925,0.004111899994313717,0.003435199992964044,0.00018470000941306353
0.2,Weighted LP3 ($ 	heta $ Only),40,862,0.0,,0,0,0,0,0.0,0.0,100.0,0.0007559000223409384,0.0008736999880056828,4.539999645203352e-05,0.03368979998049326,0.06047290001879446,0.0553856999904383,0.0037709999887738377,0.0029280000017024577,0.006099099991843104,0.002949999994598329,0.0001066999975591898
0.2,Weighted LP3 ($ 	heta $ Only),41,903,0.0,,0,0,0,0,0.0,0.0,100.0,0.0007597999938298017,0.0009294000046793371,4.640000406652689e-05,0.032219799992162734,0.05491669999901205,0.04356560000451282,0.003309599997010082,0.003284300008090213,0.0031352000078186393,0.005207699985476211,0.00010989999282173812
0.2,Weighted LP3 ($ 	heta $ Only),42,945,0.0,,0,0,0,0,0.0,0.0,100.0,0.0007479999912902713,0.0008380000072065741,4.640000406652689e-05,0.03920030000153929,0.05796919998829253,0.040510599996196106,0.003248699998948723,0.00614119999227114,0.04513240000233054,0.009684899996500462,0.00028020000900141895
0.2,Weighted LP3 ($ 	heta $ Only),43,988,0.0,,0,0,0,0,0.0,0.0,100.0,0.0014961000124458224,0.001808900007745251,0.00010629999451339245,0.12142460001632571,0.04924689998733811,0.057783399999607354,0.0049367000174243,0.00612199999159202,0.003925199998775497,0.0040092999988701195,0.0002230999816674739
0.2,Weighted LP3 ($ 	heta $ Only),44,1032,0.0,,0,0,0,0,0.0,0.0,100.0,0.000766399985877797,0.002284200018038973,7.910002022981644e-05,0.059890100004849955,0.06669519998831674,0.03658059998997487,0.0029221999866422266,0.006530399987241253,0.0033035000087693334,0.0037609999999403954,0.00010810000821948051
0.2,Weighted LP3 ($ 	heta $ Only),45,1077,0.0,,0,0,0,0,0.0,0.0,100.0,0.0007733999809715897,0.0008972999930847436,4.75000124424696e-05,0.048800300020957366,0.054953499988187104,0.03805050000664778,0.0034650999878067523,0.003878000017721206,0.0050836000009439886,0.002889600000344217,0.00010779997683130205
0.2,Weighted LP3 ($ 	heta $ Only),46,1123,0.0,,0,0,0,0,0.0,0.0,100.0,0.0036853000055998564,0.0009150999831035733,4.949999856762588e-05,0.0403128000034485,0.048692300013499334,0.05135729999165051,0.003141599998343736,0.0033229999826289713,0.006591500015929341,0.004455799993593246,0.00011900000390596688
0.2,Weighted LP3 ($ 	heta $ Only),47,1170,0.0,,0,0,0,0,0.0,0.0,100.0,0.0007943999953567982,0.0009302000107709318,4.73999825771898e-05,0.0380074999993667,0.045631100016180426,0.030764600000111386,0.0030635000148322433,0.002893700002459809,0.0029155999945942312,0.002894500008551404,0.00010490001295693219
0.2,Weighted LP3 ($ 	heta $ Only),48,1218,0.0,,0,0,0,0,0.0,0.0,100.0,0.004723599995486438,0.0008509999897796661,4.7900015488266945e-05,0.03417739999713376,0.04903699998976663,0.03812469998956658,0.007475999998860061,0.002928199974121526,0.002902899985201657,0.0035733999975491315,0.00010699999984353781
0.2,Weighted LP3 ($ 	heta $ Only),49,1267,0.0,,0,0,0,0,0.0,0.0,100.0,0.002507600001990795,0.001404300011927262,5.269999383017421e-05,0.04927069999394007,0.05476699999417178,0.029083200002787635,0.006930800009286031,0.002898200007621199,0.003319799987366423,0.0033381999819539487,0.00013760000001639128
0.2,Borda LP3 ($ 	heta $ Only),0,42,0.0,,0,0,0,0,0.0,0.0,100.0,0.0010099999781232327,0.0018367000157013535,8.779999916441739e-05,0.05054820000077598,0.053889800008619204,0.03332700001192279,0.003489299997454509,0.003395499981706962,0.004977599979611114,0.0028458999877329916,0.00010570001904852688
0.2,Borda LP3 ($ 	heta $ Only),1,43,0.0,,0,0,0,0,0.0,0.0,100.0,0.0008122999861370772,0.001195100019685924,5.849997978657484e-05,0.03266300001996569,0.05561099998885766,0.04284839998581447,0.0033937999978661537,0.0033039999834727496,0.0029722999897785485,0.004870300006587058,0.00018580001778900623
0.2,Borda LP3 ($ 	heta $ Only),2,45,0.0,,0,0,0,0,0.0,0.0,100.0,0.0007602999976370484,0.0008524000004399568,4.980000085197389e-05,0.036944399995263666,0.05538650002563372,0.031237499992130324,0.004316699982155114,0.003009999985806644,0.0029375000158324838,0.0029292000108398497,0.00011160000576637685
0.2,Borda LP3 ($ 	heta $ Only),3,48,0.0,,0,0,0,0,0.0,0.0,100.0,0.0007628999883309007,0.0008236999856308103,5.4100004490464926e-05,0.030343899998115376,0.054482299980008975,0.04681139998137951,0.0037834999966435134,0.003910800005542114,0.005373199994210154,0.002834899991285056,0.00011369999265298247
0.2,Borda LP3 ($ 	heta $ Only),4,52,0.0,,0,0,0,0,0.0,0.0,100.0,0.0007559000223409384,0.0008900999964680523,6.170000415295362e-05,0.05344570000306703,0.061273900006199256,0.05262689999653958,0.012334200000623241,0.004911700001684949,0.008752399997320026,0.006475400005001575,0.0002579999854788184
0.2,Borda LP3 ($ 	heta $ Only),5,57,0.0,,0,0,0,0,0.0,0.0,100.0,0.001890799991087988,0.004526600008830428,9.780001710169017e-05,0.05886220000684261,0.055541900015668944,0.06340800001635216,0.0057320000196341425,0.007714400009717792,0.010444200015626848,0.0031242999830283225,0.00011180000728927553
0.2,Borda LP3 ($ 	heta $ Only),6,63,0.0,,2,0,0,0,0.0,0.0,100.0,0.0038634999946225435,0.0013104999961797148,0.00013080000644549727,0.041204200009815395,0.04372760001569986,0.023555199994007125,0.004065199987962842,0.0028928999963682145,0.002853300014976412,0.007941799995023757,0.0001162000116892159
0.2,Borda LP3 ($ 	heta $ Only),7,70,0.0,,0,0,0,0,0.0,0.0,100.0,0.000831299985293299,0.0010175000061281025,5.3099996875971556e-05,0.051602200022898614,0.05161749999388121,0.051615300006233156,0.007410200021695346,0.006057399994460866,0.002960799989523366,0.006557000015163794,0.00010749997454695404
0.2,Borda LP3 ($ 	heta $ Only),8,78,0.0,,0,0,0,0,0.0,0.0,100.0,0.0010665000008884817,0.0008735999872442335,4.850002005696297e-05,0.04131440000492148,0.04944010000326671,0.06846389998099767,0.007486699993023649,0.003809899993939325,0.0034596000041346997,0.005632300017168745,0.0006770000036340207
0.2,Borda LP3 ($ 	heta $ Only),9,87,0.0,,0,0,0,0,0.0,0.0,100.0,0.0009595000010449439,0.0013649999746121466,6.029999349266291e-05,0.036557899991748855,0.046440100006293505,0.018765499989967793,0.002943500003311783,0.004445900005521253,0.002892000018619001,0.002818999986629933,0.00010550001752562821
0.2,Borda LP3 ($ 	heta $ Only),10,97,0.0,,0,0,0,0,0.0,0.0,100.0,0.0035721999884117395,0.0008834999753162265,4.759998410008848e-05,0.03775130002759397,0.06417739999596961,0.052670500008389354,0.006320700020296499,0.00907780000125058,0.0033244999940507114,0.003942000010283664,0.00018499998259358108
0.2,Borda LP3 ($ 	heta $ Only),11,108,0.0,,2,0,0,0,0.0,0.0,100.0,0.0007526999979745597,0.00257800001418218,0.00018210001871921122,0.04547289997572079,0.05207659999723546,0.023184999998193234,0.005632900021737441,0.0034013999975286424,0.0031864999909885228,0.002454300003591925,9.799998952075839e-05
0.2,Borda LP3 ($ 	heta $ Only),12,120,0.0,,0,0,0,0,0.0,0.0,100.0,0.000757400004658848,0.0009506999922450632,4.7600013203918934e-05,0.03455829998711124,0.048683400003938004,0.23508070001844317,0.006417099997634068,0.019343499996466562,0.0059080999926663935,0.004909199982648715,0.00043819998973049223
0.2,Borda LP3 ($ 	heta $ Only),13,133,0.0,,0,0,0,0,0.0,0.0,100.0,0.0020902999967802316,0.0028318999975454062,9.590000263415277e-05,0.049484999995911494,0.04957989999093115,0.03431719998479821,0.00852509998367168,0.0029298000154085457,0.0029206000035628676,0.004322399996453896,0.00037739999243058264
0.2,Borda LP3 ($ 	heta $ Only),14,147,0.0,,0,0,0,0,0.0,0.0,100.0,0.004354599979706109,0.0015383000136353076,7.089998689480126e-05,0.05361219999031164,0.050510100001702085,0.05711160000646487,0.006242400006158277,0.00398839998524636,0.0032936000206973404,0.00327729998389259,0.00018439997802488506
0.2,Borda LP3 ($ 	heta $ Only),15,162,0.0,,0,0,0,0,0.0,0.0,100.0,0.003285299986600876,0.0011873999901581556,6.089999806135893e-05,0.03349510001135059,0.05223099997965619,0.03103519999422133,0.007002500002272427,0.00515599999926053,0.003484500019112602,0.004728400002932176,0.000742900010664016
0.2,Borda LP3 ($ 	heta $ Only),16,178,0.0,,0,0,0,0,0.0,0.0,100.0,0.0012597999884746969,0.0010165999992750585,4.810001701116562e-05,0.03633810000610538,0.04647940001450479,0.04244989997823723,0.0038386000087484717,0.0033044999872799963,0.00312619999749586,0.0029648999916389585,0.00011470000026747584
0.2,Borda LP3 ($ 	heta $ Only),17,195,0.0,,0,0,0,0,0.0,0.0,100.0,0.0007510999857913703,0.000954500021180138,4.740001168102026e-05,0.027746599982492626,0.06190309999510646,0.059184699988691136,0.0030821000109426677,0.006430900015402585,0.0029212000081315637,0.0028990000137127936,0.00010499998461455107
0.2,Borda LP3 ($ 	heta $ Only),18,213,0.0,,0,0,0,0,0.0,0.0,100.0,0.0007485000242013484,0.0008536999812349677,4.709998029284179e-05,0.035945699986768886,0.055569699994521216,0.04409139999188483,0.0035275999980513006,0.004569000011542812,0.002897099999245256,0.002887100010411814,0.00010770000517368317
0.2,Borda LP3 ($ 	heta $ Only),19,232,0.0,,0,0,0,0,5.773159728050814e-15,16.666666666666668,83.33333333333333,0.004378499987069517,0.0013965000107418746,0.00010050000855699182,0.04153049999149516,0.04822430000058375,0.021944900014204904,0.0034401000011712313,0.004217199981212616,0.005064400000264868,0.0033146000059787184,0.00018400000408291817
0.2,Borda LP3 ($ 	heta $ Only),20,252,0.0,,0,0,0,0,0.0,0.0,100.0,0.0007511000148952007,0.0009358000243082643,4.859999171458185e-05,0.0423515000147745,0.04978299999493174,0.04152800000156276,0.003549400018528104,0.003413200000068173,0.003385599993634969,0.004103000013856217,0.00011260001338087022
0.2,Borda LP3 ($ 	heta $ Only),21,273,0.0,,0,0,0,0,0.0,0.0,100.0,0.0036158000002615154,0.0009188000112771988,5.289999535307288e-05,0.05179090000456199,0.06034389999695122,0.028551700001116842,0.003738700004760176,0.0029288000077940524,0.005702900001779199,0.003686100011691451,0.0001852999848779291
0.2,Borda LP3 ($ 	heta $ Only),22,295,0.0,,0,0,0,0,0.0,0.0,100.0,0.0007688000041525811,0.0011240000021643937,5.940001574344933e-05,0.03250540001317859,0.054633399995509535,0.028373899986036122,0.0031076000013854355,0.0028107999823987484,0.005779600003734231,0.0034358000266365707,0.0001100999943446368
0.2,Borda LP3 ($ 	heta $ Only),23,318,0.0,,0,0,0,0,0.0,0.0,100.0,0.0007617000082973391,0.0008664999913889915,4.7900015488266945e-05,0.03301600000122562,0.05979119997937232,0.042860799992922693,0.00315579999005422,0.002950599999167025,0.0029526999860536307,0.004368699999758974,0.00011920000542886555
0.2,Borda LP3 ($ 	heta $ Only),24,342,0.0,,0,0,0,0,0.0,0.0,100.0,0.0007577000069431961,0.0008817999914754182,4.6900007873773575e-05,0.03781079998589121,0.04759650002233684,0.053897300007520244,0.0039052999927662313,0.0031669999880250543,0.0033149000082630664,0.010033200000179932,0.00027520000003278255
0.2,Borda LP3 ($ 	heta $ Only),25,367,0.0,,0,0,0,0,0.0,0.0,100.0,0.0009437999979127198,0.0013174999912735075,5.8699981309473515e-05,0.03637620000517927,0.056847100000595674,0.037723999994341284,0.0035648999910335988,0.0032759000023361295,0.0032663999882061034,0.0038292999961413443,0.0001900999923236668
0.2,Borda LP3 ($ 	heta $ Only),26,393,0.0,,0,0,0,0,0.0,0.0,100.0,0.005163699999684468,0.0009324999991804361,4.600000102072954e-05,0.0357273000117857,0.05809199999202974,0.03742549999151379,0.005174899997655302,0.003576299990527332,0.0029847999976482242,0.002980000019306317,0.00010519998613744974
0.2,Borda LP3 ($ 	heta $ Only),27,420,0.0,,0,0,0,0,0.0,0.0,100.0,0.00428930000634864,0.0021656999888364226,7.300000288523734e-05,0.03965370001969859,0.04908379999687895,0.022687300021061674,0.003539700002875179,0.004015600017737597,0.0031867999932728708,0.0030014000076334924,0.00010699999984353781
0.2,Borda LP3 ($ 	heta $ Only),28,448,0.0,,0,0,0,0,0.0,0.0,100.0,0.0008496999798808247,0.0009584000217728317,6.33999879937619e-05,0.03711279999697581,0.052631900005508214,0.040392099996097386,0.01197580000734888,0.006081499974243343,0.008380799990845844,0.010962100001052022,0.00039670002297498286
0.2,Borda LP3 ($ 	heta $ Only),29,477,0.0,,0,0,0,0,0.0,0.0,100.0,0.0015181000053416938,0.001995600003283471,6.960000609979033e-05,0.04799039999488741,0.06154330002027564,0.02095310000004247,0.00525519999791868,0.004602299974067137,0.003927500016288832,0.003271199995651841,0.0001841000048443675
0.2,Borda LP3 ($ 	heta $ Only),30,507,0.0,,0,0,0,0,0.0,0.0,100.0,0.000751899991882965,0.0009224000095855445,4.879999323748052e-05,0.037888499995460734,0.045686299999943,0.0420746999734547,0.0050448999973014,0.0029374000150710344,0.0029331000114325434,0.002962600003229454,0.00010790000669658184
0.2,Borda LP3 ($ 	heta $ Only),31,538,0.0,,0,0,0,0,0.0,0.0,100.0,0.000753100001020357,0.0009048999927472323,5.4800009820610285e-05,0.03375380000215955,0.08146360001410358,0.03869499999564141,0.0037115000013727695,0.00533230000291951,0.003424700000323355,0.003368199977558106,0.00018360000103712082
0.2,Borda LP3 ($ 	heta $ Only),32,570,0.0,,0,0,0,0,0.0,0.0,100.0,0.0007650000043213367,0.0008919000101741403,4.5900000259280205e-05,0.04235450000851415,0.05536620001657866,0.05830809997860342,0.0030106999911367893,0.0035954000195488334,0.007345399993937463,0.00303580000763759,0.00010599999222904444
0.2,Borda LP3 ($ 	heta $ Only),33,603,0.0,,0,0,0,0,0.0,0.0,100.0,0.0009349999891128391,0.0010903000074904412,5.360000068321824e-05,0.04237139999167994,0.05611529998714104,0.0367858000099659,0.003423000016482547,0.003275399998528883,0.0038432000146713108,0.003571799985365942,0.00010649999603629112
0.2,Borda LP3 ($ 	heta $ Only),34,637,0.0,,0,0,0,0,0.0,0.0,100.0,0.0034256000071763992,0.0009039999858941883,4.73999825771898e-05,0.03358799999114126,0.04796060000080615,0.03567230000044219,0.002992099995026365,0.005979400011710823,0.003235400014091283,0.0028147000120952725,0.00010529998689889908
0.2,Borda LP3 ($ 	heta $ Only),35,672,0.0,,0,0,0,0,0.0,0.0,100.0,0.0007488999981433153,0.0008700000180397183,4.700000863522291e-05,0.04505549999885261,0.059291500016115606,0.02370849999715574,0.00370249999104999,0.007653799984836951,0.0030365000129677355,0.0029869000136386603,0.00010760000441223383
0.2,Borda LP3 ($ 	heta $ Only),36,708,0.0,,0,0,0,0,0.0,0.0,100.0,0.001219199999468401,0.0008651999814901501,4.7299981815740466e-05,0.043336000002454966,0.053122199984500185,0.07748279999941587,0.007103199983248487,0.010952999989967793,0.01008219999494031,0.0035168999747838825,0.00020000000949949026
0.2,Borda LP3 ($ 	heta $ Only),37,745,0.0,,0,0,0,0,0.0,0.0,100.0,0.0011909999884665012,0.0011579999991226941,5.6599994422867894e-05,0.052646800002548844,0.043619400006718934,0.06937300000572577,0.0030197000014595687,0.0034951000125147402,0.002800900023430586,0.0027830000035464764,0.00010720000136643648
0.2,Borda LP3 ($ 	heta $ Only),38,783,0.0,,0,0,0,0,0.0,0.0,100.0,0.000749400001950562,0.0009803999855648726,4.640000406652689e-05,0.030423599993810058,0.05419979998259805,0.055944499996257946,0.003828599990811199,0.00822739998693578,0.007186900009401143,0.003910800005542114,0.0001858999894466251
0.2,Borda LP3 ($ 	heta $ Only),39,822,0.0,,0,0,0,0,0.0,0.0,100.0,0.00256019999505952,0.0015571000112686306,6.480002775788307e-05,0.03795819997321814,0.04823830001987517,0.06393949998891912,0.0040025000052992254,0.0064950000087264925,0.004111899994313717,0.003435199992964044,0.00018470000941306353
0.2,Borda LP3 ($ 	heta $ Only),40,862,0.0,,0,0,0,0,0.0,0.0,100.0,0.0007559000223409384,0.0008736999880056828,4.539999645203352e-05,0.03368979998049326,0.06047290001879446,0.0553856999904383,0.0037709999887738377,0.0029280000017024577,0.006099099991843104,0.002949999994598329,0.0001066999975591898
0.2,Borda LP3 ($ 	heta $ Only),41,903,0.0,,0,0,0,0,0.0,0.0,100.0,0.0007597999938298017,0.0009294000046793371,4.640000406652689e-05,0.032219799992162734,0.05491669999901205,0.04356560000451282,0.003309599997010082,0.003284300008090213,0.0031352000078186393,0.005207699985476211,0.00010989999282173812
0.2,Borda LP3 ($ 	heta $ Only),42,945,0.0,,0,0,0,0,0.0,0.0,100.0,0.0007479999912902713,0.0008380000072065741,4.640000406652689e-05,0.03920030000153929,0.05796919998829253,0.040510599996196106,0.003248699998948723,0.00614119999227114,0.04513240000233054,0.009684899996500462,0.00028020000900141895
0.2,Borda LP3 ($ 	heta $ Only),43,988,0.0,,0,0,0,0,0.0,0.0,100.0,0.0014961000124458224,0.001808900007745251,0.00010629999451339245,0.12142460001632571,0.04924689998733811,0.057783399999607354,0.0049367000174243,0.00612199999159202,0.003925199998775497,0.0040092999988701195,0.0002230999816674739
0.2,Borda LP3 ($ 	heta $ Only),44,1032,0.0,,0,0,0,0,0.0,0.0,100.0,0.000766399985877797,0.002284200018038973,7.910002022981644e-05,0.059890100004849955,0.06669519998831674,0.03658059998997487,0.0029221999866422266,0.006530399987241253,0.0033035000087693334,0.0037609999999403954,0.00010810000821948051
0.2,Borda LP3 ($ 	heta $ Only),45,1077,0.0,,0,0,0,0,0.0,0.0,100.0,0.0007733999809715897,0.0008972999930847436,4.75000124424696e-05,0.048800300020957366,0.054953499988187104,0.03805050000664778,0.0034650999878067523,0.003878000017721206,0.0050836000009439886,0.002889600000344217,0.00010779997683130205
0.2,Borda LP3 ($ 	heta $ Only),46,1123,0.0,,0,0,0,0,0.0,0.0,100.0,0.0036853000055998564,0.0009150999831035733,4.949999856762588e-05,0.0403128000034485,0.048692300013499334,0.05135729999165051,0.003141599998343736,0.0033229999826289713,0.006591500015929341,0.004455799993593246,0.00011900000390596688
0.2,Borda LP3 ($ 	heta $ Only),47,1170,0.0,,0,0,0,0,0.0,0.0,100.0,0.0007943999953567982,0.0009302000107709318,4.73999825771898e-05,0.0380074999993667,0.045631100016180426,0.030764600000111386,0.0030635000148322433,0.002893700002459809,0.0029155999945942312,0.002894500008551404,0.00010490001295693219
0.2,Borda LP3 ($ 	heta $ Only),48,1218,0.0,,0,0,0,0,0.0,0.0,100.0,0.004723599995486438,0.0008509999897796661,4.7900015488266945e-05,0.03417739999713376,0.04903699998976663,0.03812469998956658,0.007475999998860061,0.002928199974121526,0.002902899985201657,0.0035733999975491315,0.00010699999984353781
0.2,Borda LP3 ($ 	heta $ Only),49,1267,0.0,,0,0,0,0,0.0,0.0,100.0,0.002507600001990795,0.001404300011927262,5.269999383017421e-05,0.04927069999394007,0.05476699999417178,0.029083200002787635,0.006930800009286031,0.002898200007621199,0.003319799987366423,0.0033381999819539487,0.00013760000001639128
0.2,Linear BTL,0,42,,-13.11387948888219,0,0,0,0,,,,0.0010099999781232327,0.0018367000157013535,8.779999916441739e-05,0.05054820000077598,0.053889800008619204,0.03332700001192279,0.003489299997454509,0.003395499981706962,0.004977599979611114,0.0028458999877329916,0.00010570001904852688
0.2,Linear BTL,1,43,,-12.202958931698857,0,1,0,1,,,,0.0008122999861370772,0.001195100019685924,5.849997978657484e-05,0.03266300001996569,0.05561099998885766,0.04284839998581447,0.0033937999978661537,0.0033039999834727496,0.0029722999897785485,0.004870300006587058,0.00018580001778900623
0.2,Linear BTL,2,45,,-6.528795678140267,0,0,0,0,,,,0.0007602999976370484,0.0008524000004399568,4.980000085197389e-05,0.036944399995263666,0.05538650002563372,0.031237499992130324,0.004316699982155114,0.003009999985806644,0.0029375000158324838,0.0029292000108398497,0.00011160000576637685
0.2,Linear BTL,3,48,,-4.124633781872029,0,0,0,0,,,,0.0007628999883309007,0.0008236999856308103,5.4100004490464926e-05,0.030343899998115376,0.054482299980008975,0.04681139998137951,0.0037834999966435134,0.003910800005542114,0.005373199994210154,0.002834899991285056,0.00011369999265298247
0.2,Linear BTL,4,52,,-4.237095393054435,0,0,0,0,,,,0.0007559000223409384,0.0008900999964680523,6.170000415295362e-05,0.05344570000306703,0.061273900006199256,0.05262689999653958,0.012334200000623241,0.004911700001684949,0.008752399997320026,0.006475400005001575,0.0002579999854788184
0.2,Linear BTL,5,57,,-3.821047648871571,0,0,0,0,,,,0.001890799991087988,0.004526600008830428,9.780001710169017e-05,0.05886220000684261,0.055541900015668944,0.06340800001635216,0.0057320000196341425,0.007714400009717792,0.010444200015626848,0.0031242999830283225,0.00011180000728927553
0.2,Linear BTL,6,63,,-14.805893855524651,2,1,0,1,,,,0.0038634999946225435,0.0013104999961797148,0.00013080000644549727,0.041204200009815395,0.04372760001569986,0.023555199994007125,0.004065199987962842,0.0028928999963682145,0.002853300014976412,0.007941799995023757,0.0001162000116892159
0.2,Linear BTL,7,70,,-6.837188303342589,0,0,0,0,,,,0.000831299985293299,0.0010175000061281025,5.3099996875971556e-05,0.051602200022898614,0.05161749999388121,0.051615300006233156,0.007410200021695346,0.006057399994460866,0.002960799989523366,0.006557000015163794,0.00010749997454695404
0.2,Linear BTL,8,78,,-1.9151180800307694,0,0,0,0,,,,0.0010665000008884817,0.0008735999872442335,4.850002005696297e-05,0.04131440000492148,0.04944010000326671,0.06846389998099767,0.007486699993023649,0.003809899993939325,0.0034596000041346997,0.005632300017168745,0.0006770000036340207
0.2,Linear BTL,9,87,,-9.808194542736937,0,0,0,0,,,,0.0009595000010449439,0.0013649999746121466,6.029999349266291e-05,0.036557899991748855,0.046440100006293505,0.018765499989967793,0.002943500003311783,0.004445900005521253,0.002892000018619001,0.002818999986629933,0.00010550001752562821
0.2,Linear BTL,10,97,,-7.693447353561071,0,0,0,0,,,,0.0035721999884117395,0.0008834999753162265,4.759998410008848e-05,0.03775130002759397,0.06417739999596961,0.052670500008389354,0.006320700020296499,0.00907780000125058,0.0033244999940507114,0.003942000010283664,0.00018499998259358108
0.2,Linear BTL,11,108,,-21.383027812952697,2,0,0,0,,,,0.0007526999979745597,0.00257800001418218,0.00018210001871921122,0.04547289997572079,0.05207659999723546,0.023184999998193234,0.005632900021737441,0.0034013999975286424,0.0031864999909885228,0.002454300003591925,9.799998952075839e-05
0.2,Linear BTL,12,120,,-9.019904474903306,0,0,0,0,,,,0.000757400004658848,0.0009506999922450632,4.7600013203918934e-05,0.03455829998711124,0.048683400003938004,0.23508070001844317,0.006417099997634068,0.019343499996466562,0.0059080999926663935,0.004909199982648715,0.00043819998973049223
0.2,Linear BTL,13,133,,-7.480610880232226,0,0,0,0,,,,0.0020902999967802316,0.0028318999975454062,9.590000263415277e-05,0.049484999995911494,0.04957989999093115,0.03431719998479821,0.00852509998367168,0.0029298000154085457,0.0029206000035628676,0.004322399996453896,0.00037739999243058264
0.2,Linear BTL,14,147,,-1.9183476162645436,0,0,0,0,,,,0.004354599979706109,0.0015383000136353076,7.089998689480126e-05,0.05361219999031164,0.050510100001702085,0.05711160000646487,0.006242400006158277,0.00398839998524636,0.0032936000206973404,0.00327729998389259,0.00018439997802488506
0.2,Linear BTL,15,162,,-9.971037558061477,0,1,0,1,,,,0.003285299986600876,0.0011873999901581556,6.089999806135893e-05,0.03349510001135059,0.05223099997965619,0.03103519999422133,0.007002500002272427,0.00515599999926053,0.003484500019112602,0.004728400002932176,0.000742900010664016
0.2,Linear BTL,16,178,,-11.213931132848346,0,2,1,1,,,,0.0012597999884746969,0.0010165999992750585,4.810001701116562e-05,0.03633810000610538,0.04647940001450479,0.04244989997823723,0.0038386000087484717,0.0033044999872799963,0.00312619999749586,0.0029648999916389585,0.00011470000026747584
0.2,Linear BTL,17,195,,-3.8199417752747453,0,0,0,0,,,,0.0007510999857913703,0.000954500021180138,4.740001168102026e-05,0.027746599982492626,0.06190309999510646,0.059184699988691136,0.0030821000109426677,0.006430900015402585,0.0029212000081315637,0.0028990000137127936,0.00010499998461455107
0.2,Linear BTL,18,213,,-4.786230478912556,0,1,0,1,,,,0.0007485000242013484,0.0008536999812349677,4.709998029284179e-05,0.035945699986768886,0.055569699994521216,0.04409139999188483,0.0035275999980513006,0.004569000011542812,0.002897099999245256,0.002887100010411814,0.00010770000517368317
0.2,Linear BTL,19,232,,-16.06414196560513,0,0,0,0,,,,0.004378499987069517,0.0013965000107418746,0.00010050000855699182,0.04153049999149516,0.04822430000058375,0.021944900014204904,0.0034401000011712313,0.004217199981212616,0.005064400000264868,0.0033146000059787184,0.00018400000408291817
0.2,Linear BTL,20,252,,-2.152038892963354,0,0,0,0,,,,0.0007511000148952007,0.0009358000243082643,4.859999171458185e-05,0.0423515000147745,0.04978299999493174,0.04152800000156276,0.003549400018528104,0.003413200000068173,0.003385599993634969,0.004103000013856217,0.00011260001338087022
0.2,Linear BTL,21,273,,-8.489658016165063,0,0,0,0,,,,0.0036158000002615154,0.0009188000112771988,5.289999535307288e-05,0.05179090000456199,0.06034389999695122,0.028551700001116842,0.003738700004760176,0.0029288000077940524,0.005702900001779199,0.003686100011691451,0.0001852999848779291
0.2,Linear BTL,22,295,,-13.925709087943353,0,1,0,1,,,,0.0007688000041525811,0.0011240000021643937,5.940001574344933e-05,0.03250540001317859,0.054633399995509535,0.028373899986036122,0.0031076000013854355,0.0028107999823987484,0.005779600003734231,0.0034358000266365707,0.0001100999943446368
0.2,Linear BTL,23,318,,-4.2376877076497665,0,0,0,0,,,,0.0007617000082973391,0.0008664999913889915,4.7900015488266945e-05,0.03301600000122562,0.05979119997937232,0.042860799992922693,0.00315579999005422,0.002950599999167025,0.0029526999860536307,0.004368699999758974,0.00011920000542886555
0.2,Linear BTL,24,342,,-6.147998232364997,0,0,0,0,,,,0.0007577000069431961,0.0008817999914754182,4.6900007873773575e-05,0.03781079998589121,0.04759650002233684,0.053897300007520244,0.0039052999927662313,0.0031669999880250543,0.0033149000082630664,0.010033200000179932,0.00027520000003278255
0.2,Linear BTL,25,367,,-12.813454987598185,0,1,0,1,,,,0.0009437999979127198,0.0013174999912735075,5.8699981309473515e-05,0.03637620000517927,0.056847100000595674,0.037723999994341284,0.0035648999910335988,0.0032759000023361295,0.0032663999882061034,0.0038292999961413443,0.0001900999923236668
0.2,Linear BTL,26,393,,-14.68626830381945,0,1,0,1,,,,0.005163699999684468,0.0009324999991804361,4.600000102072954e-05,0.0357273000117857,0.05809199999202974,0.03742549999151379,0.005174899997655302,0.003576299990527332,0.0029847999976482242,0.002980000019306317,0.00010519998613744974
0.2,Linear BTL,27,420,,-16.92986292825571,0,2,0,2,,,,0.00428930000634864,0.0021656999888364226,7.300000288523734e-05,0.03965370001969859,0.04908379999687895,0.022687300021061674,0.003539700002875179,0.004015600017737597,0.0031867999932728708,0.0030014000076334924,0.00010699999984353781
0.2,Linear BTL,28,448,,-11.11509267565972,0,0,0,0,,,,0.0008496999798808247,0.0009584000217728317,6.33999879937619e-05,0.03711279999697581,0.052631900005508214,0.040392099996097386,0.01197580000734888,0.006081499974243343,0.008380799990845844,0.010962100001052022,0.00039670002297498286
0.2,Linear BTL,29,477,,-7.031847565750205,0,0,0,0,,,,0.0015181000053416938,0.001995600003283471,6.960000609979033e-05,0.04799039999488741,0.06154330002027564,0.02095310000004247,0.00525519999791868,0.004602299974067137,0.003927500016288832,0.003271199995651841,0.0001841000048443675
0.2,Linear BTL,30,507,,-11.053948631344038,0,0,0,0,,,,0.000751899991882965,0.0009224000095855445,4.879999323748052e-05,0.037888499995460734,0.045686299999943,0.0420746999734547,0.0050448999973014,0.0029374000150710344,0.0029331000114325434,0.002962600003229454,0.00010790000669658184
0.2,Linear BTL,31,538,,-4.783170726800319,0,1,0,1,,,,0.000753100001020357,0.0009048999927472323,5.4800009820610285e-05,0.03375380000215955,0.08146360001410358,0.03869499999564141,0.0037115000013727695,0.00533230000291951,0.003424700000323355,0.003368199977558106,0.00018360000103712082
0.2,Linear BTL,32,570,,-1.9098045529556968,0,0,0,0,,,,0.0007650000043213367,0.0008919000101741403,4.5900000259280205e-05,0.04235450000851415,0.05536620001657866,0.05830809997860342,0.0030106999911367893,0.0035954000195488334,0.007345399993937463,0.00303580000763759,0.00010599999222904444
0.2,Linear BTL,33,603,,-8.425107014875728,0,0,0,0,,,,0.0009349999891128391,0.0010903000074904412,5.360000068321824e-05,0.04237139999167994,0.05611529998714104,0.0367858000099659,0.003423000016482547,0.003275399998528883,0.0038432000146713108,0.003571799985365942,0.00010649999603629112
0.2,Linear BTL,34,637,,-6.147521203681706,0,0,0,0,,,,0.0034256000071763992,0.0009039999858941883,4.73999825771898e-05,0.03358799999114126,0.04796060000080615,0.03567230000044219,0.002992099995026365,0.005979400011710823,0.003235400014091283,0.0028147000120952725,0.00010529998689889908
0.2,Linear BTL,35,672,,-16.40039678022561,0,2,0,2,,,,0.0007488999981433153,0.0008700000180397183,4.700000863522291e-05,0.04505549999885261,0.059291500016115606,0.02370849999715574,0.00370249999104999,0.007653799984836951,0.0030365000129677355,0.0029869000136386603,0.00010760000441223383
0.2,Linear BTL,36,708,,-10.292425173764352,0,2,0,2,,,,0.001219199999468401,0.0008651999814901501,4.7299981815740466e-05,0.043336000002454966,0.053122199984500185,0.07748279999941587,0.007103199983248487,0.010952999989967793,0.01008219999494031,0.0035168999747838825,0.00020000000949949026
0.2,Linear BTL,37,745,,-4.238698198422629,0,0,0,0,,,,0.0011909999884665012,0.0011579999991226941,5.6599994422867894e-05,0.052646800002548844,0.043619400006718934,0.06937300000572577,0.0030197000014595687,0.0034951000125147402,0.002800900023430586,0.0027830000035464764,0.00010720000136643648
0.2,Linear BTL,38,783,,-7.691921170788658,0,0,0,0,,,,0.000749400001950562,0.0009803999855648726,4.640000406652689e-05,0.030423599993810058,0.05419979998259805,0.055944499996257946,0.003828599990811199,0.00822739998693578,0.007186900009401143,0.003910800005542114,0.0001858999894466251
0.2,Linear BTL,39,822,,-6.69235863048124,0,0,0,0,,,,0.00256019999505952,0.0015571000112686306,6.480002775788307e-05,0.03795819997321814,0.04823830001987517,0.06393949998891912,0.0040025000052992254,0.0064950000087264925,0.004111899994313717,0.003435199992964044,0.00018470000941306353
0.2,Linear BTL,40,862,,-16.361624610783192,0,0,0,0,,,,0.0007559000223409384,0.0008736999880056828,4.539999645203352e-05,0.03368979998049326,0.06047290001879446,0.0553856999904383,0.0037709999887738377,0.0029280000017024577,0.006099099991843104,0.002949999994598329,0.0001066999975591898
0.2,Linear BTL,41,903,,-11.11004916123598,0,0,0,0,,,,0.0007597999938298017,0.0009294000046793371,4.640000406652689e-05,0.032219799992162734,0.05491669999901205,0.04356560000451282,0.003309599997010082,0.003284300008090213,0.0031352000078186393,0.005207699985476211,0.00010989999282173812
0.2,Linear BTL,42,945,,-10.565134573231292,0,0,0,0,,,,0.0007479999912902713,0.0008380000072065741,4.640000406652689e-05,0.03920030000153929,0.05796919998829253,0.040510599996196106,0.003248699998948723,0.00614119999227114,0.04513240000233054,0.009684899996500462,0.00028020000900141895
0.2,Linear BTL,43,988,,-6.692751327185842,0,1,0,1,,,,0.0014961000124458224,0.001808900007745251,0.00010629999451339245,0.12142460001632571,0.04924689998733811,0.057783399999607354,0.0049367000174243,0.00612199999159202,0.003925199998775497,0.0040092999988701195,0.0002230999816674739
0.2,Linear BTL,44,1032,,-9.350900717035989,0,1,0,1,,,,0.000766399985877797,0.002284200018038973,7.910002022981644e-05,0.059890100004849955,0.06669519998831674,0.03658059998997487,0.0029221999866422266,0.006530399987241253,0.0033035000087693334,0.0037609999999403954,0.00010810000821948051
0.2,Linear BTL,45,1077,,-8.835917554638772,0,1,0,1,,,,0.0007733999809715897,0.0008972999930847436,4.75000124424696e-05,0.048800300020957366,0.054953499988187104,0.03805050000664778,0.0034650999878067523,0.003878000017721206,0.0050836000009439886,0.002889600000344217,0.00010779997683130205
0.2,Linear BTL,46,1123,,-6.146687937816214,0,0,0,0,,,,0.0036853000055998564,0.0009150999831035733,4.949999856762588e-05,0.0403128000034485,0.048692300013499334,0.05135729999165051,0.003141599998343736,0.0033229999826289713,0.006591500015929341,0.004455799993593246,0.00011900000390596688
0.2,Linear BTL,47,1170,,-17.976667012602256,0,1,0,1,,,,0.0007943999953567982,0.0009302000107709318,4.73999825771898e-05,0.0380074999993667,0.045631100016180426,0.030764600000111386,0.0030635000148322433,0.002893700002459809,0.0029155999945942312,0.002894500008551404,0.00010490001295693219
0.2,Linear BTL,48,1218,,-4.7828481921829145,0,1,0,1,,,,0.004723599995486438,0.0008509999897796661,4.7900015488266945e-05,0.03417739999713376,0.04903699998976663,0.03812469998956658,0.007475999998860061,0.002928199974121526,0.002902899985201657,0.0035733999975491315,0.00010699999984353781
0.2,Linear BTL,49,1267,,-10.425396486923585,0,0,0,0,,,,0.002507600001990795,0.001404300011927262,5.269999383017421e-05,0.04927069999394007,0.05476699999417178,0.029083200002787635,0.006930800009286031,0.002898200007621199,0.003319799987366423,0.0033381999819539487,0.00013760000001639128
0.3,LP2 ($ 	heta $ Only),0,42,0.0,,0,0,0,0,0.0,0.0,100.0,0.0038300000014714897,0.0018501000013202429,8.6199986981228e-05,0.05517970002256334,0.06234840000979602,0.03116710000904277,0.00466110001434572,0.0036964000028092414,0.003728800016688183,0.004996100004063919,0.0001084999821614474
0.3,LP2 ($ 	heta $ Only),1,43,0.0,,0,0,0,0,0.0,0.0,100.0,0.0007778000144753605,0.0009283999970648438,4.6600005589425564e-05,0.03672199998982251,0.050802499987185,0.019608200003858656,0.006773500004783273,0.0033364999981131405,0.003322800010209903,0.004979799996362999,0.0002114000089932233
0.3,LP2 ($ 	heta $ Only),2,45,0.0,,0,0,0,0,0.0,0.0,100.0,0.0007738999847788364,0.0009442000009585172,4.600000102072954e-05,0.03321569997933693,0.07108100000186823,0.030895200005033985,0.0029978000093251467,0.002965899999253452,0.0074047999805770814,0.0029386999958660454,0.0001086000120267272
0.3,LP2 ($ 	heta $ Only),3,48,0.0,,0,0,0,0,0.0,0.0,100.0,0.000894600001629442,0.0008919999818317592,5.2799994591623545e-05,0.04114020001725294,0.0562985000142362,0.03345799999078736,0.007647799997357652,0.002895499987062067,0.002878300001611933,0.0034681000106502324,0.00010760000441223383
0.3,LP2 ($ 	heta $ Only),4,52,0.0,,0,0,0,0,0.0,0.0,100.0,0.0009529000089969486,0.0030263999942690134,0.00011470000026747584,0.038190499995835125,0.06158550002146512,0.0501644000178203,0.0033368000003974885,0.0028224000125192106,0.0028116999892517924,0.004575300001306459,0.00016610001330263913
0.3,LP2 ($ 	heta $ Only),5,57,0.0,,0,0,0,0,0.0,0.0,100.0,0.0007555000192951411,0.0009569999820087105,4.689997876994312e-05,0.03463539999211207,0.06957849999889731,0.03740719999768771,0.003134200000204146,0.005413400009274483,0.004443599988007918,0.003310200001578778,0.00018339999951422215
0.3,LP2 ($ 	heta $ Only),6,63,0.0,,1,0,0,0,0.0,0.0,100.0,0.000749099999666214,0.0009541999897919595,0.0001252999936696142,0.038006699993275106,0.05694290000246838,0.09581289999186993,0.00497069998527877,0.008623499976238236,0.005345099983969703,0.006030999997165054,0.0002714000002015382
0.3,LP2 ($ 	heta $ Only),7,70,0.0,,0,0,0,0,0.0,0.0,100.0,0.048592999984975904,0.0034533999860286713,8.839997462928295e-05,0.06375800000387244,0.05870429999777116,0.03413740001269616,0.0033949000062420964,0.003235499985748902,0.003778700018301606,0.010360699990997091,0.00010810000821948051
0.3,LP2 ($ 	heta $ Only),8,78,0.0,,0,0,0,0,0.0,0.0,100.0,0.0009109000093303621,0.0010966999980155379,4.909999552182853e-05,0.03639380002277903,0.05122799999662675,0.03450840001460165,0.004477200011024252,0.004462800017790869,0.0028814999968744814,0.0028765999886672944,0.00010450000991113484
0.3,LP2 ($ 	heta $ Only),9,87,0.0,,0,0,0,0,0.0,0.0,100.0,0.005280999990645796,0.002689999993890524,5.470000905916095e-05,0.03679519999423064,0.05523979998542927,0.032739699992816895,0.002944700012449175,0.002797399996779859,0.009848499990766868,0.010669299983419478,0.00013830000534653664
0.3,LP2 ($ 	heta $ Only),10,97,0.0,,1,0,0,0,0.0,0.0,100.0,0.002075600001262501,0.0016924000228755176,0.00014930000179447234,0.060782000015024096,0.051504100003512576,0.020052400010172278,0.0028329000051598996,0.0032982999982777983,0.0071029000100679696,0.0027611000114120543,0.00011160000576637685
0.3,LP2 ($ 	heta $ Only),11,108,0.0,,1,0,0,0,0.0,0.0,100.0,0.0009004000166896731,0.0010272999934386462,0.0001278999843634665,0.03645189999951981,0.051455199980409816,0.023286800016649067,0.0028986000106669962,0.0026790999982040375,0.002660500002093613,0.00265360000776127,0.00010309999925084412
0.3,LP2 ($ 	heta $ Only),12,120,0.0,,0,0,0,0,0.0,0.0,100.0,0.0007509999850299209,0.0009639000054448843,4.779998562298715e-05,0.030840699997497723,0.06830939999781549,0.06307080000988208,0.008122500003082678,0.007864100014558062,0.0061440999852493405,0.006048499984899536,0.00015050001093186438
0.3,LP2 ($ 	heta $ Only),13,133,0.0,,0,0,0,0,0.0,0.0,100.0,0.0008145000028889626,0.0008793000015430152,4.830001853406429e-05,0.035129700001562014,0.05481660002260469,0.03600689998711459,0.006374899996444583,0.0028587999986484647,0.0033533000096213073,0.0030475000094156712,0.00010810000821948051
0.3,LP2 ($ 	heta $ Only),14,147,0.0,,0,0,0,0,0.0,0.0,100.0,0.0007726000039838254,0.0021223000076133758,9.90999978967011e-05,0.03156900001340546,0.0543865000072401,0.03069150002556853,0.0034611999872140586,0.003318899980513379,0.00649829997564666,0.002859800006262958,0.0001078000059351325
0.3,LP2 ($ 	heta $ Only),15,162,0.0,,0,0,0,0,0.0,0.0,100.0,0.0007760000007692724,0.0013077000039629638,8.910000906325877e-05,0.04162760000326671,0.10891260000062175,0.030810600001132116,0.0031003999756649137,0.002937300014309585,0.00374549999833107,0.002934599993750453,0.00010639999527484179
0.3,LP2 ($ 	heta $ Only),16,178,0.0,,0,0,0,0,0.0,0.0,100.0,0.0007636999944224954,0.001000499993097037,4.6200002543628216e-05,0.03478789998916909,0.053747300000395626,0.03729769997880794,0.005690199992386624,0.00737690000096336,0.007822199986549094,0.0029483999824151397,0.0001238000113517046
0.3,LP2 ($ 	heta $ Only),17,195,0.0,,0,0,0,0,0.0,0.0,100.0,0.0007685000018682331,0.0009528000082354993,4.640000406652689e-05,0.04450319998431951,0.05390090000582859,0.04122899999492802,0.0031635999912396073,0.0030186999938450754,0.0029900000081397593,0.003569599997717887,0.00010800000745803118
0.3,LP2 ($ 	heta $ Only),18,213,0.0,,0,0,0,0,0.0,0.0,100.0,0.007006699976045638,0.0008559999987483025,5.0000002374872565e-05,0.060211900010472164,0.0560434999933932,0.052599099988583475,0.0032805000082589686,0.003089699981501326,0.0031103999936021864,0.003350499988300726,0.00019099999917671084
0.3,LP2 ($ 	heta $ Only),19,232,0.0,,2,0,0,0,0.0,0.0,100.0,0.0007839000027161092,0.0022261000121943653,0.00017590000061318278,0.03769169998122379,0.05568770001991652,0.02987930001108907,0.005128000018885359,0.003353399981278926,0.002805099997203797,0.002557700005127117,9.729998419061303e-05
0.3,LP2 ($ 	heta $ Only),20,252,0.0,,0,0,0,0,0.0,0.0,100.0,0.0007647000020369887,0.004111099988222122,9.089999366551638e-05,0.04263309997622855,0.05514519999269396,0.04021380000631325,0.0036647999950218946,0.0030178999877534807,0.0036438000097405165,0.0031743000145070255,0.00010639999527484179
0.3,LP2 ($ 	heta $ Only),21,273,0.0,,0,0,0,0,0.0,0.0,100.0,0.0020083000126760453,0.0012396000092849135,9.289997979067266e-05,0.03157699998700991,0.1070719999843277,0.025540900009218603,0.00385509998886846,0.0033211999980267137,0.0034588999988045543,0.004609399999026209,0.0007838000019546598
0.3,LP2 ($ 	heta $ Only),22,295,0.0,,0,0,0,0,0.0,0.0,100.0,0.0007821999897714704,0.0008629999938420951,4.630000330507755e-05,0.037606700003379956,0.04874469997594133,0.019364100007805973,0.003211899980669841,0.003156000020680949,0.004749399988213554,0.003451099997619167,0.00018550001550465822
0.3,LP2 ($ 	heta $ Only),23,318,0.0,,0,0,0,0,0.0,0.0,100.0,0.000751299987314269,0.0008754000009503216,4.600000102072954e-05,0.038424600003054366,0.06014439999125898,0.04260230000363663,0.010572099999990314,0.006285300012677908,0.009087599988561124,0.004479499999433756,0.00010989999282173812
0.3,LP2 ($ 	heta $ Only),24,342,0.0,,0,0,0,0,0.0,0.0,100.0,0.00136160000693053,0.005065500008640811,9.539999882690609e-05,0.034865699999500066,0.052822900004684925,0.018446400004904717,0.0029633000085595995,0.003330500010633841,0.007217400008812547,0.0029439000063575804,0.0001109000004362315
0.3,LP2 ($ 	heta $ Only),25,367,0.0,,0,0,0,0,0.0,0.0,100.0,0.0009285999985877424,0.0010820000024978071,5.210001836530864e-05,0.042175999988103285,0.051184099982492626,0.02402839998831041,0.004282799985958263,0.007958400005009025,0.004607999988365918,0.004982099984772503,0.00030750001315027475
0.3,LP2 ($ 	heta $ Only),26,393,0.0,,0,0,0,0,0.0,0.0,100.0,0.005608800012851134,0.0016243999998550862,7.070001447573304e-05,0.06726630000048317,0.06860940001206473,0.029114399978425354,0.0036665000079665333,0.0033601000031922013,0.007311299996217713,0.002954900002805516,0.00010869998368434608
0.3,LP2 ($ 	heta $ Only),27,420,0.0,,0,0,0,0,0.0,0.0,100.0,0.0008345000096596777,0.00130969999008812,4.759998410008848e-05,0.03619860002072528,0.08051379999960773,0.03047080000396818,0.0037991000281181186,0.0034388999920338392,0.005095900007290766,0.0038243000162765384,0.00010999999358318746
0.3,LP2 ($ 	heta $ Only),28,448,0.0,,0,0,0,0,0.0,0.0,100.0,0.0007705000170972198,0.0009386000165250152,6.200000643730164e-05,0.03599669999675825,0.062193999998271465,0.022003699996275827,0.006595999991986901,0.0033733999880496413,0.0037609999999403954,0.002903100015828386,0.00010890001431107521
0.3,LP2 ($ 	heta $ Only),29,477,0.0,,0,0,0,0,0.0,0.0,100.0,0.0007543000101577491,0.0009820999985095114,4.909999552182853e-05,0.03603399998974055,0.05670699998154305,0.024980700021842495,0.004486399993766099,0.003592599998228252,0.002996700000949204,0.0029833000153303146,0.00010619999375194311
0.3,LP2 ($ 	heta $ Only),30,507,0.0,,0,0,0,0,0.0,0.0,100.0,0.0007731000077910721,0.001148499984992668,5.85000088904053e-05,0.030266899993875995,0.0672183999849949,0.04473310001776554,0.003132000012556091,0.0029966000001877546,0.005690199992386624,0.006137699994724244,0.0001406000228598714
0.3,LP2 ($ 	heta $ Only),31,538,0.0,,0,0,0,0,0.0,0.0,100.0,0.0007936999900266528,0.0009456000116188079,5.09000092279166e-05,0.03652339999098331,0.0674678000214044,0.03958290000446141,0.0052118000166956335,0.0028122000221628696,0.003009000007295981,0.0029301999893505126,0.0001483999949414283
0.3,LP2 ($ 	heta $ Only),32,570,0.0,,0,0,0,0,0.0,0.0,100.0,0.0010993999894708395,0.0014587000187020749,0.00012729997979477048,0.04342979998909868,0.053690899978391826,0.03574490000028163,0.005297600000631064,0.0034645999839995056,0.003444000001763925,0.003467100003035739,0.00022640000679530203
0.3,LP2 ($ 	heta $ Only),33,603,0.0,,0,0,0,0,0.0,0.0,100.0,0.0010140000085812062,0.001881899981526658,9.190000128000975e-05,0.041830899979686365,0.04994630001601763,0.023375000018859282,0.00343440001597628,0.003314500005217269,0.0033204999926965684,0.0035849999985657632,0.00010619999375194311
0.3,LP2 ($ 	heta $ Only),34,637,0.0,,0,0,0,0,0.0,0.0,100.0,0.0007585000130347908,0.0008649999799672514,4.640000406652689e-05,0.033609300007810816,0.0807660999998916,0.025205599988112226,0.006568400014657527,0.004484200006118044,0.0033928999910131097,0.0047756999847479165,0.00010899998596869409
0.3,LP2 ($ 	heta $ Only),35,672,0.0,,0,0,0,0,0.0,0.0,100.0,0.0021340999810490757,0.0008548000187147409,6.980000762268901e-05,0.049351600027875975,0.057041000021854416,0.027011700003640726,0.003194799995981157,0.003694499988341704,0.002850299992132932,0.004724099999293685,0.00010969999129883945
0.3,LP2 ($ 	heta $ Only),36,708,0.0,,0,0,0,0,0.0,0.0,100.0,0.0013797999999951571,0.0009218000050168484,4.800001624971628e-05,0.03198969998629764,0.058137599990004674,0.1312379000009969,0.005514199991011992,0.00540490000275895,0.00656350000645034,0.03248689998872578,0.00011059999815188348
0.3,LP2 ($ 	heta $ Only),37,745,0.0,,0,0,0,0,0.0,0.0,100.0,0.0007793999975547194,0.0009117000154219568,5.549998604692519e-05,0.051082099991617724,0.05589359998703003,0.03275230000144802,0.00696349999634549,0.0028612000169232488,0.0035414000158198178,0.002838899992639199,0.00010550001752562821
0.3,LP2 ($ 	heta $ Only),38,783,0.0,,0,0,0,0,0.0,0.0,100.0,0.0007810999813955277,0.002054000011412427,6.370001938194036e-05,0.03862659999867901,0.059497699985513464,0.0348179999855347,0.004066699999384582,0.005085699987830594,0.0030319999787025154,0.002997900010086596,0.00010650002514012158
0.3,LP2 ($ 	heta $ Only),39,822,0.0,,0,0,0,0,0.0,0.0,100.0,0.003802399995038286,0.001073999999789521,5.3499999921768904e-05,0.04279460001271218,0.05565170000772923,0.05080540000926703,0.004154499998548999,0.0029084999987389892,0.0036102000158280134,0.007354100001975894,0.00011019999510608613
0.3,LP2 ($ 	heta $ Only),40,862,0.0,,1,0,0,0,0.0,0.0,100.0,0.0009452000085730106,0.0010203999991063029,0.00012929999502375722,0.03533129999414086,0.04519010000512935,0.018489700014470145,0.0028122000221628696,0.002661900012753904,0.0026376000023446977,0.00367139998706989,0.00027879999834112823
0.3,LP2 ($ 	heta $ Only),41,903,0.0,,0,0,0,0,0.0,0.0,100.0,0.0010312999947927892,0.0009520000021439046,4.789998638443649e-05,0.03830100002232939,0.052871799998683855,0.027563200012082234,0.0040936000004876405,0.0056727000046521425,0.0029316000000108033,0.002817700005834922,0.00010740000288933516
0.3,LP2 ($ 	heta $ Only),42,945,0.0,,0,0,0,0,0.0,0.0,100.0,0.000752499996451661,0.0008233000116888434,4.6200002543628216e-05,0.04732119999243878,0.05302330001723021,0.02914640001836233,0.007664200005820021,0.0029233999957796186,0.0028873000119347125,0.0034574999881442636,0.00010879998444579542
0.3,LP2 ($ 	heta $ Only),43,988,0.0,,0,0,0,0,0.0,0.0,100.0,0.0009538000158499926,0.0022566000116057694,6.990000838413835e-05,0.04144200001610443,0.05410530001972802,0.04037260002223775,0.0029827000107616186,0.0032804000074975193,0.003640800016000867,0.003922600008081645,0.00010740000288933516
0.3,LP2 ($ 	heta $ Only),44,1032,0.0,,0,0,0,0,0.0,0.0,100.0,0.0007593000191263855,0.0014793000009376556,4.6900007873773575e-05,0.0309271999867633,0.06781320000300184,0.032163299998501316,0.004422700003487989,0.005567299987887964,0.002979100012453273,0.00357810000423342,0.00012079998850822449
0.3,LP2 ($ 	heta $ Only),45,1077,0.0,,0,0,0,0,0.0,0.0,100.0,0.0007662999851163477,0.0014889999874867499,5.2499992307275534e-05,0.041186399990692735,0.054574000008869916,0.038237200002186,0.007821899984264746,0.006571499980054796,0.006359400023939088,0.006633900018641725,0.00010760000441223383
0.3,LP2 ($ 	heta $ Only),46,1123,0.0,,0,0,0,0,0.0,0.0,100.0,0.0007723000016994774,0.0008562000002712011,4.9700000090524554e-05,0.039943299983860925,0.06208969998988323,0.04101240000454709,0.00577980000525713,0.0030949999927543104,0.002964000013889745,0.003485499997623265,0.00010689999908208847
0.3,LP2 ($ 	heta $ Only),47,1170,0.0,,0,0,0,0,0.0,0.0,100.0,0.0012778000091202557,0.0017383999947924167,6.400002166628838e-05,0.04224180002347566,0.050895399996079504,0.02704670000821352,0.002971100009744987,0.0028107999823987484,0.0038681000005453825,0.002960700017865747,0.00010809997911565006
0.3,LP2 ($ 	heta $ Only),48,1218,0.0,,0,0,0,0,0.0,0.0,100.0,0.0036709000123664737,0.001003899989882484,5.2000017603859305e-05,0.04104300000471994,0.0492769000120461,0.03269459999864921,0.0034223000111524016,0.0031182000238914043,0.006728100008331239,0.006976300006499514,0.000321599974995479
0.3,LP2 ($ 	heta $ Only),49,1267,0.0,,0,0,0,0,0.0,0.0,100.0,0.001191499992273748,0.0009407000034116209,4.749998333863914e-05,0.04060499998740852,0.07021410000743344,0.03340909999678843,0.003051599982427433,0.003510700014885515,0.0073413999925833195,0.0036102000158280134,0.00027219997718930244
0.3,LP3 ($ 	heta $ Only),0,42,0.0,,0,0,0,0,0.0,0.0,100.0,0.0038300000014714897,0.0018501000013202429,8.6199986981228e-05,0.05517970002256334,0.06234840000979602,0.03116710000904277,0.00466110001434572,0.0036964000028092414,0.003728800016688183,0.004996100004063919,0.0001084999821614474
0.3,LP3 ($ 	heta $ Only),1,43,0.0,,0,0,0,0,0.0,0.0,100.0,0.0007778000144753605,0.0009283999970648438,4.6600005589425564e-05,0.03672199998982251,0.050802499987185,0.019608200003858656,0.006773500004783273,0.0033364999981131405,0.003322800010209903,0.004979799996362999,0.0002114000089932233
0.3,LP3 ($ 	heta $ Only),2,45,0.0,,0,0,0,0,0.0,0.0,100.0,0.0007738999847788364,0.0009442000009585172,4.600000102072954e-05,0.03321569997933693,0.07108100000186823,0.030895200005033985,0.0029978000093251467,0.002965899999253452,0.0074047999805770814,0.0029386999958660454,0.0001086000120267272
0.3,LP3 ($ 	heta $ Only),3,48,0.0,,0,0,0,0,0.0,0.0,100.0,0.000894600001629442,0.0008919999818317592,5.2799994591623545e-05,0.04114020001725294,0.0562985000142362,0.03345799999078736,0.007647799997357652,0.002895499987062067,0.002878300001611933,0.0034681000106502324,0.00010760000441223383
0.3,LP3 ($ 	heta $ Only),4,52,0.0,,0,0,0,0,0.0,0.0,100.0,0.0009529000089969486,0.0030263999942690134,0.00011470000026747584,0.038190499995835125,0.06158550002146512,0.0501644000178203,0.0033368000003974885,0.0028224000125192106,0.0028116999892517924,0.004575300001306459,0.00016610001330263913
0.3,LP3 ($ 	heta $ Only),5,57,0.0,,0,0,0,0,0.0,0.0,100.0,0.0007555000192951411,0.0009569999820087105,4.689997876994312e-05,0.03463539999211207,0.06957849999889731,0.03740719999768771,0.003134200000204146,0.005413400009274483,0.004443599988007918,0.003310200001578778,0.00018339999951422215
0.3,LP3 ($ 	heta $ Only),6,63,0.0,,1,0,0,0,0.0,0.0,100.0,0.000749099999666214,0.0009541999897919595,0.0001252999936696142,0.038006699993275106,0.05694290000246838,0.09581289999186993,0.00497069998527877,0.008623499976238236,0.005345099983969703,0.006030999997165054,0.0002714000002015382
0.3,LP3 ($ 	heta $ Only),7,70,0.0,,0,0,0,0,0.0,0.0,100.0,0.048592999984975904,0.0034533999860286713,8.839997462928295e-05,0.06375800000387244,0.05870429999777116,0.03413740001269616,0.0033949000062420964,0.003235499985748902,0.003778700018301606,0.010360699990997091,0.00010810000821948051
0.3,LP3 ($ 	heta $ Only),8,78,0.0,,0,0,0,0,0.0,0.0,100.0,0.0009109000093303621,0.0010966999980155379,4.909999552182853e-05,0.03639380002277903,0.05122799999662675,0.03450840001460165,0.004477200011024252,0.004462800017790869,0.0028814999968744814,0.0028765999886672944,0.00010450000991113484
0.3,LP3 ($ 	heta $ Only),9,87,0.0,,0,0,0,0,0.0,0.0,100.0,0.005280999990645796,0.002689999993890524,5.470000905916095e-05,0.03679519999423064,0.05523979998542927,0.032739699992816895,0.002944700012449175,0.002797399996779859,0.009848499990766868,0.010669299983419478,0.00013830000534653664
0.3,LP3 ($ 	heta $ Only),10,97,0.0,,1,0,0,0,0.0,0.0,100.0,0.002075600001262501,0.0016924000228755176,0.00014930000179447234,0.060782000015024096,0.051504100003512576,0.020052400010172278,0.0028329000051598996,0.0032982999982777983,0.0071029000100679696,0.0027611000114120543,0.00011160000576637685
0.3,LP3 ($ 	heta $ Only),11,108,0.0,,1,0,0,0,0.0,0.0,100.0,0.0009004000166896731,0.0010272999934386462,0.0001278999843634665,0.03645189999951981,0.051455199980409816,0.023286800016649067,0.0028986000106669962,0.0026790999982040375,0.002660500002093613,0.00265360000776127,0.00010309999925084412
0.3,LP3 ($ 	heta $ Only),12,120,0.0,,0,0,0,0,0.0,0.0,100.0,0.0007509999850299209,0.0009639000054448843,4.779998562298715e-05,0.030840699997497723,0.06830939999781549,0.06307080000988208,0.008122500003082678,0.007864100014558062,0.0061440999852493405,0.006048499984899536,0.00015050001093186438
0.3,LP3 ($ 	heta $ Only),13,133,0.0,,0,0,0,0,0.0,0.0,100.0,0.0008145000028889626,0.0008793000015430152,4.830001853406429e-05,0.035129700001562014,0.05481660002260469,0.03600689998711459,0.006374899996444583,0.0028587999986484647,0.0033533000096213073,0.0030475000094156712,0.00010810000821948051
0.3,LP3 ($ 	heta $ Only),14,147,0.0,,0,0,0,0,0.0,0.0,100.0,0.0007726000039838254,0.0021223000076133758,9.90999978967011e-05,0.03156900001340546,0.0543865000072401,0.03069150002556853,0.0034611999872140586,0.003318899980513379,0.00649829997564666,0.002859800006262958,0.0001078000059351325
0.3,LP3 ($ 	heta $ Only),15,162,0.0,,0,0,0,0,0.0,0.0,100.0,0.0007760000007692724,0.0013077000039629638,8.910000906325877e-05,0.04162760000326671,0.10891260000062175,0.030810600001132116,0.0031003999756649137,0.002937300014309585,0.00374549999833107,0.002934599993750453,0.00010639999527484179
0.3,LP3 ($ 	heta $ Only),16,178,0.0,,0,0,0,0,0.0,0.0,100.0,0.0007636999944224954,0.001000499993097037,4.6200002543628216e-05,0.03478789998916909,0.053747300000395626,0.03729769997880794,0.005690199992386624,0.00737690000096336,0.007822199986549094,0.0029483999824151397,0.0001238000113517046
0.3,LP3 ($ 	heta $ Only),17,195,0.0,,0,0,0,0,0.0,0.0,100.0,0.0007685000018682331,0.0009528000082354993,4.640000406652689e-05,0.04450319998431951,0.05390090000582859,0.04122899999492802,0.0031635999912396073,0.0030186999938450754,0.0029900000081397593,0.003569599997717887,0.00010800000745803118
0.3,LP3 ($ 	heta $ Only),18,213,0.0,,0,0,0,0,0.0,0.0,100.0,0.007006699976045638,0.0008559999987483025,5.0000002374872565e-05,0.060211900010472164,0.0560434999933932,0.052599099988583475,0.0032805000082589686,0.003089699981501326,0.0031103999936021864,0.003350499988300726,0.00019099999917671084
0.3,LP3 ($ 	heta $ Only),19,232,0.0,,2,0,0,0,0.0,0.0,100.0,0.0007839000027161092,0.0022261000121943653,0.00017590000061318278,0.03769169998122379,0.05568770001991652,0.02987930001108907,0.005128000018885359,0.003353399981278926,0.002805099997203797,0.002557700005127117,9.729998419061303e-05
0.3,LP3 ($ 	heta $ Only),20,252,0.0,,0,0,0,0,0.0,0.0,100.0,0.0007647000020369887,0.004111099988222122,9.089999366551638e-05,0.04263309997622855,0.05514519999269396,0.04021380000631325,0.0036647999950218946,0.0030178999877534807,0.0036438000097405165,0.0031743000145070255,0.00010639999527484179
0.3,LP3 ($ 	heta $ Only),21,273,0.0,,0,0,0,0,0.0,0.0,100.0,0.0020083000126760453,0.0012396000092849135,9.289997979067266e-05,0.03157699998700991,0.1070719999843277,0.025540900009218603,0.00385509998886846,0.0033211999980267137,0.0034588999988045543,0.004609399999026209,0.0007838000019546598
0.3,LP3 ($ 	heta $ Only),22,295,0.0,,0,0,0,0,0.0,0.0,100.0,0.0007821999897714704,0.0008629999938420951,4.630000330507755e-05,0.037606700003379956,0.04874469997594133,0.019364100007805973,0.003211899980669841,0.003156000020680949,0.004749399988213554,0.003451099997619167,0.00018550001550465822
0.3,LP3 ($ 	heta $ Only),23,318,0.0,,0,0,0,0,0.0,0.0,100.0,0.000751299987314269,0.0008754000009503216,4.600000102072954e-05,0.038424600003054366,0.06014439999125898,0.04260230000363663,0.010572099999990314,0.006285300012677908,0.009087599988561124,0.004479499999433756,0.00010989999282173812
0.3,LP3 ($ 	heta $ Only),24,342,0.0,,0,0,0,0,0.0,0.0,100.0,0.00136160000693053,0.005065500008640811,9.539999882690609e-05,0.034865699999500066,0.052822900004684925,0.018446400004904717,0.0029633000085595995,0.003330500010633841,0.007217400008812547,0.0029439000063575804,0.0001109000004362315
0.3,LP3 ($ 	heta $ Only),25,367,0.0,,0,0,0,0,0.0,0.0,100.0,0.0009285999985877424,0.0010820000024978071,5.210001836530864e-05,0.042175999988103285,0.051184099982492626,0.02402839998831041,0.004282799985958263,0.007958400005009025,0.004607999988365918,0.004982099984772503,0.00030750001315027475
0.3,LP3 ($ 	heta $ Only),26,393,0.0,,0,0,0,0,0.0,0.0,100.0,0.005608800012851134,0.0016243999998550862,7.070001447573304e-05,0.06726630000048317,0.06860940001206473,0.029114399978425354,0.0036665000079665333,0.0033601000031922013,0.007311299996217713,0.002954900002805516,0.00010869998368434608
0.3,LP3 ($ 	heta $ Only),27,420,0.0,,0,0,0,0,0.0,0.0,100.0,0.0008345000096596777,0.00130969999008812,4.759998410008848e-05,0.03619860002072528,0.08051379999960773,0.03047080000396818,0.0037991000281181186,0.0034388999920338392,0.005095900007290766,0.0038243000162765384,0.00010999999358318746
0.3,LP3 ($ 	heta $ Only),28,448,0.0,,0,0,0,0,0.0,0.0,100.0,0.0007705000170972198,0.0009386000165250152,6.200000643730164e-05,0.03599669999675825,0.062193999998271465,0.022003699996275827,0.006595999991986901,0.0033733999880496413,0.0037609999999403954,0.002903100015828386,0.00010890001431107521
0.3,LP3 ($ 	heta $ Only),29,477,0.0,,0,0,0,0,0.0,0.0,100.0,0.0007543000101577491,0.0009820999985095114,4.909999552182853e-05,0.03603399998974055,0.05670699998154305,0.024980700021842495,0.004486399993766099,0.003592599998228252,0.002996700000949204,0.0029833000153303146,0.00010619999375194311
0.3,LP3 ($ 	heta $ Only),30,507,0.0,,0,0,0,0,0.0,0.0,100.0,0.0007731000077910721,0.001148499984992668,5.85000088904053e-05,0.030266899993875995,0.0672183999849949,0.04473310001776554,0.003132000012556091,0.0029966000001877546,0.005690199992386624,0.006137699994724244,0.0001406000228598714
0.3,LP3 ($ 	heta $ Only),31,538,0.0,,0,0,0,0,5.218048215738236e-15,16.666666666666668,83.33333333333333,0.0007936999900266528,0.0009456000116188079,5.09000092279166e-05,0.03652339999098331,0.0674678000214044,0.03958290000446141,0.0052118000166956335,0.0028122000221628696,0.003009000007295981,0.0029301999893505126,0.0001483999949414283
0.3,LP3 ($ 	heta $ Only),32,570,0.0,,0,0,0,0,0.0,0.0,100.0,0.0010993999894708395,0.0014587000187020749,0.00012729997979477048,0.04342979998909868,0.053690899978391826,0.03574490000028163,0.005297600000631064,0.0034645999839995056,0.003444000001763925,0.003467100003035739,0.00022640000679530203
0.3,LP3 ($ 	heta $ Only),33,603,0.0,,0,0,0,0,0.0,0.0,100.0,0.0010140000085812062,0.001881899981526658,9.190000128000975e-05,0.041830899979686365,0.04994630001601763,0.023375000018859282,0.00343440001597628,0.003314500005217269,0.0033204999926965684,0.0035849999985657632,0.00010619999375194311
0.3,LP3 ($ 	heta $ Only),34,637,0.0,,0,0,0,0,0.0,0.0,100.0,0.0007585000130347908,0.0008649999799672514,4.640000406652689e-05,0.033609300007810816,0.0807660999998916,0.025205599988112226,0.006568400014657527,0.004484200006118044,0.0033928999910131097,0.0047756999847479165,0.00010899998596869409
0.3,LP3 ($ 	heta $ Only),35,672,0.0,,0,0,0,0,0.0,0.0,100.0,0.0021340999810490757,0.0008548000187147409,6.980000762268901e-05,0.049351600027875975,0.057041000021854416,0.027011700003640726,0.003194799995981157,0.003694499988341704,0.002850299992132932,0.004724099999293685,0.00010969999129883945
0.3,LP3 ($ 	heta $ Only),36,708,0.0,,0,0,0,0,0.0,0.0,100.0,0.0013797999999951571,0.0009218000050168484,4.800001624971628e-05,0.03198969998629764,0.058137599990004674,0.1312379000009969,0.005514199991011992,0.00540490000275895,0.00656350000645034,0.03248689998872578,0.00011059999815188348
0.3,LP3 ($ 	heta $ Only),37,745,0.0,,0,0,0,0,0.0,0.0,100.0,0.0007793999975547194,0.0009117000154219568,5.549998604692519e-05,0.051082099991617724,0.05589359998703003,0.03275230000144802,0.00696349999634549,0.0028612000169232488,0.0035414000158198178,0.002838899992639199,0.00010550001752562821
0.3,LP3 ($ 	heta $ Only),38,783,0.0,,0,0,0,0,0.0,0.0,100.0,0.0007810999813955277,0.002054000011412427,6.370001938194036e-05,0.03862659999867901,0.059497699985513464,0.0348179999855347,0.004066699999384582,0.005085699987830594,0.0030319999787025154,0.002997900010086596,0.00010650002514012158
0.3,LP3 ($ 	heta $ Only),39,822,0.0,,0,0,0,0,0.0,0.0,100.0,0.003802399995038286,0.001073999999789521,5.3499999921768904e-05,0.04279460001271218,0.05565170000772923,0.05080540000926703,0.004154499998548999,0.0029084999987389892,0.0036102000158280134,0.007354100001975894,0.00011019999510608613
0.3,LP3 ($ 	heta $ Only),40,862,0.0,,1,0,0,0,0.0,0.0,100.0,0.0009452000085730106,0.0010203999991063029,0.00012929999502375722,0.03533129999414086,0.04519010000512935,0.018489700014470145,0.0028122000221628696,0.002661900012753904,0.0026376000023446977,0.00367139998706989,0.00027879999834112823
0.3,LP3 ($ 	heta $ Only),41,903,0.0,,0,0,0,0,0.0,0.0,100.0,0.0010312999947927892,0.0009520000021439046,4.789998638443649e-05,0.03830100002232939,0.052871799998683855,0.027563200012082234,0.0040936000004876405,0.0056727000046521425,0.0029316000000108033,0.002817700005834922,0.00010740000288933516
0.3,LP3 ($ 	heta $ Only),42,945,0.0,,0,0,0,0,0.0,0.0,100.0,0.000752499996451661,0.0008233000116888434,4.6200002543628216e-05,0.04732119999243878,0.05302330001723021,0.02914640001836233,0.007664200005820021,0.0029233999957796186,0.0028873000119347125,0.0034574999881442636,0.00010879998444579542
0.3,LP3 ($ 	heta $ Only),43,988,0.0,,0,0,0,0,0.0,0.0,100.0,0.0009538000158499926,0.0022566000116057694,6.990000838413835e-05,0.04144200001610443,0.05410530001972802,0.04037260002223775,0.0029827000107616186,0.0032804000074975193,0.003640800016000867,0.003922600008081645,0.00010740000288933516
0.3,LP3 ($ 	heta $ Only),44,1032,0.0,,0,0,0,0,0.0,0.0,100.0,0.0007593000191263855,0.0014793000009376556,4.6900007873773575e-05,0.0309271999867633,0.06781320000300184,0.032163299998501316,0.004422700003487989,0.005567299987887964,0.002979100012453273,0.00357810000423342,0.00012079998850822449
0.3,LP3 ($ 	heta $ Only),45,1077,0.0,,0,0,0,0,0.0,0.0,100.0,0.0007662999851163477,0.0014889999874867499,5.2499992307275534e-05,0.041186399990692735,0.054574000008869916,0.038237200002186,0.007821899984264746,0.006571499980054796,0.006359400023939088,0.006633900018641725,0.00010760000441223383
0.3,LP3 ($ 	heta $ Only),46,1123,0.0,,0,0,0,0,0.0,0.0,100.0,0.0007723000016994774,0.0008562000002712011,4.9700000090524554e-05,0.039943299983860925,0.06208969998988323,0.04101240000454709,0.00577980000525713,0.0030949999927543104,0.002964000013889745,0.003485499997623265,0.00010689999908208847
0.3,LP3 ($ 	heta $ Only),47,1170,0.0,,0,0,0,0,0.0,0.0,100.0,0.0012778000091202557,0.0017383999947924167,6.400002166628838e-05,0.04224180002347566,0.050895399996079504,0.02704670000821352,0.002971100009744987,0.0028107999823987484,0.0038681000005453825,0.002960700017865747,0.00010809997911565006
0.3,LP3 ($ 	heta $ Only),48,1218,0.0,,0,0,0,0,0.0,0.0,100.0,0.0036709000123664737,0.001003899989882484,5.2000017603859305e-05,0.04104300000471994,0.0492769000120461,0.03269459999864921,0.0034223000111524016,0.0031182000238914043,0.006728100008331239,0.006976300006499514,0.000321599974995479
0.3,LP3 ($ 	heta $ Only),49,1267,0.0,,0,0,0,0,0.0,0.0,100.0,0.001191499992273748,0.0009407000034116209,4.749998333863914e-05,0.04060499998740852,0.07021410000743344,0.03340909999678843,0.003051599982427433,0.003510700014885515,0.0073413999925833195,0.0036102000158280134,0.00027219997718930244
0.3,Weighted LP3 ($ 	heta $ Only),0,42,0.0,,0,0,0,0,0.0,0.0,100.0,0.0038300000014714897,0.0018501000013202429,8.6199986981228e-05,0.05517970002256334,0.06234840000979602,0.03116710000904277,0.00466110001434572,0.0036964000028092414,0.003728800016688183,0.004996100004063919,0.0001084999821614474
0.3,Weighted LP3 ($ 	heta $ Only),1,43,0.0,,0,0,0,0,0.0,0.0,100.0,0.0007778000144753605,0.0009283999970648438,4.6600005589425564e-05,0.03672199998982251,0.050802499987185,0.019608200003858656,0.006773500004783273,0.0033364999981131405,0.003322800010209903,0.004979799996362999,0.0002114000089932233
0.3,Weighted LP3 ($ 	heta $ Only),2,45,0.0,,0,0,0,0,0.0,0.0,100.0,0.0007738999847788364,0.0009442000009585172,4.600000102072954e-05,0.03321569997933693,0.07108100000186823,0.030895200005033985,0.0029978000093251467,0.002965899999253452,0.0074047999805770814,0.0029386999958660454,0.0001086000120267272
0.3,Weighted LP3 ($ 	heta $ Only),3,48,0.0,,0,0,0,0,0.0,0.0,100.0,0.000894600001629442,0.0008919999818317592,5.2799994591623545e-05,0.04114020001725294,0.0562985000142362,0.03345799999078736,0.007647799997357652,0.002895499987062067,0.002878300001611933,0.0034681000106502324,0.00010760000441223383
0.3,Weighted LP3 ($ 	heta $ Only),4,52,0.0,,0,0,0,0,0.0,0.0,100.0,0.0009529000089969486,0.0030263999942690134,0.00011470000026747584,0.038190499995835125,0.06158550002146512,0.0501644000178203,0.0033368000003974885,0.0028224000125192106,0.0028116999892517924,0.004575300001306459,0.00016610001330263913
0.3,Weighted LP3 ($ 	heta $ Only),5,57,0.0,,0,0,0,0,0.0,0.0,100.0,0.0007555000192951411,0.0009569999820087105,4.689997876994312e-05,0.03463539999211207,0.06957849999889731,0.03740719999768771,0.003134200000204146,0.005413400009274483,0.004443599988007918,0.003310200001578778,0.00018339999951422215
0.3,Weighted LP3 ($ 	heta $ Only),6,63,0.0,,1,0,0,0,0.0,0.0,100.0,0.000749099999666214,0.0009541999897919595,0.0001252999936696142,0.038006699993275106,0.05694290000246838,0.09581289999186993,0.00497069998527877,0.008623499976238236,0.005345099983969703,0.006030999997165054,0.0002714000002015382
0.3,Weighted LP3 ($ 	heta $ Only),7,70,0.0,,0,0,0,0,0.0,0.0,100.0,0.048592999984975904,0.0034533999860286713,8.839997462928295e-05,0.06375800000387244,0.05870429999777116,0.03413740001269616,0.0033949000062420964,0.003235499985748902,0.003778700018301606,0.010360699990997091,0.00010810000821948051
0.3,Weighted LP3 ($ 	heta $ Only),8,78,0.0,,0,0,0,0,0.0,0.0,100.0,0.0009109000093303621,0.0010966999980155379,4.909999552182853e-05,0.03639380002277903,0.05122799999662675,0.03450840001460165,0.004477200011024252,0.004462800017790869,0.0028814999968744814,0.0028765999886672944,0.00010450000991113484
0.3,Weighted LP3 ($ 	heta $ Only),9,87,0.0,,0,0,0,0,0.0,0.0,100.0,0.005280999990645796,0.002689999993890524,5.470000905916095e-05,0.03679519999423064,0.05523979998542927,0.032739699992816895,0.002944700012449175,0.002797399996779859,0.009848499990766868,0.010669299983419478,0.00013830000534653664
0.3,Weighted LP3 ($ 	heta $ Only),10,97,0.0,,1,0,0,0,0.0,0.0,100.0,0.002075600001262501,0.0016924000228755176,0.00014930000179447234,0.060782000015024096,0.051504100003512576,0.020052400010172278,0.0028329000051598996,0.0032982999982777983,0.0071029000100679696,0.0027611000114120543,0.00011160000576637685
0.3,Weighted LP3 ($ 	heta $ Only),11,108,0.0,,1,0,0,0,0.0,0.0,100.0,0.0009004000166896731,0.0010272999934386462,0.0001278999843634665,0.03645189999951981,0.051455199980409816,0.023286800016649067,0.0028986000106669962,0.0026790999982040375,0.002660500002093613,0.00265360000776127,0.00010309999925084412
0.3,Weighted LP3 ($ 	heta $ Only),12,120,0.0,,0,0,0,0,0.0,0.0,100.0,0.0007509999850299209,0.0009639000054448843,4.779998562298715e-05,0.030840699997497723,0.06830939999781549,0.06307080000988208,0.008122500003082678,0.007864100014558062,0.0061440999852493405,0.006048499984899536,0.00015050001093186438
0.3,Weighted LP3 ($ 	heta $ Only),13,133,0.0,,0,0,0,0,0.0,0.0,100.0,0.0008145000028889626,0.0008793000015430152,4.830001853406429e-05,0.035129700001562014,0.05481660002260469,0.03600689998711459,0.006374899996444583,0.0028587999986484647,0.0033533000096213073,0.0030475000094156712,0.00010810000821948051
0.3,Weighted LP3 ($ 	heta $ Only),14,147,0.0,,0,0,0,0,0.0,0.0,100.0,0.0007726000039838254,0.0021223000076133758,9.90999978967011e-05,0.03156900001340546,0.0543865000072401,0.03069150002556853,0.0034611999872140586,0.003318899980513379,0.00649829997564666,0.002859800006262958,0.0001078000059351325
0.3,Weighted LP3 ($ 	heta $ Only),15,162,0.0,,0,0,0,0,0.0,0.0,100.0,0.0007760000007692724,0.0013077000039629638,8.910000906325877e-05,0.04162760000326671,0.10891260000062175,0.030810600001132116,0.0031003999756649137,0.002937300014309585,0.00374549999833107,0.002934599993750453,0.00010639999527484179
0.3,Weighted LP3 ($ 	heta $ Only),16,178,0.0,,0,0,0,0,0.0,0.0,100.0,0.0007636999944224954,0.001000499993097037,4.6200002543628216e-05,0.03478789998916909,0.053747300000395626,0.03729769997880794,0.005690199992386624,0.00737690000096336,0.007822199986549094,0.0029483999824151397,0.0001238000113517046
0.3,Weighted LP3 ($ 	heta $ Only),17,195,0.0,,0,0,0,0,0.0,0.0,100.0,0.0007685000018682331,0.0009528000082354993,4.640000406652689e-05,0.04450319998431951,0.05390090000582859,0.04122899999492802,0.0031635999912396073,0.0030186999938450754,0.0029900000081397593,0.003569599997717887,0.00010800000745803118
0.3,Weighted LP3 ($ 	heta $ Only),18,213,0.0,,0,0,0,0,0.0,0.0,100.0,0.007006699976045638,0.0008559999987483025,5.0000002374872565e-05,0.060211900010472164,0.0560434999933932,0.052599099988583475,0.0032805000082589686,0.003089699981501326,0.0031103999936021864,0.003350499988300726,0.00019099999917671084
0.3,Weighted LP3 ($ 	heta $ Only),19,232,0.0,,2,0,0,0,0.0,0.0,100.0,0.0007839000027161092,0.0022261000121943653,0.00017590000061318278,0.03769169998122379,0.05568770001991652,0.02987930001108907,0.005128000018885359,0.003353399981278926,0.002805099997203797,0.002557700005127117,9.729998419061303e-05
0.3,Weighted LP3 ($ 	heta $ Only),20,252,0.0,,0,0,0,0,0.0,0.0,100.0,0.0007647000020369887,0.004111099988222122,9.089999366551638e-05,0.04263309997622855,0.05514519999269396,0.04021380000631325,0.0036647999950218946,0.0030178999877534807,0.0036438000097405165,0.0031743000145070255,0.00010639999527484179
0.3,Weighted LP3 ($ 	heta $ Only),21,273,0.0,,0,0,0,0,0.0,0.0,100.0,0.0020083000126760453,0.0012396000092849135,9.289997979067266e-05,0.03157699998700991,0.1070719999843277,0.025540900009218603,0.00385509998886846,0.0033211999980267137,0.0034588999988045543,0.004609399999026209,0.0007838000019546598
0.3,Weighted LP3 ($ 	heta $ Only),22,295,0.0,,0,0,0,0,0.0,0.0,100.0,0.0007821999897714704,0.0008629999938420951,4.630000330507755e-05,0.037606700003379956,0.04874469997594133,0.019364100007805973,0.003211899980669841,0.003156000020680949,0.004749399988213554,0.003451099997619167,0.00018550001550465822
0.3,Weighted LP3 ($ 	heta $ Only),23,318,0.0,,0,0,0,0,0.0,0.0,100.0,0.000751299987314269,0.0008754000009503216,4.600000102072954e-05,0.038424600003054366,0.06014439999125898,0.04260230000363663,0.010572099999990314,0.006285300012677908,0.009087599988561124,0.004479499999433756,0.00010989999282173812
0.3,Weighted LP3 ($ 	heta $ Only),24,342,0.0,,0,0,0,0,0.0,0.0,100.0,0.00136160000693053,0.005065500008640811,9.539999882690609e-05,0.034865699999500066,0.052822900004684925,0.018446400004904717,0.0029633000085595995,0.003330500010633841,0.007217400008812547,0.0029439000063575804,0.0001109000004362315
0.3,Weighted LP3 ($ 	heta $ Only),25,367,0.0,,0,0,0,0,0.0,0.0,100.0,0.0009285999985877424,0.0010820000024978071,5.210001836530864e-05,0.042175999988103285,0.051184099982492626,0.02402839998831041,0.004282799985958263,0.007958400005009025,0.004607999988365918,0.004982099984772503,0.00030750001315027475
0.3,Weighted LP3 ($ 	heta $ Only),26,393,0.0,,0,0,0,0,0.0,0.0,100.0,0.005608800012851134,0.0016243999998550862,7.070001447573304e-05,0.06726630000048317,0.06860940001206473,0.029114399978425354,0.0036665000079665333,0.0033601000031922013,0.007311299996217713,0.002954900002805516,0.00010869998368434608
0.3,Weighted LP3 ($ 	heta $ Only),27,420,0.0,,0,0,0,0,0.0,0.0,100.0,0.0008345000096596777,0.00130969999008812,4.759998410008848e-05,0.03619860002072528,0.08051379999960773,0.03047080000396818,0.0037991000281181186,0.0034388999920338392,0.005095900007290766,0.0038243000162765384,0.00010999999358318746
0.3,Weighted LP3 ($ 	heta $ Only),28,448,0.0,,0,0,0,0,0.0,0.0,100.0,0.0007705000170972198,0.0009386000165250152,6.200000643730164e-05,0.03599669999675825,0.062193999998271465,0.022003699996275827,0.006595999991986901,0.0033733999880496413,0.0037609999999403954,0.002903100015828386,0.00010890001431107521
0.3,Weighted LP3 ($ 	heta $ Only),29,477,0.0,,0,0,0,0,0.0,0.0,100.0,0.0007543000101577491,0.0009820999985095114,4.909999552182853e-05,0.03603399998974055,0.05670699998154305,0.024980700021842495,0.004486399993766099,0.003592599998228252,0.002996700000949204,0.0029833000153303146,0.00010619999375194311
0.3,Weighted LP3 ($ 	heta $ Only),30,507,0.0,,0,0,0,0,0.0,0.0,100.0,0.0007731000077910721,0.001148499984992668,5.85000088904053e-05,0.030266899993875995,0.0672183999849949,0.04473310001776554,0.003132000012556091,0.0029966000001877546,0.005690199992386624,0.006137699994724244,0.0001406000228598714
0.3,Weighted LP3 ($ 	heta $ Only),31,538,0.0,,0,0,0,0,5.218048215738236e-15,16.666666666666668,83.33333333333333,0.0007936999900266528,0.0009456000116188079,5.09000092279166e-05,0.03652339999098331,0.0674678000214044,0.03958290000446141,0.0052118000166956335,0.0028122000221628696,0.003009000007295981,0.0029301999893505126,0.0001483999949414283
0.3,Weighted LP3 ($ 	heta $ Only),32,570,0.0,,0,0,0,0,0.0,0.0,100.0,0.0010993999894708395,0.0014587000187020749,0.00012729997979477048,0.04342979998909868,0.053690899978391826,0.03574490000028163,0.005297600000631064,0.0034645999839995056,0.003444000001763925,0.003467100003035739,0.00022640000679530203
0.3,Weighted LP3 ($ 	heta $ Only),33,603,0.0,,0,0,0,0,0.0,0.0,100.0,0.0010140000085812062,0.001881899981526658,9.190000128000975e-05,0.041830899979686365,0.04994630001601763,0.023375000018859282,0.00343440001597628,0.003314500005217269,0.0033204999926965684,0.0035849999985657632,0.00010619999375194311
0.3,Weighted LP3 ($ 	heta $ Only),34,637,0.0,,0,0,0,0,0.0,0.0,100.0,0.0007585000130347908,0.0008649999799672514,4.640000406652689e-05,0.033609300007810816,0.0807660999998916,0.025205599988112226,0.006568400014657527,0.004484200006118044,0.0033928999910131097,0.0047756999847479165,0.00010899998596869409
0.3,Weighted LP3 ($ 	heta $ Only),35,672,0.0,,0,0,0,0,0.0,0.0,100.0,0.0021340999810490757,0.0008548000187147409,6.980000762268901e-05,0.049351600027875975,0.057041000021854416,0.027011700003640726,0.003194799995981157,0.003694499988341704,0.002850299992132932,0.004724099999293685,0.00010969999129883945
0.3,Weighted LP3 ($ 	heta $ Only),36,708,0.0,,0,0,0,0,0.0,0.0,100.0,0.0013797999999951571,0.0009218000050168484,4.800001624971628e-05,0.03198969998629764,0.058137599990004674,0.1312379000009969,0.005514199991011992,0.00540490000275895,0.00656350000645034,0.03248689998872578,0.00011059999815188348
0.3,Weighted LP3 ($ 	heta $ Only),37,745,0.0,,0,0,0,0,0.0,0.0,100.0,0.0007793999975547194,0.0009117000154219568,5.549998604692519e-05,0.051082099991617724,0.05589359998703003,0.03275230000144802,0.00696349999634549,0.0028612000169232488,0.0035414000158198178,0.002838899992639199,0.00010550001752562821
0.3,Weighted LP3 ($ 	heta $ Only),38,783,0.0,,0,0,0,0,0.0,0.0,100.0,0.0007810999813955277,0.002054000011412427,6.370001938194036e-05,0.03862659999867901,0.059497699985513464,0.0348179999855347,0.004066699999384582,0.005085699987830594,0.0030319999787025154,0.002997900010086596,0.00010650002514012158
0.3,Weighted LP3 ($ 	heta $ Only),39,822,0.0,,0,0,0,0,0.0,0.0,100.0,0.003802399995038286,0.001073999999789521,5.3499999921768904e-05,0.04279460001271218,0.05565170000772923,0.05080540000926703,0.004154499998548999,0.0029084999987389892,0.0036102000158280134,0.007354100001975894,0.00011019999510608613
0.3,Weighted LP3 ($ 	heta $ Only),40,862,0.0,,1,0,0,0,0.0,0.0,100.0,0.0009452000085730106,0.0010203999991063029,0.00012929999502375722,0.03533129999414086,0.04519010000512935,0.018489700014470145,0.0028122000221628696,0.002661900012753904,0.0026376000023446977,0.00367139998706989,0.00027879999834112823
0.3,Weighted LP3 ($ 	heta $ Only),41,903,0.0,,0,0,0,0,0.0,0.0,100.0,0.0010312999947927892,0.0009520000021439046,4.789998638443649e-05,0.03830100002232939,0.052871799998683855,0.027563200012082234,0.0040936000004876405,0.0056727000046521425,0.0029316000000108033,0.002817700005834922,0.00010740000288933516
0.3,Weighted LP3 ($ 	heta $ Only),42,945,0.0,,0,0,0,0,0.0,0.0,100.0,0.000752499996451661,0.0008233000116888434,4.6200002543628216e-05,0.04732119999243878,0.05302330001723021,0.02914640001836233,0.007664200005820021,0.0029233999957796186,0.0028873000119347125,0.0034574999881442636,0.00010879998444579542
0.3,Weighted LP3 ($ 	heta $ Only),43,988,0.0,,0,0,0,0,0.0,0.0,100.0,0.0009538000158499926,0.0022566000116057694,6.990000838413835e-05,0.04144200001610443,0.05410530001972802,0.04037260002223775,0.0029827000107616186,0.0032804000074975193,0.003640800016000867,0.003922600008081645,0.00010740000288933516
0.3,Weighted LP3 ($ 	heta $ Only),44,1032,0.0,,0,0,0,0,0.0,0.0,100.0,0.0007593000191263855,0.0014793000009376556,4.6900007873773575e-05,0.0309271999867633,0.06781320000300184,0.032163299998501316,0.004422700003487989,0.005567299987887964,0.002979100012453273,0.00357810000423342,0.00012079998850822449
0.3,Weighted LP3 ($ 	heta $ Only),45,1077,0.0,,0,0,0,0,0.0,0.0,100.0,0.0007662999851163477,0.0014889999874867499,5.2499992307275534e-05,0.041186399990692735,0.054574000008869916,0.038237200002186,0.007821899984264746,0.006571499980054796,0.006359400023939088,0.006633900018641725,0.00010760000441223383
0.3,Weighted LP3 ($ 	heta $ Only),46,1123,0.0,,0,0,0,0,0.0,0.0,100.0,0.0007723000016994774,0.0008562000002712011,4.9700000090524554e-05,0.039943299983860925,0.06208969998988323,0.04101240000454709,0.00577980000525713,0.0030949999927543104,0.002964000013889745,0.003485499997623265,0.00010689999908208847
0.3,Weighted LP3 ($ 	heta $ Only),47,1170,0.0,,0,0,0,0,0.0,0.0,100.0,0.0012778000091202557,0.0017383999947924167,6.400002166628838e-05,0.04224180002347566,0.050895399996079504,0.02704670000821352,0.002971100009744987,0.0028107999823987484,0.0038681000005453825,0.002960700017865747,0.00010809997911565006
0.3,Weighted LP3 ($ 	heta $ Only),48,1218,0.0,,0,0,0,0,0.0,0.0,100.0,0.0036709000123664737,0.001003899989882484,5.2000017603859305e-05,0.04104300000471994,0.0492769000120461,0.03269459999864921,0.0034223000111524016,0.0031182000238914043,0.006728100008331239,0.006976300006499514,0.000321599974995479
0.3,Weighted LP3 ($ 	heta $ Only),49,1267,0.0,,0,0,0,0,0.0,0.0,100.0,0.001191499992273748,0.0009407000034116209,4.749998333863914e-05,0.04060499998740852,0.07021410000743344,0.03340909999678843,0.003051599982427433,0.003510700014885515,0.0073413999925833195,0.0036102000158280134,0.00027219997718930244
0.3,Borda LP3 ($ 	heta $ Only),0,42,0.0,,0,0,0,0,0.0,0.0,100.0,0.0038300000014714897,0.0018501000013202429,8.6199986981228e-05,0.05517970002256334,0.06234840000979602,0.03116710000904277,0.00466110001434572,0.0036964000028092414,0.003728800016688183,0.004996100004063919,0.0001084999821614474
0.3,Borda LP3 ($ 	heta $ Only),1,43,0.0,,0,0,0,0,0.0,0.0,100.0,0.0007778000144753605,0.0009283999970648438,4.6600005589425564e-05,0.03672199998982251,0.050802499987185,0.019608200003858656,0.006773500004783273,0.0033364999981131405,0.003322800010209903,0.004979799996362999,0.0002114000089932233
0.3,Borda LP3 ($ 	heta $ Only),2,45,0.0,,0,0,0,0,0.0,0.0,100.0,0.0007738999847788364,0.0009442000009585172,4.600000102072954e-05,0.03321569997933693,0.07108100000186823,0.030895200005033985,0.0029978000093251467,0.002965899999253452,0.0074047999805770814,0.0029386999958660454,0.0001086000120267272
0.3,Borda LP3 ($ 	heta $ Only),3,48,0.0,,0,0,0,0,0.0,0.0,100.0,0.000894600001629442,0.0008919999818317592,5.2799994591623545e-05,0.04114020001725294,0.0562985000142362,0.03345799999078736,0.007647799997357652,0.002895499987062067,0.002878300001611933,0.0034681000106502324,0.00010760000441223383
0.3,Borda LP3 ($ 	heta $ Only),4,52,0.0,,0,0,0,0,0.0,0.0,100.0,0.0009529000089969486,0.0030263999942690134,0.00011470000026747584,0.038190499995835125,0.06158550002146512,0.0501644000178203,0.0033368000003974885,0.0028224000125192106,0.0028116999892517924,0.004575300001306459,0.00016610001330263913
0.3,Borda LP3 ($ 	heta $ Only),5,57,0.0,,0,0,0,0,0.0,0.0,100.0,0.0007555000192951411,0.0009569999820087105,4.689997876994312e-05,0.03463539999211207,0.06957849999889731,0.03740719999768771,0.003134200000204146,0.005413400009274483,0.004443599988007918,0.003310200001578778,0.00018339999951422215
0.3,Borda LP3 ($ 	heta $ Only),6,63,0.0,,1,0,0,0,0.0,0.0,100.0,0.000749099999666214,0.0009541999897919595,0.0001252999936696142,0.038006699993275106,0.05694290000246838,0.09581289999186993,0.00497069998527877,0.008623499976238236,0.005345099983969703,0.006030999997165054,0.0002714000002015382
0.3,Borda LP3 ($ 	heta $ Only),7,70,0.0,,0,0,0,0,0.0,0.0,100.0,0.048592999984975904,0.0034533999860286713,8.839997462928295e-05,0.06375800000387244,0.05870429999777116,0.03413740001269616,0.0033949000062420964,0.003235499985748902,0.003778700018301606,0.010360699990997091,0.00010810000821948051
0.3,Borda LP3 ($ 	heta $ Only),8,78,0.0,,0,0,0,0,0.0,0.0,100.0,0.0009109000093303621,0.0010966999980155379,4.909999552182853e-05,0.03639380002277903,0.05122799999662675,0.03450840001460165,0.004477200011024252,0.004462800017790869,0.0028814999968744814,0.0028765999886672944,0.00010450000991113484
0.3,Borda LP3 ($ 	heta $ Only),9,87,0.0,,0,0,0,0,0.0,0.0,100.0,0.005280999990645796,0.002689999993890524,5.470000905916095e-05,0.03679519999423064,0.05523979998542927,0.032739699992816895,0.002944700012449175,0.002797399996779859,0.009848499990766868,0.010669299983419478,0.00013830000534653664
0.3,Borda LP3 ($ 	heta $ Only),10,97,0.0,,1,0,0,0,0.0,0.0,100.0,0.002075600001262501,0.0016924000228755176,0.00014930000179447234,0.060782000015024096,0.051504100003512576,0.020052400010172278,0.0028329000051598996,0.0032982999982777983,0.0071029000100679696,0.0027611000114120543,0.00011160000576637685
0.3,Borda LP3 ($ 	heta $ Only),11,108,0.0,,1,0,0,0,0.0,0.0,100.0,0.0009004000166896731,0.0010272999934386462,0.0001278999843634665,0.03645189999951981,0.051455199980409816,0.023286800016649067,0.0028986000106669962,0.0026790999982040375,0.002660500002093613,0.00265360000776127,0.00010309999925084412
0.3,Borda LP3 ($ 	heta $ Only),12,120,0.0,,0,0,0,0,0.0,0.0,100.0,0.0007509999850299209,0.0009639000054448843,4.779998562298715e-05,0.030840699997497723,0.06830939999781549,0.06307080000988208,0.008122500003082678,0.007864100014558062,0.0061440999852493405,0.006048499984899536,0.00015050001093186438
0.3,Borda LP3 ($ 	heta $ Only),13,133,0.0,,0,0,0,0,0.0,0.0,100.0,0.0008145000028889626,0.0008793000015430152,4.830001853406429e-05,0.035129700001562014,0.05481660002260469,0.03600689998711459,0.006374899996444583,0.0028587999986484647,0.0033533000096213073,0.0030475000094156712,0.00010810000821948051
0.3,Borda LP3 ($ 	heta $ Only),14,147,0.0,,0,0,0,0,0.0,0.0,100.0,0.0007726000039838254,0.0021223000076133758,9.90999978967011e-05,0.03156900001340546,0.0543865000072401,0.03069150002556853,0.0034611999872140586,0.003318899980513379,0.00649829997564666,0.002859800006262958,0.0001078000059351325
0.3,Borda LP3 ($ 	heta $ Only),15,162,0.0,,0,0,0,0,0.0,0.0,100.0,0.0007760000007692724,0.0013077000039629638,8.910000906325877e-05,0.04162760000326671,0.10891260000062175,0.030810600001132116,0.0031003999756649137,0.002937300014309585,0.00374549999833107,0.002934599993750453,0.00010639999527484179
0.3,Borda LP3 ($ 	heta $ Only),16,178,0.0,,0,0,0,0,0.0,0.0,100.0,0.0007636999944224954,0.001000499993097037,4.6200002543628216e-05,0.03478789998916909,0.053747300000395626,0.03729769997880794,0.005690199992386624,0.00737690000096336,0.007822199986549094,0.0029483999824151397,0.0001238000113517046
0.3,Borda LP3 ($ 	heta $ Only),17,195,0.0,,0,0,0,0,0.0,0.0,100.0,0.0007685000018682331,0.0009528000082354993,4.640000406652689e-05,0.04450319998431951,0.05390090000582859,0.04122899999492802,0.0031635999912396073,0.0030186999938450754,0.0029900000081397593,0.003569599997717887,0.00010800000745803118
0.3,Borda LP3 ($ 	heta $ Only),18,213,0.0,,0,0,0,0,0.0,0.0,100.0,0.007006699976045638,0.0008559999987483025,5.0000002374872565e-05,0.060211900010472164,0.0560434999933932,0.052599099988583475,0.0032805000082589686,0.003089699981501326,0.0031103999936021864,0.003350499988300726,0.00019099999917671084
0.3,Borda LP3 ($ 	heta $ Only),19,232,0.0,,2,0,0,0,0.0,0.0,100.0,0.0007839000027161092,0.0022261000121943653,0.00017590000061318278,0.03769169998122379,0.05568770001991652,0.02987930001108907,0.005128000018885359,0.003353399981278926,0.002805099997203797,0.002557700005127117,9.729998419061303e-05
0.3,Borda LP3 ($ 	heta $ Only),20,252,0.0,,0,0,0,0,0.0,0.0,100.0,0.0007647000020369887,0.004111099988222122,9.089999366551638e-05,0.04263309997622855,0.05514519999269396,0.04021380000631325,0.0036647999950218946,0.0030178999877534807,0.0036438000097405165,0.0031743000145070255,0.00010639999527484179
0.3,Borda LP3 ($ 	heta $ Only),21,273,0.0,,0,0,0,0,0.0,0.0,100.0,0.0020083000126760453,0.0012396000092849135,9.289997979067266e-05,0.03157699998700991,0.1070719999843277,0.025540900009218603,0.00385509998886846,0.0033211999980267137,0.0034588999988045543,0.004609399999026209,0.0007838000019546598
0.3,Borda LP3 ($ 	heta $ Only),22,295,0.0,,0,0,0,0,0.0,0.0,100.0,0.0007821999897714704,0.0008629999938420951,4.630000330507755e-05,0.037606700003379956,0.04874469997594133,0.019364100007805973,0.003211899980669841,0.003156000020680949,0.004749399988213554,0.003451099997619167,0.00018550001550465822
0.3,Borda LP3 ($ 	heta $ Only),23,318,0.0,,0,0,0,0,0.0,0.0,100.0,0.000751299987314269,0.0008754000009503216,4.600000102072954e-05,0.038424600003054366,0.06014439999125898,0.04260230000363663,0.010572099999990314,0.006285300012677908,0.009087599988561124,0.004479499999433756,0.00010989999282173812
0.3,Borda LP3 ($ 	heta $ Only),24,342,0.0,,0,0,0,0,0.0,0.0,100.0,0.00136160000693053,0.005065500008640811,9.539999882690609e-05,0.034865699999500066,0.052822900004684925,0.018446400004904717,0.0029633000085595995,0.003330500010633841,0.007217400008812547,0.0029439000063575804,0.0001109000004362315
0.3,Borda LP3 ($ 	heta $ Only),25,367,0.0,,0,0,0,0,0.0,0.0,100.0,0.0009285999985877424,0.0010820000024978071,5.210001836530864e-05,0.042175999988103285,0.051184099982492626,0.02402839998831041,0.004282799985958263,0.007958400005009025,0.004607999988365918,0.004982099984772503,0.00030750001315027475
0.3,Borda LP3 ($ 	heta $ Only),26,393,0.0,,0,0,0,0,0.0,0.0,100.0,0.005608800012851134,0.0016243999998550862,7.070001447573304e-05,0.06726630000048317,0.06860940001206473,0.029114399978425354,0.0036665000079665333,0.0033601000031922013,0.007311299996217713,0.002954900002805516,0.00010869998368434608
0.3,Borda LP3 ($ 	heta $ Only),27,420,0.0,,0,0,0,0,0.0,0.0,100.0,0.0008345000096596777,0.00130969999008812,4.759998410008848e-05,0.03619860002072528,0.08051379999960773,0.03047080000396818,0.0037991000281181186,0.0034388999920338392,0.005095900007290766,0.0038243000162765384,0.00010999999358318746
0.3,Borda LP3 ($ 	heta $ Only),28,448,0.0,,0,0,0,0,0.0,0.0,100.0,0.0007705000170972198,0.0009386000165250152,6.200000643730164e-05,0.03599669999675825,0.062193999998271465,0.022003699996275827,0.006595999991986901,0.0033733999880496413,0.0037609999999403954,0.002903100015828386,0.00010890001431107521
0.3,Borda LP3 ($ 	heta $ Only),29,477,0.0,,0,0,0,0,0.0,0.0,100.0,0.0007543000101577491,0.0009820999985095114,4.909999552182853e-05,0.03603399998974055,0.05670699998154305,0.024980700021842495,0.004486399993766099,0.003592599998228252,0.002996700000949204,0.0029833000153303146,0.00010619999375194311
0.3,Borda LP3 ($ 	heta $ Only),30,507,0.0,,0,0,0,0,0.0,0.0,100.0,0.0007731000077910721,0.001148499984992668,5.85000088904053e-05,0.030266899993875995,0.0672183999849949,0.04473310001776554,0.003132000012556091,0.0029966000001877546,0.005690199992386624,0.006137699994724244,0.0001406000228598714
0.3,Borda LP3 ($ 	heta $ Only),31,538,0.0,,0,0,0,0,5.218048215738236e-15,16.666666666666668,83.33333333333333,0.0007936999900266528,0.0009456000116188079,5.09000092279166e-05,0.03652339999098331,0.0674678000214044,0.03958290000446141,0.0052118000166956335,0.0028122000221628696,0.003009000007295981,0.0029301999893505126,0.0001483999949414283
0.3,Borda LP3 ($ 	heta $ Only),32,570,0.0,,0,0,0,0,0.0,0.0,100.0,0.0010993999894708395,0.0014587000187020749,0.00012729997979477048,0.04342979998909868,0.053690899978391826,0.03574490000028163,0.005297600000631064,0.0034645999839995056,0.003444000001763925,0.003467100003035739,0.00022640000679530203
0.3,Borda LP3 ($ 	heta $ Only),33,603,0.0,,0,0,0,0,0.0,0.0,100.0,0.0010140000085812062,0.001881899981526658,9.190000128000975e-05,0.041830899979686365,0.04994630001601763,0.023375000018859282,0.00343440001597628,0.003314500005217269,0.0033204999926965684,0.0035849999985657632,0.00010619999375194311
0.3,Borda LP3 ($ 	heta $ Only),34,637,0.0,,0,0,0,0,0.0,0.0,100.0,0.0007585000130347908,0.0008649999799672514,4.640000406652689e-05,0.033609300007810816,0.0807660999998916,0.025205599988112226,0.006568400014657527,0.004484200006118044,0.0033928999910131097,0.0047756999847479165,0.00010899998596869409
0.3,Borda LP3 ($ 	heta $ Only),35,672,0.0,,0,0,0,0,0.0,0.0,100.0,0.0021340999810490757,0.0008548000187147409,6.980000762268901e-05,0.049351600027875975,0.057041000021854416,0.027011700003640726,0.003194799995981157,0.003694499988341704,0.002850299992132932,0.004724099999293685,0.00010969999129883945
0.3,Borda LP3 ($ 	heta $ Only),36,708,0.0,,0,0,0,0,0.0,0.0,100.0,0.0013797999999951571,0.0009218000050168484,4.800001624971628e-05,0.03198969998629764,0.058137599990004674,0.1312379000009969,0.005514199991011992,0.00540490000275895,0.00656350000645034,0.03248689998872578,0.00011059999815188348
0.3,Borda LP3 ($ 	heta $ Only),37,745,0.0,,0,0,0,0,0.0,0.0,100.0,0.0007793999975547194,0.0009117000154219568,5.549998604692519e-05,0.051082099991617724,0.05589359998703003,0.03275230000144802,0.00696349999634549,0.0028612000169232488,0.0035414000158198178,0.002838899992639199,0.00010550001752562821
0.3,Borda LP3 ($ 	heta $ Only),38,783,0.0,,0,0,0,0,0.0,0.0,100.0,0.0007810999813955277,0.002054000011412427,6.370001938194036e-05,0.03862659999867901,0.059497699985513464,0.0348179999855347,0.004066699999384582,0.005085699987830594,0.0030319999787025154,0.002997900010086596,0.00010650002514012158
0.3,Borda LP3 ($ 	heta $ Only),39,822,0.0,,0,0,0,0,0.0,0.0,100.0,0.003802399995038286,0.001073999999789521,5.3499999921768904e-05,0.04279460001271218,0.05565170000772923,0.05080540000926703,0.004154499998548999,0.0029084999987389892,0.0036102000158280134,0.007354100001975894,0.00011019999510608613
0.3,Borda LP3 ($ 	heta $ Only),40,862,0.0,,1,0,0,0,0.0,0.0,100.0,0.0009452000085730106,0.0010203999991063029,0.00012929999502375722,0.03533129999414086,0.04519010000512935,0.018489700014470145,0.0028122000221628696,0.002661900012753904,0.0026376000023446977,0.00367139998706989,0.00027879999834112823
0.3,Borda LP3 ($ 	heta $ Only),41,903,0.0,,0,0,0,0,0.0,0.0,100.0,0.0010312999947927892,0.0009520000021439046,4.789998638443649e-05,0.03830100002232939,0.052871799998683855,0.027563200012082234,0.0040936000004876405,0.0056727000046521425,0.0029316000000108033,0.002817700005834922,0.00010740000288933516
0.3,Borda LP3 ($ 	heta $ Only),42,945,0.0,,0,0,0,0,0.0,0.0,100.0,0.000752499996451661,0.0008233000116888434,4.6200002543628216e-05,0.04732119999243878,0.05302330001723021,0.02914640001836233,0.007664200005820021,0.0029233999957796186,0.0028873000119347125,0.0034574999881442636,0.00010879998444579542
0.3,Borda LP3 ($ 	heta $ Only),43,988,0.0,,0,0,0,0,0.0,0.0,100.0,0.0009538000158499926,0.0022566000116057694,6.990000838413835e-05,0.04144200001610443,0.05410530001972802,0.04037260002223775,0.0029827000107616186,0.0032804000074975193,0.003640800016000867,0.003922600008081645,0.00010740000288933516
0.3,Borda LP3 ($ 	heta $ Only),44,1032,0.0,,0,0,0,0,0.0,0.0,100.0,0.0007593000191263855,0.0014793000009376556,4.6900007873773575e-05,0.0309271999867633,0.06781320000300184,0.032163299998501316,0.004422700003487989,0.005567299987887964,0.002979100012453273,0.00357810000423342,0.00012079998850822449
0.3,Borda LP3 ($ 	heta $ Only),45,1077,0.0,,0,0,0,0,0.0,0.0,100.0,0.0007662999851163477,0.0014889999874867499,5.2499992307275534e-05,0.041186399990692735,0.054574000008869916,0.038237200002186,0.007821899984264746,0.006571499980054796,0.006359400023939088,0.006633900018641725,0.00010760000441223383
0.3,Borda LP3 ($ 	heta $ Only),46,1123,0.0,,0,0,0,0,0.0,0.0,100.0,0.0007723000016994774,0.0008562000002712011,4.9700000090524554e-05,0.039943299983860925,0.06208969998988323,0.04101240000454709,0.00577980000525713,0.0030949999927543104,0.002964000013889745,0.003485499997623265,0.00010689999908208847
0.3,Borda LP3 ($ 	heta $ Only),47,1170,0.0,,0,0,0,0,0.0,0.0,100.0,0.0012778000091202557,0.0017383999947924167,6.400002166628838e-05,0.04224180002347566,0.050895399996079504,0.02704670000821352,0.002971100009744987,0.0028107999823987484,0.0038681000005453825,0.002960700017865747,0.00010809997911565006
0.3,Borda LP3 ($ 	heta $ Only),48,1218,0.0,,0,0,0,0,0.0,0.0,100.0,0.0036709000123664737,0.001003899989882484,5.2000017603859305e-05,0.04104300000471994,0.0492769000120461,0.03269459999864921,0.0034223000111524016,0.0031182000238914043,0.006728100008331239,0.006976300006499514,0.000321599974995479
0.3,Borda LP3 ($ 	heta $ Only),49,1267,0.0,,0,0,0,0,0.0,0.0,100.0,0.001191499992273748,0.0009407000034116209,4.749998333863914e-05,0.04060499998740852,0.07021410000743344,0.03340909999678843,0.003051599982427433,0.003510700014885515,0.0073413999925833195,0.0036102000158280134,0.00027219997718930244
0.3,Linear BTL,0,42,,-15.026925764355429,0,1,0,1,,,,0.0038300000014714897,0.0018501000013202429,8.6199986981228e-05,0.05517970002256334,0.06234840000979602,0.03116710000904277,0.00466110001434572,0.0036964000028092414,0.003728800016688183,0.004996100004063919,0.0001084999821614474
0.3,Linear BTL,1,43,,-20.807590676607838,0,2,0,2,,,,0.0007778000144753605,0.0009283999970648438,4.6600005589425564e-05,0.03672199998982251,0.050802499987185,0.019608200003858656,0.006773500004783273,0.0033364999981131405,0.003322800010209903,0.004979799996362999,0.0002114000089932233
0.3,Linear BTL,2,45,,-10.344314471453961,0,0,0,0,,,,0.0007738999847788364,0.0009442000009585172,4.600000102072954e-05,0.03321569997933693,0.07108100000186823,0.030895200005033985,0.0029978000093251467,0.002965899999253452,0.0074047999805770814,0.0029386999958660454,0.0001086000120267272
0.3,Linear BTL,3,48,,-11.668401460868779,0,0,0,0,,,,0.000894600001629442,0.0008919999818317592,5.2799994591623545e-05,0.04114020001725294,0.0562985000142362,0.03345799999078736,0.007647799997357652,0.002895499987062067,0.002878300001611933,0.0034681000106502324,0.00010760000441223383
0.3,Linear BTL,4,52,,-4.237095393054435,0,0,0,0,,,,0.0009529000089969486,0.0030263999942690134,0.00011470000026747584,0.038190499995835125,0.06158550002146512,0.0501644000178203,0.0033368000003974885,0.0028224000125192106,0.0028116999892517924,0.004575300001306459,0.00016610001330263913
0.3,Linear BTL,5,57,,-6.692356347468753,0,1,0,1,,,,0.0007555000192951411,0.0009569999820087105,4.689997876994312e-05,0.03463539999211207,0.06957849999889731,0.03740719999768771,0.003134200000204146,0.005413400009274483,0.004443599988007918,0.003310200001578778,0.00018339999951422215
0.3,Linear BTL,6,63,,-20.8193609700314,1,1,0,1,,,,0.000749099999666214,0.0009541999897919595,0.0001252999936696142,0.038006699993275106,0.05694290000246838,0.09581289999186993,0.00497069998527877,0.008623499976238236,0.005345099983969703,0.006030999997165054,0.0002714000002015382
0.3,Linear BTL,7,70,,-15.991190802302542,0,1,0,1,,,,0.048592999984975904,0.0034533999860286713,8.839997462928295e-05,0.06375800000387244,0.05870429999777116,0.03413740001269616,0.0033949000062420964,0.003235499985748902,0.003778700018301606,0.010360699990997091,0.00010810000821948051
0.3,Linear BTL,8,78,,-4.782951540717223,0,0,0,0,,,,0.0009109000093303621,0.0010966999980155379,4.909999552182853e-05,0.03639380002277903,0.05122799999662675,0.03450840001460165,0.004477200011024252,0.004462800017790869,0.0028814999968744814,0.0028765999886672944,0.00010450000991113484
0.3,Linear BTL,9,87,,-11.529742481123204,0,0,0,0,,,,0.005280999990645796,0.002689999993890524,5.470000905916095e-05,0.03679519999423064,0.05523979998542927,0.032739699992816895,0.002944700012449175,0.002797399996779859,0.009848499990766868,0.010669299983419478,0.00013830000534653664
0.3,Linear BTL,10,97,,-17.65416587177836,1,2,0,2,,,,0.002075600001262501,0.0016924000228755176,0.00014930000179447234,0.060782000015024096,0.051504100003512576,0.020052400010172278,0.0028329000051598996,0.0032982999982777983,0.0071029000100679696,0.0027611000114120543,0.00011160000576637685
0.3,Linear BTL,11,108,,-21.93603166819286,1,1,0,1,,,,0.0009004000166896731,0.0010272999934386462,0.0001278999843634665,0.03645189999951981,0.051455199980409816,0.023286800016649067,0.0028986000106669962,0.0026790999982040375,0.002660500002093613,0.00265360000776127,0.00010309999925084412
0.3,Linear BTL,12,120,,-9.019904474903306,0,0,0,0,,,,0.0007509999850299209,0.0009639000054448843,4.779998562298715e-05,0.030840699997497723,0.06830939999781549,0.06307080000988208,0.008122500003082678,0.007864100014558062,0.0061440999852493405,0.006048499984899536,0.00015050001093186438
0.3,Linear BTL,13,133,,-12.638580982850936,0,1,0,1,,,,0.0008145000028889626,0.0008793000015430152,4.830001853406429e-05,0.035129700001562014,0.05481660002260469,0.03600689998711459,0.006374899996444583,0.0028587999986484647,0.0033533000096213073,0.0030475000094156712,0.00010810000821948051
0.3,Linear BTL,14,147,,-8.506595865012574,0,0,0,0,,,,0.0007726000039838254,0.0021223000076133758,9.90999978967011e-05,0.03156900001340546,0.0543865000072401,0.03069150002556853,0.0034611999872140586,0.003318899980513379,0.00649829997564666,0.002859800006262958,0.0001078000059351325
0.3,Linear BTL,15,162,,-12.187930071164093,0,2,0,2,,,,0.0007760000007692724,0.0013077000039629638,8.910000906325877e-05,0.04162760000326671,0.10891260000062175,0.030810600001132116,0.0031003999756649137,0.002937300014309585,0.00374549999833107,0.002934599993750453,0.00010639999527484179
0.3,Linear BTL,16,178,,-13.725341254559503,0,1,0,1,,,,0.0007636999944224954,0.001000499993097037,4.6200002543628216e-05,0.03478789998916909,0.053747300000395626,0.03729769997880794,0.005690199992386624,0.00737690000096336,0.007822199986549094,0.0029483999824151397,0.0001238000113517046
0.3,Linear BTL,17,195,,-10.565127272421448,0,1,0,1,,,,0.0007685000018682331,0.0009528000082354993,4.640000406652689e-05,0.04450319998431951,0.05390090000582859,0.04122899999492802,0.0031635999912396073,0.0030186999938450754,0.0029900000081397593,0.003569599997717887,0.00010800000745803118
0.3,Linear BTL,18,213,,-5.787288762849299,0,0,0,0,,,,0.007006699976045638,0.0008559999987483025,5.0000002374872565e-05,0.060211900010472164,0.0560434999933932,0.052599099988583475,0.0032805000082589686,0.003089699981501326,0.0031103999936021864,0.003350499988300726,0.00019099999917671084
0.3,Linear BTL,19,232,,-19.140961279318173,2,0,0,0,,,,0.0007839000027161092,0.0022261000121943653,0.00017590000061318278,0.03769169998122379,0.05568770001991652,0.02987930001108907,0.005128000018885359,0.003353399981278926,0.002805099997203797,0.002557700005127117,9.729998419061303e-05
0.3,Linear BTL,20,252,,-4.219070135143017,0,0,0,0,,,,0.0007647000020369887,0.004111099988222122,9.089999366551638e-05,0.04263309997622855,0.05514519999269396,0.04021380000631325,0.0036647999950218946,0.0030178999877534807,0.0036438000097405165,0.0031743000145070255,0.00010639999527484179
0.3,Linear BTL,21,273,,-12.039401441824193,0,0,0,0,,,,0.0020083000126760453,0.0012396000092849135,9.289997979067266e-05,0.03157699998700991,0.1070719999843277,0.025540900009218603,0.00385509998886846,0.0033211999980267137,0.0034588999988045543,0.004609399999026209,0.0007838000019546598
0.3,Linear BTL,22,295,,-16.94631533654317,0,0,0,0,,,,0.0007821999897714704,0.0008629999938420951,4.630000330507755e-05,0.037606700003379956,0.04874469997594133,0.019364100007805973,0.003211899980669841,0.003156000020680949,0.004749399988213554,0.003451099997619167,0.00018550001550465822
0.3,Linear BTL,23,318,,-8.432631243901334,0,0,0,0,,,,0.000751299987314269,0.0008754000009503216,4.600000102072954e-05,0.038424600003054366,0.06014439999125898,0.04260230000363663,0.010572099999990314,0.006285300012677908,0.009087599988561124,0.004479499999433756,0.00010989999282173812
0.3,Linear BTL,24,342,,-15.001437387582701,0,1,0,1,,,,0.00136160000693053,0.005065500008640811,9.539999882690609e-05,0.034865699999500066,0.052822900004684925,0.018446400004904717,0.0029633000085595995,0.003330500010633841,0.007217400008812547,0.0029439000063575804,0.0001109000004362315
0.3,Linear BTL,25,367,,-12.800244462573637,0,1,0,1,,,,0.0009285999985877424,0.0010820000024978071,5.210001836530864e-05,0.042175999988103285,0.051184099982492626,0.02402839998831041,0.004282799985958263,0.007958400005009025,0.004607999988365918,0.004982099984772503,0.00030750001315027475
0.3,Linear BTL,26,393,,-21.420068394988593,0,2,0,2,,,,0.005608800012851134,0.0016243999998550862,7.070001447573304e-05,0.06726630000048317,0.06860940001206473,0.029114399978425354,0.0036665000079665333,0.0033601000031922013,0.007311299996217713,0.002954900002805516,0.00010869998368434608
0.3,Linear BTL,27,420,,-19.832584453671984,0,1,0,1,,,,0.0008345000096596777,0.00130969999008812,4.759998410008848e-05,0.03619860002072528,0.08051379999960773,0.03047080000396818,0.0037991000281181186,0.0034388999920338392,0.005095900007290766,0.0038243000162765384,0.00010999999358318746
0.3,Linear BTL,28,448,,-14.47366792310547,0,0,0,0,,,,0.0007705000170972198,0.0009386000165250152,6.200000643730164e-05,0.03599669999675825,0.062193999998271465,0.022003699996275827,0.006595999991986901,0.0033733999880496413,0.0037609999999403954,0.002903100015828386,0.00010890001431107521
0.3,Linear BTL,29,477,,-10.945043727549072,0,0,0,0,,,,0.0007543000101577491,0.0009820999985095114,4.909999552182853e-05,0.03603399998974055,0.05670699998154305,0.024980700021842495,0.004486399993766099,0.003592599998228252,0.002996700000949204,0.0029833000153303146,0.00010619999375194311
0.3,Linear BTL,30,507,,-11.448255993267232,0,1,0,1,,,,0.0007731000077910721,0.001148499984992668,5.85000088904053e-05,0.030266899993875995,0.0672183999849949,0.04473310001776554,0.003132000012556091,0.0029966000001877546,0.005690199992386624,0.006137699994724244,0.0001406000228598714
0.3,Linear BTL,31,538,,-4.783630645634287,0,0,0,0,,,,0.0007936999900266528,0.0009456000116188079,5.09000092279166e-05,0.03652339999098331,0.0674678000214044,0.03958290000446141,0.0052118000166956335,0.0028122000221628696,0.003009000007295981,0.0029301999893505126,0.0001483999949414283
0.3,Linear BTL,32,570,,-3.8429917007544923,0,0,0,0,,,,0.0010993999894708395,0.0014587000187020749,0.00012729997979477048,0.04342979998909868,0.053690899978391826,0.03574490000028163,0.005297600000631064,0.0034645999839995056,0.003444000001763925,0.003467100003035739,0.00022640000679530203
0.3,Linear BTL,33,603,,-8.758785634716212,0,0,0,0,,,,0.0010140000085812062,0.001881899981526658,9.190000128000975e-05,0.041830899979686365,0.04994630001601763,0.023375000018859282,0.00343440001597628,0.003314500005217269,0.0033204999926965684,0.0035849999985657632,0.00010619999375194311
0.3,Linear BTL,34,637,,-8.622144024705783,0,0,0,0,,,,0.0007585000130347908,0.0008649999799672514,4.640000406652689e-05,0.033609300007810816,0.0807660999998916,0.025205599988112226,0.006568400014657527,0.004484200006118044,0.0033928999910131097,0.0047756999847479165,0.00010899998596869409
0.3,Linear BTL,35,672,,-15.72132630540134,0,1,0,1,,,,0.0021340999810490757,0.0008548000187147409,6.980000762268901e-05,0.049351600027875975,0.057041000021854416,0.027011700003640726,0.003194799995981157,0.003694499988341704,0.002850299992132932,0.004724099999293685,0.00010969999129883945
0.3,Linear BTL,36,708,,-10.702669406567795,0,0,0,0,,,,0.0013797999999951571,0.0009218000050168484,4.800001624971628e-05,0.03198969998629764,0.058137599990004674,0.1312379000009969,0.005514199991011992,0.00540490000275895,0.00656350000645034,0.03248689998872578,0.00011059999815188348
0.3,Linear BTL,37,745,,-6.147538547211909,0,0,0,0,,,,0.0007793999975547194,0.0009117000154219568,5.549998604692519e-05,0.051082099991617724,0.05589359998703003,0.03275230000144802,0.00696349999634549,0.0028612000169232488,0.0035414000158198178,0.002838899992639199,0.00010550001752562821
0.3,Linear BTL,38,783,,-7.692900546620061,0,0,0,0,,,,0.0007810999813955277,0.002054000011412427,6.370001938194036e-05,0.03862659999867901,0.059497699985513464,0.0348179999855347,0.004066699999384582,0.005085699987830594,0.0030319999787025154,0.002997900010086596,0.00010650002514012158
0.3,Linear BTL,39,822,,-11.973648392385858,0,1,0,1,,,,0.003802399995038286,0.001073999999789521,5.3499999921768904e-05,0.04279460001271218,0.05565170000772923,0.05080540000926703,0.004154499998548999,0.0029084999987389892,0.0036102000158280134,0.007354100001975894,0.00011019999510608613
0.3,Linear BTL,40,862,,-26.437224466081897,1,1,0,1,,,,0.0009452000085730106,0.0010203999991063029,0.00012929999502375722,0.03533129999414086,0.04519010000512935,0.018489700014470145,0.0028122000221628696,0.002661900012753904,0.0026376000023446977,0.00367139998706989,0.00027879999834112823
0.3,Linear BTL,41,903,,-19.541418517032298,0,2,0,2,,,,0.0010312999947927892,0.0009520000021439046,4.789998638443649e-05,0.03830100002232939,0.052871799998683855,0.027563200012082234,0.0040936000004876405,0.0056727000046521425,0.0029316000000108033,0.002817700005834922,0.00010740000288933516
0.3,Linear BTL,42,945,,-18.314649119322528,0,2,0,2,,,,0.000752499996451661,0.0008233000116888434,4.6200002543628216e-05,0.04732119999243878,0.05302330001723021,0.02914640001836233,0.007664200005820021,0.0029233999957796186,0.0028873000119347125,0.0034574999881442636,0.00010879998444579542
0.3,Linear BTL,43,988,,-12.051807871287776,0,0,0,0,,,,0.0009538000158499926,0.0022566000116057694,6.990000838413835e-05,0.04144200001610443,0.05410530001972802,0.04037260002223775,0.0029827000107616186,0.0032804000074975193,0.003640800016000867,0.003922600008081645,0.00010740000288933516
0.3,Linear BTL,44,1032,,-12.379492301068723,0,2,0,2,,,,0.0007593000191263855,0.0014793000009376556,4.6900007873773575e-05,0.0309271999867633,0.06781320000300184,0.032163299998501316,0.004422700003487989,0.005567299987887964,0.002979100012453273,0.00357810000423342,0.00012079998850822449
0.3,Linear BTL,45,1077,,-12.201994377404617,0,0,0,0,,,,0.0007662999851163477,0.0014889999874867499,5.2499992307275534e-05,0.041186399990692735,0.054574000008869916,0.038237200002186,0.007821899984264746,0.006571499980054796,0.006359400023939088,0.006633900018641725,0.00010760000441223383
0.3,Linear BTL,46,1123,,-7.691861527491652,0,0,0,0,,,,0.0007723000016994774,0.0008562000002712011,4.9700000090524554e-05,0.039943299983860925,0.06208969998988323,0.04101240000454709,0.00577980000525713,0.0030949999927543104,0.002964000013889745,0.003485499997623265,0.00010689999908208847
0.3,Linear BTL,47,1170,,-23.408239952844045,0,3,0,3,,,,0.0012778000091202557,0.0017383999947924167,6.400002166628838e-05,0.04224180002347566,0.050895399996079504,0.02704670000821352,0.002971100009744987,0.0028107999823987484,0.0038681000005453825,0.002960700017865747,0.00010809997911565006
0.3,Linear BTL,48,1218,,-8.520720708621056,0,1,0,1,,,,0.0036709000123664737,0.001003899989882484,5.2000017603859305e-05,0.04104300000471994,0.0492769000120461,0.03269459999864921,0.0034223000111524016,0.0031182000238914043,0.006728100008331239,0.006976300006499514,0.000321599974995479
0.3,Linear BTL,49,1267,,-10.425396486923585,0,0,0,0,,,,0.001191499992273748,0.0009407000034116209,4.749998333863914e-05,0.04060499998740852,0.07021410000743344,0.03340909999678843,0.003051599982427433,0.003510700014885515,0.0073413999925833195,0.0036102000158280134,0.00027219997718930244
0.4,LP2 ($ 	heta $ Only),0,42,0.0,,0,0,0,0,0.0,0.0,100.0,0.0013312999799381942,0.0011426999990362674,6.350001785904169e-05,0.04633260000264272,0.06525249997503124,0.055206999997608364,0.007516399986343458,0.0028464999923016876,0.0028384000179357827,0.004841599991777912,0.00043149999692104757
0.4,LP2 ($ 	heta $ Only),1,43,0.0,,2,0,0,0,0.0,0.0,100.0,0.0015010999923106283,0.000970900000538677,0.00012439998681657016,0.02783650002675131,0.08594439999433234,0.023535799991805106,0.003802499995799735,0.002427500003250316,0.002412800007732585,0.0026285999920219183,9.839999256655574e-05
0.4,LP2 ($ 	heta $ Only),2,45,0.0,,0,0,0,0,0.0,0.0,100.0,0.0008531000057701021,0.002955899981316179,6.439999560825527e-05,0.02988829999230802,0.07227330000023358,0.027146800013724715,0.003120799985481426,0.003763600019738078,0.0037136999890208244,0.005000900011509657,0.00010879998444579542
0.4,LP2 ($ 	heta $ Only),3,48,0.0,,0,0,0,0,0.0,0.0,100.0,0.0007639999967068434,0.0009623999940231442,4.710000939667225e-05,0.03173030001926236,0.05445009999675676,0.029680400009965524,0.004102400009287521,0.0031818999850656837,0.005809499998576939,0.003551600006176159,0.00010950001887977123
0.4,LP2 ($ 	heta $ Only),4,52,0.0,,0,0,0,0,0.0,0.0,100.0,0.0007648000027984381,0.000894299999345094,4.740001168102026e-05,0.03283789998386055,0.045136300002923235,0.0501079999958165,0.0029676999838557094,0.0027828000020235777,0.002783200005069375,0.0028406000055838376,0.00010410000686533749
0.4,LP2 ($ 	heta $ Only),5,57,0.0,,0,0,0,0,0.0,0.0,100.0,0.001539600023534149,0.0009609000117052346,5.0000002374872565e-05,0.026830999995581806,0.06177860000752844,0.04004759999224916,0.003653299994766712,0.005190700001548976,0.003587199986213818,0.0028568000125233084,0.00010659999679774046
0.4,LP2 ($ 	heta $ Only),6,63,0.0,,1,0,0,0,0.0,0.0,100.0,0.0007648000027984381,0.0008897999941837043,0.00011890000314451754,0.043916900001931936,0.13674299998092465,0.026223699998809025,0.003177500009769574,0.0030587000073865056,0.0031196000054478645,0.00438259998918511,0.00027409999165683985
0.4,LP2 ($ 	heta $ Only),7,70,0.0,,0,0,0,0,0.0,0.0,100.0,0.0011898000084329396,0.001299199997447431,5.8399979025125504e-05,0.03851559999748133,0.05161049999878742,0.030217599996831268,0.0035934000043198466,0.007889100001193583,0.004119800025364384,0.003920699993614107,0.00018400000408291817
0.4,LP2 ($ 	heta $ Only),8,78,0.0,,0,0,0,0,0.0,0.0,100.0,0.0019058000179938972,0.001041699986672029,5.040000542066991e-05,0.04052349997800775,0.04351660000975244,0.04373149998718873,0.008015900006284937,0.0028358999988995492,0.0028117999900132418,0.0028165999974589795,0.00010599999222904444
0.4,LP2 ($ 	heta $ Only),9,87,0.0,,0,0,0,0,0.0,0.0,100.0,0.0007590999884996563,0.00213649999932386,6.520000169984996e-05,0.05361219999031164,0.057607199996709824,0.04288059999817051,0.0030075999966356903,0.0036678000178653747,0.0077766999893356115,0.0028714999789372087,0.00010770000517368317
0.4,LP2 ($ 	heta $ Only),10,97,0.0,,0,0,0,0,0.0,0.0,100.0,0.0009254000033251941,0.000909399997908622,4.8999994760379195e-05,0.046382400003494695,0.055464600009145215,0.020706099981907755,0.003815999982180074,0.006916300015291199,0.003432699973927811,0.002775500004645437,0.00010850001126527786
0.4,LP2 ($ 	heta $ Only),11,108,0.0,,3,0,0,0,0.0,0.0,100.0,0.0007572999747935683,0.001128499978221953,0.00023019997752271593,0.03579069999977946,0.05953699999372475,0.021620200015604496,0.002778599999146536,0.0027868000033777207,0.00249060001806356,0.0027975999983027577,0.00015730000450275838
0.4,LP2 ($ 	heta $ Only),12,120,0.0,,0,0,0,0,0.0,0.0,100.0,0.004289799981052056,0.0009719000081531703,4.7999987145885825e-05,0.03502380001009442,0.066615300020203,0.046078500017756596,0.006855799991171807,0.0067233000008855015,0.005007200001273304,0.008908699994208291,0.00027650000993162394
0.4,LP2 ($ 	heta $ Only),13,133,0.0,,0,0,0,0,0.0,0.0,100.0,0.002135699993232265,0.0014533000066876411,6.690001464448869e-05,0.04606729999068193,0.08047040001838468,0.041429200005950406,0.002974699978949502,0.0028158000204712152,0.002803400013362989,0.0034453999833203852,0.00010789997759275138
0.4,LP2 ($ 	heta $ Only),14,147,0.0,,0,0,0,0,0.0,0.0,100.0,0.0020597999973688275,0.0010803999903146178,5.0300004659220576e-05,0.03772029999527149,0.06196560000535101,0.03692260000389069,0.004683200008003041,0.0033149000082630664,0.0033817999938037246,0.007933200016850606,0.00010810000821948051
0.4,LP2 ($ 	heta $ Only),15,162,0.0,,0,0,0,0,0.0,0.0,100.0,0.000906600005691871,0.0010368999792262912,6.059999577701092e-05,0.04245829998399131,0.04622930000186898,0.025666700006695464,0.004981999984011054,0.0033602000039536506,0.004651199997169897,0.007090099999913946,0.0002106000029016286
0.4,LP2 ($ 	heta $ Only),16,178,0.0,,0,0,0,0,0.0,0.0,100.0,0.0072296000143978745,0.0018531999958213419,6.710001616738737e-05,0.08308609999949113,0.061764199985191226,0.03790789999766275,0.004144500009715557,0.008243500022217631,0.008425000007264316,0.007155399973271415,0.00010959999053739011
0.4,LP2 ($ 	heta $ Only),17,195,0.0,,0,0,0,0,0.0,0.0,100.0,0.0010754000104498118,0.0008660000166855752,5.0000002374872565e-05,0.037922299990896136,0.05465079998248257,0.024364400014746934,0.004115000017918646,0.007457200001226738,0.002881200023693964,0.002865999995265156,0.00010770000517368317
0.4,LP2 ($ 	heta $ Only),18,213,0.0,,0,0,0,0,0.0,0.0,100.0,0.001292100001592189,0.0008219000010285527,4.640000406652689e-05,0.043513900018297136,0.04015429998980835,0.032649400003720075,0.003055400011362508,0.006103899999288842,0.003316600021207705,0.003223100007744506,0.00011169997742399573
0.4,LP2 ($ 	heta $ Only),19,232,0.0,,1,0,0,0,0.0,0.0,100.0,0.0007580000092275441,0.0008000000088941306,0.00011470000026747584,0.03550950001226738,0.06255169998621568,0.031843600008869544,0.0029815000016242266,0.0027251999999862164,0.0078376000165008,0.003601599979447201,0.00029120000544935465
0.4,LP2 ($ 	heta $ Only),20,252,0.0,,0,0,0,0,0.0,0.0,100.0,0.0007845000072848052,0.0009117000154219568,4.759998410008848e-05,0.03630039998097345,0.058147699979599565,0.026417499990202487,0.009863900020718575,0.004561399982776493,0.006651800009422004,0.0030587999790441245,0.00011650001397356391
0.4,LP2 ($ 	heta $ Only),21,273,0.0,,0,0,0,0,0.0,0.0,100.0,0.000805000017862767,0.0008869000012055039,5.099998088553548e-05,0.03709160001017153,0.06001509999623522,0.022479600011138245,0.0029941000102553517,0.0028321999998297542,0.005930800019996241,0.00318840000545606,0.00010699999984353781
0.4,LP2 ($ 	heta $ Only),22,295,0.0,,0,0,0,0,0.0,0.0,100.0,0.0007625999860465527,0.0009401999996043742,4.8699992476031184e-05,0.03380539998761378,0.044237099995370954,0.032093699992401525,0.0030703000084031373,0.006474499998148531,0.0036921999999321997,0.0028657999937422574,0.0001086000120267272
0.4,LP2 ($ 	heta $ Only),23,318,0.0,,0,0,0,0,0.0,0.0,100.0,0.0007652000058442354,0.0009599000040907413,4.680000711232424e-05,0.03594120001071133,0.051062699989415705,0.030582199979107827,0.0030550999799743295,0.0028950999840162694,0.0029138000099919736,0.007801800005836412,0.00010899998596869409
0.4,LP2 ($ 	heta $ Only),24,342,0.0,,0,0,0,0,0.0,0.0,100.0,0.0009387000172864646,0.0010315000254195184,5.160001455806196e-05,0.04124910000246018,0.25240590001340024,0.05340989999240264,0.004788699996424839,0.007154299993999302,0.009961400006432086,0.006539299996802583,0.000541799992788583
0.4,LP2 ($ 	heta $ Only),25,367,0.0,,0,0,0,0,0.0,0.0,100.0,0.002572899975348264,0.0018175000150222331,6.639998173341155e-05,0.04398720001336187,0.0471665000077337,0.023403699975460768,0.0032461000082548708,0.0033156000135932118,0.0033989000075962394,0.003195700002834201,0.00011999998241662979
0.4,LP2 ($ 	heta $ Only),26,393,0.0,,0,0,0,0,0.0,0.0,100.0,0.0008207999926526099,0.001055200002156198,5.15999854542315e-05,0.03751230001216754,0.09082119999220595,0.02611340000294149,0.0037031999963801354,0.006808699981775135,0.00406259999726899,0.0033515999966766685,0.00019400002202019095
0.4,LP2 ($ 	heta $ Only),27,420,0.0,,0,0,0,0,0.0,0.0,100.0,0.0011537999962456524,0.0009152000129688531,0.0006367000169120729,0.03914999999688007,0.061339400010183454,0.033711800002492964,0.0036684999940916896,0.00855619998765178,0.0029282000032253563,0.0029026000120211393,0.00010979999206028879
0.4,LP2 ($ 	heta $ Only),28,448,0.0,,1,0,0,0,0.0,0.0,100.0,0.0008356999896932393,0.0012465000036172569,0.00021749999723397195,0.043019000004278496,0.05120919999899343,0.028831399977207184,0.0033602000039536506,0.003795399999944493,0.004811099992366508,0.0032565000001341105,0.0001799000019673258
0.4,LP2 ($ 	heta $ Only),29,477,0.0,,0,0,0,0,0.0,0.0,100.0,0.000752799998736009,0.0008507999882567674,4.6200002543628216e-05,0.04059739998774603,0.05334520002361387,0.023010500008240342,0.0034770000202115625,0.0033057999971788377,0.0032912000024225563,0.0032848000118974596,0.0001838000025600195
0.4,LP2 ($ 	heta $ Only),30,507,0.0,,0,0,0,0,0.0,0.0,100.0,0.0007418000022880733,0.0019067999965045601,5.379997310228646e-05,0.03378470000461675,0.05347210000036284,0.023508899990702048,0.004669399990234524,0.0032853000157047063,0.003268700005719438,0.0038260000001173466,0.0001852999848779291
0.4,LP2 ($ 	heta $ Only),31,538,0.0,,0,0,0,0,0.0,0.0,100.0,0.0007535999757237732,0.0016896000015549362,6.410002242773771e-05,0.04072760001872666,0.07201420000637881,0.043330299988156185,0.003656999993836507,0.007755900005577132,0.0033106999762821943,0.003344299999298528,0.00015189999248832464
0.4,LP2 ($ 	heta $ Only),32,570,0.0,,0,0,0,0,0.0,0.0,100.0,0.0010152999893762171,0.002359000005526468,0.00014700001338496804,0.03748759999871254,0.05264389998046681,0.022192799980985,0.006694199983030558,0.0033180000027641654,0.0032836000027600676,0.0035100000095553696,0.0001078000059351325
0.4,LP2 ($ 	heta $ Only),33,603,0.0,,0,0,0,0,0.0,0.0,100.0,0.005272099981084466,0.000974299997324124,5.229999078437686e-05,0.05258809999213554,0.04281699997955002,0.06793770001968369,0.006565800023963675,0.002819599991198629,0.0027951999800279737,0.002798300003632903,0.00010609999299049377
0.4,LP2 ($ 	heta $ Only),34,637,0.0,,0,0,0,0,0.0,0.0,100.0,0.0008089000184554607,0.003118499997071922,9.039998985826969e-05,0.039095899992389604,0.06060979998437688,0.03641629999037832,0.004146499995840713,0.007168200012529269,0.0028420000162441283,0.0029322000045794994,0.0001092999882530421
0.4,LP2 ($ 	heta $ Only),35,672,0.0,,0,0,0,0,0.0,0.0,100.0,0.0016104000096675009,0.002115900017088279,0.00010609999299049377,0.04066240001702681,0.051228500000433996,0.027967300004092976,0.0036928999761585146,0.00578269999823533,0.004277000000001863,0.0035639999841805547,0.00010720000136643648
0.4,LP2 ($ 	heta $ Only),36,708,0.0,,0,0,0,0,0.0,0.0,100.0,0.0008952999778557569,0.0012120000028517097,9.14999982342124e-05,0.03360760002397001,0.051645200001075864,0.050757499993778765,0.006801099982112646,0.00290099999983795,0.0028729999903589487,0.0028636999777518213,0.00010609999299049377
0.4,LP2 ($ 	heta $ Only),37,745,0.0,,0,0,0,0,0.0,0.0,100.0,0.0009391999919898808,0.000989099993603304,5.199998850002885e-05,0.03945979999843985,0.0522740000160411,0.047391400003107265,0.003889799991156906,0.0031269000028260052,0.0035717000137083232,0.00789999999688007,0.00010680002742446959
0.4,LP2 ($ 	heta $ Only),38,783,0.0,,0,0,0,0,0.0,0.0,100.0,0.0007570000016130507,0.0009666999976616353,8.139997953549027e-05,0.03643139998894185,0.04730169998947531,0.034360499994363636,0.0034907999797724187,0.007587000000057742,0.00288169999839738,0.0028649000159930438,0.00010559998918324709
0.4,LP2 ($ 	heta $ Only),39,822,0.0,,0,0,0,0,0.0,0.0,100.0,0.000835899991216138,0.0010432999988552183,8.030000026337802e-05,0.05396049999399111,0.05157270000199787,0.024092100007692352,0.003415300016058609,0.003288999985670671,0.003337000001920387,0.007978100009495392,0.00010640002437867224
0.4,LP2 ($ 	heta $ Only),40,862,0.0,,1,0,0,0,0.0,0.0,100.0,0.0009453000093344599,0.0009879999852273613,0.00012749998131766915,0.08801610002410598,0.040003999980399385,0.02529709998634644,0.0029651999939233065,0.009278599987737834,0.003191700001480058,0.004227899975376204,0.00010810000821948051
0.4,LP2 ($ 	heta $ Only),41,903,0.0,,0,0,0,0,0.0,0.0,100.0,0.001086699980078265,0.002041800005827099,0.00020369997946545482,0.1815208000189159,0.05038090000743978,0.027851799997733906,0.0030100999865680933,0.0028319999983068556,0.0029100000101607293,0.007859099976485595,0.00010790000669658184
0.4,LP2 ($ 	heta $ Only),42,945,0.0,,0,0,0,0,0.0,0.0,100.0,0.0009448000055272132,0.0010034999868366867,5.2799994591623545e-05,0.0476978000078816,0.055483900010585785,0.02998920000391081,0.0030138000147417188,0.003504899999825284,0.006162200006656349,0.0028858000005129725,0.00010829998063854873
0.4,LP2 ($ 	heta $ Only),43,988,0.0,,0,0,0,0,0.0,0.0,100.0,0.00089490000391379,0.0010457999887876213,6.239998037926853e-05,0.03103840001858771,0.046838800015393645,0.027453100017737597,0.003419000015128404,0.003267099993536249,0.00522560000536032,0.0033103000023402274,0.00018390000332146883
0.4,LP2 ($ 	heta $ Only),44,1032,0.0,,1,0,0,0,0.0,0.0,100.0,0.000750600011087954,0.0009659999923314899,0.0001170000177808106,0.033284999983152375,0.053388700005598366,0.026689199992688373,0.003220099984901026,0.0031057000160217285,0.0035955999919679016,0.004473199980566278,0.00017579999985173345
0.4,LP2 ($ 	heta $ Only),45,1077,0.0,,0,0,0,0,0.0,0.0,100.0,0.0007541000086348504,0.0008548000187147409,4.6600005589425564e-05,0.10913440000149421,0.05955040000844747,0.020401000016136095,0.00347590001183562,0.003877899987855926,0.004960499994922429,0.0033327999990433455,0.00018519998411647975
0.4,LP2 ($ 	heta $ Only),46,1123,0.0,,0,0,0,0,0.0,0.0,100.0,0.0007478999905288219,0.000918099976843223,4.640000406652689e-05,0.04072960000485182,0.05002500000409782,0.020541899983072653,0.0029258999857120216,0.0036828999873250723,0.0028295999800320715,0.0029424999956972897,0.00010609999299049377
0.4,LP2 ($ 	heta $ Only),47,1170,0.0,,0,0,0,0,0.0,0.0,100.0,0.0007551999879069626,0.0008148000051733106,4.7999987145885825e-05,0.033410800009733066,0.055630399991059676,0.03907719999551773,0.002965699997730553,0.0028325000021141022,0.004560900008073077,0.0070349999878089875,0.00010899998596869409
0.4,LP2 ($ 	heta $ Only),48,1218,0.0,,0,0,0,0,0.0,0.0,100.0,0.0009416999819222838,0.0009043000172823668,6.079999729990959e-05,0.045177699998021126,0.04948260000674054,0.03545080000185408,0.003930300008505583,0.005271800007903948,0.0028587999986484647,0.002850800025044009,0.00010629999451339245
0.4,LP2 ($ 	heta $ Only),49,1267,0.0,,0,0,0,0,0.0,0.0,100.0,0.003714999998919666,0.0008907000010367483,4.7999987145885825e-05,0.0490163000067696,0.04739699998754077,0.06279229998472147,0.006341699976474047,0.009184800001094118,0.0068444000207819045,0.00907050000387244,0.00024360002134926617
0.4,LP3 ($ 	heta $ Only),0,42,0.0,,0,0,0,0,0.0,0.0,100.0,0.0013312999799381942,0.0011426999990362674,6.350001785904169e-05,0.04633260000264272,0.06525249997503124,0.055206999997608364,0.007516399986343458,0.0028464999923016876,0.0028384000179357827,0.004841599991777912,0.00043149999692104757
0.4,LP3 ($ 	heta $ Only),1,43,0.0,,2,0,0,0,0.0,0.0,100.0,0.0015010999923106283,0.000970900000538677,0.00012439998681657016,0.02783650002675131,0.08594439999433234,0.023535799991805106,0.003802499995799735,0.002427500003250316,0.002412800007732585,0.0026285999920219183,9.839999256655574e-05
0.4,LP3 ($ 	heta $ Only),2,45,0.0,,0,0,0,0,0.0,0.0,100.0,0.0008531000057701021,0.002955899981316179,6.439999560825527e-05,0.02988829999230802,0.07227330000023358,0.027146800013724715,0.003120799985481426,0.003763600019738078,0.0037136999890208244,0.005000900011509657,0.00010879998444579542
0.4,LP3 ($ 	heta $ Only),3,48,0.0,,0,0,0,0,0.0,0.0,100.0,0.0007639999967068434,0.0009623999940231442,4.710000939667225e-05,0.03173030001926236,0.05445009999675676,0.029680400009965524,0.004102400009287521,0.0031818999850656837,0.005809499998576939,0.003551600006176159,0.00010950001887977123
0.4,LP3 ($ 	heta $ Only),4,52,0.0,,0,0,0,0,0.0,0.0,100.0,0.0007648000027984381,0.000894299999345094,4.740001168102026e-05,0.03283789998386055,0.045136300002923235,0.0501079999958165,0.0029676999838557094,0.0027828000020235777,0.002783200005069375,0.0028406000055838376,0.00010410000686533749
0.4,LP3 ($ 	heta $ Only),5,57,0.0,,0,0,0,0,0.0,0.0,100.0,0.001539600023534149,0.0009609000117052346,5.0000002374872565e-05,0.026830999995581806,0.06177860000752844,0.04004759999224916,0.003653299994766712,0.005190700001548976,0.003587199986213818,0.0028568000125233084,0.00010659999679774046
0.4,LP3 ($ 	heta $ Only),6,63,0.0,,1,0,0,0,0.0,0.0,100.0,0.0007648000027984381,0.0008897999941837043,0.00011890000314451754,0.043916900001931936,0.13674299998092465,0.026223699998809025,0.003177500009769574,0.0030587000073865056,0.0031196000054478645,0.00438259998918511,0.00027409999165683985
0.4,LP3 ($ 	heta $ Only),7,70,0.0,,0,0,0,0,0.0,0.0,100.0,0.0011898000084329396,0.001299199997447431,5.8399979025125504e-05,0.03851559999748133,0.05161049999878742,0.030217599996831268,0.0035934000043198466,0.007889100001193583,0.004119800025364384,0.003920699993614107,0.00018400000408291817
0.4,LP3 ($ 	heta $ Only),8,78,0.0,,0,0,0,0,0.0,0.0,100.0,0.0019058000179938972,0.001041699986672029,5.040000542066991e-05,0.04052349997800775,0.04351660000975244,0.04373149998718873,0.008015900006284937,0.0028358999988995492,0.0028117999900132418,0.0028165999974589795,0.00010599999222904444
0.4,LP3 ($ 	heta $ Only),9,87,0.0,,0,0,0,0,0.0,0.0,100.0,0.0007590999884996563,0.00213649999932386,6.520000169984996e-05,0.05361219999031164,0.057607199996709824,0.04288059999817051,0.0030075999966356903,0.0036678000178653747,0.0077766999893356115,0.0028714999789372087,0.00010770000517368317
0.4,LP3 ($ 	heta $ Only),10,97,0.0,,0,0,0,0,0.0,0.0,100.0,0.0009254000033251941,0.000909399997908622,4.8999994760379195e-05,0.046382400003494695,0.055464600009145215,0.020706099981907755,0.003815999982180074,0.006916300015291199,0.003432699973927811,0.002775500004645437,0.00010850001126527786
0.4,LP3 ($ 	heta $ Only),11,108,0.0,,3,0,0,0,0.0,0.0,100.0,0.0007572999747935683,0.001128499978221953,0.00023019997752271593,0.03579069999977946,0.05953699999372475,0.021620200015604496,0.002778599999146536,0.0027868000033777207,0.00249060001806356,0.0027975999983027577,0.00015730000450275838
0.4,LP3 ($ 	heta $ Only),12,120,0.0,,0,0,0,0,0.0,0.0,100.0,0.004289799981052056,0.0009719000081531703,4.7999987145885825e-05,0.03502380001009442,0.066615300020203,0.046078500017756596,0.006855799991171807,0.0067233000008855015,0.005007200001273304,0.008908699994208291,0.00027650000993162394
0.4,LP3 ($ 	heta $ Only),13,133,0.0,,0,0,0,0,0.0,0.0,100.0,0.002135699993232265,0.0014533000066876411,6.690001464448869e-05,0.04606729999068193,0.08047040001838468,0.041429200005950406,0.002974699978949502,0.0028158000204712152,0.002803400013362989,0.0034453999833203852,0.00010789997759275138
0.4,LP3 ($ 	heta $ Only),14,147,0.0,,0,0,0,0,0.0,0.0,100.0,0.0020597999973688275,0.0010803999903146178,5.0300004659220576e-05,0.03772029999527149,0.06196560000535101,0.03692260000389069,0.004683200008003041,0.0033149000082630664,0.0033817999938037246,0.007933200016850606,0.00010810000821948051
0.4,LP3 ($ 	heta $ Only),15,162,0.0,,0,0,0,0,0.0,0.0,100.0,0.000906600005691871,0.0010368999792262912,6.059999577701092e-05,0.04245829998399131,0.04622930000186898,0.025666700006695464,0.004981999984011054,0.0033602000039536506,0.004651199997169897,0.007090099999913946,0.0002106000029016286
0.4,LP3 ($ 	heta $ Only),16,178,0.0,,0,0,0,0,0.0,0.0,100.0,0.0072296000143978745,0.0018531999958213419,6.710001616738737e-05,0.08308609999949113,0.061764199985191226,0.03790789999766275,0.004144500009715557,0.008243500022217631,0.008425000007264316,0.007155399973271415,0.00010959999053739011
0.4,LP3 ($ 	heta $ Only),17,195,0.0,,0,0,0,0,0.0,0.0,100.0,0.0010754000104498118,0.0008660000166855752,5.0000002374872565e-05,0.037922299990896136,0.05465079998248257,0.024364400014746934,0.004115000017918646,0.007457200001226738,0.002881200023693964,0.002865999995265156,0.00010770000517368317
0.4,LP3 ($ 	heta $ Only),18,213,0.0,,0,0,0,0,0.0,0.0,100.0,0.001292100001592189,0.0008219000010285527,4.640000406652689e-05,0.043513900018297136,0.04015429998980835,0.032649400003720075,0.003055400011362508,0.006103899999288842,0.003316600021207705,0.003223100007744506,0.00011169997742399573
0.4,LP3 ($ 	heta $ Only),19,232,0.0,,1,0,0,0,0.0,0.0,100.0,0.0007580000092275441,0.0008000000088941306,0.00011470000026747584,0.03550950001226738,0.06255169998621568,0.031843600008869544,0.0029815000016242266,0.0027251999999862164,0.0078376000165008,0.003601599979447201,0.00029120000544935465
0.4,LP3 ($ 	heta $ Only),20,252,0.0,,0,0,0,0,0.0,0.0,100.0,0.0007845000072848052,0.0009117000154219568,4.759998410008848e-05,0.03630039998097345,0.058147699979599565,0.026417499990202487,0.009863900020718575,0.004561399982776493,0.006651800009422004,0.0030587999790441245,0.00011650001397356391
0.4,LP3 ($ 	heta $ Only),21,273,0.0,,0,0,0,0,0.0,0.0,100.0,0.000805000017862767,0.0008869000012055039,5.099998088553548e-05,0.03709160001017153,0.06001509999623522,0.022479600011138245,0.0029941000102553517,0.0028321999998297542,0.005930800019996241,0.00318840000545606,0.00010699999984353781
0.4,LP3 ($ 	heta $ Only),22,295,0.0,,0,0,0,0,0.0,0.0,100.0,0.0007625999860465527,0.0009401999996043742,4.8699992476031184e-05,0.03380539998761378,0.044237099995370954,0.032093699992401525,0.0030703000084031373,0.006474499998148531,0.0036921999999321997,0.0028657999937422574,0.0001086000120267272
0.4,LP3 ($ 	heta $ Only),23,318,0.0,,0,0,0,0,0.0,0.0,100.0,0.0007652000058442354,0.0009599000040907413,4.680000711232424e-05,0.03594120001071133,0.051062699989415705,0.030582199979107827,0.0030550999799743295,0.0028950999840162694,0.0029138000099919736,0.007801800005836412,0.00010899998596869409
0.4,LP3 ($ 	heta $ Only),24,342,0.0,,0,0,0,0,0.0,0.0,100.0,0.0009387000172864646,0.0010315000254195184,5.160001455806196e-05,0.04124910000246018,0.25240590001340024,0.05340989999240264,0.004788699996424839,0.007154299993999302,0.009961400006432086,0.006539299996802583,0.000541799992788583
0.4,LP3 ($ 	heta $ Only),25,367,0.0,,0,0,0,0,0.0,0.0,100.0,0.002572899975348264,0.0018175000150222331,6.639998173341155e-05,0.04398720001336187,0.0471665000077337,0.023403699975460768,0.0032461000082548708,0.0033156000135932118,0.0033989000075962394,0.003195700002834201,0.00011999998241662979
0.4,LP3 ($ 	heta $ Only),26,393,0.0,,0,0,0,0,0.0,0.0,100.0,0.0008207999926526099,0.001055200002156198,5.15999854542315e-05,0.03751230001216754,0.09082119999220595,0.02611340000294149,0.0037031999963801354,0.006808699981775135,0.00406259999726899,0.0033515999966766685,0.00019400002202019095
0.4,LP3 ($ 	heta $ Only),27,420,0.0,,0,0,0,0,0.0,0.0,100.0,0.0011537999962456524,0.0009152000129688531,0.0006367000169120729,0.03914999999688007,0.061339400010183454,0.033711800002492964,0.0036684999940916896,0.00855619998765178,0.0029282000032253563,0.0029026000120211393,0.00010979999206028879
0.4,LP3 ($ 	heta $ Only),28,448,0.0,,1,0,0,0,0.0,0.0,100.0,0.0008356999896932393,0.0012465000036172569,0.00021749999723397195,0.043019000004278496,0.05120919999899343,0.028831399977207184,0.0033602000039536506,0.003795399999944493,0.004811099992366508,0.0032565000001341105,0.0001799000019673258
0.4,LP3 ($ 	heta $ Only),29,477,0.0,,0,0,0,0,0.0,0.0,100.0,0.000752799998736009,0.0008507999882567674,4.6200002543628216e-05,0.04059739998774603,0.05334520002361387,0.023010500008240342,0.0034770000202115625,0.0033057999971788377,0.0032912000024225563,0.0032848000118974596,0.0001838000025600195
0.4,LP3 ($ 	heta $ Only),30,507,0.0,,0,0,0,0,0.0,0.0,100.0,0.0007418000022880733,0.0019067999965045601,5.379997310228646e-05,0.03378470000461675,0.05347210000036284,0.023508899990702048,0.004669399990234524,0.0032853000157047063,0.003268700005719438,0.0038260000001173466,0.0001852999848779291
0.4,LP3 ($ 	heta $ Only),31,538,0.0,,0,0,0,0,0.0,0.0,100.0,0.0007535999757237732,0.0016896000015549362,6.410002242773771e-05,0.04072760001872666,0.07201420000637881,0.043330299988156185,0.003656999993836507,0.007755900005577132,0.0033106999762821943,0.003344299999298528,0.00015189999248832464
0.4,LP3 ($ 	heta $ Only),32,570,0.0,,0,0,0,0,0.0,0.0,100.0,0.0010152999893762171,0.002359000005526468,0.00014700001338496804,0.03748759999871254,0.05264389998046681,0.022192799980985,0.006694199983030558,0.0033180000027641654,0.0032836000027600676,0.0035100000095553696,0.0001078000059351325
0.4,LP3 ($ 	heta $ Only),33,603,0.0,,0,0,0,0,0.0,0.0,100.0,0.005272099981084466,0.000974299997324124,5.229999078437686e-05,0.05258809999213554,0.04281699997955002,0.06793770001968369,0.006565800023963675,0.002819599991198629,0.0027951999800279737,0.002798300003632903,0.00010609999299049377
0.4,LP3 ($ 	heta $ Only),34,637,0.0,,0,0,0,0,0.0,0.0,100.0,0.0008089000184554607,0.003118499997071922,9.039998985826969e-05,0.039095899992389604,0.06060979998437688,0.03641629999037832,0.004146499995840713,0.007168200012529269,0.0028420000162441283,0.0029322000045794994,0.0001092999882530421
0.4,LP3 ($ 	heta $ Only),35,672,0.0,,0,0,0,0,0.0,0.0,100.0,0.0016104000096675009,0.002115900017088279,0.00010609999299049377,0.04066240001702681,0.051228500000433996,0.027967300004092976,0.0036928999761585146,0.00578269999823533,0.004277000000001863,0.0035639999841805547,0.00010720000136643648
0.4,LP3 ($ 	heta $ Only),36,708,0.0,,0,0,0,0,0.0,0.0,100.0,0.0008952999778557569,0.0012120000028517097,9.14999982342124e-05,0.03360760002397001,0.051645200001075864,0.050757499993778765,0.006801099982112646,0.00290099999983795,0.0028729999903589487,0.0028636999777518213,0.00010609999299049377
0.4,LP3 ($ 	heta $ Only),37,745,0.0,,0,0,0,0,0.0,0.0,100.0,0.0009391999919898808,0.000989099993603304,5.199998850002885e-05,0.03945979999843985,0.0522740000160411,0.047391400003107265,0.003889799991156906,0.0031269000028260052,0.0035717000137083232,0.00789999999688007,0.00010680002742446959
0.4,LP3 ($ 	heta $ Only),38,783,0.0,,0,0,0,0,0.0,0.0,100.0,0.0007570000016130507,0.0009666999976616353,8.139997953549027e-05,0.03643139998894185,0.04730169998947531,0.034360499994363636,0.0034907999797724187,0.007587000000057742,0.00288169999839738,0.0028649000159930438,0.00010559998918324709
0.4,LP3 ($ 	heta $ Only),39,822,0.0,,0,0,0,0,0.0,0.0,100.0,0.000835899991216138,0.0010432999988552183,8.030000026337802e-05,0.05396049999399111,0.05157270000199787,0.024092100007692352,0.003415300016058609,0.003288999985670671,0.003337000001920387,0.007978100009495392,0.00010640002437867224
0.4,LP3 ($ 	heta $ Only),40,862,0.0,,1,0,0,0,0.0,0.0,100.0,0.0009453000093344599,0.0009879999852273613,0.00012749998131766915,0.08801610002410598,0.040003999980399385,0.02529709998634644,0.0029651999939233065,0.009278599987737834,0.003191700001480058,0.004227899975376204,0.00010810000821948051
0.4,LP3 ($ 	heta $ Only),41,903,0.0,,0,0,0,0,0.0,0.0,100.0,0.001086699980078265,0.002041800005827099,0.00020369997946545482,0.1815208000189159,0.05038090000743978,0.027851799997733906,0.0030100999865680933,0.0028319999983068556,0.0029100000101607293,0.007859099976485595,0.00010790000669658184
0.4,LP3 ($ 	heta $ Only),42,945,0.0,,0,0,0,0,0.0,0.0,100.0,0.0009448000055272132,0.0010034999868366867,5.2799994591623545e-05,0.0476978000078816,0.055483900010585785,0.02998920000391081,0.0030138000147417188,0.003504899999825284,0.006162200006656349,0.0028858000005129725,0.00010829998063854873
0.4,LP3 ($ 	heta $ Only),43,988,0.0,,0,0,0,0,0.0,0.0,100.0,0.00089490000391379,0.0010457999887876213,6.239998037926853e-05,0.03103840001858771,0.046838800015393645,0.027453100017737597,0.003419000015128404,0.003267099993536249,0.00522560000536032,0.0033103000023402274,0.00018390000332146883
0.4,LP3 ($ 	heta $ Only),44,1032,0.0,,1,0,0,0,0.0,0.0,100.0,0.000750600011087954,0.0009659999923314899,0.0001170000177808106,0.033284999983152375,0.053388700005598366,0.026689199992688373,0.003220099984901026,0.0031057000160217285,0.0035955999919679016,0.004473199980566278,0.00017579999985173345
0.4,LP3 ($ 	heta $ Only),45,1077,0.0,,0,0,0,0,0.0,0.0,100.0,0.0007541000086348504,0.0008548000187147409,4.6600005589425564e-05,0.10913440000149421,0.05955040000844747,0.020401000016136095,0.00347590001183562,0.003877899987855926,0.004960499994922429,0.0033327999990433455,0.00018519998411647975
0.4,LP3 ($ 	heta $ Only),46,1123,0.0,,0,0,0,0,0.0,0.0,100.0,0.0007478999905288219,0.000918099976843223,4.640000406652689e-05,0.04072960000485182,0.05002500000409782,0.020541899983072653,0.0029258999857120216,0.0036828999873250723,0.0028295999800320715,0.0029424999956972897,0.00010609999299049377
0.4,LP3 ($ 	heta $ Only),47,1170,0.0,,0,0,0,0,0.0,0.0,100.0,0.0007551999879069626,0.0008148000051733106,4.7999987145885825e-05,0.033410800009733066,0.055630399991059676,0.03907719999551773,0.002965699997730553,0.0028325000021141022,0.004560900008073077,0.0070349999878089875,0.00010899998596869409
0.4,LP3 ($ 	heta $ Only),48,1218,0.0,,0,0,0,0,0.0,0.0,100.0,0.0009416999819222838,0.0009043000172823668,6.079999729990959e-05,0.045177699998021126,0.04948260000674054,0.03545080000185408,0.003930300008505583,0.005271800007903948,0.0028587999986484647,0.002850800025044009,0.00010629999451339245
0.4,LP3 ($ 	heta $ Only),49,1267,0.0,,0,0,0,0,0.0,0.0,100.0,0.003714999998919666,0.0008907000010367483,4.7999987145885825e-05,0.0490163000067696,0.04739699998754077,0.06279229998472147,0.006341699976474047,0.009184800001094118,0.0068444000207819045,0.00907050000387244,0.00024360002134926617
0.4,Weighted LP3 ($ 	heta $ Only),0,42,0.0,,0,0,0,0,0.0,0.0,100.0,0.0013312999799381942,0.0011426999990362674,6.350001785904169e-05,0.04633260000264272,0.06525249997503124,0.055206999997608364,0.007516399986343458,0.0028464999923016876,0.0028384000179357827,0.004841599991777912,0.00043149999692104757
0.4,Weighted LP3 ($ 	heta $ Only),1,43,0.0,,2,0,0,0,0.0,0.0,100.0,0.0015010999923106283,0.000970900000538677,0.00012439998681657016,0.02783650002675131,0.08594439999433234,0.023535799991805106,0.003802499995799735,0.002427500003250316,0.002412800007732585,0.0026285999920219183,9.839999256655574e-05
0.4,Weighted LP3 ($ 	heta $ Only),2,45,0.0,,0,0,0,0,0.0,0.0,100.0,0.0008531000057701021,0.002955899981316179,6.439999560825527e-05,0.02988829999230802,0.07227330000023358,0.027146800013724715,0.003120799985481426,0.003763600019738078,0.0037136999890208244,0.005000900011509657,0.00010879998444579542
0.4,Weighted LP3 ($ 	heta $ Only),3,48,0.0,,0,0,0,0,0.0,0.0,100.0,0.0007639999967068434,0.0009623999940231442,4.710000939667225e-05,0.03173030001926236,0.05445009999675676,0.029680400009965524,0.004102400009287521,0.0031818999850656837,0.005809499998576939,0.003551600006176159,0.00010950001887977123
0.4,Weighted LP3 ($ 	heta $ Only),4,52,0.0,,0,0,0,0,0.0,0.0,100.0,0.0007648000027984381,0.000894299999345094,4.740001168102026e-05,0.03283789998386055,0.045136300002923235,0.0501079999958165,0.0029676999838557094,0.0027828000020235777,0.002783200005069375,0.0028406000055838376,0.00010410000686533749
0.4,Weighted LP3 ($ 	heta $ Only),5,57,0.0,,0,0,0,0,0.0,0.0,100.0,0.001539600023534149,0.0009609000117052346,5.0000002374872565e-05,0.026830999995581806,0.06177860000752844,0.04004759999224916,0.003653299994766712,0.005190700001548976,0.003587199986213818,0.0028568000125233084,0.00010659999679774046
0.4,Weighted LP3 ($ 	heta $ Only),6,63,0.0,,1,0,0,0,0.0,0.0,100.0,0.0007648000027984381,0.0008897999941837043,0.00011890000314451754,0.043916900001931936,0.13674299998092465,0.026223699998809025,0.003177500009769574,0.0030587000073865056,0.0031196000054478645,0.00438259998918511,0.00027409999165683985
0.4,Weighted LP3 ($ 	heta $ Only),7,70,0.0,,0,0,0,0,0.0,0.0,100.0,0.0011898000084329396,0.001299199997447431,5.8399979025125504e-05,0.03851559999748133,0.05161049999878742,0.030217599996831268,0.0035934000043198466,0.007889100001193583,0.004119800025364384,0.003920699993614107,0.00018400000408291817
0.4,Weighted LP3 ($ 	heta $ Only),8,78,0.0,,0,0,0,0,0.0,0.0,100.0,0.0019058000179938972,0.001041699986672029,5.040000542066991e-05,0.04052349997800775,0.04351660000975244,0.04373149998718873,0.008015900006284937,0.0028358999988995492,0.0028117999900132418,0.0028165999974589795,0.00010599999222904444
0.4,Weighted LP3 ($ 	heta $ Only),9,87,0.0,,0,0,0,0,0.0,0.0,100.0,0.0007590999884996563,0.00213649999932386,6.520000169984996e-05,0.05361219999031164,0.057607199996709824,0.04288059999817051,0.0030075999966356903,0.0036678000178653747,0.0077766999893356115,0.0028714999789372087,0.00010770000517368317
0.4,Weighted LP3 ($ 	heta $ Only),10,97,0.0,,0,0,0,0,0.0,0.0,100.0,0.0009254000033251941,0.000909399997908622,4.8999994760379195e-05,0.046382400003494695,0.055464600009145215,0.020706099981907755,0.003815999982180074,0.006916300015291199,0.003432699973927811,0.002775500004645437,0.00010850001126527786
0.4,Weighted LP3 ($ 	heta $ Only),11,108,0.0,,3,0,0,0,0.0,0.0,100.0,0.0007572999747935683,0.001128499978221953,0.00023019997752271593,0.03579069999977946,0.05953699999372475,0.021620200015604496,0.002778599999146536,0.0027868000033777207,0.00249060001806356,0.0027975999983027577,0.00015730000450275838
0.4,Weighted LP3 ($ 	heta $ Only),12,120,0.0,,0,0,0,0,0.0,0.0,100.0,0.004289799981052056,0.0009719000081531703,4.7999987145885825e-05,0.03502380001009442,0.066615300020203,0.046078500017756596,0.006855799991171807,0.0067233000008855015,0.005007200001273304,0.008908699994208291,0.00027650000993162394
0.4,Weighted LP3 ($ 	heta $ Only),13,133,0.0,,0,0,0,0,0.0,0.0,100.0,0.002135699993232265,0.0014533000066876411,6.690001464448869e-05,0.04606729999068193,0.08047040001838468,0.041429200005950406,0.002974699978949502,0.0028158000204712152,0.002803400013362989,0.0034453999833203852,0.00010789997759275138
0.4,Weighted LP3 ($ 	heta $ Only),14,147,0.0,,0,0,0,0,0.0,0.0,100.0,0.0020597999973688275,0.0010803999903146178,5.0300004659220576e-05,0.03772029999527149,0.06196560000535101,0.03692260000389069,0.004683200008003041,0.0033149000082630664,0.0033817999938037246,0.007933200016850606,0.00010810000821948051
0.4,Weighted LP3 ($ 	heta $ Only),15,162,0.0,,0,0,0,0,0.0,0.0,100.0,0.000906600005691871,0.0010368999792262912,6.059999577701092e-05,0.04245829998399131,0.04622930000186898,0.025666700006695464,0.004981999984011054,0.0033602000039536506,0.004651199997169897,0.007090099999913946,0.0002106000029016286
0.4,Weighted LP3 ($ 	heta $ Only),16,178,0.0,,0,0,0,0,0.0,0.0,100.0,0.0072296000143978745,0.0018531999958213419,6.710001616738737e-05,0.08308609999949113,0.061764199985191226,0.03790789999766275,0.004144500009715557,0.008243500022217631,0.008425000007264316,0.007155399973271415,0.00010959999053739011
0.4,Weighted LP3 ($ 	heta $ Only),17,195,0.0,,0,0,0,0,0.0,0.0,100.0,0.0010754000104498118,0.0008660000166855752,5.0000002374872565e-05,0.037922299990896136,0.05465079998248257,0.024364400014746934,0.004115000017918646,0.007457200001226738,0.002881200023693964,0.002865999995265156,0.00010770000517368317
0.4,Weighted LP3 ($ 	heta $ Only),18,213,0.0,,0,0,0,0,0.0,0.0,100.0,0.001292100001592189,0.0008219000010285527,4.640000406652689e-05,0.043513900018297136,0.04015429998980835,0.032649400003720075,0.003055400011362508,0.006103899999288842,0.003316600021207705,0.003223100007744506,0.00011169997742399573
0.4,Weighted LP3 ($ 	heta $ Only),19,232,0.0,,1,0,0,0,0.0,0.0,100.0,0.0007580000092275441,0.0008000000088941306,0.00011470000026747584,0.03550950001226738,0.06255169998621568,0.031843600008869544,0.0029815000016242266,0.0027251999999862164,0.0078376000165008,0.003601599979447201,0.00029120000544935465
0.4,Weighted LP3 ($ 	heta $ Only),20,252,0.0,,0,0,0,0,0.0,0.0,100.0,0.0007845000072848052,0.0009117000154219568,4.759998410008848e-05,0.03630039998097345,0.058147699979599565,0.026417499990202487,0.009863900020718575,0.004561399982776493,0.006651800009422004,0.0030587999790441245,0.00011650001397356391
0.4,Weighted LP3 ($ 	heta $ Only),21,273,0.0,,0,0,0,0,0.0,0.0,100.0,0.000805000017862767,0.0008869000012055039,5.099998088553548e-05,0.03709160001017153,0.06001509999623522,0.022479600011138245,0.0029941000102553517,0.0028321999998297542,0.005930800019996241,0.00318840000545606,0.00010699999984353781
0.4,Weighted LP3 ($ 	heta $ Only),22,295,0.0,,0,0,0,0,0.0,0.0,100.0,0.0007625999860465527,0.0009401999996043742,4.8699992476031184e-05,0.03380539998761378,0.044237099995370954,0.032093699992401525,0.0030703000084031373,0.006474499998148531,0.0036921999999321997,0.0028657999937422574,0.0001086000120267272
0.4,Weighted LP3 ($ 	heta $ Only),23,318,0.0,,0,0,0,0,0.0,0.0,100.0,0.0007652000058442354,0.0009599000040907413,4.680000711232424e-05,0.03594120001071133,0.051062699989415705,0.030582199979107827,0.0030550999799743295,0.0028950999840162694,0.0029138000099919736,0.007801800005836412,0.00010899998596869409
0.4,Weighted LP3 ($ 	heta $ Only),24,342,0.0,,0,0,0,0,0.0,0.0,100.0,0.0009387000172864646,0.0010315000254195184,5.160001455806196e-05,0.04124910000246018,0.25240590001340024,0.05340989999240264,0.004788699996424839,0.007154299993999302,0.009961400006432086,0.006539299996802583,0.000541799992788583
0.4,Weighted LP3 ($ 	heta $ Only),25,367,0.0,,0,0,0,0,0.0,0.0,100.0,0.002572899975348264,0.0018175000150222331,6.639998173341155e-05,0.04398720001336187,0.0471665000077337,0.023403699975460768,0.0032461000082548708,0.0033156000135932118,0.0033989000075962394,0.003195700002834201,0.00011999998241662979
0.4,Weighted LP3 ($ 	heta $ Only),26,393,0.0,,0,0,0,0,0.0,0.0,100.0,0.0008207999926526099,0.001055200002156198,5.15999854542315e-05,0.03751230001216754,0.09082119999220595,0.02611340000294149,0.0037031999963801354,0.006808699981775135,0.00406259999726899,0.0033515999966766685,0.00019400002202019095
0.4,Weighted LP3 ($ 	heta $ Only),27,420,0.0,,0,0,0,0,0.0,0.0,100.0,0.0011537999962456524,0.0009152000129688531,0.0006367000169120729,0.03914999999688007,0.061339400010183454,0.033711800002492964,0.0036684999940916896,0.00855619998765178,0.0029282000032253563,0.0029026000120211393,0.00010979999206028879
0.4,Weighted LP3 ($ 	heta $ Only),28,448,0.0,,1,0,0,0,0.0,0.0,100.0,0.0008356999896932393,0.0012465000036172569,0.00021749999723397195,0.043019000004278496,0.05120919999899343,0.028831399977207184,0.0033602000039536506,0.003795399999944493,0.004811099992366508,0.0032565000001341105,0.0001799000019673258
0.4,Weighted LP3 ($ 	heta $ Only),29,477,0.0,,0,0,0,0,0.0,0.0,100.0,0.000752799998736009,0.0008507999882567674,4.6200002543628216e-05,0.04059739998774603,0.05334520002361387,0.023010500008240342,0.0034770000202115625,0.0033057999971788377,0.0032912000024225563,0.0032848000118974596,0.0001838000025600195
0.4,Weighted LP3 ($ 	heta $ Only),30,507,0.0,,0,0,0,0,0.0,0.0,100.0,0.0007418000022880733,0.0019067999965045601,5.379997310228646e-05,0.03378470000461675,0.05347210000036284,0.023508899990702048,0.004669399990234524,0.0032853000157047063,0.003268700005719438,0.0038260000001173466,0.0001852999848779291
0.4,Weighted LP3 ($ 	heta $ Only),31,538,0.0,,0,0,0,0,0.0,0.0,100.0,0.0007535999757237732,0.0016896000015549362,6.410002242773771e-05,0.04072760001872666,0.07201420000637881,0.043330299988156185,0.003656999993836507,0.007755900005577132,0.0033106999762821943,0.003344299999298528,0.00015189999248832464
0.4,Weighted LP3 ($ 	heta $ Only),32,570,0.0,,0,0,0,0,0.0,0.0,100.0,0.0010152999893762171,0.002359000005526468,0.00014700001338496804,0.03748759999871254,0.05264389998046681,0.022192799980985,0.006694199983030558,0.0033180000027641654,0.0032836000027600676,0.0035100000095553696,0.0001078000059351325
0.4,Weighted LP3 ($ 	heta $ Only),33,603,0.0,,0,0,0,0,0.0,0.0,100.0,0.005272099981084466,0.000974299997324124,5.229999078437686e-05,0.05258809999213554,0.04281699997955002,0.06793770001968369,0.006565800023963675,0.002819599991198629,0.0027951999800279737,0.002798300003632903,0.00010609999299049377
0.4,Weighted LP3 ($ 	heta $ Only),34,637,0.0,,0,0,0,0,0.0,0.0,100.0,0.0008089000184554607,0.003118499997071922,9.039998985826969e-05,0.039095899992389604,0.06060979998437688,0.03641629999037832,0.004146499995840713,0.007168200012529269,0.0028420000162441283,0.0029322000045794994,0.0001092999882530421
0.4,Weighted LP3 ($ 	heta $ Only),35,672,0.0,,0,0,0,0,0.0,0.0,100.0,0.0016104000096675009,0.002115900017088279,0.00010609999299049377,0.04066240001702681,0.051228500000433996,0.027967300004092976,0.0036928999761585146,0.00578269999823533,0.004277000000001863,0.0035639999841805547,0.00010720000136643648
0.4,Weighted LP3 ($ 	heta $ Only),36,708,0.0,,0,0,0,0,0.0,0.0,100.0,0.0008952999778557569,0.0012120000028517097,9.14999982342124e-05,0.03360760002397001,0.051645200001075864,0.050757499993778765,0.006801099982112646,0.00290099999983795,0.0028729999903589487,0.0028636999777518213,0.00010609999299049377
0.4,Weighted LP3 ($ 	heta $ Only),37,745,0.0,,0,0,0,0,0.0,0.0,100.0,0.0009391999919898808,0.000989099993603304,5.199998850002885e-05,0.03945979999843985,0.0522740000160411,0.047391400003107265,0.003889799991156906,0.0031269000028260052,0.0035717000137083232,0.00789999999688007,0.00010680002742446959
0.4,Weighted LP3 ($ 	heta $ Only),38,783,0.0,,0,0,0,0,0.0,0.0,100.0,0.0007570000016130507,0.0009666999976616353,8.139997953549027e-05,0.03643139998894185,0.04730169998947531,0.034360499994363636,0.0034907999797724187,0.007587000000057742,0.00288169999839738,0.0028649000159930438,0.00010559998918324709
0.4,Weighted LP3 ($ 	heta $ Only),39,822,0.0,,0,0,0,0,0.0,0.0,100.0,0.000835899991216138,0.0010432999988552183,8.030000026337802e-05,0.05396049999399111,0.05157270000199787,0.024092100007692352,0.003415300016058609,0.003288999985670671,0.003337000001920387,0.007978100009495392,0.00010640002437867224
0.4,Weighted LP3 ($ 	heta $ Only),40,862,0.0,,1,0,0,0,0.0,0.0,100.0,0.0009453000093344599,0.0009879999852273613,0.00012749998131766915,0.08801610002410598,0.040003999980399385,0.02529709998634644,0.0029651999939233065,0.009278599987737834,0.003191700001480058,0.004227899975376204,0.00010810000821948051
0.4,Weighted LP3 ($ 	heta $ Only),41,903,0.0,,0,0,0,0,0.0,0.0,100.0,0.001086699980078265,0.002041800005827099,0.00020369997946545482,0.1815208000189159,0.05038090000743978,0.027851799997733906,0.0030100999865680933,0.0028319999983068556,0.0029100000101607293,0.007859099976485595,0.00010790000669658184
0.4,Weighted LP3 ($ 	heta $ Only),42,945,0.0,,0,0,0,0,0.0,0.0,100.0,0.0009448000055272132,0.0010034999868366867,5.2799994591623545e-05,0.0476978000078816,0.055483900010585785,0.02998920000391081,0.0030138000147417188,0.003504899999825284,0.006162200006656349,0.0028858000005129725,0.00010829998063854873
0.4,Weighted LP3 ($ 	heta $ Only),43,988,0.0,,0,0,0,0,0.0,0.0,100.0,0.00089490000391379,0.0010457999887876213,6.239998037926853e-05,0.03103840001858771,0.046838800015393645,0.027453100017737597,0.003419000015128404,0.003267099993536249,0.00522560000536032,0.0033103000023402274,0.00018390000332146883
0.4,Weighted LP3 ($ 	heta $ Only),44,1032,0.0,,1,0,0,0,0.0,0.0,100.0,0.000750600011087954,0.0009659999923314899,0.0001170000177808106,0.033284999983152375,0.053388700005598366,0.026689199992688373,0.003220099984901026,0.0031057000160217285,0.0035955999919679016,0.004473199980566278,0.00017579999985173345
0.4,Weighted LP3 ($ 	heta $ Only),45,1077,0.0,,0,0,0,0,0.0,0.0,100.0,0.0007541000086348504,0.0008548000187147409,4.6600005589425564e-05,0.10913440000149421,0.05955040000844747,0.020401000016136095,0.00347590001183562,0.003877899987855926,0.004960499994922429,0.0033327999990433455,0.00018519998411647975
0.4,Weighted LP3 ($ 	heta $ Only),46,1123,0.0,,0,0,0,0,0.0,0.0,100.0,0.0007478999905288219,0.000918099976843223,4.640000406652689e-05,0.04072960000485182,0.05002500000409782,0.020541899983072653,0.0029258999857120216,0.0036828999873250723,0.0028295999800320715,0.0029424999956972897,0.00010609999299049377
0.4,Weighted LP3 ($ 	heta $ Only),47,1170,0.0,,0,0,0,0,0.0,0.0,100.0,0.0007551999879069626,0.0008148000051733106,4.7999987145885825e-05,0.033410800009733066,0.055630399991059676,0.03907719999551773,0.002965699997730553,0.0028325000021141022,0.004560900008073077,0.0070349999878089875,0.00010899998596869409
0.4,Weighted LP3 ($ 	heta $ Only),48,1218,0.0,,0,0,0,0,0.0,0.0,100.0,0.0009416999819222838,0.0009043000172823668,6.079999729990959e-05,0.045177699998021126,0.04948260000674054,0.03545080000185408,0.003930300008505583,0.005271800007903948,0.0028587999986484647,0.002850800025044009,0.00010629999451339245
0.4,Weighted LP3 ($ 	heta $ Only),49,1267,0.0,,0,0,0,0,0.0,0.0,100.0,0.003714999998919666,0.0008907000010367483,4.7999987145885825e-05,0.0490163000067696,0.04739699998754077,0.06279229998472147,0.006341699976474047,0.009184800001094118,0.0068444000207819045,0.00907050000387244,0.00024360002134926617
0.4,Borda LP3 ($ 	heta $ Only),0,42,0.0,,0,0,0,0,0.0,0.0,100.0,0.0013312999799381942,0.0011426999990362674,6.350001785904169e-05,0.04633260000264272,0.06525249997503124,0.055206999997608364,0.007516399986343458,0.0028464999923016876,0.0028384000179357827,0.004841599991777912,0.00043149999692104757
0.4,Borda LP3 ($ 	heta $ Only),1,43,0.0,,2,0,0,0,0.0,0.0,100.0,0.0015010999923106283,0.000970900000538677,0.00012439998681657016,0.02783650002675131,0.08594439999433234,0.023535799991805106,0.003802499995799735,0.002427500003250316,0.002412800007732585,0.0026285999920219183,9.839999256655574e-05
0.4,Borda LP3 ($ 	heta $ Only),2,45,0.0,,0,0,0,0,0.0,0.0,100.0,0.0008531000057701021,0.002955899981316179,6.439999560825527e-05,0.02988829999230802,0.07227330000023358,0.027146800013724715,0.003120799985481426,0.003763600019738078,0.0037136999890208244,0.005000900011509657,0.00010879998444579542
0.4,Borda LP3 ($ 	heta $ Only),3,48,0.0,,0,0,0,0,0.0,0.0,100.0,0.0007639999967068434,0.0009623999940231442,4.710000939667225e-05,0.03173030001926236,0.05445009999675676,0.029680400009965524,0.004102400009287521,0.0031818999850656837,0.005809499998576939,0.003551600006176159,0.00010950001887977123
0.4,Borda LP3 ($ 	heta $ Only),4,52,0.0,,0,0,0,0,0.0,0.0,100.0,0.0007648000027984381,0.000894299999345094,4.740001168102026e-05,0.03283789998386055,0.045136300002923235,0.0501079999958165,0.0029676999838557094,0.0027828000020235777,0.002783200005069375,0.0028406000055838376,0.00010410000686533749
0.4,Borda LP3 ($ 	heta $ Only),5,57,0.0,,0,0,0,0,0.0,0.0,100.0,0.001539600023534149,0.0009609000117052346,5.0000002374872565e-05,0.026830999995581806,0.06177860000752844,0.04004759999224916,0.003653299994766712,0.005190700001548976,0.003587199986213818,0.0028568000125233084,0.00010659999679774046
0.4,Borda LP3 ($ 	heta $ Only),6,63,0.0,,1,0,0,0,0.0,0.0,100.0,0.0007648000027984381,0.0008897999941837043,0.00011890000314451754,0.043916900001931936,0.13674299998092465,0.026223699998809025,0.003177500009769574,0.0030587000073865056,0.0031196000054478645,0.00438259998918511,0.00027409999165683985
0.4,Borda LP3 ($ 	heta $ Only),7,70,0.0,,0,0,0,0,0.0,0.0,100.0,0.0011898000084329396,0.001299199997447431,5.8399979025125504e-05,0.03851559999748133,0.05161049999878742,0.030217599996831268,0.0035934000043198466,0.007889100001193583,0.004119800025364384,0.003920699993614107,0.00018400000408291817
0.4,Borda LP3 ($ 	heta $ Only),8,78,0.0,,0,0,0,0,0.0,0.0,100.0,0.0019058000179938972,0.001041699986672029,5.040000542066991e-05,0.04052349997800775,0.04351660000975244,0.04373149998718873,0.008015900006284937,0.0028358999988995492,0.0028117999900132418,0.0028165999974589795,0.00010599999222904444
0.4,Borda LP3 ($ 	heta $ Only),9,87,0.0,,0,0,0,0,0.0,0.0,100.0,0.0007590999884996563,0.00213649999932386,6.520000169984996e-05,0.05361219999031164,0.057607199996709824,0.04288059999817051,0.0030075999966356903,0.0036678000178653747,0.0077766999893356115,0.0028714999789372087,0.00010770000517368317
0.4,Borda LP3 ($ 	heta $ Only),10,97,0.0,,0,0,0,0,0.0,0.0,100.0,0.0009254000033251941,0.000909399997908622,4.8999994760379195e-05,0.046382400003494695,0.055464600009145215,0.020706099981907755,0.003815999982180074,0.006916300015291199,0.003432699973927811,0.002775500004645437,0.00010850001126527786
0.4,Borda LP3 ($ 	heta $ Only),11,108,0.0,,3,0,0,0,0.0,0.0,100.0,0.0007572999747935683,0.001128499978221953,0.00023019997752271593,0.03579069999977946,0.05953699999372475,0.021620200015604496,0.002778599999146536,0.0027868000033777207,0.00249060001806356,0.0027975999983027577,0.00015730000450275838
0.4,Borda LP3 ($ 	heta $ Only),12,120,0.0,,0,0,0,0,0.0,0.0,100.0,0.004289799981052056,0.0009719000081531703,4.7999987145885825e-05,0.03502380001009442,0.066615300020203,0.046078500017756596,0.006855799991171807,0.0067233000008855015,0.005007200001273304,0.008908699994208291,0.00027650000993162394
0.4,Borda LP3 ($ 	heta $ Only),13,133,0.0,,0,0,0,0,0.0,0.0,100.0,0.002135699993232265,0.0014533000066876411,6.690001464448869e-05,0.04606729999068193,0.08047040001838468,0.041429200005950406,0.002974699978949502,0.0028158000204712152,0.002803400013362989,0.0034453999833203852,0.00010789997759275138
0.4,Borda LP3 ($ 	heta $ Only),14,147,0.0,,0,0,0,0,0.0,0.0,100.0,0.0020597999973688275,0.0010803999903146178,5.0300004659220576e-05,0.03772029999527149,0.06196560000535101,0.03692260000389069,0.004683200008003041,0.0033149000082630664,0.0033817999938037246,0.007933200016850606,0.00010810000821948051
0.4,Borda LP3 ($ 	heta $ Only),15,162,0.0,,0,0,0,0,0.0,0.0,100.0,0.000906600005691871,0.0010368999792262912,6.059999577701092e-05,0.04245829998399131,0.04622930000186898,0.025666700006695464,0.004981999984011054,0.0033602000039536506,0.004651199997169897,0.007090099999913946,0.0002106000029016286
0.4,Borda LP3 ($ 	heta $ Only),16,178,0.0,,0,0,0,0,0.0,0.0,100.0,0.0072296000143978745,0.0018531999958213419,6.710001616738737e-05,0.08308609999949113,0.061764199985191226,0.03790789999766275,0.004144500009715557,0.008243500022217631,0.008425000007264316,0.007155399973271415,0.00010959999053739011
0.4,Borda LP3 ($ 	heta $ Only),17,195,0.0,,0,0,0,0,0.0,0.0,100.0,0.0010754000104498118,0.0008660000166855752,5.0000002374872565e-05,0.037922299990896136,0.05465079998248257,0.024364400014746934,0.004115000017918646,0.007457200001226738,0.002881200023693964,0.002865999995265156,0.00010770000517368317
0.4,Borda LP3 ($ 	heta $ Only),18,213,0.0,,0,0,0,0,0.0,0.0,100.0,0.001292100001592189,0.0008219000010285527,4.640000406652689e-05,0.043513900018297136,0.04015429998980835,0.032649400003720075,0.003055400011362508,0.006103899999288842,0.003316600021207705,0.003223100007744506,0.00011169997742399573
0.4,Borda LP3 ($ 	heta $ Only),19,232,0.0,,1,0,0,0,0.0,0.0,100.0,0.0007580000092275441,0.0008000000088941306,0.00011470000026747584,0.03550950001226738,0.06255169998621568,0.031843600008869544,0.0029815000016242266,0.0027251999999862164,0.0078376000165008,0.003601599979447201,0.00029120000544935465
0.4,Borda LP3 ($ 	heta $ Only),20,252,0.0,,0,0,0,0,0.0,0.0,100.0,0.0007845000072848052,0.0009117000154219568,4.759998410008848e-05,0.03630039998097345,0.058147699979599565,0.026417499990202487,0.009863900020718575,0.004561399982776493,0.006651800009422004,0.0030587999790441245,0.00011650001397356391
0.4,Borda LP3 ($ 	heta $ Only),21,273,0.0,,0,0,0,0,0.0,0.0,100.0,0.000805000017862767,0.0008869000012055039,5.099998088553548e-05,0.03709160001017153,0.06001509999623522,0.022479600011138245,0.0029941000102553517,0.0028321999998297542,0.005930800019996241,0.00318840000545606,0.00010699999984353781
0.4,Borda LP3 ($ 	heta $ Only),22,295,0.0,,0,0,0,0,0.0,0.0,100.0,0.0007625999860465527,0.0009401999996043742,4.8699992476031184e-05,0.03380539998761378,0.044237099995370954,0.032093699992401525,0.0030703000084031373,0.006474499998148531,0.0036921999999321997,0.0028657999937422574,0.0001086000120267272
0.4,Borda LP3 ($ 	heta $ Only),23,318,0.0,,0,0,0,0,0.0,0.0,100.0,0.0007652000058442354,0.0009599000040907413,4.680000711232424e-05,0.03594120001071133,0.051062699989415705,0.030582199979107827,0.0030550999799743295,0.0028950999840162694,0.0029138000099919736,0.007801800005836412,0.00010899998596869409
0.4,Borda LP3 ($ 	heta $ Only),24,342,0.0,,0,0,0,0,0.0,0.0,100.0,0.0009387000172864646,0.0010315000254195184,5.160001455806196e-05,0.04124910000246018,0.25240590001340024,0.05340989999240264,0.004788699996424839,0.007154299993999302,0.009961400006432086,0.006539299996802583,0.000541799992788583
0.4,Borda LP3 ($ 	heta $ Only),25,367,0.0,,0,0,0,0,0.0,0.0,100.0,0.002572899975348264,0.0018175000150222331,6.639998173341155e-05,0.04398720001336187,0.0471665000077337,0.023403699975460768,0.0032461000082548708,0.0033156000135932118,0.0033989000075962394,0.003195700002834201,0.00011999998241662979
0.4,Borda LP3 ($ 	heta $ Only),26,393,0.0,,0,0,0,0,0.0,0.0,100.0,0.0008207999926526099,0.001055200002156198,5.15999854542315e-05,0.03751230001216754,0.09082119999220595,0.02611340000294149,0.0037031999963801354,0.006808699981775135,0.00406259999726899,0.0033515999966766685,0.00019400002202019095
0.4,Borda LP3 ($ 	heta $ Only),27,420,0.0,,0,0,0,0,0.0,0.0,100.0,0.0011537999962456524,0.0009152000129688531,0.0006367000169120729,0.03914999999688007,0.061339400010183454,0.033711800002492964,0.0036684999940916896,0.00855619998765178,0.0029282000032253563,0.0029026000120211393,0.00010979999206028879
0.4,Borda LP3 ($ 	heta $ Only),28,448,0.0,,1,0,0,0,0.0,0.0,100.0,0.0008356999896932393,0.0012465000036172569,0.00021749999723397195,0.043019000004278496,0.05120919999899343,0.028831399977207184,0.0033602000039536506,0.003795399999944493,0.004811099992366508,0.0032565000001341105,0.0001799000019673258
0.4,Borda LP3 ($ 	heta $ Only),29,477,0.0,,0,0,0,0,0.0,0.0,100.0,0.000752799998736009,0.0008507999882567674,4.6200002543628216e-05,0.04059739998774603,0.05334520002361387,0.023010500008240342,0.0034770000202115625,0.0033057999971788377,0.0032912000024225563,0.0032848000118974596,0.0001838000025600195
0.4,Borda LP3 ($ 	heta $ Only),30,507,0.0,,0,0,0,0,0.0,0.0,100.0,0.0007418000022880733,0.0019067999965045601,5.379997310228646e-05,0.03378470000461675,0.05347210000036284,0.023508899990702048,0.004669399990234524,0.0032853000157047063,0.003268700005719438,0.0038260000001173466,0.0001852999848779291
0.4,Borda LP3 ($ 	heta $ Only),31,538,0.0,,0,0,0,0,0.0,0.0,100.0,0.0007535999757237732,0.0016896000015549362,6.410002242773771e-05,0.04072760001872666,0.07201420000637881,0.043330299988156185,0.003656999993836507,0.007755900005577132,0.0033106999762821943,0.003344299999298528,0.00015189999248832464
0.4,Borda LP3 ($ 	heta $ Only),32,570,0.0,,0,0,0,0,0.0,0.0,100.0,0.0010152999893762171,0.002359000005526468,0.00014700001338496804,0.03748759999871254,0.05264389998046681,0.022192799980985,0.006694199983030558,0.0033180000027641654,0.0032836000027600676,0.0035100000095553696,0.0001078000059351325
0.4,Borda LP3 ($ 	heta $ Only),33,603,0.0,,0,0,0,0,0.0,0.0,100.0,0.005272099981084466,0.000974299997324124,5.229999078437686e-05,0.05258809999213554,0.04281699997955002,0.06793770001968369,0.006565800023963675,0.002819599991198629,0.0027951999800279737,0.002798300003632903,0.00010609999299049377
0.4,Borda LP3 ($ 	heta $ Only),34,637,0.0,,0,0,0,0,0.0,0.0,100.0,0.0008089000184554607,0.003118499997071922,9.039998985826969e-05,0.039095899992389604,0.06060979998437688,0.03641629999037832,0.004146499995840713,0.007168200012529269,0.0028420000162441283,0.0029322000045794994,0.0001092999882530421
0.4,Borda LP3 ($ 	heta $ Only),35,672,0.0,,0,0,0,0,0.0,0.0,100.0,0.0016104000096675009,0.002115900017088279,0.00010609999299049377,0.04066240001702681,0.051228500000433996,0.027967300004092976,0.0036928999761585146,0.00578269999823533,0.004277000000001863,0.0035639999841805547,0.00010720000136643648
0.4,Borda LP3 ($ 	heta $ Only),36,708,0.0,,0,0,0,0,0.0,0.0,100.0,0.0008952999778557569,0.0012120000028517097,9.14999982342124e-05,0.03360760002397001,0.051645200001075864,0.050757499993778765,0.006801099982112646,0.00290099999983795,0.0028729999903589487,0.0028636999777518213,0.00010609999299049377
0.4,Borda LP3 ($ 	heta $ Only),37,745,0.0,,0,0,0,0,0.0,0.0,100.0,0.0009391999919898808,0.000989099993603304,5.199998850002885e-05,0.03945979999843985,0.0522740000160411,0.047391400003107265,0.003889799991156906,0.0031269000028260052,0.0035717000137083232,0.00789999999688007,0.00010680002742446959
0.4,Borda LP3 ($ 	heta $ Only),38,783,0.0,,0,0,0,0,0.0,0.0,100.0,0.0007570000016130507,0.0009666999976616353,8.139997953549027e-05,0.03643139998894185,0.04730169998947531,0.034360499994363636,0.0034907999797724187,0.007587000000057742,0.00288169999839738,0.0028649000159930438,0.00010559998918324709
0.4,Borda LP3 ($ 	heta $ Only),39,822,0.0,,0,0,0,0,0.0,0.0,100.0,0.000835899991216138,0.0010432999988552183,8.030000026337802e-05,0.05396049999399111,0.05157270000199787,0.024092100007692352,0.003415300016058609,0.003288999985670671,0.003337000001920387,0.007978100009495392,0.00010640002437867224
0.4,Borda LP3 ($ 	heta $ Only),40,862,0.0,,1,0,0,0,0.0,0.0,100.0,0.0009453000093344599,0.0009879999852273613,0.00012749998131766915,0.08801610002410598,0.040003999980399385,0.02529709998634644,0.0029651999939233065,0.009278599987737834,0.003191700001480058,0.004227899975376204,0.00010810000821948051
0.4,Borda LP3 ($ 	heta $ Only),41,903,0.0,,0,0,0,0,0.0,0.0,100.0,0.001086699980078265,0.002041800005827099,0.00020369997946545482,0.1815208000189159,0.05038090000743978,0.027851799997733906,0.0030100999865680933,0.0028319999983068556,0.0029100000101607293,0.007859099976485595,0.00010790000669658184
0.4,Borda LP3 ($ 	heta $ Only),42,945,0.0,,0,0,0,0,0.0,0.0,100.0,0.0009448000055272132,0.0010034999868366867,5.2799994591623545e-05,0.0476978000078816,0.055483900010585785,0.02998920000391081,0.0030138000147417188,0.003504899999825284,0.006162200006656349,0.0028858000005129725,0.00010829998063854873
0.4,Borda LP3 ($ 	heta $ Only),43,988,0.0,,0,0,0,0,0.0,0.0,100.0,0.00089490000391379,0.0010457999887876213,6.239998037926853e-05,0.03103840001858771,0.046838800015393645,0.027453100017737597,0.003419000015128404,0.003267099993536249,0.00522560000536032,0.0033103000023402274,0.00018390000332146883
0.4,Borda LP3 ($ 	heta $ Only),44,1032,0.0,,1,0,0,0,0.0,0.0,100.0,0.000750600011087954,0.0009659999923314899,0.0001170000177808106,0.033284999983152375,0.053388700005598366,0.026689199992688373,0.003220099984901026,0.0031057000160217285,0.0035955999919679016,0.004473199980566278,0.00017579999985173345
0.4,Borda LP3 ($ 	heta $ Only),45,1077,0.0,,0,0,0,0,0.0,0.0,100.0,0.0007541000086348504,0.0008548000187147409,4.6600005589425564e-05,0.10913440000149421,0.05955040000844747,0.020401000016136095,0.00347590001183562,0.003877899987855926,0.004960499994922429,0.0033327999990433455,0.00018519998411647975
0.4,Borda LP3 ($ 	heta $ Only),46,1123,0.0,,0,0,0,0,0.0,0.0,100.0,0.0007478999905288219,0.000918099976843223,4.640000406652689e-05,0.04072960000485182,0.05002500000409782,0.020541899983072653,0.0029258999857120216,0.0036828999873250723,0.0028295999800320715,0.0029424999956972897,0.00010609999299049377
0.4,Borda LP3 ($ 	heta $ Only),47,1170,0.0,,0,0,0,0,0.0,0.0,100.0,0.0007551999879069626,0.0008148000051733106,4.7999987145885825e-05,0.033410800009733066,0.055630399991059676,0.03907719999551773,0.002965699997730553,0.0028325000021141022,0.004560900008073077,0.0070349999878089875,0.00010899998596869409
0.4,Borda LP3 ($ 	heta $ Only),48,1218,0.0,,0,0,0,0,0.0,0.0,100.0,0.0009416999819222838,0.0009043000172823668,6.079999729990959e-05,0.045177699998021126,0.04948260000674054,0.03545080000185408,0.003930300008505583,0.005271800007903948,0.0028587999986484647,0.002850800025044009,0.00010629999451339245
0.4,Borda LP3 ($ 	heta $ Only),49,1267,0.0,,0,0,0,0,0.0,0.0,100.0,0.003714999998919666,0.0008907000010367483,4.7999987145885825e-05,0.0490163000067696,0.04739699998754077,0.06279229998472147,0.006341699976474047,0.009184800001094118,0.0068444000207819045,0.00907050000387244,0.00024360002134926617
0.4,Linear BTL,0,42,,-18.833808260524865,0,1,0,1,,,,0.0013312999799381942,0.0011426999990362674,6.350001785904169e-05,0.04633260000264272,0.06525249997503124,0.055206999997608364,0.007516399986343458,0.0028464999923016876,0.0028384000179357827,0.004841599991777912,0.00043149999692104757
0.4,Linear BTL,1,43,,-22.74470730598206,2,1,0,1,,,,0.0015010999923106283,0.000970900000538677,0.00012439998681657016,0.02783650002675131,0.08594439999433234,0.023535799991805106,0.003802499995799735,0.002427500003250316,0.002412800007732585,0.0026285999920219183,9.839999256655574e-05
0.4,Linear BTL,2,45,,-14.25156670598878,0,0,0,0,,,,0.0008531000057701021,0.002955899981316179,6.439999560825527e-05,0.02988829999230802,0.07227330000023358,0.027146800013724715,0.003120799985481426,0.003763600019738078,0.0037136999890208244,0.005000900011509657,0.00010879998444579542
0.4,Linear BTL,3,48,,-11.403079175974943,0,0,0,0,,,,0.0007639999967068434,0.0009623999940231442,4.710000939667225e-05,0.03173030001926236,0.05445009999675676,0.029680400009965524,0.004102400009287521,0.0031818999850656837,0.005809499998576939,0.003551600006176159,0.00010950001887977123
0.4,Linear BTL,4,52,,-11.053952098003055,0,0,0,0,,,,0.0007648000027984381,0.000894299999345094,4.740001168102026e-05,0.03283789998386055,0.045136300002923235,0.0501079999958165,0.0029676999838557094,0.0027828000020235777,0.002783200005069375,0.0028406000055838376,0.00010410000686533749
0.4,Linear BTL,5,57,,-11.053957943895714,0,0,0,0,,,,0.001539600023534149,0.0009609000117052346,5.0000002374872565e-05,0.026830999995581806,0.06177860000752844,0.04004759999224916,0.003653299994766712,0.005190700001548976,0.003587199986213818,0.0028568000125233084,0.00010659999679774046
0.4,Linear BTL,6,63,,-20.762299109227893,1,1,0,1,,,,0.0007648000027984381,0.0008897999941837043,0.00011890000314451754,0.043916900001931936,0.13674299998092465,0.026223699998809025,0.003177500009769574,0.0030587000073865056,0.0031196000054478645,0.00438259998918511,0.00027409999165683985
0.4,Linear BTL,7,70,,-13.925709153901165,0,0,0,0,,,,0.0011898000084329396,0.001299199997447431,5.8399979025125504e-05,0.03851559999748133,0.05161049999878742,0.030217599996831268,0.0035934000043198466,0.007889100001193583,0.004119800025364384,0.003920699993614107,0.00018400000408291817
0.4,Linear BTL,8,78,,-8.443711649800074,0,0,0,0,,,,0.0019058000179938972,0.001041699986672029,5.040000542066991e-05,0.04052349997800775,0.04351660000975244,0.04373149998718873,0.008015900006284937,0.0028358999988995492,0.0028117999900132418,0.0028165999974589795,0.00010599999222904444
0.4,Linear BTL,9,87,,-13.5090376747768,0,0,0,0,,,,0.0007590999884996563,0.00213649999932386,6.520000169984996e-05,0.05361219999031164,0.057607199996709824,0.04288059999817051,0.0030075999966356903,0.0036678000178653747,0.0077766999893356115,0.0028714999789372087,0.00010770000517368317
0.4,Linear BTL,10,97,,-19.21695839653067,0,2,0,2,,,,0.0009254000033251941,0.000909399997908622,4.8999994760379195e-05,0.046382400003494695,0.055464600009145215,0.020706099981907755,0.003815999982180074,0.006916300015291199,0.003432699973927811,0.002775500004645437,0.00010850001126527786
0.4,Linear BTL,11,108,,-23.320441144715662,3,0,0,0,,,,0.0007572999747935683,0.001128499978221953,0.00023019997752271593,0.03579069999977946,0.05953699999372475,0.021620200015604496,0.002778599999146536,0.0027868000033777207,0.00249060001806356,0.0027975999983027577,0.00015730000450275838
0.4,Linear BTL,12,120,,-13.92570902143864,0,0,0,0,,,,0.004289799981052056,0.0009719000081531703,4.7999987145885825e-05,0.03502380001009442,0.066615300020203,0.046078500017756596,0.006855799991171807,0.0067233000008855015,0.005007200001273304,0.008908699994208291,0.00027650000993162394
0.4,Linear BTL,13,133,,-11.329161561523254,0,1,0,1,,,,0.002135699993232265,0.0014533000066876411,6.690001464448869e-05,0.04606729999068193,0.08047040001838468,0.041429200005950406,0.002974699978949502,0.0028158000204712152,0.002803400013362989,0.0034453999833203852,0.00010789997759275138
0.4,Linear BTL,14,147,,-12.994821449476014,0,0,0,0,,,,0.0020597999973688275,0.0010803999903146178,5.0300004659220576e-05,0.03772029999527149,0.06196560000535101,0.03692260000389069,0.004683200008003041,0.0033149000082630664,0.0033817999938037246,0.007933200016850606,0.00010810000821948051
0.4,Linear BTL,15,162,,-20.60529258679359,0,0,0,0,,,,0.000906600005691871,0.0010368999792262912,6.059999577701092e-05,0.04245829998399131,0.04622930000186898,0.025666700006695464,0.004981999984011054,0.0033602000039536506,0.004651199997169897,0.007090099999913946,0.0002106000029016286
0.4,Linear BTL,16,178,,-8.689523807987234,0,0,0,0,,,,0.0072296000143978745,0.0018531999958213419,6.710001616738737e-05,0.08308609999949113,0.061764199985191226,0.03790789999766275,0.004144500009715557,0.008243500022217631,0.008425000007264316,0.007155399973271415,0.00010959999053739011
0.4,Linear BTL,17,195,,-14.331247249272622,0,1,0,1,,,,0.0010754000104498118,0.0008660000166855752,5.0000002374872565e-05,0.037922299990896136,0.05465079998248257,0.024364400014746934,0.004115000017918646,0.007457200001226738,0.002881200023693964,0.002865999995265156,0.00010770000517368317
0.4,Linear BTL,18,213,,-10.231338547439309,0,0,0,0,,,,0.001292100001592189,0.0008219000010285527,4.640000406652689e-05,0.043513900018297136,0.04015429998980835,0.032649400003720075,0.003055400011362508,0.006103899999288842,0.003316600021207705,0.003223100007744506,0.00011169997742399573
0.4,Linear BTL,19,232,,-21.39001443314704,1,2,0,2,,,,0.0007580000092275441,0.0008000000088941306,0.00011470000026747584,0.03550950001226738,0.06255169998621568,0.031843600008869544,0.0029815000016242266,0.0027251999999862164,0.0078376000165008,0.003601599979447201,0.00029120000544935465
0.4,Linear BTL,20,252,,-8.990405000119754,0,1,0,1,,,,0.0007845000072848052,0.0009117000154219568,4.759998410008848e-05,0.03630039998097345,0.058147699979599565,0.026417499990202487,0.009863900020718575,0.004561399982776493,0.006651800009422004,0.0030587999790441245,0.00011650001397356391
0.4,Linear BTL,21,273,,-15.00143735906897,0,0,0,0,,,,0.000805000017862767,0.0008869000012055039,5.099998088553548e-05,0.03709160001017153,0.06001509999623522,0.022479600011138245,0.0029941000102553517,0.0028321999998297542,0.005930800019996241,0.00318840000545606,0.00010699999984353781
0.4,Linear BTL,22,295,,-24.761786035459195,0,1,0,1,,,,0.0007625999860465527,0.0009401999996043742,4.8699992476031184e-05,0.03380539998761378,0.044237099995370954,0.032093699992401525,0.0030703000084031373,0.006474499998148531,0.0036921999999321997,0.0028657999937422574,0.0001086000120267272
0.4,Linear BTL,23,318,,-13.925709100553515,0,1,0,1,,,,0.0007652000058442354,0.0009599000040907413,4.680000711232424e-05,0.03594120001071133,0.051062699989415705,0.030582199979107827,0.0030550999799743295,0.0028950999840162694,0.0029138000099919736,0.007801800005836412,0.00010899998596869409
0.4,Linear BTL,24,342,,-15.001437350954372,0,1,0,1,,,,0.0009387000172864646,0.0010315000254195184,5.160001455806196e-05,0.04124910000246018,0.25240590001340024,0.05340989999240264,0.004788699996424839,0.007154299993999302,0.009961400006432086,0.006539299996802583,0.000541799992788583
0.4,Linear BTL,25,367,,-16.400396561050503,0,2,0,2,,,,0.002572899975348264,0.0018175000150222331,6.639998173341155e-05,0.04398720001336187,0.0471665000077337,0.023403699975460768,0.0032461000082548708,0.0033156000135932118,0.0033989000075962394,0.003195700002834201,0.00011999998241662979
0.4,Linear BTL,26,393,,-23.668517951569225,0,1,0,1,,,,0.0008207999926526099,0.001055200002156198,5.15999854542315e-05,0.03751230001216754,0.09082119999220595,0.02611340000294149,0.0037031999963801354,0.006808699981775135,0.00406259999726899,0.0033515999966766685,0.00019400002202019095
0.4,Linear BTL,27,420,,-25.119333287982695,0,1,0,1,,,,0.0011537999962456524,0.0009152000129688531,0.0006367000169120729,0.03914999999688007,0.061339400010183454,0.033711800002492964,0.0036684999940916896,0.00855619998765178,0.0029282000032253563,0.0029026000120211393,0.00010979999206028879
0.4,Linear BTL,28,448,,-19.60057515160544,1,0,0,0,,,,0.0008356999896932393,0.0012465000036172569,0.00021749999723397195,0.043019000004278496,0.05120919999899343,0.028831399977207184,0.0033602000039536506,0.003795399999944493,0.004811099992366508,0.0032565000001341105,0.0001799000019673258
0.4,Linear BTL,29,477,,-17.167769733884704,0,0,0,0,,,,0.000752799998736009,0.0008507999882567674,4.6200002543628216e-05,0.04059739998774603,0.05334520002361387,0.023010500008240342,0.0034770000202115625,0.0033057999971788377,0.0032912000024225563,0.0032848000118974596,0.0001838000025600195
0.4,Linear BTL,30,507,,-17.136032434048225,0,2,0,2,,,,0.0007418000022880733,0.0019067999965045601,5.379997310228646e-05,0.03378470000461675,0.05347210000036284,0.023508899990702048,0.004669399990234524,0.0032853000157047063,0.003268700005719438,0.0038260000001173466,0.0001852999848779291
0.4,Linear BTL,31,538,,-11.973648855458084,0,1,0,1,,,,0.0007535999757237732,0.0016896000015549362,6.410002242773771e-05,0.04072760001872666,0.07201420000637881,0.043330299988156185,0.003656999993836507,0.007755900005577132,0.0033106999762821943,0.003344299999298528,0.00015189999248832464
0.4,Linear BTL,32,570,,-16.430971622975758,0,1,0,1,,,,0.0010152999893762171,0.002359000005526468,0.00014700001338496804,0.03748759999871254,0.05264389998046681,0.022192799980985,0.006694199983030558,0.0033180000027641654,0.0032836000027600676,0.0035100000095553696,0.0001078000059351325
0.4,Linear BTL,33,603,,-11.627822826808954,0,0,0,0,,,,0.005272099981084466,0.000974299997324124,5.229999078437686e-05,0.05258809999213554,0.04281699997955002,0.06793770001968369,0.006565800023963675,0.002819599991198629,0.0027951999800279737,0.002798300003632903,0.00010609999299049377
0.4,Linear BTL,34,637,,-14.25156662350518,0,0,0,0,,,,0.0008089000184554607,0.003118499997071922,9.039998985826969e-05,0.039095899992389604,0.06060979998437688,0.03641629999037832,0.004146499995840713,0.007168200012529269,0.0028420000162441283,0.0029322000045794994,0.0001092999882530421
0.4,Linear BTL,35,672,,-19.82046101838831,0,0,0,0,,,,0.0016104000096675009,0.002115900017088279,0.00010609999299049377,0.04066240001702681,0.051228500000433996,0.027967300004092976,0.0036928999761585146,0.00578269999823533,0.004277000000001863,0.0035639999841805547,0.00010720000136643648
0.4,Linear BTL,36,708,,-14.019013935141665,0,0,0,0,,,,0.0008952999778557569,0.0012120000028517097,9.14999982342124e-05,0.03360760002397001,0.051645200001075864,0.050757499993778765,0.006801099982112646,0.00290099999983795,0.0028729999903589487,0.0028636999777518213,0.00010609999299049377
0.4,Linear BTL,37,745,,-13.794607608400781,0,1,0,1,,,,0.0009391999919898808,0.000989099993603304,5.199998850002885e-05,0.03945979999843985,0.0522740000160411,0.047391400003107265,0.003889799991156906,0.0031269000028260052,0.0035717000137083232,0.00789999999688007,0.00010680002742446959
0.4,Linear BTL,38,783,,-18.314649233037404,0,0,0,0,,,,0.0007570000016130507,0.0009666999976616353,8.139997953549027e-05,0.03643139998894185,0.04730169998947531,0.034360499994363636,0.0034907999797724187,0.007587000000057742,0.00288169999839738,0.0028649000159930438,0.00010559998918324709
0.4,Linear BTL,39,822,,-19.825772302522196,0,0,0,0,,,,0.000835899991216138,0.0010432999988552183,8.030000026337802e-05,0.05396049999399111,0.05157270000199787,0.024092100007692352,0.003415300016058609,0.003288999985670671,0.003337000001920387,0.007978100009495392,0.00010640002437867224
0.4,Linear BTL,40,862,,-26.687327751460355,1,1,0,1,,,,0.0009453000093344599,0.0009879999852273613,0.00012749998131766915,0.08801610002410598,0.040003999980399385,0.02529709998634644,0.0029651999939233065,0.009278599987737834,0.003191700001480058,0.004227899975376204,0.00010810000821948051
0.4,Linear BTL,41,903,,-22.515543004297854,0,0,0,0,,,,0.001086699980078265,0.002041800005827099,0.00020369997946545482,0.1815208000189159,0.05038090000743978,0.027851799997733906,0.0030100999865680933,0.0028319999983068556,0.0029100000101607293,0.007859099976485595,0.00010790000669658184
0.4,Linear BTL,42,945,,-19.216958180344353,0,2,0,2,,,,0.0009448000055272132,0.0010034999868366867,5.2799994591623545e-05,0.0476978000078816,0.055483900010585785,0.02998920000391081,0.0030138000147417188,0.003504899999825284,0.006162200006656349,0.0028858000005129725,0.00010829998063854873
0.4,Linear BTL,43,988,,-17.167769771779216,0,1,0,1,,,,0.00089490000391379,0.0010457999887876213,6.239998037926853e-05,0.03103840001858771,0.046838800015393645,0.027453100017737597,0.003419000015128404,0.003267099993536249,0.00522560000536032,0.0033103000023402274,0.00018390000332146883
0.4,Linear BTL,44,1032,,-19.242977168768352,1,0,0,0,,,,0.000750600011087954,0.0009659999923314899,0.0001170000177808106,0.033284999983152375,0.053388700005598366,0.026689199992688373,0.003220099984901026,0.0031057000160217285,0.0035955999919679016,0.004473199980566278,0.00017579999985173345
0.4,Linear BTL,45,1077,,-16.40039667758081,0,0,0,0,,,,0.0007541000086348504,0.0008548000187147409,4.6600005589425564e-05,0.10913440000149421,0.05955040000844747,0.020401000016136095,0.00347590001183562,0.003877899987855926,0.004960499994922429,0.0033327999990433455,0.00018519998411647975
0.4,Linear BTL,46,1123,,-17.608595364253198,0,0,0,0,,,,0.0007478999905288219,0.000918099976843223,4.640000406652689e-05,0.04072960000485182,0.05002500000409782,0.020541899983072653,0.0029258999857120216,0.0036828999873250723,0.0028295999800320715,0.0029424999956972897,0.00010609999299049377
0.4,Linear BTL,47,1170,,-25.227399529472148,0,3,0,3,,,,0.0007551999879069626,0.0008148000051733106,4.7999987145885825e-05,0.033410800009733066,0.055630399991059676,0.03907719999551773,0.002965699997730553,0.0028325000021141022,0.004560900008073077,0.0070349999878089875,0.00010899998596869409
0.4,Linear BTL,48,1218,,-8.424640963914669,0,1,0,1,,,,0.0009416999819222838,0.0009043000172823668,6.079999729990959e-05,0.045177699998021126,0.04948260000674054,0.03545080000185408,0.003930300008505583,0.005271800007903948,0.0028587999986484647,0.002850800025044009,0.00010629999451339245
0.4,Linear BTL,49,1267,,-14.351023635394746,0,0,0,0,,,,0.003714999998919666,0.0008907000010367483,4.7999987145885825e-05,0.0490163000067696,0.04739699998754077,0.06279229998472147,0.006341699976474047,0.009184800001094118,0.0068444000207819045,0.00907050000387244,0.00024360002134926617
0.5,LP2 ($ 	heta $ Only),0,42,0.0,,0,0,0,0,0.0,0.0,100.0,0.005250100017292425,0.008096200006548315,0.00024029999622143805,0.05922529997769743,0.050634799990803,0.0408154999895487,0.005795800010673702,0.004644700005883351,0.0028437000000849366,0.002794600004563108,0.00010599999222904444
0.5,LP2 ($ 	heta $ Only),1,43,0.0,,2,0,0,0,0.0,0.0,100.0,0.0007532000017818063,0.0012704999826382846,0.0021216000022832304,0.044327400013571605,0.052755000011529773,0.03697169999941252,0.0034890999959316105,0.006931699987035245,0.0024942999880295247,0.0024602000194136053,9.90999978967011e-05
0.5,LP2 ($ 	heta $ Only),2,45,0.0,,0,0,0,0,0.0,0.0,100.0,0.0009532000112812966,0.001049300015438348,4.810001701116562e-05,0.03645059998962097,0.05646260001230985,0.04622789999120869,0.002981799974804744,0.0028349000203888863,0.0031596999906469136,0.00730579998344183,0.00010710000060498714
0.5,LP2 ($ 	heta $ Only),3,48,0.0,,0,0,0,0,0.0,0.0,100.0,0.0009095999994315207,0.0009871999791357666,5.099998088553548e-05,0.04093220000504516,0.13840240001445636,0.06466109998291358,0.008218000002671033,0.003879900003084913,0.002736800001002848,0.0034410000080242753,0.0006136999872978777
0.5,LP2 ($ 	heta $ Only),4,52,0.0,,0,0,0,0,0.0,0.0,100.0,0.0017416999908164144,0.0012483999889809638,6.0200021835044026e-05,0.03246669998043217,0.05872160001308657,0.042624900001101196,0.003265300008933991,0.0040320999978575855,0.0033044000156223774,0.005922900018049404,0.0005204000044614077
0.5,LP2 ($ 	heta $ Only),5,57,0.0,,0,0,0,0,0.0,0.0,100.0,0.0010377000144217163,0.0009170999983325601,4.740001168102026e-05,0.041269099980127066,0.10899090001475997,0.0347431999980472,0.007565900014014915,0.009356700000353158,0.004152100009378046,0.003347799996845424,0.00019079999765381217
0.5,LP2 ($ 	heta $ Only),6,63,0.0,,1,0,0,0,0.0,0.0,100.0,0.0007970999868120998,0.0008765000093262643,0.00017510002362541854,0.04439599998295307,0.067787199979648,0.06462380001903512,0.003257000003941357,0.003930300008505583,0.005583899997873232,0.005019200005335733,0.00014869999722577631
0.5,LP2 ($ 	heta $ Only),7,70,0.0,,0,0,0,0,0.0,0.0,100.0,0.004648599977372214,0.0012339999957475811,5.3099996875971556e-05,0.049292400013655424,0.058678100001998246,0.04343280001194216,0.005613299988908693,0.0032976999937091023,0.0027898999978788197,0.004397799988510087,0.0004636000085156411
0.5,LP2 ($ 	heta $ Only),8,78,0.0,,0,0,0,0,0.0,0.0,100.0,0.001955999992787838,0.0011522999848239124,6.199997733347118e-05,0.03374680000706576,0.0547247999929823,0.031489099987084046,0.0032358999887946993,0.007987499993760139,0.0030338999931700528,0.002891100011765957,0.00010989999282173812
0.5,LP2 ($ 	heta $ Only),9,87,0.0,,0,0,0,0,0.0,0.0,100.0,0.0008385999826714396,0.0008171999943442643,4.689997876994312e-05,0.0454293999937363,0.060703399998601526,0.031790100008947775,0.003401900001335889,0.003272499976446852,0.003870799992000684,0.008483400015393272,0.00011019999510608613
0.5,LP2 ($ 	heta $ Only),10,97,0.0,,0,0,0,0,0.0,0.0,100.0,0.0009655999892856926,0.0009528000082354993,5.060000694356859e-05,0.03661000001011416,0.04768000001786277,0.028341900004306808,0.003312000015284866,0.003184400004101917,0.0031747999892104417,0.0037903999909758568,0.00011219998123124242
0.5,LP2 ($ 	heta $ Only),11,108,0.0,,0,0,0,0,0.0,0.0,100.0,0.0007559999939985573,0.0008899999957066029,4.749998333863914e-05,0.03249270000378601,0.05444629999692552,0.023671000002650544,0.003399000008357689,0.003299100004369393,0.003804200008744374,0.004932999989250675,0.00010810000821948051
0.5,LP2 ($ 	heta $ Only),12,120,0.0,,0,0,0,0,0.0,0.0,100.0,0.0007575000054202974,0.0008953000069595873,4.630000330507755e-05,0.03944439999759197,0.05268829999840818,0.04051920000347309,0.0030036999960429966,0.002879100007703528,0.010663600027328357,0.0029230999934952706,0.00010779997683130205
0.5,LP2 ($ 	heta $ Only),13,133,0.0,,1,0,0,0,0.0,0.0,100.0,0.0009486000053584576,0.0010309999925084412,0.00012799998512491584,0.04319179998128675,0.05057789999409579,0.034083699982147664,0.0034779999987222254,0.00723319998360239,0.0027188000094611198,0.0026931999891530722,0.00010309999925084412
0.5,LP2 ($ 	heta $ Only),14,147,0.0,,0,0,0,0,0.0,0.0,100.0,0.0009802000131458044,0.0011701000039465725,4.9700000090524554e-05,0.040722499979892746,0.04774129998986609,0.023660200007725507,0.003647100005764514,0.002948199980892241,0.002917399979196489,0.0029068999865558,0.00010890001431107521
0.5,LP2 ($ 	heta $ Only),15,162,0.0,,0,0,0,0,0.0,0.0,100.0,0.000750000006519258,0.0008696999866515398,4.740001168102026e-05,0.044880100002046674,0.0695240999921225,0.03553580000880174,0.003088700002990663,0.002928700007032603,0.006322700006421655,0.002952499984530732,0.00010740000288933516
0.5,LP2 ($ 	heta $ Only),16,178,0.0,,0,0,0,0,0.0,0.0,100.0,0.0007588999869767576,0.0008430000161752105,8.969998452812433e-05,0.03884510000352748,0.06412060000002384,0.039986500021768734,0.0035617999965325,0.00572639997699298,0.0032404999947175384,0.0032167000172194093,0.00011930000619031489
0.5,LP2 ($ 	heta $ Only),17,195,0.0,,0,0,0,0,0.0,0.0,100.0,0.0008418000070378184,0.001049699989380315,5.679999594576657e-05,0.035658599983435124,0.052540400007274,0.026168899988988414,0.003462400025455281,0.0028423000185284764,0.005586999992374331,0.0028602999809663743,0.00010760000441223383
0.5,LP2 ($ 	heta $ Only),18,213,0.0,,0,0,0,0,0.0,0.0,100.0,0.0007616000075358897,0.0008964999869931489,4.8699992476031184e-05,0.03233759998693131,0.054294100002152845,0.05375520000234246,0.012639900000067428,0.007893100002547726,0.011037199990823865,0.008548699988750741,0.00028569999267347157
0.5,LP2 ($ 	heta $ Only),19,232,0.0,,2,0,0,0,0.0,0.0,100.0,0.009388000005856156,0.006847100012237206,0.00026359999901615083,0.07512699998915195,0.04065270000137389,0.042885600007139146,0.003367099998285994,0.002964999992400408,0.0027157999866176397,0.005628499988233671,0.00017169999773614109
0.5,LP2 ($ 	heta $ Only),20,252,0.0,,0,0,0,0,0.0,0.0,100.0,0.0007766000053379685,0.0009104000055231154,4.7999987145885825e-05,0.04695380001794547,0.05771490000188351,0.04282319999765605,0.0062649000028613955,0.002883800014387816,0.0031196000054478645,0.003183699998771772,0.00010919998749159276
0.5,LP2 ($ 	heta $ Only),21,273,0.0,,0,0,0,0,0.0,0.0,100.0,0.0007582000107504427,0.001552300003822893,0.00010469998233020306,0.03832469999906607,0.03992369998013601,0.021400599973276258,0.0032017999910749495,0.002882200002204627,0.0028711000049952418,0.0028769999917130917,0.00010710000060498714
0.5,LP2 ($ 	heta $ Only),22,295,0.0,,0,0,0,0,0.0,0.0,100.0,0.0013767000054940581,0.002008399984333664,7.010000990703702e-05,0.03515499999048188,0.049641699995845556,0.0336859000090044,0.0031705999863334,0.003775300021516159,0.0073429999756626785,0.0030175000138115138,0.00010629999451339245
0.5,LP2 ($ 	heta $ Only),23,318,0.0,,2,0,0,0,0.0,0.0,100.0,0.0009898999996948987,0.0010231999913230538,0.00018599999020807445,0.034515999985160306,0.07225930001004599,0.05229929997585714,0.01006150001194328,0.005546700005652383,0.008163799997419119,0.005824700027005747,0.00026950001483783126
0.5,LP2 ($ 	heta $ Only),24,342,0.0,,0,0,0,0,0.0,0.0,100.0,0.00141639998764731,0.005526799999643117,9.089999366551638e-05,0.044887299998663366,0.058884300000499934,0.02096769999479875,0.003590599982999265,0.00675020000198856,0.00441959997988306,0.0032247999915853143,0.00012159999459981918
0.5,LP2 ($ 	heta $ Only),25,367,0.0,,0,0,0,0,0.0,0.0,100.0,0.0008268000092357397,0.0010610000172164291,5.1300012273713946e-05,0.03659099998185411,0.040804199990816414,0.025349700008518994,0.002996700000949204,0.0028403000032994896,0.0028375999827403575,0.006157399999210611,0.00018550001550465822
0.5,LP2 ($ 	heta $ Only),26,393,0.0,,0,0,0,0,0.0,0.0,100.0,0.0007718999986536801,0.0008723999781068414,4.889999399892986e-05,0.036199299996951595,0.05414699998800643,0.03378970001358539,0.008633699995698407,0.003015800000866875,0.0029103000124450773,0.0034940000041387975,0.0001094000181183219
0.5,LP2 ($ 	heta $ Only),27,420,0.0,,1,0,0,0,0.0,0.0,100.0,0.0021167999948374927,0.001063200004864484,0.00017339998157694936,0.04020069999387488,0.046675999998115,0.02818769999430515,0.0035487999848555773,0.0033075000101234764,0.004019699990749359,0.005787900008726865,0.00017739998293109238
0.5,LP2 ($ 	heta $ Only),28,448,0.0,,1,0,0,0,0.0,0.0,100.0,0.0007658999820705503,0.0009203000226989388,0.00013630001922138035,0.037236400006804615,0.05184410000219941,0.030300800019176677,0.003480900020804256,0.0027101000014226884,0.005096600012620911,0.002647899993462488,0.00010420000762678683
0.5,LP2 ($ 	heta $ Only),29,477,0.0,,0,0,0,0,0.0,0.0,100.0,0.000759299990022555,0.0008761000062804669,4.700000863522291e-05,0.03802880001603626,0.05069159998674877,0.0253145000024233,0.002925699984189123,0.002849399985279888,0.004313100012950599,0.0031487000233028084,0.00011260001338087022
0.5,LP2 ($ 	heta $ Only),30,507,0.0,,0,0,0,0,0.0,0.0,100.0,0.0007777000137139112,0.0009474999969825149,4.7699984861537814e-05,0.02843050000956282,0.060155499988468364,0.09091189998434857,0.007888799998909235,0.006289300014032051,0.006217499991180375,0.008431499998550862,0.00027400001999922097
0.5,LP2 ($ 	heta $ Only),31,538,0.0,,0,0,0,0,0.0,0.0,100.0,0.04131410000263713,0.003619099996285513,8.830000297166407e-05,0.07449919998180121,0.05540159999509342,0.03131049999501556,0.0050660000124480575,0.0059053000004496425,0.004919999977573752,0.011599799996474758,0.0002476000227034092
0.5,LP2 ($ 	heta $ Only),32,570,0.0,,0,0,0,0,0.0,0.0,100.0,0.002030700008617714,0.002918599988333881,0.0001702000154182315,0.07477949999156408,0.13491600000998005,0.02306539998971857,0.002881899999920279,0.002737700007855892,0.0027205999940633774,0.0027384999848436564,0.00010559998918324709
0.5,LP2 ($ 	heta $ Only),33,603,0.0,,0,0,0,0,0.0,0.0,100.0,0.0007406999939121306,0.0008519999973941594,0.00013120000949129462,0.043342199991457164,0.05805270001292229,0.022768299997551367,0.004893100005574524,0.0039228000096045434,0.0032030000002123415,0.0032014999887906015,0.00012080001761205494
0.5,LP2 ($ 	heta $ Only),34,637,0.0,,0,0,0,0,0.0,0.0,100.0,0.0008388999849557877,0.001298599992878735,5.060000694356859e-05,0.04179609997663647,0.07664740001200698,0.02442270002211444,0.0034518000029493123,0.0038837000029161572,0.007533800002420321,0.002886500005843118,0.00010720000136643648
0.5,LP2 ($ 	heta $ Only),35,672,0.0,,1,0,0,0,0.0,0.0,100.0,0.0009469999931752682,0.0010566000128164887,0.0001204000145662576,0.042853599996306,0.04859120000037365,0.02988859999459237,0.0032396999886259437,0.0032183000002987683,0.007807399990269914,0.002674999996088445,0.00010469998233020306
0.5,LP2 ($ 	heta $ Only),36,708,0.0,,0,0,0,0,0.0,0.0,100.0,0.0009386999881826341,0.001029900013236329,5.169998621568084e-05,0.03740950001520105,0.0470023000088986,0.04487179999705404,0.00466849998338148,0.0029240000003483146,0.0029211000073701143,0.0029790000116918236,0.00010830000974237919
0.5,LP2 ($ 	heta $ Only),37,745,0.0,,0,0,0,0,0.0,0.0,100.0,0.0032349000102840364,0.0011214000114705414,4.9700000090524554e-05,0.03622840001480654,0.054282299999613315,0.023811399994883686,0.007838799996534362,0.0028790999785996974,0.0028777999978046864,0.003434100013691932,0.00010799997835420072
0.5,LP2 ($ 	heta $ Only),38,783,0.0,,0,0,0,0,0.0,0.0,100.0,0.0012808000028599054,0.002277799998410046,7.670000195503235e-05,0.037861800024984404,0.052729700022609904,0.033265899983234704,0.003155499987769872,0.00338400001055561,0.0077578000200446695,0.0030441000126302242,0.00010840001050382853
0.5,LP2 ($ 	heta $ Only),39,822,0.0,,0,0,0,0,0.0,0.0,100.0,0.0008053999918047339,0.0009270999871660024,4.569999873638153e-05,0.037929999991320074,0.05385749999550171,0.03033149999100715,0.0035856000031344593,0.0037503999774344265,0.002900499996030703,0.0028691000188700855,0.00010649999603629112
0.5,LP2 ($ 	heta $ Only),40,862,0.0,,2,0,0,0,0.0,0.0,100.0,0.003581800003303215,0.000884400011273101,0.00011809999705292284,0.04648819999420084,0.053125000005820766,0.02883789999759756,0.0061021000146865845,0.005387900018831715,0.002934899996034801,0.0024624000070616603,9.839999256655574e-05
0.5,LP2 ($ 	heta $ Only),41,903,0.0,,0,0,0,0,0.0,0.0,100.0,0.0007993000035639852,0.0032672999950591475,9.389998740516603e-05,0.03996329999063164,0.04516189999412745,0.03366700001060963,0.009527799993520603,0.003584099991712719,0.0034386999905109406,0.006044099980499595,0.00010900001507252455
0.5,LP2 ($ 	heta $ Only),42,945,0.0,,0,0,0,0,0.0,0.0,100.0,0.0007693999796174467,0.001219800004037097,0.00010919998749159276,0.03271999998833053,0.06454399999347515,0.029135399992810562,0.0043255999917164445,0.0033318999921903014,0.006630100018810481,0.0030897000106051564,0.00011150000500492752
0.5,LP2 ($ 	heta $ Only),43,988,0.0,,0,0,0,0,0.0,0.0,100.0,0.0007767000060994178,0.000992499990388751,6.219997885636985e-05,0.03351249999832362,0.03874230000656098,0.032352900016121566,0.003072300023632124,0.003886999998940155,0.00560189998941496,0.0037116999737918377,0.00011180000728927553
0.5,LP2 ($ 	heta $ Only),44,1032,0.0,,0,0,0,0,0.0,0.0,100.0,0.0009538999875076115,0.001109600008931011,5.1499984692782164e-05,0.032905600004596636,0.05962119999458082,0.03573160001542419,0.003588599996874109,0.003444999980274588,0.00874289998319,0.00314250000519678,0.00010920001659542322
0.5,LP2 ($ 	heta $ Only),45,1077,0.0,,0,0,0,0,0.0,0.0,100.0,0.0009479000000283122,0.001036400004522875,5.339999916031957e-05,0.05384109998703934,0.07962759997462854,0.03873910001129843,0.00675609998870641,0.004827299999305978,0.0033118999854195863,0.004874699981883168,0.00016489997506141663
0.5,LP2 ($ 	heta $ Only),46,1123,0.0,,0,0,0,0,0.0,0.0,100.0,0.0010130000009667128,0.002324200002476573,0.00010369997471570969,0.05511859999387525,0.042792499996721745,0.03199340001447126,0.0032702000171411783,0.005403999995905906,0.003504899999825284,0.0038637999969068915,0.00018440000712871552
0.5,LP2 ($ 	heta $ Only),47,1170,0.0,,3,0,0,0,0.0,0.0,100.0,0.0012045999756082892,0.0019614000048022717,0.00017060001846402884,0.0394906000001356,0.08075900000403635,0.05097909999312833,0.0024052000080700964,0.002271099976496771,0.0022511999995913357,0.0027870000049006194,9.479999425821006e-05
0.5,LP2 ($ 	heta $ Only),48,1218,0.0,,0,0,0,0,0.0,0.0,100.0,0.000749099999666214,0.0026775000151246786,0.00015979999443516135,0.03646969998953864,0.059051800024462864,0.042457400006242096,0.010981100000208244,0.0029565999866463244,0.0028968999977223575,0.0082719000056386,0.00020599999697878957
0.5,LP2 ($ 	heta $ Only),49,1267,0.0,,0,0,0,0,0.0,0.0,100.0,0.001784599997336045,0.0012522999895736575,6.220000796020031e-05,0.034018099977402017,0.05235810001613572,0.042900600004941225,0.003883900004439056,0.002910899987909943,0.0029030999867245555,0.008398900012252852,0.00010959999053739011
0.5,LP3 ($ 	heta $ Only),0,42,0.0,,0,0,0,0,0.0,0.0,100.0,0.005250100017292425,0.008096200006548315,0.00024029999622143805,0.05922529997769743,0.050634799990803,0.0408154999895487,0.005795800010673702,0.004644700005883351,0.0028437000000849366,0.002794600004563108,0.00010599999222904444
0.5,LP3 ($ 	heta $ Only),1,43,0.0,,2,0,0,0,0.0,0.0,100.0,0.0007532000017818063,0.0012704999826382846,0.0021216000022832304,0.044327400013571605,0.052755000011529773,0.03697169999941252,0.0034890999959316105,0.006931699987035245,0.0024942999880295247,0.0024602000194136053,9.90999978967011e-05
0.5,LP3 ($ 	heta $ Only),2,45,0.0,,0,0,0,0,0.0,0.0,100.0,0.0009532000112812966,0.001049300015438348,4.810001701116562e-05,0.03645059998962097,0.05646260001230985,0.04622789999120869,0.002981799974804744,0.0028349000203888863,0.0031596999906469136,0.00730579998344183,0.00010710000060498714
0.5,LP3 ($ 	heta $ Only),3,48,0.0,,0,0,0,0,0.0,0.0,100.0,0.0009095999994315207,0.0009871999791357666,5.099998088553548e-05,0.04093220000504516,0.13840240001445636,0.06466109998291358,0.008218000002671033,0.003879900003084913,0.002736800001002848,0.0034410000080242753,0.0006136999872978777
0.5,LP3 ($ 	heta $ Only),4,52,0.0,,0,0,0,0,0.0,0.0,100.0,0.0017416999908164144,0.0012483999889809638,6.0200021835044026e-05,0.03246669998043217,0.05872160001308657,0.042624900001101196,0.003265300008933991,0.0040320999978575855,0.0033044000156223774,0.005922900018049404,0.0005204000044614077
0.5,LP3 ($ 	heta $ Only),5,57,0.0,,0,0,0,0,0.0,0.0,100.0,0.0010377000144217163,0.0009170999983325601,4.740001168102026e-05,0.041269099980127066,0.10899090001475997,0.0347431999980472,0.007565900014014915,0.009356700000353158,0.004152100009378046,0.003347799996845424,0.00019079999765381217
0.5,LP3 ($ 	heta $ Only),6,63,0.0,,1,0,0,0,0.0,0.0,100.0,0.0007970999868120998,0.0008765000093262643,0.00017510002362541854,0.04439599998295307,0.067787199979648,0.06462380001903512,0.003257000003941357,0.003930300008505583,0.005583899997873232,0.005019200005335733,0.00014869999722577631
0.5,LP3 ($ 	heta $ Only),7,70,0.0,,0,0,0,0,0.0,0.0,100.0,0.004648599977372214,0.0012339999957475811,5.3099996875971556e-05,0.049292400013655424,0.058678100001998246,0.04343280001194216,0.005613299988908693,0.0032976999937091023,0.0027898999978788197,0.004397799988510087,0.0004636000085156411
0.5,LP3 ($ 	heta $ Only),8,78,0.0,,0,0,0,0,0.0,0.0,100.0,0.001955999992787838,0.0011522999848239124,6.199997733347118e-05,0.03374680000706576,0.0547247999929823,0.031489099987084046,0.0032358999887946993,0.007987499993760139,0.0030338999931700528,0.002891100011765957,0.00010989999282173812
0.5,LP3 ($ 	heta $ Only),9,87,0.0,,0,0,0,0,0.0,0.0,100.0,0.0008385999826714396,0.0008171999943442643,4.689997876994312e-05,0.0454293999937363,0.060703399998601526,0.031790100008947775,0.003401900001335889,0.003272499976446852,0.003870799992000684,0.008483400015393272,0.00011019999510608613
0.5,LP3 ($ 	heta $ Only),10,97,0.0,,0,0,0,0,0.0,0.0,100.0,0.0009655999892856926,0.0009528000082354993,5.060000694356859e-05,0.03661000001011416,0.04768000001786277,0.028341900004306808,0.003312000015284866,0.003184400004101917,0.0031747999892104417,0.0037903999909758568,0.00011219998123124242
0.5,LP3 ($ 	heta $ Only),11,108,0.0,,0,0,0,0,0.0,0.0,100.0,0.0007559999939985573,0.0008899999957066029,4.749998333863914e-05,0.03249270000378601,0.05444629999692552,0.023671000002650544,0.003399000008357689,0.003299100004369393,0.003804200008744374,0.004932999989250675,0.00010810000821948051
0.5,LP3 ($ 	heta $ Only),12,120,0.0,,0,0,0,0,2.842170943040401e-14,16.666666666666668,83.33333333333333,0.0007575000054202974,0.0008953000069595873,4.630000330507755e-05,0.03944439999759197,0.05268829999840818,0.04051920000347309,0.0030036999960429966,0.002879100007703528,0.010663600027328357,0.0029230999934952706,0.00010779997683130205
0.5,LP3 ($ 	heta $ Only),13,133,0.0,,1,0,0,0,0.0,0.0,100.0,0.0009486000053584576,0.0010309999925084412,0.00012799998512491584,0.04319179998128675,0.05057789999409579,0.034083699982147664,0.0034779999987222254,0.00723319998360239,0.0027188000094611198,0.0026931999891530722,0.00010309999925084412
0.5,LP3 ($ 	heta $ Only),14,147,0.0,,0,0,0,0,0.0,0.0,100.0,0.0009802000131458044,0.0011701000039465725,4.9700000090524554e-05,0.040722499979892746,0.04774129998986609,0.023660200007725507,0.003647100005764514,0.002948199980892241,0.002917399979196489,0.0029068999865558,0.00010890001431107521
0.5,LP3 ($ 	heta $ Only),15,162,0.0,,0,0,0,0,0.0,0.0,100.0,0.000750000006519258,0.0008696999866515398,4.740001168102026e-05,0.044880100002046674,0.0695240999921225,0.03553580000880174,0.003088700002990663,0.002928700007032603,0.006322700006421655,0.002952499984530732,0.00010740000288933516
0.5,LP3 ($ 	heta $ Only),16,178,0.0,,0,0,0,0,0.0,0.0,100.0,0.0007588999869767576,0.0008430000161752105,8.969998452812433e-05,0.03884510000352748,0.06412060000002384,0.039986500021768734,0.0035617999965325,0.00572639997699298,0.0032404999947175384,0.0032167000172194093,0.00011930000619031489
0.5,LP3 ($ 	heta $ Only),17,195,0.0,,0,0,0,0,0.0,0.0,100.0,0.0008418000070378184,0.001049699989380315,5.679999594576657e-05,0.035658599983435124,0.052540400007274,0.026168899988988414,0.003462400025455281,0.0028423000185284764,0.005586999992374331,0.0028602999809663743,0.00010760000441223383
0.5,LP3 ($ 	heta $ Only),18,213,0.0,,0,0,0,0,0.0,0.0,100.0,0.0007616000075358897,0.0008964999869931489,4.8699992476031184e-05,0.03233759998693131,0.054294100002152845,0.05375520000234246,0.012639900000067428,0.007893100002547726,0.011037199990823865,0.008548699988750741,0.00028569999267347157
0.5,LP3 ($ 	heta $ Only),19,232,0.0,,2,0,0,0,0.0,0.0,100.0,0.009388000005856156,0.006847100012237206,0.00026359999901615083,0.07512699998915195,0.04065270000137389,0.042885600007139146,0.003367099998285994,0.002964999992400408,0.0027157999866176397,0.005628499988233671,0.00017169999773614109
0.5,LP3 ($ 	heta $ Only),20,252,0.0,,0,0,0,0,0.0,0.0,100.0,0.0007766000053379685,0.0009104000055231154,4.7999987145885825e-05,0.04695380001794547,0.05771490000188351,0.04282319999765605,0.0062649000028613955,0.002883800014387816,0.0031196000054478645,0.003183699998771772,0.00010919998749159276
0.5,LP3 ($ 	heta $ Only),21,273,0.0,,0,0,0,0,0.0,0.0,100.0,0.0007582000107504427,0.001552300003822893,0.00010469998233020306,0.03832469999906607,0.03992369998013601,0.021400599973276258,0.0032017999910749495,0.002882200002204627,0.0028711000049952418,0.0028769999917130917,0.00010710000060498714
0.5,LP3 ($ 	heta $ Only),22,295,0.0,,0,0,0,0,0.0,0.0,100.0,0.0013767000054940581,0.002008399984333664,7.010000990703702e-05,0.03515499999048188,0.049641699995845556,0.0336859000090044,0.0031705999863334,0.003775300021516159,0.0073429999756626785,0.0030175000138115138,0.00010629999451339245
0.5,LP3 ($ 	heta $ Only),23,318,0.0,,2,0,0,0,0.0,0.0,100.0,0.0009898999996948987,0.0010231999913230538,0.00018599999020807445,0.034515999985160306,0.07225930001004599,0.05229929997585714,0.01006150001194328,0.005546700005652383,0.008163799997419119,0.005824700027005747,0.00026950001483783126
0.5,LP3 ($ 	heta $ Only),24,342,0.0,,0,0,0,0,0.0,0.0,100.0,0.00141639998764731,0.005526799999643117,9.089999366551638e-05,0.044887299998663366,0.058884300000499934,0.02096769999479875,0.003590599982999265,0.00675020000198856,0.00441959997988306,0.0032247999915853143,0.00012159999459981918
0.5,LP3 ($ 	heta $ Only),25,367,0.0,,0,0,0,0,0.0,0.0,100.0,0.0008268000092357397,0.0010610000172164291,5.1300012273713946e-05,0.03659099998185411,0.040804199990816414,0.025349700008518994,0.002996700000949204,0.0028403000032994896,0.0028375999827403575,0.006157399999210611,0.00018550001550465822
0.5,LP3 ($ 	heta $ Only),26,393,0.0,,0,0,0,0,0.0,0.0,100.0,0.0007718999986536801,0.0008723999781068414,4.889999399892986e-05,0.036199299996951595,0.05414699998800643,0.03378970001358539,0.008633699995698407,0.003015800000866875,0.0029103000124450773,0.0034940000041387975,0.0001094000181183219
0.5,LP3 ($ 	heta $ Only),27,420,0.0,,1,0,0,0,0.0,0.0,100.0,0.0021167999948374927,0.001063200004864484,0.00017339998157694936,0.04020069999387488,0.046675999998115,0.02818769999430515,0.0035487999848555773,0.0033075000101234764,0.004019699990749359,0.005787900008726865,0.00017739998293109238
0.5,LP3 ($ 	heta $ Only),28,448,0.0,,1,0,0,0,0.0,0.0,100.0,0.0007658999820705503,0.0009203000226989388,0.00013630001922138035,0.037236400006804615,0.05184410000219941,0.030300800019176677,0.003480900020804256,0.0027101000014226884,0.005096600012620911,0.002647899993462488,0.00010420000762678683
0.5,LP3 ($ 	heta $ Only),29,477,0.0,,0,0,0,0,0.0,0.0,100.0,0.000759299990022555,0.0008761000062804669,4.700000863522291e-05,0.03802880001603626,0.05069159998674877,0.0253145000024233,0.002925699984189123,0.002849399985279888,0.004313100012950599,0.0031487000233028084,0.00011260001338087022
0.5,LP3 ($ 	heta $ Only),30,507,0.0,,0,0,0,0,0.0,0.0,100.0,0.0007777000137139112,0.0009474999969825149,4.7699984861537814e-05,0.02843050000956282,0.060155499988468364,0.09091189998434857,0.007888799998909235,0.006289300014032051,0.006217499991180375,0.008431499998550862,0.00027400001999922097
0.5,LP3 ($ 	heta $ Only),31,538,0.0,,0,0,0,0,0.0,0.0,100.0,0.04131410000263713,0.003619099996285513,8.830000297166407e-05,0.07449919998180121,0.05540159999509342,0.03131049999501556,0.0050660000124480575,0.0059053000004496425,0.004919999977573752,0.011599799996474758,0.0002476000227034092
0.5,LP3 ($ 	heta $ Only),32,570,0.0,,0,0,0,0,0.0,0.0,100.0,0.002030700008617714,0.002918599988333881,0.0001702000154182315,0.07477949999156408,0.13491600000998005,0.02306539998971857,0.002881899999920279,0.002737700007855892,0.0027205999940633774,0.0027384999848436564,0.00010559998918324709
0.5,LP3 ($ 	heta $ Only),33,603,0.0,,0,0,0,0,0.0,0.0,100.0,0.0007406999939121306,0.0008519999973941594,0.00013120000949129462,0.043342199991457164,0.05805270001292229,0.022768299997551367,0.004893100005574524,0.0039228000096045434,0.0032030000002123415,0.0032014999887906015,0.00012080001761205494
0.5,LP3 ($ 	heta $ Only),34,637,0.0,,0,0,0,0,0.0,0.0,100.0,0.0008388999849557877,0.001298599992878735,5.060000694356859e-05,0.04179609997663647,0.07664740001200698,0.02442270002211444,0.0034518000029493123,0.0038837000029161572,0.007533800002420321,0.002886500005843118,0.00010720000136643648
0.5,LP3 ($ 	heta $ Only),35,672,0.0,,1,0,0,0,0.0,0.0,100.0,0.0009469999931752682,0.0010566000128164887,0.0001204000145662576,0.042853599996306,0.04859120000037365,0.02988859999459237,0.0032396999886259437,0.0032183000002987683,0.007807399990269914,0.002674999996088445,0.00010469998233020306
0.5,LP3 ($ 	heta $ Only),36,708,0.0,,0,0,0,0,0.0,0.0,100.0,0.0009386999881826341,0.001029900013236329,5.169998621568084e-05,0.03740950001520105,0.0470023000088986,0.04487179999705404,0.00466849998338148,0.0029240000003483146,0.0029211000073701143,0.0029790000116918236,0.00010830000974237919
0.5,LP3 ($ 	heta $ Only),37,745,0.0,,0,0,0,0,0.0,0.0,100.0,0.0032349000102840364,0.0011214000114705414,4.9700000090524554e-05,0.03622840001480654,0.054282299999613315,0.023811399994883686,0.007838799996534362,0.0028790999785996974,0.0028777999978046864,0.003434100013691932,0.00010799997835420072
0.5,LP3 ($ 	heta $ Only),38,783,0.0,,0,0,0,0,0.0,0.0,100.0,0.0012808000028599054,0.002277799998410046,7.670000195503235e-05,0.037861800024984404,0.052729700022609904,0.033265899983234704,0.003155499987769872,0.00338400001055561,0.0077578000200446695,0.0030441000126302242,0.00010840001050382853
0.5,LP3 ($ 	heta $ Only),39,822,0.0,,0,0,0,0,0.0,0.0,100.0,0.0008053999918047339,0.0009270999871660024,4.569999873638153e-05,0.037929999991320074,0.05385749999550171,0.03033149999100715,0.0035856000031344593,0.0037503999774344265,0.002900499996030703,0.0028691000188700855,0.00010649999603629112
0.5,LP3 ($ 	heta $ Only),40,862,0.0,,2,0,0,0,0.0,0.0,100.0,0.003581800003303215,0.000884400011273101,0.00011809999705292284,0.04648819999420084,0.053125000005820766,0.02883789999759756,0.0061021000146865845,0.005387900018831715,0.002934899996034801,0.0024624000070616603,9.839999256655574e-05
0.5,LP3 ($ 	heta $ Only),41,903,0.0,,0,0,0,0,0.0,0.0,100.0,0.0007993000035639852,0.0032672999950591475,9.389998740516603e-05,0.03996329999063164,0.04516189999412745,0.03366700001060963,0.009527799993520603,0.003584099991712719,0.0034386999905109406,0.006044099980499595,0.00010900001507252455
0.5,LP3 ($ 	heta $ Only),42,945,0.0,,0,0,0,0,0.0,0.0,100.0,0.0007693999796174467,0.001219800004037097,0.00010919998749159276,0.03271999998833053,0.06454399999347515,0.029135399992810562,0.0043255999917164445,0.0033318999921903014,0.006630100018810481,0.0030897000106051564,0.00011150000500492752
0.5,LP3 ($ 	heta $ Only),43,988,0.0,,0,0,0,0,0.0,0.0,100.0,0.0007767000060994178,0.000992499990388751,6.219997885636985e-05,0.03351249999832362,0.03874230000656098,0.032352900016121566,0.003072300023632124,0.003886999998940155,0.00560189998941496,0.0037116999737918377,0.00011180000728927553
0.5,LP3 ($ 	heta $ Only),44,1032,0.0,,0,0,0,0,0.0,0.0,100.0,0.0009538999875076115,0.001109600008931011,5.1499984692782164e-05,0.032905600004596636,0.05962119999458082,0.03573160001542419,0.003588599996874109,0.003444999980274588,0.00874289998319,0.00314250000519678,0.00010920001659542322
0.5,LP3 ($ 	heta $ Only),45,1077,0.0,,0,0,0,0,0.0,0.0,100.0,0.0009479000000283122,0.001036400004522875,5.339999916031957e-05,0.05384109998703934,0.07962759997462854,0.03873910001129843,0.00675609998870641,0.004827299999305978,0.0033118999854195863,0.004874699981883168,0.00016489997506141663
0.5,LP3 ($ 	heta $ Only),46,1123,0.0,,0,0,0,0,0.0,0.0,100.0,0.0010130000009667128,0.002324200002476573,0.00010369997471570969,0.05511859999387525,0.042792499996721745,0.03199340001447126,0.0032702000171411783,0.005403999995905906,0.003504899999825284,0.0038637999969068915,0.00018440000712871552
0.5,LP3 ($ 	heta $ Only),47,1170,0.0,,3,0,0,0,0.0,0.0,100.0,0.0012045999756082892,0.0019614000048022717,0.00017060001846402884,0.0394906000001356,0.08075900000403635,0.05097909999312833,0.0024052000080700964,0.002271099976496771,0.0022511999995913357,0.0027870000049006194,9.479999425821006e-05
0.5,LP3 ($ 	heta $ Only),48,1218,0.0,,0,0,0,0,0.0,0.0,100.0,0.000749099999666214,0.0026775000151246786,0.00015979999443516135,0.03646969998953864,0.059051800024462864,0.042457400006242096,0.010981100000208244,0.0029565999866463244,0.0028968999977223575,0.0082719000056386,0.00020599999697878957
0.5,LP3 ($ 	heta $ Only),49,1267,0.0,,0,0,0,0,0.0,0.0,100.0,0.001784599997336045,0.0012522999895736575,6.220000796020031e-05,0.034018099977402017,0.05235810001613572,0.042900600004941225,0.003883900004439056,0.002910899987909943,0.0029030999867245555,0.008398900012252852,0.00010959999053739011
0.5,Weighted LP3 ($ 	heta $ Only),0,42,0.0,,0,0,0,0,0.0,0.0,100.0,0.005250100017292425,0.008096200006548315,0.00024029999622143805,0.05922529997769743,0.050634799990803,0.0408154999895487,0.005795800010673702,0.004644700005883351,0.0028437000000849366,0.002794600004563108,0.00010599999222904444
0.5,Weighted LP3 ($ 	heta $ Only),1,43,0.0,,2,0,0,0,0.0,0.0,100.0,0.0007532000017818063,0.0012704999826382846,0.0021216000022832304,0.044327400013571605,0.052755000011529773,0.03697169999941252,0.0034890999959316105,0.006931699987035245,0.0024942999880295247,0.0024602000194136053,9.90999978967011e-05
0.5,Weighted LP3 ($ 	heta $ Only),2,45,0.0,,0,0,0,0,0.0,0.0,100.0,0.0009532000112812966,0.001049300015438348,4.810001701116562e-05,0.03645059998962097,0.05646260001230985,0.04622789999120869,0.002981799974804744,0.0028349000203888863,0.0031596999906469136,0.00730579998344183,0.00010710000060498714
0.5,Weighted LP3 ($ 	heta $ Only),3,48,0.0,,0,0,0,0,0.0,0.0,100.0,0.0009095999994315207,0.0009871999791357666,5.099998088553548e-05,0.04093220000504516,0.13840240001445636,0.06466109998291358,0.008218000002671033,0.003879900003084913,0.002736800001002848,0.0034410000080242753,0.0006136999872978777
0.5,Weighted LP3 ($ 	heta $ Only),4,52,0.0,,0,0,0,0,0.0,0.0,100.0,0.0017416999908164144,0.0012483999889809638,6.0200021835044026e-05,0.03246669998043217,0.05872160001308657,0.042624900001101196,0.003265300008933991,0.0040320999978575855,0.0033044000156223774,0.005922900018049404,0.0005204000044614077
0.5,Weighted LP3 ($ 	heta $ Only),5,57,0.0,,0,0,0,0,0.0,0.0,100.0,0.0010377000144217163,0.0009170999983325601,4.740001168102026e-05,0.041269099980127066,0.10899090001475997,0.0347431999980472,0.007565900014014915,0.009356700000353158,0.004152100009378046,0.003347799996845424,0.00019079999765381217
0.5,Weighted LP3 ($ 	heta $ Only),6,63,0.0,,1,0,0,0,0.0,0.0,100.0,0.0007970999868120998,0.0008765000093262643,0.00017510002362541854,0.04439599998295307,0.067787199979648,0.06462380001903512,0.003257000003941357,0.003930300008505583,0.005583899997873232,0.005019200005335733,0.00014869999722577631
0.5,Weighted LP3 ($ 	heta $ Only),7,70,0.0,,0,0,0,0,0.0,0.0,100.0,0.004648599977372214,0.0012339999957475811,5.3099996875971556e-05,0.049292400013655424,0.058678100001998246,0.04343280001194216,0.005613299988908693,0.0032976999937091023,0.0027898999978788197,0.004397799988510087,0.0004636000085156411
0.5,Weighted LP3 ($ 	heta $ Only),8,78,0.0,,0,0,0,0,0.0,0.0,100.0,0.001955999992787838,0.0011522999848239124,6.199997733347118e-05,0.03374680000706576,0.0547247999929823,0.031489099987084046,0.0032358999887946993,0.007987499993760139,0.0030338999931700528,0.002891100011765957,0.00010989999282173812
0.5,Weighted LP3 ($ 	heta $ Only),9,87,0.0,,0,0,0,0,0.0,0.0,100.0,0.0008385999826714396,0.0008171999943442643,4.689997876994312e-05,0.0454293999937363,0.060703399998601526,0.031790100008947775,0.003401900001335889,0.003272499976446852,0.003870799992000684,0.008483400015393272,0.00011019999510608613
0.5,Weighted LP3 ($ 	heta $ Only),10,97,0.0,,0,0,0,0,0.0,0.0,100.0,0.0009655999892856926,0.0009528000082354993,5.060000694356859e-05,0.03661000001011416,0.04768000001786277,0.028341900004306808,0.003312000015284866,0.003184400004101917,0.0031747999892104417,0.0037903999909758568,0.00011219998123124242
0.5,Weighted LP3 ($ 	heta $ Only),11,108,0.0,,0,0,0,0,0.0,0.0,100.0,0.0007559999939985573,0.0008899999957066029,4.749998333863914e-05,0.03249270000378601,0.05444629999692552,0.023671000002650544,0.003399000008357689,0.003299100004369393,0.003804200008744374,0.004932999989250675,0.00010810000821948051
0.5,Weighted LP3 ($ 	heta $ Only),12,120,0.0,,0,0,0,0,2.842170943040401e-14,16.666666666666668,83.33333333333333,0.0007575000054202974,0.0008953000069595873,4.630000330507755e-05,0.03944439999759197,0.05268829999840818,0.04051920000347309,0.0030036999960429966,0.002879100007703528,0.010663600027328357,0.0029230999934952706,0.00010779997683130205
0.5,Weighted LP3 ($ 	heta $ Only),13,133,0.0,,1,0,0,0,0.0,0.0,100.0,0.0009486000053584576,0.0010309999925084412,0.00012799998512491584,0.04319179998128675,0.05057789999409579,0.034083699982147664,0.0034779999987222254,0.00723319998360239,0.0027188000094611198,0.0026931999891530722,0.00010309999925084412
0.5,Weighted LP3 ($ 	heta $ Only),14,147,0.0,,0,0,0,0,0.0,0.0,100.0,0.0009802000131458044,0.0011701000039465725,4.9700000090524554e-05,0.040722499979892746,0.04774129998986609,0.023660200007725507,0.003647100005764514,0.002948199980892241,0.002917399979196489,0.0029068999865558,0.00010890001431107521
0.5,Weighted LP3 ($ 	heta $ Only),15,162,0.0,,0,0,0,0,0.0,0.0,100.0,0.000750000006519258,0.0008696999866515398,4.740001168102026e-05,0.044880100002046674,0.0695240999921225,0.03553580000880174,0.003088700002990663,0.002928700007032603,0.006322700006421655,0.002952499984530732,0.00010740000288933516
0.5,Weighted LP3 ($ 	heta $ Only),16,178,0.0,,0,0,0,0,0.0,0.0,100.0,0.0007588999869767576,0.0008430000161752105,8.969998452812433e-05,0.03884510000352748,0.06412060000002384,0.039986500021768734,0.0035617999965325,0.00572639997699298,0.0032404999947175384,0.0032167000172194093,0.00011930000619031489
0.5,Weighted LP3 ($ 	heta $ Only),17,195,0.0,,0,0,0,0,0.0,0.0,100.0,0.0008418000070378184,0.001049699989380315,5.679999594576657e-05,0.035658599983435124,0.052540400007274,0.026168899988988414,0.003462400025455281,0.0028423000185284764,0.005586999992374331,0.0028602999809663743,0.00010760000441223383
0.5,Weighted LP3 ($ 	heta $ Only),18,213,0.0,,0,0,0,0,0.0,0.0,100.0,0.0007616000075358897,0.0008964999869931489,4.8699992476031184e-05,0.03233759998693131,0.054294100002152845,0.05375520000234246,0.012639900000067428,0.007893100002547726,0.011037199990823865,0.008548699988750741,0.00028569999267347157
0.5,Weighted LP3 ($ 	heta $ Only),19,232,0.0,,2,0,0,0,0.0,0.0,100.0,0.009388000005856156,0.006847100012237206,0.00026359999901615083,0.07512699998915195,0.04065270000137389,0.042885600007139146,0.003367099998285994,0.002964999992400408,0.0027157999866176397,0.005628499988233671,0.00017169999773614109
0.5,Weighted LP3 ($ 	heta $ Only),20,252,0.0,,0,0,0,0,0.0,0.0,100.0,0.0007766000053379685,0.0009104000055231154,4.7999987145885825e-05,0.04695380001794547,0.05771490000188351,0.04282319999765605,0.0062649000028613955,0.002883800014387816,0.0031196000054478645,0.003183699998771772,0.00010919998749159276
0.5,Weighted LP3 ($ 	heta $ Only),21,273,0.0,,0,0,0,0,0.0,0.0,100.0,0.0007582000107504427,0.001552300003822893,0.00010469998233020306,0.03832469999906607,0.03992369998013601,0.021400599973276258,0.0032017999910749495,0.002882200002204627,0.0028711000049952418,0.0028769999917130917,0.00010710000060498714
0.5,Weighted LP3 ($ 	heta $ Only),22,295,0.0,,0,0,0,0,0.0,0.0,100.0,0.0013767000054940581,0.002008399984333664,7.010000990703702e-05,0.03515499999048188,0.049641699995845556,0.0336859000090044,0.0031705999863334,0.003775300021516159,0.0073429999756626785,0.0030175000138115138,0.00010629999451339245
0.5,Weighted LP3 ($ 	heta $ Only),23,318,0.0,,2,0,0,0,0.0,0.0,100.0,0.0009898999996948987,0.0010231999913230538,0.00018599999020807445,0.034515999985160306,0.07225930001004599,0.05229929997585714,0.01006150001194328,0.005546700005652383,0.008163799997419119,0.005824700027005747,0.00026950001483783126
0.5,Weighted LP3 ($ 	heta $ Only),24,342,0.0,,0,0,0,0,0.0,0.0,100.0,0.00141639998764731,0.005526799999643117,9.089999366551638e-05,0.044887299998663366,0.058884300000499934,0.02096769999479875,0.003590599982999265,0.00675020000198856,0.00441959997988306,0.0032247999915853143,0.00012159999459981918
0.5,Weighted LP3 ($ 	heta $ Only),25,367,0.0,,0,0,0,0,0.0,0.0,100.0,0.0008268000092357397,0.0010610000172164291,5.1300012273713946e-05,0.03659099998185411,0.040804199990816414,0.025349700008518994,0.002996700000949204,0.0028403000032994896,0.0028375999827403575,0.006157399999210611,0.00018550001550465822
0.5,Weighted LP3 ($ 	heta $ Only),26,393,0.0,,0,0,0,0,0.0,0.0,100.0,0.0007718999986536801,0.0008723999781068414,4.889999399892986e-05,0.036199299996951595,0.05414699998800643,0.03378970001358539,0.008633699995698407,0.003015800000866875,0.0029103000124450773,0.0034940000041387975,0.0001094000181183219
0.5,Weighted LP3 ($ 	heta $ Only),27,420,0.0,,1,0,0,0,0.0,0.0,100.0,0.0021167999948374927,0.001063200004864484,0.00017339998157694936,0.04020069999387488,0.046675999998115,0.02818769999430515,0.0035487999848555773,0.0033075000101234764,0.004019699990749359,0.005787900008726865,0.00017739998293109238
0.5,Weighted LP3 ($ 	heta $ Only),28,448,0.0,,1,0,0,0,0.0,0.0,100.0,0.0007658999820705503,0.0009203000226989388,0.00013630001922138035,0.037236400006804615,0.05184410000219941,0.030300800019176677,0.003480900020804256,0.0027101000014226884,0.005096600012620911,0.002647899993462488,0.00010420000762678683
0.5,Weighted LP3 ($ 	heta $ Only),29,477,0.0,,0,0,0,0,0.0,0.0,100.0,0.000759299990022555,0.0008761000062804669,4.700000863522291e-05,0.03802880001603626,0.05069159998674877,0.0253145000024233,0.002925699984189123,0.002849399985279888,0.004313100012950599,0.0031487000233028084,0.00011260001338087022
0.5,Weighted LP3 ($ 	heta $ Only),30,507,0.0,,0,0,0,0,0.0,0.0,100.0,0.0007777000137139112,0.0009474999969825149,4.7699984861537814e-05,0.02843050000956282,0.060155499988468364,0.09091189998434857,0.007888799998909235,0.006289300014032051,0.006217499991180375,0.008431499998550862,0.00027400001999922097
0.5,Weighted LP3 ($ 	heta $ Only),31,538,0.0,,0,0,0,0,0.0,0.0,100.0,0.04131410000263713,0.003619099996285513,8.830000297166407e-05,0.07449919998180121,0.05540159999509342,0.03131049999501556,0.0050660000124480575,0.0059053000004496425,0.004919999977573752,0.011599799996474758,0.0002476000227034092
0.5,Weighted LP3 ($ 	heta $ Only),32,570,0.0,,0,0,0,0,0.0,0.0,100.0,0.002030700008617714,0.002918599988333881,0.0001702000154182315,0.07477949999156408,0.13491600000998005,0.02306539998971857,0.002881899999920279,0.002737700007855892,0.0027205999940633774,0.0027384999848436564,0.00010559998918324709
0.5,Weighted LP3 ($ 	heta $ Only),33,603,0.0,,0,0,0,0,0.0,0.0,100.0,0.0007406999939121306,0.0008519999973941594,0.00013120000949129462,0.043342199991457164,0.05805270001292229,0.022768299997551367,0.004893100005574524,0.0039228000096045434,0.0032030000002123415,0.0032014999887906015,0.00012080001761205494
0.5,Weighted LP3 ($ 	heta $ Only),34,637,0.0,,0,0,0,0,0.0,0.0,100.0,0.0008388999849557877,0.001298599992878735,5.060000694356859e-05,0.04179609997663647,0.07664740001200698,0.02442270002211444,0.0034518000029493123,0.0038837000029161572,0.007533800002420321,0.002886500005843118,0.00010720000136643648
0.5,Weighted LP3 ($ 	heta $ Only),35,672,0.0,,1,0,0,0,0.0,0.0,100.0,0.0009469999931752682,0.0010566000128164887,0.0001204000145662576,0.042853599996306,0.04859120000037365,0.02988859999459237,0.0032396999886259437,0.0032183000002987683,0.007807399990269914,0.002674999996088445,0.00010469998233020306
0.5,Weighted LP3 ($ 	heta $ Only),36,708,0.0,,0,0,0,0,0.0,0.0,100.0,0.0009386999881826341,0.001029900013236329,5.169998621568084e-05,0.03740950001520105,0.0470023000088986,0.04487179999705404,0.00466849998338148,0.0029240000003483146,0.0029211000073701143,0.0029790000116918236,0.00010830000974237919
0.5,Weighted LP3 ($ 	heta $ Only),37,745,0.0,,0,0,0,0,0.0,0.0,100.0,0.0032349000102840364,0.0011214000114705414,4.9700000090524554e-05,0.03622840001480654,0.054282299999613315,0.023811399994883686,0.007838799996534362,0.0028790999785996974,0.0028777999978046864,0.003434100013691932,0.00010799997835420072
0.5,Weighted LP3 ($ 	heta $ Only),38,783,0.0,,0,0,0,0,0.0,0.0,100.0,0.0012808000028599054,0.002277799998410046,7.670000195503235e-05,0.037861800024984404,0.052729700022609904,0.033265899983234704,0.003155499987769872,0.00338400001055561,0.0077578000200446695,0.0030441000126302242,0.00010840001050382853
0.5,Weighted LP3 ($ 	heta $ Only),39,822,0.0,,0,0,0,0,0.0,0.0,100.0,0.0008053999918047339,0.0009270999871660024,4.569999873638153e-05,0.037929999991320074,0.05385749999550171,0.03033149999100715,0.0035856000031344593,0.0037503999774344265,0.002900499996030703,0.0028691000188700855,0.00010649999603629112
0.5,Weighted LP3 ($ 	heta $ Only),40,862,0.0,,2,0,0,0,0.0,0.0,100.0,0.003581800003303215,0.000884400011273101,0.00011809999705292284,0.04648819999420084,0.053125000005820766,0.02883789999759756,0.0061021000146865845,0.005387900018831715,0.002934899996034801,0.0024624000070616603,9.839999256655574e-05
0.5,Weighted LP3 ($ 	heta $ Only),41,903,0.0,,0,0,0,0,0.0,0.0,100.0,0.0007993000035639852,0.0032672999950591475,9.389998740516603e-05,0.03996329999063164,0.04516189999412745,0.03366700001060963,0.009527799993520603,0.003584099991712719,0.0034386999905109406,0.006044099980499595,0.00010900001507252455
0.5,Weighted LP3 ($ 	heta $ Only),42,945,0.0,,0,0,0,0,0.0,0.0,100.0,0.0007693999796174467,0.001219800004037097,0.00010919998749159276,0.03271999998833053,0.06454399999347515,0.029135399992810562,0.0043255999917164445,0.0033318999921903014,0.006630100018810481,0.0030897000106051564,0.00011150000500492752
0.5,Weighted LP3 ($ 	heta $ Only),43,988,0.0,,0,0,0,0,0.0,0.0,100.0,0.0007767000060994178,0.000992499990388751,6.219997885636985e-05,0.03351249999832362,0.03874230000656098,0.032352900016121566,0.003072300023632124,0.003886999998940155,0.00560189998941496,0.0037116999737918377,0.00011180000728927553
0.5,Weighted LP3 ($ 	heta $ Only),44,1032,0.0,,0,0,0,0,0.0,0.0,100.0,0.0009538999875076115,0.001109600008931011,5.1499984692782164e-05,0.032905600004596636,0.05962119999458082,0.03573160001542419,0.003588599996874109,0.003444999980274588,0.00874289998319,0.00314250000519678,0.00010920001659542322
0.5,Weighted LP3 ($ 	heta $ Only),45,1077,0.0,,0,0,0,0,0.0,0.0,100.0,0.0009479000000283122,0.001036400004522875,5.339999916031957e-05,0.05384109998703934,0.07962759997462854,0.03873910001129843,0.00675609998870641,0.004827299999305978,0.0033118999854195863,0.004874699981883168,0.00016489997506141663
0.5,Weighted LP3 ($ 	heta $ Only),46,1123,0.0,,0,0,0,0,0.0,0.0,100.0,0.0010130000009667128,0.002324200002476573,0.00010369997471570969,0.05511859999387525,0.042792499996721745,0.03199340001447126,0.0032702000171411783,0.005403999995905906,0.003504899999825284,0.0038637999969068915,0.00018440000712871552
0.5,Weighted LP3 ($ 	heta $ Only),47,1170,0.0,,3,0,0,0,0.0,0.0,100.0,0.0012045999756082892,0.0019614000048022717,0.00017060001846402884,0.0394906000001356,0.08075900000403635,0.05097909999312833,0.0024052000080700964,0.002271099976496771,0.0022511999995913357,0.0027870000049006194,9.479999425821006e-05
0.5,Weighted LP3 ($ 	heta $ Only),48,1218,0.0,,0,0,0,0,0.0,0.0,100.0,0.000749099999666214,0.0026775000151246786,0.00015979999443516135,0.03646969998953864,0.059051800024462864,0.042457400006242096,0.010981100000208244,0.0029565999866463244,0.0028968999977223575,0.0082719000056386,0.00020599999697878957
0.5,Weighted LP3 ($ 	heta $ Only),49,1267,0.0,,0,0,0,0,0.0,0.0,100.0,0.001784599997336045,0.0012522999895736575,6.220000796020031e-05,0.034018099977402017,0.05235810001613572,0.042900600004941225,0.003883900004439056,0.002910899987909943,0.0029030999867245555,0.008398900012252852,0.00010959999053739011
0.5,Borda LP3 ($ 	heta $ Only),0,42,0.0,,0,0,0,0,0.0,0.0,100.0,0.005250100017292425,0.008096200006548315,0.00024029999622143805,0.05922529997769743,0.050634799990803,0.0408154999895487,0.005795800010673702,0.004644700005883351,0.0028437000000849366,0.002794600004563108,0.00010599999222904444
0.5,Borda LP3 ($ 	heta $ Only),1,43,0.0,,2,0,0,0,0.0,0.0,100.0,0.0007532000017818063,0.0012704999826382846,0.0021216000022832304,0.044327400013571605,0.052755000011529773,0.03697169999941252,0.0034890999959316105,0.006931699987035245,0.0024942999880295247,0.0024602000194136053,9.90999978967011e-05
0.5,Borda LP3 ($ 	heta $ Only),2,45,0.0,,0,0,0,0,0.0,0.0,100.0,0.0009532000112812966,0.001049300015438348,4.810001701116562e-05,0.03645059998962097,0.05646260001230985,0.04622789999120869,0.002981799974804744,0.0028349000203888863,0.0031596999906469136,0.00730579998344183,0.00010710000060498714
0.5,Borda LP3 ($ 	heta $ Only),3,48,0.0,,0,0,0,0,0.0,0.0,100.0,0.0009095999994315207,0.0009871999791357666,5.099998088553548e-05,0.04093220000504516,0.13840240001445636,0.06466109998291358,0.008218000002671033,0.003879900003084913,0.002736800001002848,0.0034410000080242753,0.0006136999872978777
0.5,Borda LP3 ($ 	heta $ Only),4,52,0.0,,0,0,0,0,0.0,0.0,100.0,0.0017416999908164144,0.0012483999889809638,6.0200021835044026e-05,0.03246669998043217,0.05872160001308657,0.042624900001101196,0.003265300008933991,0.0040320999978575855,0.0033044000156223774,0.005922900018049404,0.0005204000044614077
0.5,Borda LP3 ($ 	heta $ Only),5,57,0.0,,0,0,0,0,0.0,0.0,100.0,0.0010377000144217163,0.0009170999983325601,4.740001168102026e-05,0.041269099980127066,0.10899090001475997,0.0347431999980472,0.007565900014014915,0.009356700000353158,0.004152100009378046,0.003347799996845424,0.00019079999765381217
0.5,Borda LP3 ($ 	heta $ Only),6,63,0.0,,1,0,0,0,0.0,0.0,100.0,0.0007970999868120998,0.0008765000093262643,0.00017510002362541854,0.04439599998295307,0.067787199979648,0.06462380001903512,0.003257000003941357,0.003930300008505583,0.005583899997873232,0.005019200005335733,0.00014869999722577631
0.5,Borda LP3 ($ 	heta $ Only),7,70,0.0,,0,0,0,0,0.0,0.0,100.0,0.004648599977372214,0.0012339999957475811,5.3099996875971556e-05,0.049292400013655424,0.058678100001998246,0.04343280001194216,0.005613299988908693,0.0032976999937091023,0.0027898999978788197,0.004397799988510087,0.0004636000085156411
0.5,Borda LP3 ($ 	heta $ Only),8,78,0.0,,0,0,0,0,0.0,0.0,100.0,0.001955999992787838,0.0011522999848239124,6.199997733347118e-05,0.03374680000706576,0.0547247999929823,0.031489099987084046,0.0032358999887946993,0.007987499993760139,0.0030338999931700528,0.002891100011765957,0.00010989999282173812
0.5,Borda LP3 ($ 	heta $ Only),9,87,0.0,,0,0,0,0,0.0,0.0,100.0,0.0008385999826714396,0.0008171999943442643,4.689997876994312e-05,0.0454293999937363,0.060703399998601526,0.031790100008947775,0.003401900001335889,0.003272499976446852,0.003870799992000684,0.008483400015393272,0.00011019999510608613
0.5,Borda LP3 ($ 	heta $ Only),10,97,0.0,,0,0,0,0,0.0,0.0,100.0,0.0009655999892856926,0.0009528000082354993,5.060000694356859e-05,0.03661000001011416,0.04768000001786277,0.028341900004306808,0.003312000015284866,0.003184400004101917,0.0031747999892104417,0.0037903999909758568,0.00011219998123124242
0.5,Borda LP3 ($ 	heta $ Only),11,108,0.0,,0,0,0,0,0.0,0.0,100.0,0.0007559999939985573,0.0008899999957066029,4.749998333863914e-05,0.03249270000378601,0.05444629999692552,0.023671000002650544,0.003399000008357689,0.003299100004369393,0.003804200008744374,0.004932999989250675,0.00010810000821948051
0.5,Borda LP3 ($ 	heta $ Only),12,120,0.0,,0,0,0,0,0.0,0.0,100.0,0.0007575000054202974,0.0008953000069595873,4.630000330507755e-05,0.03944439999759197,0.05268829999840818,0.04051920000347309,0.0030036999960429966,0.002879100007703528,0.010663600027328357,0.0029230999934952706,0.00010779997683130205
0.5,Borda LP3 ($ 	heta $ Only),13,133,0.0,,1,0,0,0,0.0,0.0,100.0,0.0009486000053584576,0.0010309999925084412,0.00012799998512491584,0.04319179998128675,0.05057789999409579,0.034083699982147664,0.0034779999987222254,0.00723319998360239,0.0027188000094611198,0.0026931999891530722,0.00010309999925084412
0.5,Borda LP3 ($ 	heta $ Only),14,147,0.0,,0,0,0,0,0.0,0.0,100.0,0.0009802000131458044,0.0011701000039465725,4.9700000090524554e-05,0.040722499979892746,0.04774129998986609,0.023660200007725507,0.003647100005764514,0.002948199980892241,0.002917399979196489,0.0029068999865558,0.00010890001431107521
0.5,Borda LP3 ($ 	heta $ Only),15,162,0.0,,0,0,0,0,0.0,0.0,100.0,0.000750000006519258,0.0008696999866515398,4.740001168102026e-05,0.044880100002046674,0.0695240999921225,0.03553580000880174,0.003088700002990663,0.002928700007032603,0.006322700006421655,0.002952499984530732,0.00010740000288933516
0.5,Borda LP3 ($ 	heta $ Only),16,178,0.0,,0,0,0,0,0.0,0.0,100.0,0.0007588999869767576,0.0008430000161752105,8.969998452812433e-05,0.03884510000352748,0.06412060000002384,0.039986500021768734,0.0035617999965325,0.00572639997699298,0.0032404999947175384,0.0032167000172194093,0.00011930000619031489
0.5,Borda LP3 ($ 	heta $ Only),17,195,0.0,,0,0,0,0,0.0,0.0,100.0,0.0008418000070378184,0.001049699989380315,5.679999594576657e-05,0.035658599983435124,0.052540400007274,0.026168899988988414,0.003462400025455281,0.0028423000185284764,0.005586999992374331,0.0028602999809663743,0.00010760000441223383
0.5,Borda LP3 ($ 	heta $ Only),18,213,0.0,,0,0,0,0,0.0,0.0,100.0,0.0007616000075358897,0.0008964999869931489,4.8699992476031184e-05,0.03233759998693131,0.054294100002152845,0.05375520000234246,0.012639900000067428,0.007893100002547726,0.011037199990823865,0.008548699988750741,0.00028569999267347157
0.5,Borda LP3 ($ 	heta $ Only),19,232,0.0,,2,0,0,0,0.0,0.0,100.0,0.009388000005856156,0.006847100012237206,0.00026359999901615083,0.07512699998915195,0.04065270000137389,0.042885600007139146,0.003367099998285994,0.002964999992400408,0.0027157999866176397,0.005628499988233671,0.00017169999773614109
0.5,Borda LP3 ($ 	heta $ Only),20,252,0.0,,0,0,0,0,0.0,0.0,100.0,0.0007766000053379685,0.0009104000055231154,4.7999987145885825e-05,0.04695380001794547,0.05771490000188351,0.04282319999765605,0.0062649000028613955,0.002883800014387816,0.0031196000054478645,0.003183699998771772,0.00010919998749159276
0.5,Borda LP3 ($ 	heta $ Only),21,273,0.0,,0,0,0,0,0.0,0.0,100.0,0.0007582000107504427,0.001552300003822893,0.00010469998233020306,0.03832469999906607,0.03992369998013601,0.021400599973276258,0.0032017999910749495,0.002882200002204627,0.0028711000049952418,0.0028769999917130917,0.00010710000060498714
0.5,Borda LP3 ($ 	heta $ Only),22,295,0.0,,0,0,0,0,0.0,0.0,100.0,0.0013767000054940581,0.002008399984333664,7.010000990703702e-05,0.03515499999048188,0.049641699995845556,0.0336859000090044,0.0031705999863334,0.003775300021516159,0.0073429999756626785,0.0030175000138115138,0.00010629999451339245
0.5,Borda LP3 ($ 	heta $ Only),23,318,0.0,,2,0,0,0,0.0,0.0,100.0,0.0009898999996948987,0.0010231999913230538,0.00018599999020807445,0.034515999985160306,0.07225930001004599,0.05229929997585714,0.01006150001194328,0.005546700005652383,0.008163799997419119,0.005824700027005747,0.00026950001483783126
0.5,Borda LP3 ($ 	heta $ Only),24,342,0.0,,0,0,0,0,0.0,0.0,100.0,0.00141639998764731,0.005526799999643117,9.089999366551638e-05,0.044887299998663366,0.058884300000499934,0.02096769999479875,0.003590599982999265,0.00675020000198856,0.00441959997988306,0.0032247999915853143,0.00012159999459981918
0.5,Borda LP3 ($ 	heta $ Only),25,367,0.0,,0,0,0,0,0.0,0.0,100.0,0.0008268000092357397,0.0010610000172164291,5.1300012273713946e-05,0.03659099998185411,0.040804199990816414,0.025349700008518994,0.002996700000949204,0.0028403000032994896,0.0028375999827403575,0.006157399999210611,0.00018550001550465822
0.5,Borda LP3 ($ 	heta $ Only),26,393,0.0,,0,0,0,0,0.0,0.0,100.0,0.0007718999986536801,0.0008723999781068414,4.889999399892986e-05,0.036199299996951595,0.05414699998800643,0.03378970001358539,0.008633699995698407,0.003015800000866875,0.0029103000124450773,0.0034940000041387975,0.0001094000181183219
0.5,Borda LP3 ($ 	heta $ Only),27,420,0.0,,1,0,0,0,0.0,0.0,100.0,0.0021167999948374927,0.001063200004864484,0.00017339998157694936,0.04020069999387488,0.046675999998115,0.02818769999430515,0.0035487999848555773,0.0033075000101234764,0.004019699990749359,0.005787900008726865,0.00017739998293109238
0.5,Borda LP3 ($ 	heta $ Only),28,448,0.0,,1,0,0,0,0.0,0.0,100.0,0.0007658999820705503,0.0009203000226989388,0.00013630001922138035,0.037236400006804615,0.05184410000219941,0.030300800019176677,0.003480900020804256,0.0027101000014226884,0.005096600012620911,0.002647899993462488,0.00010420000762678683
0.5,Borda LP3 ($ 	heta $ Only),29,477,0.0,,0,0,0,0,0.0,0.0,100.0,0.000759299990022555,0.0008761000062804669,4.700000863522291e-05,0.03802880001603626,0.05069159998674877,0.0253145000024233,0.002925699984189123,0.002849399985279888,0.004313100012950599,0.0031487000233028084,0.00011260001338087022
0.5,Borda LP3 ($ 	heta $ Only),30,507,0.0,,0,0,0,0,0.0,0.0,100.0,0.0007777000137139112,0.0009474999969825149,4.7699984861537814e-05,0.02843050000956282,0.060155499988468364,0.09091189998434857,0.007888799998909235,0.006289300014032051,0.006217499991180375,0.008431499998550862,0.00027400001999922097
0.5,Borda LP3 ($ 	heta $ Only),31,538,0.0,,0,0,0,0,0.0,0.0,100.0,0.04131410000263713,0.003619099996285513,8.830000297166407e-05,0.07449919998180121,0.05540159999509342,0.03131049999501556,0.0050660000124480575,0.0059053000004496425,0.004919999977573752,0.011599799996474758,0.0002476000227034092
0.5,Borda LP3 ($ 	heta $ Only),32,570,0.0,,0,0,0,0,0.0,0.0,100.0,0.002030700008617714,0.002918599988333881,0.0001702000154182315,0.07477949999156408,0.13491600000998005,0.02306539998971857,0.002881899999920279,0.002737700007855892,0.0027205999940633774,0.0027384999848436564,0.00010559998918324709
0.5,Borda LP3 ($ 	heta $ Only),33,603,0.0,,0,0,0,0,0.0,0.0,100.0,0.0007406999939121306,0.0008519999973941594,0.00013120000949129462,0.043342199991457164,0.05805270001292229,0.022768299997551367,0.004893100005574524,0.0039228000096045434,0.0032030000002123415,0.0032014999887906015,0.00012080001761205494
0.5,Borda LP3 ($ 	heta $ Only),34,637,0.0,,0,0,0,0,0.0,0.0,100.0,0.0008388999849557877,0.001298599992878735,5.060000694356859e-05,0.04179609997663647,0.07664740001200698,0.02442270002211444,0.0034518000029493123,0.0038837000029161572,0.007533800002420321,0.002886500005843118,0.00010720000136643648
0.5,Borda LP3 ($ 	heta $ Only),35,672,0.0,,1,0,0,0,0.0,0.0,100.0,0.0009469999931752682,0.0010566000128164887,0.0001204000145662576,0.042853599996306,0.04859120000037365,0.02988859999459237,0.0032396999886259437,0.0032183000002987683,0.007807399990269914,0.002674999996088445,0.00010469998233020306
0.5,Borda LP3 ($ 	heta $ Only),36,708,0.0,,0,0,0,0,0.0,0.0,100.0,0.0009386999881826341,0.001029900013236329,5.169998621568084e-05,0.03740950001520105,0.0470023000088986,0.04487179999705404,0.00466849998338148,0.0029240000003483146,0.0029211000073701143,0.0029790000116918236,0.00010830000974237919
0.5,Borda LP3 ($ 	heta $ Only),37,745,0.0,,0,0,0,0,0.0,0.0,100.0,0.0032349000102840364,0.0011214000114705414,4.9700000090524554e-05,0.03622840001480654,0.054282299999613315,0.023811399994883686,0.007838799996534362,0.0028790999785996974,0.0028777999978046864,0.003434100013691932,0.00010799997835420072
0.5,Borda LP3 ($ 	heta $ Only),38,783,0.0,,0,0,0,0,0.0,0.0,100.0,0.0012808000028599054,0.002277799998410046,7.670000195503235e-05,0.037861800024984404,0.052729700022609904,0.033265899983234704,0.003155499987769872,0.00338400001055561,0.0077578000200446695,0.0030441000126302242,0.00010840001050382853
0.5,Borda LP3 ($ 	heta $ Only),39,822,0.0,,0,0,0,0,0.0,0.0,100.0,0.0008053999918047339,0.0009270999871660024,4.569999873638153e-05,0.037929999991320074,0.05385749999550171,0.03033149999100715,0.0035856000031344593,0.0037503999774344265,0.002900499996030703,0.0028691000188700855,0.00010649999603629112
0.5,Borda LP3 ($ 	heta $ Only),40,862,0.0,,2,0,0,0,0.0,0.0,100.0,0.003581800003303215,0.000884400011273101,0.00011809999705292284,0.04648819999420084,0.053125000005820766,0.02883789999759756,0.0061021000146865845,0.005387900018831715,0.002934899996034801,0.0024624000070616603,9.839999256655574e-05
0.5,Borda LP3 ($ 	heta $ Only),41,903,0.0,,0,0,0,0,0.0,0.0,100.0,0.0007993000035639852,0.0032672999950591475,9.389998740516603e-05,0.03996329999063164,0.04516189999412745,0.03366700001060963,0.009527799993520603,0.003584099991712719,0.0034386999905109406,0.006044099980499595,0.00010900001507252455
0.5,Borda LP3 ($ 	heta $ Only),42,945,0.0,,0,0,0,0,0.0,0.0,100.0,0.0007693999796174467,0.001219800004037097,0.00010919998749159276,0.03271999998833053,0.06454399999347515,0.029135399992810562,0.0043255999917164445,0.0033318999921903014,0.006630100018810481,0.0030897000106051564,0.00011150000500492752
0.5,Borda LP3 ($ 	heta $ Only),43,988,0.0,,0,0,0,0,0.0,0.0,100.0,0.0007767000060994178,0.000992499990388751,6.219997885636985e-05,0.03351249999832362,0.03874230000656098,0.032352900016121566,0.003072300023632124,0.003886999998940155,0.00560189998941496,0.0037116999737918377,0.00011180000728927553
0.5,Borda LP3 ($ 	heta $ Only),44,1032,0.0,,0,0,0,0,0.0,0.0,100.0,0.0009538999875076115,0.001109600008931011,5.1499984692782164e-05,0.032905600004596636,0.05962119999458082,0.03573160001542419,0.003588599996874109,0.003444999980274588,0.00874289998319,0.00314250000519678,0.00010920001659542322
0.5,Borda LP3 ($ 	heta $ Only),45,1077,0.0,,0,0,0,0,0.0,0.0,100.0,0.0009479000000283122,0.001036400004522875,5.339999916031957e-05,0.05384109998703934,0.07962759997462854,0.03873910001129843,0.00675609998870641,0.004827299999305978,0.0033118999854195863,0.004874699981883168,0.00016489997506141663
0.5,Borda LP3 ($ 	heta $ Only),46,1123,0.0,,0,0,0,0,0.0,0.0,100.0,0.0010130000009667128,0.002324200002476573,0.00010369997471570969,0.05511859999387525,0.042792499996721745,0.03199340001447126,0.0032702000171411783,0.005403999995905906,0.003504899999825284,0.0038637999969068915,0.00018440000712871552
0.5,Borda LP3 ($ 	heta $ Only),47,1170,0.0,,3,0,0,0,0.0,0.0,100.0,0.0012045999756082892,0.0019614000048022717,0.00017060001846402884,0.0394906000001356,0.08075900000403635,0.05097909999312833,0.0024052000080700964,0.002271099976496771,0.0022511999995913357,0.0027870000049006194,9.479999425821006e-05
0.5,Borda LP3 ($ 	heta $ Only),48,1218,0.0,,0,0,0,0,0.0,0.0,100.0,0.000749099999666214,0.0026775000151246786,0.00015979999443516135,0.03646969998953864,0.059051800024462864,0.042457400006242096,0.010981100000208244,0.0029565999866463244,0.0028968999977223575,0.0082719000056386,0.00020599999697878957
0.5,Borda LP3 ($ 	heta $ Only),49,1267,0.0,,0,0,0,0,0.0,0.0,100.0,0.001784599997336045,0.0012522999895736575,6.220000796020031e-05,0.034018099977402017,0.05235810001613572,0.042900600004941225,0.003883900004439056,0.002910899987909943,0.0029030999867245555,0.008398900012252852,0.00010959999053739011
0.5,Linear BTL,0,42,,-18.835654994090316,0,0,0,0,,,,0.005250100017292425,0.008096200006548315,0.00024029999622143805,0.05922529997769743,0.050634799990803,0.0408154999895487,0.005795800010673702,0.004644700005883351,0.0028437000000849366,0.002794600004563108,0.00010599999222904444
0.5,Linear BTL,1,43,,-27.964154329187696,2,3,0,3,,,,0.0007532000017818063,0.0012704999826382846,0.0021216000022832304,0.044327400013571605,0.052755000011529773,0.03697169999941252,0.0034890999959316105,0.006931699987035245,0.0024942999880295247,0.0024602000194136053,9.90999978967011e-05
0.5,Linear BTL,2,45,,-11.9738122846153,0,0,0,0,,,,0.0009532000112812966,0.001049300015438348,4.810001701116562e-05,0.03645059998962097,0.05646260001230985,0.04622789999120869,0.002981799974804744,0.0028349000203888863,0.0031596999906469136,0.00730579998344183,0.00010710000060498714
0.5,Linear BTL,3,48,,-14.2577786515708,0,1,0,1,,,,0.0009095999994315207,0.0009871999791357666,5.099998088553548e-05,0.04093220000504516,0.13840240001445636,0.06466109998291358,0.008218000002671033,0.003879900003084913,0.002736800001002848,0.0034410000080242753,0.0006136999872978777
0.5,Linear BTL,4,52,,-16.041873455093132,0,0,0,0,,,,0.0017416999908164144,0.0012483999889809638,6.0200021835044026e-05,0.03246669998043217,0.05872160001308657,0.042624900001101196,0.003265300008933991,0.0040320999978575855,0.0033044000156223774,0.005922900018049404,0.0005204000044614077
0.5,Linear BTL,5,57,,-16.430971482841663,0,0,0,0,,,,0.0010377000144217163,0.0009170999983325601,4.740001168102026e-05,0.041269099980127066,0.10899090001475997,0.0347431999980472,0.007565900014014915,0.009356700000353158,0.004152100009378046,0.003347799996845424,0.00019079999765381217
0.5,Linear BTL,6,63,,-26.01012081370483,1,1,0,1,,,,0.0007970999868120998,0.0008765000093262643,0.00017510002362541854,0.04439599998295307,0.067787199979648,0.06462380001903512,0.003257000003941357,0.003930300008505583,0.005583899997873232,0.005019200005335733,0.00014869999722577631
0.5,Linear BTL,7,70,,-16.72072825343862,0,0,0,0,,,,0.004648599977372214,0.0012339999957475811,5.3099996875971556e-05,0.049292400013655424,0.058678100001998246,0.04343280001194216,0.005613299988908693,0.0032976999937091023,0.0027898999978788197,0.004397799988510087,0.0004636000085156411
0.5,Linear BTL,8,78,,-9.226446118941421,0,1,0,1,,,,0.001955999992787838,0.0011522999848239124,6.199997733347118e-05,0.03374680000706576,0.0547247999929823,0.031489099987084046,0.0032358999887946993,0.007987499993760139,0.0030338999931700528,0.002891100011765957,0.00010989999282173812
0.5,Linear BTL,9,87,,-20.425614684370096,0,0,0,0,,,,0.0008385999826714396,0.0008171999943442643,4.689997876994312e-05,0.0454293999937363,0.060703399998601526,0.031790100008947775,0.003401900001335889,0.003272499976446852,0.003870799992000684,0.008483400015393272,0.00011019999510608613
0.5,Linear BTL,10,97,,-20.605292719204655,0,3,0,3,,,,0.0009655999892856926,0.0009528000082354993,5.060000694356859e-05,0.03661000001011416,0.04768000001786277,0.028341900004306808,0.003312000015284866,0.003184400004101917,0.0031747999892104417,0.0037903999909758568,0.00011219998123124242
0.5,Linear BTL,11,108,,-24.504803898882002,0,0,0,0,,,,0.0007559999939985573,0.0008899999957066029,4.749998333863914e-05,0.03249270000378601,0.05444629999692552,0.023671000002650544,0.003399000008357689,0.003299100004369393,0.003804200008744374,0.004932999989250675,0.00010810000821948051
0.5,Linear BTL,12,120,,-19.5461110476463,0,2,0,2,,,,0.0007575000054202974,0.0008953000069595873,4.630000330507755e-05,0.03944439999759197,0.05268829999840818,0.04051920000347309,0.0030036999960429966,0.002879100007703528,0.010663600027328357,0.0029230999934952706,0.00010779997683130205
0.5,Linear BTL,13,133,,-14.02968541923775,1,1,0,1,,,,0.0009486000053584576,0.0010309999925084412,0.00012799998512491584,0.04319179998128675,0.05057789999409579,0.034083699982147664,0.0034779999987222254,0.00723319998360239,0.0027188000094611198,0.0026931999891530722,0.00010309999925084412
0.5,Linear BTL,14,147,,-15.617853794920869,0,1,0,1,,,,0.0009802000131458044,0.0011701000039465725,4.9700000090524554e-05,0.040722499979892746,0.04774129998986609,0.023660200007725507,0.003647100005764514,0.002948199980892241,0.002917399979196489,0.0029068999865558,0.00010890001431107521
0.5,Linear BTL,15,162,,-16.494141304360774,0,1,0,1,,,,0.000750000006519258,0.0008696999866515398,4.740001168102026e-05,0.044880100002046674,0.0695240999921225,0.03553580000880174,0.003088700002990663,0.002928700007032603,0.006322700006421655,0.002952499984530732,0.00010740000288933516
0.5,Linear BTL,16,178,,-8.062044765050816,0,0,0,0,,,,0.0007588999869767576,0.0008430000161752105,8.969998452812433e-05,0.03884510000352748,0.06412060000002384,0.039986500021768734,0.0035617999965325,0.00572639997699298,0.0032404999947175384,0.0032167000172194093,0.00011930000619031489
0.5,Linear BTL,17,195,,-14.331247166266026,0,0,0,0,,,,0.0008418000070378184,0.001049699989380315,5.679999594576657e-05,0.035658599983435124,0.052540400007274,0.026168899988988414,0.003462400025455281,0.0028423000185284764,0.005586999992374331,0.0028602999809663743,0.00010760000441223383
0.5,Linear BTL,18,213,,-11.61973142996094,0,0,0,0,,,,0.0007616000075358897,0.0008964999869931489,4.8699992476031184e-05,0.03233759998693131,0.054294100002152845,0.05375520000234246,0.012639900000067428,0.007893100002547726,0.011037199990823865,0.008548699988750741,0.00028569999267347157
0.5,Linear BTL,19,232,,-26.200830413227425,2,1,0,1,,,,0.009388000005856156,0.006847100012237206,0.00026359999901615083,0.07512699998915195,0.04065270000137389,0.042885600007139146,0.003367099998285994,0.002964999992400408,0.0027157999866176397,0.005628499988233671,0.00017169999773614109
0.5,Linear BTL,20,252,,-10.339915611934027,0,0,0,0,,,,0.0007766000053379685,0.0009104000055231154,4.7999987145885825e-05,0.04695380001794547,0.05771490000188351,0.04282319999765605,0.0062649000028613955,0.002883800014387816,0.0031196000054478645,0.003183699998771772,0.00010919998749159276
0.5,Linear BTL,21,273,,-22.854264784087306,0,0,0,0,,,,0.0007582000107504427,0.001552300003822893,0.00010469998233020306,0.03832469999906607,0.03992369998013601,0.021400599973276258,0.0032017999910749495,0.002882200002204627,0.0028711000049952418,0.0028769999917130917,0.00010710000060498714
0.5,Linear BTL,22,295,,-26.189113844204886,0,0,0,0,,,,0.0013767000054940581,0.002008399984333664,7.010000990703702e-05,0.03515499999048188,0.049641699995845556,0.0336859000090044,0.0031705999863334,0.003775300021516159,0.0073429999756626785,0.0030175000138115138,0.00010629999451339245
0.5,Linear BTL,23,318,,-20.709775692947638,2,0,0,0,,,,0.0009898999996948987,0.0010231999913230538,0.00018599999020807445,0.034515999985160306,0.07225930001004599,0.05229929997585714,0.01006150001194328,0.005546700005652383,0.008163799997419119,0.005824700027005747,0.00026950001483783126
0.5,Linear BTL,24,342,,-16.251913292019857,0,1,0,1,,,,0.00141639998764731,0.005526799999643117,9.089999366551638e-05,0.044887299998663366,0.058884300000499934,0.02096769999479875,0.003590599982999265,0.00675020000198856,0.00441959997988306,0.0032247999915853143,0.00012159999459981918
0.5,Linear BTL,25,367,,-20.730825437303007,0,1,0,1,,,,0.0008268000092357397,0.0010610000172164291,5.1300012273713946e-05,0.03659099998185411,0.040804199990816414,0.025349700008518994,0.002996700000949204,0.0028403000032994896,0.0028375999827403575,0.006157399999210611,0.00018550001550465822
0.5,Linear BTL,26,393,,-25.11933314004108,0,2,0,2,,,,0.0007718999986536801,0.0008723999781068414,4.889999399892986e-05,0.036199299996951595,0.05414699998800643,0.03378970001358539,0.008633699995698407,0.003015800000866875,0.0029103000124450773,0.0034940000041387975,0.0001094000181183219
0.5,Linear BTL,27,420,,-27.236778539579735,1,0,0,0,,,,0.0021167999948374927,0.001063200004864484,0.00017339998157694936,0.04020069999387488,0.046675999998115,0.02818769999430515,0.0035487999848555773,0.0033075000101234764,0.004019699990749359,0.005787900008726865,0.00017739998293109238
0.5,Linear BTL,28,448,,-16.442659754976486,1,1,0,1,,,,0.0007658999820705503,0.0009203000226989388,0.00013630001922138035,0.037236400006804615,0.05184410000219941,0.030300800019176677,0.003480900020804256,0.0027101000014226884,0.005096600012620911,0.002647899993462488,0.00010420000762678683
0.5,Linear BTL,29,477,,-19.820460756214082,0,0,0,0,,,,0.000759299990022555,0.0008761000062804669,4.700000863522291e-05,0.03802880001603626,0.05069159998674877,0.0253145000024233,0.002925699984189123,0.002849399985279888,0.004313100012950599,0.0031487000233028084,0.00011260001338087022
0.5,Linear BTL,30,507,,-20.19103596339444,0,0,0,0,,,,0.0007777000137139112,0.0009474999969825149,4.7699984861537814e-05,0.02843050000956282,0.060155499988468364,0.09091189998434857,0.007888799998909235,0.006289300014032051,0.006217499991180375,0.008431499998550862,0.00027400001999922097
0.5,Linear BTL,31,538,,-15.390477134343064,0,0,0,0,,,,0.04131410000263713,0.003619099996285513,8.830000297166407e-05,0.07449919998180121,0.05540159999509342,0.03131049999501556,0.0050660000124480575,0.0059053000004496425,0.004919999977573752,0.011599799996474758,0.0002476000227034092
0.5,Linear BTL,32,570,,-19.581299879663113,0,1,0,1,,,,0.002030700008617714,0.002918599988333881,0.0001702000154182315,0.07477949999156408,0.13491600000998005,0.02306539998971857,0.002881899999920279,0.002737700007855892,0.0027205999940633774,0.0027384999848436564,0.00010559998918324709
0.5,Linear BTL,33,603,,-20.19103634020841,0,0,0,0,,,,0.0007406999939121306,0.0008519999973941594,0.00013120000949129462,0.043342199991457164,0.05805270001292229,0.022768299997551367,0.004893100005574524,0.0039228000096045434,0.0032030000002123415,0.0032014999887906015,0.00012080001761205494
0.5,Linear BTL,34,637,,-16.43606176385673,0,0,0,0,,,,0.0008388999849557877,0.001298599992878735,5.060000694356859e-05,0.04179609997663647,0.07664740001200698,0.02442270002211444,0.0034518000029493123,0.0038837000029161572,0.007533800002420321,0.002886500005843118,0.00010720000136643648
0.5,Linear BTL,35,672,,-23.43810509695307,1,1,0,1,,,,0.0009469999931752682,0.0010566000128164887,0.0001204000145662576,0.042853599996306,0.04859120000037365,0.02988859999459237,0.0032396999886259437,0.0032183000002987683,0.007807399990269914,0.002674999996088445,0.00010469998233020306
0.5,Linear BTL,36,708,,-14.37273734312371,0,1,0,1,,,,0.0009386999881826341,0.001029900013236329,5.169998621568084e-05,0.03740950001520105,0.0470023000088986,0.04487179999705404,0.00466849998338148,0.0029240000003483146,0.0029211000073701143,0.0029790000116918236,0.00010830000974237919
0.5,Linear BTL,37,745,,-19.832584422428376,0,0,0,0,,,,0.0032349000102840364,0.0011214000114705414,4.9700000090524554e-05,0.03622840001480654,0.054282299999613315,0.023811399994883686,0.007838799996534362,0.0028790999785996974,0.0028777999978046864,0.003434100013691932,0.00010799997835420072
0.5,Linear BTL,38,783,,-20.435300926245056,0,1,0,1,,,,0.0012808000028599054,0.002277799998410046,7.670000195503235e-05,0.037861800024984404,0.052729700022609904,0.033265899983234704,0.003155499987769872,0.00338400001055561,0.0077578000200446695,0.0030441000126302242,0.00010840001050382853
0.5,Linear BTL,39,822,,-19.825772357065805,0,0,0,0,,,,0.0008053999918047339,0.0009270999871660024,4.569999873638153e-05,0.037929999991320074,0.05385749999550171,0.03033149999100715,0.0035856000031344593,0.0037503999774344265,0.002900499996030703,0.0028691000188700855,0.00010649999603629112
0.5,Linear BTL,40,862,,-27.236778569734728,2,0,0,0,,,,0.003581800003303215,0.000884400011273101,0.00011809999705292284,0.04648819999420084,0.053125000005820766,0.02883789999759756,0.0061021000146865845,0.005387900018831715,0.002934899996034801,0.0024624000070616603,9.839999256655574e-05
0.5,Linear BTL,41,903,,-24.504803485752767,0,0,0,0,,,,0.0007993000035639852,0.0032672999950591475,9.389998740516603e-05,0.03996329999063164,0.04516189999412745,0.03366700001060963,0.009527799993520603,0.003584099991712719,0.0034386999905109406,0.006044099980499595,0.00010900001507252455
0.5,Linear BTL,42,945,,-21.24986514106109,0,2,0,2,,,,0.0007693999796174467,0.001219800004037097,0.00010919998749159276,0.03271999998833053,0.06454399999347515,0.029135399992810562,0.0043255999917164445,0.0033318999921903014,0.006630100018810481,0.0030897000106051564,0.00011150000500492752
0.5,Linear BTL,43,988,,-21.12146754194473,0,1,0,1,,,,0.0007767000060994178,0.000992499990388751,6.219997885636985e-05,0.03351249999832362,0.03874230000656098,0.032352900016121566,0.003072300023632124,0.003886999998940155,0.00560189998941496,0.0037116999737918377,0.00011180000728927553
0.5,Linear BTL,44,1032,,-18.314649143335725,0,0,0,0,,,,0.0009538999875076115,0.001109600008931011,5.1499984692782164e-05,0.032905600004596636,0.05962119999458082,0.03573160001542419,0.003588599996874109,0.003444999980274588,0.00874289998319,0.00314250000519678,0.00010920001659542322
0.5,Linear BTL,45,1077,,-21.02379722728975,0,2,0,2,,,,0.0009479000000283122,0.001036400004522875,5.339999916031957e-05,0.05384109998703934,0.07962759997462854,0.03873910001129843,0.00675609998870641,0.004827299999305978,0.0033118999854195863,0.004874699981883168,0.00016489997506141663
0.5,Linear BTL,46,1123,,-19.242977258286263,0,0,0,0,,,,0.0010130000009667128,0.002324200002476573,0.00010369997471570969,0.05511859999387525,0.042792499996721745,0.03199340001447126,0.0032702000171411783,0.005403999995905906,0.003504899999825284,0.0038637999969068915,0.00018440000712871552
0.5,Linear BTL,47,1170,,-29.420405099284654,3,2,0,2,,,,0.0012045999756082892,0.0019614000048022717,0.00017060001846402884,0.0394906000001356,0.08075900000403635,0.05097909999312833,0.0024052000080700964,0.002271099976496771,0.0022511999995913357,0.0027870000049006194,9.479999425821006e-05
0.5,Linear BTL,48,1218,,-16.0418737957239,0,1,0,1,,,,0.000749099999666214,0.0026775000151246786,0.00015979999443516135,0.03646969998953864,0.059051800024462864,0.042457400006242096,0.010981100000208244,0.0029565999866463244,0.0028968999977223575,0.0082719000056386,0.00020599999697878957
0.5,Linear BTL,49,1267,,-17.312238226243714,0,0,0,0,,,,0.001784599997336045,0.0012522999895736575,6.220000796020031e-05,0.034018099977402017,0.05235810001613572,0.042900600004941225,0.003883900004439056,0.002910899987909943,0.0029030999867245555,0.008398900012252852,0.00010959999053739011
0.6,LP2 ($ 	heta $ Only),0,42,0.0,,0,0,0,0,0.0,0.0,100.0,0.0018093000107910484,0.0009448000055272132,5.640002200379968e-05,0.04315299997688271,0.05984780000289902,0.04413990001194179,0.003988599986769259,0.008429199981037527,0.009721700014779344,0.011295399977825582,0.0004228999896440655
0.6,LP2 ($ 	heta $ Only),1,43,0.0,,4,0,0,0,0.0,0.0,100.0,0.0016067999822553247,0.002722999983234331,0.00012409998453222215,0.044311000005109236,0.041987800010247156,0.028250200004549697,0.006630399991990998,0.002153899986296892,0.002090699999826029,0.002094399998895824,9.089999366551638e-05
0.6,LP2 ($ 	heta $ Only),2,45,0.0,,0,0,0,0,0.0,0.0,100.0,0.0008963000145740807,0.0012614000006578863,8.960001287050545e-05,0.04182320000836626,0.05785390001256019,0.025023900001542643,0.0037389000062830746,0.007218600017949939,0.003125399991404265,0.00289949998841621,0.00017729998216964304
0.6,LP2 ($ 	heta $ Only),3,48,0.0,,0,0,0,0,0.0,0.0,100.0,0.0013518999912776053,0.0010211000044364482,0.0004783000040333718,0.04257510000024922,0.053476200002478436,0.018652300001122057,0.003271199995651841,0.002845999988494441,0.0028457999869715422,0.002972999995108694,0.00010689999908208847
0.6,LP2 ($ 	heta $ Only),4,52,0.0,,0,0,0,0,0.0,0.0,100.0,0.0007577999786008149,0.001062600000295788,5.129998316988349e-05,0.03198339999653399,0.07291600000462495,0.03038609999930486,0.004534200008492917,0.006098699988797307,0.0033352999889757484,0.003288000007160008,0.00018440000712871552
0.6,LP2 ($ 	heta $ Only),5,57,0.0,,0,0,0,0,0.0,0.0,100.0,0.0007530000002589077,0.0009458999847993255,4.830001853406429e-05,0.04057859999011271,0.08535730000585318,0.057880899985320866,0.006902000022819266,0.009909900021739304,0.00668210000731051,0.009909900021739304,0.00026920001255348325
0.6,LP2 ($ 	heta $ Only),6,63,0.0,,4,0,0,0,0.0,0.0,100.0,0.0017441999807488173,0.002242999995360151,0.00013080000644549727,0.04699319999781437,0.06329200000618584,0.04645819999859668,0.007320500008063391,0.00256019999505952,0.002507600001990795,0.0025028999953065068,0.0001548999862279743
0.6,LP2 ($ 	heta $ Only),7,70,0.0,,3,0,0,0,0.0,0.0,100.0,0.0007777000137139112,0.0010227999882772565,0.0002294000005349517,0.05309000000124797,0.053454000008059666,0.028048800013493747,0.009573299990734085,0.0027194999856874347,0.0023308999952860177,0.006291900004725903,0.00027829999453388155
0.6,LP2 ($ 	heta $ Only),8,78,0.0,,0,0,0,0,0.0,0.0,100.0,0.002166300022508949,0.00178390002110973,6.500000017695129e-05,0.04292350000469014,0.052535299997543916,0.03343959999619983,0.0030938999843783677,0.006275700026890263,0.0029357000021263957,0.0035924999974668026,0.0001073999737855047
0.6,LP2 ($ 	heta $ Only),9,87,0.0,,0,0,0,0,0.0,0.0,100.0,0.0007550000154878944,0.0009888999920804054,4.5900000259280205e-05,0.03202949999831617,0.0510601999994833,0.041004099999554455,0.007051699998555705,0.002918599988333881,0.0038278999854810536,0.0029334999853745103,0.00011220001033507288
0.6,LP2 ($ 	heta $ Only),10,97,0.0,,0,0,0,0,0.0,0.0,100.0,0.00291579999611713,0.0014428000140469521,5.0799979362636805e-05,0.1377055999764707,0.054116099985549226,0.020682500005932525,0.00311429999419488,0.0029411000141408294,0.004113100003451109,0.006106299988459796,0.0002696000155992806
0.6,LP2 ($ 	heta $ Only),11,108,0.0,,2,0,0,0,0.0,0.0,100.0,0.0008205000194720924,0.0011101000127382576,0.00012489999062381685,0.027913099998841062,0.053049700014526024,0.029701500025112182,0.003602400014642626,0.0028984000091440976,0.0028325000021141022,0.005526699998881668,0.00024339999072253704
0.6,LP2 ($ 	heta $ Only),12,120,0.0,,0,0,0,0,0.0,0.0,100.0,0.0016052999999374151,0.0008504000143148005,5.749997217208147e-05,0.036282200017012656,0.050502500002039596,0.01995560000068508,0.005194099998334423,0.0044535000051837415,0.0029357000021263957,0.002901900006690994,0.00010800000745803118
0.6,LP2 ($ 	heta $ Only),13,133,0.0,,1,0,0,0,0.0,0.0,100.0,0.000767599995015189,0.0011212000099476427,0.0001951000012923032,0.03458019997924566,0.08255720001761802,0.06294060000800528,0.0038274000107776374,0.0030909999914001673,0.0030876999953761697,0.006488099985290319,0.00017749998369254172
0.6,LP2 ($ 	heta $ Only),14,147,0.0,,0,0,0,0,0.0,0.0,100.0,0.0007779000152368098,0.0011387999984435737,4.680000711232424e-05,0.032410899992100894,0.04374250001274049,0.02444360000663437,0.00945720000891015,0.0046168999979272485,0.0036811999743804336,0.005283599981339648,0.0001959000073838979
0.6,LP2 ($ 	heta $ Only),15,162,0.0,,0,0,0,0,0.0,0.0,100.0,0.0014915999781806022,0.0009636999748181552,5.289999535307288e-05,0.033001800009515136,0.06609440001193434,0.040645400003995746,0.0029674999823328108,0.004427800013218075,0.0038121000106912106,0.0048500999982934445,0.00011290001566521823
0.6,LP2 ($ 	heta $ Only),16,178,0.0,,0,0,0,0,0.0,0.0,100.0,0.0007625000143889338,0.0009355000220239162,4.6900007873773575e-05,0.040100300015183166,0.057196599984308705,0.03483129999949597,0.004346200003055856,0.0028821000014431775,0.0064199999906122684,0.0030713000160176307,0.00018820000695995986
0.6,LP2 ($ 	heta $ Only),17,195,0.0,,0,0,0,0,0.0,0.0,100.0,0.0009262999810744077,0.0010863000061362982,6.439999560825527e-05,0.044376399979228154,0.047240099986083806,0.029871100006857887,0.005892899993341416,0.002796499989926815,0.0027652000135276467,0.0027640000043902546,0.00010570001904852688
0.6,LP2 ($ 	heta $ Only),18,213,0.0,,0,0,0,0,0.0,0.0,100.0,0.0008440000237897038,0.001382599992211908,4.859999171458185e-05,0.02944089999073185,0.05815050000092015,0.05019539999193512,0.004088399989996105,0.005302600009599701,0.003316099988296628,0.003308699990157038,0.00018430000636726618
0.6,LP2 ($ 	heta $ Only),19,232,0.0,,4,0,0,0,0.0,0.0,100.0,0.0008629999938420951,0.0008795000030659139,0.00011079999967478216,0.04152339999563992,0.04782459998386912,0.035090999997919425,0.0022551000001840293,0.004011999990325421,0.0027805999852716923,0.0020938999950885773,8.880000677891076e-05
0.6,LP2 ($ 	heta $ Only),20,252,0.0,,0,0,0,0,0.0,0.0,100.0,0.0007635000220034271,0.0008703000203240663,4.710000939667225e-05,0.031004599994048476,0.06333869998343289,0.034686499973759055,0.005123799986904487,0.003875399997923523,0.003171499993186444,0.003205299988621846,0.00010879998444579542
0.6,LP2 ($ 	heta $ Only),21,273,0.0,,0,0,0,0,0.0,0.0,100.0,0.000983500009169802,0.0021410000044852495,0.00016120000509545207,0.0358950000081677,0.046161500009475276,0.051658400014275685,0.0034611999872140586,0.0037134999874979258,0.004609600000549108,0.0032066999992821366,0.0001799000019673258
0.6,LP2 ($ 	heta $ Only),22,295,0.0,,0,0,0,0,0.0,0.0,100.0,0.0010477000032551587,0.0014213999966159463,7.509998977184296e-05,0.03657009999733418,0.05193439999129623,0.03629299998283386,0.0058019999996759,0.0027759000076912344,0.0034784000017680228,0.0027640000043902546,9.980000322684646e-05
0.6,LP2 ($ 	heta $ Only),23,318,0.0,,3,0,0,0,0.0,0.0,100.0,0.0007686000026296824,0.006480199983343482,0.0001375000283587724,0.04946820001350716,0.047117299982346594,0.022306500002741814,0.005594399990513921,0.0026214999961666763,0.002241400012280792,0.0027151999820489436,0.00011890000314451754
0.6,LP2 ($ 	heta $ Only),24,342,0.0,,0,0,0,0,0.0,0.0,100.0,0.000767299992730841,0.0008990999776870012,4.710000939667225e-05,0.033508900000015274,0.0542033999809064,0.028037100011715665,0.0031578000052832067,0.003792600007727742,0.00312320000375621,0.005334500019671395,0.00015320000238716602
0.6,LP2 ($ 	heta $ Only),25,367,0.0,,0,0,0,0,0.0,0.0,100.0,0.0009299000084865838,0.0009463999886065722,5.8699981309473515e-05,0.036585800000466406,0.042368599999463186,0.06968139999662526,0.006429400003980845,0.03241019998677075,0.005608400009805337,0.005693499988410622,0.0002768999838735908
0.6,LP2 ($ 	heta $ Only),26,393,0.0,,0,0,0,0,0.0,0.0,100.0,0.04550589999416843,0.0018602999916765839,9.029998909682035e-05,0.0799055999959819,0.055667700013145804,0.020027300022775307,0.0037958000029902905,0.004961200000252575,0.0029230999934952706,0.0028885999927297235,0.00011019999510608613
0.6,LP2 ($ 	heta $ Only),27,420,0.0,,1,0,0,0,0.0,0.0,100.0,0.0038568999734707177,0.0008295000006910414,0.0001134999911300838,0.03984809998655692,0.05625500000314787,0.0201085000007879,0.0033307999838143587,0.003701899986481294,0.009017900010803714,0.0049374999944120646,0.00029830000130459666
0.6,LP2 ($ 	heta $ Only),28,448,0.0,,1,0,0,0,0.0,0.0,100.0,0.0018665999814402312,0.0036718999908771366,0.0001689000055193901,0.040425000013783574,0.05577389997779392,0.04698620000272058,0.0028510999982245266,0.004927200003294274,0.0027048999909311533,0.002646800014190376,0.0001036000030580908
0.6,LP2 ($ 	heta $ Only),29,477,0.0,,0,0,0,0,0.0,0.0,100.0,0.0007824000203981996,0.0009253000025637448,4.640000406652689e-05,0.027791300002718344,0.04320110002299771,0.028297600016230717,0.003463100001681596,0.003784200001973659,0.00452630000654608,0.003981500020017847,0.00010930001735687256
0.6,LP2 ($ 	heta $ Only),30,507,0.0,,0,0,0,0,0.0,0.0,100.0,0.0007847000088077039,0.0009618999902158976,4.679997800849378e-05,0.03662199998507276,0.05966300002182834,0.02643609998631291,0.005179299972951412,0.003459700004896149,0.0034287000016774982,0.003994800004875287,0.00018440000712871552
0.6,LP2 ($ 	heta $ Only),31,538,0.0,,0,0,0,0,0.0,0.0,100.0,0.000762699986808002,0.0020597999973688275,7.249999907799065e-05,0.04029249999439344,0.05628909997176379,0.03276100000948645,0.004431599983945489,0.0050700999854598194,0.002848100004484877,0.002826099982485175,0.00010790000669658184
0.6,LP2 ($ 	heta $ Only),32,570,0.0,,0,0,0,0,0.0,0.0,100.0,0.0007563000253867358,0.0009725000127218664,7.010000990703702e-05,0.046188399981474504,0.05426330000045709,0.015123699995456263,0.004333999997470528,0.002806000004056841,0.0027858999965246767,0.0027674000011757016,0.00010769997606985271
0.6,LP2 ($ 	heta $ Only),33,603,0.0,,0,0,0,0,0.0,0.0,100.0,0.0007519999926444143,0.0008921999833546579,4.5599997974932194e-05,0.03092870002728887,0.05899399999179877,0.02207420000922866,0.003447300026891753,0.0033210999972652644,0.004737600014777854,0.004300100001273677,0.00011029999586753547
0.6,LP2 ($ 	heta $ Only),34,637,0.0,,0,0,0,0,0.0,0.0,100.0,0.003644099982921034,0.0009384000150021166,4.7900015488266945e-05,0.04213980000349693,0.047782600013306364,0.027201100019738078,0.004552200000034645,0.0028036000148858875,0.002778900001430884,0.002867200004402548,0.00011010002344846725
0.6,LP2 ($ 	heta $ Only),35,672,0.0,,0,0,0,0,0.0,0.0,100.0,0.0012342999980319291,0.001424300018697977,5.8399979025125504e-05,0.03238899999996647,0.051822900015395135,0.02054099997621961,0.0036028999893460423,0.008869999990565702,0.005135100014740601,0.006413399998564273,0.000281400018138811
0.6,LP2 ($ 	heta $ Only),36,708,0.0,,0,0,0,0,0.0,0.0,100.0,0.004139399999985471,0.0021650999842677265,8.299999171867967e-05,0.04518620000453666,0.05188119999365881,0.018169299990404397,0.0030755999905522913,0.003692300000693649,0.00289060000795871,0.002981699974043295,0.00010999999358318746
0.6,LP2 ($ 	heta $ Only),37,745,0.0,,0,0,0,0,0.0,0.0,100.0,0.0011741000053007156,0.0011102999851573259,4.810001701116562e-05,0.031111599993892014,0.06903410001541488,0.028962899988982826,0.0029568000172730535,0.002841099980287254,0.005577399977482855,0.00413509999634698,0.00018730000010691583
0.6,LP2 ($ 	heta $ Only),38,783,0.0,,0,0,0,0,0.0,0.0,100.0,0.0007553999894298613,0.0008530000050086528,4.6600005589425564e-05,0.044946500012883916,0.05426619999343529,0.049840599996969104,0.005153400008566678,0.011655400012386963,0.01174760001595132,0.007079200004227459,0.00030259997583925724
0.6,LP2 ($ 	heta $ Only),39,822,0.0,,0,0,0,0,0.0,0.0,100.0,0.0014884000120218843,0.005537499993806705,0.00014119999832473695,0.05469809999340214,0.06627380001009442,0.03161749997525476,0.003626700025051832,0.0028424000192899257,0.0028359999996609986,0.0061443999875336885,0.00010880001354962587
0.6,LP2 ($ 	heta $ Only),40,862,0.0,,2,0,0,0,0.0,0.0,100.0,0.0007811000104993582,0.0008981999999377877,0.00012809998588636518,0.03102480000234209,0.044810499995946884,0.02157969999825582,0.002697300020372495,0.0026347999810241163,0.00482560001546517,0.002626699977554381,0.00011129997437819839
0.6,LP2 ($ 	heta $ Only),41,903,0.0,,2,0,0,0,0.0,0.0,100.0,0.000766999990446493,0.0009489999793004245,0.00011309998808428645,0.026609100023051724,0.053530100005446,0.04019099997822195,0.0027765000122599304,0.002557799976784736,0.0031959000043570995,0.002441499993437901,0.00010350000229664147
0.6,LP2 ($ 	heta $ Only),42,945,0.0,,0,0,0,0,0.0,0.0,100.0,0.002230099984444678,0.0009688999853096902,5.169998621568084e-05,0.16354130001855083,0.06109849998028949,0.022200699982931837,0.005275400006212294,0.0032668000203557312,0.0032476999913342297,0.0036099000135436654,0.00021459997515194118
0.6,LP2 ($ 	heta $ Only),43,988,0.0,,0,0,0,0,0.0,0.0,100.0,0.0009280000231228769,0.0014817000192124397,7.410001126118004e-05,0.04717109998455271,0.05641960000502877,0.019212599989259616,0.00344920001225546,0.0038443999947048724,0.0037407999916467816,0.0028477000014390796,0.00018790000467561185
0.6,LP2 ($ 	heta $ Only),44,1032,0.0,,0,0,0,0,0.0,0.0,100.0,0.0007840000034775585,0.001177300000563264,4.7600013203918934e-05,0.03221150001627393,0.04556630001752637,0.0322339000122156,0.005031900014728308,0.004060400009620935,0.002874600002542138,0.003020100004505366,0.00010800000745803118
0.6,LP2 ($ 	heta $ Only),45,1077,0.0,,1,0,0,0,0.0,0.0,100.0,0.0007713999948464334,0.0013144999975338578,0.00012149999383836985,0.033990399999311194,0.05105919999186881,0.024051199987297878,0.0054506000014953315,0.0033678000036161393,0.002628100017318502,0.0026148000033572316,0.00010219999239780009
0.6,LP2 ($ 	heta $ Only),46,1123,0.0,,1,0,0,0,0.0,0.0,100.0,0.0007585999846924096,0.004060300008859485,0.0001571000029798597,0.031926499999826774,0.05104079999728128,0.03634039999451488,0.006669399997917935,0.002684799983398989,0.002700199984246865,0.003386800002772361,0.0001060000213328749
0.6,LP2 ($ 	heta $ Only),47,1170,0.0,,4,0,0,0,0.0,0.0,100.0,0.0007738000131212175,0.0008916000078897923,0.00011320001794956625,0.028419799986295402,0.06090750001021661,0.02586150000570342,0.0022875999857205898,0.004594900005031377,0.0025089999835472554,0.002092099981382489,8.38999985717237e-05
0.6,LP2 ($ 	heta $ Only),48,1218,0.0,,0,0,0,0,0.0,0.0,100.0,0.0007565999985672534,0.0019730000058189034,8.979998528957367e-05,0.03240860000369139,0.038706099992850795,0.05981700000120327,0.0035915000189561397,0.003790999995544553,0.0036806999996770173,0.004407300002640113,0.0001446000242140144
0.6,LP2 ($ 	heta $ Only),49,1267,0.0,,0,0,0,0,0.0,0.0,100.0,0.0009605000086594373,0.0008444999984931201,4.8999994760379195e-05,0.03605349999270402,0.05275289999553934,0.04618309999932535,0.0037059999885968864,0.0029884999967180192,0.004783800017321482,0.004502099996898323,0.00010740000288933516
0.6,LP3 ($ 	heta $ Only),0,42,0.0,,0,0,0,0,0.0,0.0,100.0,0.0018093000107910484,0.0009448000055272132,5.640002200379968e-05,0.04315299997688271,0.05984780000289902,0.04413990001194179,0.003988599986769259,0.008429199981037527,0.009721700014779344,0.011295399977825582,0.0004228999896440655
0.6,LP3 ($ 	heta $ Only),1,43,0.0,,4,0,0,0,0.0,0.0,100.0,0.0016067999822553247,0.002722999983234331,0.00012409998453222215,0.044311000005109236,0.041987800010247156,0.028250200004549697,0.006630399991990998,0.002153899986296892,0.002090699999826029,0.002094399998895824,9.089999366551638e-05
0.6,LP3 ($ 	heta $ Only),2,45,0.0,,0,0,0,0,0.0,0.0,100.0,0.0008963000145740807,0.0012614000006578863,8.960001287050545e-05,0.04182320000836626,0.05785390001256019,0.025023900001542643,0.0037389000062830746,0.007218600017949939,0.003125399991404265,0.00289949998841621,0.00017729998216964304
0.6,LP3 ($ 	heta $ Only),3,48,0.0,,0,0,0,0,0.0,0.0,100.0,0.0013518999912776053,0.0010211000044364482,0.0004783000040333718,0.04257510000024922,0.053476200002478436,0.018652300001122057,0.003271199995651841,0.002845999988494441,0.0028457999869715422,0.002972999995108694,0.00010689999908208847
0.6,LP3 ($ 	heta $ Only),4,52,0.0,,0,0,0,0,0.0,0.0,100.0,0.0007577999786008149,0.001062600000295788,5.129998316988349e-05,0.03198339999653399,0.07291600000462495,0.03038609999930486,0.004534200008492917,0.006098699988797307,0.0033352999889757484,0.003288000007160008,0.00018440000712871552
0.6,LP3 ($ 	heta $ Only),5,57,0.0,,0,0,0,0,0.0,0.0,100.0,0.0007530000002589077,0.0009458999847993255,4.830001853406429e-05,0.04057859999011271,0.08535730000585318,0.057880899985320866,0.006902000022819266,0.009909900021739304,0.00668210000731051,0.009909900021739304,0.00026920001255348325
0.6,LP3 ($ 	heta $ Only),6,63,0.0,,4,0,0,0,0.0,0.0,100.0,0.0017441999807488173,0.002242999995360151,0.00013080000644549727,0.04699319999781437,0.06329200000618584,0.04645819999859668,0.007320500008063391,0.00256019999505952,0.002507600001990795,0.0025028999953065068,0.0001548999862279743
0.6,LP3 ($ 	heta $ Only),7,70,0.0,,3,0,0,0,0.0,0.0,100.0,0.0007777000137139112,0.0010227999882772565,0.0002294000005349517,0.05309000000124797,0.053454000008059666,0.028048800013493747,0.009573299990734085,0.0027194999856874347,0.0023308999952860177,0.006291900004725903,0.00027829999453388155
0.6,LP3 ($ 	heta $ Only),8,78,0.0,,0,0,0,0,0.0,0.0,100.0,0.002166300022508949,0.00178390002110973,6.500000017695129e-05,0.04292350000469014,0.052535299997543916,0.03343959999619983,0.0030938999843783677,0.006275700026890263,0.0029357000021263957,0.0035924999974668026,0.0001073999737855047
0.6,LP3 ($ 	heta $ Only),9,87,0.0,,0,0,0,0,0.0,0.0,100.0,0.0007550000154878944,0.0009888999920804054,4.5900000259280205e-05,0.03202949999831617,0.0510601999994833,0.041004099999554455,0.007051699998555705,0.002918599988333881,0.0038278999854810536,0.0029334999853745103,0.00011220001033507288
0.6,LP3 ($ 	heta $ Only),10,97,0.0,,0,0,0,0,0.0,0.0,100.0,0.00291579999611713,0.0014428000140469521,5.0799979362636805e-05,0.1377055999764707,0.054116099985549226,0.020682500005932525,0.00311429999419488,0.0029411000141408294,0.004113100003451109,0.006106299988459796,0.0002696000155992806
0.6,LP3 ($ 	heta $ Only),11,108,0.0,,2,0,0,0,0.0,0.0,100.0,0.0008205000194720924,0.0011101000127382576,0.00012489999062381685,0.027913099998841062,0.053049700014526024,0.029701500025112182,0.003602400014642626,0.0028984000091440976,0.0028325000021141022,0.005526699998881668,0.00024339999072253704
0.6,LP3 ($ 	heta $ Only),12,120,0.0,,0,0,0,0,0.0,0.0,100.0,0.0016052999999374151,0.0008504000143148005,5.749997217208147e-05,0.036282200017012656,0.050502500002039596,0.01995560000068508,0.005194099998334423,0.0044535000051837415,0.0029357000021263957,0.002901900006690994,0.00010800000745803118
0.6,LP3 ($ 	heta $ Only),13,133,0.0,,1,0,0,0,0.0,0.0,100.0,0.000767599995015189,0.0011212000099476427,0.0001951000012923032,0.03458019997924566,0.08255720001761802,0.06294060000800528,0.0038274000107776374,0.0030909999914001673,0.0030876999953761697,0.006488099985290319,0.00017749998369254172
0.6,LP3 ($ 	heta $ Only),14,147,0.0,,0,0,0,0,0.0,0.0,100.0,0.0007779000152368098,0.0011387999984435737,4.680000711232424e-05,0.032410899992100894,0.04374250001274049,0.02444360000663437,0.00945720000891015,0.0046168999979272485,0.0036811999743804336,0.005283599981339648,0.0001959000073838979
0.6,LP3 ($ 	heta $ Only),15,162,0.0,,0,0,0,0,0.0,0.0,100.0,0.0014915999781806022,0.0009636999748181552,5.289999535307288e-05,0.033001800009515136,0.06609440001193434,0.040645400003995746,0.0029674999823328108,0.004427800013218075,0.0038121000106912106,0.0048500999982934445,0.00011290001566521823
0.6,LP3 ($ 	heta $ Only),16,178,0.0,,0,0,0,0,0.0,0.0,100.0,0.0007625000143889338,0.0009355000220239162,4.6900007873773575e-05,0.040100300015183166,0.057196599984308705,0.03483129999949597,0.004346200003055856,0.0028821000014431775,0.0064199999906122684,0.0030713000160176307,0.00018820000695995986
0.6,LP3 ($ 	heta $ Only),17,195,0.0,,0,0,0,0,0.0,0.0,100.0,0.0009262999810744077,0.0010863000061362982,6.439999560825527e-05,0.044376399979228154,0.047240099986083806,0.029871100006857887,0.005892899993341416,0.002796499989926815,0.0027652000135276467,0.0027640000043902546,0.00010570001904852688
0.6,LP3 ($ 	heta $ Only),18,213,0.0,,0,0,0,0,0.0,0.0,100.0,0.0008440000237897038,0.001382599992211908,4.859999171458185e-05,0.02944089999073185,0.05815050000092015,0.05019539999193512,0.004088399989996105,0.005302600009599701,0.003316099988296628,0.003308699990157038,0.00018430000636726618
0.6,LP3 ($ 	heta $ Only),19,232,0.0,,4,0,0,0,0.0,0.0,100.0,0.0008629999938420951,0.0008795000030659139,0.00011079999967478216,0.04152339999563992,0.04782459998386912,0.035090999997919425,0.0022551000001840293,0.004011999990325421,0.0027805999852716923,0.0020938999950885773,8.880000677891076e-05
0.6,LP3 ($ 	heta $ Only),20,252,0.0,,0,0,0,0,0.0,0.0,100.0,0.0007635000220034271,0.0008703000203240663,4.710000939667225e-05,0.031004599994048476,0.06333869998343289,0.034686499973759055,0.005123799986904487,0.003875399997923523,0.003171499993186444,0.003205299988621846,0.00010879998444579542
0.6,LP3 ($ 	heta $ Only),21,273,0.0,,0,0,0,0,0.0,0.0,100.0,0.000983500009169802,0.0021410000044852495,0.00016120000509545207,0.0358950000081677,0.046161500009475276,0.051658400014275685,0.0034611999872140586,0.0037134999874979258,0.004609600000549108,0.0032066999992821366,0.0001799000019673258
0.6,LP3 ($ 	heta $ Only),22,295,0.0,,0,0,0,0,0.0,0.0,100.0,0.0010477000032551587,0.0014213999966159463,7.509998977184296e-05,0.03657009999733418,0.05193439999129623,0.03629299998283386,0.0058019999996759,0.0027759000076912344,0.0034784000017680228,0.0027640000043902546,9.980000322684646e-05
0.6,LP3 ($ 	heta $ Only),23,318,0.0,,3,0,0,0,0.0,0.0,100.0,0.0007686000026296824,0.006480199983343482,0.0001375000283587724,0.04946820001350716,0.047117299982346594,0.022306500002741814,0.005594399990513921,0.0026214999961666763,0.002241400012280792,0.0027151999820489436,0.00011890000314451754
0.6,LP3 ($ 	heta $ Only),24,342,0.0,,0,0,0,0,0.0,0.0,100.0,0.000767299992730841,0.0008990999776870012,4.710000939667225e-05,0.033508900000015274,0.0542033999809064,0.028037100011715665,0.0031578000052832067,0.003792600007727742,0.00312320000375621,0.005334500019671395,0.00015320000238716602
0.6,LP3 ($ 	heta $ Only),25,367,0.0,,0,0,0,0,0.0,0.0,100.0,0.0009299000084865838,0.0009463999886065722,5.8699981309473515e-05,0.036585800000466406,0.042368599999463186,0.06968139999662526,0.006429400003980845,0.03241019998677075,0.005608400009805337,0.005693499988410622,0.0002768999838735908
0.6,LP3 ($ 	heta $ Only),26,393,0.0,,0,0,0,0,0.0,0.0,100.0,0.04550589999416843,0.0018602999916765839,9.029998909682035e-05,0.0799055999959819,0.055667700013145804,0.020027300022775307,0.0037958000029902905,0.004961200000252575,0.0029230999934952706,0.0028885999927297235,0.00011019999510608613
0.6,LP3 ($ 	heta $ Only),27,420,0.0,,1,0,0,0,0.0,0.0,100.0,0.0038568999734707177,0.0008295000006910414,0.0001134999911300838,0.03984809998655692,0.05625500000314787,0.0201085000007879,0.0033307999838143587,0.003701899986481294,0.009017900010803714,0.0049374999944120646,0.00029830000130459666
0.6,LP3 ($ 	heta $ Only),28,448,0.0,,1,0,0,0,0.0,0.0,100.0,0.0018665999814402312,0.0036718999908771366,0.0001689000055193901,0.040425000013783574,0.05577389997779392,0.04698620000272058,0.0028510999982245266,0.004927200003294274,0.0027048999909311533,0.002646800014190376,0.0001036000030580908
0.6,LP3 ($ 	heta $ Only),29,477,0.0,,0,0,0,0,0.0,0.0,100.0,0.0007824000203981996,0.0009253000025637448,4.640000406652689e-05,0.027791300002718344,0.04320110002299771,0.028297600016230717,0.003463100001681596,0.003784200001973659,0.00452630000654608,0.003981500020017847,0.00010930001735687256
0.6,LP3 ($ 	heta $ Only),30,507,0.0,,0,0,0,0,0.0,0.0,100.0,0.0007847000088077039,0.0009618999902158976,4.679997800849378e-05,0.03662199998507276,0.05966300002182834,0.02643609998631291,0.005179299972951412,0.003459700004896149,0.0034287000016774982,0.003994800004875287,0.00018440000712871552
0.6,LP3 ($ 	heta $ Only),31,538,0.0,,0,0,0,0,0.0,0.0,100.0,0.000762699986808002,0.0020597999973688275,7.249999907799065e-05,0.04029249999439344,0.05628909997176379,0.03276100000948645,0.004431599983945489,0.0050700999854598194,0.002848100004484877,0.002826099982485175,0.00010790000669658184
0.6,LP3 ($ 	heta $ Only),32,570,0.0,,0,0,0,0,0.0,0.0,100.0,0.0007563000253867358,0.0009725000127218664,7.010000990703702e-05,0.046188399981474504,0.05426330000045709,0.015123699995456263,0.004333999997470528,0.002806000004056841,0.0027858999965246767,0.0027674000011757016,0.00010769997606985271
0.6,LP3 ($ 	heta $ Only),33,603,0.0,,0,0,0,0,0.0,0.0,100.0,0.0007519999926444143,0.0008921999833546579,4.5599997974932194e-05,0.03092870002728887,0.05899399999179877,0.02207420000922866,0.003447300026891753,0.0033210999972652644,0.004737600014777854,0.004300100001273677,0.00011029999586753547
0.6,LP3 ($ 	heta $ Only),34,637,0.0,,0,0,0,0,0.0,0.0,100.0,0.003644099982921034,0.0009384000150021166,4.7900015488266945e-05,0.04213980000349693,0.047782600013306364,0.027201100019738078,0.004552200000034645,0.0028036000148858875,0.002778900001430884,0.002867200004402548,0.00011010002344846725
0.6,LP3 ($ 	heta $ Only),35,672,0.0,,0,0,0,0,0.0,0.0,100.0,0.0012342999980319291,0.001424300018697977,5.8399979025125504e-05,0.03238899999996647,0.051822900015395135,0.02054099997621961,0.0036028999893460423,0.008869999990565702,0.005135100014740601,0.006413399998564273,0.000281400018138811
0.6,LP3 ($ 	heta $ Only),36,708,0.0,,0,0,0,0,0.0,0.0,100.0,0.004139399999985471,0.0021650999842677265,8.299999171867967e-05,0.04518620000453666,0.05188119999365881,0.018169299990404397,0.0030755999905522913,0.003692300000693649,0.00289060000795871,0.002981699974043295,0.00010999999358318746
0.6,LP3 ($ 	heta $ Only),37,745,0.0,,0,0,0,0,0.0,0.0,100.0,0.0011741000053007156,0.0011102999851573259,4.810001701116562e-05,0.031111599993892014,0.06903410001541488,0.028962899988982826,0.0029568000172730535,0.002841099980287254,0.005577399977482855,0.00413509999634698,0.00018730000010691583
0.6,LP3 ($ 	heta $ Only),38,783,0.0,,0,0,0,0,0.0,0.0,100.0,0.0007553999894298613,0.0008530000050086528,4.6600005589425564e-05,0.044946500012883916,0.05426619999343529,0.049840599996969104,0.005153400008566678,0.011655400012386963,0.01174760001595132,0.007079200004227459,0.00030259997583925724
0.6,LP3 ($ 	heta $ Only),39,822,0.0,,0,0,0,0,0.0,0.0,100.0,0.0014884000120218843,0.005537499993806705,0.00014119999832473695,0.05469809999340214,0.06627380001009442,0.03161749997525476,0.003626700025051832,0.0028424000192899257,0.0028359999996609986,0.0061443999875336885,0.00010880001354962587
0.6,LP3 ($ 	heta $ Only),40,862,0.0,,2,0,0,0,0.0,0.0,100.0,0.0007811000104993582,0.0008981999999377877,0.00012809998588636518,0.03102480000234209,0.044810499995946884,0.02157969999825582,0.002697300020372495,0.0026347999810241163,0.00482560001546517,0.002626699977554381,0.00011129997437819839
0.6,LP3 ($ 	heta $ Only),41,903,0.0,,2,0,0,0,0.0,0.0,100.0,0.000766999990446493,0.0009489999793004245,0.00011309998808428645,0.026609100023051724,0.053530100005446,0.04019099997822195,0.0027765000122599304,0.002557799976784736,0.0031959000043570995,0.002441499993437901,0.00010350000229664147
0.6,LP3 ($ 	heta $ Only),42,945,0.0,,0,0,0,0,0.0,0.0,100.0,0.002230099984444678,0.0009688999853096902,5.169998621568084e-05,0.16354130001855083,0.06109849998028949,0.022200699982931837,0.005275400006212294,0.0032668000203557312,0.0032476999913342297,0.0036099000135436654,0.00021459997515194118
0.6,LP3 ($ 	heta $ Only),43,988,0.0,,0,0,0,0,0.0,0.0,100.0,0.0009280000231228769,0.0014817000192124397,7.410001126118004e-05,0.04717109998455271,0.05641960000502877,0.019212599989259616,0.00344920001225546,0.0038443999947048724,0.0037407999916467816,0.0028477000014390796,0.00018790000467561185
0.6,LP3 ($ 	heta $ Only),44,1032,0.0,,0,0,0,0,0.0,0.0,100.0,0.0007840000034775585,0.001177300000563264,4.7600013203918934e-05,0.03221150001627393,0.04556630001752637,0.0322339000122156,0.005031900014728308,0.004060400009620935,0.002874600002542138,0.003020100004505366,0.00010800000745803118
0.6,LP3 ($ 	heta $ Only),45,1077,0.0,,1,0,0,0,0.0,0.0,100.0,0.0007713999948464334,0.0013144999975338578,0.00012149999383836985,0.033990399999311194,0.05105919999186881,0.024051199987297878,0.0054506000014953315,0.0033678000036161393,0.002628100017318502,0.0026148000033572316,0.00010219999239780009
0.6,LP3 ($ 	heta $ Only),46,1123,0.0,,1,0,0,0,0.0,0.0,100.0,0.0007585999846924096,0.004060300008859485,0.0001571000029798597,0.031926499999826774,0.05104079999728128,0.03634039999451488,0.006669399997917935,0.002684799983398989,0.002700199984246865,0.003386800002772361,0.0001060000213328749
0.6,LP3 ($ 	heta $ Only),47,1170,0.0,,4,0,0,0,0.0,0.0,100.0,0.0007738000131212175,0.0008916000078897923,0.00011320001794956625,0.028419799986295402,0.06090750001021661,0.02586150000570342,0.0022875999857205898,0.004594900005031377,0.0025089999835472554,0.002092099981382489,8.38999985717237e-05
0.6,LP3 ($ 	heta $ Only),48,1218,0.0,,0,0,0,0,0.0,0.0,100.0,0.0007565999985672534,0.0019730000058189034,8.979998528957367e-05,0.03240860000369139,0.038706099992850795,0.05981700000120327,0.0035915000189561397,0.003790999995544553,0.0036806999996770173,0.004407300002640113,0.0001446000242140144
0.6,LP3 ($ 	heta $ Only),49,1267,0.0,,0,0,0,0,0.0,0.0,100.0,0.0009605000086594373,0.0008444999984931201,4.8999994760379195e-05,0.03605349999270402,0.05275289999553934,0.04618309999932535,0.0037059999885968864,0.0029884999967180192,0.004783800017321482,0.004502099996898323,0.00010740000288933516
0.6,Weighted LP3 ($ 	heta $ Only),0,42,0.0,,0,0,0,0,0.0,0.0,100.0,0.0018093000107910484,0.0009448000055272132,5.640002200379968e-05,0.04315299997688271,0.05984780000289902,0.04413990001194179,0.003988599986769259,0.008429199981037527,0.009721700014779344,0.011295399977825582,0.0004228999896440655
0.6,Weighted LP3 ($ 	heta $ Only),1,43,0.0,,4,0,0,0,0.0,0.0,100.0,0.0016067999822553247,0.002722999983234331,0.00012409998453222215,0.044311000005109236,0.041987800010247156,0.028250200004549697,0.006630399991990998,0.002153899986296892,0.002090699999826029,0.002094399998895824,9.089999366551638e-05
0.6,Weighted LP3 ($ 	heta $ Only),2,45,0.0,,0,0,0,0,0.0,0.0,100.0,0.0008963000145740807,0.0012614000006578863,8.960001287050545e-05,0.04182320000836626,0.05785390001256019,0.025023900001542643,0.0037389000062830746,0.007218600017949939,0.003125399991404265,0.00289949998841621,0.00017729998216964304
0.6,Weighted LP3 ($ 	heta $ Only),3,48,0.0,,0,0,0,0,0.0,0.0,100.0,0.0013518999912776053,0.0010211000044364482,0.0004783000040333718,0.04257510000024922,0.053476200002478436,0.018652300001122057,0.003271199995651841,0.002845999988494441,0.0028457999869715422,0.002972999995108694,0.00010689999908208847
0.6,Weighted LP3 ($ 	heta $ Only),4,52,0.0,,0,0,0,0,0.0,0.0,100.0,0.0007577999786008149,0.001062600000295788,5.129998316988349e-05,0.03198339999653399,0.07291600000462495,0.03038609999930486,0.004534200008492917,0.006098699988797307,0.0033352999889757484,0.003288000007160008,0.00018440000712871552
0.6,Weighted LP3 ($ 	heta $ Only),5,57,0.0,,0,0,0,0,0.0,0.0,100.0,0.0007530000002589077,0.0009458999847993255,4.830001853406429e-05,0.04057859999011271,0.08535730000585318,0.057880899985320866,0.006902000022819266,0.009909900021739304,0.00668210000731051,0.009909900021739304,0.00026920001255348325
0.6,Weighted LP3 ($ 	heta $ Only),6,63,0.0,,4,0,0,0,0.0,0.0,100.0,0.0017441999807488173,0.002242999995360151,0.00013080000644549727,0.04699319999781437,0.06329200000618584,0.04645819999859668,0.007320500008063391,0.00256019999505952,0.002507600001990795,0.0025028999953065068,0.0001548999862279743
0.6,Weighted LP3 ($ 	heta $ Only),7,70,0.0,,3,0,0,0,0.0,0.0,100.0,0.0007777000137139112,0.0010227999882772565,0.0002294000005349517,0.05309000000124797,0.053454000008059666,0.028048800013493747,0.009573299990734085,0.0027194999856874347,0.0023308999952860177,0.006291900004725903,0.00027829999453388155
0.6,Weighted LP3 ($ 	heta $ Only),8,78,0.0,,0,0,0,0,0.0,0.0,100.0,0.002166300022508949,0.00178390002110973,6.500000017695129e-05,0.04292350000469014,0.052535299997543916,0.03343959999619983,0.0030938999843783677,0.006275700026890263,0.0029357000021263957,0.0035924999974668026,0.0001073999737855047
0.6,Weighted LP3 ($ 	heta $ Only),9,87,0.0,,0,0,0,0,0.0,0.0,100.0,0.0007550000154878944,0.0009888999920804054,4.5900000259280205e-05,0.03202949999831617,0.0510601999994833,0.041004099999554455,0.007051699998555705,0.002918599988333881,0.0038278999854810536,0.0029334999853745103,0.00011220001033507288
0.6,Weighted LP3 ($ 	heta $ Only),10,97,0.0,,0,0,0,0,0.0,0.0,100.0,0.00291579999611713,0.0014428000140469521,5.0799979362636805e-05,0.1377055999764707,0.054116099985549226,0.020682500005932525,0.00311429999419488,0.0029411000141408294,0.004113100003451109,0.006106299988459796,0.0002696000155992806
0.6,Weighted LP3 ($ 	heta $ Only),11,108,0.0,,2,0,0,0,0.0,0.0,100.0,0.0008205000194720924,0.0011101000127382576,0.00012489999062381685,0.027913099998841062,0.053049700014526024,0.029701500025112182,0.003602400014642626,0.0028984000091440976,0.0028325000021141022,0.005526699998881668,0.00024339999072253704
0.6,Weighted LP3 ($ 	heta $ Only),12,120,0.0,,0,0,0,0,0.0,0.0,100.0,0.0016052999999374151,0.0008504000143148005,5.749997217208147e-05,0.036282200017012656,0.050502500002039596,0.01995560000068508,0.005194099998334423,0.0044535000051837415,0.0029357000021263957,0.002901900006690994,0.00010800000745803118
0.6,Weighted LP3 ($ 	heta $ Only),13,133,0.0,,1,0,0,0,0.0,0.0,100.0,0.000767599995015189,0.0011212000099476427,0.0001951000012923032,0.03458019997924566,0.08255720001761802,0.06294060000800528,0.0038274000107776374,0.0030909999914001673,0.0030876999953761697,0.006488099985290319,0.00017749998369254172
0.6,Weighted LP3 ($ 	heta $ Only),14,147,0.0,,0,0,0,0,0.0,0.0,100.0,0.0007779000152368098,0.0011387999984435737,4.680000711232424e-05,0.032410899992100894,0.04374250001274049,0.02444360000663437,0.00945720000891015,0.0046168999979272485,0.0036811999743804336,0.005283599981339648,0.0001959000073838979
0.6,Weighted LP3 ($ 	heta $ Only),15,162,0.0,,0,0,0,0,0.0,0.0,100.0,0.0014915999781806022,0.0009636999748181552,5.289999535307288e-05,0.033001800009515136,0.06609440001193434,0.040645400003995746,0.0029674999823328108,0.004427800013218075,0.0038121000106912106,0.0048500999982934445,0.00011290001566521823
0.6,Weighted LP3 ($ 	heta $ Only),16,178,0.0,,0,0,0,0,0.0,0.0,100.0,0.0007625000143889338,0.0009355000220239162,4.6900007873773575e-05,0.040100300015183166,0.057196599984308705,0.03483129999949597,0.004346200003055856,0.0028821000014431775,0.0064199999906122684,0.0030713000160176307,0.00018820000695995986
0.6,Weighted LP3 ($ 	heta $ Only),17,195,0.0,,0,0,0,0,0.0,0.0,100.0,0.0009262999810744077,0.0010863000061362982,6.439999560825527e-05,0.044376399979228154,0.047240099986083806,0.029871100006857887,0.005892899993341416,0.002796499989926815,0.0027652000135276467,0.0027640000043902546,0.00010570001904852688
0.6,Weighted LP3 ($ 	heta $ Only),18,213,0.0,,0,0,0,0,0.0,0.0,100.0,0.0008440000237897038,0.001382599992211908,4.859999171458185e-05,0.02944089999073185,0.05815050000092015,0.05019539999193512,0.004088399989996105,0.005302600009599701,0.003316099988296628,0.003308699990157038,0.00018430000636726618
0.6,Weighted LP3 ($ 	heta $ Only),19,232,0.0,,4,0,0,0,0.0,0.0,100.0,0.0008629999938420951,0.0008795000030659139,0.00011079999967478216,0.04152339999563992,0.04782459998386912,0.035090999997919425,0.0022551000001840293,0.004011999990325421,0.0027805999852716923,0.0020938999950885773,8.880000677891076e-05
0.6,Weighted LP3 ($ 	heta $ Only),20,252,0.0,,0,0,0,0,0.0,0.0,100.0,0.0007635000220034271,0.0008703000203240663,4.710000939667225e-05,0.031004599994048476,0.06333869998343289,0.034686499973759055,0.005123799986904487,0.003875399997923523,0.003171499993186444,0.003205299988621846,0.00010879998444579542
0.6,Weighted LP3 ($ 	heta $ Only),21,273,0.0,,0,0,0,0,0.0,0.0,100.0,0.000983500009169802,0.0021410000044852495,0.00016120000509545207,0.0358950000081677,0.046161500009475276,0.051658400014275685,0.0034611999872140586,0.0037134999874979258,0.004609600000549108,0.0032066999992821366,0.0001799000019673258
0.6,Weighted LP3 ($ 	heta $ Only),22,295,0.0,,0,0,0,0,0.0,0.0,100.0,0.0010477000032551587,0.0014213999966159463,7.509998977184296e-05,0.03657009999733418,0.05193439999129623,0.03629299998283386,0.0058019999996759,0.0027759000076912344,0.0034784000017680228,0.0027640000043902546,9.980000322684646e-05
0.6,Weighted LP3 ($ 	heta $ Only),23,318,0.0,,3,0,0,0,0.0,0.0,100.0,0.0007686000026296824,0.006480199983343482,0.0001375000283587724,0.04946820001350716,0.047117299982346594,0.022306500002741814,0.005594399990513921,0.0026214999961666763,0.002241400012280792,0.0027151999820489436,0.00011890000314451754
0.6,Weighted LP3 ($ 	heta $ Only),24,342,0.0,,0,0,0,0,0.0,0.0,100.0,0.000767299992730841,0.0008990999776870012,4.710000939667225e-05,0.033508900000015274,0.0542033999809064,0.028037100011715665,0.0031578000052832067,0.003792600007727742,0.00312320000375621,0.005334500019671395,0.00015320000238716602
0.6,Weighted LP3 ($ 	heta $ Only),25,367,0.0,,0,0,0,0,0.0,0.0,100.0,0.0009299000084865838,0.0009463999886065722,5.8699981309473515e-05,0.036585800000466406,0.042368599999463186,0.06968139999662526,0.006429400003980845,0.03241019998677075,0.005608400009805337,0.005693499988410622,0.0002768999838735908
0.6,Weighted LP3 ($ 	heta $ Only),26,393,0.0,,0,0,0,0,0.0,0.0,100.0,0.04550589999416843,0.0018602999916765839,9.029998909682035e-05,0.0799055999959819,0.055667700013145804,0.020027300022775307,0.0037958000029902905,0.004961200000252575,0.0029230999934952706,0.0028885999927297235,0.00011019999510608613
0.6,Weighted LP3 ($ 	heta $ Only),27,420,0.0,,1,0,0,0,0.0,0.0,100.0,0.0038568999734707177,0.0008295000006910414,0.0001134999911300838,0.03984809998655692,0.05625500000314787,0.0201085000007879,0.0033307999838143587,0.003701899986481294,0.009017900010803714,0.0049374999944120646,0.00029830000130459666
0.6,Weighted LP3 ($ 	heta $ Only),28,448,0.0,,1,0,0,0,0.0,0.0,100.0,0.0018665999814402312,0.0036718999908771366,0.0001689000055193901,0.040425000013783574,0.05577389997779392,0.04698620000272058,0.0028510999982245266,0.004927200003294274,0.0027048999909311533,0.002646800014190376,0.0001036000030580908
0.6,Weighted LP3 ($ 	heta $ Only),29,477,0.0,,0,0,0,0,0.0,0.0,100.0,0.0007824000203981996,0.0009253000025637448,4.640000406652689e-05,0.027791300002718344,0.04320110002299771,0.028297600016230717,0.003463100001681596,0.003784200001973659,0.00452630000654608,0.003981500020017847,0.00010930001735687256
0.6,Weighted LP3 ($ 	heta $ Only),30,507,0.0,,0,0,0,0,0.0,0.0,100.0,0.0007847000088077039,0.0009618999902158976,4.679997800849378e-05,0.03662199998507276,0.05966300002182834,0.02643609998631291,0.005179299972951412,0.003459700004896149,0.0034287000016774982,0.003994800004875287,0.00018440000712871552
0.6,Weighted LP3 ($ 	heta $ Only),31,538,0.0,,0,0,0,0,0.0,0.0,100.0,0.000762699986808002,0.0020597999973688275,7.249999907799065e-05,0.04029249999439344,0.05628909997176379,0.03276100000948645,0.004431599983945489,0.0050700999854598194,0.002848100004484877,0.002826099982485175,0.00010790000669658184
0.6,Weighted LP3 ($ 	heta $ Only),32,570,0.0,,0,0,0,0,0.0,0.0,100.0,0.0007563000253867358,0.0009725000127218664,7.010000990703702e-05,0.046188399981474504,0.05426330000045709,0.015123699995456263,0.004333999997470528,0.002806000004056841,0.0027858999965246767,0.0027674000011757016,0.00010769997606985271
0.6,Weighted LP3 ($ 	heta $ Only),33,603,0.0,,0,0,0,0,0.0,0.0,100.0,0.0007519999926444143,0.0008921999833546579,4.5599997974932194e-05,0.03092870002728887,0.05899399999179877,0.02207420000922866,0.003447300026891753,0.0033210999972652644,0.004737600014777854,0.004300100001273677,0.00011029999586753547
0.6,Weighted LP3 ($ 	heta $ Only),34,637,0.0,,0,0,0,0,0.0,0.0,100.0,0.003644099982921034,0.0009384000150021166,4.7900015488266945e-05,0.04213980000349693,0.047782600013306364,0.027201100019738078,0.004552200000034645,0.0028036000148858875,0.002778900001430884,0.002867200004402548,0.00011010002344846725
0.6,Weighted LP3 ($ 	heta $ Only),35,672,0.0,,0,0,0,0,0.0,0.0,100.0,0.0012342999980319291,0.001424300018697977,5.8399979025125504e-05,0.03238899999996647,0.051822900015395135,0.02054099997621961,0.0036028999893460423,0.008869999990565702,0.005135100014740601,0.006413399998564273,0.000281400018138811
0.6,Weighted LP3 ($ 	heta $ Only),36,708,0.0,,0,0,0,0,0.0,0.0,100.0,0.004139399999985471,0.0021650999842677265,8.299999171867967e-05,0.04518620000453666,0.05188119999365881,0.018169299990404397,0.0030755999905522913,0.003692300000693649,0.00289060000795871,0.002981699974043295,0.00010999999358318746
0.6,Weighted LP3 ($ 	heta $ Only),37,745,0.0,,0,0,0,0,0.0,0.0,100.0,0.0011741000053007156,0.0011102999851573259,4.810001701116562e-05,0.031111599993892014,0.06903410001541488,0.028962899988982826,0.0029568000172730535,0.002841099980287254,0.005577399977482855,0.00413509999634698,0.00018730000010691583
0.6,Weighted LP3 ($ 	heta $ Only),38,783,0.0,,0,0,0,0,0.0,0.0,100.0,0.0007553999894298613,0.0008530000050086528,4.6600005589425564e-05,0.044946500012883916,0.05426619999343529,0.049840599996969104,0.005153400008566678,0.011655400012386963,0.01174760001595132,0.007079200004227459,0.00030259997583925724
0.6,Weighted LP3 ($ 	heta $ Only),39,822,0.0,,0,0,0,0,0.0,0.0,100.0,0.0014884000120218843,0.005537499993806705,0.00014119999832473695,0.05469809999340214,0.06627380001009442,0.03161749997525476,0.003626700025051832,0.0028424000192899257,0.0028359999996609986,0.0061443999875336885,0.00010880001354962587
0.6,Weighted LP3 ($ 	heta $ Only),40,862,0.0,,2,0,0,0,0.0,0.0,100.0,0.0007811000104993582,0.0008981999999377877,0.00012809998588636518,0.03102480000234209,0.044810499995946884,0.02157969999825582,0.002697300020372495,0.0026347999810241163,0.00482560001546517,0.002626699977554381,0.00011129997437819839
0.6,Weighted LP3 ($ 	heta $ Only),41,903,0.0,,2,0,0,0,0.0,0.0,100.0,0.000766999990446493,0.0009489999793004245,0.00011309998808428645,0.026609100023051724,0.053530100005446,0.04019099997822195,0.0027765000122599304,0.002557799976784736,0.0031959000043570995,0.002441499993437901,0.00010350000229664147
0.6,Weighted LP3 ($ 	heta $ Only),42,945,0.0,,0,0,0,0,0.0,0.0,100.0,0.002230099984444678,0.0009688999853096902,5.169998621568084e-05,0.16354130001855083,0.06109849998028949,0.022200699982931837,0.005275400006212294,0.0032668000203557312,0.0032476999913342297,0.0036099000135436654,0.00021459997515194118
0.6,Weighted LP3 ($ 	heta $ Only),43,988,0.0,,0,0,0,0,0.0,0.0,100.0,0.0009280000231228769,0.0014817000192124397,7.410001126118004e-05,0.04717109998455271,0.05641960000502877,0.019212599989259616,0.00344920001225546,0.0038443999947048724,0.0037407999916467816,0.0028477000014390796,0.00018790000467561185
0.6,Weighted LP3 ($ 	heta $ Only),44,1032,0.0,,0,0,0,0,0.0,0.0,100.0,0.0007840000034775585,0.001177300000563264,4.7600013203918934e-05,0.03221150001627393,0.04556630001752637,0.0322339000122156,0.005031900014728308,0.004060400009620935,0.002874600002542138,0.003020100004505366,0.00010800000745803118
0.6,Weighted LP3 ($ 	heta $ Only),45,1077,0.0,,1,0,0,0,0.0,0.0,100.0,0.0007713999948464334,0.0013144999975338578,0.00012149999383836985,0.033990399999311194,0.05105919999186881,0.024051199987297878,0.0054506000014953315,0.0033678000036161393,0.002628100017318502,0.0026148000033572316,0.00010219999239780009
0.6,Weighted LP3 ($ 	heta $ Only),46,1123,0.0,,1,0,0,0,0.0,0.0,100.0,0.0007585999846924096,0.004060300008859485,0.0001571000029798597,0.031926499999826774,0.05104079999728128,0.03634039999451488,0.006669399997917935,0.002684799983398989,0.002700199984246865,0.003386800002772361,0.0001060000213328749
0.6,Weighted LP3 ($ 	heta $ Only),47,1170,0.0,,4,0,0,0,0.0,0.0,100.0,0.0007738000131212175,0.0008916000078897923,0.00011320001794956625,0.028419799986295402,0.06090750001021661,0.02586150000570342,0.0022875999857205898,0.004594900005031377,0.0025089999835472554,0.002092099981382489,8.38999985717237e-05
0.6,Weighted LP3 ($ 	heta $ Only),48,1218,0.0,,0,0,0,0,0.0,0.0,100.0,0.0007565999985672534,0.0019730000058189034,8.979998528957367e-05,0.03240860000369139,0.038706099992850795,0.05981700000120327,0.0035915000189561397,0.003790999995544553,0.0036806999996770173,0.004407300002640113,0.0001446000242140144
0.6,Weighted LP3 ($ 	heta $ Only),49,1267,0.0,,0,0,0,0,0.0,0.0,100.0,0.0009605000086594373,0.0008444999984931201,4.8999994760379195e-05,0.03605349999270402,0.05275289999553934,0.04618309999932535,0.0037059999885968864,0.0029884999967180192,0.004783800017321482,0.004502099996898323,0.00010740000288933516
0.6,Borda LP3 ($ 	heta $ Only),0,42,0.0,,0,0,0,0,0.0,0.0,100.0,0.0018093000107910484,0.0009448000055272132,5.640002200379968e-05,0.04315299997688271,0.05984780000289902,0.04413990001194179,0.003988599986769259,0.008429199981037527,0.009721700014779344,0.011295399977825582,0.0004228999896440655
0.6,Borda LP3 ($ 	heta $ Only),1,43,0.0,,4,0,0,0,0.0,0.0,100.0,0.0016067999822553247,0.002722999983234331,0.00012409998453222215,0.044311000005109236,0.041987800010247156,0.028250200004549697,0.006630399991990998,0.002153899986296892,0.002090699999826029,0.002094399998895824,9.089999366551638e-05
0.6,Borda LP3 ($ 	heta $ Only),2,45,0.0,,0,0,0,0,0.0,0.0,100.0,0.0008963000145740807,0.0012614000006578863,8.960001287050545e-05,0.04182320000836626,0.05785390001256019,0.025023900001542643,0.0037389000062830746,0.007218600017949939,0.003125399991404265,0.00289949998841621,0.00017729998216964304
0.6,Borda LP3 ($ 	heta $ Only),3,48,0.0,,0,0,0,0,0.0,0.0,100.0,0.0013518999912776053,0.0010211000044364482,0.0004783000040333718,0.04257510000024922,0.053476200002478436,0.018652300001122057,0.003271199995651841,0.002845999988494441,0.0028457999869715422,0.002972999995108694,0.00010689999908208847
0.6,Borda LP3 ($ 	heta $ Only),4,52,0.0,,0,0,0,0,0.0,0.0,100.0,0.0007577999786008149,0.001062600000295788,5.129998316988349e-05,0.03198339999653399,0.07291600000462495,0.03038609999930486,0.004534200008492917,0.006098699988797307,0.0033352999889757484,0.003288000007160008,0.00018440000712871552
0.6,Borda LP3 ($ 	heta $ Only),5,57,0.0,,0,0,0,0,0.0,0.0,100.0,0.0007530000002589077,0.0009458999847993255,4.830001853406429e-05,0.04057859999011271,0.08535730000585318,0.057880899985320866,0.006902000022819266,0.009909900021739304,0.00668210000731051,0.009909900021739304,0.00026920001255348325
0.6,Borda LP3 ($ 	heta $ Only),6,63,0.0,,4,0,0,0,0.0,0.0,100.0,0.0017441999807488173,0.002242999995360151,0.00013080000644549727,0.04699319999781437,0.06329200000618584,0.04645819999859668,0.007320500008063391,0.00256019999505952,0.002507600001990795,0.0025028999953065068,0.0001548999862279743
0.6,Borda LP3 ($ 	heta $ Only),7,70,0.0,,3,0,0,0,0.0,0.0,100.0,0.0007777000137139112,0.0010227999882772565,0.0002294000005349517,0.05309000000124797,0.053454000008059666,0.028048800013493747,0.009573299990734085,0.0027194999856874347,0.0023308999952860177,0.006291900004725903,0.00027829999453388155
0.6,Borda LP3 ($ 	heta $ Only),8,78,0.0,,0,0,0,0,0.0,0.0,100.0,0.002166300022508949,0.00178390002110973,6.500000017695129e-05,0.04292350000469014,0.052535299997543916,0.03343959999619983,0.0030938999843783677,0.006275700026890263,0.0029357000021263957,0.0035924999974668026,0.0001073999737855047
0.6,Borda LP3 ($ 	heta $ Only),9,87,0.0,,0,0,0,0,0.0,0.0,100.0,0.0007550000154878944,0.0009888999920804054,4.5900000259280205e-05,0.03202949999831617,0.0510601999994833,0.041004099999554455,0.007051699998555705,0.002918599988333881,0.0038278999854810536,0.0029334999853745103,0.00011220001033507288
0.6,Borda LP3 ($ 	heta $ Only),10,97,0.0,,0,0,0,0,0.0,0.0,100.0,0.00291579999611713,0.0014428000140469521,5.0799979362636805e-05,0.1377055999764707,0.054116099985549226,0.020682500005932525,0.00311429999419488,0.0029411000141408294,0.004113100003451109,0.006106299988459796,0.0002696000155992806
0.6,Borda LP3 ($ 	heta $ Only),11,108,0.0,,2,0,0,0,0.0,0.0,100.0,0.0008205000194720924,0.0011101000127382576,0.00012489999062381685,0.027913099998841062,0.053049700014526024,0.029701500025112182,0.003602400014642626,0.0028984000091440976,0.0028325000021141022,0.005526699998881668,0.00024339999072253704
0.6,Borda LP3 ($ 	heta $ Only),12,120,0.0,,0,0,0,0,0.0,0.0,100.0,0.0016052999999374151,0.0008504000143148005,5.749997217208147e-05,0.036282200017012656,0.050502500002039596,0.01995560000068508,0.005194099998334423,0.0044535000051837415,0.0029357000021263957,0.002901900006690994,0.00010800000745803118
0.6,Borda LP3 ($ 	heta $ Only),13,133,0.0,,1,0,0,0,0.0,0.0,100.0,0.000767599995015189,0.0011212000099476427,0.0001951000012923032,0.03458019997924566,0.08255720001761802,0.06294060000800528,0.0038274000107776374,0.0030909999914001673,0.0030876999953761697,0.006488099985290319,0.00017749998369254172
0.6,Borda LP3 ($ 	heta $ Only),14,147,0.0,,0,0,0,0,0.0,0.0,100.0,0.0007779000152368098,0.0011387999984435737,4.680000711232424e-05,0.032410899992100894,0.04374250001274049,0.02444360000663437,0.00945720000891015,0.0046168999979272485,0.0036811999743804336,0.005283599981339648,0.0001959000073838979
0.6,Borda LP3 ($ 	heta $ Only),15,162,0.0,,0,0,0,0,0.0,0.0,100.0,0.0014915999781806022,0.0009636999748181552,5.289999535307288e-05,0.033001800009515136,0.06609440001193434,0.040645400003995746,0.0029674999823328108,0.004427800013218075,0.0038121000106912106,0.0048500999982934445,0.00011290001566521823
0.6,Borda LP3 ($ 	heta $ Only),16,178,0.0,,0,0,0,0,0.0,0.0,100.0,0.0007625000143889338,0.0009355000220239162,4.6900007873773575e-05,0.040100300015183166,0.057196599984308705,0.03483129999949597,0.004346200003055856,0.0028821000014431775,0.0064199999906122684,0.0030713000160176307,0.00018820000695995986
0.6,Borda LP3 ($ 	heta $ Only),17,195,0.0,,0,0,0,0,0.0,0.0,100.0,0.0009262999810744077,0.0010863000061362982,6.439999560825527e-05,0.044376399979228154,0.047240099986083806,0.029871100006857887,0.005892899993341416,0.002796499989926815,0.0027652000135276467,0.0027640000043902546,0.00010570001904852688
0.6,Borda LP3 ($ 	heta $ Only),18,213,0.0,,0,0,0,0,0.0,0.0,100.0,0.0008440000237897038,0.001382599992211908,4.859999171458185e-05,0.02944089999073185,0.05815050000092015,0.05019539999193512,0.004088399989996105,0.005302600009599701,0.003316099988296628,0.003308699990157038,0.00018430000636726618
0.6,Borda LP3 ($ 	heta $ Only),19,232,0.0,,4,0,0,0,0.0,0.0,100.0,0.0008629999938420951,0.0008795000030659139,0.00011079999967478216,0.04152339999563992,0.04782459998386912,0.035090999997919425,0.0022551000001840293,0.004011999990325421,0.0027805999852716923,0.0020938999950885773,8.880000677891076e-05
0.6,Borda LP3 ($ 	heta $ Only),20,252,0.0,,0,0,0,0,0.0,0.0,100.0,0.0007635000220034271,0.0008703000203240663,4.710000939667225e-05,0.031004599994048476,0.06333869998343289,0.034686499973759055,0.005123799986904487,0.003875399997923523,0.003171499993186444,0.003205299988621846,0.00010879998444579542
0.6,Borda LP3 ($ 	heta $ Only),21,273,0.0,,0,0,0,0,0.0,0.0,100.0,0.000983500009169802,0.0021410000044852495,0.00016120000509545207,0.0358950000081677,0.046161500009475276,0.051658400014275685,0.0034611999872140586,0.0037134999874979258,0.004609600000549108,0.0032066999992821366,0.0001799000019673258
0.6,Borda LP3 ($ 	heta $ Only),22,295,0.0,,0,0,0,0,0.0,0.0,100.0,0.0010477000032551587,0.0014213999966159463,7.509998977184296e-05,0.03657009999733418,0.05193439999129623,0.03629299998283386,0.0058019999996759,0.0027759000076912344,0.0034784000017680228,0.0027640000043902546,9.980000322684646e-05
0.6,Borda LP3 ($ 	heta $ Only),23,318,0.0,,3,0,0,0,0.0,0.0,100.0,0.0007686000026296824,0.006480199983343482,0.0001375000283587724,0.04946820001350716,0.047117299982346594,0.022306500002741814,0.005594399990513921,0.0026214999961666763,0.002241400012280792,0.0027151999820489436,0.00011890000314451754
0.6,Borda LP3 ($ 	heta $ Only),24,342,0.0,,0,0,0,0,0.0,0.0,100.0,0.000767299992730841,0.0008990999776870012,4.710000939667225e-05,0.033508900000015274,0.0542033999809064,0.028037100011715665,0.0031578000052832067,0.003792600007727742,0.00312320000375621,0.005334500019671395,0.00015320000238716602
0.6,Borda LP3 ($ 	heta $ Only),25,367,0.0,,0,0,0,0,0.0,0.0,100.0,0.0009299000084865838,0.0009463999886065722,5.8699981309473515e-05,0.036585800000466406,0.042368599999463186,0.06968139999662526,0.006429400003980845,0.03241019998677075,0.005608400009805337,0.005693499988410622,0.0002768999838735908
0.6,Borda LP3 ($ 	heta $ Only),26,393,0.0,,0,0,0,0,0.0,0.0,100.0,0.04550589999416843,0.0018602999916765839,9.029998909682035e-05,0.0799055999959819,0.055667700013145804,0.020027300022775307,0.0037958000029902905,0.004961200000252575,0.0029230999934952706,0.0028885999927297235,0.00011019999510608613
0.6,Borda LP3 ($ 	heta $ Only),27,420,0.0,,1,0,0,0,0.0,0.0,100.0,0.0038568999734707177,0.0008295000006910414,0.0001134999911300838,0.03984809998655692,0.05625500000314787,0.0201085000007879,0.0033307999838143587,0.003701899986481294,0.009017900010803714,0.0049374999944120646,0.00029830000130459666
0.6,Borda LP3 ($ 	heta $ Only),28,448,0.0,,1,0,0,0,0.0,0.0,100.0,0.0018665999814402312,0.0036718999908771366,0.0001689000055193901,0.040425000013783574,0.05577389997779392,0.04698620000272058,0.0028510999982245266,0.004927200003294274,0.0027048999909311533,0.002646800014190376,0.0001036000030580908
0.6,Borda LP3 ($ 	heta $ Only),29,477,0.0,,0,0,0,0,0.0,0.0,100.0,0.0007824000203981996,0.0009253000025637448,4.640000406652689e-05,0.027791300002718344,0.04320110002299771,0.028297600016230717,0.003463100001681596,0.003784200001973659,0.00452630000654608,0.003981500020017847,0.00010930001735687256
0.6,Borda LP3 ($ 	heta $ Only),30,507,0.0,,0,0,0,0,0.0,0.0,100.0,0.0007847000088077039,0.0009618999902158976,4.679997800849378e-05,0.03662199998507276,0.05966300002182834,0.02643609998631291,0.005179299972951412,0.003459700004896149,0.0034287000016774982,0.003994800004875287,0.00018440000712871552
0.6,Borda LP3 ($ 	heta $ Only),31,538,0.0,,0,0,0,0,0.0,0.0,100.0,0.000762699986808002,0.0020597999973688275,7.249999907799065e-05,0.04029249999439344,0.05628909997176379,0.03276100000948645,0.004431599983945489,0.0050700999854598194,0.002848100004484877,0.002826099982485175,0.00010790000669658184
0.6,Borda LP3 ($ 	heta $ Only),32,570,0.0,,0,0,0,0,0.0,0.0,100.0,0.0007563000253867358,0.0009725000127218664,7.010000990703702e-05,0.046188399981474504,0.05426330000045709,0.015123699995456263,0.004333999997470528,0.002806000004056841,0.0027858999965246767,0.0027674000011757016,0.00010769997606985271
0.6,Borda LP3 ($ 	heta $ Only),33,603,0.0,,0,0,0,0,0.0,0.0,100.0,0.0007519999926444143,0.0008921999833546579,4.5599997974932194e-05,0.03092870002728887,0.05899399999179877,0.02207420000922866,0.003447300026891753,0.0033210999972652644,0.004737600014777854,0.004300100001273677,0.00011029999586753547
0.6,Borda LP3 ($ 	heta $ Only),34,637,0.0,,0,0,0,0,0.0,0.0,100.0,0.003644099982921034,0.0009384000150021166,4.7900015488266945e-05,0.04213980000349693,0.047782600013306364,0.027201100019738078,0.004552200000034645,0.0028036000148858875,0.002778900001430884,0.002867200004402548,0.00011010002344846725
0.6,Borda LP3 ($ 	heta $ Only),35,672,0.0,,0,0,0,0,0.0,0.0,100.0,0.0012342999980319291,0.001424300018697977,5.8399979025125504e-05,0.03238899999996647,0.051822900015395135,0.02054099997621961,0.0036028999893460423,0.008869999990565702,0.005135100014740601,0.006413399998564273,0.000281400018138811
0.6,Borda LP3 ($ 	heta $ Only),36,708,0.0,,0,0,0,0,0.0,0.0,100.0,0.004139399999985471,0.0021650999842677265,8.299999171867967e-05,0.04518620000453666,0.05188119999365881,0.018169299990404397,0.0030755999905522913,0.003692300000693649,0.00289060000795871,0.002981699974043295,0.00010999999358318746
0.6,Borda LP3 ($ 	heta $ Only),37,745,0.0,,0,0,0,0,0.0,0.0,100.0,0.0011741000053007156,0.0011102999851573259,4.810001701116562e-05,0.031111599993892014,0.06903410001541488,0.028962899988982826,0.0029568000172730535,0.002841099980287254,0.005577399977482855,0.00413509999634698,0.00018730000010691583
0.6,Borda LP3 ($ 	heta $ Only),38,783,0.0,,0,0,0,0,0.0,0.0,100.0,0.0007553999894298613,0.0008530000050086528,4.6600005589425564e-05,0.044946500012883916,0.05426619999343529,0.049840599996969104,0.005153400008566678,0.011655400012386963,0.01174760001595132,0.007079200004227459,0.00030259997583925724
0.6,Borda LP3 ($ 	heta $ Only),39,822,0.0,,0,0,0,0,0.0,0.0,100.0,0.0014884000120218843,0.005537499993806705,0.00014119999832473695,0.05469809999340214,0.06627380001009442,0.03161749997525476,0.003626700025051832,0.0028424000192899257,0.0028359999996609986,0.0061443999875336885,0.00010880001354962587
0.6,Borda LP3 ($ 	heta $ Only),40,862,0.0,,2,0,0,0,0.0,0.0,100.0,0.0007811000104993582,0.0008981999999377877,0.00012809998588636518,0.03102480000234209,0.044810499995946884,0.02157969999825582,0.002697300020372495,0.0026347999810241163,0.00482560001546517,0.002626699977554381,0.00011129997437819839
0.6,Borda LP3 ($ 	heta $ Only),41,903,0.0,,2,0,0,0,0.0,0.0,100.0,0.000766999990446493,0.0009489999793004245,0.00011309998808428645,0.026609100023051724,0.053530100005446,0.04019099997822195,0.0027765000122599304,0.002557799976784736,0.0031959000043570995,0.002441499993437901,0.00010350000229664147
0.6,Borda LP3 ($ 	heta $ Only),42,945,0.0,,0,0,0,0,0.0,0.0,100.0,0.002230099984444678,0.0009688999853096902,5.169998621568084e-05,0.16354130001855083,0.06109849998028949,0.022200699982931837,0.005275400006212294,0.0032668000203557312,0.0032476999913342297,0.0036099000135436654,0.00021459997515194118
0.6,Borda LP3 ($ 	heta $ Only),43,988,0.0,,0,0,0,0,0.0,0.0,100.0,0.0009280000231228769,0.0014817000192124397,7.410001126118004e-05,0.04717109998455271,0.05641960000502877,0.019212599989259616,0.00344920001225546,0.0038443999947048724,0.0037407999916467816,0.0028477000014390796,0.00018790000467561185
0.6,Borda LP3 ($ 	heta $ Only),44,1032,0.0,,0,0,0,0,0.0,0.0,100.0,0.0007840000034775585,0.001177300000563264,4.7600013203918934e-05,0.03221150001627393,0.04556630001752637,0.0322339000122156,0.005031900014728308,0.004060400009620935,0.002874600002542138,0.003020100004505366,0.00010800000745803118
0.6,Borda LP3 ($ 	heta $ Only),45,1077,0.0,,1,0,0,0,0.0,0.0,100.0,0.0007713999948464334,0.0013144999975338578,0.00012149999383836985,0.033990399999311194,0.05105919999186881,0.024051199987297878,0.0054506000014953315,0.0033678000036161393,0.002628100017318502,0.0026148000033572316,0.00010219999239780009
0.6,Borda LP3 ($ 	heta $ Only),46,1123,0.0,,1,0,0,0,0.0,0.0,100.0,0.0007585999846924096,0.004060300008859485,0.0001571000029798597,0.031926499999826774,0.05104079999728128,0.03634039999451488,0.006669399997917935,0.002684799983398989,0.002700199984246865,0.003386800002772361,0.0001060000213328749
0.6,Borda LP3 ($ 	heta $ Only),47,1170,0.0,,4,0,0,0,0.0,0.0,100.0,0.0007738000131212175,0.0008916000078897923,0.00011320001794956625,0.028419799986295402,0.06090750001021661,0.02586150000570342,0.0022875999857205898,0.004594900005031377,0.0025089999835472554,0.002092099981382489,8.38999985717237e-05
0.6,Borda LP3 ($ 	heta $ Only),48,1218,0.0,,0,0,0,0,0.0,0.0,100.0,0.0007565999985672534,0.0019730000058189034,8.979998528957367e-05,0.03240860000369139,0.038706099992850795,0.05981700000120327,0.0035915000189561397,0.003790999995544553,0.0036806999996770173,0.004407300002640113,0.0001446000242140144
0.6,Borda LP3 ($ 	heta $ Only),49,1267,0.0,,0,0,0,0,0.0,0.0,100.0,0.0009605000086594373,0.0008444999984931201,4.8999994760379195e-05,0.03605349999270402,0.05275289999553934,0.04618309999932535,0.0037059999885968864,0.0029884999967180192,0.004783800017321482,0.004502099996898323,0.00010740000288933516
0.6,Linear BTL,0,42,,-25.28702491612394,0,1,0,1,,,,0.0018093000107910484,0.0009448000055272132,5.640002200379968e-05,0.04315299997688271,0.05984780000289902,0.04413990001194179,0.003988599986769259,0.008429199981037527,0.009721700014779344,0.011295399977825582,0.0004228999896440655
0.6,Linear BTL,1,43,,-28.46152177509274,4,1,0,1,,,,0.0016067999822553247,0.002722999983234331,0.00012409998453222215,0.044311000005109236,0.041987800010247156,0.028250200004549697,0.006630399991990998,0.002153899986296892,0.002090699999826029,0.002094399998895824,9.089999366551638e-05
0.6,Linear BTL,2,45,,-17.052133476560222,0,1,0,1,,,,0.0008963000145740807,0.0012614000006578863,8.960001287050545e-05,0.04182320000836626,0.05785390001256019,0.025023900001542643,0.0037389000062830746,0.007218600017949939,0.003125399991404265,0.00289949998841621,0.00017729998216964304
0.6,Linear BTL,3,48,,-15.533455033038535,0,1,0,1,,,,0.0013518999912776053,0.0010211000044364482,0.0004783000040333718,0.04257510000024922,0.053476200002478436,0.018652300001122057,0.003271199995651841,0.002845999988494441,0.0028457999869715422,0.002972999995108694,0.00010689999908208847
0.6,Linear BTL,4,52,,-17.27684649891833,0,0,0,0,,,,0.0007577999786008149,0.001062600000295788,5.129998316988349e-05,0.03198339999653399,0.07291600000462495,0.03038609999930486,0.004534200008492917,0.006098699988797307,0.0033352999889757484,0.003288000007160008,0.00018440000712871552
0.6,Linear BTL,5,57,,-17.167769508228673,0,0,0,0,,,,0.0007530000002589077,0.0009458999847993255,4.830001853406429e-05,0.04057859999011271,0.08535730000585318,0.057880899985320866,0.006902000022819266,0.009909900021739304,0.00668210000731051,0.009909900021739304,0.00026920001255348325
0.6,Linear BTL,6,63,,-28.46458372464075,4,0,0,0,,,,0.0017441999807488173,0.002242999995360151,0.00013080000644549727,0.04699319999781437,0.06329200000618584,0.04645819999859668,0.007320500008063391,0.00256019999505952,0.002507600001990795,0.0025028999953065068,0.0001548999862279743
0.6,Linear BTL,7,70,,-24.56359232806213,3,1,0,1,,,,0.0007777000137139112,0.0010227999882772565,0.0002294000005349517,0.05309000000124797,0.053454000008059666,0.028048800013493747,0.009573299990734085,0.0027194999856874347,0.0023308999952860177,0.006291900004725903,0.00027829999453388155
0.6,Linear BTL,8,78,,-11.65151076638548,0,1,0,1,,,,0.002166300022508949,0.00178390002110973,6.500000017695129e-05,0.04292350000469014,0.052535299997543916,0.03343959999619983,0.0030938999843783677,0.006275700026890263,0.0029357000021263957,0.0035924999974668026,0.0001073999737855047
0.6,Linear BTL,9,87,,-20.66575642769649,0,1,0,1,,,,0.0007550000154878944,0.0009888999920804054,4.5900000259280205e-05,0.03202949999831617,0.0510601999994833,0.041004099999554455,0.007051699998555705,0.002918599988333881,0.0038278999854810536,0.0029334999853745103,0.00011220001033507288
0.6,Linear BTL,10,97,,-21.24986505345697,0,2,0,2,,,,0.00291579999611713,0.0014428000140469521,5.0799979362636805e-05,0.1377055999764707,0.054116099985549226,0.020682500005932525,0.00311429999419488,0.0029411000141408294,0.004113100003451109,0.006106299988459796,0.0002696000155992806
0.6,Linear BTL,11,108,,-28.701874229137616,2,2,0,2,,,,0.0008205000194720924,0.0011101000127382576,0.00012489999062381685,0.027913099998841062,0.053049700014526024,0.029701500025112182,0.003602400014642626,0.0028984000091440976,0.0028325000021141022,0.005526699998881668,0.00024339999072253704
0.6,Linear BTL,12,120,,-19.546111061042478,0,2,0,2,,,,0.0016052999999374151,0.0008504000143148005,5.749997217208147e-05,0.036282200017012656,0.050502500002039596,0.01995560000068508,0.005194099998334423,0.0044535000051837415,0.0029357000021263957,0.002901900006690994,0.00010800000745803118
0.6,Linear BTL,13,133,,-13.927634334872689,1,1,0,1,,,,0.000767599995015189,0.0011212000099476427,0.0001951000012923032,0.03458019997924566,0.08255720001761802,0.06294060000800528,0.0038274000107776374,0.0030909999914001673,0.0030876999953761697,0.006488099985290319,0.00017749998369254172
0.6,Linear BTL,14,147,,-19.809849782131202,0,0,0,0,,,,0.0007779000152368098,0.0011387999984435737,4.680000711232424e-05,0.032410899992100894,0.04374250001274049,0.02444360000663437,0.00945720000891015,0.0046168999979272485,0.0036811999743804336,0.005283599981339648,0.0001959000073838979
0.6,Linear BTL,15,162,,-19.021173411147476,0,2,0,2,,,,0.0014915999781806022,0.0009636999748181552,5.289999535307288e-05,0.033001800009515136,0.06609440001193434,0.040645400003995746,0.0029674999823328108,0.004427800013218075,0.0038121000106912106,0.0048500999982934445,0.00011290001566521823
0.6,Linear BTL,16,178,,-18.933683291018475,0,2,1,1,,,,0.0007625000143889338,0.0009355000220239162,4.6900007873773575e-05,0.040100300015183166,0.057196599984308705,0.03483129999949597,0.004346200003055856,0.0028821000014431775,0.0064199999906122684,0.0030713000160176307,0.00018820000695995986
0.6,Linear BTL,17,195,,-16.63359817415235,0,0,0,0,,,,0.0009262999810744077,0.0010863000061362982,6.439999560825527e-05,0.044376399979228154,0.047240099986083806,0.029871100006857887,0.005892899993341416,0.002796499989926815,0.0027652000135276467,0.0027640000043902546,0.00010570001904852688
0.6,Linear BTL,18,213,,-16.974041330217187,0,1,0,1,,,,0.0008440000237897038,0.001382599992211908,4.859999171458185e-05,0.02944089999073185,0.05815050000092015,0.05019539999193512,0.004088399989996105,0.005302600009599701,0.003316099988296628,0.003308699990157038,0.00018430000636726618
0.6,Linear BTL,19,232,,-27.254185992063412,4,0,0,0,,,,0.0008629999938420951,0.0008795000030659139,0.00011079999967478216,0.04152339999563992,0.04782459998386912,0.035090999997919425,0.0022551000001840293,0.004011999990325421,0.0027805999852716923,0.0020938999950885773,8.880000677891076e-05
0.6,Linear BTL,20,252,,-12.431626020358097,0,1,0,1,,,,0.0007635000220034271,0.0008703000203240663,4.710000939667225e-05,0.031004599994048476,0.06333869998343289,0.034686499973759055,0.005123799986904487,0.003875399997923523,0.003171499993186444,0.003205299988621846,0.00010879998444579542
0.6,Linear BTL,21,273,,-24.599314025710463,0,1,0,1,,,,0.000983500009169802,0.0021410000044852495,0.00016120000509545207,0.0358950000081677,0.046161500009475276,0.051658400014275685,0.0034611999872140586,0.0037134999874979258,0.004609600000549108,0.0032066999992821366,0.0001799000019673258
0.6,Linear BTL,22,295,,-29.188645195701227,0,0,0,0,,,,0.0010477000032551587,0.0014213999966159463,7.509998977184296e-05,0.03657009999733418,0.05193439999129623,0.03629299998283386,0.0058019999996759,0.0027759000076912344,0.0034784000017680228,0.0027640000043902546,9.980000322684646e-05
0.6,Linear BTL,23,318,,-24.19640859289639,3,0,0,0,,,,0.0007686000026296824,0.006480199983343482,0.0001375000283587724,0.04946820001350716,0.047117299982346594,0.022306500002741814,0.005594399990513921,0.0026214999961666763,0.002241400012280792,0.0027151999820489436,0.00011890000314451754
0.6,Linear BTL,24,342,,-16.633598140923972,0,2,0,2,,,,0.000767299992730841,0.0008990999776870012,4.710000939667225e-05,0.033508900000015274,0.0542033999809064,0.028037100011715665,0.0031578000052832067,0.003792600007727742,0.00312320000375621,0.005334500019671395,0.00015320000238716602
0.6,Linear BTL,25,367,,-23.124118936763555,0,0,0,0,,,,0.0009299000084865838,0.0009463999886065722,5.8699981309473515e-05,0.036585800000466406,0.042368599999463186,0.06968139999662526,0.006429400003980845,0.03241019998677075,0.005608400009805337,0.005693499988410622,0.0002768999838735908
0.6,Linear BTL,26,393,,-27.761199779181588,0,2,0,2,,,,0.04550589999416843,0.0018602999916765839,9.029998909682035e-05,0.0799055999959819,0.055667700013145804,0.020027300022775307,0.0037958000029902905,0.004961200000252575,0.0029230999934952706,0.0028885999927297235,0.00011019999510608613
0.6,Linear BTL,27,420,,-26.993529069665644,1,0,0,0,,,,0.0038568999734707177,0.0008295000006910414,0.0001134999911300838,0.03984809998655692,0.05625500000314787,0.0201085000007879,0.0033307999838143587,0.003701899986481294,0.009017900010803714,0.0049374999944120646,0.00029830000130459666
0.6,Linear BTL,28,448,,-18.85565450015701,1,3,0,3,,,,0.0018665999814402312,0.0036718999908771366,0.0001689000055193901,0.040425000013783574,0.05577389997779392,0.04698620000272058,0.0028510999982245266,0.004927200003294274,0.0027048999909311533,0.002646800014190376,0.0001036000030580908
0.6,Linear BTL,29,477,,-20.438663478279544,0,1,0,1,,,,0.0007824000203981996,0.0009253000025637448,4.640000406652689e-05,0.027791300002718344,0.04320110002299771,0.028297600016230717,0.003463100001681596,0.003784200001973659,0.00452630000654608,0.003981500020017847,0.00010930001735687256
0.6,Linear BTL,30,507,,-18.285126041090432,0,0,0,0,,,,0.0007847000088077039,0.0009618999902158976,4.679997800849378e-05,0.03662199998507276,0.05966300002182834,0.02643609998631291,0.005179299972951412,0.003459700004896149,0.0034287000016774982,0.003994800004875287,0.00018440000712871552
0.6,Linear BTL,31,538,,-17.554663557012763,0,1,0,1,,,,0.000762699986808002,0.0020597999973688275,7.249999907799065e-05,0.04029249999439344,0.05628909997176379,0.03276100000948645,0.004431599983945489,0.0050700999854598194,0.002848100004484877,0.002826099982485175,0.00010790000669658184
0.6,Linear BTL,32,570,,-19.58130002133042,0,2,0,2,,,,0.0007563000253867358,0.0009725000127218664,7.010000990703702e-05,0.046188399981474504,0.05426330000045709,0.015123699995456263,0.004333999997470528,0.002806000004056841,0.0027858999965246767,0.0027674000011757016,0.00010769997606985271
0.6,Linear BTL,33,603,,-20.191035908428802,0,0,0,0,,,,0.0007519999926444143,0.0008921999833546579,4.5599997974932194e-05,0.03092870002728887,0.05899399999179877,0.02207420000922866,0.003447300026891753,0.0033210999972652644,0.004737600014777854,0.004300100001273677,0.00011029999586753547
0.6,Linear BTL,34,637,,-20.825507345607072,0,0,0,0,,,,0.003644099982921034,0.0009384000150021166,4.7900015488266945e-05,0.04213980000349693,0.047782600013306364,0.027201100019738078,0.004552200000034645,0.0028036000148858875,0.002778900001430884,0.002867200004402548,0.00011010002344846725
0.6,Linear BTL,35,672,,-24.599313872557527,0,0,0,0,,,,0.0012342999980319291,0.001424300018697977,5.8399979025125504e-05,0.03238899999996647,0.051822900015395135,0.02054099997621961,0.0036028999893460423,0.008869999990565702,0.005135100014740601,0.006413399998564273,0.000281400018138811
0.6,Linear BTL,36,708,,-16.991781141400434,0,2,0,2,,,,0.004139399999985471,0.0021650999842677265,8.299999171867967e-05,0.04518620000453666,0.05188119999365881,0.018169299990404397,0.0030755999905522913,0.003692300000693649,0.00289060000795871,0.002981699974043295,0.00010999999358318746
0.6,Linear BTL,37,745,,-17.90710736751175,0,2,0,2,,,,0.0011741000053007156,0.0011102999851573259,4.810001701116562e-05,0.031111599993892014,0.06903410001541488,0.028962899988982826,0.0029568000172730535,0.002841099980287254,0.005577399977482855,0.00413509999634698,0.00018730000010691583
0.6,Linear BTL,38,783,,-19.832584538874567,0,0,0,0,,,,0.0007553999894298613,0.0008530000050086528,4.6600005589425564e-05,0.044946500012883916,0.05426619999343529,0.049840599996969104,0.005153400008566678,0.011655400012386963,0.01174760001595132,0.007079200004227459,0.00030259997583925724
0.6,Linear BTL,39,822,,-20.79268161593572,0,1,0,1,,,,0.0014884000120218843,0.005537499993806705,0.00014119999832473695,0.05469809999340214,0.06627380001009442,0.03161749997525476,0.003626700025051832,0.0028424000192899257,0.0028359999996609986,0.0061443999875336885,0.00010880001354962587
0.6,Linear BTL,40,862,,-29.42040510671197,2,2,0,2,,,,0.0007811000104993582,0.0008981999999377877,0.00012809998588636518,0.03102480000234209,0.044810499995946884,0.02157969999825582,0.002697300020372495,0.0026347999810241163,0.00482560001546517,0.002626699977554381,0.00011129997437819839
0.6,Linear BTL,41,903,,-26.947938792479626,2,0,0,0,,,,0.000766999990446493,0.0009489999793004245,0.00011309998808428645,0.026609100023051724,0.053530100005446,0.04019099997822195,0.0027765000122599304,0.002557799976784736,0.0031959000043570995,0.002441499993437901,0.00010350000229664147
0.6,Linear BTL,42,945,,-20.2312753116997,0,1,0,1,,,,0.002230099984444678,0.0009688999853096902,5.169998621568084e-05,0.16354130001855083,0.06109849998028949,0.022200699982931837,0.005275400006212294,0.0032668000203557312,0.0032476999913342297,0.0036099000135436654,0.00021459997515194118
0.6,Linear BTL,43,988,,-23.007387450888025,0,1,0,1,,,,0.0009280000231228769,0.0014817000192124397,7.410001126118004e-05,0.04717109998455271,0.05641960000502877,0.019212599989259616,0.00344920001225546,0.0038443999947048724,0.0037407999916467816,0.0028477000014390796,0.00018790000467561185
0.6,Linear BTL,44,1032,,-20.23127541748261,0,0,0,0,,,,0.0007840000034775585,0.001177300000563264,4.7600013203918934e-05,0.03221150001627393,0.04556630001752637,0.0322339000122156,0.005031900014728308,0.004060400009620935,0.002874600002542138,0.003020100004505366,0.00010800000745803118
0.6,Linear BTL,45,1077,,-23.001783295352958,1,1,0,1,,,,0.0007713999948464334,0.0013144999975338578,0.00012149999383836985,0.033990399999311194,0.05105919999186881,0.024051199987297878,0.0054506000014953315,0.0033678000036161393,0.002628100017318502,0.0026148000033572316,0.00010219999239780009
0.6,Linear BTL,46,1123,,-22.853914508730643,1,2,0,2,,,,0.0007585999846924096,0.004060300008859485,0.0001571000029798597,0.031926499999826774,0.05104079999728128,0.03634039999451488,0.006669399997917935,0.002684799983398989,0.002700199984246865,0.003386800002772361,0.0001060000213328749
0.6,Linear BTL,47,1170,,-30.342128180701597,4,1,0,1,,,,0.0007738000131212175,0.0008916000078897923,0.00011320001794956625,0.028419799986295402,0.06090750001021661,0.02586150000570342,0.0022875999857205898,0.004594900005031377,0.0025089999835472554,0.002092099981382489,8.38999985717237e-05
0.6,Linear BTL,48,1218,,-13.722229276997002,0,1,0,1,,,,0.0007565999985672534,0.0019730000058189034,8.979998528957367e-05,0.03240860000369139,0.038706099992850795,0.05981700000120327,0.0035915000189561397,0.003790999995544553,0.0036806999996770173,0.004407300002640113,0.0001446000242140144
0.6,Linear BTL,49,1267,,-16.445614263639403,0,0,0,0,,,,0.0009605000086594373,0.0008444999984931201,4.8999994760379195e-05,0.03605349999270402,0.05275289999553934,0.04618309999932535,0.0037059999885968864,0.0029884999967180192,0.004783800017321482,0.004502099996898323,0.00010740000288933516
0.7,LP2 ($ 	heta $ Only),0,42,0.0,,0,0,0,0,0.0,0.0,100.0,0.001575700007379055,0.001988800009712577,8.650001836940646e-05,0.06024340001749806,0.04918150001321919,0.026177699997788295,0.004355199984274805,0.003933400003006682,0.003311700013000518,0.008333600009791553,0.00029779999749735
0.7,LP2 ($ 	heta $ Only),1,43,0.0,,3,0,0,0,0.0,0.0,100.0,0.0019548000127542764,0.0023689000227022916,0.00023380000493489206,0.03640650000306778,0.04041669997968711,0.016102699999464676,0.002526499971281737,0.0024081000010482967,0.002343000000109896,0.0025271000049542636,0.00010899998596869409
0.7,LP2 ($ 	heta $ Only),2,45,0.0,,0,0,0,0,0.0,0.0,100.0,0.004047900001751259,0.0010069000127259642,5.3099996875971556e-05,0.034092299989424646,0.05608619999838993,0.023417799995513633,0.002956300013465807,0.002818500011926517,0.0027962999884039164,0.0034465999924577773,0.0004589000018313527
0.7,LP2 ($ 	heta $ Only),3,48,0.0,,1,0,0,0,0.0,0.0,100.0,0.0011153999948874116,0.0012349000026006252,0.00015800000983290374,0.03806659998372197,0.055869300005724654,0.022820500016678125,0.0032432999869342893,0.0031302999996114522,0.005047499987995252,0.0035902000090572983,0.00010160001693293452
0.7,LP2 ($ 	heta $ Only),4,52,0.0,,0,0,0,0,0.0,0.0,100.0,0.0007556999917142093,0.0009103000047616661,4.610000178217888e-05,0.036916400014888495,0.05497620001551695,0.02773549998528324,0.004053499986184761,0.003285299986600876,0.00623460000497289,0.003666100004920736,0.00010879998444579542
0.7,LP2 ($ 	heta $ Only),5,57,0.0,,0,0,0,0,0.0,0.0,100.0,0.0007628999883309007,0.0010500999924261123,6.229997961781919e-05,0.033717700018314645,0.061499200004618615,0.02087569999275729,0.004911199997877702,0.005087500001536682,0.005114300001878291,0.005961699993349612,0.00025430001551285386
0.7,LP2 ($ 	heta $ Only),6,63,0.0,,5,0,0,0,0.0,0.0,100.0,0.005037700000684708,0.0017595999815966934,0.0001934999891091138,0.04961450002156198,0.05389899999136105,0.021869600022910163,0.002405100007308647,0.0022561000077985227,0.007999499997822568,0.0026288999943062663,8.379999781027436e-05
0.7,LP2 ($ 	heta $ Only),7,70,0.0,,1,0,0,0,0.0,0.0,100.0,0.0011868999863509089,0.0012695000041276217,0.00013259999104775488,0.04057039998588152,0.09176630000001751,0.03729330000351183,0.002844499977072701,0.002702600002521649,0.00496489999932237,0.002964300016174093,0.00013620001845993102
0.7,LP2 ($ 	heta $ Only),8,78,0.0,,1,0,0,0,0.0,0.0,100.0,0.0007813000120222569,0.001247100008185953,0.00015579999308101833,0.044391300005372614,0.06725699998787604,0.04227269999682903,0.004639999999199063,0.0031531999993603677,0.0066454999905545264,0.005539200006751344,0.00012240000069141388
0.7,LP2 ($ 	heta $ Only),9,87,0.0,,0,0,0,0,0.0,0.0,100.0,0.0011450000165496022,0.0008941999985836446,4.67000063508749e-05,0.06322430001455359,0.06984179999562912,0.03433569998014718,0.008021599991479889,0.003543799975886941,0.004094600008102134,0.007705100026214495,0.00010999999358318746
0.7,LP2 ($ 	heta $ Only),10,97,0.0,,1,0,0,0,0.0,0.0,100.0,0.0009369000035803765,0.0016583999968133867,0.00013180001405999064,0.04492260000552051,0.06722230001469143,0.022339199989801273,0.0027647000097204,0.00764510000590235,0.0036037999961990863,0.0027216000016778708,0.00011560000712051988
0.7,LP2 ($ 	heta $ Only),11,108,0.0,,2,0,0,0,0.0,0.0,100.0,0.0009620999917387962,0.0008639000006951392,0.00010999999358318746,0.03635569999460131,0.03923600001144223,0.025857699976768345,0.0835261000029277,0.0052721000101882964,0.09585450001759455,0.005582899990258738,0.0002553999947849661
0.7,LP2 ($ 	heta $ Only),12,120,0.0,,0,0,0,0,0.0,0.0,100.0,0.0024327999853994697,0.0105489999987185,0.00010010000551119447,0.1073399999877438,0.06149220000952482,0.02815040000132285,0.003187499998603016,0.0041523000109009445,0.007009699998889118,0.0031639999942854047,0.00023320000036619604
0.7,LP2 ($ 	heta $ Only),13,133,0.0,,0,0,0,0,0.0,0.0,100.0,0.0012489999935496598,0.0010408999805804342,9.210000280290842e-05,0.043678599991835654,0.07804239998222329,0.042524399992544204,0.0031703999848105013,0.004055400000652298,0.004515700013143942,0.002866299997549504,0.00010939998901449144
0.7,LP2 ($ 	heta $ Only),14,147,0.0,,0,0,0,0,0.0,0.0,100.0,0.0007610000029671937,0.0010120999941136688,5.09000092279166e-05,0.03251630000886507,0.05071120001957752,0.03775859999586828,0.0029165000014472753,0.005512300005648285,0.0036626000073738396,0.0028264000138733536,0.00010770000517368317
0.7,LP2 ($ 	heta $ Only),15,162,0.0,,0,0,0,0,0.0,0.0,100.0,0.0007680999988224357,0.000881900021340698,4.8200017772614956e-05,0.036747399979503825,0.0542622999928426,0.024652699998114258,0.004219299997203052,0.002805700001772493,0.002802000002702698,0.00288620000355877,0.00010740000288933516
0.7,LP2 ($ 	heta $ Only),16,178,0.0,,0,0,0,0,0.0,0.0,100.0,0.0011955999943893403,0.0007989000005181879,4.73999825771898e-05,0.03728000001865439,0.06128490000264719,0.035668999975314364,0.0030454999941866845,0.004073499992955476,0.010485899983905256,0.002975199982756749,0.00010879998444579542
0.7,LP2 ($ 	heta $ Only),17,195,0.0,,0,0,0,0,0.0,0.0,100.0,0.0009067999781109393,0.0009064000041689724,0.00011910000466741621,0.051204999996116385,0.06400959999882616,0.037025900004664436,0.003004099999088794,0.004585699993185699,0.003413800004636869,0.005680600006598979,0.00018510001245886087
0.7,LP2 ($ 	heta $ Only),18,213,0.0,,0,0,0,0,0.0,0.0,100.0,0.0008090999908745289,0.0025074000004678965,5.7199998991563916e-05,0.037446799979079515,0.09083909998298623,0.08249179998529144,0.0033325999975204468,0.0060345999954734,0.0064894999959506094,0.0028952000138815492,0.00012159999459981918
0.7,LP2 ($ 	heta $ Only),19,232,0.0,,4,0,0,0,0.0,0.0,100.0,0.0011791999859269708,0.0031642999965697527,0.00031350000062957406,0.039995300001464784,0.0821437000122387,0.03915150000830181,0.0033427999878767878,0.0031781999859958887,0.002887100010411814,0.0026517999940551817,8.910000906325877e-05
0.7,LP2 ($ 	heta $ Only),20,252,0.0,,1,0,0,0,0.0,0.0,100.0,0.008786199992755428,0.0017681999888736755,0.00024050002684816718,0.0619101999909617,0.05423599999630824,0.02848690000246279,0.0033679000043775886,0.002661700011231005,0.005274299997836351,0.003790499991737306,0.00021749999723397195
0.7,LP2 ($ 	heta $ Only),21,273,0.0,,0,0,0,0,0.0,0.0,100.0,0.0007777000137139112,0.001126500021200627,0.0001036000030580908,0.03380879998439923,0.06979829998454079,0.02527600000030361,0.0035829000116791576,0.0040997999894898385,0.004030600015539676,0.008556499989936128,0.00010869998368434608
0.7,LP2 ($ 	heta $ Only),22,295,0.0,,1,0,0,0,0.0,0.0,100.0,0.0008393999887630343,0.001177600002847612,0.00012110001989640296,0.03755269999965094,0.05571229997440241,0.029422699997667223,0.002894200006267056,0.00496930000372231,0.003224399988539517,0.00379740001517348,0.0001765000051818788
0.7,LP2 ($ 	heta $ Only),23,318,0.0,,1,0,0,0,0.0,0.0,100.0,0.0007572000031359494,0.0008531000057701021,0.00011169997742399573,0.04435499999090098,0.07444060000125319,0.02457069998490624,0.0030658000032417476,0.0034465999924577773,0.002748899976722896,0.005164000001968816,0.0004383999912533909
0.7,LP2 ($ 	heta $ Only),24,342,0.0,,0,0,0,0,0.0,0.0,100.0,0.0012234000023454428,0.0016280999989248812,6.489999941550195e-05,0.03954810000141151,0.0562729999946896,0.01800579999689944,0.004893900011666119,0.0034426999918650836,0.005394799984060228,0.0032580000115558505,0.00030429998878389597
0.7,LP2 ($ 	heta $ Only),25,367,0.0,,0,0,0,0,0.0,0.0,100.0,0.009705400007078424,0.0019019000174012035,8.399999933317304e-05,0.06670379999559373,0.05564180001965724,0.03479870001319796,0.003997799998614937,0.002838099986547604,0.006384699983755127,0.002918299986049533,0.00011990001075901091
0.7,LP2 ($ 	heta $ Only),26,393,0.0,,0,0,0,0,0.0,0.0,100.0,0.0013223000278230757,0.0013951000000815839,6.290001329034567e-05,0.03843569997115992,0.05555699998512864,0.025363199994899333,0.0057474999921396375,0.004687999986344948,0.0028549999988172203,0.00413069999194704,0.00010790000669658184
0.7,LP2 ($ 	heta $ Only),27,420,0.0,,2,0,0,0,0.0,0.0,100.0,0.0007794999983161688,0.001181900006486103,0.00011289998656138778,0.026480000000447035,0.06856870002229698,0.03276599998935126,0.0030334999901242554,0.0031756999960634857,0.005483299988554791,0.0035086999996565282,9.919999865815043e-05
0.7,LP2 ($ 	heta $ Only),28,448,0.0,,2,0,0,0,0.0,0.0,100.0,0.0013704999873880297,0.0009456999832764268,0.00012660000356845558,0.03660709998803213,0.06651469998178072,0.03178079999634065,0.00852360000135377,0.0035275999980513006,0.002701699995668605,0.003184600005624816,9.859999408945441e-05
0.7,LP2 ($ 	heta $ Only),29,477,0.0,,0,0,0,0,0.0,0.0,100.0,0.0009377000096719712,0.0010204999998677522,5.0700007705017924e-05,0.0403779000043869,0.06744790001539513,0.03536169999279082,0.00476340000750497,0.004957299999659881,0.004046399990329519,0.0038000000058673322,0.0001838000025600195
0.7,LP2 ($ 	heta $ Only),30,507,0.0,,0,0,0,0,0.0,0.0,100.0,0.0007591999892611057,0.000826900009997189,0.0003045000194106251,0.037664800009224564,0.0656093999859877,0.024072000000160187,0.005199600011110306,0.003503499989164993,0.0028190999873913825,0.002816799998981878,0.00010880001354962587
0.7,LP2 ($ 	heta $ Only),31,538,0.0,,0,0,0,0,0.0,0.0,100.0,0.0007630999898537993,0.0009928999934345484,0.000451300002168864,0.03405729998485185,0.052871700027026236,0.033070100005716085,0.0036318999773357064,0.006832799990661442,0.0037140999920666218,0.003482200001599267,0.00018350000027567148
0.7,LP2 ($ 	heta $ Only),32,570,0.0,,0,0,0,0,0.0,0.0,100.0,0.00075559999095276,0.0008498000097461045,4.650000482797623e-05,0.034554600017145276,0.058953600004315376,0.025140300014754757,0.0062661000119987875,0.002925300010247156,0.003565499995602295,0.0030255999881774187,0.0001379000023007393
0.7,LP2 ($ 	heta $ Only),33,603,0.0,,0,0,0,0,0.0,0.0,100.0,0.0007770000083837658,0.0015087999927345663,0.00013639999087899923,0.03655299998354167,0.0702445000060834,0.02849570001126267,0.0029371999844443053,0.002804499992635101,0.004825099982554093,0.0031079000036697835,0.00018500001169741154
0.7,LP2 ($ 	heta $ Only),34,637,0.0,,0,0,0,0,0.0,0.0,100.0,0.0007557999924756587,0.0009163999930024147,4.7200010158121586e-05,0.029723200015723705,0.11723410000558943,0.04540810000617057,0.0040277999942190945,0.0037878000002820045,0.0078436000039801,0.003136399987852201,0.00010960001964122057
0.7,LP2 ($ 	heta $ Only),35,672,0.0,,1,0,0,0,0.0,0.0,100.0,0.0009124000207521021,0.0008276999869849533,0.00014540000120177865,0.05634840001584962,0.10397359999478795,0.04580849999911152,0.0051404999976512045,0.0038309000083245337,0.006419499986805022,0.0030897000106051564,0.00017690000822767615
0.7,LP2 ($ 	heta $ Only),36,708,0.0,,0,0,0,0,0.0,0.0,100.0,0.001420399989001453,0.0008557000255677849,4.8200017772614956e-05,0.0425223000056576,0.05210090000764467,0.03554700000677258,0.004264999995939434,0.007391299994196743,0.002877500024624169,0.002914399985456839,0.00011569997877813876
0.7,LP2 ($ 	heta $ Only),37,745,0.0,,0,0,0,0,0.0,0.0,100.0,0.0012915999977849424,0.0018311000021640211,0.0002835999766830355,0.047259800019674,0.05936019998625852,0.022438600019086152,0.002937000012025237,0.006121699989307672,0.002856700011761859,0.0033850999898277223,0.00013800000306218863
0.7,LP2 ($ 	heta $ Only),38,783,0.0,,0,0,0,0,0.0,0.0,100.0,0.0008476999937556684,0.0010677999816834927,4.7699984861537814e-05,0.03498550000949763,0.06113399998866953,0.03511399999842979,0.0038191000057850033,0.0033832000044640154,0.005446499999379739,0.0034017999714706093,0.0002796000044327229
0.7,LP2 ($ 	heta $ Only),39,822,0.0,,0,0,0,0,0.0,0.0,100.0,0.0019854999845847487,0.0009103000047616661,4.8699992476031184e-05,0.043503599998075515,0.06281099998159334,0.019261299981735647,0.002987199986819178,0.0029731999966315925,0.0030774000042583793,0.0034231000172439963,0.0001100999943446368
0.7,LP2 ($ 	heta $ Only),40,862,0.0,,1,0,0,0,0.0,0.0,100.0,0.0035377000167500228,0.0009284999978262931,0.00012909999350085855,0.030264200002420694,0.06073269998887554,0.0224820000003092,0.0032257999991998076,0.002817400003550574,0.002669000008609146,0.003669500001706183,0.0001781000173650682
0.7,LP2 ($ 	heta $ Only),41,903,0.0,,1,0,0,0,0.0,0.0,100.0,0.000765799981309101,0.0018196000019088387,0.00017860002117231488,0.04114740001386963,0.10330160000012256,0.03303430002415553,0.006644400011282414,0.0030206999799702317,0.00338400001055561,0.0027483000012580305,0.00010510001447983086
0.7,LP2 ($ 	heta $ Only),42,945,0.0,,0,0,0,0,0.0,0.0,100.0,0.0007702000148128718,0.0027587999938987195,6.520000169984996e-05,0.03399549997993745,0.051399200019659474,0.02063740001176484,0.006494800007203594,0.003972700011217967,0.003438199986703694,0.0034050999965984374,0.00019130000146105886
0.7,LP2 ($ 	heta $ Only),43,988,0.0,,0,0,0,0,0.0,0.0,100.0,0.0007548999856226146,0.001416999992216006,5.2000017603859305e-05,0.03407679998781532,0.041251499991631135,0.028785300004528835,0.003382800001418218,0.003236300020944327,0.0037594999885186553,0.004699900018749759,0.00011230001109652221
0.7,LP2 ($ 	heta $ Only),44,1032,0.0,,0,0,0,0,0.0,0.0,100.0,0.0007642999989911914,0.0009071000094991177,4.67000063508749e-05,0.029277399997226894,0.05652220000047237,0.04678659999626689,0.003024100005859509,0.004904700006591156,0.005093599989777431,0.0034724999859463423,0.0001404999929945916
0.7,LP2 ($ 	heta $ Only),45,1077,0.0,,1,0,0,0,0.0,0.0,100.0,0.0007817999867256731,0.0008140999998431653,0.00011640001321211457,0.11793989999569021,0.07206269999733195,0.025333700003102422,0.003011499997228384,0.009240599989425391,0.0035090000019408762,0.00536640000063926,0.00027749998844228685
0.7,LP2 ($ 	heta $ Only),46,1123,0.0,,0,0,0,0,0.0,0.0,100.0,0.0032979999959934503,0.001476600009482354,5.360000068321824e-05,0.03776500001549721,0.07757829999900423,0.1622040000220295,0.004777299996931106,0.008275299973320216,0.0032836000027600676,0.004145799990510568,0.00010900001507252455
0.7,LP2 ($ 	heta $ Only),47,1170,0.0,,3,0,0,0,0.0,0.0,100.0,0.0008834000036586076,0.0018146999937016517,0.00012959999730810523,0.03183419999550097,0.06145939999260008,0.044190999993588775,0.002683500002603978,0.0029211000073701143,0.0023339999897871166,0.002326699992408976,8.92000098247081e-05
0.7,LP2 ($ 	heta $ Only),48,1218,0.0,,0,0,0,0,0.0,0.0,100.0,0.0009180000051856041,0.0036023999855387956,9.159999899566174e-05,0.041518300015013665,0.07357979999505915,0.21969820000231266,0.0060939000104554,0.005055099987657741,0.006307000003289431,0.006164299993542954,0.0002741999924182892
0.7,LP2 ($ 	heta $ Only),49,1267,0.0,,2,0,0,0,0.0,0.0,100.0,0.0013569000002462417,0.005200499988859519,0.00025660000392235816,0.047194199985824525,0.05885079997824505,0.04609829999390058,0.003501300001516938,0.006440100027248263,0.00322839998989366,0.003538499993737787,0.0001686000032350421
0.7,LP3 ($ 	heta $ Only),0,42,0.0,,0,0,0,0,0.0,0.0,100.0,0.001575700007379055,0.001988800009712577,8.650001836940646e-05,0.06024340001749806,0.04918150001321919,0.026177699997788295,0.004355199984274805,0.003933400003006682,0.003311700013000518,0.008333600009791553,0.00029779999749735
0.7,LP3 ($ 	heta $ Only),1,43,0.0,,3,0,0,0,0.0,0.0,100.0,0.0019548000127542764,0.0023689000227022916,0.00023380000493489206,0.03640650000306778,0.04041669997968711,0.016102699999464676,0.002526499971281737,0.0024081000010482967,0.002343000000109896,0.0025271000049542636,0.00010899998596869409
0.7,LP3 ($ 	heta $ Only),2,45,0.0,,0,0,0,0,0.0,0.0,100.0,0.004047900001751259,0.0010069000127259642,5.3099996875971556e-05,0.034092299989424646,0.05608619999838993,0.023417799995513633,0.002956300013465807,0.002818500011926517,0.0027962999884039164,0.0034465999924577773,0.0004589000018313527
0.7,LP3 ($ 	heta $ Only),3,48,0.0,,1,0,0,0,0.0,0.0,100.0,0.0011153999948874116,0.0012349000026006252,0.00015800000983290374,0.03806659998372197,0.055869300005724654,0.022820500016678125,0.0032432999869342893,0.0031302999996114522,0.005047499987995252,0.0035902000090572983,0.00010160001693293452
0.7,LP3 ($ 	heta $ Only),4,52,0.0,,0,0,0,0,0.0,0.0,100.0,0.0007556999917142093,0.0009103000047616661,4.610000178217888e-05,0.036916400014888495,0.05497620001551695,0.02773549998528324,0.004053499986184761,0.003285299986600876,0.00623460000497289,0.003666100004920736,0.00010879998444579542
0.7,LP3 ($ 	heta $ Only),5,57,0.0,,0,0,0,0,0.0,0.0,100.0,0.0007628999883309007,0.0010500999924261123,6.229997961781919e-05,0.033717700018314645,0.061499200004618615,0.02087569999275729,0.004911199997877702,0.005087500001536682,0.005114300001878291,0.005961699993349612,0.00025430001551285386
0.7,LP3 ($ 	heta $ Only),6,63,0.0,,5,0,0,0,0.0,0.0,100.0,0.005037700000684708,0.0017595999815966934,0.0001934999891091138,0.04961450002156198,0.05389899999136105,0.021869600022910163,0.002405100007308647,0.0022561000077985227,0.007999499997822568,0.0026288999943062663,8.379999781027436e-05
0.7,LP3 ($ 	heta $ Only),7,70,0.0,,1,0,0,0,0.0,0.0,100.0,0.0011868999863509089,0.0012695000041276217,0.00013259999104775488,0.04057039998588152,0.09176630000001751,0.03729330000351183,0.002844499977072701,0.002702600002521649,0.00496489999932237,0.002964300016174093,0.00013620001845993102
0.7,LP3 ($ 	heta $ Only),8,78,0.0,,1,0,0,0,0.0,0.0,100.0,0.0007813000120222569,0.001247100008185953,0.00015579999308101833,0.044391300005372614,0.06725699998787604,0.04227269999682903,0.004639999999199063,0.0031531999993603677,0.0066454999905545264,0.005539200006751344,0.00012240000069141388
0.7,LP3 ($ 	heta $ Only),9,87,0.0,,0,0,0,0,0.0,0.0,100.0,0.0011450000165496022,0.0008941999985836446,4.67000063508749e-05,0.06322430001455359,0.06984179999562912,0.03433569998014718,0.008021599991479889,0.003543799975886941,0.004094600008102134,0.007705100026214495,0.00010999999358318746
0.7,LP3 ($ 	heta $ Only),10,97,0.0,,1,0,0,0,0.0,0.0,100.0,0.0009369000035803765,0.0016583999968133867,0.00013180001405999064,0.04492260000552051,0.06722230001469143,0.022339199989801273,0.0027647000097204,0.00764510000590235,0.0036037999961990863,0.0027216000016778708,0.00011560000712051988
0.7,LP3 ($ 	heta $ Only),11,108,0.0,,2,0,0,0,0.0,0.0,100.0,0.0009620999917387962,0.0008639000006951392,0.00010999999358318746,0.03635569999460131,0.03923600001144223,0.025857699976768345,0.0835261000029277,0.0052721000101882964,0.09585450001759455,0.005582899990258738,0.0002553999947849661
0.7,LP3 ($ 	heta $ Only),12,120,0.0,,0,0,0,0,0.0,0.0,100.0,0.0024327999853994697,0.0105489999987185,0.00010010000551119447,0.1073399999877438,0.06149220000952482,0.02815040000132285,0.003187499998603016,0.0041523000109009445,0.007009699998889118,0.0031639999942854047,0.00023320000036619604
0.7,LP3 ($ 	heta $ Only),13,133,0.0,,0,0,0,0,0.0,0.0,100.0,0.0012489999935496598,0.0010408999805804342,9.210000280290842e-05,0.043678599991835654,0.07804239998222329,0.042524399992544204,0.0031703999848105013,0.004055400000652298,0.004515700013143942,0.002866299997549504,0.00010939998901449144
0.7,LP3 ($ 	heta $ Only),14,147,0.0,,0,0,0,0,0.0,0.0,100.0,0.0007610000029671937,0.0010120999941136688,5.09000092279166e-05,0.03251630000886507,0.05071120001957752,0.03775859999586828,0.0029165000014472753,0.005512300005648285,0.0036626000073738396,0.0028264000138733536,0.00010770000517368317
0.7,LP3 ($ 	heta $ Only),15,162,0.0,,0,0,0,0,0.0,0.0,100.0,0.0007680999988224357,0.000881900021340698,4.8200017772614956e-05,0.036747399979503825,0.0542622999928426,0.024652699998114258,0.004219299997203052,0.002805700001772493,0.002802000002702698,0.00288620000355877,0.00010740000288933516
0.7,LP3 ($ 	heta $ Only),16,178,0.0,,0,0,0,0,0.0,0.0,100.0,0.0011955999943893403,0.0007989000005181879,4.73999825771898e-05,0.03728000001865439,0.06128490000264719,0.035668999975314364,0.0030454999941866845,0.004073499992955476,0.010485899983905256,0.002975199982756749,0.00010879998444579542
0.7,LP3 ($ 	heta $ Only),17,195,0.0,,0,0,0,0,0.0,0.0,100.0,0.0009067999781109393,0.0009064000041689724,0.00011910000466741621,0.051204999996116385,0.06400959999882616,0.037025900004664436,0.003004099999088794,0.004585699993185699,0.003413800004636869,0.005680600006598979,0.00018510001245886087
0.7,LP3 ($ 	heta $ Only),18,213,0.0,,0,0,0,0,0.0,0.0,100.0,0.0008090999908745289,0.0025074000004678965,5.7199998991563916e-05,0.037446799979079515,0.09083909998298623,0.08249179998529144,0.0033325999975204468,0.0060345999954734,0.0064894999959506094,0.0028952000138815492,0.00012159999459981918
0.7,LP3 ($ 	heta $ Only),19,232,0.0,,4,0,0,0,0.0,0.0,100.0,0.0011791999859269708,0.0031642999965697527,0.00031350000062957406,0.039995300001464784,0.0821437000122387,0.03915150000830181,0.0033427999878767878,0.0031781999859958887,0.002887100010411814,0.0026517999940551817,8.910000906325877e-05
0.7,LP3 ($ 	heta $ Only),20,252,0.0,,1,0,0,0,0.0,0.0,100.0,0.008786199992755428,0.0017681999888736755,0.00024050002684816718,0.0619101999909617,0.05423599999630824,0.02848690000246279,0.0033679000043775886,0.002661700011231005,0.005274299997836351,0.003790499991737306,0.00021749999723397195
0.7,LP3 ($ 	heta $ Only),21,273,0.0,,0,0,0,0,0.0,0.0,100.0,0.0007777000137139112,0.001126500021200627,0.0001036000030580908,0.03380879998439923,0.06979829998454079,0.02527600000030361,0.0035829000116791576,0.0040997999894898385,0.004030600015539676,0.008556499989936128,0.00010869998368434608
0.7,LP3 ($ 	heta $ Only),22,295,0.0,,1,0,0,0,0.0,0.0,100.0,0.0008393999887630343,0.001177600002847612,0.00012110001989640296,0.03755269999965094,0.05571229997440241,0.029422699997667223,0.002894200006267056,0.00496930000372231,0.003224399988539517,0.00379740001517348,0.0001765000051818788
0.7,LP3 ($ 	heta $ Only),23,318,0.0,,1,0,0,0,0.0,0.0,100.0,0.0007572000031359494,0.0008531000057701021,0.00011169997742399573,0.04435499999090098,0.07444060000125319,0.02457069998490624,0.0030658000032417476,0.0034465999924577773,0.002748899976722896,0.005164000001968816,0.0004383999912533909
0.7,LP3 ($ 	heta $ Only),24,342,0.0,,0,0,0,0,0.0,0.0,100.0,0.0012234000023454428,0.0016280999989248812,6.489999941550195e-05,0.03954810000141151,0.0562729999946896,0.01800579999689944,0.004893900011666119,0.0034426999918650836,0.005394799984060228,0.0032580000115558505,0.00030429998878389597
0.7,LP3 ($ 	heta $ Only),25,367,0.0,,0,0,0,0,0.0,0.0,100.0,0.009705400007078424,0.0019019000174012035,8.399999933317304e-05,0.06670379999559373,0.05564180001965724,0.03479870001319796,0.003997799998614937,0.002838099986547604,0.006384699983755127,0.002918299986049533,0.00011990001075901091
0.7,LP3 ($ 	heta $ Only),26,393,0.0,,0,0,0,0,0.0,0.0,100.0,0.0013223000278230757,0.0013951000000815839,6.290001329034567e-05,0.03843569997115992,0.05555699998512864,0.025363199994899333,0.0057474999921396375,0.004687999986344948,0.0028549999988172203,0.00413069999194704,0.00010790000669658184
0.7,LP3 ($ 	heta $ Only),27,420,0.0,,2,0,0,0,0.0,0.0,100.0,0.0007794999983161688,0.001181900006486103,0.00011289998656138778,0.026480000000447035,0.06856870002229698,0.03276599998935126,0.0030334999901242554,0.0031756999960634857,0.005483299988554791,0.0035086999996565282,9.919999865815043e-05
0.7,LP3 ($ 	heta $ Only),28,448,0.0,,2,0,0,0,0.0,0.0,100.0,0.0013704999873880297,0.0009456999832764268,0.00012660000356845558,0.03660709998803213,0.06651469998178072,0.03178079999634065,0.00852360000135377,0.0035275999980513006,0.002701699995668605,0.003184600005624816,9.859999408945441e-05
0.7,LP3 ($ 	heta $ Only),29,477,0.0,,0,0,0,0,0.0,0.0,100.0,0.0009377000096719712,0.0010204999998677522,5.0700007705017924e-05,0.0403779000043869,0.06744790001539513,0.03536169999279082,0.00476340000750497,0.004957299999659881,0.004046399990329519,0.0038000000058673322,0.0001838000025600195
0.7,LP3 ($ 	heta $ Only),30,507,0.0,,0,0,0,0,0.0,0.0,100.0,0.0007591999892611057,0.000826900009997189,0.0003045000194106251,0.037664800009224564,0.0656093999859877,0.024072000000160187,0.005199600011110306,0.003503499989164993,0.0028190999873913825,0.002816799998981878,0.00010880001354962587
0.7,LP3 ($ 	heta $ Only),31,538,0.0,,0,0,0,0,0.0,0.0,100.0,0.0007630999898537993,0.0009928999934345484,0.000451300002168864,0.03405729998485185,0.052871700027026236,0.033070100005716085,0.0036318999773357064,0.006832799990661442,0.0037140999920666218,0.003482200001599267,0.00018350000027567148
0.7,LP3 ($ 	heta $ Only),32,570,0.0,,0,0,0,0,0.0,0.0,100.0,0.00075559999095276,0.0008498000097461045,4.650000482797623e-05,0.034554600017145276,0.058953600004315376,0.025140300014754757,0.0062661000119987875,0.002925300010247156,0.003565499995602295,0.0030255999881774187,0.0001379000023007393
0.7,LP3 ($ 	heta $ Only),33,603,0.0,,0,0,0,0,0.0,0.0,100.0,0.0007770000083837658,0.0015087999927345663,0.00013639999087899923,0.03655299998354167,0.0702445000060834,0.02849570001126267,0.0029371999844443053,0.002804499992635101,0.004825099982554093,0.0031079000036697835,0.00018500001169741154
0.7,LP3 ($ 	heta $ Only),34,637,0.0,,0,0,0,0,0.0,0.0,100.0,0.0007557999924756587,0.0009163999930024147,4.7200010158121586e-05,0.029723200015723705,0.11723410000558943,0.04540810000617057,0.0040277999942190945,0.0037878000002820045,0.0078436000039801,0.003136399987852201,0.00010960001964122057
0.7,LP3 ($ 	heta $ Only),35,672,0.0,,1,0,0,0,0.0,0.0,100.0,0.0009124000207521021,0.0008276999869849533,0.00014540000120177865,0.05634840001584962,0.10397359999478795,0.04580849999911152,0.0051404999976512045,0.0038309000083245337,0.006419499986805022,0.0030897000106051564,0.00017690000822767615
0.7,LP3 ($ 	heta $ Only),36,708,0.0,,0,0,0,0,0.0,0.0,100.0,0.001420399989001453,0.0008557000255677849,4.8200017772614956e-05,0.0425223000056576,0.05210090000764467,0.03554700000677258,0.004264999995939434,0.007391299994196743,0.002877500024624169,0.002914399985456839,0.00011569997877813876
0.7,LP3 ($ 	heta $ Only),37,745,0.0,,0,0,0,0,0.0,0.0,100.0,0.0012915999977849424,0.0018311000021640211,0.0002835999766830355,0.047259800019674,0.05936019998625852,0.022438600019086152,0.002937000012025237,0.006121699989307672,0.002856700011761859,0.0033850999898277223,0.00013800000306218863
0.7,LP3 ($ 	heta $ Only),38,783,0.0,,0,0,0,0,0.0,0.0,100.0,0.0008476999937556684,0.0010677999816834927,4.7699984861537814e-05,0.03498550000949763,0.06113399998866953,0.03511399999842979,0.0038191000057850033,0.0033832000044640154,0.005446499999379739,0.0034017999714706093,0.0002796000044327229
0.7,LP3 ($ 	heta $ Only),39,822,0.0,,0,0,0,0,0.0,0.0,100.0,0.0019854999845847487,0.0009103000047616661,4.8699992476031184e-05,0.043503599998075515,0.06281099998159334,0.019261299981735647,0.002987199986819178,0.0029731999966315925,0.0030774000042583793,0.0034231000172439963,0.0001100999943446368
0.7,LP3 ($ 	heta $ Only),40,862,0.0,,1,0,0,0,0.0,0.0,100.0,0.0035377000167500228,0.0009284999978262931,0.00012909999350085855,0.030264200002420694,0.06073269998887554,0.0224820000003092,0.0032257999991998076,0.002817400003550574,0.002669000008609146,0.003669500001706183,0.0001781000173650682
0.7,LP3 ($ 	heta $ Only),41,903,0.0,,1,0,0,0,0.0,0.0,100.0,0.000765799981309101,0.0018196000019088387,0.00017860002117231488,0.04114740001386963,0.10330160000012256,0.03303430002415553,0.006644400011282414,0.0030206999799702317,0.00338400001055561,0.0027483000012580305,0.00010510001447983086
0.7,LP3 ($ 	heta $ Only),42,945,0.0,,0,0,0,0,0.0,0.0,100.0,0.0007702000148128718,0.0027587999938987195,6.520000169984996e-05,0.03399549997993745,0.051399200019659474,0.02063740001176484,0.006494800007203594,0.003972700011217967,0.003438199986703694,0.0034050999965984374,0.00019130000146105886
0.7,LP3 ($ 	heta $ Only),43,988,0.0,,0,0,0,0,0.0,0.0,100.0,0.0007548999856226146,0.001416999992216006,5.2000017603859305e-05,0.03407679998781532,0.041251499991631135,0.028785300004528835,0.003382800001418218,0.003236300020944327,0.0037594999885186553,0.004699900018749759,0.00011230001109652221
0.7,LP3 ($ 	heta $ Only),44,1032,0.0,,0,0,0,0,0.0,0.0,100.0,0.0007642999989911914,0.0009071000094991177,4.67000063508749e-05,0.029277399997226894,0.05652220000047237,0.04678659999626689,0.003024100005859509,0.004904700006591156,0.005093599989777431,0.0034724999859463423,0.0001404999929945916
0.7,LP3 ($ 	heta $ Only),45,1077,0.0,,1,0,0,0,0.0,0.0,100.0,0.0007817999867256731,0.0008140999998431653,0.00011640001321211457,0.11793989999569021,0.07206269999733195,0.025333700003102422,0.003011499997228384,0.009240599989425391,0.0035090000019408762,0.00536640000063926,0.00027749998844228685
0.7,LP3 ($ 	heta $ Only),46,1123,0.0,,0,0,0,0,0.0,0.0,100.0,0.0032979999959934503,0.001476600009482354,5.360000068321824e-05,0.03776500001549721,0.07757829999900423,0.1622040000220295,0.004777299996931106,0.008275299973320216,0.0032836000027600676,0.004145799990510568,0.00010900001507252455
0.7,LP3 ($ 	heta $ Only),47,1170,0.0,,3,0,0,0,0.0,0.0,100.0,0.0008834000036586076,0.0018146999937016517,0.00012959999730810523,0.03183419999550097,0.06145939999260008,0.044190999993588775,0.002683500002603978,0.0029211000073701143,0.0023339999897871166,0.002326699992408976,8.92000098247081e-05
0.7,LP3 ($ 	heta $ Only),48,1218,0.0,,0,0,0,0,0.0,0.0,100.0,0.0009180000051856041,0.0036023999855387956,9.159999899566174e-05,0.041518300015013665,0.07357979999505915,0.21969820000231266,0.0060939000104554,0.005055099987657741,0.006307000003289431,0.006164299993542954,0.0002741999924182892
0.7,LP3 ($ 	heta $ Only),49,1267,0.0,,2,0,0,0,0.0,0.0,100.0,0.0013569000002462417,0.005200499988859519,0.00025660000392235816,0.047194199985824525,0.05885079997824505,0.04609829999390058,0.003501300001516938,0.006440100027248263,0.00322839998989366,0.003538499993737787,0.0001686000032350421
0.7,Weighted LP3 ($ 	heta $ Only),0,42,0.0,,0,0,0,0,0.0,0.0,100.0,0.001575700007379055,0.001988800009712577,8.650001836940646e-05,0.06024340001749806,0.04918150001321919,0.026177699997788295,0.004355199984274805,0.003933400003006682,0.003311700013000518,0.008333600009791553,0.00029779999749735
0.7,Weighted LP3 ($ 	heta $ Only),1,43,0.0,,3,0,0,0,0.0,0.0,100.0,0.0019548000127542764,0.0023689000227022916,0.00023380000493489206,0.03640650000306778,0.04041669997968711,0.016102699999464676,0.002526499971281737,0.0024081000010482967,0.002343000000109896,0.0025271000049542636,0.00010899998596869409
0.7,Weighted LP3 ($ 	heta $ Only),2,45,0.0,,0,0,0,0,0.0,0.0,100.0,0.004047900001751259,0.0010069000127259642,5.3099996875971556e-05,0.034092299989424646,0.05608619999838993,0.023417799995513633,0.002956300013465807,0.002818500011926517,0.0027962999884039164,0.0034465999924577773,0.0004589000018313527
0.7,Weighted LP3 ($ 	heta $ Only),3,48,0.0,,1,0,0,0,0.0,0.0,100.0,0.0011153999948874116,0.0012349000026006252,0.00015800000983290374,0.03806659998372197,0.055869300005724654,0.022820500016678125,0.0032432999869342893,0.0031302999996114522,0.005047499987995252,0.0035902000090572983,0.00010160001693293452
0.7,Weighted LP3 ($ 	heta $ Only),4,52,0.0,,0,0,0,0,0.0,0.0,100.0,0.0007556999917142093,0.0009103000047616661,4.610000178217888e-05,0.036916400014888495,0.05497620001551695,0.02773549998528324,0.004053499986184761,0.003285299986600876,0.00623460000497289,0.003666100004920736,0.00010879998444579542
0.7,Weighted LP3 ($ 	heta $ Only),5,57,0.0,,0,0,0,0,0.0,0.0,100.0,0.0007628999883309007,0.0010500999924261123,6.229997961781919e-05,0.033717700018314645,0.061499200004618615,0.02087569999275729,0.004911199997877702,0.005087500001536682,0.005114300001878291,0.005961699993349612,0.00025430001551285386
0.7,Weighted LP3 ($ 	heta $ Only),6,63,0.0,,5,0,0,0,0.0,0.0,100.0,0.005037700000684708,0.0017595999815966934,0.0001934999891091138,0.04961450002156198,0.05389899999136105,0.021869600022910163,0.002405100007308647,0.0022561000077985227,0.007999499997822568,0.0026288999943062663,8.379999781027436e-05
0.7,Weighted LP3 ($ 	heta $ Only),7,70,0.0,,1,0,0,0,0.0,0.0,100.0,0.0011868999863509089,0.0012695000041276217,0.00013259999104775488,0.04057039998588152,0.09176630000001751,0.03729330000351183,0.002844499977072701,0.002702600002521649,0.00496489999932237,0.002964300016174093,0.00013620001845993102
0.7,Weighted LP3 ($ 	heta $ Only),8,78,0.0,,1,0,0,0,0.0,0.0,100.0,0.0007813000120222569,0.001247100008185953,0.00015579999308101833,0.044391300005372614,0.06725699998787604,0.04227269999682903,0.004639999999199063,0.0031531999993603677,0.0066454999905545264,0.005539200006751344,0.00012240000069141388
0.7,Weighted LP3 ($ 	heta $ Only),9,87,0.0,,0,0,0,0,0.0,0.0,100.0,0.0011450000165496022,0.0008941999985836446,4.67000063508749e-05,0.06322430001455359,0.06984179999562912,0.03433569998014718,0.008021599991479889,0.003543799975886941,0.004094600008102134,0.007705100026214495,0.00010999999358318746
0.7,Weighted LP3 ($ 	heta $ Only),10,97,0.0,,1,0,0,0,0.0,0.0,100.0,0.0009369000035803765,0.0016583999968133867,0.00013180001405999064,0.04492260000552051,0.06722230001469143,0.022339199989801273,0.0027647000097204,0.00764510000590235,0.0036037999961990863,0.0027216000016778708,0.00011560000712051988
0.7,Weighted LP3 ($ 	heta $ Only),11,108,0.0,,2,0,0,0,0.0,0.0,100.0,0.0009620999917387962,0.0008639000006951392,0.00010999999358318746,0.03635569999460131,0.03923600001144223,0.025857699976768345,0.0835261000029277,0.0052721000101882964,0.09585450001759455,0.005582899990258738,0.0002553999947849661
0.7,Weighted LP3 ($ 	heta $ Only),12,120,0.0,,0,0,0,0,0.0,0.0,100.0,0.0024327999853994697,0.0105489999987185,0.00010010000551119447,0.1073399999877438,0.06149220000952482,0.02815040000132285,0.003187499998603016,0.0041523000109009445,0.007009699998889118,0.0031639999942854047,0.00023320000036619604
0.7,Weighted LP3 ($ 	heta $ Only),13,133,0.0,,0,0,0,0,0.0,0.0,100.0,0.0012489999935496598,0.0010408999805804342,9.210000280290842e-05,0.043678599991835654,0.07804239998222329,0.042524399992544204,0.0031703999848105013,0.004055400000652298,0.004515700013143942,0.002866299997549504,0.00010939998901449144
0.7,Weighted LP3 ($ 	heta $ Only),14,147,0.0,,0,0,0,0,0.0,0.0,100.0,0.0007610000029671937,0.0010120999941136688,5.09000092279166e-05,0.03251630000886507,0.05071120001957752,0.03775859999586828,0.0029165000014472753,0.005512300005648285,0.0036626000073738396,0.0028264000138733536,0.00010770000517368317
0.7,Weighted LP3 ($ 	heta $ Only),15,162,0.0,,0,0,0,0,0.0,0.0,100.0,0.0007680999988224357,0.000881900021340698,4.8200017772614956e-05,0.036747399979503825,0.0542622999928426,0.024652699998114258,0.004219299997203052,0.002805700001772493,0.002802000002702698,0.00288620000355877,0.00010740000288933516
0.7,Weighted LP3 ($ 	heta $ Only),16,178,0.0,,0,0,0,0,0.0,0.0,100.0,0.0011955999943893403,0.0007989000005181879,4.73999825771898e-05,0.03728000001865439,0.06128490000264719,0.035668999975314364,0.0030454999941866845,0.004073499992955476,0.010485899983905256,0.002975199982756749,0.00010879998444579542
0.7,Weighted LP3 ($ 	heta $ Only),17,195,0.0,,0,0,0,0,0.0,0.0,100.0,0.0009067999781109393,0.0009064000041689724,0.00011910000466741621,0.051204999996116385,0.06400959999882616,0.037025900004664436,0.003004099999088794,0.004585699993185699,0.003413800004636869,0.005680600006598979,0.00018510001245886087
0.7,Weighted LP3 ($ 	heta $ Only),18,213,0.0,,0,0,0,0,0.0,0.0,100.0,0.0008090999908745289,0.0025074000004678965,5.7199998991563916e-05,0.037446799979079515,0.09083909998298623,0.08249179998529144,0.0033325999975204468,0.0060345999954734,0.0064894999959506094,0.0028952000138815492,0.00012159999459981918
0.7,Weighted LP3 ($ 	heta $ Only),19,232,0.0,,4,0,0,0,0.0,0.0,100.0,0.0011791999859269708,0.0031642999965697527,0.00031350000062957406,0.039995300001464784,0.0821437000122387,0.03915150000830181,0.0033427999878767878,0.0031781999859958887,0.002887100010411814,0.0026517999940551817,8.910000906325877e-05
0.7,Weighted LP3 ($ 	heta $ Only),20,252,0.0,,1,0,0,0,0.0,0.0,100.0,0.008786199992755428,0.0017681999888736755,0.00024050002684816718,0.0619101999909617,0.05423599999630824,0.02848690000246279,0.0033679000043775886,0.002661700011231005,0.005274299997836351,0.003790499991737306,0.00021749999723397195
0.7,Weighted LP3 ($ 	heta $ Only),21,273,0.0,,0,0,0,0,0.0,0.0,100.0,0.0007777000137139112,0.001126500021200627,0.0001036000030580908,0.03380879998439923,0.06979829998454079,0.02527600000030361,0.0035829000116791576,0.0040997999894898385,0.004030600015539676,0.008556499989936128,0.00010869998368434608
0.7,Weighted LP3 ($ 	heta $ Only),22,295,0.0,,1,0,0,0,0.0,0.0,100.0,0.0008393999887630343,0.001177600002847612,0.00012110001989640296,0.03755269999965094,0.05571229997440241,0.029422699997667223,0.002894200006267056,0.00496930000372231,0.003224399988539517,0.00379740001517348,0.0001765000051818788
0.7,Weighted LP3 ($ 	heta $ Only),23,318,0.0,,1,0,0,0,0.0,0.0,100.0,0.0007572000031359494,0.0008531000057701021,0.00011169997742399573,0.04435499999090098,0.07444060000125319,0.02457069998490624,0.0030658000032417476,0.0034465999924577773,0.002748899976722896,0.005164000001968816,0.0004383999912533909
0.7,Weighted LP3 ($ 	heta $ Only),24,342,0.0,,0,0,0,0,0.0,0.0,100.0,0.0012234000023454428,0.0016280999989248812,6.489999941550195e-05,0.03954810000141151,0.0562729999946896,0.01800579999689944,0.004893900011666119,0.0034426999918650836,0.005394799984060228,0.0032580000115558505,0.00030429998878389597
0.7,Weighted LP3 ($ 	heta $ Only),25,367,0.0,,0,0,0,0,0.0,0.0,100.0,0.009705400007078424,0.0019019000174012035,8.399999933317304e-05,0.06670379999559373,0.05564180001965724,0.03479870001319796,0.003997799998614937,0.002838099986547604,0.006384699983755127,0.002918299986049533,0.00011990001075901091
0.7,Weighted LP3 ($ 	heta $ Only),26,393,0.0,,0,0,0,0,0.0,0.0,100.0,0.0013223000278230757,0.0013951000000815839,6.290001329034567e-05,0.03843569997115992,0.05555699998512864,0.025363199994899333,0.0057474999921396375,0.004687999986344948,0.0028549999988172203,0.00413069999194704,0.00010790000669658184
0.7,Weighted LP3 ($ 	heta $ Only),27,420,0.0,,2,0,0,0,0.0,0.0,100.0,0.0007794999983161688,0.001181900006486103,0.00011289998656138778,0.026480000000447035,0.06856870002229698,0.03276599998935126,0.0030334999901242554,0.0031756999960634857,0.005483299988554791,0.0035086999996565282,9.919999865815043e-05
0.7,Weighted LP3 ($ 	heta $ Only),28,448,0.0,,2,0,0,0,0.0,0.0,100.0,0.0013704999873880297,0.0009456999832764268,0.00012660000356845558,0.03660709998803213,0.06651469998178072,0.03178079999634065,0.00852360000135377,0.0035275999980513006,0.002701699995668605,0.003184600005624816,9.859999408945441e-05
0.7,Weighted LP3 ($ 	heta $ Only),29,477,0.0,,0,0,0,0,0.0,0.0,100.0,0.0009377000096719712,0.0010204999998677522,5.0700007705017924e-05,0.0403779000043869,0.06744790001539513,0.03536169999279082,0.00476340000750497,0.004957299999659881,0.004046399990329519,0.0038000000058673322,0.0001838000025600195
0.7,Weighted LP3 ($ 	heta $ Only),30,507,0.0,,0,0,0,0,0.0,0.0,100.0,0.0007591999892611057,0.000826900009997189,0.0003045000194106251,0.037664800009224564,0.0656093999859877,0.024072000000160187,0.005199600011110306,0.003503499989164993,0.0028190999873913825,0.002816799998981878,0.00010880001354962587
0.7,Weighted LP3 ($ 	heta $ Only),31,538,0.0,,0,0,0,0,0.0,0.0,100.0,0.0007630999898537993,0.0009928999934345484,0.000451300002168864,0.03405729998485185,0.052871700027026236,0.033070100005716085,0.0036318999773357064,0.006832799990661442,0.0037140999920666218,0.003482200001599267,0.00018350000027567148
0.7,Weighted LP3 ($ 	heta $ Only),32,570,0.0,,0,0,0,0,0.0,0.0,100.0,0.00075559999095276,0.0008498000097461045,4.650000482797623e-05,0.034554600017145276,0.058953600004315376,0.025140300014754757,0.0062661000119987875,0.002925300010247156,0.003565499995602295,0.0030255999881774187,0.0001379000023007393
0.7,Weighted LP3 ($ 	heta $ Only),33,603,0.0,,0,0,0,0,0.0,0.0,100.0,0.0007770000083837658,0.0015087999927345663,0.00013639999087899923,0.03655299998354167,0.0702445000060834,0.02849570001126267,0.0029371999844443053,0.002804499992635101,0.004825099982554093,0.0031079000036697835,0.00018500001169741154
0.7,Weighted LP3 ($ 	heta $ Only),34,637,0.0,,0,0,0,0,0.0,0.0,100.0,0.0007557999924756587,0.0009163999930024147,4.7200010158121586e-05,0.029723200015723705,0.11723410000558943,0.04540810000617057,0.0040277999942190945,0.0037878000002820045,0.0078436000039801,0.003136399987852201,0.00010960001964122057
0.7,Weighted LP3 ($ 	heta $ Only),35,672,0.0,,1,0,0,0,0.0,0.0,100.0,0.0009124000207521021,0.0008276999869849533,0.00014540000120177865,0.05634840001584962,0.10397359999478795,0.04580849999911152,0.0051404999976512045,0.0038309000083245337,0.006419499986805022,0.0030897000106051564,0.00017690000822767615
0.7,Weighted LP3 ($ 	heta $ Only),36,708,0.0,,0,0,0,0,0.0,0.0,100.0,0.001420399989001453,0.0008557000255677849,4.8200017772614956e-05,0.0425223000056576,0.05210090000764467,0.03554700000677258,0.004264999995939434,0.007391299994196743,0.002877500024624169,0.002914399985456839,0.00011569997877813876
0.7,Weighted LP3 ($ 	heta $ Only),37,745,0.0,,0,0,0,0,0.0,0.0,100.0,0.0012915999977849424,0.0018311000021640211,0.0002835999766830355,0.047259800019674,0.05936019998625852,0.022438600019086152,0.002937000012025237,0.006121699989307672,0.002856700011761859,0.0033850999898277223,0.00013800000306218863
0.7,Weighted LP3 ($ 	heta $ Only),38,783,0.0,,0,0,0,0,0.0,0.0,100.0,0.0008476999937556684,0.0010677999816834927,4.7699984861537814e-05,0.03498550000949763,0.06113399998866953,0.03511399999842979,0.0038191000057850033,0.0033832000044640154,0.005446499999379739,0.0034017999714706093,0.0002796000044327229
0.7,Weighted LP3 ($ 	heta $ Only),39,822,0.0,,0,0,0,0,0.0,0.0,100.0,0.0019854999845847487,0.0009103000047616661,4.8699992476031184e-05,0.043503599998075515,0.06281099998159334,0.019261299981735647,0.002987199986819178,0.0029731999966315925,0.0030774000042583793,0.0034231000172439963,0.0001100999943446368
0.7,Weighted LP3 ($ 	heta $ Only),40,862,0.0,,1,0,0,0,0.0,0.0,100.0,0.0035377000167500228,0.0009284999978262931,0.00012909999350085855,0.030264200002420694,0.06073269998887554,0.0224820000003092,0.0032257999991998076,0.002817400003550574,0.002669000008609146,0.003669500001706183,0.0001781000173650682
0.7,Weighted LP3 ($ 	heta $ Only),41,903,0.0,,1,0,0,0,0.0,0.0,100.0,0.000765799981309101,0.0018196000019088387,0.00017860002117231488,0.04114740001386963,0.10330160000012256,0.03303430002415553,0.006644400011282414,0.0030206999799702317,0.00338400001055561,0.0027483000012580305,0.00010510001447983086
0.7,Weighted LP3 ($ 	heta $ Only),42,945,0.0,,0,0,0,0,0.0,0.0,100.0,0.0007702000148128718,0.0027587999938987195,6.520000169984996e-05,0.03399549997993745,0.051399200019659474,0.02063740001176484,0.006494800007203594,0.003972700011217967,0.003438199986703694,0.0034050999965984374,0.00019130000146105886
0.7,Weighted LP3 ($ 	heta $ Only),43,988,0.0,,0,0,0,0,0.0,0.0,100.0,0.0007548999856226146,0.001416999992216006,5.2000017603859305e-05,0.03407679998781532,0.041251499991631135,0.028785300004528835,0.003382800001418218,0.003236300020944327,0.0037594999885186553,0.004699900018749759,0.00011230001109652221
0.7,Weighted LP3 ($ 	heta $ Only),44,1032,0.0,,0,0,0,0,0.0,0.0,100.0,0.0007642999989911914,0.0009071000094991177,4.67000063508749e-05,0.029277399997226894,0.05652220000047237,0.04678659999626689,0.003024100005859509,0.004904700006591156,0.005093599989777431,0.0034724999859463423,0.0001404999929945916
0.7,Weighted LP3 ($ 	heta $ Only),45,1077,0.0,,1,0,0,0,0.0,0.0,100.0,0.0007817999867256731,0.0008140999998431653,0.00011640001321211457,0.11793989999569021,0.07206269999733195,0.025333700003102422,0.003011499997228384,0.009240599989425391,0.0035090000019408762,0.00536640000063926,0.00027749998844228685
0.7,Weighted LP3 ($ 	heta $ Only),46,1123,0.0,,0,0,0,0,0.0,0.0,100.0,0.0032979999959934503,0.001476600009482354,5.360000068321824e-05,0.03776500001549721,0.07757829999900423,0.1622040000220295,0.004777299996931106,0.008275299973320216,0.0032836000027600676,0.004145799990510568,0.00010900001507252455
0.7,Weighted LP3 ($ 	heta $ Only),47,1170,0.0,,3,0,0,0,0.0,0.0,100.0,0.0008834000036586076,0.0018146999937016517,0.00012959999730810523,0.03183419999550097,0.06145939999260008,0.044190999993588775,0.002683500002603978,0.0029211000073701143,0.0023339999897871166,0.002326699992408976,8.92000098247081e-05
0.7,Weighted LP3 ($ 	heta $ Only),48,1218,0.0,,0,0,0,0,0.0,0.0,100.0,0.0009180000051856041,0.0036023999855387956,9.159999899566174e-05,0.041518300015013665,0.07357979999505915,0.21969820000231266,0.0060939000104554,0.005055099987657741,0.006307000003289431,0.006164299993542954,0.0002741999924182892
0.7,Weighted LP3 ($ 	heta $ Only),49,1267,0.0,,2,0,0,0,0.0,0.0,100.0,0.0013569000002462417,0.005200499988859519,0.00025660000392235816,0.047194199985824525,0.05885079997824505,0.04609829999390058,0.003501300001516938,0.006440100027248263,0.00322839998989366,0.003538499993737787,0.0001686000032350421
0.7,Borda LP3 ($ 	heta $ Only),0,42,0.0,,0,0,0,0,0.0,0.0,100.0,0.001575700007379055,0.001988800009712577,8.650001836940646e-05,0.06024340001749806,0.04918150001321919,0.026177699997788295,0.004355199984274805,0.003933400003006682,0.003311700013000518,0.008333600009791553,0.00029779999749735
0.7,Borda LP3 ($ 	heta $ Only),1,43,0.0,,3,0,0,0,0.0,0.0,100.0,0.0019548000127542764,0.0023689000227022916,0.00023380000493489206,0.03640650000306778,0.04041669997968711,0.016102699999464676,0.002526499971281737,0.0024081000010482967,0.002343000000109896,0.0025271000049542636,0.00010899998596869409
0.7,Borda LP3 ($ 	heta $ Only),2,45,0.0,,0,0,0,0,0.0,0.0,100.0,0.004047900001751259,0.0010069000127259642,5.3099996875971556e-05,0.034092299989424646,0.05608619999838993,0.023417799995513633,0.002956300013465807,0.002818500011926517,0.0027962999884039164,0.0034465999924577773,0.0004589000018313527
0.7,Borda LP3 ($ 	heta $ Only),3,48,0.0,,1,0,0,0,0.0,0.0,100.0,0.0011153999948874116,0.0012349000026006252,0.00015800000983290374,0.03806659998372197,0.055869300005724654,0.022820500016678125,0.0032432999869342893,0.0031302999996114522,0.005047499987995252,0.0035902000090572983,0.00010160001693293452
0.7,Borda LP3 ($ 	heta $ Only),4,52,0.0,,0,0,0,0,0.0,0.0,100.0,0.0007556999917142093,0.0009103000047616661,4.610000178217888e-05,0.036916400014888495,0.05497620001551695,0.02773549998528324,0.004053499986184761,0.003285299986600876,0.00623460000497289,0.003666100004920736,0.00010879998444579542
0.7,Borda LP3 ($ 	heta $ Only),5,57,0.0,,0,0,0,0,0.0,0.0,100.0,0.0007628999883309007,0.0010500999924261123,6.229997961781919e-05,0.033717700018314645,0.061499200004618615,0.02087569999275729,0.004911199997877702,0.005087500001536682,0.005114300001878291,0.005961699993349612,0.00025430001551285386
0.7,Borda LP3 ($ 	heta $ Only),6,63,0.0,,5,0,0,0,0.0,0.0,100.0,0.005037700000684708,0.0017595999815966934,0.0001934999891091138,0.04961450002156198,0.05389899999136105,0.021869600022910163,0.002405100007308647,0.0022561000077985227,0.007999499997822568,0.0026288999943062663,8.379999781027436e-05
0.7,Borda LP3 ($ 	heta $ Only),7,70,0.0,,1,0,0,0,0.0,0.0,100.0,0.0011868999863509089,0.0012695000041276217,0.00013259999104775488,0.04057039998588152,0.09176630000001751,0.03729330000351183,0.002844499977072701,0.002702600002521649,0.00496489999932237,0.002964300016174093,0.00013620001845993102
0.7,Borda LP3 ($ 	heta $ Only),8,78,0.0,,1,0,0,0,0.0,0.0,100.0,0.0007813000120222569,0.001247100008185953,0.00015579999308101833,0.044391300005372614,0.06725699998787604,0.04227269999682903,0.004639999999199063,0.0031531999993603677,0.0066454999905545264,0.005539200006751344,0.00012240000069141388
0.7,Borda LP3 ($ 	heta $ Only),9,87,0.0,,0,0,0,0,0.0,0.0,100.0,0.0011450000165496022,0.0008941999985836446,4.67000063508749e-05,0.06322430001455359,0.06984179999562912,0.03433569998014718,0.008021599991479889,0.003543799975886941,0.004094600008102134,0.007705100026214495,0.00010999999358318746
0.7,Borda LP3 ($ 	heta $ Only),10,97,0.0,,1,0,0,0,0.0,0.0,100.0,0.0009369000035803765,0.0016583999968133867,0.00013180001405999064,0.04492260000552051,0.06722230001469143,0.022339199989801273,0.0027647000097204,0.00764510000590235,0.0036037999961990863,0.0027216000016778708,0.00011560000712051988
0.7,Borda LP3 ($ 	heta $ Only),11,108,0.0,,2,0,0,0,0.0,0.0,100.0,0.0009620999917387962,0.0008639000006951392,0.00010999999358318746,0.03635569999460131,0.03923600001144223,0.025857699976768345,0.0835261000029277,0.0052721000101882964,0.09585450001759455,0.005582899990258738,0.0002553999947849661
0.7,Borda LP3 ($ 	heta $ Only),12,120,0.0,,0,0,0,0,0.0,0.0,100.0,0.0024327999853994697,0.0105489999987185,0.00010010000551119447,0.1073399999877438,0.06149220000952482,0.02815040000132285,0.003187499998603016,0.0041523000109009445,0.007009699998889118,0.0031639999942854047,0.00023320000036619604
0.7,Borda LP3 ($ 	heta $ Only),13,133,0.0,,0,0,0,0,0.0,0.0,100.0,0.0012489999935496598,0.0010408999805804342,9.210000280290842e-05,0.043678599991835654,0.07804239998222329,0.042524399992544204,0.0031703999848105013,0.004055400000652298,0.004515700013143942,0.002866299997549504,0.00010939998901449144
0.7,Borda LP3 ($ 	heta $ Only),14,147,0.0,,0,0,0,0,0.0,0.0,100.0,0.0007610000029671937,0.0010120999941136688,5.09000092279166e-05,0.03251630000886507,0.05071120001957752,0.03775859999586828,0.0029165000014472753,0.005512300005648285,0.0036626000073738396,0.0028264000138733536,0.00010770000517368317
0.7,Borda LP3 ($ 	heta $ Only),15,162,0.0,,0,0,0,0,0.0,0.0,100.0,0.0007680999988224357,0.000881900021340698,4.8200017772614956e-05,0.036747399979503825,0.0542622999928426,0.024652699998114258,0.004219299997203052,0.002805700001772493,0.002802000002702698,0.00288620000355877,0.00010740000288933516
0.7,Borda LP3 ($ 	heta $ Only),16,178,0.0,,0,0,0,0,0.0,0.0,100.0,0.0011955999943893403,0.0007989000005181879,4.73999825771898e-05,0.03728000001865439,0.06128490000264719,0.035668999975314364,0.0030454999941866845,0.004073499992955476,0.010485899983905256,0.002975199982756749,0.00010879998444579542
0.7,Borda LP3 ($ 	heta $ Only),17,195,0.0,,0,0,0,0,0.0,0.0,100.0,0.0009067999781109393,0.0009064000041689724,0.00011910000466741621,0.051204999996116385,0.06400959999882616,0.037025900004664436,0.003004099999088794,0.004585699993185699,0.003413800004636869,0.005680600006598979,0.00018510001245886087
0.7,Borda LP3 ($ 	heta $ Only),18,213,0.0,,0,0,0,0,0.0,0.0,100.0,0.0008090999908745289,0.0025074000004678965,5.7199998991563916e-05,0.037446799979079515,0.09083909998298623,0.08249179998529144,0.0033325999975204468,0.0060345999954734,0.0064894999959506094,0.0028952000138815492,0.00012159999459981918
0.7,Borda LP3 ($ 	heta $ Only),19,232,0.0,,4,0,0,0,0.0,0.0,100.0,0.0011791999859269708,0.0031642999965697527,0.00031350000062957406,0.039995300001464784,0.0821437000122387,0.03915150000830181,0.0033427999878767878,0.0031781999859958887,0.002887100010411814,0.0026517999940551817,8.910000906325877e-05
0.7,Borda LP3 ($ 	heta $ Only),20,252,0.0,,1,0,0,0,0.0,0.0,100.0,0.008786199992755428,0.0017681999888736755,0.00024050002684816718,0.0619101999909617,0.05423599999630824,0.02848690000246279,0.0033679000043775886,0.002661700011231005,0.005274299997836351,0.003790499991737306,0.00021749999723397195
0.7,Borda LP3 ($ 	heta $ Only),21,273,0.0,,0,0,0,0,0.0,0.0,100.0,0.0007777000137139112,0.001126500021200627,0.0001036000030580908,0.03380879998439923,0.06979829998454079,0.02527600000030361,0.0035829000116791576,0.0040997999894898385,0.004030600015539676,0.008556499989936128,0.00010869998368434608
0.7,Borda LP3 ($ 	heta $ Only),22,295,0.0,,1,0,0,0,0.0,0.0,100.0,0.0008393999887630343,0.001177600002847612,0.00012110001989640296,0.03755269999965094,0.05571229997440241,0.029422699997667223,0.002894200006267056,0.00496930000372231,0.003224399988539517,0.00379740001517348,0.0001765000051818788
0.7,Borda LP3 ($ 	heta $ Only),23,318,0.0,,1,0,0,0,0.0,0.0,100.0,0.0007572000031359494,0.0008531000057701021,0.00011169997742399573,0.04435499999090098,0.07444060000125319,0.02457069998490624,0.0030658000032417476,0.0034465999924577773,0.002748899976722896,0.005164000001968816,0.0004383999912533909
0.7,Borda LP3 ($ 	heta $ Only),24,342,0.0,,0,0,0,0,0.0,0.0,100.0,0.0012234000023454428,0.0016280999989248812,6.489999941550195e-05,0.03954810000141151,0.0562729999946896,0.01800579999689944,0.004893900011666119,0.0034426999918650836,0.005394799984060228,0.0032580000115558505,0.00030429998878389597
0.7,Borda LP3 ($ 	heta $ Only),25,367,0.0,,0,0,0,0,0.0,0.0,100.0,0.009705400007078424,0.0019019000174012035,8.399999933317304e-05,0.06670379999559373,0.05564180001965724,0.03479870001319796,0.003997799998614937,0.002838099986547604,0.006384699983755127,0.002918299986049533,0.00011990001075901091
0.7,Borda LP3 ($ 	heta $ Only),26,393,0.0,,0,0,0,0,0.0,0.0,100.0,0.0013223000278230757,0.0013951000000815839,6.290001329034567e-05,0.03843569997115992,0.05555699998512864,0.025363199994899333,0.0057474999921396375,0.004687999986344948,0.0028549999988172203,0.00413069999194704,0.00010790000669658184
0.7,Borda LP3 ($ 	heta $ Only),27,420,0.0,,2,0,0,0,0.0,0.0,100.0,0.0007794999983161688,0.001181900006486103,0.00011289998656138778,0.026480000000447035,0.06856870002229698,0.03276599998935126,0.0030334999901242554,0.0031756999960634857,0.005483299988554791,0.0035086999996565282,9.919999865815043e-05
0.7,Borda LP3 ($ 	heta $ Only),28,448,0.0,,2,0,0,0,0.0,0.0,100.0,0.0013704999873880297,0.0009456999832764268,0.00012660000356845558,0.03660709998803213,0.06651469998178072,0.03178079999634065,0.00852360000135377,0.0035275999980513006,0.002701699995668605,0.003184600005624816,9.859999408945441e-05
0.7,Borda LP3 ($ 	heta $ Only),29,477,0.0,,0,0,0,0,0.0,0.0,100.0,0.0009377000096719712,0.0010204999998677522,5.0700007705017924e-05,0.0403779000043869,0.06744790001539513,0.03536169999279082,0.00476340000750497,0.004957299999659881,0.004046399990329519,0.0038000000058673322,0.0001838000025600195
0.7,Borda LP3 ($ 	heta $ Only),30,507,0.0,,0,0,0,0,0.0,0.0,100.0,0.0007591999892611057,0.000826900009997189,0.0003045000194106251,0.037664800009224564,0.0656093999859877,0.024072000000160187,0.005199600011110306,0.003503499989164993,0.0028190999873913825,0.002816799998981878,0.00010880001354962587
0.7,Borda LP3 ($ 	heta $ Only),31,538,0.0,,0,0,0,0,0.0,0.0,100.0,0.0007630999898537993,0.0009928999934345484,0.000451300002168864,0.03405729998485185,0.052871700027026236,0.033070100005716085,0.0036318999773357064,0.006832799990661442,0.0037140999920666218,0.003482200001599267,0.00018350000027567148
0.7,Borda LP3 ($ 	heta $ Only),32,570,0.0,,0,0,0,0,0.0,0.0,100.0,0.00075559999095276,0.0008498000097461045,4.650000482797623e-05,0.034554600017145276,0.058953600004315376,0.025140300014754757,0.0062661000119987875,0.002925300010247156,0.003565499995602295,0.0030255999881774187,0.0001379000023007393
0.7,Borda LP3 ($ 	heta $ Only),33,603,0.0,,0,0,0,0,0.0,0.0,100.0,0.0007770000083837658,0.0015087999927345663,0.00013639999087899923,0.03655299998354167,0.0702445000060834,0.02849570001126267,0.0029371999844443053,0.002804499992635101,0.004825099982554093,0.0031079000036697835,0.00018500001169741154
0.7,Borda LP3 ($ 	heta $ Only),34,637,0.0,,0,0,0,0,0.0,0.0,100.0,0.0007557999924756587,0.0009163999930024147,4.7200010158121586e-05,0.029723200015723705,0.11723410000558943,0.04540810000617057,0.0040277999942190945,0.0037878000002820045,0.0078436000039801,0.003136399987852201,0.00010960001964122057
0.7,Borda LP3 ($ 	heta $ Only),35,672,0.0,,1,0,0,0,0.0,0.0,100.0,0.0009124000207521021,0.0008276999869849533,0.00014540000120177865,0.05634840001584962,0.10397359999478795,0.04580849999911152,0.0051404999976512045,0.0038309000083245337,0.006419499986805022,0.0030897000106051564,0.00017690000822767615
0.7,Borda LP3 ($ 	heta $ Only),36,708,0.0,,0,0,0,0,0.0,0.0,100.0,0.001420399989001453,0.0008557000255677849,4.8200017772614956e-05,0.0425223000056576,0.05210090000764467,0.03554700000677258,0.004264999995939434,0.007391299994196743,0.002877500024624169,0.002914399985456839,0.00011569997877813876
0.7,Borda LP3 ($ 	heta $ Only),37,745,0.0,,0,0,0,0,0.0,0.0,100.0,0.0012915999977849424,0.0018311000021640211,0.0002835999766830355,0.047259800019674,0.05936019998625852,0.022438600019086152,0.002937000012025237,0.006121699989307672,0.002856700011761859,0.0033850999898277223,0.00013800000306218863
0.7,Borda LP3 ($ 	heta $ Only),38,783,0.0,,0,0,0,0,0.0,0.0,100.0,0.0008476999937556684,0.0010677999816834927,4.7699984861537814e-05,0.03498550000949763,0.06113399998866953,0.03511399999842979,0.0038191000057850033,0.0033832000044640154,0.005446499999379739,0.0034017999714706093,0.0002796000044327229
0.7,Borda LP3 ($ 	heta $ Only),39,822,0.0,,0,0,0,0,0.0,0.0,100.0,0.0019854999845847487,0.0009103000047616661,4.8699992476031184e-05,0.043503599998075515,0.06281099998159334,0.019261299981735647,0.002987199986819178,0.0029731999966315925,0.0030774000042583793,0.0034231000172439963,0.0001100999943446368
0.7,Borda LP3 ($ 	heta $ Only),40,862,0.0,,1,0,0,0,3.907985046680551e-14,16.666666666666668,83.33333333333333,0.0035377000167500228,0.0009284999978262931,0.00012909999350085855,0.030264200002420694,0.06073269998887554,0.0224820000003092,0.0032257999991998076,0.002817400003550574,0.002669000008609146,0.003669500001706183,0.0001781000173650682
0.7,Borda LP3 ($ 	heta $ Only),41,903,0.0,,1,0,0,0,0.0,0.0,100.0,0.000765799981309101,0.0018196000019088387,0.00017860002117231488,0.04114740001386963,0.10330160000012256,0.03303430002415553,0.006644400011282414,0.0030206999799702317,0.00338400001055561,0.0027483000012580305,0.00010510001447983086
0.7,Borda LP3 ($ 	heta $ Only),42,945,0.0,,0,0,0,0,0.0,0.0,100.0,0.0007702000148128718,0.0027587999938987195,6.520000169984996e-05,0.03399549997993745,0.051399200019659474,0.02063740001176484,0.006494800007203594,0.003972700011217967,0.003438199986703694,0.0034050999965984374,0.00019130000146105886
0.7,Borda LP3 ($ 	heta $ Only),43,988,0.0,,0,0,0,0,0.0,0.0,100.0,0.0007548999856226146,0.001416999992216006,5.2000017603859305e-05,0.03407679998781532,0.041251499991631135,0.028785300004528835,0.003382800001418218,0.003236300020944327,0.0037594999885186553,0.004699900018749759,0.00011230001109652221
0.7,Borda LP3 ($ 	heta $ Only),44,1032,0.0,,0,0,0,0,0.0,0.0,100.0,0.0007642999989911914,0.0009071000094991177,4.67000063508749e-05,0.029277399997226894,0.05652220000047237,0.04678659999626689,0.003024100005859509,0.004904700006591156,0.005093599989777431,0.0034724999859463423,0.0001404999929945916
0.7,Borda LP3 ($ 	heta $ Only),45,1077,0.0,,1,0,0,0,0.0,0.0,100.0,0.0007817999867256731,0.0008140999998431653,0.00011640001321211457,0.11793989999569021,0.07206269999733195,0.025333700003102422,0.003011499997228384,0.009240599989425391,0.0035090000019408762,0.00536640000063926,0.00027749998844228685
0.7,Borda LP3 ($ 	heta $ Only),46,1123,0.0,,0,0,0,0,0.0,0.0,100.0,0.0032979999959934503,0.001476600009482354,5.360000068321824e-05,0.03776500001549721,0.07757829999900423,0.1622040000220295,0.004777299996931106,0.008275299973320216,0.0032836000027600676,0.004145799990510568,0.00010900001507252455
0.7,Borda LP3 ($ 	heta $ Only),47,1170,0.0,,3,0,0,0,0.0,0.0,100.0,0.0008834000036586076,0.0018146999937016517,0.00012959999730810523,0.03183419999550097,0.06145939999260008,0.044190999993588775,0.002683500002603978,0.0029211000073701143,0.0023339999897871166,0.002326699992408976,8.92000098247081e-05
0.7,Borda LP3 ($ 	heta $ Only),48,1218,0.0,,0,0,0,0,0.0,0.0,100.0,0.0009180000051856041,0.0036023999855387956,9.159999899566174e-05,0.041518300015013665,0.07357979999505915,0.21969820000231266,0.0060939000104554,0.005055099987657741,0.006307000003289431,0.006164299993542954,0.0002741999924182892
0.7,Borda LP3 ($ 	heta $ Only),49,1267,0.0,,2,0,0,0,0.0,0.0,100.0,0.0013569000002462417,0.005200499988859519,0.00025660000392235816,0.047194199985824525,0.05885079997824505,0.04609829999390058,0.003501300001516938,0.006440100027248263,0.00322839998989366,0.003538499993737787,0.0001686000032350421
0.7,Linear BTL,0,42,,-25.276207342280532,0,1,0,1,,,,0.001575700007379055,0.001988800009712577,8.650001836940646e-05,0.06024340001749806,0.04918150001321919,0.026177699997788295,0.004355199984274805,0.003933400003006682,0.003311700013000518,0.008333600009791553,0.00029779999749735
0.7,Linear BTL,1,43,,-29.16892143735152,3,1,0,1,,,,0.0019548000127542764,0.0023689000227022916,0.00023380000493489206,0.03640650000306778,0.04041669997968711,0.016102699999464676,0.002526499971281737,0.0024081000010482967,0.002343000000109896,0.0025271000049542636,0.00010899998596869409
0.7,Linear BTL,2,45,,-24.504803734925943,0,0,0,0,,,,0.004047900001751259,0.0010069000127259642,5.3099996875971556e-05,0.034092299989424646,0.05608619999838993,0.023417799995513633,0.002956300013465807,0.002818500011926517,0.0027962999884039164,0.0034465999924577773,0.0004589000018313527
0.7,Linear BTL,3,48,,-23.96702262952214,1,0,0,0,,,,0.0011153999948874116,0.0012349000026006252,0.00015800000983290374,0.03806659998372197,0.055869300005724654,0.022820500016678125,0.0032432999869342893,0.0031302999996114522,0.005047499987995252,0.0035902000090572983,0.00010160001693293452
0.7,Linear BTL,4,52,,-24.10128358684779,0,2,0,2,,,,0.0007556999917142093,0.0009103000047616661,4.610000178217888e-05,0.036916400014888495,0.05497620001551695,0.02773549998528324,0.004053499986184761,0.003285299986600876,0.00623460000497289,0.003666100004920736,0.00010879998444579542
0.7,Linear BTL,5,57,,-19.206166842981222,0,0,0,0,,,,0.0007628999883309007,0.0010500999924261123,6.229997961781919e-05,0.033717700018314645,0.061499200004618615,0.02087569999275729,0.004911199997877702,0.005087500001536682,0.005114300001878291,0.005961699993349612,0.00025430001551285386
0.7,Linear BTL,6,63,,-29.517387292378952,5,0,0,0,,,,0.005037700000684708,0.0017595999815966934,0.0001934999891091138,0.04961450002156198,0.05389899999136105,0.021869600022910163,0.002405100007308647,0.0022561000077985227,0.007999499997822568,0.0026288999943062663,8.379999781027436e-05
0.7,Linear BTL,7,70,,-21.974700755034785,1,1,0,1,,,,0.0011868999863509089,0.0012695000041276217,0.00013259999104775488,0.04057039998588152,0.09176630000001751,0.03729330000351183,0.002844499977072701,0.002702600002521649,0.00496489999932237,0.002964300016174093,0.00013620001845993102
0.7,Linear BTL,8,78,,-18.285125949749307,1,1,0,1,,,,0.0007813000120222569,0.001247100008185953,0.00015579999308101833,0.044391300005372614,0.06725699998787604,0.04227269999682903,0.004639999999199063,0.0031531999993603677,0.0066454999905545264,0.005539200006751344,0.00012240000069141388
0.7,Linear BTL,9,87,,-20.792681858275046,0,0,0,0,,,,0.0011450000165496022,0.0008941999985836446,4.67000063508749e-05,0.06322430001455359,0.06984179999562912,0.03433569998014718,0.008021599991479889,0.003543799975886941,0.004094600008102134,0.007705100026214495,0.00010999999358318746
0.7,Linear BTL,10,97,,-21.572802622897054,1,2,0,2,,,,0.0009369000035803765,0.0016583999968133867,0.00013180001405999064,0.04492260000552051,0.06722230001469143,0.022339199989801273,0.0027647000097204,0.00764510000590235,0.0036037999961990863,0.0027216000016778708,0.00011560000712051988
0.7,Linear BTL,11,108,,-29.16892164034065,2,0,0,0,,,,0.0009620999917387962,0.0008639000006951392,0.00010999999358318746,0.03635569999460131,0.03923600001144223,0.025857699976768345,0.0835261000029277,0.0052721000101882964,0.09585450001759455,0.005582899990258738,0.0002553999947849661
0.7,Linear BTL,12,120,,-20.808465556210514,0,2,0,2,,,,0.0024327999853994697,0.0105489999987185,0.00010010000551119447,0.1073399999877438,0.06149220000952482,0.02815040000132285,0.003187499998603016,0.0041523000109009445,0.007009699998889118,0.0031639999942854047,0.00023320000036619604
0.7,Linear BTL,13,133,,-14.442230382759442,0,2,0,2,,,,0.0012489999935496598,0.0010408999805804342,9.210000280290842e-05,0.043678599991835654,0.07804239998222329,0.042524399992544204,0.0031703999848105013,0.004055400000652298,0.004515700013143942,0.002866299997549504,0.00010939998901449144
0.7,Linear BTL,14,147,,-18.98021339339267,0,0,0,0,,,,0.0007610000029671937,0.0010120999941136688,5.09000092279166e-05,0.03251630000886507,0.05071120001957752,0.03775859999586828,0.0029165000014472753,0.005512300005648285,0.0036626000073738396,0.0028264000138733536,0.00010770000517368317
0.7,Linear BTL,15,162,,-23.00738771637645,0,1,0,1,,,,0.0007680999988224357,0.000881900021340698,4.8200017772614956e-05,0.036747399979503825,0.0542622999928426,0.024652699998114258,0.004219299997203052,0.002805700001772493,0.002802000002702698,0.00288620000355877,0.00010740000288933516
0.7,Linear BTL,16,178,,-14.45945444279335,0,0,0,0,,,,0.0011955999943893403,0.0007989000005181879,4.73999825771898e-05,0.03728000001865439,0.06128490000264719,0.035668999975314364,0.0030454999941866845,0.004073499992955476,0.010485899983905256,0.002975199982756749,0.00010879998444579542
0.7,Linear BTL,17,195,,-16.25191348216899,0,0,0,0,,,,0.0009067999781109393,0.0009064000041689724,0.00011910000466741621,0.051204999996116385,0.06400959999882616,0.037025900004664436,0.003004099999088794,0.004585699993185699,0.003413800004636869,0.005680600006598979,0.00018510001245886087
0.7,Linear BTL,18,213,,-15.667787840284882,0,1,0,1,,,,0.0008090999908745289,0.0025074000004678965,5.7199998991563916e-05,0.037446799979079515,0.09083909998298623,0.08249179998529144,0.0033325999975204468,0.0060345999954734,0.0064894999959506094,0.0028952000138815492,0.00012159999459981918
0.7,Linear BTL,19,232,,-29.42605430771937,4,1,0,1,,,,0.0011791999859269708,0.0031642999965697527,0.00031350000062957406,0.039995300001464784,0.0821437000122387,0.03915150000830181,0.0033427999878767878,0.0031781999859958887,0.002887100010411814,0.0026517999940551817,8.910000906325877e-05
0.7,Linear BTL,20,252,,-18.596407119505376,1,2,0,2,,,,0.008786199992755428,0.0017681999888736755,0.00024050002684816718,0.0619101999909617,0.05423599999630824,0.02848690000246279,0.0033679000043775886,0.002661700011231005,0.005274299997836351,0.003790499991737306,0.00021749999723397195
0.7,Linear BTL,21,273,,-26.743111121603903,0,1,0,1,,,,0.0007777000137139112,0.001126500021200627,0.0001036000030580908,0.03380879998439923,0.06979829998454079,0.02527600000030361,0.0035829000116791576,0.0040997999894898385,0.004030600015539676,0.008556499989936128,0.00010869998368434608
0.7,Linear BTL,22,295,,-28.715717472311542,1,1,0,1,,,,0.0008393999887630343,0.001177600002847612,0.00012110001989640296,0.03755269999965094,0.05571229997440241,0.029422699997667223,0.002894200006267056,0.00496930000372231,0.003224399988539517,0.00379740001517348,0.0001765000051818788
0.7,Linear BTL,23,318,,-25.119333300001834,1,2,0,2,,,,0.0007572000031359494,0.0008531000057701021,0.00011169997742399573,0.04435499999090098,0.07444060000125319,0.02457069998490624,0.0030658000032417476,0.0034465999924577773,0.002748899976722896,0.005164000001968816,0.0004383999912533909
0.7,Linear BTL,24,342,,-20.83875500510011,0,2,0,2,,,,0.0012234000023454428,0.0016280999989248812,6.489999941550195e-05,0.03954810000141151,0.0562729999946896,0.01800579999689944,0.004893900011666119,0.0034426999918650836,0.005394799984060228,0.0032580000115558505,0.00030429998878389597
0.7,Linear BTL,25,367,,-21.61933094254791,0,2,0,2,,,,0.009705400007078424,0.0019019000174012035,8.399999933317304e-05,0.06670379999559373,0.05564180001965724,0.03479870001319796,0.003997799998614937,0.002838099986547604,0.006384699983755127,0.002918299986049533,0.00011990001075901091
0.7,Linear BTL,26,393,,-27.761199700140324,0,3,0,3,,,,0.0013223000278230757,0.0013951000000815839,6.290001329034567e-05,0.03843569997115992,0.05555699998512864,0.025363199994899333,0.0057474999921396375,0.004687999986344948,0.0028549999988172203,0.00413069999194704,0.00010790000669658184
0.7,Linear BTL,27,420,,-26.993529507441384,2,0,0,0,,,,0.0007794999983161688,0.001181900006486103,0.00011289998656138778,0.026480000000447035,0.06856870002229698,0.03276599998935126,0.0030334999901242554,0.0031756999960634857,0.005483299988554791,0.0035086999996565282,9.919999865815043e-05
0.7,Linear BTL,28,448,,-26.189113920521287,2,0,0,0,,,,0.0013704999873880297,0.0009456999832764268,0.00012660000356845558,0.03660709998803213,0.06651469998178072,0.03178079999634065,0.00852360000135377,0.0035275999980513006,0.002701699995668605,0.003184600005624816,9.859999408945441e-05
0.7,Linear BTL,29,477,,-23.967022266012016,0,2,0,2,,,,0.0009377000096719712,0.0010204999998677522,5.0700007705017924e-05,0.0403779000043869,0.06744790001539513,0.03536169999279082,0.00476340000750497,0.004957299999659881,0.004046399990329519,0.0038000000058673322,0.0001838000025600195
0.7,Linear BTL,30,507,,-25.227399768417406,0,1,0,1,,,,0.0007591999892611057,0.000826900009997189,0.0003045000194106251,0.037664800009224564,0.0656093999859877,0.024072000000160187,0.005199600011110306,0.003503499989164993,0.0028190999873913825,0.002816799998981878,0.00010880001354962587
0.7,Linear BTL,31,538,,-21.12146769961058,0,0,0,0,,,,0.0007630999898537993,0.0009928999934345484,0.000451300002168864,0.03405729998485185,0.052871700027026236,0.033070100005716085,0.0036318999773357064,0.006832799990661442,0.0037140999920666218,0.003482200001599267,0.00018350000027567148
0.7,Linear BTL,32,570,,-20.553002231911364,0,2,0,2,,,,0.00075559999095276,0.0008498000097461045,4.650000482797623e-05,0.034554600017145276,0.058953600004315376,0.025140300014754757,0.0062661000119987875,0.002925300010247156,0.003565499995602295,0.0030255999881774187,0.0001379000023007393
0.7,Linear BTL,33,603,,-20.807590633735202,0,1,0,1,,,,0.0007770000083837658,0.0015087999927345663,0.00013639999087899923,0.03655299998354167,0.0702445000060834,0.02849570001126267,0.0029371999844443053,0.002804499992635101,0.004825099982554093,0.0031079000036697835,0.00018500001169741154
0.7,Linear BTL,34,637,,-22.420232255518584,0,0,0,0,,,,0.0007557999924756587,0.0009163999930024147,4.7200010158121586e-05,0.029723200015723705,0.11723410000558943,0.04540810000617057,0.0040277999942190945,0.0037878000002820045,0.0078436000039801,0.003136399987852201,0.00010960001964122057
0.7,Linear BTL,35,672,,-25.88318171465145,1,2,0,2,,,,0.0009124000207521021,0.0008276999869849533,0.00014540000120177865,0.05634840001584962,0.10397359999478795,0.04580849999911152,0.0051404999976512045,0.0038309000083245337,0.006419499986805022,0.0030897000106051564,0.00017690000822767615
0.7,Linear BTL,36,708,,-16.99178069783761,0,2,0,2,,,,0.001420399989001453,0.0008557000255677849,4.8200017772614956e-05,0.0425223000056576,0.05210090000764467,0.03554700000677258,0.004264999995939434,0.007391299994196743,0.002877500024624169,0.002914399985456839,0.00011569997877813876
0.7,Linear BTL,37,745,,-23.425230578102084,0,1,0,1,,,,0.0012915999977849424,0.0018311000021640211,0.0002835999766830355,0.047259800019674,0.05936019998625852,0.022438600019086152,0.002937000012025237,0.006121699989307672,0.002856700011761859,0.0033850999898277223,0.00013800000306218863
0.7,Linear BTL,38,783,,-18.180705844756137,0,0,0,0,,,,0.0008476999937556684,0.0010677999816834927,4.7699984861537814e-05,0.03498550000949763,0.06113399998866953,0.03511399999842979,0.0038191000057850033,0.0033832000044640154,0.005446499999379739,0.0034017999714706093,0.0002796000044327229
0.7,Linear BTL,39,822,,-21.987079455204427,0,1,0,1,,,,0.0019854999845847487,0.0009103000047616661,4.8699992476031184e-05,0.043503599998075515,0.06281099998159334,0.019261299981735647,0.002987199986819178,0.0029731999966315925,0.0030774000042583793,0.0034231000172439963,0.0001100999943446368
0.7,Linear BTL,40,862,,-29.420405098027594,1,4,0,4,,,,0.0035377000167500228,0.0009284999978262931,0.00012909999350085855,0.030264200002420694,0.06073269998887554,0.0224820000003092,0.0032257999991998076,0.002817400003550574,0.002669000008609146,0.003669500001706183,0.0001781000173650682
0.7,Linear BTL,41,903,,-26.18911388655448,1,2,0,2,,,,0.000765799981309101,0.0018196000019088387,0.00017860002117231488,0.04114740001386963,0.10330160000012256,0.03303430002415553,0.006644400011282414,0.0030206999799702317,0.00338400001055561,0.0027483000012580305,0.00010510001447983086
0.7,Linear BTL,42,945,,-25.7230230246796,0,2,0,2,,,,0.0007702000148128718,0.0027587999938987195,6.520000169984996e-05,0.03399549997993745,0.051399200019659474,0.02063740001176484,0.006494800007203594,0.003972700011217967,0.003438199986703694,0.0034050999965984374,0.00019130000146105886
0.7,Linear BTL,43,988,,-26.51409350874451,0,3,0,3,,,,0.0007548999856226146,0.001416999992216006,5.2000017603859305e-05,0.03407679998781532,0.041251499991631135,0.028785300004528835,0.003382800001418218,0.003236300020944327,0.0037594999885186553,0.004699900018749759,0.00011230001109652221
0.7,Linear BTL,44,1032,,-22.698280560044804,0,1,0,1,,,,0.0007642999989911914,0.0009071000094991177,4.67000063508749e-05,0.029277399997226894,0.05652220000047237,0.04678659999626689,0.003024100005859509,0.004904700006591156,0.005093599989777431,0.0034724999859463423,0.0001404999929945916
0.7,Linear BTL,45,1077,,-24.23002779949796,1,3,0,3,,,,0.0007817999867256731,0.0008140999998431653,0.00011640001321211457,0.11793989999569021,0.07206269999733195,0.025333700003102422,0.003011499997228384,0.009240599989425391,0.0035090000019408762,0.00536640000063926,0.00027749998844228685
0.7,Linear BTL,46,1123,,-22.29399340065382,0,1,0,1,,,,0.0032979999959934503,0.001476600009482354,5.360000068321824e-05,0.03776500001549721,0.07757829999900423,0.1622040000220295,0.004777299996931106,0.008275299973320216,0.0032836000027600676,0.004145799990510568,0.00010900001507252455
0.7,Linear BTL,47,1170,,-30.120619797246345,3,1,0,1,,,,0.0008834000036586076,0.0018146999937016517,0.00012959999730810523,0.03183419999550097,0.06145939999260008,0.044190999993588775,0.002683500002603978,0.0029211000073701143,0.0023339999897871166,0.002326699992408976,8.92000098247081e-05
0.7,Linear BTL,48,1218,,-10.34483912946491,0,1,0,1,,,,0.0009180000051856041,0.0036023999855387956,9.159999899566174e-05,0.041518300015013665,0.07357979999505915,0.21969820000231266,0.0060939000104554,0.005055099987657741,0.006307000003289431,0.006164299993542954,0.0002741999924182892
0.7,Linear BTL,49,1267,,-24.50497178681921,2,2,0,2,,,,0.0013569000002462417,0.005200499988859519,0.00025660000392235816,0.047194199985824525,0.05885079997824505,0.04609829999390058,0.003501300001516938,0.006440100027248263,0.00322839998989366,0.003538499993737787,0.0001686000032350421
0.8,LP2 ($ 	heta $ Only),0,42,0.0,,0,0,0,0,0.0,0.0,100.0,0.0030229999974835664,0.002349700022023171,5.950001650489867e-05,0.04473669998697005,0.04640570000628941,0.021815999993123114,0.005206200003158301,0.0034515000006649643,0.003963499999372289,0.0033989000075962394,0.00018370000179857016
0.8,LP2 ($ 	heta $ Only),1,43,0.0,,0,0,0,0,0.0,0.0,100.0,0.0007624000136274844,0.0018554999842308462,9.039998985826969e-05,0.033886399993207306,0.05685839999932796,0.026232600008370355,0.0034357000258751214,0.003298800002085045,0.004669099987950176,0.0033626999938860536,0.00018539998563937843
0.8,LP2 ($ 	heta $ Only),2,45,0.0,,0,0,0,0,0.0,0.0,100.0,0.0012650999997276813,0.0008650000090710819,6.029999349266291e-05,0.062065199977951124,0.051034500007517636,0.016827400017064065,0.003565799997886643,0.0033081000146921724,0.0033149000082630664,0.0033009999897331,0.00011699998867698014
0.8,LP2 ($ 	heta $ Only),3,48,0.0,,2,0,0,0,0.0,0.0,100.0,0.000817699998151511,0.0015633000002708286,0.00024240001221187413,0.02976969999144785,0.0516529000014998,0.018496100004995242,0.006651700008660555,0.0024241999781224877,0.0023879999935161322,0.0023833000159356743,9.960000170394778e-05
0.8,LP2 ($ 	heta $ Only),4,52,0.0,,2,0,0,0,0.0,0.0,100.0,0.00074819999281317,0.0009533999837003648,0.00011309998808428645,0.03922049998072907,0.04846280001220293,0.03411060001235455,0.004739299998618662,0.0036275000020395964,0.0024314000038430095,0.002533199993195012,9.850002243183553e-05
0.8,LP2 ($ 	heta $ Only),5,57,0.0,,1,0,0,0,0.0,0.0,100.0,0.0007489999989047647,0.0008542000141460449,0.00011729999096132815,0.03896330000134185,0.08340360000147484,0.1231936999829486,0.013562900014221668,0.01966980000725016,0.012960100022610277,0.003712600009748712,0.00011160000576637685
0.8,LP2 ($ 	heta $ Only),6,63,0.0,,5,0,0,0,0.0,0.0,100.0,0.0020000000076834112,0.0025682999985292554,0.00015449998318217695,0.06189509999239817,0.114624299982097,0.09634940000250936,0.00548340001842007,0.010341900022467598,0.0027256000030320138,0.006059999985154718,0.0002114000089932233
0.8,LP2 ($ 	heta $ Only),7,70,0.0,,1,0,0,0,0.0,0.0,100.0,0.0018032999942079186,0.00265060001402162,0.0002722999779507518,0.08859669999219477,0.19031000000541098,0.15095410001231357,0.015781499998411164,0.01214919998892583,0.008580299996538088,0.013364700018428266,0.00011660001473501325
0.8,LP2 ($ 	heta $ Only),8,78,0.0,,1,0,0,0,0.0,0.0,100.0,0.008520900009898469,0.0012334999919403344,0.0001762000028975308,0.1896171999978833,0.12227250001160428,0.06456759999855421,0.003126800002064556,0.003266700019594282,0.009059200005140156,0.012907600001199171,0.00041810001130215824
0.8,LP2 ($ 	heta $ Only),9,87,0.0,,0,0,0,0,0.0,0.0,100.0,0.0015289000002667308,0.0022369000071194023,0.00011289998656138778,0.045640199998160824,0.24584950000280514,0.06565799997770227,0.0038883000088389963,0.0030712000152561814,0.004891499993391335,0.0030166000069584697,0.00018440000712871552
0.8,LP2 ($ 	heta $ Only),10,97,0.0,,0,0,0,0,0.0,0.0,100.0,0.015923099999781698,0.002646800014190376,0.00019160000374540687,0.07695859999512322,0.05143220000900328,0.02343450000626035,0.0061215999885462224,0.002976199990371242,0.002953200018964708,0.0029141999839339405,0.0001092999882530421
0.8,LP2 ($ 	heta $ Only),11,108,0.0,,3,0,0,0,0.0,0.0,100.0,0.00090970000019297,0.0021514999971259385,0.00017340001068077981,0.04320829999051057,0.057958099991083145,0.029881700000260025,0.003373899991856888,0.0031337999971583486,0.0026363999932073057,0.005962700000964105,0.0001684999733697623
0.8,LP2 ($ 	heta $ Only),12,120,0.0,,0,0,0,0,0.0,0.0,100.0,0.0007544999825768173,0.0015325999993365258,4.7900015488266945e-05,0.03657200001180172,0.09815249999519438,0.030881600017892197,0.0034710000036284328,0.004285499977413565,0.0042640999890863895,0.002896399993915111,0.0001871999993454665
0.8,LP2 ($ 	heta $ Only),13,133,0.0,,0,0,0,0,0.0,0.0,100.0,0.0008351999858859926,0.0009084000193979591,6.670001312159002e-05,0.038147599989315495,0.21390360000077635,0.0479635999945458,0.008866499993018806,0.019910100003471598,0.0933804000087548,0.016710299998521805,0.00028149998979642987
0.8,LP2 ($ 	heta $ Only),14,147,0.0,,0,0,0,0,0.0,0.0,100.0,0.003724500013049692,0.009816700010560453,0.00014379998901858926,0.11900629999581724,0.0774917000089772,0.03526169998804107,0.003590299980714917,0.008319400018081069,0.0034884999913629144,0.003420200024265796,0.00018740000086836517
0.8,LP2 ($ 	heta $ Only),15,162,0.0,,0,0,0,0,0.0,0.0,100.0,0.0007645000005140901,0.0008985000022221357,4.6600005589425564e-05,0.06407449999824166,0.07547260000137612,0.04109330000937916,0.0029534000204876065,0.007462899986421689,0.003105699986917898,0.003880800009937957,0.00023710000095888972
0.8,LP2 ($ 	heta $ Only),16,178,0.0,,0,0,0,0,0.0,0.0,100.0,0.0013805000053253025,0.004447700019227341,0.00013770000077784061,0.07153359998483211,0.06640370000968687,0.045205699978396297,0.003643799980636686,0.003463700006250292,0.003716900013387203,0.008014599996386096,0.00018859998090192676
0.8,LP2 ($ 	heta $ Only),17,195,0.0,,0,0,0,0,0.0,0.0,100.0,0.0007618000090587884,0.0008870000019669533,4.839999019168317e-05,0.04732650000369176,0.04864100000122562,0.02292630000738427,0.0031829999934416264,0.003014200017787516,0.0029814000008627772,0.002985900006024167,0.00010570001904852688
0.8,LP2 ($ 	heta $ Only),18,213,0.0,,0,0,0,0,0.0,0.0,100.0,0.005654100008541718,0.001046599994879216,4.949999856762588e-05,0.04532829998061061,0.053356500022346154,0.03865240002050996,0.003486500005237758,0.005564499995671213,0.002927199995610863,0.003782799991313368,0.00011340001947246492
0.8,LP2 ($ 	heta $ Only),19,232,0.0,,4,0,0,0,0.0,0.0,100.0,0.0007640999974682927,0.000976700015598908,0.0001154000055976212,0.033379800006514415,0.0426832000084687,0.026352099986979738,0.0030753999890293926,0.006916399986948818,0.002240500005427748,0.002219699992565438,8.999998681247234e-05
0.8,LP2 ($ 	heta $ Only),20,252,0.0,,2,0,0,0,0.0,0.0,100.0,0.0009343000128865242,0.0010534999892115593,0.0001453000004403293,0.03973639998002909,0.047663900011684746,0.022997899999609217,0.0029881999944336712,0.0034731999912764877,0.004560600005788729,0.0028703999996650964,0.00016689999029040337
0.8,LP2 ($ 	heta $ Only),21,273,0.0,,0,0,0,0,0.0,0.0,100.0,0.0007474999874830246,0.0008851999882608652,4.5599997974932194e-05,0.039201200008392334,0.06373960000928491,0.04336070001590997,0.003128699987428263,0.003567400010069832,0.0028572999872267246,0.006055800011381507,0.00017579999985173345
0.8,LP2 ($ 	heta $ Only),22,295,0.0,,4,0,0,0,0.0,0.0,100.0,0.0007535999757237732,0.0009351999906357378,0.0001109000004362315,0.040922599990153685,0.04378430001088418,0.028974799992283806,0.0029929000011179596,0.0024668000114616007,0.004674800002248958,0.0026171999925281852,9.039998985826969e-05
0.8,LP2 ($ 	heta $ Only),23,318,0.0,,0,0,0,0,0.0,0.0,100.0,0.0007696999819017947,0.0009365000005345792,4.6200002543628216e-05,0.03578619999461807,0.04758289997698739,0.024551000009523705,0.0035798999888356775,0.005040699994424358,0.004902399989077821,0.0029352999990805984,0.00011140000424347818
0.8,LP2 ($ 	heta $ Only),24,342,0.0,,0,0,0,0,0.0,0.0,100.0,0.0010543999960646033,0.0008950000046752393,4.850002005696297e-05,0.03464579998399131,0.06200489998445846,0.028257700003450736,0.004062000021804124,0.0039028000028338283,0.0034525000082794577,0.009282499988330528,0.00029999998514540493
0.8,LP2 ($ 	heta $ Only),25,367,0.0,,0,0,0,0,0.0,0.0,100.0,0.0013165000127628446,0.002363699983106926,8.66000191308558e-05,0.03997209999943152,0.04478759999619797,0.04909400001633912,0.00913859999855049,0.0028898000018671155,0.0028279999969527125,0.002833600010490045,0.0001145999995060265
0.8,LP2 ($ 	heta $ Only),26,393,0.0,,0,0,0,0,0.0,0.0,100.0,0.0029341999907046556,0.0011807999981101602,6.289998418651521e-05,0.03797510001459159,0.04955399999744259,0.02066840001498349,0.0036866000154986978,0.0070699000207241625,0.004098300007171929,0.003308699990157038,0.00018620002083480358
0.8,LP2 ($ 	heta $ Only),27,420,0.0,,2,0,0,0,0.0,0.0,100.0,0.0007726000039838254,0.0009129000245593488,0.00011720001930370927,0.03157790002296679,0.048957299994071946,0.038586400012718514,0.002974200004246086,0.005241100006969646,0.002466000005370006,0.002648800000315532,0.00016910000704228878
0.8,LP2 ($ 	heta $ Only),28,448,0.0,,2,0,0,0,0.0,0.0,100.0,0.0014435999910347164,0.0009624999947845936,0.00011399999493733048,0.03415220000897534,0.05310630000894889,0.021565099974395707,0.0033158000151161104,0.005895099980989471,0.0032936999923549592,0.0024400000111199915,9.82999918051064e-05
0.8,LP2 ($ 	heta $ Only),29,477,0.0,,0,0,0,0,0.0,0.0,100.0,0.0007609999738633633,0.0009430999925825745,4.7600013203918934e-05,0.05836070000077598,0.12990450000506826,0.03938980001839809,0.0062379999726545066,0.0034410000080242753,0.00331140001071617,0.0032971999899018556,0.00018470000941306353
0.8,LP2 ($ 	heta $ Only),30,507,0.0,,0,0,0,0,0.0,0.0,100.0,0.0011489999887999147,0.00285059999441728,9.560000034980476e-05,0.04123050000634976,0.06316799999331124,0.022466599999461323,0.0036540000000968575,0.005088400008389726,0.002807299984851852,0.0027938999992329627,0.00010699999984353781
0.8,LP2 ($ 	heta $ Only),31,538,0.0,,0,0,0,0,0.0,0.0,100.0,0.0007476000173483044,0.0009355000220239162,4.6299974201247096e-05,0.03526649999548681,0.0533655000035651,0.02278719999594614,0.0038502000097651035,0.003469800023594871,0.0034354999952483922,0.004016199993202463,0.0004600999818649143
0.8,LP2 ($ 	heta $ Only),32,570,0.0,,0,0,0,0,0.0,0.0,100.0,0.0016284000012092292,0.0012365000147838145,5.9900019550696015e-05,0.05609830000321381,0.04544339998392388,0.014939400018192828,0.003080700000282377,0.0028953000146429986,0.0029153999930713326,0.0029122999985702336,0.00010599999222904444
0.8,LP2 ($ 	heta $ Only),33,603,0.0,,2,0,0,0,0.0,0.0,100.0,0.0007439999899361283,0.0028168999997433275,0.00018740000086836517,0.04116379999322817,0.05279970000265166,0.03700199999730103,0.005127499985974282,0.006280100002186373,0.0027688000118359923,0.003262299986090511,0.00016969998250715435
0.8,LP2 ($ 	heta $ Only),34,637,0.0,,0,0,0,0,0.0,0.0,100.0,0.0031464000057894737,0.0009248999995179474,4.6900007873773575e-05,0.038128199987113476,0.05200239998521283,0.025316999992355704,0.004577300016535446,0.0028098000038880855,0.002771500003291294,0.0028581999940797687,0.0001297999988310039
0.8,LP2 ($ 	heta $ Only),35,672,0.0,,4,0,0,0,0.0,0.0,100.0,0.0011731999984476715,0.001879099989309907,0.00023209999199025333,0.03773909999290481,0.04302630000165664,0.021979000011924654,0.0025208000151906163,0.0028671000036410987,0.011824999994132668,0.0046131999988574535,0.00021749999723397195
0.8,LP2 ($ 	heta $ Only),36,708,0.0,,0,0,0,0,0.0,0.0,100.0,0.003041599993593991,0.0029907000134699047,9.059999138116837e-05,0.04932220000773668,0.04111109999939799,0.030159099987940863,0.003599099989514798,0.006528400001116097,0.0030214000144042075,0.0029796999879181385,0.00010659999679774046
0.8,LP2 ($ 	heta $ Only),37,745,0.0,,0,0,0,0,0.0,0.0,100.0,0.0036345999978948385,0.0022017000010237098,6.389999180100858e-05,0.04111930000362918,0.05484009999781847,0.016332400002283975,0.003558199998224154,0.0034106000093743205,0.004018799983896315,0.005160799977602437,0.00010559998918324709
0.8,LP2 ($ 	heta $ Only),38,783,0.0,,0,0,0,0,0.0,0.0,100.0,0.000767599995015189,0.0009009000204969198,5.77000027988106e-05,0.042749399988679215,0.050824300007661805,0.03595889999996871,0.0030163999763317406,0.0033859999966807663,0.007999699999345466,0.0028931999986525625,0.00010899998596869409
0.8,LP2 ($ 	heta $ Only),39,822,0.0,,2,0,0,0,0.0,0.0,100.0,0.000977699994109571,0.0009252999734599143,0.00012959999730810523,0.04188179998891428,0.05601919998298399,0.024783900007605553,0.0035593999782577157,0.0027774999907705933,0.003014500020071864,0.0030078999989200383,0.00016719999257475138
0.8,LP2 ($ 	heta $ Only),40,862,0.0,,2,0,0,0,0.0,0.0,100.0,0.0007824999920558184,0.0009142000053543597,0.00011039999662898481,0.03916780001600273,0.0498323000210803,0.02773410000372678,0.006309099990176037,0.0026664999895729125,0.0024329000152647495,0.003347499994561076,0.00017110002227127552
0.8,LP2 ($ 	heta $ Only),41,903,0.0,,0,0,0,0,0.0,0.0,100.0,0.0008288000244647264,0.0018583000055514276,5.570001667365432e-05,0.03518469998380169,0.05031430002418347,0.03650950000155717,0.005937700014328584,0.0028138999768998474,0.0027882999856956303,0.003492899995762855,0.00010799997835420072
0.8,LP2 ($ 	heta $ Only),42,945,0.0,,0,0,0,0,0.0,0.0,100.0,0.0007653000066056848,0.0009432000224478543,4.680000711232424e-05,0.03770230000372976,0.04749170001014136,0.026143299997784197,0.0062621000106446445,0.0039323000237345695,0.0032472999882884324,0.003240999998524785,0.00018469998030923307
0.8,LP2 ($ 	heta $ Only),43,988,0.0,,0,0,0,0,0.0,0.0,100.0,0.002126400009728968,0.0013210999895818532,5.2799994591623545e-05,0.032767900003818795,0.06438630001503043,0.019880600011674687,0.002937900018878281,0.002791599981719628,0.009803100023418665,0.005874900001799688,0.0002840999804902822
0.8,LP2 ($ 	heta $ Only),44,1032,0.0,,0,0,0,0,0.0,0.0,100.0,0.002168699982576072,0.0025138999917544425,8.730002446100116e-05,0.04489409999223426,0.05396790002123453,0.02998190000653267,0.003643700008979067,0.005079499998828396,0.002825900010066107,0.003485299996100366,0.00010679999832063913
0.8,LP2 ($ 	heta $ Only),45,1077,0.0,,0,0,0,0,0.0,0.0,100.0,0.0007830999966245145,0.0009136000007856637,4.730001091957092e-05,0.04159560002153739,0.05532590000075288,0.06973989997641183,0.009760099987033755,0.006081100000301376,0.012385300011374056,0.005973699997412041,0.0002809000143315643
0.8,LP2 ($ 	heta $ Only),46,1123,0.0,,0,0,0,0,0.0,0.0,100.0,0.005162900022696704,0.0018628000107128173,9.019998833537102e-05,0.09843929999624379,0.06091000000014901,0.027791100001195446,0.009272800001781434,0.0030242000066209584,0.004106000007595867,0.008137699973303825,0.00030440001864917576
0.8,LP2 ($ 	heta $ Only),47,1170,0.0,,2,0,0,0,0.0,0.0,100.0,0.0035804999934043735,0.000953300012042746,0.00011500000255182385,0.041142000001855195,0.042239800008246675,0.03588730000774376,0.00291579999611713,0.009156800020718947,0.003565799997886643,0.002896399993915111,0.00016830000095069408
0.8,LP2 ($ 	heta $ Only),48,1218,0.0,,0,0,0,0,0.0,0.0,100.0,0.0007623000128660351,0.0056133999896701425,0.00014719998580403626,0.03956889998516999,0.055870600015623495,0.03565459998208098,0.003070899983868003,0.005648999998811632,0.0036312000011093915,0.0030159000016283244,0.00010720000136643648
0.8,LP2 ($ 	heta $ Only),49,1267,0.0,,1,0,0,0,0.0,0.0,100.0,0.0013266000023577362,0.0009518000006210059,0.00012179999612271786,0.034778500004904345,0.05309010000200942,0.018188999994890764,0.0038250999932643026,0.0030889000045135617,0.005702399997971952,0.0032783999922685325,0.0001066999975591898
0.8,LP3 ($ 	heta $ Only),0,42,0.0,,0,0,0,0,0.0,0.0,100.0,0.0030229999974835664,0.002349700022023171,5.950001650489867e-05,0.04473669998697005,0.04640570000628941,0.021815999993123114,0.005206200003158301,0.0034515000006649643,0.003963499999372289,0.0033989000075962394,0.00018370000179857016
0.8,LP3 ($ 	heta $ Only),1,43,0.0,,0,0,0,0,0.0,0.0,100.0,0.0007624000136274844,0.0018554999842308462,9.039998985826969e-05,0.033886399993207306,0.05685839999932796,0.026232600008370355,0.0034357000258751214,0.003298800002085045,0.004669099987950176,0.0033626999938860536,0.00018539998563937843
0.8,LP3 ($ 	heta $ Only),2,45,0.0,,0,0,0,0,0.0,0.0,100.0,0.0012650999997276813,0.0008650000090710819,6.029999349266291e-05,0.062065199977951124,0.051034500007517636,0.016827400017064065,0.003565799997886643,0.0033081000146921724,0.0033149000082630664,0.0033009999897331,0.00011699998867698014
0.8,LP3 ($ 	heta $ Only),3,48,0.0,,2,0,0,0,0.0,0.0,100.0,0.000817699998151511,0.0015633000002708286,0.00024240001221187413,0.02976969999144785,0.0516529000014998,0.018496100004995242,0.006651700008660555,0.0024241999781224877,0.0023879999935161322,0.0023833000159356743,9.960000170394778e-05
0.8,LP3 ($ 	heta $ Only),4,52,0.0,,2,0,0,0,0.0,0.0,100.0,0.00074819999281317,0.0009533999837003648,0.00011309998808428645,0.03922049998072907,0.04846280001220293,0.03411060001235455,0.004739299998618662,0.0036275000020395964,0.0024314000038430095,0.002533199993195012,9.850002243183553e-05
0.8,LP3 ($ 	heta $ Only),5,57,0.0,,1,0,0,0,0.0,0.0,100.0,0.0007489999989047647,0.0008542000141460449,0.00011729999096132815,0.03896330000134185,0.08340360000147484,0.1231936999829486,0.013562900014221668,0.01966980000725016,0.012960100022610277,0.003712600009748712,0.00011160000576637685
0.8,LP3 ($ 	heta $ Only),6,63,0.0,,5,0,0,0,0.0,0.0,100.0,0.0020000000076834112,0.0025682999985292554,0.00015449998318217695,0.06189509999239817,0.114624299982097,0.09634940000250936,0.00548340001842007,0.010341900022467598,0.0027256000030320138,0.006059999985154718,0.0002114000089932233
0.8,LP3 ($ 	heta $ Only),7,70,0.0,,1,0,0,0,0.0,0.0,100.0,0.0018032999942079186,0.00265060001402162,0.0002722999779507518,0.08859669999219477,0.19031000000541098,0.15095410001231357,0.015781499998411164,0.01214919998892583,0.008580299996538088,0.013364700018428266,0.00011660001473501325
0.8,LP3 ($ 	heta $ Only),8,78,0.0,,1,0,0,0,0.0,0.0,100.0,0.008520900009898469,0.0012334999919403344,0.0001762000028975308,0.1896171999978833,0.12227250001160428,0.06456759999855421,0.003126800002064556,0.003266700019594282,0.009059200005140156,0.012907600001199171,0.00041810001130215824
0.8,LP3 ($ 	heta $ Only),9,87,0.0,,0,0,0,0,0.0,0.0,100.0,0.0015289000002667308,0.0022369000071194023,0.00011289998656138778,0.045640199998160824,0.24584950000280514,0.06565799997770227,0.0038883000088389963,0.0030712000152561814,0.004891499993391335,0.0030166000069584697,0.00018440000712871552
0.8,LP3 ($ 	heta $ Only),10,97,0.0,,0,0,0,0,0.0,0.0,100.0,0.015923099999781698,0.002646800014190376,0.00019160000374540687,0.07695859999512322,0.05143220000900328,0.02343450000626035,0.0061215999885462224,0.002976199990371242,0.002953200018964708,0.0029141999839339405,0.0001092999882530421
0.8,LP3 ($ 	heta $ Only),11,108,0.0,,3,0,0,0,0.0,0.0,100.0,0.00090970000019297,0.0021514999971259385,0.00017340001068077981,0.04320829999051057,0.057958099991083145,0.029881700000260025,0.003373899991856888,0.0031337999971583486,0.0026363999932073057,0.005962700000964105,0.0001684999733697623
0.8,LP3 ($ 	heta $ Only),12,120,0.0,,0,0,0,0,0.0,0.0,100.0,0.0007544999825768173,0.0015325999993365258,4.7900015488266945e-05,0.03657200001180172,0.09815249999519438,0.030881600017892197,0.0034710000036284328,0.004285499977413565,0.0042640999890863895,0.002896399993915111,0.0001871999993454665
0.8,LP3 ($ 	heta $ Only),13,133,0.0,,0,0,0,0,0.0,0.0,100.0,0.0008351999858859926,0.0009084000193979591,6.670001312159002e-05,0.038147599989315495,0.21390360000077635,0.0479635999945458,0.008866499993018806,0.019910100003471598,0.0933804000087548,0.016710299998521805,0.00028149998979642987
0.8,LP3 ($ 	heta $ Only),14,147,0.0,,0,0,0,0,0.0,0.0,100.0,0.003724500013049692,0.009816700010560453,0.00014379998901858926,0.11900629999581724,0.0774917000089772,0.03526169998804107,0.003590299980714917,0.008319400018081069,0.0034884999913629144,0.003420200024265796,0.00018740000086836517
0.8,LP3 ($ 	heta $ Only),15,162,0.0,,0,0,0,0,0.0,0.0,100.0,0.0007645000005140901,0.0008985000022221357,4.6600005589425564e-05,0.06407449999824166,0.07547260000137612,0.04109330000937916,0.0029534000204876065,0.007462899986421689,0.003105699986917898,0.003880800009937957,0.00023710000095888972
0.8,LP3 ($ 	heta $ Only),16,178,0.0,,0,0,0,0,0.0,0.0,100.0,0.0013805000053253025,0.004447700019227341,0.00013770000077784061,0.07153359998483211,0.06640370000968687,0.045205699978396297,0.003643799980636686,0.003463700006250292,0.003716900013387203,0.008014599996386096,0.00018859998090192676
0.8,LP3 ($ 	heta $ Only),17,195,0.0,,0,0,0,0,0.0,0.0,100.0,0.0007618000090587884,0.0008870000019669533,4.839999019168317e-05,0.04732650000369176,0.04864100000122562,0.02292630000738427,0.0031829999934416264,0.003014200017787516,0.0029814000008627772,0.002985900006024167,0.00010570001904852688
0.8,LP3 ($ 	heta $ Only),18,213,0.0,,0,0,0,0,0.0,0.0,100.0,0.005654100008541718,0.001046599994879216,4.949999856762588e-05,0.04532829998061061,0.053356500022346154,0.03865240002050996,0.003486500005237758,0.005564499995671213,0.002927199995610863,0.003782799991313368,0.00011340001947246492
0.8,LP3 ($ 	heta $ Only),19,232,0.0,,4,0,0,0,0.0,0.0,100.0,0.0007640999974682927,0.000976700015598908,0.0001154000055976212,0.033379800006514415,0.0426832000084687,0.026352099986979738,0.0030753999890293926,0.006916399986948818,0.002240500005427748,0.002219699992565438,8.999998681247234e-05
0.8,LP3 ($ 	heta $ Only),20,252,0.0,,2,0,0,0,0.0,0.0,100.0,0.0009343000128865242,0.0010534999892115593,0.0001453000004403293,0.03973639998002909,0.047663900011684746,0.022997899999609217,0.0029881999944336712,0.0034731999912764877,0.004560600005788729,0.0028703999996650964,0.00016689999029040337
0.8,LP3 ($ 	heta $ Only),21,273,0.0,,0,0,0,0,2.4868995751603507e-14,16.666666666666668,83.33333333333333,0.0007474999874830246,0.0008851999882608652,4.5599997974932194e-05,0.039201200008392334,0.06373960000928491,0.04336070001590997,0.003128699987428263,0.003567400010069832,0.0028572999872267246,0.006055800011381507,0.00017579999985173345
0.8,LP3 ($ 	heta $ Only),22,295,0.0,,4,0,0,0,0.0,0.0,100.0,0.0007535999757237732,0.0009351999906357378,0.0001109000004362315,0.040922599990153685,0.04378430001088418,0.028974799992283806,0.0029929000011179596,0.0024668000114616007,0.004674800002248958,0.0026171999925281852,9.039998985826969e-05
0.8,LP3 ($ 	heta $ Only),23,318,0.0,,0,0,0,0,0.0,0.0,100.0,0.0007696999819017947,0.0009365000005345792,4.6200002543628216e-05,0.03578619999461807,0.04758289997698739,0.024551000009523705,0.0035798999888356775,0.005040699994424358,0.004902399989077821,0.0029352999990805984,0.00011140000424347818
0.8,LP3 ($ 	heta $ Only),24,342,0.0,,0,0,0,0,0.0,0.0,100.0,0.0010543999960646033,0.0008950000046752393,4.850002005696297e-05,0.03464579998399131,0.06200489998445846,0.028257700003450736,0.004062000021804124,0.0039028000028338283,0.0034525000082794577,0.009282499988330528,0.00029999998514540493
0.8,LP3 ($ 	heta $ Only),25,367,0.0,,0,0,0,0,0.0,0.0,100.0,0.0013165000127628446,0.002363699983106926,8.66000191308558e-05,0.03997209999943152,0.04478759999619797,0.04909400001633912,0.00913859999855049,0.0028898000018671155,0.0028279999969527125,0.002833600010490045,0.0001145999995060265
0.8,LP3 ($ 	heta $ Only),26,393,0.0,,0,0,0,0,0.0,0.0,100.0,0.0029341999907046556,0.0011807999981101602,6.289998418651521e-05,0.03797510001459159,0.04955399999744259,0.02066840001498349,0.0036866000154986978,0.0070699000207241625,0.004098300007171929,0.003308699990157038,0.00018620002083480358
0.8,LP3 ($ 	heta $ Only),27,420,0.0,,2,0,0,0,1.049160758270773e-14,16.666666666666668,83.33333333333333,0.0007726000039838254,0.0009129000245593488,0.00011720001930370927,0.03157790002296679,0.048957299994071946,0.038586400012718514,0.002974200004246086,0.005241100006969646,0.002466000005370006,0.002648800000315532,0.00016910000704228878
0.8,LP3 ($ 	heta $ Only),28,448,0.0,,2,0,0,0,0.0,0.0,100.0,0.0014435999910347164,0.0009624999947845936,0.00011399999493733048,0.03415220000897534,0.05310630000894889,0.021565099974395707,0.0033158000151161104,0.005895099980989471,0.0032936999923549592,0.0024400000111199915,9.82999918051064e-05
0.8,LP3 ($ 	heta $ Only),29,477,0.0,,0,0,0,0,0.0,0.0,100.0,0.0007609999738633633,0.0009430999925825745,4.7600013203918934e-05,0.05836070000077598,0.12990450000506826,0.03938980001839809,0.0062379999726545066,0.0034410000080242753,0.00331140001071617,0.0032971999899018556,0.00018470000941306353
0.8,LP3 ($ 	heta $ Only),30,507,0.0,,0,0,0,0,0.0,0.0,100.0,0.0011489999887999147,0.00285059999441728,9.560000034980476e-05,0.04123050000634976,0.06316799999331124,0.022466599999461323,0.0036540000000968575,0.005088400008389726,0.002807299984851852,0.0027938999992329627,0.00010699999984353781
0.8,LP3 ($ 	heta $ Only),31,538,0.0,,0,0,0,0,0.0,0.0,100.0,0.0007476000173483044,0.0009355000220239162,4.6299974201247096e-05,0.03526649999548681,0.0533655000035651,0.02278719999594614,0.0038502000097651035,0.003469800023594871,0.0034354999952483922,0.004016199993202463,0.0004600999818649143
0.8,LP3 ($ 	heta $ Only),32,570,0.0,,0,0,0,0,0.0,0.0,100.0,0.0016284000012092292,0.0012365000147838145,5.9900019550696015e-05,0.05609830000321381,0.04544339998392388,0.014939400018192828,0.003080700000282377,0.0028953000146429986,0.0029153999930713326,0.0029122999985702336,0.00010599999222904444
0.8,LP3 ($ 	heta $ Only),33,603,0.0,,2,0,0,0,0.0,0.0,100.0,0.0007439999899361283,0.0028168999997433275,0.00018740000086836517,0.04116379999322817,0.05279970000265166,0.03700199999730103,0.005127499985974282,0.006280100002186373,0.0027688000118359923,0.003262299986090511,0.00016969998250715435
0.8,LP3 ($ 	heta $ Only),34,637,0.0,,0,0,0,0,0.0,0.0,100.0,0.0031464000057894737,0.0009248999995179474,4.6900007873773575e-05,0.038128199987113476,0.05200239998521283,0.025316999992355704,0.004577300016535446,0.0028098000038880855,0.002771500003291294,0.0028581999940797687,0.0001297999988310039
0.8,LP3 ($ 	heta $ Only),35,672,0.0,,4,0,0,0,0.0,0.0,100.0,0.0011731999984476715,0.001879099989309907,0.00023209999199025333,0.03773909999290481,0.04302630000165664,0.021979000011924654,0.0025208000151906163,0.0028671000036410987,0.011824999994132668,0.0046131999988574535,0.00021749999723397195
0.8,LP3 ($ 	heta $ Only),36,708,0.0,,0,0,0,0,0.0,0.0,100.0,0.003041599993593991,0.0029907000134699047,9.059999138116837e-05,0.04932220000773668,0.04111109999939799,0.030159099987940863,0.003599099989514798,0.006528400001116097,0.0030214000144042075,0.0029796999879181385,0.00010659999679774046
0.8,LP3 ($ 	heta $ Only),37,745,0.0,,0,0,0,0,0.0,0.0,100.0,0.0036345999978948385,0.0022017000010237098,6.389999180100858e-05,0.04111930000362918,0.05484009999781847,0.016332400002283975,0.003558199998224154,0.0034106000093743205,0.004018799983896315,0.005160799977602437,0.00010559998918324709
0.8,LP3 ($ 	heta $ Only),38,783,0.0,,0,0,0,0,0.0,0.0,100.0,0.000767599995015189,0.0009009000204969198,5.77000027988106e-05,0.042749399988679215,0.050824300007661805,0.03595889999996871,0.0030163999763317406,0.0033859999966807663,0.007999699999345466,0.0028931999986525625,0.00010899998596869409
0.8,LP3 ($ 	heta $ Only),39,822,0.0,,2,0,0,0,0.0,0.0,100.0,0.000977699994109571,0.0009252999734599143,0.00012959999730810523,0.04188179998891428,0.05601919998298399,0.024783900007605553,0.0035593999782577157,0.0027774999907705933,0.003014500020071864,0.0030078999989200383,0.00016719999257475138
0.8,LP3 ($ 	heta $ Only),40,862,0.0,,2,0,0,0,0.0,0.0,100.0,0.0007824999920558184,0.0009142000053543597,0.00011039999662898481,0.03916780001600273,0.0498323000210803,0.02773410000372678,0.006309099990176037,0.0026664999895729125,0.0024329000152647495,0.003347499994561076,0.00017110002227127552
0.8,LP3 ($ 	heta $ Only),41,903,0.0,,0,0,0,0,2.1316282072803006e-14,16.666666666666668,83.33333333333333,0.0008288000244647264,0.0018583000055514276,5.570001667365432e-05,0.03518469998380169,0.05031430002418347,0.03650950000155717,0.005937700014328584,0.0028138999768998474,0.0027882999856956303,0.003492899995762855,0.00010799997835420072
0.8,LP3 ($ 	heta $ Only),42,945,0.0,,0,0,0,0,0.0,0.0,100.0,0.0007653000066056848,0.0009432000224478543,4.680000711232424e-05,0.03770230000372976,0.04749170001014136,0.026143299997784197,0.0062621000106446445,0.0039323000237345695,0.0032472999882884324,0.003240999998524785,0.00018469998030923307
0.8,LP3 ($ 	heta $ Only),43,988,0.0,,0,0,0,0,0.0,0.0,100.0,0.002126400009728968,0.0013210999895818532,5.2799994591623545e-05,0.032767900003818795,0.06438630001503043,0.019880600011674687,0.002937900018878281,0.002791599981719628,0.009803100023418665,0.005874900001799688,0.0002840999804902822
0.8,LP3 ($ 	heta $ Only),44,1032,0.0,,0,0,0,0,0.0,0.0,100.0,0.002168699982576072,0.0025138999917544425,8.730002446100116e-05,0.04489409999223426,0.05396790002123453,0.02998190000653267,0.003643700008979067,0.005079499998828396,0.002825900010066107,0.003485299996100366,0.00010679999832063913
0.8,LP3 ($ 	heta $ Only),45,1077,0.0,,0,0,0,0,0.0,0.0,100.0,0.0007830999966245145,0.0009136000007856637,4.730001091957092e-05,0.04159560002153739,0.05532590000075288,0.06973989997641183,0.009760099987033755,0.006081100000301376,0.012385300011374056,0.005973699997412041,0.0002809000143315643
0.8,LP3 ($ 	heta $ Only),46,1123,0.0,,0,0,0,0,0.0,0.0,100.0,0.005162900022696704,0.0018628000107128173,9.019998833537102e-05,0.09843929999624379,0.06091000000014901,0.027791100001195446,0.009272800001781434,0.0030242000066209584,0.004106000007595867,0.008137699973303825,0.00030440001864917576
0.8,LP3 ($ 	heta $ Only),47,1170,0.0,,2,0,0,0,3.552713678800501e-15,16.666666666666668,83.33333333333333,0.0035804999934043735,0.000953300012042746,0.00011500000255182385,0.041142000001855195,0.042239800008246675,0.03588730000774376,0.00291579999611713,0.009156800020718947,0.003565799997886643,0.002896399993915111,0.00016830000095069408
0.8,LP3 ($ 	heta $ Only),48,1218,0.0,,0,0,0,0,0.0,0.0,100.0,0.0007623000128660351,0.0056133999896701425,0.00014719998580403626,0.03956889998516999,0.055870600015623495,0.03565459998208098,0.003070899983868003,0.005648999998811632,0.0036312000011093915,0.0030159000016283244,0.00010720000136643648
0.8,LP3 ($ 	heta $ Only),49,1267,0.0,,1,0,0,0,0.0,0.0,100.0,0.0013266000023577362,0.0009518000006210059,0.00012179999612271786,0.034778500004904345,0.05309010000200942,0.018188999994890764,0.0038250999932643026,0.0030889000045135617,0.005702399997971952,0.0032783999922685325,0.0001066999975591898
0.8,Weighted LP3 ($ 	heta $ Only),0,42,0.0,,0,0,0,0,0.0,0.0,100.0,0.0030229999974835664,0.002349700022023171,5.950001650489867e-05,0.04473669998697005,0.04640570000628941,0.021815999993123114,0.005206200003158301,0.0034515000006649643,0.003963499999372289,0.0033989000075962394,0.00018370000179857016
0.8,Weighted LP3 ($ 	heta $ Only),1,43,0.0,,0,0,0,0,0.0,0.0,100.0,0.0007624000136274844,0.0018554999842308462,9.039998985826969e-05,0.033886399993207306,0.05685839999932796,0.026232600008370355,0.0034357000258751214,0.003298800002085045,0.004669099987950176,0.0033626999938860536,0.00018539998563937843
0.8,Weighted LP3 ($ 	heta $ Only),2,45,0.0,,0,0,0,0,0.0,0.0,100.0,0.0012650999997276813,0.0008650000090710819,6.029999349266291e-05,0.062065199977951124,0.051034500007517636,0.016827400017064065,0.003565799997886643,0.0033081000146921724,0.0033149000082630664,0.0033009999897331,0.00011699998867698014
0.8,Weighted LP3 ($ 	heta $ Only),3,48,0.0,,2,0,0,0,0.0,0.0,100.0,0.000817699998151511,0.0015633000002708286,0.00024240001221187413,0.02976969999144785,0.0516529000014998,0.018496100004995242,0.006651700008660555,0.0024241999781224877,0.0023879999935161322,0.0023833000159356743,9.960000170394778e-05
0.8,Weighted LP3 ($ 	heta $ Only),4,52,0.0,,2,0,0,0,0.0,0.0,100.0,0.00074819999281317,0.0009533999837003648,0.00011309998808428645,0.03922049998072907,0.04846280001220293,0.03411060001235455,0.004739299998618662,0.0036275000020395964,0.0024314000038430095,0.002533199993195012,9.850002243183553e-05
0.8,Weighted LP3 ($ 	heta $ Only),5,57,0.0,,1,0,0,0,0.0,0.0,100.0,0.0007489999989047647,0.0008542000141460449,0.00011729999096132815,0.03896330000134185,0.08340360000147484,0.1231936999829486,0.013562900014221668,0.01966980000725016,0.012960100022610277,0.003712600009748712,0.00011160000576637685
0.8,Weighted LP3 ($ 	heta $ Only),6,63,0.0,,5,0,0,0,0.0,0.0,100.0,0.0020000000076834112,0.0025682999985292554,0.00015449998318217695,0.06189509999239817,0.114624299982097,0.09634940000250936,0.00548340001842007,0.010341900022467598,0.0027256000030320138,0.006059999985154718,0.0002114000089932233
0.8,Weighted LP3 ($ 	heta $ Only),7,70,0.0,,1,0,0,0,0.0,0.0,100.0,0.0018032999942079186,0.00265060001402162,0.0002722999779507518,0.08859669999219477,0.19031000000541098,0.15095410001231357,0.015781499998411164,0.01214919998892583,0.008580299996538088,0.013364700018428266,0.00011660001473501325
0.8,Weighted LP3 ($ 	heta $ Only),8,78,0.0,,1,0,0,0,0.0,0.0,100.0,0.008520900009898469,0.0012334999919403344,0.0001762000028975308,0.1896171999978833,0.12227250001160428,0.06456759999855421,0.003126800002064556,0.003266700019594282,0.009059200005140156,0.012907600001199171,0.00041810001130215824
0.8,Weighted LP3 ($ 	heta $ Only),9,87,0.0,,0,0,0,0,0.0,0.0,100.0,0.0015289000002667308,0.0022369000071194023,0.00011289998656138778,0.045640199998160824,0.24584950000280514,0.06565799997770227,0.0038883000088389963,0.0030712000152561814,0.004891499993391335,0.0030166000069584697,0.00018440000712871552
0.8,Weighted LP3 ($ 	heta $ Only),10,97,0.0,,0,0,0,0,0.0,0.0,100.0,0.015923099999781698,0.002646800014190376,0.00019160000374540687,0.07695859999512322,0.05143220000900328,0.02343450000626035,0.0061215999885462224,0.002976199990371242,0.002953200018964708,0.0029141999839339405,0.0001092999882530421
0.8,Weighted LP3 ($ 	heta $ Only),11,108,0.0,,3,0,0,0,0.0,0.0,100.0,0.00090970000019297,0.0021514999971259385,0.00017340001068077981,0.04320829999051057,0.057958099991083145,0.029881700000260025,0.003373899991856888,0.0031337999971583486,0.0026363999932073057,0.005962700000964105,0.0001684999733697623
0.8,Weighted LP3 ($ 	heta $ Only),12,120,0.0,,0,0,0,0,0.0,0.0,100.0,0.0007544999825768173,0.0015325999993365258,4.7900015488266945e-05,0.03657200001180172,0.09815249999519438,0.030881600017892197,0.0034710000036284328,0.004285499977413565,0.0042640999890863895,0.002896399993915111,0.0001871999993454665
0.8,Weighted LP3 ($ 	heta $ Only),13,133,0.0,,0,0,0,0,0.0,0.0,100.0,0.0008351999858859926,0.0009084000193979591,6.670001312159002e-05,0.038147599989315495,0.21390360000077635,0.0479635999945458,0.008866499993018806,0.019910100003471598,0.0933804000087548,0.016710299998521805,0.00028149998979642987
0.8,Weighted LP3 ($ 	heta $ Only),14,147,0.0,,0,0,0,0,0.0,0.0,100.0,0.003724500013049692,0.009816700010560453,0.00014379998901858926,0.11900629999581724,0.0774917000089772,0.03526169998804107,0.003590299980714917,0.008319400018081069,0.0034884999913629144,0.003420200024265796,0.00018740000086836517
0.8,Weighted LP3 ($ 	heta $ Only),15,162,0.0,,0,0,0,0,0.0,0.0,100.0,0.0007645000005140901,0.0008985000022221357,4.6600005589425564e-05,0.06407449999824166,0.07547260000137612,0.04109330000937916,0.0029534000204876065,0.007462899986421689,0.003105699986917898,0.003880800009937957,0.00023710000095888972
0.8,Weighted LP3 ($ 	heta $ Only),16,178,0.0,,0,0,0,0,0.0,0.0,100.0,0.0013805000053253025,0.004447700019227341,0.00013770000077784061,0.07153359998483211,0.06640370000968687,0.045205699978396297,0.003643799980636686,0.003463700006250292,0.003716900013387203,0.008014599996386096,0.00018859998090192676
0.8,Weighted LP3 ($ 	heta $ Only),17,195,0.0,,0,0,0,0,0.0,0.0,100.0,0.0007618000090587884,0.0008870000019669533,4.839999019168317e-05,0.04732650000369176,0.04864100000122562,0.02292630000738427,0.0031829999934416264,0.003014200017787516,0.0029814000008627772,0.002985900006024167,0.00010570001904852688
0.8,Weighted LP3 ($ 	heta $ Only),18,213,0.0,,0,0,0,0,0.0,0.0,100.0,0.005654100008541718,0.001046599994879216,4.949999856762588e-05,0.04532829998061061,0.053356500022346154,0.03865240002050996,0.003486500005237758,0.005564499995671213,0.002927199995610863,0.003782799991313368,0.00011340001947246492
0.8,Weighted LP3 ($ 	heta $ Only),19,232,0.0,,4,0,0,0,0.0,0.0,100.0,0.0007640999974682927,0.000976700015598908,0.0001154000055976212,0.033379800006514415,0.0426832000084687,0.026352099986979738,0.0030753999890293926,0.006916399986948818,0.002240500005427748,0.002219699992565438,8.999998681247234e-05
0.8,Weighted LP3 ($ 	heta $ Only),20,252,0.0,,2,0,0,0,0.0,0.0,100.0,0.0009343000128865242,0.0010534999892115593,0.0001453000004403293,0.03973639998002909,0.047663900011684746,0.022997899999609217,0.0029881999944336712,0.0034731999912764877,0.004560600005788729,0.0028703999996650964,0.00016689999029040337
0.8,Weighted LP3 ($ 	heta $ Only),21,273,0.0,,0,0,0,0,2.4868995751603507e-14,16.666666666666668,83.33333333333333,0.0007474999874830246,0.0008851999882608652,4.5599997974932194e-05,0.039201200008392334,0.06373960000928491,0.04336070001590997,0.003128699987428263,0.003567400010069832,0.0028572999872267246,0.006055800011381507,0.00017579999985173345
0.8,Weighted LP3 ($ 	heta $ Only),22,295,0.0,,4,0,0,0,0.0,0.0,100.0,0.0007535999757237732,0.0009351999906357378,0.0001109000004362315,0.040922599990153685,0.04378430001088418,0.028974799992283806,0.0029929000011179596,0.0024668000114616007,0.004674800002248958,0.0026171999925281852,9.039998985826969e-05
0.8,Weighted LP3 ($ 	heta $ Only),23,318,0.0,,0,0,0,0,0.0,0.0,100.0,0.0007696999819017947,0.0009365000005345792,4.6200002543628216e-05,0.03578619999461807,0.04758289997698739,0.024551000009523705,0.0035798999888356775,0.005040699994424358,0.004902399989077821,0.0029352999990805984,0.00011140000424347818
0.8,Weighted LP3 ($ 	heta $ Only),24,342,0.0,,0,0,0,0,0.0,0.0,100.0,0.0010543999960646033,0.0008950000046752393,4.850002005696297e-05,0.03464579998399131,0.06200489998445846,0.028257700003450736,0.004062000021804124,0.0039028000028338283,0.0034525000082794577,0.009282499988330528,0.00029999998514540493
0.8,Weighted LP3 ($ 	heta $ Only),25,367,0.0,,0,0,0,0,0.0,0.0,100.0,0.0013165000127628446,0.002363699983106926,8.66000191308558e-05,0.03997209999943152,0.04478759999619797,0.04909400001633912,0.00913859999855049,0.0028898000018671155,0.0028279999969527125,0.002833600010490045,0.0001145999995060265
0.8,Weighted LP3 ($ 	heta $ Only),26,393,0.0,,0,0,0,0,0.0,0.0,100.0,0.0029341999907046556,0.0011807999981101602,6.289998418651521e-05,0.03797510001459159,0.04955399999744259,0.02066840001498349,0.0036866000154986978,0.0070699000207241625,0.004098300007171929,0.003308699990157038,0.00018620002083480358
0.8,Weighted LP3 ($ 	heta $ Only),27,420,0.0,,2,0,0,0,1.049160758270773e-14,16.666666666666668,83.33333333333333,0.0007726000039838254,0.0009129000245593488,0.00011720001930370927,0.03157790002296679,0.048957299994071946,0.038586400012718514,0.002974200004246086,0.005241100006969646,0.002466000005370006,0.002648800000315532,0.00016910000704228878
0.8,Weighted LP3 ($ 	heta $ Only),28,448,0.0,,2,0,0,0,0.0,0.0,100.0,0.0014435999910347164,0.0009624999947845936,0.00011399999493733048,0.03415220000897534,0.05310630000894889,0.021565099974395707,0.0033158000151161104,0.005895099980989471,0.0032936999923549592,0.0024400000111199915,9.82999918051064e-05
0.8,Weighted LP3 ($ 	heta $ Only),29,477,0.0,,0,0,0,0,0.0,0.0,100.0,0.0007609999738633633,0.0009430999925825745,4.7600013203918934e-05,0.05836070000077598,0.12990450000506826,0.03938980001839809,0.0062379999726545066,0.0034410000080242753,0.00331140001071617,0.0032971999899018556,0.00018470000941306353
0.8,Weighted LP3 ($ 	heta $ Only),30,507,0.0,,0,0,0,0,0.0,0.0,100.0,0.0011489999887999147,0.00285059999441728,9.560000034980476e-05,0.04123050000634976,0.06316799999331124,0.022466599999461323,0.0036540000000968575,0.005088400008389726,0.002807299984851852,0.0027938999992329627,0.00010699999984353781
0.8,Weighted LP3 ($ 	heta $ Only),31,538,0.0,,0,0,0,0,0.0,0.0,100.0,0.0007476000173483044,0.0009355000220239162,4.6299974201247096e-05,0.03526649999548681,0.0533655000035651,0.02278719999594614,0.0038502000097651035,0.003469800023594871,0.0034354999952483922,0.004016199993202463,0.0004600999818649143
0.8,Weighted LP3 ($ 	heta $ Only),32,570,0.0,,0,0,0,0,0.0,0.0,100.0,0.0016284000012092292,0.0012365000147838145,5.9900019550696015e-05,0.05609830000321381,0.04544339998392388,0.014939400018192828,0.003080700000282377,0.0028953000146429986,0.0029153999930713326,0.0029122999985702336,0.00010599999222904444
0.8,Weighted LP3 ($ 	heta $ Only),33,603,0.0,,2,0,0,0,0.0,0.0,100.0,0.0007439999899361283,0.0028168999997433275,0.00018740000086836517,0.04116379999322817,0.05279970000265166,0.03700199999730103,0.005127499985974282,0.006280100002186373,0.0027688000118359923,0.003262299986090511,0.00016969998250715435
0.8,Weighted LP3 ($ 	heta $ Only),34,637,0.0,,0,0,0,0,0.0,0.0,100.0,0.0031464000057894737,0.0009248999995179474,4.6900007873773575e-05,0.038128199987113476,0.05200239998521283,0.025316999992355704,0.004577300016535446,0.0028098000038880855,0.002771500003291294,0.0028581999940797687,0.0001297999988310039
0.8,Weighted LP3 ($ 	heta $ Only),35,672,0.0,,4,0,0,0,0.0,0.0,100.0,0.0011731999984476715,0.001879099989309907,0.00023209999199025333,0.03773909999290481,0.04302630000165664,0.021979000011924654,0.0025208000151906163,0.0028671000036410987,0.011824999994132668,0.0046131999988574535,0.00021749999723397195
0.8,Weighted LP3 ($ 	heta $ Only),36,708,0.0,,0,0,0,0,0.0,0.0,100.0,0.003041599993593991,0.0029907000134699047,9.059999138116837e-05,0.04932220000773668,0.04111109999939799,0.030159099987940863,0.003599099989514798,0.006528400001116097,0.0030214000144042075,0.0029796999879181385,0.00010659999679774046
0.8,Weighted LP3 ($ 	heta $ Only),37,745,0.0,,0,0,0,0,0.0,0.0,100.0,0.0036345999978948385,0.0022017000010237098,6.389999180100858e-05,0.04111930000362918,0.05484009999781847,0.016332400002283975,0.003558199998224154,0.0034106000093743205,0.004018799983896315,0.005160799977602437,0.00010559998918324709
0.8,Weighted LP3 ($ 	heta $ Only),38,783,0.0,,0,0,0,0,0.0,0.0,100.0,0.000767599995015189,0.0009009000204969198,5.77000027988106e-05,0.042749399988679215,0.050824300007661805,0.03595889999996871,0.0030163999763317406,0.0033859999966807663,0.007999699999345466,0.0028931999986525625,0.00010899998596869409
0.8,Weighted LP3 ($ 	heta $ Only),39,822,0.0,,2,0,0,0,0.0,0.0,100.0,0.000977699994109571,0.0009252999734599143,0.00012959999730810523,0.04188179998891428,0.05601919998298399,0.024783900007605553,0.0035593999782577157,0.0027774999907705933,0.003014500020071864,0.0030078999989200383,0.00016719999257475138
0.8,Weighted LP3 ($ 	heta $ Only),40,862,0.0,,2,0,0,0,0.0,0.0,100.0,0.0007824999920558184,0.0009142000053543597,0.00011039999662898481,0.03916780001600273,0.0498323000210803,0.02773410000372678,0.006309099990176037,0.0026664999895729125,0.0024329000152647495,0.003347499994561076,0.00017110002227127552
0.8,Weighted LP3 ($ 	heta $ Only),41,903,0.0,,0,0,0,0,2.1316282072803006e-14,16.666666666666668,83.33333333333333,0.0008288000244647264,0.0018583000055514276,5.570001667365432e-05,0.03518469998380169,0.05031430002418347,0.03650950000155717,0.005937700014328584,0.0028138999768998474,0.0027882999856956303,0.003492899995762855,0.00010799997835420072
0.8,Weighted LP3 ($ 	heta $ Only),42,945,0.0,,0,0,0,0,0.0,0.0,100.0,0.0007653000066056848,0.0009432000224478543,4.680000711232424e-05,0.03770230000372976,0.04749170001014136,0.026143299997784197,0.0062621000106446445,0.0039323000237345695,0.0032472999882884324,0.003240999998524785,0.00018469998030923307
0.8,Weighted LP3 ($ 	heta $ Only),43,988,0.0,,0,0,0,0,0.0,0.0,100.0,0.002126400009728968,0.0013210999895818532,5.2799994591623545e-05,0.032767900003818795,0.06438630001503043,0.019880600011674687,0.002937900018878281,0.002791599981719628,0.009803100023418665,0.005874900001799688,0.0002840999804902822
0.8,Weighted LP3 ($ 	heta $ Only),44,1032,0.0,,0,0,0,0,0.0,0.0,100.0,0.002168699982576072,0.0025138999917544425,8.730002446100116e-05,0.04489409999223426,0.05396790002123453,0.02998190000653267,0.003643700008979067,0.005079499998828396,0.002825900010066107,0.003485299996100366,0.00010679999832063913
0.8,Weighted LP3 ($ 	heta $ Only),45,1077,0.0,,0,0,0,0,0.0,0.0,100.0,0.0007830999966245145,0.0009136000007856637,4.730001091957092e-05,0.04159560002153739,0.05532590000075288,0.06973989997641183,0.009760099987033755,0.006081100000301376,0.012385300011374056,0.005973699997412041,0.0002809000143315643
0.8,Weighted LP3 ($ 	heta $ Only),46,1123,0.0,,0,0,0,0,0.0,0.0,100.0,0.005162900022696704,0.0018628000107128173,9.019998833537102e-05,0.09843929999624379,0.06091000000014901,0.027791100001195446,0.009272800001781434,0.0030242000066209584,0.004106000007595867,0.008137699973303825,0.00030440001864917576
0.8,Weighted LP3 ($ 	heta $ Only),47,1170,0.0,,2,0,0,0,3.552713678800501e-15,16.666666666666668,83.33333333333333,0.0035804999934043735,0.000953300012042746,0.00011500000255182385,0.041142000001855195,0.042239800008246675,0.03588730000774376,0.00291579999611713,0.009156800020718947,0.003565799997886643,0.002896399993915111,0.00016830000095069408
0.8,Weighted LP3 ($ 	heta $ Only),48,1218,0.0,,0,0,0,0,0.0,0.0,100.0,0.0007623000128660351,0.0056133999896701425,0.00014719998580403626,0.03956889998516999,0.055870600015623495,0.03565459998208098,0.003070899983868003,0.005648999998811632,0.0036312000011093915,0.0030159000016283244,0.00010720000136643648
0.8,Weighted LP3 ($ 	heta $ Only),49,1267,0.0,,1,0,0,0,0.0,0.0,100.0,0.0013266000023577362,0.0009518000006210059,0.00012179999612271786,0.034778500004904345,0.05309010000200942,0.018188999994890764,0.0038250999932643026,0.0030889000045135617,0.005702399997971952,0.0032783999922685325,0.0001066999975591898
0.8,Borda LP3 ($ 	heta $ Only),0,42,0.0,,0,0,0,0,0.0,0.0,100.0,0.0030229999974835664,0.002349700022023171,5.950001650489867e-05,0.04473669998697005,0.04640570000628941,0.021815999993123114,0.005206200003158301,0.0034515000006649643,0.003963499999372289,0.0033989000075962394,0.00018370000179857016
0.8,Borda LP3 ($ 	heta $ Only),1,43,0.0,,0,0,0,0,0.0,0.0,100.0,0.0007624000136274844,0.0018554999842308462,9.039998985826969e-05,0.033886399993207306,0.05685839999932796,0.026232600008370355,0.0034357000258751214,0.003298800002085045,0.004669099987950176,0.0033626999938860536,0.00018539998563937843
0.8,Borda LP3 ($ 	heta $ Only),2,45,0.0,,0,0,0,0,0.0,0.0,100.0,0.0012650999997276813,0.0008650000090710819,6.029999349266291e-05,0.062065199977951124,0.051034500007517636,0.016827400017064065,0.003565799997886643,0.0033081000146921724,0.0033149000082630664,0.0033009999897331,0.00011699998867698014
0.8,Borda LP3 ($ 	heta $ Only),3,48,0.0,,2,0,0,0,0.0,0.0,100.0,0.000817699998151511,0.0015633000002708286,0.00024240001221187413,0.02976969999144785,0.0516529000014998,0.018496100004995242,0.006651700008660555,0.0024241999781224877,0.0023879999935161322,0.0023833000159356743,9.960000170394778e-05
0.8,Borda LP3 ($ 	heta $ Only),4,52,0.0,,2,0,0,0,0.0,0.0,100.0,0.00074819999281317,0.0009533999837003648,0.00011309998808428645,0.03922049998072907,0.04846280001220293,0.03411060001235455,0.004739299998618662,0.0036275000020395964,0.0024314000038430095,0.002533199993195012,9.850002243183553e-05
0.8,Borda LP3 ($ 	heta $ Only),5,57,0.0,,1,0,0,0,0.0,0.0,100.0,0.0007489999989047647,0.0008542000141460449,0.00011729999096132815,0.03896330000134185,0.08340360000147484,0.1231936999829486,0.013562900014221668,0.01966980000725016,0.012960100022610277,0.003712600009748712,0.00011160000576637685
0.8,Borda LP3 ($ 	heta $ Only),6,63,0.0,,5,0,0,0,0.0,0.0,100.0,0.0020000000076834112,0.0025682999985292554,0.00015449998318217695,0.06189509999239817,0.114624299982097,0.09634940000250936,0.00548340001842007,0.010341900022467598,0.0027256000030320138,0.006059999985154718,0.0002114000089932233
0.8,Borda LP3 ($ 	heta $ Only),7,70,0.0,,1,0,0,0,0.0,0.0,100.0,0.0018032999942079186,0.00265060001402162,0.0002722999779507518,0.08859669999219477,0.19031000000541098,0.15095410001231357,0.015781499998411164,0.01214919998892583,0.008580299996538088,0.013364700018428266,0.00011660001473501325
0.8,Borda LP3 ($ 	heta $ Only),8,78,0.0,,1,0,0,0,0.0,0.0,100.0,0.008520900009898469,0.0012334999919403344,0.0001762000028975308,0.1896171999978833,0.12227250001160428,0.06456759999855421,0.003126800002064556,0.003266700019594282,0.009059200005140156,0.012907600001199171,0.00041810001130215824
0.8,Borda LP3 ($ 	heta $ Only),9,87,0.0,,0,0,0,0,0.0,0.0,100.0,0.0015289000002667308,0.0022369000071194023,0.00011289998656138778,0.045640199998160824,0.24584950000280514,0.06565799997770227,0.0038883000088389963,0.0030712000152561814,0.004891499993391335,0.0030166000069584697,0.00018440000712871552
0.8,Borda LP3 ($ 	heta $ Only),10,97,0.0,,0,0,0,0,0.0,0.0,100.0,0.015923099999781698,0.002646800014190376,0.00019160000374540687,0.07695859999512322,0.05143220000900328,0.02343450000626035,0.0061215999885462224,0.002976199990371242,0.002953200018964708,0.0029141999839339405,0.0001092999882530421
0.8,Borda LP3 ($ 	heta $ Only),11,108,0.0,,3,0,0,0,0.0,0.0,100.0,0.00090970000019297,0.0021514999971259385,0.00017340001068077981,0.04320829999051057,0.057958099991083145,0.029881700000260025,0.003373899991856888,0.0031337999971583486,0.0026363999932073057,0.005962700000964105,0.0001684999733697623
0.8,Borda LP3 ($ 	heta $ Only),12,120,0.0,,0,0,0,0,0.0,0.0,100.0,0.0007544999825768173,0.0015325999993365258,4.7900015488266945e-05,0.03657200001180172,0.09815249999519438,0.030881600017892197,0.0034710000036284328,0.004285499977413565,0.0042640999890863895,0.002896399993915111,0.0001871999993454665
0.8,Borda LP3 ($ 	heta $ Only),13,133,0.0,,0,0,0,0,0.0,0.0,100.0,0.0008351999858859926,0.0009084000193979591,6.670001312159002e-05,0.038147599989315495,0.21390360000077635,0.0479635999945458,0.008866499993018806,0.019910100003471598,0.0933804000087548,0.016710299998521805,0.00028149998979642987
0.8,Borda LP3 ($ 	heta $ Only),14,147,0.0,,0,0,0,0,0.0,0.0,100.0,0.003724500013049692,0.009816700010560453,0.00014379998901858926,0.11900629999581724,0.0774917000089772,0.03526169998804107,0.003590299980714917,0.008319400018081069,0.0034884999913629144,0.003420200024265796,0.00018740000086836517
0.8,Borda LP3 ($ 	heta $ Only),15,162,0.0,,0,0,0,0,0.0,0.0,100.0,0.0007645000005140901,0.0008985000022221357,4.6600005589425564e-05,0.06407449999824166,0.07547260000137612,0.04109330000937916,0.0029534000204876065,0.007462899986421689,0.003105699986917898,0.003880800009937957,0.00023710000095888972
0.8,Borda LP3 ($ 	heta $ Only),16,178,0.0,,0,0,0,0,0.0,0.0,100.0,0.0013805000053253025,0.004447700019227341,0.00013770000077784061,0.07153359998483211,0.06640370000968687,0.045205699978396297,0.003643799980636686,0.003463700006250292,0.003716900013387203,0.008014599996386096,0.00018859998090192676
0.8,Borda LP3 ($ 	heta $ Only),17,195,0.0,,0,0,0,0,0.0,0.0,100.0,0.0007618000090587884,0.0008870000019669533,4.839999019168317e-05,0.04732650000369176,0.04864100000122562,0.02292630000738427,0.0031829999934416264,0.003014200017787516,0.0029814000008627772,0.002985900006024167,0.00010570001904852688
0.8,Borda LP3 ($ 	heta $ Only),18,213,0.0,,0,0,0,0,0.0,0.0,100.0,0.005654100008541718,0.001046599994879216,4.949999856762588e-05,0.04532829998061061,0.053356500022346154,0.03865240002050996,0.003486500005237758,0.005564499995671213,0.002927199995610863,0.003782799991313368,0.00011340001947246492
0.8,Borda LP3 ($ 	heta $ Only),19,232,0.0,,4,0,0,0,0.0,0.0,100.0,0.0007640999974682927,0.000976700015598908,0.0001154000055976212,0.033379800006514415,0.0426832000084687,0.026352099986979738,0.0030753999890293926,0.006916399986948818,0.002240500005427748,0.002219699992565438,8.999998681247234e-05
0.8,Borda LP3 ($ 	heta $ Only),20,252,0.0,,2,0,0,0,0.0,0.0,100.0,0.0009343000128865242,0.0010534999892115593,0.0001453000004403293,0.03973639998002909,0.047663900011684746,0.022997899999609217,0.0029881999944336712,0.0034731999912764877,0.004560600005788729,0.0028703999996650964,0.00016689999029040337
0.8,Borda LP3 ($ 	heta $ Only),21,273,0.0,,0,0,0,0,2.4868995751603507e-14,16.666666666666668,83.33333333333333,0.0007474999874830246,0.0008851999882608652,4.5599997974932194e-05,0.039201200008392334,0.06373960000928491,0.04336070001590997,0.003128699987428263,0.003567400010069832,0.0028572999872267246,0.006055800011381507,0.00017579999985173345
0.8,Borda LP3 ($ 	heta $ Only),22,295,0.0,,4,0,0,0,0.0,0.0,100.0,0.0007535999757237732,0.0009351999906357378,0.0001109000004362315,0.040922599990153685,0.04378430001088418,0.028974799992283806,0.0029929000011179596,0.0024668000114616007,0.004674800002248958,0.0026171999925281852,9.039998985826969e-05
0.8,Borda LP3 ($ 	heta $ Only),23,318,0.0,,0,0,0,0,0.0,0.0,100.0,0.0007696999819017947,0.0009365000005345792,4.6200002543628216e-05,0.03578619999461807,0.04758289997698739,0.024551000009523705,0.0035798999888356775,0.005040699994424358,0.004902399989077821,0.0029352999990805984,0.00011140000424347818
0.8,Borda LP3 ($ 	heta $ Only),24,342,0.0,,0,0,0,0,0.0,0.0,100.0,0.0010543999960646033,0.0008950000046752393,4.850002005696297e-05,0.03464579998399131,0.06200489998445846,0.028257700003450736,0.004062000021804124,0.0039028000028338283,0.0034525000082794577,0.009282499988330528,0.00029999998514540493
0.8,Borda LP3 ($ 	heta $ Only),25,367,0.0,,0,0,0,0,0.0,0.0,100.0,0.0013165000127628446,0.002363699983106926,8.66000191308558e-05,0.03997209999943152,0.04478759999619797,0.04909400001633912,0.00913859999855049,0.0028898000018671155,0.0028279999969527125,0.002833600010490045,0.0001145999995060265
0.8,Borda LP3 ($ 	heta $ Only),26,393,0.0,,0,0,0,0,0.0,0.0,100.0,0.0029341999907046556,0.0011807999981101602,6.289998418651521e-05,0.03797510001459159,0.04955399999744259,0.02066840001498349,0.0036866000154986978,0.0070699000207241625,0.004098300007171929,0.003308699990157038,0.00018620002083480358
0.8,Borda LP3 ($ 	heta $ Only),27,420,0.0,,2,0,0,0,1.049160758270773e-14,16.666666666666668,83.33333333333333,0.0007726000039838254,0.0009129000245593488,0.00011720001930370927,0.03157790002296679,0.048957299994071946,0.038586400012718514,0.002974200004246086,0.005241100006969646,0.002466000005370006,0.002648800000315532,0.00016910000704228878
0.8,Borda LP3 ($ 	heta $ Only),28,448,0.0,,2,0,0,0,0.0,0.0,100.0,0.0014435999910347164,0.0009624999947845936,0.00011399999493733048,0.03415220000897534,0.05310630000894889,0.021565099974395707,0.0033158000151161104,0.005895099980989471,0.0032936999923549592,0.0024400000111199915,9.82999918051064e-05
0.8,Borda LP3 ($ 	heta $ Only),29,477,0.0,,0,0,0,0,0.0,0.0,100.0,0.0007609999738633633,0.0009430999925825745,4.7600013203918934e-05,0.05836070000077598,0.12990450000506826,0.03938980001839809,0.0062379999726545066,0.0034410000080242753,0.00331140001071617,0.0032971999899018556,0.00018470000941306353
0.8,Borda LP3 ($ 	heta $ Only),30,507,0.0,,0,0,0,0,0.0,0.0,100.0,0.0011489999887999147,0.00285059999441728,9.560000034980476e-05,0.04123050000634976,0.06316799999331124,0.022466599999461323,0.0036540000000968575,0.005088400008389726,0.002807299984851852,0.0027938999992329627,0.00010699999984353781
0.8,Borda LP3 ($ 	heta $ Only),31,538,0.0,,0,0,0,0,0.0,0.0,100.0,0.0007476000173483044,0.0009355000220239162,4.6299974201247096e-05,0.03526649999548681,0.0533655000035651,0.02278719999594614,0.0038502000097651035,0.003469800023594871,0.0034354999952483922,0.004016199993202463,0.0004600999818649143
0.8,Borda LP3 ($ 	heta $ Only),32,570,0.0,,0,0,0,0,0.0,0.0,100.0,0.0016284000012092292,0.0012365000147838145,5.9900019550696015e-05,0.05609830000321381,0.04544339998392388,0.014939400018192828,0.003080700000282377,0.0028953000146429986,0.0029153999930713326,0.0029122999985702336,0.00010599999222904444
0.8,Borda LP3 ($ 	heta $ Only),33,603,0.0,,2,0,0,0,0.0,0.0,100.0,0.0007439999899361283,0.0028168999997433275,0.00018740000086836517,0.04116379999322817,0.05279970000265166,0.03700199999730103,0.005127499985974282,0.006280100002186373,0.0027688000118359923,0.003262299986090511,0.00016969998250715435
0.8,Borda LP3 ($ 	heta $ Only),34,637,0.0,,0,0,0,0,0.0,0.0,100.0,0.0031464000057894737,0.0009248999995179474,4.6900007873773575e-05,0.038128199987113476,0.05200239998521283,0.025316999992355704,0.004577300016535446,0.0028098000038880855,0.002771500003291294,0.0028581999940797687,0.0001297999988310039
0.8,Borda LP3 ($ 	heta $ Only),35,672,0.0,,4,0,0,0,0.0,0.0,100.0,0.0011731999984476715,0.001879099989309907,0.00023209999199025333,0.03773909999290481,0.04302630000165664,0.021979000011924654,0.0025208000151906163,0.0028671000036410987,0.011824999994132668,0.0046131999988574535,0.00021749999723397195
0.8,Borda LP3 ($ 	heta $ Only),36,708,0.0,,0,0,0,0,0.0,0.0,100.0,0.003041599993593991,0.0029907000134699047,9.059999138116837e-05,0.04932220000773668,0.04111109999939799,0.030159099987940863,0.003599099989514798,0.006528400001116097,0.0030214000144042075,0.0029796999879181385,0.00010659999679774046
0.8,Borda LP3 ($ 	heta $ Only),37,745,0.0,,0,0,0,0,0.0,0.0,100.0,0.0036345999978948385,0.0022017000010237098,6.389999180100858e-05,0.04111930000362918,0.05484009999781847,0.016332400002283975,0.003558199998224154,0.0034106000093743205,0.004018799983896315,0.005160799977602437,0.00010559998918324709
0.8,Borda LP3 ($ 	heta $ Only),38,783,0.0,,0,0,0,0,0.0,0.0,100.0,0.000767599995015189,0.0009009000204969198,5.77000027988106e-05,0.042749399988679215,0.050824300007661805,0.03595889999996871,0.0030163999763317406,0.0033859999966807663,0.007999699999345466,0.0028931999986525625,0.00010899998596869409
0.8,Borda LP3 ($ 	heta $ Only),39,822,0.0,,2,0,0,0,0.0,0.0,100.0,0.000977699994109571,0.0009252999734599143,0.00012959999730810523,0.04188179998891428,0.05601919998298399,0.024783900007605553,0.0035593999782577157,0.0027774999907705933,0.003014500020071864,0.0030078999989200383,0.00016719999257475138
0.8,Borda LP3 ($ 	heta $ Only),40,862,0.0,,2,0,0,0,0.0,0.0,100.0,0.0007824999920558184,0.0009142000053543597,0.00011039999662898481,0.03916780001600273,0.0498323000210803,0.02773410000372678,0.006309099990176037,0.0026664999895729125,0.0024329000152647495,0.003347499994561076,0.00017110002227127552
0.8,Borda LP3 ($ 	heta $ Only),41,903,0.0,,0,0,0,0,2.1316282072803006e-14,16.666666666666668,83.33333333333333,0.0008288000244647264,0.0018583000055514276,5.570001667365432e-05,0.03518469998380169,0.05031430002418347,0.03650950000155717,0.005937700014328584,0.0028138999768998474,0.0027882999856956303,0.003492899995762855,0.00010799997835420072
0.8,Borda LP3 ($ 	heta $ Only),42,945,0.0,,0,0,0,0,0.0,0.0,100.0,0.0007653000066056848,0.0009432000224478543,4.680000711232424e-05,0.03770230000372976,0.04749170001014136,0.026143299997784197,0.0062621000106446445,0.0039323000237345695,0.0032472999882884324,0.003240999998524785,0.00018469998030923307
0.8,Borda LP3 ($ 	heta $ Only),43,988,0.0,,0,0,0,0,0.0,0.0,100.0,0.002126400009728968,0.0013210999895818532,5.2799994591623545e-05,0.032767900003818795,0.06438630001503043,0.019880600011674687,0.002937900018878281,0.002791599981719628,0.009803100023418665,0.005874900001799688,0.0002840999804902822
0.8,Borda LP3 ($ 	heta $ Only),44,1032,0.0,,0,0,0,0,0.0,0.0,100.0,0.002168699982576072,0.0025138999917544425,8.730002446100116e-05,0.04489409999223426,0.05396790002123453,0.02998190000653267,0.003643700008979067,0.005079499998828396,0.002825900010066107,0.003485299996100366,0.00010679999832063913
0.8,Borda LP3 ($ 	heta $ Only),45,1077,0.0,,0,0,0,0,0.0,0.0,100.0,0.0007830999966245145,0.0009136000007856637,4.730001091957092e-05,0.04159560002153739,0.05532590000075288,0.06973989997641183,0.009760099987033755,0.006081100000301376,0.012385300011374056,0.005973699997412041,0.0002809000143315643
0.8,Borda LP3 ($ 	heta $ Only),46,1123,0.0,,0,0,0,0,0.0,0.0,100.0,0.005162900022696704,0.0018628000107128173,9.019998833537102e-05,0.09843929999624379,0.06091000000014901,0.027791100001195446,0.009272800001781434,0.0030242000066209584,0.004106000007595867,0.008137699973303825,0.00030440001864917576
0.8,Borda LP3 ($ 	heta $ Only),47,1170,0.0,,2,0,0,0,3.552713678800501e-15,16.666666666666668,83.33333333333333,0.0035804999934043735,0.000953300012042746,0.00011500000255182385,0.041142000001855195,0.042239800008246675,0.03588730000774376,0.00291579999611713,0.009156800020718947,0.003565799997886643,0.002896399993915111,0.00016830000095069408
0.8,Borda LP3 ($ 	heta $ Only),48,1218,0.0,,0,0,0,0,0.0,0.0,100.0,0.0007623000128660351,0.0056133999896701425,0.00014719998580403626,0.03956889998516999,0.055870600015623495,0.03565459998208098,0.003070899983868003,0.005648999998811632,0.0036312000011093915,0.0030159000016283244,0.00010720000136643648
0.8,Borda LP3 ($ 	heta $ Only),49,1267,0.0,,1,0,0,0,0.0,0.0,100.0,0.0013266000023577362,0.0009518000006210059,0.00012179999612271786,0.034778500004904345,0.05309010000200942,0.018188999994890764,0.0038250999932643026,0.0030889000045135617,0.005702399997971952,0.0032783999922685325,0.0001066999975591898
0.8,Linear BTL,0,42,,-21.0980662306379,0,1,0,1,,,,0.0030229999974835664,0.002349700022023171,5.950001650489867e-05,0.04473669998697005,0.04640570000628941,0.021815999993123114,0.005206200003158301,0.0034515000006649643,0.003963499999372289,0.0033989000075962394,0.00018370000179857016
0.8,Linear BTL,1,43,,-27.98206329000275,0,2,0,2,,,,0.0007624000136274844,0.0018554999842308462,9.039998985826969e-05,0.033886399993207306,0.05685839999932796,0.026232600008370355,0.0034357000258751214,0.003298800002085045,0.004669099987950176,0.0033626999938860536,0.00018539998563937843
0.8,Linear BTL,2,45,,-25.680912628090798,0,1,0,1,,,,0.0012650999997276813,0.0008650000090710819,6.029999349266291e-05,0.062065199977951124,0.051034500007517636,0.016827400017064065,0.003565799997886643,0.0033081000146921724,0.0033149000082630664,0.0033009999897331,0.00011699998867698014
0.8,Linear BTL,3,48,,-25.159037103240983,2,1,0,1,,,,0.000817699998151511,0.0015633000002708286,0.00024240001221187413,0.02976969999144785,0.0516529000014998,0.018496100004995242,0.006651700008660555,0.0024241999781224877,0.0023879999935161322,0.0023833000159356743,9.960000170394778e-05
0.8,Linear BTL,4,52,,-26.200830371356197,2,1,0,1,,,,0.00074819999281317,0.0009533999837003648,0.00011309998808428645,0.03922049998072907,0.04846280001220293,0.03411060001235455,0.004739299998618662,0.0036275000020395964,0.0024314000038430095,0.002533199993195012,9.850002243183553e-05
0.8,Linear BTL,5,57,,-21.98707950053901,1,1,0,1,,,,0.0007489999989047647,0.0008542000141460449,0.00011729999096132815,0.03896330000134185,0.08340360000147484,0.1231936999829486,0.013562900014221668,0.01966980000725016,0.012960100022610277,0.003712600009748712,0.00011160000576637685
0.8,Linear BTL,6,63,,-29.273557135067097,5,2,0,2,,,,0.0020000000076834112,0.0025682999985292554,0.00015449998318217695,0.06189509999239817,0.114624299982097,0.09634940000250936,0.00548340001842007,0.010341900022467598,0.0027256000030320138,0.006059999985154718,0.0002114000089932233
0.8,Linear BTL,7,70,,-26.24142101034579,1,1,0,1,,,,0.0018032999942079186,0.00265060001402162,0.0002722999779507518,0.08859669999219477,0.19031000000541098,0.15095410001231357,0.015781499998411164,0.01214919998892583,0.008580299996538088,0.013364700018428266,0.00011660001473501325
0.8,Linear BTL,8,78,,-20.60529255174071,1,1,0,1,,,,0.008520900009898469,0.0012334999919403344,0.0001762000028975308,0.1896171999978833,0.12227250001160428,0.06456759999855421,0.003126800002064556,0.003266700019594282,0.009059200005140156,0.012907600001199171,0.00041810001130215824
0.8,Linear BTL,9,87,,-21.494871923663638,0,0,0,0,,,,0.0015289000002667308,0.0022369000071194023,0.00011289998656138778,0.045640199998160824,0.24584950000280514,0.06565799997770227,0.0038883000088389963,0.0030712000152561814,0.004891499993391335,0.0030166000069584697,0.00018440000712871552
0.8,Linear BTL,10,97,,-25.68091279353448,0,1,0,1,,,,0.015923099999781698,0.002646800014190376,0.00019160000374540687,0.07695859999512322,0.05143220000900328,0.02343450000626035,0.0061215999885462224,0.002976199990371242,0.002953200018964708,0.0029141999839339405,0.0001092999882530421
0.8,Linear BTL,11,108,,-25.77739460785368,3,0,0,0,,,,0.00090970000019297,0.0021514999971259385,0.00017340001068077981,0.04320829999051057,0.057958099991083145,0.029881700000260025,0.003373899991856888,0.0031337999971583486,0.0026363999932073057,0.005962700000964105,0.0001684999733697623
0.8,Linear BTL,12,120,,-20.228139481195438,0,2,0,2,,,,0.0007544999825768173,0.0015325999993365258,4.7900015488266945e-05,0.03657200001180172,0.09815249999519438,0.030881600017892197,0.0034710000036284328,0.004285499977413565,0.0042640999890863895,0.002896399993915111,0.0001871999993454665
0.8,Linear BTL,13,133,,-18.454304017353312,0,1,0,1,,,,0.0008351999858859926,0.0009084000193979591,6.670001312159002e-05,0.038147599989315495,0.21390360000077635,0.0479635999945458,0.008866499993018806,0.019910100003471598,0.0933804000087548,0.016710299998521805,0.00028149998979642987
0.8,Linear BTL,14,147,,-21.38302782622322,0,0,0,0,,,,0.003724500013049692,0.009816700010560453,0.00014379998901858926,0.11900629999581724,0.0774917000089772,0.03526169998804107,0.003590299980714917,0.008319400018081069,0.0034884999913629144,0.003420200024265796,0.00018740000086836517
0.8,Linear BTL,15,162,,-27.761199695519085,0,0,0,0,,,,0.0007645000005140901,0.0008985000022221357,4.6600005589425564e-05,0.06407449999824166,0.07547260000137612,0.04109330000937916,0.0029534000204876065,0.007462899986421689,0.003105699986917898,0.003880800009937957,0.00023710000095888972
0.8,Linear BTL,16,178,,-21.833160722111657,0,3,0,3,,,,0.0013805000053253025,0.004447700019227341,0.00013770000077784061,0.07153359998483211,0.06640370000968687,0.045205699978396297,0.003643799980636686,0.003463700006250292,0.003716900013387203,0.008014599996386096,0.00018859998090192676
0.8,Linear BTL,17,195,,-18.31464913065549,0,0,0,0,,,,0.0007618000090587884,0.0008870000019669533,4.839999019168317e-05,0.04732650000369176,0.04864100000122562,0.02292630000738427,0.0031829999934416264,0.003014200017787516,0.0029814000008627772,0.002985900006024167,0.00010570001904852688
0.8,Linear BTL,18,213,,-13.631833011518765,0,0,0,0,,,,0.005654100008541718,0.001046599994879216,4.949999856762588e-05,0.04532829998061061,0.053356500022346154,0.03865240002050996,0.003486500005237758,0.005564499995671213,0.002927199995610863,0.003782799991313368,0.00011340001947246492
0.8,Linear BTL,19,232,,-29.16892136320836,4,0,0,0,,,,0.0007640999974682927,0.000976700015598908,0.0001154000055976212,0.033379800006514415,0.0426832000084687,0.026352099986979738,0.0030753999890293926,0.006916399986948818,0.002240500005427748,0.002219699992565438,8.999998681247234e-05
0.8,Linear BTL,20,252,,-22.853914473083698,2,0,0,0,,,,0.0009343000128865242,0.0010534999892115593,0.0001453000004403293,0.03973639998002909,0.047663900011684746,0.022997899999609217,0.0029881999944336712,0.0034731999912764877,0.004560600005788729,0.0028703999996650964,0.00016689999029040337
0.8,Linear BTL,21,273,,-27.254186288808786,0,1,0,1,,,,0.0007474999874830246,0.0008851999882608652,4.5599997974932194e-05,0.039201200008392334,0.06373960000928491,0.04336070001590997,0.003128699987428263,0.003567400010069832,0.0028572999872267246,0.006055800011381507,0.00017579999985173345
0.8,Linear BTL,22,295,,-29.188645039293423,4,1,0,1,,,,0.0007535999757237732,0.0009351999906357378,0.0001109000004362315,0.040922599990153685,0.04378430001088418,0.028974799992283806,0.0029929000011179596,0.0024668000114616007,0.004674800002248958,0.0026171999925281852,9.039998985826969e-05
0.8,Linear BTL,23,318,,-27.437844553314246,0,2,0,2,,,,0.0007696999819017947,0.0009365000005345792,4.6200002543628216e-05,0.03578619999461807,0.04758289997698739,0.024551000009523705,0.0035798999888356775,0.005040699994424358,0.004902399989077821,0.0029352999990805984,0.00011140000424347818
0.8,Linear BTL,24,342,,-27.19181313851599,0,1,0,1,,,,0.0010543999960646033,0.0008950000046752393,4.850002005696297e-05,0.03464579998399131,0.06200489998445846,0.028257700003450736,0.004062000021804124,0.0039028000028338283,0.0034525000082794577,0.009282499988330528,0.00029999998514540493
0.8,Linear BTL,25,367,,-21.775249898903596,0,1,0,1,,,,0.0013165000127628446,0.002363699983106926,8.66000191308558e-05,0.03997209999943152,0.04478759999619797,0.04909400001633912,0.00913859999855049,0.0028898000018671155,0.0028279999969527125,0.002833600010490045,0.0001145999995060265
0.8,Linear BTL,26,393,,-27.76119971281509,0,1,0,1,,,,0.0029341999907046556,0.0011807999981101602,6.289998418651521e-05,0.03797510001459159,0.04955399999744259,0.02066840001498349,0.0036866000154986978,0.0070699000207241625,0.004098300007171929,0.003308699990157038,0.00018620002083480358
0.8,Linear BTL,27,420,,-28.715717016784968,2,0,0,0,,,,0.0007726000039838254,0.0009129000245593488,0.00011720001930370927,0.03157790002296679,0.048957299994071946,0.038586400012718514,0.002974200004246086,0.005241100006969646,0.002466000005370006,0.002648800000315532,0.00016910000704228878
0.8,Linear BTL,28,448,,-28.225163885148355,2,1,0,1,,,,0.0014435999910347164,0.0009624999947845936,0.00011399999493733048,0.03415220000897534,0.05310630000894889,0.021565099974395707,0.0033158000151161104,0.005895099980989471,0.0032936999923549592,0.0024400000111199915,9.82999918051064e-05
0.8,Linear BTL,29,477,,-26.993529068026348,0,1,0,1,,,,0.0007609999738633633,0.0009430999925825745,4.7600013203918934e-05,0.05836070000077598,0.12990450000506826,0.03938980001839809,0.0062379999726545066,0.0034410000080242753,0.00331140001071617,0.0032971999899018556,0.00018470000941306353
0.8,Linear BTL,30,507,,-27.50235422714556,0,2,0,2,,,,0.0011489999887999147,0.00285059999441728,9.560000034980476e-05,0.04123050000634976,0.06316799999331124,0.022466599999461323,0.0036540000000968575,0.005088400008389726,0.002807299984851852,0.0027938999992329627,0.00010699999984353781
0.8,Linear BTL,31,538,,-23.82204010932435,0,1,0,1,,,,0.0007476000173483044,0.0009355000220239162,4.6299974201247096e-05,0.03526649999548681,0.0533655000035651,0.02278719999594614,0.0038502000097651035,0.003469800023594871,0.0034354999952483922,0.004016199993202463,0.0004600999818649143
0.8,Linear BTL,32,570,,-28.71571718940708,0,1,0,1,,,,0.0016284000012092292,0.0012365000147838145,5.9900019550696015e-05,0.05609830000321381,0.04544339998392388,0.014939400018192828,0.003080700000282377,0.0028953000146429986,0.0029153999930713326,0.0029122999985702336,0.00010599999222904444
0.8,Linear BTL,33,603,,-22.241891436093358,2,2,0,2,,,,0.0007439999899361283,0.0028168999997433275,0.00018740000086836517,0.04116379999322817,0.05279970000265166,0.03700199999730103,0.005127499985974282,0.006280100002186373,0.0027688000118359923,0.003262299986090511,0.00016969998250715435
0.8,Linear BTL,34,637,,-22.854264875271596,0,0,0,0,,,,0.0031464000057894737,0.0009248999995179474,4.6900007873773575e-05,0.038128199987113476,0.05200239998521283,0.025316999992355704,0.004577300016535446,0.0028098000038880855,0.002771500003291294,0.0028581999940797687,0.0001297999988310039
0.8,Linear BTL,35,672,,-29.651066466269345,4,0,0,0,,,,0.0011731999984476715,0.001879099989309907,0.00023209999199025333,0.03773909999290481,0.04302630000165664,0.021979000011924654,0.0025208000151906163,0.0028671000036410987,0.011824999994132668,0.0046131999988574535,0.00021749999723397195
0.8,Linear BTL,36,708,,-16.748844953194148,0,0,0,0,,,,0.003041599993593991,0.0029907000134699047,9.059999138116837e-05,0.04932220000773668,0.04111109999939799,0.030159099987940863,0.003599099989514798,0.006528400001116097,0.0030214000144042075,0.0029796999879181385,0.00010659999679774046
0.8,Linear BTL,37,745,,-27.19529400972704,0,0,0,0,,,,0.0036345999978948385,0.0022017000010237098,6.389999180100858e-05,0.04111930000362918,0.05484009999781847,0.016332400002283975,0.003558199998224154,0.0034106000093743205,0.004018799983896315,0.005160799977602437,0.00010559998918324709
0.8,Linear BTL,38,783,,-19.140961201976555,0,1,0,1,,,,0.000767599995015189,0.0009009000204969198,5.77000027988106e-05,0.042749399988679215,0.050824300007661805,0.03595889999996871,0.0030163999763317406,0.0033859999966807663,0.007999699999345466,0.0028931999986525625,0.00010899998596869409
0.8,Linear BTL,39,822,,-25.541563501159285,2,0,0,0,,,,0.000977699994109571,0.0009252999734599143,0.00012959999730810523,0.04188179998891428,0.05601919998298399,0.024783900007605553,0.0035593999782577157,0.0027774999907705933,0.003014500020071864,0.0030078999989200383,0.00016719999257475138
0.8,Linear BTL,40,862,,-26.18911385716817,2,2,0,2,,,,0.0007824999920558184,0.0009142000053543597,0.00011039999662898481,0.03916780001600273,0.0498323000210803,0.02773410000372678,0.006309099990176037,0.0026664999895729125,0.0024329000152647495,0.003347499994561076,0.00017110002227127552
0.8,Linear BTL,41,903,,-26.189113835069723,0,0,0,0,,,,0.0008288000244647264,0.0018583000055514276,5.570001667365432e-05,0.03518469998380169,0.05031430002418347,0.03650950000155717,0.005937700014328584,0.0028138999768998474,0.0027882999856956303,0.003492899995762855,0.00010799997835420072
0.8,Linear BTL,42,945,,-25.723022673950958,0,1,0,1,,,,0.0007653000066056848,0.0009432000224478543,4.680000711232424e-05,0.03770230000372976,0.04749170001014136,0.026143299997784197,0.0062621000106446445,0.0039323000237345695,0.0032472999882884324,0.003240999998524785,0.00018469998030923307
0.8,Linear BTL,43,988,,-27.254186313468892,0,0,0,0,,,,0.002126400009728968,0.0013210999895818532,5.2799994591623545e-05,0.032767900003818795,0.06438630001503043,0.019880600011674687,0.002937900018878281,0.002791599981719628,0.009803100023418665,0.005874900001799688,0.0002840999804902822
0.8,Linear BTL,44,1032,,-25.42838638203809,0,0,0,0,,,,0.002168699982576072,0.0025138999917544425,8.730002446100116e-05,0.04489409999223426,0.05396790002123453,0.02998190000653267,0.003643700008979067,0.005079499998828396,0.002825900010066107,0.003485299996100366,0.00010679999832063913
0.8,Linear BTL,45,1077,,-26.703680951020498,0,1,0,1,,,,0.0007830999966245145,0.0009136000007856637,4.730001091957092e-05,0.04159560002153739,0.05532590000075288,0.06973989997641183,0.009760099987033755,0.006081100000301376,0.012385300011374056,0.005973699997412041,0.0002809000143315643
0.8,Linear BTL,46,1123,,-20.8075905272818,0,0,0,0,,,,0.005162900022696704,0.0018628000107128173,9.019998833537102e-05,0.09843929999624379,0.06091000000014901,0.027791100001195446,0.009272800001781434,0.0030242000066209584,0.004106000007595867,0.008137699973303825,0.00030440001864917576
0.8,Linear BTL,47,1170,,-28.701874242794954,2,1,0,1,,,,0.0035804999934043735,0.000953300012042746,0.00011500000255182385,0.041142000001855195,0.042239800008246675,0.03588730000774376,0.00291579999611713,0.009156800020718947,0.003565799997886643,0.002896399993915111,0.00016830000095069408
0.8,Linear BTL,48,1218,,-15.004041817629307,0,0,0,0,,,,0.0007623000128660351,0.0056133999896701425,0.00014719998580403626,0.03956889998516999,0.055870600015623495,0.03565459998208098,0.003070899983868003,0.005648999998811632,0.0036312000011093915,0.0030159000016283244,0.00010720000136643648
0.8,Linear BTL,49,1267,,-26.945294809527706,1,5,0,5,,,,0.0013266000023577362,0.0009518000006210059,0.00012179999612271786,0.034778500004904345,0.05309010000200942,0.018188999994890764,0.0038250999932643026,0.0030889000045135617,0.005702399997971952,0.0032783999922685325,0.0001066999975591898
0.9,LP2 ($ 	heta $ Only),0,42,0.0,,0,0,0,0,0.0,0.0,100.0,0.0014022999966982752,0.0009543999913148582,5.549998604692519e-05,0.04348060002666898,0.054005300014978275,0.017103999998653308,0.004637499980162829,0.0033022999996319413,0.0032939999946393073,0.0038494999753311276,0.00018370000179857016
0.9,LP2 ($ 	heta $ Only),1,43,0.0,,0,0,0,0,0.0,0.0,100.0,0.002315299992915243,0.0020582000142894685,7.389998063445091e-05,0.04521889999159612,0.06047929998021573,0.03042900000582449,0.009029600012581795,0.0030067000188864768,0.0028805999900214374,0.0038613999786321074,0.00031259999377653003
0.9,LP2 ($ 	heta $ Only),2,45,0.0,,2,0,0,0,0.0,0.0,100.0,0.0024778000079095364,0.0014952999772503972,0.0001294999965466559,0.03434799998649396,0.05531309999059886,0.02475609999964945,0.0035989000170957297,0.007425400021020323,0.0025353000091854483,0.0025096999888774008,9.889999637380242e-05
0.9,LP2 ($ 	heta $ Only),3,48,0.0,,3,0,0,0,0.0,0.0,100.0,0.0009493999823462218,0.001295899972319603,0.00011750002158805728,0.03464560001157224,0.04255600000033155,0.04005830001551658,0.002790300000924617,0.002652000024681911,0.002927199995610863,0.003638899972429499,0.00021500000730156898
0.9,LP2 ($ 	heta $ Only),4,52,0.0,,1,0,0,0,0.0,0.0,100.0,0.004228800011333078,0.0008930999902077019,0.00012140002218075097,0.0359908000100404,0.06049689999781549,0.025309299991931766,0.005161800014320761,0.003392800019355491,0.0031122999789658934,0.0030903999868314713,0.00017630000365898013
0.9,LP2 ($ 	heta $ Only),5,57,0.0,,2,0,0,0,0.0,0.0,100.0,0.00076299998909235,0.0014085999864619225,0.00012599999899975955,0.07200750001356937,0.05406419999781065,0.026285999978426844,0.002666699991095811,0.002512100007152185,0.0031870000238996,0.006968700006837025,0.00010120001388713717
0.9,LP2 ($ 	heta $ Only),6,63,0.0,,4,0,0,0,0.0,0.0,100.0,0.0009398999973200262,0.0009624999947845936,0.00012020001304335892,0.035074799990979955,0.05711150000570342,0.041453000012552366,0.003930100006982684,0.002162699995096773,0.002134400012437254,0.0021342000109143555,9.089999366551638e-05
0.9,LP2 ($ 	heta $ Only),7,70,0.0,,3,0,0,0,0.0,0.0,100.0,0.0035220000136177987,0.0008591999940108508,0.00011220001033507288,0.0396918999904301,0.07349849998718128,0.06263190001482144,0.002880700019886717,0.0031867999932728708,0.005270800000289455,0.002518299996154383,9.940000018104911e-05
0.9,LP2 ($ 	heta $ Only),8,78,0.0,,2,0,0,0,0.0,0.0,100.0,0.001039800001308322,0.0013993000029586256,0.0001548999862279743,0.054242199985310435,0.0603275999892503,0.019431900000199676,0.002834999992046505,0.0025255999935325235,0.00252320000436157,0.0025055999867618084,9.90999978967011e-05
0.9,LP2 ($ 	heta $ Only),9,87,0.0,,0,0,0,0,0.0,0.0,100.0,0.0008979000267572701,0.0027504999889060855,0.00011480000102892518,0.04094310000073165,0.05279880002490245,0.022764099994674325,0.004153999994741753,0.0034918999881483614,0.0034256000071763992,0.006166900013340637,0.0001078000059351325
0.9,LP2 ($ 	heta $ Only),10,97,0.0,,1,0,0,0,0.0,0.0,100.0,0.0007671000203117728,0.0008613999816589057,0.0001204000145662576,0.032009500020649284,0.1006597000232432,0.05001939999056049,0.009557099983794615,0.005379200010793284,0.009391400002641603,0.005861700017703697,0.00027169997338205576
0.9,LP2 ($ 	heta $ Only),11,108,0.0,,0,0,0,0,0.0,0.0,100.0,0.03821699999389239,0.0028476000006776303,9.00000159163028e-05,0.07399259999510832,0.05406960000982508,0.0214356999786105,0.006139700009953231,0.004064600012497976,0.004339099978096783,0.003484000015305355,0.00010859998292289674
0.9,LP2 ($ 	heta $ Only),12,120,0.0,,0,0,0,0,0.0,0.0,100.0,0.003456300008110702,0.0008352000149898231,4.810001701116562e-05,0.03917090001050383,0.09985490000690334,0.05054830000153743,0.009095200017327443,0.004347200010670349,0.0028114999877288938,0.0027882000140380114,0.0001092999882530421
0.9,LP2 ($ 	heta $ Only),13,133,0.0,,0,0,0,0,0.0,0.0,100.0,0.0007562999962829053,0.0011854000040329993,8.289999095723033e-05,0.0387924000096973,0.05291450000368059,0.03339200001209974,0.003441599983489141,0.003273800015449524,0.0038337000005412847,0.004612299992004409,0.00011279998579993844
0.9,LP2 ($ 	heta $ Only),14,147,0.0,,0,0,0,0,0.0,0.0,100.0,0.003486899979179725,0.001031700026942417,5.029997555539012e-05,0.03577529999893159,0.05151269998168573,0.024032299988903105,0.0032439999922644347,0.00415439999778755,0.003859200020087883,0.0032927000138442963,0.0001860999909695238
0.9,LP2 ($ 	heta $ Only),15,162,0.0,,0,0,0,0,0.0,0.0,100.0,0.000759899994591251,0.0010136000055354089,4.600000102072954e-05,0.03430349999689497,0.05179269998916425,0.028743700007908046,0.0035757000150624663,0.003991000005044043,0.003906700003426522,0.0029408999835141003,0.00010760000441223383
0.9,LP2 ($ 	heta $ Only),16,178,0.0,,0,0,0,0,0.0,0.0,100.0,0.0007543000101577491,0.0008903999987524003,4.659997648559511e-05,0.03334369999356568,0.07258370000636205,0.018786200002068654,0.0036185999924782664,0.0072552000056020916,0.0030086000042501837,0.00311140000121668,0.00010870001278817654
0.9,LP2 ($ 	heta $ Only),17,195,0.0,,1,0,0,0,0.0,0.0,100.0,0.0014131999923847616,0.0012973000120837241,0.0002549000200815499,0.06477610001456924,0.08556130001670681,0.0340515999996569,0.006156399991596118,0.006027800001902506,0.006192100001499057,0.00834440000471659,0.0002772000152617693
0.9,LP2 ($ 	heta $ Only),18,213,0.0,,0,0,0,0,0.0,0.0,100.0,0.0015883000160101801,0.002261799992993474,8.900000830180943e-05,0.045158399996580556,0.0773979999939911,0.027731500013032928,0.0029639000131282955,0.002830500015988946,0.002814000006765127,0.002820399997290224,0.00010410000686533749
0.9,LP2 ($ 	heta $ Only),19,232,0.0,,1,0,0,0,0.0,0.0,100.0,0.0007482000219170004,0.001354500011075288,0.00025079998886212707,0.04276449998724274,0.07909139999537729,0.02648060000501573,0.006730599998263642,0.004081499995663762,0.0037632999883498996,0.0034539999905973673,0.00021180001203902066
0.9,LP2 ($ 	heta $ Only),20,252,0.0,,2,0,0,0,0.0,0.0,100.0,0.0008590999932494015,0.0053980999800842255,0.00020069998572580516,0.036762199975783005,0.048825699981534854,0.02897420001681894,0.005021000019041821,0.003178599989041686,0.002846299990778789,0.005833500006701797,9.929999941959977e-05
0.9,LP2 ($ 	heta $ Only),21,273,0.0,,1,0,0,0,0.0,0.0,100.0,0.000766999990446493,0.0009608000109437853,0.00011790002463385463,0.03173149999929592,0.06204260000959039,0.03237599998828955,0.002854299993487075,0.003327100013848394,0.002618799975607544,0.0038357999874278903,0.00012959999730810523
0.9,LP2 ($ 	heta $ Only),22,295,0.0,,4,0,0,0,0.0,0.0,100.0,0.001215500000398606,0.0009210999996867031,0.00011029999586753547,0.041632399981608614,0.042481199983740225,0.025587699987227097,0.004827400000067428,0.0021594999998342246,0.00214389999746345,0.002130700013367459,9.060002048499882e-05
0.9,LP2 ($ 	heta $ Only),23,318,0.0,,1,0,0,0,0.0,0.0,100.0,0.003425699978834018,0.0010328000062145293,0.00012469998910091817,0.046957199985627085,0.0552406000206247,0.02850600000238046,0.003676899999845773,0.003458199993474409,0.0030836000223644078,0.006008399999700487,0.0002204999909736216
0.9,LP2 ($ 	heta $ Only),24,342,0.0,,0,0,0,0,0.0,0.0,100.0,0.0007898999901954085,0.0009085000201594085,4.67000063508749e-05,0.034129500010749325,0.05875729999388568,0.024758399988058954,0.004801400005817413,0.004665699991164729,0.003144099988276139,0.003656399989267811,0.00018659999477677047
0.9,LP2 ($ 	heta $ Only),25,367,0.0,,1,0,0,0,0.0,0.0,100.0,0.0007679999980609864,0.0010651999909896404,0.00012510002125054598,0.09122639999259263,0.055491200007963926,0.0321799999801442,0.0027725999825634062,0.00288609997369349,0.0032407999970018864,0.0026042000099550933,0.00010340000153519213
0.9,LP2 ($ 	heta $ Only),26,393,0.0,,0,0,0,0,0.0,0.0,100.0,0.0007643000280950218,0.0008168999920599163,4.959999932907522e-05,0.0292110999871511,0.13730790000408888,0.02565710002090782,0.0036594000121112913,0.0027984000043943524,0.0027809999883174896,0.005556400021305308,0.0002156999835278839
0.9,LP2 ($ 	heta $ Only),27,420,0.0,,2,0,0,0,0.0,0.0,100.0,0.0009931000240612775,0.000994600006379187,0.0001181000261567533,0.031201799982227385,0.050376900006085634,0.027301099995383993,0.0037349000049289316,0.006012700003338978,0.0034851999953389168,0.002474399982020259,0.00010160001693293452
0.9,LP2 ($ 	heta $ Only),28,448,0.0,,3,0,0,0,0.0,0.0,100.0,0.0008643000037409365,0.0014072000049054623,0.000129400024889037,0.03709649998927489,0.04985650000162423,0.019953699986217543,0.0063670999952591956,0.003934100008336827,0.003058699978282675,0.002636300021549687,0.00016759999562054873
0.9,LP2 ($ 	heta $ Only),29,477,0.0,,3,0,0,0,0.0,0.0,100.0,0.0014689000090584159,0.0012384000001475215,0.00012060001608915627,0.035028799989959225,0.03718830001889728,0.021232099999906495,0.002372799994191155,0.007061000011162832,0.0026510000170674175,0.0031086999806575477,0.00022929999977350235
0.9,LP2 ($ 	heta $ Only),30,507,0.0,,0,0,0,0,0.0,0.0,100.0,0.0009788000024855137,0.001347100012935698,7.850001566112041e-05,0.03843149999738671,0.062067999999271706,0.029561700008343905,0.003450400021392852,0.003931699990062043,0.004492900014156476,0.004186400008620694,0.00010840001050382853
0.9,LP2 ($ 	heta $ Only),31,538,0.0,,0,0,0,0,0.0,0.0,100.0,0.0007763000030536205,0.0009226000111084431,4.5599997974932194e-05,0.03337459999602288,0.06598959999973886,0.021195000008447096,0.004325799993239343,0.005535900010727346,0.003881299984641373,0.0032435999892186373,0.00018439997802488506
0.9,LP2 ($ 	heta $ Only),32,570,0.0,,2,0,0,0,0.0,0.0,100.0,0.000762699986808002,0.00083559998893179,0.00011520000407472253,0.03311079999548383,0.05295589999877848,0.019157700007781386,0.0029999000253155828,0.0035177000099793077,0.005694599996786565,0.00294100001337938,0.0001264000020455569
0.9,LP2 ($ 	heta $ Only),33,603,0.0,,0,0,0,0,0.0,0.0,100.0,0.0010386999929323792,0.0008373000018764287,4.659997648559511e-05,0.046593999984906986,0.05077109998092055,0.03786579999723472,0.003048000013222918,0.002802800008794293,0.003793100011534989,0.0055269000004045665,0.00034119997872039676
0.9,LP2 ($ 	heta $ Only),34,637,0.0,,2,0,0,0,0.0,0.0,100.0,0.0016681999841239303,0.002922800020314753,0.00022769998759031296,0.0388760999776423,0.049506999988807365,0.031938400003127754,0.002994099981151521,0.0028586999978870153,0.0028634000045713037,0.0033761000086087734,0.0001714999962132424
0.9,LP2 ($ 	heta $ Only),35,672,0.0,,3,0,0,0,0.0,0.0,100.0,0.004761499993037432,0.0010063000081572682,0.00012889999197795987,0.03320279999752529,0.04725020000478253,0.02388179997797124,0.004627299989806488,0.0031275000073947012,0.002266700001200661,0.0022308999905362725,9.600000339560211e-05
0.9,LP2 ($ 	heta $ Only),36,708,0.0,,0,0,0,0,0.0,0.0,100.0,0.0007578999793622643,0.0009723000111989677,4.569999873638153e-05,0.040967100008856505,0.05208589998073876,0.029568900004960597,0.004885499976808205,0.0035124999994877726,0.00327139999717474,0.00325059998431243,0.00018569998792372644
0.9,LP2 ($ 	heta $ Only),37,745,0.0,,0,0,0,0,0.0,0.0,100.0,0.0007820999890100211,0.0012119000020902604,4.889999399892986e-05,0.04307630000403151,0.05437619998701848,0.02988260000711307,0.0029864999814890325,0.004946900007780641,0.00850890000583604,0.0028408000071067363,0.00011039999662898481
0.9,LP2 ($ 	heta $ Only),38,783,0.0,,0,0,0,0,0.0,0.0,100.0,0.0009004000166896731,0.004442999983439222,0.00010799997835420072,0.044799900002544746,0.05860469999606721,0.02030120001290925,0.0030383999983314425,0.003491000010399148,0.007524699991336092,0.0028888999950140715,0.00010570001904852688
0.9,LP2 ($ 	heta $ Only),39,822,0.0,,0,0,0,0,0.0,0.0,100.0,0.0008203000179491937,0.0009135000000242144,4.709998029284179e-05,0.04001050000078976,0.05716639998718165,0.021053000004030764,0.0029280000017024577,0.002810300007695332,0.003488399990601465,0.0076871000055689365,0.00010760000441223383
0.9,LP2 ($ 	heta $ Only),40,862,0.0,,2,0,0,0,0.0,0.0,100.0,0.0009679999784566462,0.0008852999890223145,0.00011670001549646258,0.11756949999835342,0.053969700005836785,0.021329700015485287,0.0026221000007353723,0.006398500001523644,0.0029082999972160906,0.0028623999969568104,0.00016750002396292984
0.9,LP2 ($ 	heta $ Only),41,903,0.0,,0,0,0,0,0.0,0.0,100.0,0.0007616999791935086,0.0009537999867461622,4.600000102072954e-05,0.03134159999899566,0.0662300999974832,0.028701200004434213,0.0036499999987427145,0.002875899983337149,0.0048986000183504075,0.003730099997483194,0.00010609999299049377
0.9,LP2 ($ 	heta $ Only),42,945,0.0,,0,0,0,0,0.0,0.0,100.0,0.0007863000209908932,0.0008728999819140881,4.700000863522291e-05,0.036943000013707206,0.05298390000825748,0.02600069998879917,0.0029620999994222075,0.0028338999836705625,0.006682700011879206,0.0030578000005334616,0.00010820000898092985
0.9,LP2 ($ 	heta $ Only),43,988,0.0,,3,0,0,0,0.0,0.0,100.0,0.0007550000154878944,0.001126800023484975,0.0002099999983329326,0.03071670001372695,0.05097770001157187,0.020121000008657575,0.0030267999973148108,0.00579299998935312,0.003386199998203665,0.0026833000010810792,0.00015910001820884645
0.9,LP2 ($ 	heta $ Only),44,1032,0.0,,1,0,0,0,0.0,0.0,100.0,0.00075559999095276,0.0008506999874953181,0.00011670001549646258,0.032477400003699586,0.03823909998754971,0.0281873999920208,0.0033173999981954694,0.002667900000233203,0.00266979998559691,0.0026636999973561615,0.0001052000152412802
0.9,LP2 ($ 	heta $ Only),45,1077,0.0,,3,0,0,0,0.0,0.0,100.0,0.0007688000041525811,0.003412599995499477,0.00013449997641146183,0.03351500001735985,0.048104000015882775,0.0504427999840118,0.0031445999920833856,0.0024698000052012503,0.00971329997992143,0.004049500013934448,9.750001481734216e-05
0.9,LP2 ($ 	heta $ Only),46,1123,0.0,,1,0,0,0,0.0,0.0,100.0,0.0017798999906517565,0.005869400018127635,0.00032560000545345247,0.054826200008392334,0.05399700000998564,0.02484349999576807,0.003315700014354661,0.0029291000100784004,0.0025994000025093555,0.002592200005892664,0.00010289999772794545
0.9,LP2 ($ 	heta $ Only),47,1170,0.0,,0,0,0,0,0.0,0.0,100.0,0.0033915999811142683,0.0010446000087540597,5.1000009989365935e-05,0.0327238000172656,0.05469920000177808,0.054522099992027506,0.0049226999981328845,0.0033290999999735504,0.0033377000072505325,0.005337799986591563,0.0002883999841287732
0.9,LP2 ($ 	heta $ Only),48,1218,0.0,,0,0,0,0,0.0,0.0,100.0,0.0009966999932657927,0.0011528999893926084,5.85000088904053e-05,0.0428572999953758,0.06079170000157319,0.0267236000217963,0.004305100010242313,0.0032919999794103205,0.003269000008003786,0.003261500009102747,0.00018530001398175955
0.9,LP2 ($ 	heta $ Only),49,1267,0.0,,0,0,0,0,0.0,0.0,100.0,0.0007610000029671937,0.0008325999951921403,4.770001396536827e-05,0.035043799987761304,0.051375200011534616,0.01784610000322573,0.005290499975671992,0.002975499985041097,0.0027827000012621284,0.0027793000044766814,0.00010740000288933516
0.9,LP3 ($ 	heta $ Only),0,42,0.0,,0,0,0,0,0.0,0.0,100.0,0.0014022999966982752,0.0009543999913148582,5.549998604692519e-05,0.04348060002666898,0.054005300014978275,0.017103999998653308,0.004637499980162829,0.0033022999996319413,0.0032939999946393073,0.0038494999753311276,0.00018370000179857016
0.9,LP3 ($ 	heta $ Only),1,43,0.0,,0,0,0,0,0.0,0.0,100.0,0.002315299992915243,0.0020582000142894685,7.389998063445091e-05,0.04521889999159612,0.06047929998021573,0.03042900000582449,0.009029600012581795,0.0030067000188864768,0.0028805999900214374,0.0038613999786321074,0.00031259999377653003
0.9,LP3 ($ 	heta $ Only),2,45,0.0,,2,0,0,0,0.0,0.0,100.0,0.0024778000079095364,0.0014952999772503972,0.0001294999965466559,0.03434799998649396,0.05531309999059886,0.02475609999964945,0.0035989000170957297,0.007425400021020323,0.0025353000091854483,0.0025096999888774008,9.889999637380242e-05
0.9,LP3 ($ 	heta $ Only),3,48,0.0,,3,0,0,0,0.0,0.0,100.0,0.0009493999823462218,0.001295899972319603,0.00011750002158805728,0.03464560001157224,0.04255600000033155,0.04005830001551658,0.002790300000924617,0.002652000024681911,0.002927199995610863,0.003638899972429499,0.00021500000730156898
0.9,LP3 ($ 	heta $ Only),4,52,0.0,,1,0,0,0,0.0,0.0,100.0,0.004228800011333078,0.0008930999902077019,0.00012140002218075097,0.0359908000100404,0.06049689999781549,0.025309299991931766,0.005161800014320761,0.003392800019355491,0.0031122999789658934,0.0030903999868314713,0.00017630000365898013
0.9,LP3 ($ 	heta $ Only),5,57,0.0,,2,0,0,0,0.0,0.0,100.0,0.00076299998909235,0.0014085999864619225,0.00012599999899975955,0.07200750001356937,0.05406419999781065,0.026285999978426844,0.002666699991095811,0.002512100007152185,0.0031870000238996,0.006968700006837025,0.00010120001388713717
0.9,LP3 ($ 	heta $ Only),6,63,0.0,,4,0,0,0,0.0,0.0,100.0,0.0009398999973200262,0.0009624999947845936,0.00012020001304335892,0.035074799990979955,0.05711150000570342,0.041453000012552366,0.003930100006982684,0.002162699995096773,0.002134400012437254,0.0021342000109143555,9.089999366551638e-05
0.9,LP3 ($ 	heta $ Only),7,70,0.0,,3,0,0,0,1.3322676295501878e-14,16.666666666666668,83.33333333333333,0.0035220000136177987,0.0008591999940108508,0.00011220001033507288,0.0396918999904301,0.07349849998718128,0.06263190001482144,0.002880700019886717,0.0031867999932728708,0.005270800000289455,0.002518299996154383,9.940000018104911e-05
0.9,LP3 ($ 	heta $ Only),8,78,0.0,,2,0,0,0,0.0,0.0,100.0,0.001039800001308322,0.0013993000029586256,0.0001548999862279743,0.054242199985310435,0.0603275999892503,0.019431900000199676,0.002834999992046505,0.0025255999935325235,0.00252320000436157,0.0025055999867618084,9.90999978967011e-05
0.9,LP3 ($ 	heta $ Only),9,87,0.0,,0,0,0,0,0.0,0.0,100.0,0.0008979000267572701,0.0027504999889060855,0.00011480000102892518,0.04094310000073165,0.05279880002490245,0.022764099994674325,0.004153999994741753,0.0034918999881483614,0.0034256000071763992,0.006166900013340637,0.0001078000059351325
0.9,LP3 ($ 	heta $ Only),10,97,0.0,,1,0,0,0,0.0,0.0,100.0,0.0007671000203117728,0.0008613999816589057,0.0001204000145662576,0.032009500020649284,0.1006597000232432,0.05001939999056049,0.009557099983794615,0.005379200010793284,0.009391400002641603,0.005861700017703697,0.00027169997338205576
0.9,LP3 ($ 	heta $ Only),11,108,0.0,,0,0,0,0,0.0,0.0,100.0,0.03821699999389239,0.0028476000006776303,9.00000159163028e-05,0.07399259999510832,0.05406960000982508,0.0214356999786105,0.006139700009953231,0.004064600012497976,0.004339099978096783,0.003484000015305355,0.00010859998292289674
0.9,LP3 ($ 	heta $ Only),12,120,0.0,,0,0,0,0,0.0,0.0,100.0,0.003456300008110702,0.0008352000149898231,4.810001701116562e-05,0.03917090001050383,0.09985490000690334,0.05054830000153743,0.009095200017327443,0.004347200010670349,0.0028114999877288938,0.0027882000140380114,0.0001092999882530421
0.9,LP3 ($ 	heta $ Only),13,133,0.0,,0,0,0,0,0.0,0.0,100.0,0.0007562999962829053,0.0011854000040329993,8.289999095723033e-05,0.0387924000096973,0.05291450000368059,0.03339200001209974,0.003441599983489141,0.003273800015449524,0.0038337000005412847,0.004612299992004409,0.00011279998579993844
0.9,LP3 ($ 	heta $ Only),14,147,0.0,,0,0,0,0,0.0,0.0,100.0,0.003486899979179725,0.001031700026942417,5.029997555539012e-05,0.03577529999893159,0.05151269998168573,0.024032299988903105,0.0032439999922644347,0.00415439999778755,0.003859200020087883,0.0032927000138442963,0.0001860999909695238
0.9,LP3 ($ 	heta $ Only),15,162,0.0,,0,0,0,0,0.0,0.0,100.0,0.000759899994591251,0.0010136000055354089,4.600000102072954e-05,0.03430349999689497,0.05179269998916425,0.028743700007908046,0.0035757000150624663,0.003991000005044043,0.003906700003426522,0.0029408999835141003,0.00010760000441223383
0.9,LP3 ($ 	heta $ Only),16,178,0.0,,0,0,0,0,0.0,0.0,100.0,0.0007543000101577491,0.0008903999987524003,4.659997648559511e-05,0.03334369999356568,0.07258370000636205,0.018786200002068654,0.0036185999924782664,0.0072552000056020916,0.0030086000042501837,0.00311140000121668,0.00010870001278817654
0.9,LP3 ($ 	heta $ Only),17,195,0.0,,1,0,0,0,0.0,0.0,100.0,0.0014131999923847616,0.0012973000120837241,0.0002549000200815499,0.06477610001456924,0.08556130001670681,0.0340515999996569,0.006156399991596118,0.006027800001902506,0.006192100001499057,0.00834440000471659,0.0002772000152617693
0.9,LP3 ($ 	heta $ Only),18,213,0.0,,0,0,0,0,0.0,0.0,100.0,0.0015883000160101801,0.002261799992993474,8.900000830180943e-05,0.045158399996580556,0.0773979999939911,0.027731500013032928,0.0029639000131282955,0.002830500015988946,0.002814000006765127,0.002820399997290224,0.00010410000686533749
0.9,LP3 ($ 	heta $ Only),19,232,0.0,,1,0,0,0,0.0,0.0,100.0,0.0007482000219170004,0.001354500011075288,0.00025079998886212707,0.04276449998724274,0.07909139999537729,0.02648060000501573,0.006730599998263642,0.004081499995663762,0.0037632999883498996,0.0034539999905973673,0.00021180001203902066
0.9,LP3 ($ 	heta $ Only),20,252,0.0,,2,0,0,0,0.0,0.0,100.0,0.0008590999932494015,0.0053980999800842255,0.00020069998572580516,0.036762199975783005,0.048825699981534854,0.02897420001681894,0.005021000019041821,0.003178599989041686,0.002846299990778789,0.005833500006701797,9.929999941959977e-05
0.9,LP3 ($ 	heta $ Only),21,273,0.0,,1,0,0,0,0.0,0.0,100.0,0.000766999990446493,0.0009608000109437853,0.00011790002463385463,0.03173149999929592,0.06204260000959039,0.03237599998828955,0.002854299993487075,0.003327100013848394,0.002618799975607544,0.0038357999874278903,0.00012959999730810523
0.9,LP3 ($ 	heta $ Only),22,295,0.0,,4,0,0,0,0.0,0.0,100.0,0.001215500000398606,0.0009210999996867031,0.00011029999586753547,0.041632399981608614,0.042481199983740225,0.025587699987227097,0.004827400000067428,0.0021594999998342246,0.00214389999746345,0.002130700013367459,9.060002048499882e-05
0.9,LP3 ($ 	heta $ Only),23,318,0.0,,1,0,0,0,0.0,0.0,100.0,0.003425699978834018,0.0010328000062145293,0.00012469998910091817,0.046957199985627085,0.0552406000206247,0.02850600000238046,0.003676899999845773,0.003458199993474409,0.0030836000223644078,0.006008399999700487,0.0002204999909736216
0.9,LP3 ($ 	heta $ Only),24,342,0.0,,0,0,0,0,0.0,0.0,100.0,0.0007898999901954085,0.0009085000201594085,4.67000063508749e-05,0.034129500010749325,0.05875729999388568,0.024758399988058954,0.004801400005817413,0.004665699991164729,0.003144099988276139,0.003656399989267811,0.00018659999477677047
0.9,LP3 ($ 	heta $ Only),25,367,0.0,,1,0,0,0,0.0,0.0,100.0,0.0007679999980609864,0.0010651999909896404,0.00012510002125054598,0.09122639999259263,0.055491200007963926,0.0321799999801442,0.0027725999825634062,0.00288609997369349,0.0032407999970018864,0.0026042000099550933,0.00010340000153519213
0.9,LP3 ($ 	heta $ Only),26,393,0.0,,0,0,0,0,0.0,0.0,100.0,0.0007643000280950218,0.0008168999920599163,4.959999932907522e-05,0.0292110999871511,0.13730790000408888,0.02565710002090782,0.0036594000121112913,0.0027984000043943524,0.0027809999883174896,0.005556400021305308,0.0002156999835278839
0.9,LP3 ($ 	heta $ Only),27,420,0.0,,2,0,0,0,0.0,0.0,100.0,0.0009931000240612775,0.000994600006379187,0.0001181000261567533,0.031201799982227385,0.050376900006085634,0.027301099995383993,0.0037349000049289316,0.006012700003338978,0.0034851999953389168,0.002474399982020259,0.00010160001693293452
0.9,LP3 ($ 	heta $ Only),28,448,0.0,,3,0,0,0,0.0,0.0,100.0,0.0008643000037409365,0.0014072000049054623,0.000129400024889037,0.03709649998927489,0.04985650000162423,0.019953699986217543,0.0063670999952591956,0.003934100008336827,0.003058699978282675,0.002636300021549687,0.00016759999562054873
0.9,LP3 ($ 	heta $ Only),29,477,0.0,,3,0,0,0,0.0,0.0,100.0,0.0014689000090584159,0.0012384000001475215,0.00012060001608915627,0.035028799989959225,0.03718830001889728,0.021232099999906495,0.002372799994191155,0.007061000011162832,0.0026510000170674175,0.0031086999806575477,0.00022929999977350235
0.9,LP3 ($ 	heta $ Only),30,507,0.0,,0,0,0,0,2.4868995751603507e-14,16.666666666666668,83.33333333333333,0.0009788000024855137,0.001347100012935698,7.850001566112041e-05,0.03843149999738671,0.062067999999271706,0.029561700008343905,0.003450400021392852,0.003931699990062043,0.004492900014156476,0.004186400008620694,0.00010840001050382853
0.9,LP3 ($ 	heta $ Only),31,538,0.0,,0,0,0,0,0.0,0.0,100.0,0.0007763000030536205,0.0009226000111084431,4.5599997974932194e-05,0.03337459999602288,0.06598959999973886,0.021195000008447096,0.004325799993239343,0.005535900010727346,0.003881299984641373,0.0032435999892186373,0.00018439997802488506
0.9,LP3 ($ 	heta $ Only),32,570,0.0,,2,0,0,0,0.0,0.0,100.0,0.000762699986808002,0.00083559998893179,0.00011520000407472253,0.03311079999548383,0.05295589999877848,0.019157700007781386,0.0029999000253155828,0.0035177000099793077,0.005694599996786565,0.00294100001337938,0.0001264000020455569
0.9,LP3 ($ 	heta $ Only),33,603,0.0,,0,0,0,0,0.0,0.0,100.0,0.0010386999929323792,0.0008373000018764287,4.659997648559511e-05,0.046593999984906986,0.05077109998092055,0.03786579999723472,0.003048000013222918,0.002802800008794293,0.003793100011534989,0.0055269000004045665,0.00034119997872039676
0.9,LP3 ($ 	heta $ Only),34,637,0.0,,2,0,0,0,0.0,0.0,100.0,0.0016681999841239303,0.002922800020314753,0.00022769998759031296,0.0388760999776423,0.049506999988807365,0.031938400003127754,0.002994099981151521,0.0028586999978870153,0.0028634000045713037,0.0033761000086087734,0.0001714999962132424
0.9,LP3 ($ 	heta $ Only),35,672,0.0,,3,0,0,0,0.0,0.0,100.0,0.004761499993037432,0.0010063000081572682,0.00012889999197795987,0.03320279999752529,0.04725020000478253,0.02388179997797124,0.004627299989806488,0.0031275000073947012,0.002266700001200661,0.0022308999905362725,9.600000339560211e-05
0.9,LP3 ($ 	heta $ Only),36,708,0.0,,0,0,0,0,0.0,0.0,100.0,0.0007578999793622643,0.0009723000111989677,4.569999873638153e-05,0.040967100008856505,0.05208589998073876,0.029568900004960597,0.004885499976808205,0.0035124999994877726,0.00327139999717474,0.00325059998431243,0.00018569998792372644
0.9,LP3 ($ 	heta $ Only),37,745,0.0,,0,0,0,0,0.0,0.0,100.0,0.0007820999890100211,0.0012119000020902604,4.889999399892986e-05,0.04307630000403151,0.05437619998701848,0.02988260000711307,0.0029864999814890325,0.004946900007780641,0.00850890000583604,0.0028408000071067363,0.00011039999662898481
0.9,LP3 ($ 	heta $ Only),38,783,0.0,,0,0,0,0,0.0,0.0,100.0,0.0009004000166896731,0.004442999983439222,0.00010799997835420072,0.044799900002544746,0.05860469999606721,0.02030120001290925,0.0030383999983314425,0.003491000010399148,0.007524699991336092,0.0028888999950140715,0.00010570001904852688
0.9,LP3 ($ 	heta $ Only),39,822,0.0,,0,0,0,0,0.0,0.0,100.0,0.0008203000179491937,0.0009135000000242144,4.709998029284179e-05,0.04001050000078976,0.05716639998718165,0.021053000004030764,0.0029280000017024577,0.002810300007695332,0.003488399990601465,0.0076871000055689365,0.00010760000441223383
0.9,LP3 ($ 	heta $ Only),40,862,0.0,,2,0,0,0,0.0,0.0,100.0,0.0009679999784566462,0.0008852999890223145,0.00011670001549646258,0.11756949999835342,0.053969700005836785,0.021329700015485287,0.0026221000007353723,0.006398500001523644,0.0029082999972160906,0.0028623999969568104,0.00016750002396292984
0.9,LP3 ($ 	heta $ Only),41,903,0.0,,0,0,0,0,0.0,0.0,100.0,0.0007616999791935086,0.0009537999867461622,4.600000102072954e-05,0.03134159999899566,0.0662300999974832,0.028701200004434213,0.0036499999987427145,0.002875899983337149,0.0048986000183504075,0.003730099997483194,0.00010609999299049377
0.9,LP3 ($ 	heta $ Only),42,945,0.0,,0,0,0,0,0.0,0.0,100.0,0.0007863000209908932,0.0008728999819140881,4.700000863522291e-05,0.036943000013707206,0.05298390000825748,0.02600069998879917,0.0029620999994222075,0.0028338999836705625,0.006682700011879206,0.0030578000005334616,0.00010820000898092985
0.9,LP3 ($ 	heta $ Only),43,988,0.0,,3,0,0,0,0.0,0.0,100.0,0.0007550000154878944,0.001126800023484975,0.0002099999983329326,0.03071670001372695,0.05097770001157187,0.020121000008657575,0.0030267999973148108,0.00579299998935312,0.003386199998203665,0.0026833000010810792,0.00015910001820884645
0.9,LP3 ($ 	heta $ Only),44,1032,0.0,,1,0,0,0,0.0,0.0,100.0,0.00075559999095276,0.0008506999874953181,0.00011670001549646258,0.032477400003699586,0.03823909998754971,0.0281873999920208,0.0033173999981954694,0.002667900000233203,0.00266979998559691,0.0026636999973561615,0.0001052000152412802
0.9,LP3 ($ 	heta $ Only),45,1077,0.0,,3,0,0,0,0.0,0.0,100.0,0.0007688000041525811,0.003412599995499477,0.00013449997641146183,0.03351500001735985,0.048104000015882775,0.0504427999840118,0.0031445999920833856,0.0024698000052012503,0.00971329997992143,0.004049500013934448,9.750001481734216e-05
0.9,LP3 ($ 	heta $ Only),46,1123,0.0,,1,0,0,0,0.0,0.0,100.0,0.0017798999906517565,0.005869400018127635,0.00032560000545345247,0.054826200008392334,0.05399700000998564,0.02484349999576807,0.003315700014354661,0.0029291000100784004,0.0025994000025093555,0.002592200005892664,0.00010289999772794545
0.9,LP3 ($ 	heta $ Only),47,1170,0.0,,0,0,0,0,0.0,0.0,100.0,0.0033915999811142683,0.0010446000087540597,5.1000009989365935e-05,0.0327238000172656,0.05469920000177808,0.054522099992027506,0.0049226999981328845,0.0033290999999735504,0.0033377000072505325,0.005337799986591563,0.0002883999841287732
0.9,LP3 ($ 	heta $ Only),48,1218,0.0,,0,0,0,0,0.0,0.0,100.0,0.0009966999932657927,0.0011528999893926084,5.85000088904053e-05,0.0428572999953758,0.06079170000157319,0.0267236000217963,0.004305100010242313,0.0032919999794103205,0.003269000008003786,0.003261500009102747,0.00018530001398175955
0.9,LP3 ($ 	heta $ Only),49,1267,0.0,,0,0,0,0,0.0,0.0,100.0,0.0007610000029671937,0.0008325999951921403,4.770001396536827e-05,0.035043799987761304,0.051375200011534616,0.01784610000322573,0.005290499975671992,0.002975499985041097,0.0027827000012621284,0.0027793000044766814,0.00010740000288933516
0.9,Weighted LP3 ($ 	heta $ Only),0,42,0.0,,0,0,0,0,0.0,0.0,100.0,0.0014022999966982752,0.0009543999913148582,5.549998604692519e-05,0.04348060002666898,0.054005300014978275,0.017103999998653308,0.004637499980162829,0.0033022999996319413,0.0032939999946393073,0.0038494999753311276,0.00018370000179857016
0.9,Weighted LP3 ($ 	heta $ Only),1,43,0.0,,0,0,0,0,0.0,0.0,100.0,0.002315299992915243,0.0020582000142894685,7.389998063445091e-05,0.04521889999159612,0.06047929998021573,0.03042900000582449,0.009029600012581795,0.0030067000188864768,0.0028805999900214374,0.0038613999786321074,0.00031259999377653003
0.9,Weighted LP3 ($ 	heta $ Only),2,45,0.0,,2,0,0,0,0.0,0.0,100.0,0.0024778000079095364,0.0014952999772503972,0.0001294999965466559,0.03434799998649396,0.05531309999059886,0.02475609999964945,0.0035989000170957297,0.007425400021020323,0.0025353000091854483,0.0025096999888774008,9.889999637380242e-05
0.9,Weighted LP3 ($ 	heta $ Only),3,48,0.0,,3,0,0,0,0.0,0.0,100.0,0.0009493999823462218,0.001295899972319603,0.00011750002158805728,0.03464560001157224,0.04255600000033155,0.04005830001551658,0.002790300000924617,0.002652000024681911,0.002927199995610863,0.003638899972429499,0.00021500000730156898
0.9,Weighted LP3 ($ 	heta $ Only),4,52,0.0,,1,0,0,0,0.0,0.0,100.0,0.004228800011333078,0.0008930999902077019,0.00012140002218075097,0.0359908000100404,0.06049689999781549,0.025309299991931766,0.005161800014320761,0.003392800019355491,0.0031122999789658934,0.0030903999868314713,0.00017630000365898013
0.9,Weighted LP3 ($ 	heta $ Only),5,57,0.0,,2,0,0,0,0.0,0.0,100.0,0.00076299998909235,0.0014085999864619225,0.00012599999899975955,0.07200750001356937,0.05406419999781065,0.026285999978426844,0.002666699991095811,0.002512100007152185,0.0031870000238996,0.006968700006837025,0.00010120001388713717
0.9,Weighted LP3 ($ 	heta $ Only),6,63,0.0,,4,0,0,0,0.0,0.0,100.0,0.0009398999973200262,0.0009624999947845936,0.00012020001304335892,0.035074799990979955,0.05711150000570342,0.041453000012552366,0.003930100006982684,0.002162699995096773,0.002134400012437254,0.0021342000109143555,9.089999366551638e-05
0.9,Weighted LP3 ($ 	heta $ Only),7,70,0.0,,3,0,0,0,1.3322676295501878e-14,16.666666666666668,83.33333333333333,0.0035220000136177987,0.0008591999940108508,0.00011220001033507288,0.0396918999904301,0.07349849998718128,0.06263190001482144,0.002880700019886717,0.0031867999932728708,0.005270800000289455,0.002518299996154383,9.940000018104911e-05
0.9,Weighted LP3 ($ 	heta $ Only),8,78,0.0,,2,0,0,0,0.0,0.0,100.0,0.001039800001308322,0.0013993000029586256,0.0001548999862279743,0.054242199985310435,0.0603275999892503,0.019431900000199676,0.002834999992046505,0.0025255999935325235,0.00252320000436157,0.0025055999867618084,9.90999978967011e-05
0.9,Weighted LP3 ($ 	heta $ Only),9,87,0.0,,0,0,0,0,0.0,0.0,100.0,0.0008979000267572701,0.0027504999889060855,0.00011480000102892518,0.04094310000073165,0.05279880002490245,0.022764099994674325,0.004153999994741753,0.0034918999881483614,0.0034256000071763992,0.006166900013340637,0.0001078000059351325
0.9,Weighted LP3 ($ 	heta $ Only),10,97,0.0,,1,0,0,0,0.0,0.0,100.0,0.0007671000203117728,0.0008613999816589057,0.0001204000145662576,0.032009500020649284,0.1006597000232432,0.05001939999056049,0.009557099983794615,0.005379200010793284,0.009391400002641603,0.005861700017703697,0.00027169997338205576
0.9,Weighted LP3 ($ 	heta $ Only),11,108,0.0,,0,0,0,0,0.0,0.0,100.0,0.03821699999389239,0.0028476000006776303,9.00000159163028e-05,0.07399259999510832,0.05406960000982508,0.0214356999786105,0.006139700009953231,0.004064600012497976,0.004339099978096783,0.003484000015305355,0.00010859998292289674
0.9,Weighted LP3 ($ 	heta $ Only),12,120,0.0,,0,0,0,0,0.0,0.0,100.0,0.003456300008110702,0.0008352000149898231,4.810001701116562e-05,0.03917090001050383,0.09985490000690334,0.05054830000153743,0.009095200017327443,0.004347200010670349,0.0028114999877288938,0.0027882000140380114,0.0001092999882530421
0.9,Weighted LP3 ($ 	heta $ Only),13,133,0.0,,0,0,0,0,0.0,0.0,100.0,0.0007562999962829053,0.0011854000040329993,8.289999095723033e-05,0.0387924000096973,0.05291450000368059,0.03339200001209974,0.003441599983489141,0.003273800015449524,0.0038337000005412847,0.004612299992004409,0.00011279998579993844
0.9,Weighted LP3 ($ 	heta $ Only),14,147,0.0,,0,0,0,0,0.0,0.0,100.0,0.003486899979179725,0.001031700026942417,5.029997555539012e-05,0.03577529999893159,0.05151269998168573,0.024032299988903105,0.0032439999922644347,0.00415439999778755,0.003859200020087883,0.0032927000138442963,0.0001860999909695238
0.9,Weighted LP3 ($ 	heta $ Only),15,162,0.0,,0,0,0,0,0.0,0.0,100.0,0.000759899994591251,0.0010136000055354089,4.600000102072954e-05,0.03430349999689497,0.05179269998916425,0.028743700007908046,0.0035757000150624663,0.003991000005044043,0.003906700003426522,0.0029408999835141003,0.00010760000441223383
0.9,Weighted LP3 ($ 	heta $ Only),16,178,0.0,,0,0,0,0,0.0,0.0,100.0,0.0007543000101577491,0.0008903999987524003,4.659997648559511e-05,0.03334369999356568,0.07258370000636205,0.018786200002068654,0.0036185999924782664,0.0072552000056020916,0.0030086000042501837,0.00311140000121668,0.00010870001278817654
0.9,Weighted LP3 ($ 	heta $ Only),17,195,0.0,,1,0,0,0,0.0,0.0,100.0,0.0014131999923847616,0.0012973000120837241,0.0002549000200815499,0.06477610001456924,0.08556130001670681,0.0340515999996569,0.006156399991596118,0.006027800001902506,0.006192100001499057,0.00834440000471659,0.0002772000152617693
0.9,Weighted LP3 ($ 	heta $ Only),18,213,0.0,,0,0,0,0,0.0,0.0,100.0,0.0015883000160101801,0.002261799992993474,8.900000830180943e-05,0.045158399996580556,0.0773979999939911,0.027731500013032928,0.0029639000131282955,0.002830500015988946,0.002814000006765127,0.002820399997290224,0.00010410000686533749
0.9,Weighted LP3 ($ 	heta $ Only),19,232,0.0,,1,0,0,0,0.0,0.0,100.0,0.0007482000219170004,0.001354500011075288,0.00025079998886212707,0.04276449998724274,0.07909139999537729,0.02648060000501573,0.006730599998263642,0.004081499995663762,0.0037632999883498996,0.0034539999905973673,0.00021180001203902066
0.9,Weighted LP3 ($ 	heta $ Only),20,252,0.0,,2,0,0,0,0.0,0.0,100.0,0.0008590999932494015,0.0053980999800842255,0.00020069998572580516,0.036762199975783005,0.048825699981534854,0.02897420001681894,0.005021000019041821,0.003178599989041686,0.002846299990778789,0.005833500006701797,9.929999941959977e-05
0.9,Weighted LP3 ($ 	heta $ Only),21,273,0.0,,1,0,0,0,0.0,0.0,100.0,0.000766999990446493,0.0009608000109437853,0.00011790002463385463,0.03173149999929592,0.06204260000959039,0.03237599998828955,0.002854299993487075,0.003327100013848394,0.002618799975607544,0.0038357999874278903,0.00012959999730810523
0.9,Weighted LP3 ($ 	heta $ Only),22,295,0.0,,4,0,0,0,0.0,0.0,100.0,0.001215500000398606,0.0009210999996867031,0.00011029999586753547,0.041632399981608614,0.042481199983740225,0.025587699987227097,0.004827400000067428,0.0021594999998342246,0.00214389999746345,0.002130700013367459,9.060002048499882e-05
0.9,Weighted LP3 ($ 	heta $ Only),23,318,0.0,,1,0,0,0,0.0,0.0,100.0,0.003425699978834018,0.0010328000062145293,0.00012469998910091817,0.046957199985627085,0.0552406000206247,0.02850600000238046,0.003676899999845773,0.003458199993474409,0.0030836000223644078,0.006008399999700487,0.0002204999909736216
0.9,Weighted LP3 ($ 	heta $ Only),24,342,0.0,,0,0,0,0,0.0,0.0,100.0,0.0007898999901954085,0.0009085000201594085,4.67000063508749e-05,0.034129500010749325,0.05875729999388568,0.024758399988058954,0.004801400005817413,0.004665699991164729,0.003144099988276139,0.003656399989267811,0.00018659999477677047
0.9,Weighted LP3 ($ 	heta $ Only),25,367,0.0,,1,0,0,0,0.0,0.0,100.0,0.0007679999980609864,0.0010651999909896404,0.00012510002125054598,0.09122639999259263,0.055491200007963926,0.0321799999801442,0.0027725999825634062,0.00288609997369349,0.0032407999970018864,0.0026042000099550933,0.00010340000153519213
0.9,Weighted LP3 ($ 	heta $ Only),26,393,0.0,,0,0,0,0,0.0,0.0,100.0,0.0007643000280950218,0.0008168999920599163,4.959999932907522e-05,0.0292110999871511,0.13730790000408888,0.02565710002090782,0.0036594000121112913,0.0027984000043943524,0.0027809999883174896,0.005556400021305308,0.0002156999835278839
0.9,Weighted LP3 ($ 	heta $ Only),27,420,0.0,,2,0,0,0,0.0,0.0,100.0,0.0009931000240612775,0.000994600006379187,0.0001181000261567533,0.031201799982227385,0.050376900006085634,0.027301099995383993,0.0037349000049289316,0.006012700003338978,0.0034851999953389168,0.002474399982020259,0.00010160001693293452
0.9,Weighted LP3 ($ 	heta $ Only),28,448,0.0,,3,0,0,0,0.0,0.0,100.0,0.0008643000037409365,0.0014072000049054623,0.000129400024889037,0.03709649998927489,0.04985650000162423,0.019953699986217543,0.0063670999952591956,0.003934100008336827,0.003058699978282675,0.002636300021549687,0.00016759999562054873
0.9,Weighted LP3 ($ 	heta $ Only),29,477,0.0,,3,0,0,0,0.0,0.0,100.0,0.0014689000090584159,0.0012384000001475215,0.00012060001608915627,0.035028799989959225,0.03718830001889728,0.021232099999906495,0.002372799994191155,0.007061000011162832,0.0026510000170674175,0.0031086999806575477,0.00022929999977350235
0.9,Weighted LP3 ($ 	heta $ Only),30,507,0.0,,0,0,0,0,2.4868995751603507e-14,16.666666666666668,83.33333333333333,0.0009788000024855137,0.001347100012935698,7.850001566112041e-05,0.03843149999738671,0.062067999999271706,0.029561700008343905,0.003450400021392852,0.003931699990062043,0.004492900014156476,0.004186400008620694,0.00010840001050382853
0.9,Weighted LP3 ($ 	heta $ Only),31,538,0.0,,0,0,0,0,0.0,0.0,100.0,0.0007763000030536205,0.0009226000111084431,4.5599997974932194e-05,0.03337459999602288,0.06598959999973886,0.021195000008447096,0.004325799993239343,0.005535900010727346,0.003881299984641373,0.0032435999892186373,0.00018439997802488506
0.9,Weighted LP3 ($ 	heta $ Only),32,570,0.0,,2,0,0,0,0.0,0.0,100.0,0.000762699986808002,0.00083559998893179,0.00011520000407472253,0.03311079999548383,0.05295589999877848,0.019157700007781386,0.0029999000253155828,0.0035177000099793077,0.005694599996786565,0.00294100001337938,0.0001264000020455569
0.9,Weighted LP3 ($ 	heta $ Only),33,603,0.0,,0,0,0,0,0.0,0.0,100.0,0.0010386999929323792,0.0008373000018764287,4.659997648559511e-05,0.046593999984906986,0.05077109998092055,0.03786579999723472,0.003048000013222918,0.002802800008794293,0.003793100011534989,0.0055269000004045665,0.00034119997872039676
0.9,Weighted LP3 ($ 	heta $ Only),34,637,0.0,,2,0,0,0,0.0,0.0,100.0,0.0016681999841239303,0.002922800020314753,0.00022769998759031296,0.0388760999776423,0.049506999988807365,0.031938400003127754,0.002994099981151521,0.0028586999978870153,0.0028634000045713037,0.0033761000086087734,0.0001714999962132424
0.9,Weighted LP3 ($ 	heta $ Only),35,672,0.0,,3,0,0,0,0.0,0.0,100.0,0.004761499993037432,0.0010063000081572682,0.00012889999197795987,0.03320279999752529,0.04725020000478253,0.02388179997797124,0.004627299989806488,0.0031275000073947012,0.002266700001200661,0.0022308999905362725,9.600000339560211e-05
0.9,Weighted LP3 ($ 	heta $ Only),36,708,0.0,,0,0,0,0,0.0,0.0,100.0,0.0007578999793622643,0.0009723000111989677,4.569999873638153e-05,0.040967100008856505,0.05208589998073876,0.029568900004960597,0.004885499976808205,0.0035124999994877726,0.00327139999717474,0.00325059998431243,0.00018569998792372644
0.9,Weighted LP3 ($ 	heta $ Only),37,745,0.0,,0,0,0,0,0.0,0.0,100.0,0.0007820999890100211,0.0012119000020902604,4.889999399892986e-05,0.04307630000403151,0.05437619998701848,0.02988260000711307,0.0029864999814890325,0.004946900007780641,0.00850890000583604,0.0028408000071067363,0.00011039999662898481
0.9,Weighted LP3 ($ 	heta $ Only),38,783,0.0,,0,0,0,0,0.0,0.0,100.0,0.0009004000166896731,0.004442999983439222,0.00010799997835420072,0.044799900002544746,0.05860469999606721,0.02030120001290925,0.0030383999983314425,0.003491000010399148,0.007524699991336092,0.0028888999950140715,0.00010570001904852688
0.9,Weighted LP3 ($ 	heta $ Only),39,822,0.0,,0,0,0,0,0.0,0.0,100.0,0.0008203000179491937,0.0009135000000242144,4.709998029284179e-05,0.04001050000078976,0.05716639998718165,0.021053000004030764,0.0029280000017024577,0.002810300007695332,0.003488399990601465,0.0076871000055689365,0.00010760000441223383
0.9,Weighted LP3 ($ 	heta $ Only),40,862,0.0,,2,0,0,0,0.0,0.0,100.0,0.0009679999784566462,0.0008852999890223145,0.00011670001549646258,0.11756949999835342,0.053969700005836785,0.021329700015485287,0.0026221000007353723,0.006398500001523644,0.0029082999972160906,0.0028623999969568104,0.00016750002396292984
0.9,Weighted LP3 ($ 	heta $ Only),41,903,0.0,,0,0,0,0,0.0,0.0,100.0,0.0007616999791935086,0.0009537999867461622,4.600000102072954e-05,0.03134159999899566,0.0662300999974832,0.028701200004434213,0.0036499999987427145,0.002875899983337149,0.0048986000183504075,0.003730099997483194,0.00010609999299049377
0.9,Weighted LP3 ($ 	heta $ Only),42,945,0.0,,0,0,0,0,0.0,0.0,100.0,0.0007863000209908932,0.0008728999819140881,4.700000863522291e-05,0.036943000013707206,0.05298390000825748,0.02600069998879917,0.0029620999994222075,0.0028338999836705625,0.006682700011879206,0.0030578000005334616,0.00010820000898092985
0.9,Weighted LP3 ($ 	heta $ Only),43,988,0.0,,3,0,0,0,0.0,0.0,100.0,0.0007550000154878944,0.001126800023484975,0.0002099999983329326,0.03071670001372695,0.05097770001157187,0.020121000008657575,0.0030267999973148108,0.00579299998935312,0.003386199998203665,0.0026833000010810792,0.00015910001820884645
0.9,Weighted LP3 ($ 	heta $ Only),44,1032,0.0,,1,0,0,0,0.0,0.0,100.0,0.00075559999095276,0.0008506999874953181,0.00011670001549646258,0.032477400003699586,0.03823909998754971,0.0281873999920208,0.0033173999981954694,0.002667900000233203,0.00266979998559691,0.0026636999973561615,0.0001052000152412802
0.9,Weighted LP3 ($ 	heta $ Only),45,1077,0.0,,3,0,0,0,0.0,0.0,100.0,0.0007688000041525811,0.003412599995499477,0.00013449997641146183,0.03351500001735985,0.048104000015882775,0.0504427999840118,0.0031445999920833856,0.0024698000052012503,0.00971329997992143,0.004049500013934448,9.750001481734216e-05
0.9,Weighted LP3 ($ 	heta $ Only),46,1123,0.0,,1,0,0,0,0.0,0.0,100.0,0.0017798999906517565,0.005869400018127635,0.00032560000545345247,0.054826200008392334,0.05399700000998564,0.02484349999576807,0.003315700014354661,0.0029291000100784004,0.0025994000025093555,0.002592200005892664,0.00010289999772794545
0.9,Weighted LP3 ($ 	heta $ Only),47,1170,0.0,,0,0,0,0,0.0,0.0,100.0,0.0033915999811142683,0.0010446000087540597,5.1000009989365935e-05,0.0327238000172656,0.05469920000177808,0.054522099992027506,0.0049226999981328845,0.0033290999999735504,0.0033377000072505325,0.005337799986591563,0.0002883999841287732
0.9,Weighted LP3 ($ 	heta $ Only),48,1218,0.0,,0,0,0,0,0.0,0.0,100.0,0.0009966999932657927,0.0011528999893926084,5.85000088904053e-05,0.0428572999953758,0.06079170000157319,0.0267236000217963,0.004305100010242313,0.0032919999794103205,0.003269000008003786,0.003261500009102747,0.00018530001398175955
0.9,Weighted LP3 ($ 	heta $ Only),49,1267,0.0,,0,0,0,0,0.0,0.0,100.0,0.0007610000029671937,0.0008325999951921403,4.770001396536827e-05,0.035043799987761304,0.051375200011534616,0.01784610000322573,0.005290499975671992,0.002975499985041097,0.0027827000012621284,0.0027793000044766814,0.00010740000288933516
0.9,Borda LP3 ($ 	heta $ Only),0,42,0.0,,0,0,0,0,0.0,0.0,100.0,0.0014022999966982752,0.0009543999913148582,5.549998604692519e-05,0.04348060002666898,0.054005300014978275,0.017103999998653308,0.004637499980162829,0.0033022999996319413,0.0032939999946393073,0.0038494999753311276,0.00018370000179857016
0.9,Borda LP3 ($ 	heta $ Only),1,43,0.0,,0,0,0,0,0.0,0.0,100.0,0.002315299992915243,0.0020582000142894685,7.389998063445091e-05,0.04521889999159612,0.06047929998021573,0.03042900000582449,0.009029600012581795,0.0030067000188864768,0.0028805999900214374,0.0038613999786321074,0.00031259999377653003
0.9,Borda LP3 ($ 	heta $ Only),2,45,0.0,,2,0,0,0,0.0,0.0,100.0,0.0024778000079095364,0.0014952999772503972,0.0001294999965466559,0.03434799998649396,0.05531309999059886,0.02475609999964945,0.0035989000170957297,0.007425400021020323,0.0025353000091854483,0.0025096999888774008,9.889999637380242e-05
0.9,Borda LP3 ($ 	heta $ Only),3,48,0.0,,3,0,0,0,0.0,0.0,100.0,0.0009493999823462218,0.001295899972319603,0.00011750002158805728,0.03464560001157224,0.04255600000033155,0.04005830001551658,0.002790300000924617,0.002652000024681911,0.002927199995610863,0.003638899972429499,0.00021500000730156898
0.9,Borda LP3 ($ 	heta $ Only),4,52,0.0,,1,0,0,0,0.0,0.0,100.0,0.004228800011333078,0.0008930999902077019,0.00012140002218075097,0.0359908000100404,0.06049689999781549,0.025309299991931766,0.005161800014320761,0.003392800019355491,0.0031122999789658934,0.0030903999868314713,0.00017630000365898013
0.9,Borda LP3 ($ 	heta $ Only),5,57,0.0,,2,0,0,0,0.0,0.0,100.0,0.00076299998909235,0.0014085999864619225,0.00012599999899975955,0.07200750001356937,0.05406419999781065,0.026285999978426844,0.002666699991095811,0.002512100007152185,0.0031870000238996,0.006968700006837025,0.00010120001388713717
0.9,Borda LP3 ($ 	heta $ Only),6,63,0.0,,4,0,0,0,0.0,0.0,100.0,0.0009398999973200262,0.0009624999947845936,0.00012020001304335892,0.035074799990979955,0.05711150000570342,0.041453000012552366,0.003930100006982684,0.002162699995096773,0.002134400012437254,0.0021342000109143555,9.089999366551638e-05
0.9,Borda LP3 ($ 	heta $ Only),7,70,0.0,,3,0,0,0,1.3322676295501878e-14,16.666666666666668,83.33333333333333,0.0035220000136177987,0.0008591999940108508,0.00011220001033507288,0.0396918999904301,0.07349849998718128,0.06263190001482144,0.002880700019886717,0.0031867999932728708,0.005270800000289455,0.002518299996154383,9.940000018104911e-05
0.9,Borda LP3 ($ 	heta $ Only),8,78,0.0,,2,0,0,0,0.0,0.0,100.0,0.001039800001308322,0.0013993000029586256,0.0001548999862279743,0.054242199985310435,0.0603275999892503,0.019431900000199676,0.002834999992046505,0.0025255999935325235,0.00252320000436157,0.0025055999867618084,9.90999978967011e-05
0.9,Borda LP3 ($ 	heta $ Only),9,87,0.0,,0,0,0,0,0.0,0.0,100.0,0.0008979000267572701,0.0027504999889060855,0.00011480000102892518,0.04094310000073165,0.05279880002490245,0.022764099994674325,0.004153999994741753,0.0034918999881483614,0.0034256000071763992,0.006166900013340637,0.0001078000059351325
0.9,Borda LP3 ($ 	heta $ Only),10,97,0.0,,1,0,0,0,0.0,0.0,100.0,0.0007671000203117728,0.0008613999816589057,0.0001204000145662576,0.032009500020649284,0.1006597000232432,0.05001939999056049,0.009557099983794615,0.005379200010793284,0.009391400002641603,0.005861700017703697,0.00027169997338205576
0.9,Borda LP3 ($ 	heta $ Only),11,108,0.0,,0,0,0,0,0.0,0.0,100.0,0.03821699999389239,0.0028476000006776303,9.00000159163028e-05,0.07399259999510832,0.05406960000982508,0.0214356999786105,0.006139700009953231,0.004064600012497976,0.004339099978096783,0.003484000015305355,0.00010859998292289674
0.9,Borda LP3 ($ 	heta $ Only),12,120,0.0,,0,0,0,0,0.0,0.0,100.0,0.003456300008110702,0.0008352000149898231,4.810001701116562e-05,0.03917090001050383,0.09985490000690334,0.05054830000153743,0.009095200017327443,0.004347200010670349,0.0028114999877288938,0.0027882000140380114,0.0001092999882530421
0.9,Borda LP3 ($ 	heta $ Only),13,133,0.0,,0,0,0,0,0.0,0.0,100.0,0.0007562999962829053,0.0011854000040329993,8.289999095723033e-05,0.0387924000096973,0.05291450000368059,0.03339200001209974,0.003441599983489141,0.003273800015449524,0.0038337000005412847,0.004612299992004409,0.00011279998579993844
0.9,Borda LP3 ($ 	heta $ Only),14,147,0.0,,0,0,0,0,0.0,0.0,100.0,0.003486899979179725,0.001031700026942417,5.029997555539012e-05,0.03577529999893159,0.05151269998168573,0.024032299988903105,0.0032439999922644347,0.00415439999778755,0.003859200020087883,0.0032927000138442963,0.0001860999909695238
0.9,Borda LP3 ($ 	heta $ Only),15,162,0.0,,0,0,0,0,0.0,0.0,100.0,0.000759899994591251,0.0010136000055354089,4.600000102072954e-05,0.03430349999689497,0.05179269998916425,0.028743700007908046,0.0035757000150624663,0.003991000005044043,0.003906700003426522,0.0029408999835141003,0.00010760000441223383
0.9,Borda LP3 ($ 	heta $ Only),16,178,0.0,,0,0,0,0,0.0,0.0,100.0,0.0007543000101577491,0.0008903999987524003,4.659997648559511e-05,0.03334369999356568,0.07258370000636205,0.018786200002068654,0.0036185999924782664,0.0072552000056020916,0.0030086000042501837,0.00311140000121668,0.00010870001278817654
0.9,Borda LP3 ($ 	heta $ Only),17,195,0.0,,1,0,0,0,0.0,0.0,100.0,0.0014131999923847616,0.0012973000120837241,0.0002549000200815499,0.06477610001456924,0.08556130001670681,0.0340515999996569,0.006156399991596118,0.006027800001902506,0.006192100001499057,0.00834440000471659,0.0002772000152617693
0.9,Borda LP3 ($ 	heta $ Only),18,213,0.0,,0,0,0,0,0.0,0.0,100.0,0.0015883000160101801,0.002261799992993474,8.900000830180943e-05,0.045158399996580556,0.0773979999939911,0.027731500013032928,0.0029639000131282955,0.002830500015988946,0.002814000006765127,0.002820399997290224,0.00010410000686533749
0.9,Borda LP3 ($ 	heta $ Only),19,232,0.0,,1,0,0,0,0.0,0.0,100.0,0.0007482000219170004,0.001354500011075288,0.00025079998886212707,0.04276449998724274,0.07909139999537729,0.02648060000501573,0.006730599998263642,0.004081499995663762,0.0037632999883498996,0.0034539999905973673,0.00021180001203902066
0.9,Borda LP3 ($ 	heta $ Only),20,252,0.0,,2,0,0,0,0.0,0.0,100.0,0.0008590999932494015,0.0053980999800842255,0.00020069998572580516,0.036762199975783005,0.048825699981534854,0.02897420001681894,0.005021000019041821,0.003178599989041686,0.002846299990778789,0.005833500006701797,9.929999941959977e-05
0.9,Borda LP3 ($ 	heta $ Only),21,273,0.0,,1,0,0,0,0.0,0.0,100.0,0.000766999990446493,0.0009608000109437853,0.00011790002463385463,0.03173149999929592,0.06204260000959039,0.03237599998828955,0.002854299993487075,0.003327100013848394,0.002618799975607544,0.0038357999874278903,0.00012959999730810523
0.9,Borda LP3 ($ 	heta $ Only),22,295,0.0,,4,0,0,0,0.0,0.0,100.0,0.001215500000398606,0.0009210999996867031,0.00011029999586753547,0.041632399981608614,0.042481199983740225,0.025587699987227097,0.004827400000067428,0.0021594999998342246,0.00214389999746345,0.002130700013367459,9.060002048499882e-05
0.9,Borda LP3 ($ 	heta $ Only),23,318,0.0,,1,0,0,0,0.0,0.0,100.0,0.003425699978834018,0.0010328000062145293,0.00012469998910091817,0.046957199985627085,0.0552406000206247,0.02850600000238046,0.003676899999845773,0.003458199993474409,0.0030836000223644078,0.006008399999700487,0.0002204999909736216
0.9,Borda LP3 ($ 	heta $ Only),24,342,0.0,,0,0,0,0,0.0,0.0,100.0,0.0007898999901954085,0.0009085000201594085,4.67000063508749e-05,0.034129500010749325,0.05875729999388568,0.024758399988058954,0.004801400005817413,0.004665699991164729,0.003144099988276139,0.003656399989267811,0.00018659999477677047
0.9,Borda LP3 ($ 	heta $ Only),25,367,0.0,,1,0,0,0,0.0,0.0,100.0,0.0007679999980609864,0.0010651999909896404,0.00012510002125054598,0.09122639999259263,0.055491200007963926,0.0321799999801442,0.0027725999825634062,0.00288609997369349,0.0032407999970018864,0.0026042000099550933,0.00010340000153519213
0.9,Borda LP3 ($ 	heta $ Only),26,393,0.0,,0,0,0,0,0.0,0.0,100.0,0.0007643000280950218,0.0008168999920599163,4.959999932907522e-05,0.0292110999871511,0.13730790000408888,0.02565710002090782,0.0036594000121112913,0.0027984000043943524,0.0027809999883174896,0.005556400021305308,0.0002156999835278839
0.9,Borda LP3 ($ 	heta $ Only),27,420,0.0,,2,0,0,0,0.0,0.0,100.0,0.0009931000240612775,0.000994600006379187,0.0001181000261567533,0.031201799982227385,0.050376900006085634,0.027301099995383993,0.0037349000049289316,0.006012700003338978,0.0034851999953389168,0.002474399982020259,0.00010160001693293452
0.9,Borda LP3 ($ 	heta $ Only),28,448,0.0,,3,0,0,0,0.0,0.0,100.0,0.0008643000037409365,0.0014072000049054623,0.000129400024889037,0.03709649998927489,0.04985650000162423,0.019953699986217543,0.0063670999952591956,0.003934100008336827,0.003058699978282675,0.002636300021549687,0.00016759999562054873
0.9,Borda LP3 ($ 	heta $ Only),29,477,0.0,,3,0,0,0,0.0,0.0,100.0,0.0014689000090584159,0.0012384000001475215,0.00012060001608915627,0.035028799989959225,0.03718830001889728,0.021232099999906495,0.002372799994191155,0.007061000011162832,0.0026510000170674175,0.0031086999806575477,0.00022929999977350235
0.9,Borda LP3 ($ 	heta $ Only),30,507,0.0,,0,0,0,0,2.4868995751603507e-14,16.666666666666668,83.33333333333333,0.0009788000024855137,0.001347100012935698,7.850001566112041e-05,0.03843149999738671,0.062067999999271706,0.029561700008343905,0.003450400021392852,0.003931699990062043,0.004492900014156476,0.004186400008620694,0.00010840001050382853
0.9,Borda LP3 ($ 	heta $ Only),31,538,0.0,,0,0,0,0,0.0,0.0,100.0,0.0007763000030536205,0.0009226000111084431,4.5599997974932194e-05,0.03337459999602288,0.06598959999973886,0.021195000008447096,0.004325799993239343,0.005535900010727346,0.003881299984641373,0.0032435999892186373,0.00018439997802488506
0.9,Borda LP3 ($ 	heta $ Only),32,570,0.0,,2,0,0,0,0.0,0.0,100.0,0.000762699986808002,0.00083559998893179,0.00011520000407472253,0.03311079999548383,0.05295589999877848,0.019157700007781386,0.0029999000253155828,0.0035177000099793077,0.005694599996786565,0.00294100001337938,0.0001264000020455569
0.9,Borda LP3 ($ 	heta $ Only),33,603,0.0,,0,0,0,0,0.0,0.0,100.0,0.0010386999929323792,0.0008373000018764287,4.659997648559511e-05,0.046593999984906986,0.05077109998092055,0.03786579999723472,0.003048000013222918,0.002802800008794293,0.003793100011534989,0.0055269000004045665,0.00034119997872039676
0.9,Borda LP3 ($ 	heta $ Only),34,637,0.0,,2,0,0,0,0.0,0.0,100.0,0.0016681999841239303,0.002922800020314753,0.00022769998759031296,0.0388760999776423,0.049506999988807365,0.031938400003127754,0.002994099981151521,0.0028586999978870153,0.0028634000045713037,0.0033761000086087734,0.0001714999962132424
0.9,Borda LP3 ($ 	heta $ Only),35,672,0.0,,3,0,0,0,0.0,0.0,100.0,0.004761499993037432,0.0010063000081572682,0.00012889999197795987,0.03320279999752529,0.04725020000478253,0.02388179997797124,0.004627299989806488,0.0031275000073947012,0.002266700001200661,0.0022308999905362725,9.600000339560211e-05
0.9,Borda LP3 ($ 	heta $ Only),36,708,0.0,,0,0,0,0,0.0,0.0,100.0,0.0007578999793622643,0.0009723000111989677,4.569999873638153e-05,0.040967100008856505,0.05208589998073876,0.029568900004960597,0.004885499976808205,0.0035124999994877726,0.00327139999717474,0.00325059998431243,0.00018569998792372644
0.9,Borda LP3 ($ 	heta $ Only),37,745,0.0,,0,0,0,0,0.0,0.0,100.0,0.0007820999890100211,0.0012119000020902604,4.889999399892986e-05,0.04307630000403151,0.05437619998701848,0.02988260000711307,0.0029864999814890325,0.004946900007780641,0.00850890000583604,0.0028408000071067363,0.00011039999662898481
0.9,Borda LP3 ($ 	heta $ Only),38,783,0.0,,0,0,0,0,0.0,0.0,100.0,0.0009004000166896731,0.004442999983439222,0.00010799997835420072,0.044799900002544746,0.05860469999606721,0.02030120001290925,0.0030383999983314425,0.003491000010399148,0.007524699991336092,0.0028888999950140715,0.00010570001904852688
0.9,Borda LP3 ($ 	heta $ Only),39,822,0.0,,0,0,0,0,0.0,0.0,100.0,0.0008203000179491937,0.0009135000000242144,4.709998029284179e-05,0.04001050000078976,0.05716639998718165,0.021053000004030764,0.0029280000017024577,0.002810300007695332,0.003488399990601465,0.0076871000055689365,0.00010760000441223383
0.9,Borda LP3 ($ 	heta $ Only),40,862,0.0,,2,0,0,0,0.0,0.0,100.0,0.0009679999784566462,0.0008852999890223145,0.00011670001549646258,0.11756949999835342,0.053969700005836785,0.021329700015485287,0.0026221000007353723,0.006398500001523644,0.0029082999972160906,0.0028623999969568104,0.00016750002396292984
0.9,Borda LP3 ($ 	heta $ Only),41,903,0.0,,0,0,0,0,0.0,0.0,100.0,0.0007616999791935086,0.0009537999867461622,4.600000102072954e-05,0.03134159999899566,0.0662300999974832,0.028701200004434213,0.0036499999987427145,0.002875899983337149,0.0048986000183504075,0.003730099997483194,0.00010609999299049377
0.9,Borda LP3 ($ 	heta $ Only),42,945,0.0,,0,0,0,0,0.0,0.0,100.0,0.0007863000209908932,0.0008728999819140881,4.700000863522291e-05,0.036943000013707206,0.05298390000825748,0.02600069998879917,0.0029620999994222075,0.0028338999836705625,0.006682700011879206,0.0030578000005334616,0.00010820000898092985
0.9,Borda LP3 ($ 	heta $ Only),43,988,0.0,,3,0,0,0,0.0,0.0,100.0,0.0007550000154878944,0.001126800023484975,0.0002099999983329326,0.03071670001372695,0.05097770001157187,0.020121000008657575,0.0030267999973148108,0.00579299998935312,0.003386199998203665,0.0026833000010810792,0.00015910001820884645
0.9,Borda LP3 ($ 	heta $ Only),44,1032,0.0,,1,0,0,0,0.0,0.0,100.0,0.00075559999095276,0.0008506999874953181,0.00011670001549646258,0.032477400003699586,0.03823909998754971,0.0281873999920208,0.0033173999981954694,0.002667900000233203,0.00266979998559691,0.0026636999973561615,0.0001052000152412802
0.9,Borda LP3 ($ 	heta $ Only),45,1077,0.0,,3,0,0,0,0.0,0.0,100.0,0.0007688000041525811,0.003412599995499477,0.00013449997641146183,0.03351500001735985,0.048104000015882775,0.0504427999840118,0.0031445999920833856,0.0024698000052012503,0.00971329997992143,0.004049500013934448,9.750001481734216e-05
0.9,Borda LP3 ($ 	heta $ Only),46,1123,0.0,,1,0,0,0,0.0,0.0,100.0,0.0017798999906517565,0.005869400018127635,0.00032560000545345247,0.054826200008392334,0.05399700000998564,0.02484349999576807,0.003315700014354661,0.0029291000100784004,0.0025994000025093555,0.002592200005892664,0.00010289999772794545
0.9,Borda LP3 ($ 	heta $ Only),47,1170,0.0,,0,0,0,0,0.0,0.0,100.0,0.0033915999811142683,0.0010446000087540597,5.1000009989365935e-05,0.0327238000172656,0.05469920000177808,0.054522099992027506,0.0049226999981328845,0.0033290999999735504,0.0033377000072505325,0.005337799986591563,0.0002883999841287732
0.9,Borda LP3 ($ 	heta $ Only),48,1218,0.0,,0,0,0,0,0.0,0.0,100.0,0.0009966999932657927,0.0011528999893926084,5.85000088904053e-05,0.0428572999953758,0.06079170000157319,0.0267236000217963,0.004305100010242313,0.0032919999794103205,0.003269000008003786,0.003261500009102747,0.00018530001398175955
0.9,Borda LP3 ($ 	heta $ Only),49,1267,0.0,,0,0,0,0,0.0,0.0,100.0,0.0007610000029671937,0.0008325999951921403,4.770001396536827e-05,0.035043799987761304,0.051375200011534616,0.01784610000322573,0.005290499975671992,0.002975499985041097,0.0027827000012621284,0.0027793000044766814,0.00010740000288933516
0.9,Linear BTL,0,42,,-21.48988486061129,0,0,0,0,,,,0.0014022999966982752,0.0009543999913148582,5.549998604692519e-05,0.04348060002666898,0.054005300014978275,0.017103999998653308,0.004637499980162829,0.0033022999996319413,0.0032939999946393073,0.0038494999753311276,0.00018370000179857016
0.9,Linear BTL,1,43,,-26.248591898279013,0,1,0,1,,,,0.002315299992915243,0.0020582000142894685,7.389998063445091e-05,0.04521889999159612,0.06047929998021573,0.03042900000582449,0.009029600012581795,0.0030067000188864768,0.0028805999900214374,0.0038613999786321074,0.00031259999377653003
0.9,Linear BTL,2,45,,-25.527654728455826,2,0,0,0,,,,0.0024778000079095364,0.0014952999772503972,0.0001294999965466559,0.03434799998649396,0.05531309999059886,0.02475609999964945,0.0035989000170957297,0.007425400021020323,0.0025353000091854483,0.0025096999888774008,9.889999637380242e-05
0.9,Linear BTL,3,48,,-26.44153762779337,3,0,0,0,,,,0.0009493999823462218,0.001295899972319603,0.00011750002158805728,0.03464560001157224,0.04255600000033155,0.04005830001551658,0.002790300000924617,0.002652000024681911,0.002927199995610863,0.003638899972429499,0.00021500000730156898
0.9,Linear BTL,4,52,,-25.69667381106708,1,1,0,1,,,,0.004228800011333078,0.0008930999902077019,0.00012140002218075097,0.0359908000100404,0.06049689999781549,0.025309299991931766,0.005161800014320761,0.003392800019355491,0.0031122999789658934,0.0030903999868314713,0.00017630000365898013
0.9,Linear BTL,5,57,,-25.15903695383459,2,2,0,2,,,,0.00076299998909235,0.0014085999864619225,0.00012599999899975955,0.07200750001356937,0.05406419999781065,0.026285999978426844,0.002666699991095811,0.002512100007152185,0.0031870000238996,0.006968700006837025,0.00010120001388713717
0.9,Linear BTL,6,63,,-29.150074903626553,4,2,0,2,,,,0.0009398999973200262,0.0009624999947845936,0.00012020001304335892,0.035074799990979955,0.05711150000570342,0.041453000012552366,0.003930100006982684,0.002162699995096773,0.002134400012437254,0.0021342000109143555,9.089999366551638e-05
0.9,Linear BTL,7,70,,-28.753103017348106,3,0,0,0,,,,0.0035220000136177987,0.0008591999940108508,0.00011220001033507288,0.0396918999904301,0.07349849998718128,0.06263190001482144,0.002880700019886717,0.0031867999932728708,0.005270800000289455,0.002518299996154383,9.940000018104911e-05
0.9,Linear BTL,8,78,,-25.688440217729045,2,0,0,0,,,,0.001039800001308322,0.0013993000029586256,0.0001548999862279743,0.054242199985310435,0.0603275999892503,0.019431900000199676,0.002834999992046505,0.0025255999935325235,0.00252320000436157,0.0025055999867618084,9.90999978967011e-05
0.9,Linear BTL,9,87,,-23.662530407300554,0,0,0,0,,,,0.0008979000267572701,0.0027504999889060855,0.00011480000102892518,0.04094310000073165,0.05279880002490245,0.022764099994674325,0.004153999994741753,0.0034918999881483614,0.0034256000071763992,0.006166900013340637,0.0001078000059351325
0.9,Linear BTL,10,97,,-25.936249677317225,1,2,0,2,,,,0.0007671000203117728,0.0008613999816589057,0.0001204000145662576,0.032009500020649284,0.1006597000232432,0.05001939999056049,0.009557099983794615,0.005379200010793284,0.009391400002641603,0.005861700017703697,0.00027169997338205576
0.9,Linear BTL,11,108,,-25.527655092275033,0,1,0,1,,,,0.03821699999389239,0.0028476000006776303,9.00000159163028e-05,0.07399259999510832,0.05406960000982508,0.0214356999786105,0.006139700009953231,0.004064600012497976,0.004339099978096783,0.003484000015305355,0.00010859998292289674
0.9,Linear BTL,12,120,,-22.022343551980835,0,2,0,2,,,,0.003456300008110702,0.0008352000149898231,4.810001701116562e-05,0.03917090001050383,0.09985490000690334,0.05054830000153743,0.009095200017327443,0.004347200010670349,0.0028114999877288938,0.0027882000140380114,0.0001092999882530421
0.9,Linear BTL,13,133,,-17.10819383253285,0,1,0,1,,,,0.0007562999962829053,0.0011854000040329993,8.289999095723033e-05,0.0387924000096973,0.05291450000368059,0.03339200001209974,0.003441599983489141,0.003273800015449524,0.0038337000005412847,0.004612299992004409,0.00011279998579993844
0.9,Linear BTL,14,147,,-21.912833561293663,0,1,0,1,,,,0.003486899979179725,0.001031700026942417,5.029997555539012e-05,0.03577529999893159,0.05151269998168573,0.024032299988903105,0.0032439999922644347,0.00415439999778755,0.003859200020087883,0.0032927000138442963,0.0001860999909695238
0.9,Linear BTL,15,162,,-26.200830368036893,0,1,0,1,,,,0.000759899994591251,0.0010136000055354089,4.600000102072954e-05,0.03430349999689497,0.05179269998916425,0.028743700007908046,0.0035757000150624663,0.003991000005044043,0.003906700003426522,0.0029408999835141003,0.00010760000441223383
0.9,Linear BTL,16,178,,-20.628909138802637,0,3,0,3,,,,0.0007543000101577491,0.0008903999987524003,4.659997648559511e-05,0.03334369999356568,0.07258370000636205,0.018786200002068654,0.0036185999924782664,0.0072552000056020916,0.0030086000042501837,0.00311140000121668,0.00010870001278817654
0.9,Linear BTL,17,195,,-20.792681617526192,1,1,0,1,,,,0.0014131999923847616,0.0012973000120837241,0.0002549000200815499,0.06477610001456924,0.08556130001670681,0.0340515999996569,0.006156399991596118,0.006027800001902506,0.006192100001499057,0.00834440000471659,0.0002772000152617693
0.9,Linear BTL,18,213,,-18.243439067399972,0,0,0,0,,,,0.0015883000160101801,0.002261799992993474,8.900000830180943e-05,0.045158399996580556,0.0773979999939911,0.027731500013032928,0.0029639000131282955,0.002830500015988946,0.002814000006765127,0.002820399997290224,0.00010410000686533749
0.9,Linear BTL,19,232,,-27.175202145590994,1,2,0,2,,,,0.0007482000219170004,0.001354500011075288,0.00025079998886212707,0.04276449998724274,0.07909139999537729,0.02648060000501573,0.006730599998263642,0.004081499995663762,0.0037632999883498996,0.0034539999905973673,0.00021180001203902066
0.9,Linear BTL,20,252,,-25.28702488856553,2,0,0,0,,,,0.0008590999932494015,0.0053980999800842255,0.00020069998572580516,0.036762199975783005,0.048825699981534854,0.02897420001681894,0.005021000019041821,0.003178599989041686,0.002846299990778789,0.005833500006701797,9.929999941959977e-05
0.9,Linear BTL,21,273,,-27.5023544697607,1,2,0,2,,,,0.000766999990446493,0.0009608000109437853,0.00011790002463385463,0.03173149999929592,0.06204260000959039,0.03237599998828955,0.002854299993487075,0.003327100013848394,0.002618799975607544,0.0038357999874278903,0.00012959999730810523
0.9,Linear BTL,22,295,,-27.982063514821647,4,1,0,1,,,,0.001215500000398606,0.0009210999996867031,0.00011029999586753547,0.041632399981608614,0.042481199983740225,0.025587699987227097,0.004827400000067428,0.0021594999998342246,0.00214389999746345,0.002130700013367459,9.060002048499882e-05
0.9,Linear BTL,23,318,,-27.741401545518496,1,1,0,1,,,,0.003425699978834018,0.0010328000062145293,0.00012469998910091817,0.046957199985627085,0.0552406000206247,0.02850600000238046,0.003676899999845773,0.003458199993474409,0.0030836000223644078,0.006008399999700487,0.0002204999909736216
0.9,Linear BTL,24,342,,-27.191813260217312,0,1,0,1,,,,0.0007898999901954085,0.0009085000201594085,4.67000063508749e-05,0.034129500010749325,0.05875729999388568,0.024758399988058954,0.004801400005817413,0.004665699991164729,0.003144099988276139,0.003656399989267811,0.00018659999477677047
0.9,Linear BTL,25,367,,-21.732342825528775,1,1,0,1,,,,0.0007679999980609864,0.0010651999909896404,0.00012510002125054598,0.09122639999259263,0.055491200007963926,0.0321799999801442,0.0027725999825634062,0.00288609997369349,0.0032407999970018864,0.0026042000099550933,0.00010340000153519213
0.9,Linear BTL,26,393,,-29.188645036913893,0,0,0,0,,,,0.0007643000280950218,0.0008168999920599163,4.959999932907522e-05,0.0292110999871511,0.13730790000408888,0.02565710002090782,0.0036594000121112913,0.0027984000043943524,0.0027809999883174896,0.005556400021305308,0.0002156999835278839
0.9,Linear BTL,27,420,,-28.715717015066495,2,1,0,1,,,,0.0009931000240612775,0.000994600006379187,0.0001181000261567533,0.031201799982227385,0.050376900006085634,0.027301099995383993,0.0037349000049289316,0.006012700003338978,0.0034851999953389168,0.002474399982020259,0.00010160001693293452
0.9,Linear BTL,28,448,,-28.697015809739717,3,2,0,2,,,,0.0008643000037409365,0.0014072000049054623,0.000129400024889037,0.03709649998927489,0.04985650000162423,0.019953699986217543,0.0063670999952591956,0.003934100008336827,0.003058699978282675,0.002636300021549687,0.00016759999562054873
0.9,Linear BTL,29,477,,-28.936241483012186,3,2,0,2,,,,0.0014689000090584159,0.0012384000001475215,0.00012060001608915627,0.035028799989959225,0.03718830001889728,0.021232099999906495,0.002372799994191155,0.007061000011162832,0.0026510000170674175,0.0031086999806575477,0.00022929999977350235
0.9,Linear BTL,30,507,,-28.480470726276103,0,0,0,0,,,,0.0009788000024855137,0.001347100012935698,7.850001566112041e-05,0.03843149999738671,0.062067999999271706,0.029561700008343905,0.003450400021392852,0.003931699990062043,0.004492900014156476,0.004186400008620694,0.00010840001050382853
0.9,Linear BTL,31,538,,-24.896215570018185,0,0,0,0,,,,0.0007763000030536205,0.0009226000111084431,4.5599997974932194e-05,0.03337459999602288,0.06598959999973886,0.021195000008447096,0.004325799993239343,0.005535900010727346,0.003881299984641373,0.0032435999892186373,0.00018439997802488506
0.9,Linear BTL,32,570,,-29.656644451347404,2,1,0,1,,,,0.000762699986808002,0.00083559998893179,0.00011520000407472253,0.03311079999548383,0.05295589999877848,0.019157700007781386,0.0029999000253155828,0.0035177000099793077,0.005694599996786565,0.00294100001337938,0.0001264000020455569
0.9,Linear BTL,33,603,,-18.608121790864253,0,0,0,0,,,,0.0010386999929323792,0.0008373000018764287,4.659997648559511e-05,0.046593999984906986,0.05077109998092055,0.03786579999723472,0.003048000013222918,0.002802800008794293,0.003793100011534989,0.0055269000004045665,0.00034119997872039676
0.9,Linear BTL,34,637,,-25.22739953204458,2,1,0,1,,,,0.0016681999841239303,0.002922800020314753,0.00022769998759031296,0.0388760999776423,0.049506999988807365,0.031938400003127754,0.002994099981151521,0.0028586999978870153,0.0028634000045713037,0.0033761000086087734,0.0001714999962132424
0.9,Linear BTL,35,672,,-28.697015760313942,3,2,0,2,,,,0.004761499993037432,0.0010063000081572682,0.00012889999197795987,0.03320279999752529,0.04725020000478253,0.02388179997797124,0.004627299989806488,0.0031275000073947012,0.002266700001200661,0.0022308999905362725,9.600000339560211e-05
0.9,Linear BTL,36,708,,-19.529461274467092,0,1,0,1,,,,0.0007578999793622643,0.0009723000111989677,4.569999873638153e-05,0.040967100008856505,0.05208589998073876,0.029568900004960597,0.004885499976808205,0.0035124999994877726,0.00327139999717474,0.00325059998431243,0.00018569998792372644
0.9,Linear BTL,37,745,,-27.19529341026599,0,0,0,0,,,,0.0007820999890100211,0.0012119000020902604,4.889999399892986e-05,0.04307630000403151,0.05437619998701848,0.02988260000711307,0.0029864999814890325,0.004946900007780641,0.00850890000583604,0.0028408000071067363,0.00011039999662898481
0.9,Linear BTL,38,783,,-21.987079534911008,0,0,0,0,,,,0.0009004000166896731,0.004442999983439222,0.00010799997835420072,0.044799900002544746,0.05860469999606721,0.02030120001290925,0.0030383999983314425,0.003491000010399148,0.007524699991336092,0.0028888999950140715,0.00010570001904852688
0.9,Linear BTL,39,822,,-26.703681102304518,0,0,0,0,,,,0.0008203000179491937,0.0009135000000242144,4.709998029284179e-05,0.04001050000078976,0.05716639998718165,0.021053000004030764,0.0029280000017024577,0.002810300007695332,0.003488399990601465,0.0076871000055689365,0.00010760000441223383
0.9,Linear BTL,40,862,,-24.19640868694104,2,1,0,1,,,,0.0009679999784566462,0.0008852999890223145,0.00011670001549646258,0.11756949999835342,0.053969700005836785,0.021329700015485287,0.0026221000007353723,0.006398500001523644,0.0029082999972160906,0.0028623999969568104,0.00016750002396292984
0.9,Linear BTL,41,903,,-27.98206340861883,0,0,0,0,,,,0.0007616999791935086,0.0009537999867461622,4.600000102072954e-05,0.03134159999899566,0.0662300999974832,0.028701200004434213,0.0036499999987427145,0.002875899983337149,0.0048986000183504075,0.003730099997483194,0.00010609999299049377
0.9,Linear BTL,42,945,,-26.743110694773918,0,1,0,1,,,,0.0007863000209908932,0.0008728999819140881,4.700000863522291e-05,0.036943000013707206,0.05298390000825748,0.02600069998879917,0.0029620999994222075,0.0028338999836705625,0.006682700011879206,0.0030578000005334616,0.00010820000898092985
0.9,Linear BTL,43,988,,-28.46152167393548,3,0,0,0,,,,0.0007550000154878944,0.001126800023484975,0.0002099999983329326,0.03071670001372695,0.05097770001157187,0.020121000008657575,0.0030267999973148108,0.00579299998935312,0.003386199998203665,0.0026833000010810792,0.00015910001820884645
0.9,Linear BTL,44,1032,,-26.452422617244935,1,2,0,2,,,,0.00075559999095276,0.0008506999874953181,0.00011670001549646258,0.032477400003699586,0.03823909998754971,0.0281873999920208,0.0033173999981954694,0.002667900000233203,0.00266979998559691,0.0026636999973561615,0.0001052000152412802
0.9,Linear BTL,45,1077,,-27.43784442024975,3,0,0,0,,,,0.0007688000041525811,0.003412599995499477,0.00013449997641146183,0.03351500001735985,0.048104000015882775,0.0504427999840118,0.0031445999920833856,0.0024698000052012503,0.00971329997992143,0.004049500013934448,9.750001481734216e-05
0.9,Linear BTL,46,1123,,-27.964154241847893,1,2,0,2,,,,0.0017798999906517565,0.005869400018127635,0.00032560000545345247,0.054826200008392334,0.05399700000998564,0.02484349999576807,0.003315700014354661,0.0029291000100784004,0.0025994000025093555,0.002592200005892664,0.00010289999772794545
0.9,Linear BTL,47,1170,,-27.7250765732543,0,0,0,0,,,,0.0033915999811142683,0.0010446000087540597,5.1000009989365935e-05,0.0327238000172656,0.05469920000177808,0.054522099992027506,0.0049226999981328845,0.0033290999999735504,0.0033377000072505325,0.005337799986591563,0.0002883999841287732
0.9,Linear BTL,48,1218,,-15.004041724340604,0,1,0,1,,,,0.0009966999932657927,0.0011528999893926084,5.85000088904053e-05,0.0428572999953758,0.06079170000157319,0.0267236000217963,0.004305100010242313,0.0032919999794103205,0.003269000008003786,0.003261500009102747,0.00018530001398175955
0.9,Linear BTL,49,1267,,-19.17971211364082,0,0,0,0,,,,0.0007610000029671937,0.0008325999951921403,4.770001396536827e-05,0.035043799987761304,0.051375200011534616,0.01784610000322573,0.005290499975671992,0.002975499985041097,0.0027827000012621284,0.0027793000044766814,0.00010740000288933516
1.0,LP2 ($ 	heta $ Only),0,42,0.0,,0,0,0,0,0.0,0.0,100.0,0.0024375999928452075,0.003261300007579848,8.949998300522566e-05,0.05049560000770725,0.06473320000804961,0.06048619997454807,0.003074200008995831,0.0035472000017762184,0.0028355999966152012,0.0033822999976109713,0.0005011000030208379
1.0,LP2 ($ 	heta $ Only),1,43,0.0,,0,0,0,0,0.0,0.0,100.0,0.0019915000011678785,0.0009748000011313707,4.839999019168317e-05,0.03520270000444725,0.07118410000111908,0.022200899984454736,0.002973299997393042,0.002814000006765127,0.003558700002031401,0.0033594999986235052,0.00010859998292289674
1.0,LP2 ($ 	heta $ Only),2,45,0.0,,2,0,0,0,0.0,0.0,100.0,0.0032017999910749495,0.0008914999780245125,0.00011980000999756157,0.03266920000896789,0.050641799985896796,0.020641000010073185,0.0071622999967075884,0.0024867999891284853,0.0024738000065553933,0.002505700016627088,0.00010420000762678683
1.0,LP2 ($ 	heta $ Only),3,48,0.0,,0,0,0,0,0.0,0.0,100.0,0.001246999978320673,0.0018711000157054514,9.68000094871968e-05,0.04408630001125857,0.06030270000337623,0.022593600006075576,0.003703700000187382,0.004901899985270575,0.003420399996684864,0.003405900002690032,0.00018599999020807445
1.0,LP2 ($ 	heta $ Only),4,52,0.0,,2,0,0,0,0.0,0.0,100.0,0.0006458999996539205,0.0009994000138249248,0.00021669999114237726,0.041625100013334304,0.05532179999863729,0.02071460001752712,0.0035687000199686736,0.0027923999878112227,0.006998500000918284,0.0029279000009410083,0.00016830000095069408
1.0,LP2 ($ 	heta $ Only),5,57,0.0,,4,0,0,0,0.0,0.0,100.0,0.0006611999997403473,0.0008899999957066029,0.00011260001338087022,0.033333899977151304,0.04321689999778755,0.018050899991067126,0.002534699975512922,0.0023893000034149736,0.0023815000022295862,0.002365699998335913,0.00010460001067258418
1.0,LP2 ($ 	heta $ Only),6,63,0.0,,4,0,0,0,0.0,0.0,100.0,0.0007143999973777682,0.0019702000136021525,0.0002641000028233975,0.03689600000507198,0.045884500024840236,0.03158009998151101,0.0027592999977059662,0.002412200003163889,0.002415299997664988,0.002413799986243248,0.0001509999856352806
1.0,LP2 ($ 	heta $ Only),7,70,0.0,,2,0,0,0,0.0,0.0,100.0,0.0006735999777447432,0.0010913000151049346,0.00011619998258538544,0.043534900003578514,0.05698110000230372,0.04139269998995587,0.004716499999631196,0.003288799984147772,0.002425600017886609,0.002404800005024299,9.240000508725643e-05
1.0,LP2 ($ 	heta $ Only),8,78,0.0,,2,0,0,0,0.0,0.0,100.0,0.000658600009046495,0.0008717000018805265,0.0001078000059351325,0.04740520002087578,0.04930480002076365,0.02858760001254268,0.004300300002796575,0.002861600019969046,0.002831799996783957,0.0028328000043984503,0.0001674000232014805
1.0,LP2 ($ 	heta $ Only),9,87,0.0,,0,0,0,0,0.0,0.0,100.0,0.0006402999861165881,0.0015141999756451696,4.859999171458185e-05,0.04215589998057112,0.061195399990538135,0.030864400003338233,0.0036112999951001257,0.0034613999887369573,0.003980699984822422,0.0034576999896671623,0.00010969999129883945
1.0,LP2 ($ 	heta $ Only),10,97,0.0,,2,0,0,0,0.0,0.0,100.0,0.00339579998399131,0.0008809000137262046,0.00012359998072497547,0.041923999990103766,0.04910159998689778,0.02375160000519827,0.005166799994185567,0.0026092000189237297,0.0025507000100333244,0.0025357999838888645,0.00010010000551119447
1.0,LP2 ($ 	heta $ Only),11,108,0.0,,0,0,0,0,0.0,0.0,100.0,0.0006501000025309622,0.0010200999968219548,4.880002234131098e-05,0.04556090000551194,0.05283739999867976,0.01950209998176433,0.005964700016193092,0.0033360000234097242,0.003275399998528883,0.0033069000055547804,0.00019419999443925917
1.0,LP2 ($ 	heta $ Only),12,120,0.0,,0,0,0,0,0.0,0.0,100.0,0.0010738999990280718,0.0008754000009503216,4.719998105429113e-05,0.04229849998955615,0.06429000000935048,0.02829580000252463,0.003059700015000999,0.0029455999901983887,0.0033995000121649355,0.007296700001461431,0.00010930001735687256
1.0,LP2 ($ 	heta $ Only),13,133,0.0,,0,0,0,0,0.0,0.0,100.0,0.0008020999957807362,0.0010116999910678715,5.269999383017421e-05,0.04794439999386668,0.04017029999522492,0.030764800001634285,0.003040600015083328,0.0032606999739073217,0.012834599998313934,0.002984199993079528,0.00010740000288933516
1.0,LP2 ($ 	heta $ Only),14,147,0.0,,1,0,0,0,0.0,0.0,100.0,0.0008292999991681427,0.001479400001699105,0.00044319999869912863,0.042508100013947114,0.05015190000995062,0.03198649999103509,0.0030802999972365797,0.0028495000151451677,0.0028264000138733536,0.0032134999928530306,0.00012889999197795987
1.0,LP2 ($ 	heta $ Only),15,162,0.0,,0,0,0,0,0.0,0.0,100.0,0.004972899972926825,0.0011644999904092401,6.050002411939204e-05,0.040093100018566474,0.05217469998751767,0.034025600005406886,0.003031500003999099,0.003494700009468943,0.007299299992155284,0.0029075000202283263,0.00010979999206028879
1.0,LP2 ($ 	heta $ Only),16,178,0.0,,0,0,0,0,0.0,0.0,100.0,0.0007892999856267124,0.0009465999901294708,5.220001912675798e-05,0.036499899986665696,0.05731880001258105,0.020812400005524978,0.003471499978331849,0.004806599987205118,0.003926600009435788,0.0028049999964423478,0.00010800000745803118
1.0,LP2 ($ 	heta $ Only),17,195,0.0,,2,0,0,0,0.0,0.0,100.0,0.0006415999960154295,0.0009316999930888414,0.00011580000864341855,0.03552269999636337,0.04697599998326041,0.031975300022168085,0.002702900004805997,0.002612199983559549,0.0065839999879244715,0.0025397999852430075,9.980000322684646e-05
1.0,LP2 ($ 	heta $ Only),18,213,0.0,,0,0,0,0,0.0,0.0,100.0,0.000659500015899539,0.000867400027345866,4.630000330507755e-05,0.038144599995575845,0.05241160001605749,0.030824499990558252,0.0034097000025212765,0.005189899995457381,0.004166900005657226,0.002781699993647635,0.00010699999984353781
1.0,LP2 ($ 	heta $ Only),19,232,0.0,,2,0,0,0,0.0,0.0,100.0,0.00090819998877123,0.0009113999840337783,0.00011720001930370927,0.04203470001812093,0.050689199997577816,0.022147699986817315,0.006125799991423264,0.0032430999854113907,0.0029981000116094947,0.002520700014429167,0.00010269999620504677
1.0,LP2 ($ 	heta $ Only),20,252,0.0,,2,0,0,0,0.0,0.0,100.0,0.000645600026473403,0.0008827999990899116,0.00011220001033507288,0.03398310000193305,0.05058199999621138,0.022245500003919005,0.002598999999463558,0.0024646999954711646,0.0024582000041846186,0.002976199990371242,9.90999978967011e-05
1.0,LP2 ($ 	heta $ Only),21,273,0.0,,0,0,0,0,0.0,0.0,100.0,0.001488900015829131,0.0015530000091530383,6.600000779144466e-05,0.042340399988461286,0.06622999999672174,0.030612299975473434,0.0035749000089708716,0.0055395999806933105,0.004766500002006069,0.0033156999852508307,0.00018339999951422215
1.0,LP2 ($ 	heta $ Only),22,295,0.0,,5,0,0,0,0.0,0.0,100.0,0.0006509000086225569,0.0008873000042513013,0.00010730000212788582,0.11064319999422878,0.038104800012661144,0.024819500016747043,0.0029424999956972897,0.002236200001789257,0.0022115999890957028,0.002217400004155934,0.00014069999451749027
1.0,LP2 ($ 	heta $ Only),23,318,0.0,,2,0,0,0,0.0,0.0,100.0,0.0021155000140424818,0.0010344999900553375,0.0001157999795395881,0.030774799990467727,0.05974230001447722,0.0413031000061892,0.002790900005493313,0.0025793999957386404,0.0032950000022538006,0.0024862000136636198,0.00010000000474974513
1.0,LP2 ($ 	heta $ Only),24,342,0.0,,0,0,0,0,0.0,0.0,100.0,0.0006422000005841255,0.0018469000060576946,6.630001007579267e-05,0.03735170001164079,0.05156250001164153,0.024762899993220344,0.0031820999865885824,0.003045599994948134,0.00492329997359775,0.0040373999800067395,0.00010989999282173812
1.0,LP2 ($ 	heta $ Only),25,367,0.0,,4,0,0,0,0.0,0.0,100.0,0.0012993999989703298,0.0008843000105116516,0.00012579999747686088,0.0317526999861002,0.048265499994158745,0.021627800015266985,0.002236200001789257,0.002125700004398823,0.004237900022417307,0.0029458999924827367,0.00015089998487383127
1.0,LP2 ($ 	heta $ Only),26,393,0.0,,6,0,0,0,0.0,0.0,100.0,0.0006484999903477728,0.0008708999957889318,0.00010619999375194311,0.032588700007181615,0.04541659998358227,0.025183399993693456,0.004360899998573586,0.0020899999944958836,0.0019791999948211014,0.0019520000205375254,0.00012509999214671552
1.0,LP2 ($ 	heta $ Only),27,420,0.0,,0,0,0,0,0.0,0.0,100.0,0.000656700023682788,0.001530599984107539,5.3499999921768904e-05,0.03554179999628104,0.07717410000623204,0.03011530000367202,0.0030777000065427274,0.005247699999017641,0.005186599999433383,0.0034057000011671335,0.00010839998139999807
1.0,LP2 ($ 	heta $ Only),28,448,0.0,,3,0,0,0,0.0,0.0,100.0,0.0006433999806176871,0.0008319999906234443,0.00011580000864341855,0.035420100000919774,0.04474920002394356,0.020181300002150238,0.0023902999819256365,0.002259300003061071,0.0022521999781019986,0.0029294999840203673,0.000159099989105016
1.0,LP2 ($ 	heta $ Only),29,477,0.0,,3,0,0,0,0.0,0.0,100.0,0.0006436000112444162,0.000827899988507852,0.0001126999850384891,0.028573399991728365,0.06409159998293035,0.056069300015224144,0.007074900000588968,0.004496400011703372,0.004434800008311868,0.008106299996143207,0.00016650001634843647
1.0,LP2 ($ 	heta $ Only),30,507,0.0,,2,0,0,0,0.0,0.0,100.0,0.0006744999845977873,0.000834699982078746,0.00012119999155402184,0.05381379998289049,0.0506327000039164,0.017905500018969178,0.003018599993083626,0.0033748999994713813,0.004237799992552027,0.0029187000181991607,0.00017109999316744506
1.0,LP2 ($ 	heta $ Only),31,538,0.0,,2,0,0,0,0.0,0.0,100.0,0.0006544000061694533,0.0009914000111166388,0.00011720001930370927,0.036474900000030175,0.05591419999836944,0.025396800017915666,0.004444599995622411,0.0028824000037275255,0.0028586999978870153,0.0028569000132847577,0.0001674999948590994
1.0,LP2 ($ 	heta $ Only),32,570,0.0,,2,0,0,0,0.0,0.0,100.0,0.0007909999985713512,0.000966899999184534,0.0001218999968841672,0.0394656999851577,0.0528102999960538,0.014710699993884191,0.003553299990016967,0.002453199995215982,0.002447500010021031,0.0024408000172115862,9.23000043258071e-05
1.0,LP2 ($ 	heta $ Only),33,603,0.0,,0,0,0,0,0.0,0.0,100.0,0.0006479999865405262,0.0009441000001970679,4.640000406652689e-05,0.031059600005391985,0.05600149999372661,0.03838579999865033,0.003144699992844835,0.002806600008625537,0.006560100009664893,0.004138599993893877,0.00012279997463338077
1.0,LP2 ($ 	heta $ Only),34,637,0.0,,2,0,0,0,0.0,0.0,100.0,0.001122899993788451,0.0011490000179037452,0.00014700001338496804,0.03816199998254888,0.04702479997649789,0.02669239998795092,0.0064885000174399465,0.0025738000113051385,0.0025268000026699156,0.0032026999979279935,9.950000094249845e-05
1.0,LP2 ($ 	heta $ Only),35,672,0.0,,3,0,0,0,0.0,0.0,100.0,0.0008291999984066933,0.003144699992844835,0.0003259000077378005,0.03558830000110902,0.04346029998851009,0.017428899998776615,0.002823499991791323,0.0026997000095434487,0.0026757000014185905,0.0032452000014018267,0.00015570002142339945
1.0,LP2 ($ 	heta $ Only),36,708,0.0,,0,0,0,0,0.0,0.0,100.0,0.001142900000559166,0.0015278999926522374,6.290001329034567e-05,0.04227209999226034,0.05658080001012422,0.029483599995728582,0.004342000000178814,0.002822899987222627,0.00280470002326183,0.0028006999928038567,0.00010450000991113484
1.0,LP2 ($ 	heta $ Only),37,745,0.0,,1,0,0,0,0.0,0.0,100.0,0.0006655000033788383,0.0009553999989293516,0.0003285999991931021,0.0265058999939356,0.05108259999542497,0.030776400002650917,0.0032275999838020653,0.0050632000202313066,0.004625100002158433,0.002969900000607595,0.00016489997506141663
1.0,LP2 ($ 	heta $ Only),38,783,0.0,,0,0,0,0,0.0,0.0,100.0,0.0007997999782674015,0.0012447999906726182,4.810001701116562e-05,0.04062459999113344,0.05952690000412986,0.02745280001545325,0.0042292000143788755,0.004499100003158674,0.009272800001781434,0.0069469000154640526,0.00027150000096298754
1.0,LP2 ($ 	heta $ Only),39,822,0.0,,0,0,0,0,0.0,0.0,100.0,0.0031857999856583774,0.002306099981069565,6.75999908708036e-05,0.07075869999243878,0.05698799999663606,0.024619000003440306,0.0034354999952483922,0.0033602999756112695,0.008018699998501688,0.002994099981151521,0.00010839998139999807
1.0,LP2 ($ 	heta $ Only),40,862,0.0,,3,0,0,0,0.0,0.0,100.0,0.0007907999970484525,0.0009922999888658524,0.00013970001600682735,0.03490050000254996,0.040928500005975366,0.02093960001366213,0.0037329000188037753,0.002693999995244667,0.0028027999796904624,0.0026348000101279467,9.519999730400741e-05
1.0,LP2 ($ 	heta $ Only),41,903,0.0,,0,0,0,0,0.0,0.0,100.0,0.0006533999985549599,0.0009624999947845936,4.6999979531392455e-05,0.030823999986751005,0.057490000006509945,0.02666750000207685,0.004593599995132536,0.00547160001588054,0.0033190000103786588,0.00332330001401715,0.00018539998563937843
1.0,LP2 ($ 	heta $ Only),42,945,0.0,,0,0,0,0,0.0,0.0,100.0,0.0006417999975383282,0.0018213000148534775,7.189999450929463e-05,0.03709220001474023,0.05051349999848753,0.0205304000119213,0.0029409000126179308,0.003491499985102564,0.004719799995655194,0.003313299996079877,0.0001863999932538718
1.0,LP2 ($ 	heta $ Only),43,988,0.0,,3,0,0,0,0.0,0.0,100.0,0.0006509999802801758,0.0009149000106845051,0.00011190000805072486,0.03527569997822866,0.14575490000424907,0.019085100007941946,0.003236099990317598,0.0035918999928981066,0.003011499997228384,0.002237899985630065,8.980001439340413e-05
1.0,LP2 ($ 	heta $ Only),44,1032,0.0,,2,0,0,0,0.0,0.0,100.0,0.0006521999894175678,0.0008569000056013465,0.00011490000179037452,0.03730809999979101,0.04675850001513027,0.025995900010457262,0.0027941000007558614,0.00488039999618195,0.004837900021811947,0.004441400000359863,0.0002496000088285655
1.0,LP2 ($ 	heta $ Only),45,1077,0.0,,3,0,0,0,0.0,0.0,100.0,0.0011651999957393855,0.003065900004003197,0.0002618000144138932,0.04296649998286739,0.04792569999699481,0.02748530000098981,0.002980199991725385,0.0036877999955322593,0.004334600002039224,0.002655299991602078,0.00016140000661835074
1.0,LP2 ($ 	heta $ Only),46,1123,0.0,,1,0,0,0,0.0,0.0,100.0,0.0006570999976247549,0.0008754000009503216,0.00011950000771321356,0.0481368999753613,0.05521770002087578,0.02599490000284277,0.003369899990502745,0.003210999973816797,0.0037060999893583357,0.004581700020935386,0.0002552999940235168
1.0,LP2 ($ 	heta $ Only),47,1170,0.0,,0,0,0,0,0.0,0.0,100.0,0.0006606999959331006,0.0009479000000283122,4.879999323748052e-05,0.038055499986512586,0.07382950000464916,0.030879099998855963,0.00756210001418367,0.0036429000028874725,0.003068099991651252,0.006435900024371222,0.00019309998606331646
1.0,LP2 ($ 	heta $ Only),48,1218,0.0,,0,0,0,0,0.0,0.0,100.0,0.0008017000218387693,0.0009444000024814159,4.8200017772614956e-05,0.03740139998262748,0.04734190000453964,0.02597839999361895,0.00914000000921078,0.003077600005781278,0.003045599994948134,0.003045599994948134,0.000148899998748675
1.0,LP2 ($ 	heta $ Only),49,1267,0.0,,1,0,0,0,0.0,0.0,100.0,0.002574500016635284,0.0035764999920502305,0.00016729999333620071,0.03733900000224821,0.05579549999674782,0.052098299987846985,0.004662199993617833,0.002604899986181408,0.002597000013338402,0.0026070000021718442,0.00010199999087490141
1.0,LP3 ($ 	heta $ Only),0,42,0.0,,0,0,0,0,0.0,0.0,100.0,0.0024375999928452075,0.003261300007579848,8.949998300522566e-05,0.05049560000770725,0.06473320000804961,0.06048619997454807,0.003074200008995831,0.0035472000017762184,0.0028355999966152012,0.0033822999976109713,0.0005011000030208379
1.0,LP3 ($ 	heta $ Only),1,43,0.0,,0,0,0,0,0.0,0.0,100.0,0.0019915000011678785,0.0009748000011313707,4.839999019168317e-05,0.03520270000444725,0.07118410000111908,0.022200899984454736,0.002973299997393042,0.002814000006765127,0.003558700002031401,0.0033594999986235052,0.00010859998292289674
1.0,LP3 ($ 	heta $ Only),2,45,0.0,,2,0,0,0,0.0,0.0,100.0,0.0032017999910749495,0.0008914999780245125,0.00011980000999756157,0.03266920000896789,0.050641799985896796,0.020641000010073185,0.0071622999967075884,0.0024867999891284853,0.0024738000065553933,0.002505700016627088,0.00010420000762678683
1.0,LP3 ($ 	heta $ Only),3,48,0.0,,0,0,0,0,0.0,0.0,100.0,0.001246999978320673,0.0018711000157054514,9.68000094871968e-05,0.04408630001125857,0.06030270000337623,0.022593600006075576,0.003703700000187382,0.004901899985270575,0.003420399996684864,0.003405900002690032,0.00018599999020807445
1.0,LP3 ($ 	heta $ Only),4,52,0.0,,2,0,0,0,0.0,0.0,100.0,0.0006458999996539205,0.0009994000138249248,0.00021669999114237726,0.041625100013334304,0.05532179999863729,0.02071460001752712,0.0035687000199686736,0.0027923999878112227,0.006998500000918284,0.0029279000009410083,0.00016830000095069408
1.0,LP3 ($ 	heta $ Only),5,57,0.0,,4,0,0,0,0.0,0.0,100.0,0.0006611999997403473,0.0008899999957066029,0.00011260001338087022,0.033333899977151304,0.04321689999778755,0.018050899991067126,0.002534699975512922,0.0023893000034149736,0.0023815000022295862,0.002365699998335913,0.00010460001067258418
1.0,LP3 ($ 	heta $ Only),6,63,0.0,,4,0,0,0,0.0,0.0,100.0,0.0007143999973777682,0.0019702000136021525,0.0002641000028233975,0.03689600000507198,0.045884500024840236,0.03158009998151101,0.0027592999977059662,0.002412200003163889,0.002415299997664988,0.002413799986243248,0.0001509999856352806
1.0,LP3 ($ 	heta $ Only),7,70,0.0,,2,0,0,0,0.0,0.0,100.0,0.0006735999777447432,0.0010913000151049346,0.00011619998258538544,0.043534900003578514,0.05698110000230372,0.04139269998995587,0.004716499999631196,0.003288799984147772,0.002425600017886609,0.002404800005024299,9.240000508725643e-05
1.0,LP3 ($ 	heta $ Only),8,78,0.0,,2,0,0,0,0.0,0.0,100.0,0.000658600009046495,0.0008717000018805265,0.0001078000059351325,0.04740520002087578,0.04930480002076365,0.02858760001254268,0.004300300002796575,0.002861600019969046,0.002831799996783957,0.0028328000043984503,0.0001674000232014805
1.0,LP3 ($ 	heta $ Only),9,87,0.0,,0,0,0,0,0.0,0.0,100.0,0.0006402999861165881,0.0015141999756451696,4.859999171458185e-05,0.04215589998057112,0.061195399990538135,0.030864400003338233,0.0036112999951001257,0.0034613999887369573,0.003980699984822422,0.0034576999896671623,0.00010969999129883945
1.0,LP3 ($ 	heta $ Only),10,97,0.0,,2,0,0,0,0.0,0.0,100.0,0.00339579998399131,0.0008809000137262046,0.00012359998072497547,0.041923999990103766,0.04910159998689778,0.02375160000519827,0.005166799994185567,0.0026092000189237297,0.0025507000100333244,0.0025357999838888645,0.00010010000551119447
1.0,LP3 ($ 	heta $ Only),11,108,0.0,,0,0,0,0,0.0,0.0,100.0,0.0006501000025309622,0.0010200999968219548,4.880002234131098e-05,0.04556090000551194,0.05283739999867976,0.01950209998176433,0.005964700016193092,0.0033360000234097242,0.003275399998528883,0.0033069000055547804,0.00019419999443925917
1.0,LP3 ($ 	heta $ Only),12,120,0.0,,0,0,0,0,0.0,0.0,100.0,0.0010738999990280718,0.0008754000009503216,4.719998105429113e-05,0.04229849998955615,0.06429000000935048,0.02829580000252463,0.003059700015000999,0.0029455999901983887,0.0033995000121649355,0.007296700001461431,0.00010930001735687256
1.0,LP3 ($ 	heta $ Only),13,133,0.0,,0,0,0,0,0.0,0.0,100.0,0.0008020999957807362,0.0010116999910678715,5.269999383017421e-05,0.04794439999386668,0.04017029999522492,0.030764800001634285,0.003040600015083328,0.0032606999739073217,0.012834599998313934,0.002984199993079528,0.00010740000288933516
1.0,LP3 ($ 	heta $ Only),14,147,0.0,,1,0,0,0,0.0,0.0,100.0,0.0008292999991681427,0.001479400001699105,0.00044319999869912863,0.042508100013947114,0.05015190000995062,0.03198649999103509,0.0030802999972365797,0.0028495000151451677,0.0028264000138733536,0.0032134999928530306,0.00012889999197795987
1.0,LP3 ($ 	heta $ Only),15,162,0.0,,0,0,0,0,0.0,0.0,100.0,0.004972899972926825,0.0011644999904092401,6.050002411939204e-05,0.040093100018566474,0.05217469998751767,0.034025600005406886,0.003031500003999099,0.003494700009468943,0.007299299992155284,0.0029075000202283263,0.00010979999206028879
1.0,LP3 ($ 	heta $ Only),16,178,0.0,,0,0,0,0,0.0,0.0,100.0,0.0007892999856267124,0.0009465999901294708,5.220001912675798e-05,0.036499899986665696,0.05731880001258105,0.020812400005524978,0.003471499978331849,0.004806599987205118,0.003926600009435788,0.0028049999964423478,0.00010800000745803118
1.0,LP3 ($ 	heta $ Only),17,195,0.0,,2,0,0,0,0.0,0.0,100.0,0.0006415999960154295,0.0009316999930888414,0.00011580000864341855,0.03552269999636337,0.04697599998326041,0.031975300022168085,0.002702900004805997,0.002612199983559549,0.0065839999879244715,0.0025397999852430075,9.980000322684646e-05
1.0,LP3 ($ 	heta $ Only),18,213,0.0,,0,0,0,0,0.0,0.0,100.0,0.000659500015899539,0.000867400027345866,4.630000330507755e-05,0.038144599995575845,0.05241160001605749,0.030824499990558252,0.0034097000025212765,0.005189899995457381,0.004166900005657226,0.002781699993647635,0.00010699999984353781
1.0,LP3 ($ 	heta $ Only),19,232,0.0,,2,0,0,0,0.0,0.0,100.0,0.00090819998877123,0.0009113999840337783,0.00011720001930370927,0.04203470001812093,0.050689199997577816,0.022147699986817315,0.006125799991423264,0.0032430999854113907,0.0029981000116094947,0.002520700014429167,0.00010269999620504677
1.0,LP3 ($ 	heta $ Only),20,252,0.0,,2,0,0,0,0.0,0.0,100.0,0.000645600026473403,0.0008827999990899116,0.00011220001033507288,0.03398310000193305,0.05058199999621138,0.022245500003919005,0.002598999999463558,0.0024646999954711646,0.0024582000041846186,0.002976199990371242,9.90999978967011e-05
1.0,LP3 ($ 	heta $ Only),21,273,0.0,,0,0,0,0,0.0,0.0,100.0,0.001488900015829131,0.0015530000091530383,6.600000779144466e-05,0.042340399988461286,0.06622999999672174,0.030612299975473434,0.0035749000089708716,0.0055395999806933105,0.004766500002006069,0.0033156999852508307,0.00018339999951422215
1.0,LP3 ($ 	heta $ Only),22,295,0.0,,5,0,0,0,0.0,0.0,100.0,0.0006509000086225569,0.0008873000042513013,0.00010730000212788582,0.11064319999422878,0.038104800012661144,0.024819500016747043,0.0029424999956972897,0.002236200001789257,0.0022115999890957028,0.002217400004155934,0.00014069999451749027
1.0,LP3 ($ 	heta $ Only),23,318,0.0,,2,0,0,0,0.0,0.0,100.0,0.0021155000140424818,0.0010344999900553375,0.0001157999795395881,0.030774799990467727,0.05974230001447722,0.0413031000061892,0.002790900005493313,0.0025793999957386404,0.0032950000022538006,0.0024862000136636198,0.00010000000474974513
1.0,LP3 ($ 	heta $ Only),24,342,0.0,,0,0,0,0,0.0,0.0,100.0,0.0006422000005841255,0.0018469000060576946,6.630001007579267e-05,0.03735170001164079,0.05156250001164153,0.024762899993220344,0.0031820999865885824,0.003045599994948134,0.00492329997359775,0.0040373999800067395,0.00010989999282173812
1.0,LP3 ($ 	heta $ Only),25,367,0.0,,4,0,0,0,0.0,0.0,100.0,0.0012993999989703298,0.0008843000105116516,0.00012579999747686088,0.0317526999861002,0.048265499994158745,0.021627800015266985,0.002236200001789257,0.002125700004398823,0.004237900022417307,0.0029458999924827367,0.00015089998487383127
1.0,LP3 ($ 	heta $ Only),26,393,0.0,,6,0,0,0,0.0,0.0,100.0,0.0006484999903477728,0.0008708999957889318,0.00010619999375194311,0.032588700007181615,0.04541659998358227,0.025183399993693456,0.004360899998573586,0.0020899999944958836,0.0019791999948211014,0.0019520000205375254,0.00012509999214671552
1.0,LP3 ($ 	heta $ Only),27,420,0.0,,0,0,0,0,0.0,0.0,100.0,0.000656700023682788,0.001530599984107539,5.3499999921768904e-05,0.03554179999628104,0.07717410000623204,0.03011530000367202,0.0030777000065427274,0.005247699999017641,0.005186599999433383,0.0034057000011671335,0.00010839998139999807
1.0,LP3 ($ 	heta $ Only),28,448,0.0,,3,0,0,0,0.0,0.0,100.0,0.0006433999806176871,0.0008319999906234443,0.00011580000864341855,0.035420100000919774,0.04474920002394356,0.020181300002150238,0.0023902999819256365,0.002259300003061071,0.0022521999781019986,0.0029294999840203673,0.000159099989105016
1.0,LP3 ($ 	heta $ Only),29,477,0.0,,3,0,0,0,0.0,0.0,100.0,0.0006436000112444162,0.000827899988507852,0.0001126999850384891,0.028573399991728365,0.06409159998293035,0.056069300015224144,0.007074900000588968,0.004496400011703372,0.004434800008311868,0.008106299996143207,0.00016650001634843647
1.0,LP3 ($ 	heta $ Only),30,507,0.0,,2,0,0,0,0.0,0.0,100.0,0.0006744999845977873,0.000834699982078746,0.00012119999155402184,0.05381379998289049,0.0506327000039164,0.017905500018969178,0.003018599993083626,0.0033748999994713813,0.004237799992552027,0.0029187000181991607,0.00017109999316744506
1.0,LP3 ($ 	heta $ Only),31,538,0.0,,2,0,0,0,0.0,0.0,100.0,0.0006544000061694533,0.0009914000111166388,0.00011720001930370927,0.036474900000030175,0.05591419999836944,0.025396800017915666,0.004444599995622411,0.0028824000037275255,0.0028586999978870153,0.0028569000132847577,0.0001674999948590994
1.0,LP3 ($ 	heta $ Only),32,570,0.0,,2,0,0,0,0.0,0.0,100.0,0.0007909999985713512,0.000966899999184534,0.0001218999968841672,0.0394656999851577,0.0528102999960538,0.014710699993884191,0.003553299990016967,0.002453199995215982,0.002447500010021031,0.0024408000172115862,9.23000043258071e-05
1.0,LP3 ($ 	heta $ Only),33,603,0.0,,0,0,0,0,0.0,0.0,100.0,0.0006479999865405262,0.0009441000001970679,4.640000406652689e-05,0.031059600005391985,0.05600149999372661,0.03838579999865033,0.003144699992844835,0.002806600008625537,0.006560100009664893,0.004138599993893877,0.00012279997463338077
1.0,LP3 ($ 	heta $ Only),34,637,0.0,,2,0,0,0,0.0,0.0,100.0,0.001122899993788451,0.0011490000179037452,0.00014700001338496804,0.03816199998254888,0.04702479997649789,0.02669239998795092,0.0064885000174399465,0.0025738000113051385,0.0025268000026699156,0.0032026999979279935,9.950000094249845e-05
1.0,LP3 ($ 	heta $ Only),35,672,0.0,,3,0,0,0,0.0,0.0,100.0,0.0008291999984066933,0.003144699992844835,0.0003259000077378005,0.03558830000110902,0.04346029998851009,0.017428899998776615,0.002823499991791323,0.0026997000095434487,0.0026757000014185905,0.0032452000014018267,0.00015570002142339945
1.0,LP3 ($ 	heta $ Only),36,708,0.0,,0,0,0,0,0.0,0.0,100.0,0.001142900000559166,0.0015278999926522374,6.290001329034567e-05,0.04227209999226034,0.05658080001012422,0.029483599995728582,0.004342000000178814,0.002822899987222627,0.00280470002326183,0.0028006999928038567,0.00010450000991113484
1.0,LP3 ($ 	heta $ Only),37,745,0.0,,1,0,0,0,0.0,0.0,100.0,0.0006655000033788383,0.0009553999989293516,0.0003285999991931021,0.0265058999939356,0.05108259999542497,0.030776400002650917,0.0032275999838020653,0.0050632000202313066,0.004625100002158433,0.002969900000607595,0.00016489997506141663
1.0,LP3 ($ 	heta $ Only),38,783,0.0,,0,0,0,0,0.0,0.0,100.0,0.0007997999782674015,0.0012447999906726182,4.810001701116562e-05,0.04062459999113344,0.05952690000412986,0.02745280001545325,0.0042292000143788755,0.004499100003158674,0.009272800001781434,0.0069469000154640526,0.00027150000096298754
1.0,LP3 ($ 	heta $ Only),39,822,0.0,,0,0,0,0,0.0,0.0,100.0,0.0031857999856583774,0.002306099981069565,6.75999908708036e-05,0.07075869999243878,0.05698799999663606,0.024619000003440306,0.0034354999952483922,0.0033602999756112695,0.008018699998501688,0.002994099981151521,0.00010839998139999807
1.0,LP3 ($ 	heta $ Only),40,862,0.0,,3,0,0,0,0.0,0.0,100.0,0.0007907999970484525,0.0009922999888658524,0.00013970001600682735,0.03490050000254996,0.040928500005975366,0.02093960001366213,0.0037329000188037753,0.002693999995244667,0.0028027999796904624,0.0026348000101279467,9.519999730400741e-05
1.0,LP3 ($ 	heta $ Only),41,903,0.0,,0,0,0,0,0.0,0.0,100.0,0.0006533999985549599,0.0009624999947845936,4.6999979531392455e-05,0.030823999986751005,0.057490000006509945,0.02666750000207685,0.004593599995132536,0.00547160001588054,0.0033190000103786588,0.00332330001401715,0.00018539998563937843
1.0,LP3 ($ 	heta $ Only),42,945,0.0,,0,0,0,0,0.0,0.0,100.0,0.0006417999975383282,0.0018213000148534775,7.189999450929463e-05,0.03709220001474023,0.05051349999848753,0.0205304000119213,0.0029409000126179308,0.003491499985102564,0.004719799995655194,0.003313299996079877,0.0001863999932538718
1.0,LP3 ($ 	heta $ Only),43,988,0.0,,3,0,0,0,0.0,0.0,100.0,0.0006509999802801758,0.0009149000106845051,0.00011190000805072486,0.03527569997822866,0.14575490000424907,0.019085100007941946,0.003236099990317598,0.0035918999928981066,0.003011499997228384,0.002237899985630065,8.980001439340413e-05
1.0,LP3 ($ 	heta $ Only),44,1032,0.0,,2,0,0,0,0.0,0.0,100.0,0.0006521999894175678,0.0008569000056013465,0.00011490000179037452,0.03730809999979101,0.04675850001513027,0.025995900010457262,0.0027941000007558614,0.00488039999618195,0.004837900021811947,0.004441400000359863,0.0002496000088285655
1.0,LP3 ($ 	heta $ Only),45,1077,0.0,,3,0,0,0,0.0,0.0,100.0,0.0011651999957393855,0.003065900004003197,0.0002618000144138932,0.04296649998286739,0.04792569999699481,0.02748530000098981,0.002980199991725385,0.0036877999955322593,0.004334600002039224,0.002655299991602078,0.00016140000661835074
1.0,LP3 ($ 	heta $ Only),46,1123,0.0,,1,0,0,0,0.0,0.0,100.0,0.0006570999976247549,0.0008754000009503216,0.00011950000771321356,0.0481368999753613,0.05521770002087578,0.02599490000284277,0.003369899990502745,0.003210999973816797,0.0037060999893583357,0.004581700020935386,0.0002552999940235168
1.0,LP3 ($ 	heta $ Only),47,1170,0.0,,0,0,0,0,0.0,0.0,100.0,0.0006606999959331006,0.0009479000000283122,4.879999323748052e-05,0.038055499986512586,0.07382950000464916,0.030879099998855963,0.00756210001418367,0.0036429000028874725,0.003068099991651252,0.006435900024371222,0.00019309998606331646
1.0,LP3 ($ 	heta $ Only),48,1218,0.0,,0,0,0,0,0.0,0.0,100.0,0.0008017000218387693,0.0009444000024814159,4.8200017772614956e-05,0.03740139998262748,0.04734190000453964,0.02597839999361895,0.00914000000921078,0.003077600005781278,0.003045599994948134,0.003045599994948134,0.000148899998748675
1.0,LP3 ($ 	heta $ Only),49,1267,0.0,,1,0,0,0,0.0,0.0,100.0,0.002574500016635284,0.0035764999920502305,0.00016729999333620071,0.03733900000224821,0.05579549999674782,0.052098299987846985,0.004662199993617833,0.002604899986181408,0.002597000013338402,0.0026070000021718442,0.00010199999087490141
1.0,Weighted LP3 ($ 	heta $ Only),0,42,0.0,,0,0,0,0,0.0,0.0,100.0,0.0024375999928452075,0.003261300007579848,8.949998300522566e-05,0.05049560000770725,0.06473320000804961,0.06048619997454807,0.003074200008995831,0.0035472000017762184,0.0028355999966152012,0.0033822999976109713,0.0005011000030208379
1.0,Weighted LP3 ($ 	heta $ Only),1,43,0.0,,0,0,0,0,0.0,0.0,100.0,0.0019915000011678785,0.0009748000011313707,4.839999019168317e-05,0.03520270000444725,0.07118410000111908,0.022200899984454736,0.002973299997393042,0.002814000006765127,0.003558700002031401,0.0033594999986235052,0.00010859998292289674
1.0,Weighted LP3 ($ 	heta $ Only),2,45,0.0,,2,0,0,0,0.0,0.0,100.0,0.0032017999910749495,0.0008914999780245125,0.00011980000999756157,0.03266920000896789,0.050641799985896796,0.020641000010073185,0.0071622999967075884,0.0024867999891284853,0.0024738000065553933,0.002505700016627088,0.00010420000762678683
1.0,Weighted LP3 ($ 	heta $ Only),3,48,0.0,,0,0,0,0,0.0,0.0,100.0,0.001246999978320673,0.0018711000157054514,9.68000094871968e-05,0.04408630001125857,0.06030270000337623,0.022593600006075576,0.003703700000187382,0.004901899985270575,0.003420399996684864,0.003405900002690032,0.00018599999020807445
1.0,Weighted LP3 ($ 	heta $ Only),4,52,0.0,,2,0,0,0,0.0,0.0,100.0,0.0006458999996539205,0.0009994000138249248,0.00021669999114237726,0.041625100013334304,0.05532179999863729,0.02071460001752712,0.0035687000199686736,0.0027923999878112227,0.006998500000918284,0.0029279000009410083,0.00016830000095069408
1.0,Weighted LP3 ($ 	heta $ Only),5,57,0.0,,4,0,0,0,0.0,0.0,100.0,0.0006611999997403473,0.0008899999957066029,0.00011260001338087022,0.033333899977151304,0.04321689999778755,0.018050899991067126,0.002534699975512922,0.0023893000034149736,0.0023815000022295862,0.002365699998335913,0.00010460001067258418
1.0,Weighted LP3 ($ 	heta $ Only),6,63,0.0,,4,0,0,0,0.0,0.0,100.0,0.0007143999973777682,0.0019702000136021525,0.0002641000028233975,0.03689600000507198,0.045884500024840236,0.03158009998151101,0.0027592999977059662,0.002412200003163889,0.002415299997664988,0.002413799986243248,0.0001509999856352806
1.0,Weighted LP3 ($ 	heta $ Only),7,70,0.0,,2,0,0,0,0.0,0.0,100.0,0.0006735999777447432,0.0010913000151049346,0.00011619998258538544,0.043534900003578514,0.05698110000230372,0.04139269998995587,0.004716499999631196,0.003288799984147772,0.002425600017886609,0.002404800005024299,9.240000508725643e-05
1.0,Weighted LP3 ($ 	heta $ Only),8,78,0.0,,2,0,0,0,0.0,0.0,100.0,0.000658600009046495,0.0008717000018805265,0.0001078000059351325,0.04740520002087578,0.04930480002076365,0.02858760001254268,0.004300300002796575,0.002861600019969046,0.002831799996783957,0.0028328000043984503,0.0001674000232014805
1.0,Weighted LP3 ($ 	heta $ Only),9,87,0.0,,0,0,0,0,0.0,0.0,100.0,0.0006402999861165881,0.0015141999756451696,4.859999171458185e-05,0.04215589998057112,0.061195399990538135,0.030864400003338233,0.0036112999951001257,0.0034613999887369573,0.003980699984822422,0.0034576999896671623,0.00010969999129883945
1.0,Weighted LP3 ($ 	heta $ Only),10,97,0.0,,2,0,0,0,0.0,0.0,100.0,0.00339579998399131,0.0008809000137262046,0.00012359998072497547,0.041923999990103766,0.04910159998689778,0.02375160000519827,0.005166799994185567,0.0026092000189237297,0.0025507000100333244,0.0025357999838888645,0.00010010000551119447
1.0,Weighted LP3 ($ 	heta $ Only),11,108,0.0,,0,0,0,0,0.0,0.0,100.0,0.0006501000025309622,0.0010200999968219548,4.880002234131098e-05,0.04556090000551194,0.05283739999867976,0.01950209998176433,0.005964700016193092,0.0033360000234097242,0.003275399998528883,0.0033069000055547804,0.00019419999443925917
1.0,Weighted LP3 ($ 	heta $ Only),12,120,0.0,,0,0,0,0,0.0,0.0,100.0,0.0010738999990280718,0.0008754000009503216,4.719998105429113e-05,0.04229849998955615,0.06429000000935048,0.02829580000252463,0.003059700015000999,0.0029455999901983887,0.0033995000121649355,0.007296700001461431,0.00010930001735687256
1.0,Weighted LP3 ($ 	heta $ Only),13,133,0.0,,0,0,0,0,0.0,0.0,100.0,0.0008020999957807362,0.0010116999910678715,5.269999383017421e-05,0.04794439999386668,0.04017029999522492,0.030764800001634285,0.003040600015083328,0.0032606999739073217,0.012834599998313934,0.002984199993079528,0.00010740000288933516
1.0,Weighted LP3 ($ 	heta $ Only),14,147,0.0,,1,0,0,0,0.0,0.0,100.0,0.0008292999991681427,0.001479400001699105,0.00044319999869912863,0.042508100013947114,0.05015190000995062,0.03198649999103509,0.0030802999972365797,0.0028495000151451677,0.0028264000138733536,0.0032134999928530306,0.00012889999197795987
1.0,Weighted LP3 ($ 	heta $ Only),15,162,0.0,,0,0,0,0,0.0,0.0,100.0,0.004972899972926825,0.0011644999904092401,6.050002411939204e-05,0.040093100018566474,0.05217469998751767,0.034025600005406886,0.003031500003999099,0.003494700009468943,0.007299299992155284,0.0029075000202283263,0.00010979999206028879
1.0,Weighted LP3 ($ 	heta $ Only),16,178,0.0,,0,0,0,0,0.0,0.0,100.0,0.0007892999856267124,0.0009465999901294708,5.220001912675798e-05,0.036499899986665696,0.05731880001258105,0.020812400005524978,0.003471499978331849,0.004806599987205118,0.003926600009435788,0.0028049999964423478,0.00010800000745803118
1.0,Weighted LP3 ($ 	heta $ Only),17,195,0.0,,2,0,0,0,0.0,0.0,100.0,0.0006415999960154295,0.0009316999930888414,0.00011580000864341855,0.03552269999636337,0.04697599998326041,0.031975300022168085,0.002702900004805997,0.002612199983559549,0.0065839999879244715,0.0025397999852430075,9.980000322684646e-05
1.0,Weighted LP3 ($ 	heta $ Only),18,213,0.0,,0,0,0,0,0.0,0.0,100.0,0.000659500015899539,0.000867400027345866,4.630000330507755e-05,0.038144599995575845,0.05241160001605749,0.030824499990558252,0.0034097000025212765,0.005189899995457381,0.004166900005657226,0.002781699993647635,0.00010699999984353781
1.0,Weighted LP3 ($ 	heta $ Only),19,232,0.0,,2,0,0,0,0.0,0.0,100.0,0.00090819998877123,0.0009113999840337783,0.00011720001930370927,0.04203470001812093,0.050689199997577816,0.022147699986817315,0.006125799991423264,0.0032430999854113907,0.0029981000116094947,0.002520700014429167,0.00010269999620504677
1.0,Weighted LP3 ($ 	heta $ Only),20,252,0.0,,2,0,0,0,0.0,0.0,100.0,0.000645600026473403,0.0008827999990899116,0.00011220001033507288,0.03398310000193305,0.05058199999621138,0.022245500003919005,0.002598999999463558,0.0024646999954711646,0.0024582000041846186,0.002976199990371242,9.90999978967011e-05
1.0,Weighted LP3 ($ 	heta $ Only),21,273,0.0,,0,0,0,0,0.0,0.0,100.0,0.001488900015829131,0.0015530000091530383,6.600000779144466e-05,0.042340399988461286,0.06622999999672174,0.030612299975473434,0.0035749000089708716,0.0055395999806933105,0.004766500002006069,0.0033156999852508307,0.00018339999951422215
1.0,Weighted LP3 ($ 	heta $ Only),22,295,0.0,,5,0,0,0,0.0,0.0,100.0,0.0006509000086225569,0.0008873000042513013,0.00010730000212788582,0.11064319999422878,0.038104800012661144,0.024819500016747043,0.0029424999956972897,0.002236200001789257,0.0022115999890957028,0.002217400004155934,0.00014069999451749027
1.0,Weighted LP3 ($ 	heta $ Only),23,318,0.0,,2,0,0,0,0.0,0.0,100.0,0.0021155000140424818,0.0010344999900553375,0.0001157999795395881,0.030774799990467727,0.05974230001447722,0.0413031000061892,0.002790900005493313,0.0025793999957386404,0.0032950000022538006,0.0024862000136636198,0.00010000000474974513
1.0,Weighted LP3 ($ 	heta $ Only),24,342,0.0,,0,0,0,0,0.0,0.0,100.0,0.0006422000005841255,0.0018469000060576946,6.630001007579267e-05,0.03735170001164079,0.05156250001164153,0.024762899993220344,0.0031820999865885824,0.003045599994948134,0.00492329997359775,0.0040373999800067395,0.00010989999282173812
1.0,Weighted LP3 ($ 	heta $ Only),25,367,0.0,,4,0,0,0,0.0,0.0,100.0,0.0012993999989703298,0.0008843000105116516,0.00012579999747686088,0.0317526999861002,0.048265499994158745,0.021627800015266985,0.002236200001789257,0.002125700004398823,0.004237900022417307,0.0029458999924827367,0.00015089998487383127
1.0,Weighted LP3 ($ 	heta $ Only),26,393,0.0,,6,0,0,0,0.0,0.0,100.0,0.0006484999903477728,0.0008708999957889318,0.00010619999375194311,0.032588700007181615,0.04541659998358227,0.025183399993693456,0.004360899998573586,0.0020899999944958836,0.0019791999948211014,0.0019520000205375254,0.00012509999214671552
1.0,Weighted LP3 ($ 	heta $ Only),27,420,0.0,,0,0,0,0,0.0,0.0,100.0,0.000656700023682788,0.001530599984107539,5.3499999921768904e-05,0.03554179999628104,0.07717410000623204,0.03011530000367202,0.0030777000065427274,0.005247699999017641,0.005186599999433383,0.0034057000011671335,0.00010839998139999807
1.0,Weighted LP3 ($ 	heta $ Only),28,448,0.0,,3,0,0,0,0.0,0.0,100.0,0.0006433999806176871,0.0008319999906234443,0.00011580000864341855,0.035420100000919774,0.04474920002394356,0.020181300002150238,0.0023902999819256365,0.002259300003061071,0.0022521999781019986,0.0029294999840203673,0.000159099989105016
1.0,Weighted LP3 ($ 	heta $ Only),29,477,0.0,,3,0,0,0,0.0,0.0,100.0,0.0006436000112444162,0.000827899988507852,0.0001126999850384891,0.028573399991728365,0.06409159998293035,0.056069300015224144,0.007074900000588968,0.004496400011703372,0.004434800008311868,0.008106299996143207,0.00016650001634843647
1.0,Weighted LP3 ($ 	heta $ Only),30,507,0.0,,2,0,0,0,0.0,0.0,100.0,0.0006744999845977873,0.000834699982078746,0.00012119999155402184,0.05381379998289049,0.0506327000039164,0.017905500018969178,0.003018599993083626,0.0033748999994713813,0.004237799992552027,0.0029187000181991607,0.00017109999316744506
1.0,Weighted LP3 ($ 	heta $ Only),31,538,0.0,,2,0,0,0,0.0,0.0,100.0,0.0006544000061694533,0.0009914000111166388,0.00011720001930370927,0.036474900000030175,0.05591419999836944,0.025396800017915666,0.004444599995622411,0.0028824000037275255,0.0028586999978870153,0.0028569000132847577,0.0001674999948590994
1.0,Weighted LP3 ($ 	heta $ Only),32,570,0.0,,2,0,0,0,0.0,0.0,100.0,0.0007909999985713512,0.000966899999184534,0.0001218999968841672,0.0394656999851577,0.0528102999960538,0.014710699993884191,0.003553299990016967,0.002453199995215982,0.002447500010021031,0.0024408000172115862,9.23000043258071e-05
1.0,Weighted LP3 ($ 	heta $ Only),33,603,0.0,,0,0,0,0,0.0,0.0,100.0,0.0006479999865405262,0.0009441000001970679,4.640000406652689e-05,0.031059600005391985,0.05600149999372661,0.03838579999865033,0.003144699992844835,0.002806600008625537,0.006560100009664893,0.004138599993893877,0.00012279997463338077
1.0,Weighted LP3 ($ 	heta $ Only),34,637,0.0,,2,0,0,0,0.0,0.0,100.0,0.001122899993788451,0.0011490000179037452,0.00014700001338496804,0.03816199998254888,0.04702479997649789,0.02669239998795092,0.0064885000174399465,0.0025738000113051385,0.0025268000026699156,0.0032026999979279935,9.950000094249845e-05
1.0,Weighted LP3 ($ 	heta $ Only),35,672,0.0,,3,0,0,0,0.0,0.0,100.0,0.0008291999984066933,0.003144699992844835,0.0003259000077378005,0.03558830000110902,0.04346029998851009,0.017428899998776615,0.002823499991791323,0.0026997000095434487,0.0026757000014185905,0.0032452000014018267,0.00015570002142339945
1.0,Weighted LP3 ($ 	heta $ Only),36,708,0.0,,0,0,0,0,0.0,0.0,100.0,0.001142900000559166,0.0015278999926522374,6.290001329034567e-05,0.04227209999226034,0.05658080001012422,0.029483599995728582,0.004342000000178814,0.002822899987222627,0.00280470002326183,0.0028006999928038567,0.00010450000991113484
1.0,Weighted LP3 ($ 	heta $ Only),37,745,0.0,,1,0,0,0,0.0,0.0,100.0,0.0006655000033788383,0.0009553999989293516,0.0003285999991931021,0.0265058999939356,0.05108259999542497,0.030776400002650917,0.0032275999838020653,0.0050632000202313066,0.004625100002158433,0.002969900000607595,0.00016489997506141663
1.0,Weighted LP3 ($ 	heta $ Only),38,783,0.0,,0,0,0,0,0.0,0.0,100.0,0.0007997999782674015,0.0012447999906726182,4.810001701116562e-05,0.04062459999113344,0.05952690000412986,0.02745280001545325,0.0042292000143788755,0.004499100003158674,0.009272800001781434,0.0069469000154640526,0.00027150000096298754
1.0,Weighted LP3 ($ 	heta $ Only),39,822,0.0,,0,0,0,0,0.0,0.0,100.0,0.0031857999856583774,0.002306099981069565,6.75999908708036e-05,0.07075869999243878,0.05698799999663606,0.024619000003440306,0.0034354999952483922,0.0033602999756112695,0.008018699998501688,0.002994099981151521,0.00010839998139999807
1.0,Weighted LP3 ($ 	heta $ Only),40,862,0.0,,3,0,0,0,0.0,0.0,100.0,0.0007907999970484525,0.0009922999888658524,0.00013970001600682735,0.03490050000254996,0.040928500005975366,0.02093960001366213,0.0037329000188037753,0.002693999995244667,0.0028027999796904624,0.0026348000101279467,9.519999730400741e-05
1.0,Weighted LP3 ($ 	heta $ Only),41,903,0.0,,0,0,0,0,0.0,0.0,100.0,0.0006533999985549599,0.0009624999947845936,4.6999979531392455e-05,0.030823999986751005,0.057490000006509945,0.02666750000207685,0.004593599995132536,0.00547160001588054,0.0033190000103786588,0.00332330001401715,0.00018539998563937843
1.0,Weighted LP3 ($ 	heta $ Only),42,945,0.0,,0,0,0,0,0.0,0.0,100.0,0.0006417999975383282,0.0018213000148534775,7.189999450929463e-05,0.03709220001474023,0.05051349999848753,0.0205304000119213,0.0029409000126179308,0.003491499985102564,0.004719799995655194,0.003313299996079877,0.0001863999932538718
1.0,Weighted LP3 ($ 	heta $ Only),43,988,0.0,,3,0,0,0,0.0,0.0,100.0,0.0006509999802801758,0.0009149000106845051,0.00011190000805072486,0.03527569997822866,0.14575490000424907,0.019085100007941946,0.003236099990317598,0.0035918999928981066,0.003011499997228384,0.002237899985630065,8.980001439340413e-05
1.0,Weighted LP3 ($ 	heta $ Only),44,1032,0.0,,2,0,0,0,0.0,0.0,100.0,0.0006521999894175678,0.0008569000056013465,0.00011490000179037452,0.03730809999979101,0.04675850001513027,0.025995900010457262,0.0027941000007558614,0.00488039999618195,0.004837900021811947,0.004441400000359863,0.0002496000088285655
1.0,Weighted LP3 ($ 	heta $ Only),45,1077,0.0,,3,0,0,0,0.0,0.0,100.0,0.0011651999957393855,0.003065900004003197,0.0002618000144138932,0.04296649998286739,0.04792569999699481,0.02748530000098981,0.002980199991725385,0.0036877999955322593,0.004334600002039224,0.002655299991602078,0.00016140000661835074
1.0,Weighted LP3 ($ 	heta $ Only),46,1123,0.0,,1,0,0,0,0.0,0.0,100.0,0.0006570999976247549,0.0008754000009503216,0.00011950000771321356,0.0481368999753613,0.05521770002087578,0.02599490000284277,0.003369899990502745,0.003210999973816797,0.0037060999893583357,0.004581700020935386,0.0002552999940235168
1.0,Weighted LP3 ($ 	heta $ Only),47,1170,0.0,,0,0,0,0,0.0,0.0,100.0,0.0006606999959331006,0.0009479000000283122,4.879999323748052e-05,0.038055499986512586,0.07382950000464916,0.030879099998855963,0.00756210001418367,0.0036429000028874725,0.003068099991651252,0.006435900024371222,0.00019309998606331646
1.0,Weighted LP3 ($ 	heta $ Only),48,1218,0.0,,0,0,0,0,0.0,0.0,100.0,0.0008017000218387693,0.0009444000024814159,4.8200017772614956e-05,0.03740139998262748,0.04734190000453964,0.02597839999361895,0.00914000000921078,0.003077600005781278,0.003045599994948134,0.003045599994948134,0.000148899998748675
1.0,Weighted LP3 ($ 	heta $ Only),49,1267,0.0,,1,0,0,0,0.0,0.0,100.0,0.002574500016635284,0.0035764999920502305,0.00016729999333620071,0.03733900000224821,0.05579549999674782,0.052098299987846985,0.004662199993617833,0.002604899986181408,0.002597000013338402,0.0026070000021718442,0.00010199999087490141
1.0,Borda LP3 ($ 	heta $ Only),0,42,0.0,,0,0,0,0,0.0,0.0,100.0,0.0024375999928452075,0.003261300007579848,8.949998300522566e-05,0.05049560000770725,0.06473320000804961,0.06048619997454807,0.003074200008995831,0.0035472000017762184,0.0028355999966152012,0.0033822999976109713,0.0005011000030208379
1.0,Borda LP3 ($ 	heta $ Only),1,43,0.0,,0,0,0,0,0.0,0.0,100.0,0.0019915000011678785,0.0009748000011313707,4.839999019168317e-05,0.03520270000444725,0.07118410000111908,0.022200899984454736,0.002973299997393042,0.002814000006765127,0.003558700002031401,0.0033594999986235052,0.00010859998292289674
1.0,Borda LP3 ($ 	heta $ Only),2,45,0.0,,2,0,0,0,0.0,0.0,100.0,0.0032017999910749495,0.0008914999780245125,0.00011980000999756157,0.03266920000896789,0.050641799985896796,0.020641000010073185,0.0071622999967075884,0.0024867999891284853,0.0024738000065553933,0.002505700016627088,0.00010420000762678683
1.0,Borda LP3 ($ 	heta $ Only),3,48,0.0,,0,0,0,0,0.0,0.0,100.0,0.001246999978320673,0.0018711000157054514,9.68000094871968e-05,0.04408630001125857,0.06030270000337623,0.022593600006075576,0.003703700000187382,0.004901899985270575,0.003420399996684864,0.003405900002690032,0.00018599999020807445
1.0,Borda LP3 ($ 	heta $ Only),4,52,0.0,,2,0,0,0,0.0,0.0,100.0,0.0006458999996539205,0.0009994000138249248,0.00021669999114237726,0.041625100013334304,0.05532179999863729,0.02071460001752712,0.0035687000199686736,0.0027923999878112227,0.006998500000918284,0.0029279000009410083,0.00016830000095069408
1.0,Borda LP3 ($ 	heta $ Only),5,57,0.0,,4,0,0,0,0.0,0.0,100.0,0.0006611999997403473,0.0008899999957066029,0.00011260001338087022,0.033333899977151304,0.04321689999778755,0.018050899991067126,0.002534699975512922,0.0023893000034149736,0.0023815000022295862,0.002365699998335913,0.00010460001067258418
1.0,Borda LP3 ($ 	heta $ Only),6,63,0.0,,4,0,0,0,0.0,0.0,100.0,0.0007143999973777682,0.0019702000136021525,0.0002641000028233975,0.03689600000507198,0.045884500024840236,0.03158009998151101,0.0027592999977059662,0.002412200003163889,0.002415299997664988,0.002413799986243248,0.0001509999856352806
1.0,Borda LP3 ($ 	heta $ Only),7,70,0.0,,2,0,0,0,0.0,0.0,100.0,0.0006735999777447432,0.0010913000151049346,0.00011619998258538544,0.043534900003578514,0.05698110000230372,0.04139269998995587,0.004716499999631196,0.003288799984147772,0.002425600017886609,0.002404800005024299,9.240000508725643e-05
1.0,Borda LP3 ($ 	heta $ Only),8,78,0.0,,2,0,0,0,0.0,0.0,100.0,0.000658600009046495,0.0008717000018805265,0.0001078000059351325,0.04740520002087578,0.04930480002076365,0.02858760001254268,0.004300300002796575,0.002861600019969046,0.002831799996783957,0.0028328000043984503,0.0001674000232014805
1.0,Borda LP3 ($ 	heta $ Only),9,87,0.0,,0,0,0,0,0.0,0.0,100.0,0.0006402999861165881,0.0015141999756451696,4.859999171458185e-05,0.04215589998057112,0.061195399990538135,0.030864400003338233,0.0036112999951001257,0.0034613999887369573,0.003980699984822422,0.0034576999896671623,0.00010969999129883945
1.0,Borda LP3 ($ 	heta $ Only),10,97,0.0,,2,0,0,0,0.0,0.0,100.0,0.00339579998399131,0.0008809000137262046,0.00012359998072497547,0.041923999990103766,0.04910159998689778,0.02375160000519827,0.005166799994185567,0.0026092000189237297,0.0025507000100333244,0.0025357999838888645,0.00010010000551119447
1.0,Borda LP3 ($ 	heta $ Only),11,108,0.0,,0,0,0,0,0.0,0.0,100.0,0.0006501000025309622,0.0010200999968219548,4.880002234131098e-05,0.04556090000551194,0.05283739999867976,0.01950209998176433,0.005964700016193092,0.0033360000234097242,0.003275399998528883,0.0033069000055547804,0.00019419999443925917
1.0,Borda LP3 ($ 	heta $ Only),12,120,0.0,,0,0,0,0,0.0,0.0,100.0,0.0010738999990280718,0.0008754000009503216,4.719998105429113e-05,0.04229849998955615,0.06429000000935048,0.02829580000252463,0.003059700015000999,0.0029455999901983887,0.0033995000121649355,0.007296700001461431,0.00010930001735687256
1.0,Borda LP3 ($ 	heta $ Only),13,133,0.0,,0,0,0,0,0.0,0.0,100.0,0.0008020999957807362,0.0010116999910678715,5.269999383017421e-05,0.04794439999386668,0.04017029999522492,0.030764800001634285,0.003040600015083328,0.0032606999739073217,0.012834599998313934,0.002984199993079528,0.00010740000288933516
1.0,Borda LP3 ($ 	heta $ Only),14,147,0.0,,1,0,0,0,0.0,0.0,100.0,0.0008292999991681427,0.001479400001699105,0.00044319999869912863,0.042508100013947114,0.05015190000995062,0.03198649999103509,0.0030802999972365797,0.0028495000151451677,0.0028264000138733536,0.0032134999928530306,0.00012889999197795987
1.0,Borda LP3 ($ 	heta $ Only),15,162,0.0,,0,0,0,0,0.0,0.0,100.0,0.004972899972926825,0.0011644999904092401,6.050002411939204e-05,0.040093100018566474,0.05217469998751767,0.034025600005406886,0.003031500003999099,0.003494700009468943,0.007299299992155284,0.0029075000202283263,0.00010979999206028879
1.0,Borda LP3 ($ 	heta $ Only),16,178,0.0,,0,0,0,0,0.0,0.0,100.0,0.0007892999856267124,0.0009465999901294708,5.220001912675798e-05,0.036499899986665696,0.05731880001258105,0.020812400005524978,0.003471499978331849,0.004806599987205118,0.003926600009435788,0.0028049999964423478,0.00010800000745803118
1.0,Borda LP3 ($ 	heta $ Only),17,195,0.0,,2,0,0,0,0.0,0.0,100.0,0.0006415999960154295,0.0009316999930888414,0.00011580000864341855,0.03552269999636337,0.04697599998326041,0.031975300022168085,0.002702900004805997,0.002612199983559549,0.0065839999879244715,0.0025397999852430075,9.980000322684646e-05
1.0,Borda LP3 ($ 	heta $ Only),18,213,0.0,,0,0,0,0,0.0,0.0,100.0,0.000659500015899539,0.000867400027345866,4.630000330507755e-05,0.038144599995575845,0.05241160001605749,0.030824499990558252,0.0034097000025212765,0.005189899995457381,0.004166900005657226,0.002781699993647635,0.00010699999984353781
1.0,Borda LP3 ($ 	heta $ Only),19,232,0.0,,2,0,0,0,0.0,0.0,100.0,0.00090819998877123,0.0009113999840337783,0.00011720001930370927,0.04203470001812093,0.050689199997577816,0.022147699986817315,0.006125799991423264,0.0032430999854113907,0.0029981000116094947,0.002520700014429167,0.00010269999620504677
1.0,Borda LP3 ($ 	heta $ Only),20,252,0.0,,2,0,0,0,0.0,0.0,100.0,0.000645600026473403,0.0008827999990899116,0.00011220001033507288,0.03398310000193305,0.05058199999621138,0.022245500003919005,0.002598999999463558,0.0024646999954711646,0.0024582000041846186,0.002976199990371242,9.90999978967011e-05
1.0,Borda LP3 ($ 	heta $ Only),21,273,0.0,,0,0,0,0,0.0,0.0,100.0,0.001488900015829131,0.0015530000091530383,6.600000779144466e-05,0.042340399988461286,0.06622999999672174,0.030612299975473434,0.0035749000089708716,0.0055395999806933105,0.004766500002006069,0.0033156999852508307,0.00018339999951422215
1.0,Borda LP3 ($ 	heta $ Only),22,295,0.0,,5,0,0,0,0.0,0.0,100.0,0.0006509000086225569,0.0008873000042513013,0.00010730000212788582,0.11064319999422878,0.038104800012661144,0.024819500016747043,0.0029424999956972897,0.002236200001789257,0.0022115999890957028,0.002217400004155934,0.00014069999451749027
1.0,Borda LP3 ($ 	heta $ Only),23,318,0.0,,2,0,0,0,0.0,0.0,100.0,0.0021155000140424818,0.0010344999900553375,0.0001157999795395881,0.030774799990467727,0.05974230001447722,0.0413031000061892,0.002790900005493313,0.0025793999957386404,0.0032950000022538006,0.0024862000136636198,0.00010000000474974513
1.0,Borda LP3 ($ 	heta $ Only),24,342,0.0,,0,0,0,0,0.0,0.0,100.0,0.0006422000005841255,0.0018469000060576946,6.630001007579267e-05,0.03735170001164079,0.05156250001164153,0.024762899993220344,0.0031820999865885824,0.003045599994948134,0.00492329997359775,0.0040373999800067395,0.00010989999282173812
1.0,Borda LP3 ($ 	heta $ Only),25,367,0.0,,4,0,0,0,0.0,0.0,100.0,0.0012993999989703298,0.0008843000105116516,0.00012579999747686088,0.0317526999861002,0.048265499994158745,0.021627800015266985,0.002236200001789257,0.002125700004398823,0.004237900022417307,0.0029458999924827367,0.00015089998487383127
1.0,Borda LP3 ($ 	heta $ Only),26,393,0.0,,6,0,0,0,0.0,0.0,100.0,0.0006484999903477728,0.0008708999957889318,0.00010619999375194311,0.032588700007181615,0.04541659998358227,0.025183399993693456,0.004360899998573586,0.0020899999944958836,0.0019791999948211014,0.0019520000205375254,0.00012509999214671552
1.0,Borda LP3 ($ 	heta $ Only),27,420,0.0,,0,0,0,0,0.0,0.0,100.0,0.000656700023682788,0.001530599984107539,5.3499999921768904e-05,0.03554179999628104,0.07717410000623204,0.03011530000367202,0.0030777000065427274,0.005247699999017641,0.005186599999433383,0.0034057000011671335,0.00010839998139999807
1.0,Borda LP3 ($ 	heta $ Only),28,448,0.0,,3,0,0,0,0.0,0.0,100.0,0.0006433999806176871,0.0008319999906234443,0.00011580000864341855,0.035420100000919774,0.04474920002394356,0.020181300002150238,0.0023902999819256365,0.002259300003061071,0.0022521999781019986,0.0029294999840203673,0.000159099989105016
1.0,Borda LP3 ($ 	heta $ Only),29,477,0.0,,3,0,0,0,0.0,0.0,100.0,0.0006436000112444162,0.000827899988507852,0.0001126999850384891,0.028573399991728365,0.06409159998293035,0.056069300015224144,0.007074900000588968,0.004496400011703372,0.004434800008311868,0.008106299996143207,0.00016650001634843647
1.0,Borda LP3 ($ 	heta $ Only),30,507,0.0,,2,0,0,0,0.0,0.0,100.0,0.0006744999845977873,0.000834699982078746,0.00012119999155402184,0.05381379998289049,0.0506327000039164,0.017905500018969178,0.003018599993083626,0.0033748999994713813,0.004237799992552027,0.0029187000181991607,0.00017109999316744506
1.0,Borda LP3 ($ 	heta $ Only),31,538,0.0,,2,0,0,0,0.0,0.0,100.0,0.0006544000061694533,0.0009914000111166388,0.00011720001930370927,0.036474900000030175,0.05591419999836944,0.025396800017915666,0.004444599995622411,0.0028824000037275255,0.0028586999978870153,0.0028569000132847577,0.0001674999948590994
1.0,Borda LP3 ($ 	heta $ Only),32,570,0.0,,2,0,0,0,0.0,0.0,100.0,0.0007909999985713512,0.000966899999184534,0.0001218999968841672,0.0394656999851577,0.0528102999960538,0.014710699993884191,0.003553299990016967,0.002453199995215982,0.002447500010021031,0.0024408000172115862,9.23000043258071e-05
1.0,Borda LP3 ($ 	heta $ Only),33,603,0.0,,0,0,0,0,0.0,0.0,100.0,0.0006479999865405262,0.0009441000001970679,4.640000406652689e-05,0.031059600005391985,0.05600149999372661,0.03838579999865033,0.003144699992844835,0.002806600008625537,0.006560100009664893,0.004138599993893877,0.00012279997463338077
1.0,Borda LP3 ($ 	heta $ Only),34,637,0.0,,2,0,0,0,0.0,0.0,100.0,0.001122899993788451,0.0011490000179037452,0.00014700001338496804,0.03816199998254888,0.04702479997649789,0.02669239998795092,0.0064885000174399465,0.0025738000113051385,0.0025268000026699156,0.0032026999979279935,9.950000094249845e-05
1.0,Borda LP3 ($ 	heta $ Only),35,672,0.0,,3,0,0,0,0.0,0.0,100.0,0.0008291999984066933,0.003144699992844835,0.0003259000077378005,0.03558830000110902,0.04346029998851009,0.017428899998776615,0.002823499991791323,0.0026997000095434487,0.0026757000014185905,0.0032452000014018267,0.00015570002142339945
1.0,Borda LP3 ($ 	heta $ Only),36,708,0.0,,0,0,0,0,0.0,0.0,100.0,0.001142900000559166,0.0015278999926522374,6.290001329034567e-05,0.04227209999226034,0.05658080001012422,0.029483599995728582,0.004342000000178814,0.002822899987222627,0.00280470002326183,0.0028006999928038567,0.00010450000991113484
1.0,Borda LP3 ($ 	heta $ Only),37,745,0.0,,1,0,0,0,0.0,0.0,100.0,0.0006655000033788383,0.0009553999989293516,0.0003285999991931021,0.0265058999939356,0.05108259999542497,0.030776400002650917,0.0032275999838020653,0.0050632000202313066,0.004625100002158433,0.002969900000607595,0.00016489997506141663
1.0,Borda LP3 ($ 	heta $ Only),38,783,0.0,,0,0,0,0,0.0,0.0,100.0,0.0007997999782674015,0.0012447999906726182,4.810001701116562e-05,0.04062459999113344,0.05952690000412986,0.02745280001545325,0.0042292000143788755,0.004499100003158674,0.009272800001781434,0.0069469000154640526,0.00027150000096298754
1.0,Borda LP3 ($ 	heta $ Only),39,822,0.0,,0,0,0,0,0.0,0.0,100.0,0.0031857999856583774,0.002306099981069565,6.75999908708036e-05,0.07075869999243878,0.05698799999663606,0.024619000003440306,0.0034354999952483922,0.0033602999756112695,0.008018699998501688,0.002994099981151521,0.00010839998139999807
1.0,Borda LP3 ($ 	heta $ Only),40,862,0.0,,3,0,0,0,0.0,0.0,100.0,0.0007907999970484525,0.0009922999888658524,0.00013970001600682735,0.03490050000254996,0.040928500005975366,0.02093960001366213,0.0037329000188037753,0.002693999995244667,0.0028027999796904624,0.0026348000101279467,9.519999730400741e-05
1.0,Borda LP3 ($ 	heta $ Only),41,903,0.0,,0,0,0,0,0.0,0.0,100.0,0.0006533999985549599,0.0009624999947845936,4.6999979531392455e-05,0.030823999986751005,0.057490000006509945,0.02666750000207685,0.004593599995132536,0.00547160001588054,0.0033190000103786588,0.00332330001401715,0.00018539998563937843
1.0,Borda LP3 ($ 	heta $ Only),42,945,0.0,,0,0,0,0,0.0,0.0,100.0,0.0006417999975383282,0.0018213000148534775,7.189999450929463e-05,0.03709220001474023,0.05051349999848753,0.0205304000119213,0.0029409000126179308,0.003491499985102564,0.004719799995655194,0.003313299996079877,0.0001863999932538718
1.0,Borda LP3 ($ 	heta $ Only),43,988,0.0,,3,0,0,0,0.0,0.0,100.0,0.0006509999802801758,0.0009149000106845051,0.00011190000805072486,0.03527569997822866,0.14575490000424907,0.019085100007941946,0.003236099990317598,0.0035918999928981066,0.003011499997228384,0.002237899985630065,8.980001439340413e-05
1.0,Borda LP3 ($ 	heta $ Only),44,1032,0.0,,2,0,0,0,0.0,0.0,100.0,0.0006521999894175678,0.0008569000056013465,0.00011490000179037452,0.03730809999979101,0.04675850001513027,0.025995900010457262,0.0027941000007558614,0.00488039999618195,0.004837900021811947,0.004441400000359863,0.0002496000088285655
1.0,Borda LP3 ($ 	heta $ Only),45,1077,0.0,,3,0,0,0,0.0,0.0,100.0,0.0011651999957393855,0.003065900004003197,0.0002618000144138932,0.04296649998286739,0.04792569999699481,0.02748530000098981,0.002980199991725385,0.0036877999955322593,0.004334600002039224,0.002655299991602078,0.00016140000661835074
1.0,Borda LP3 ($ 	heta $ Only),46,1123,0.0,,1,0,0,0,0.0,0.0,100.0,0.0006570999976247549,0.0008754000009503216,0.00011950000771321356,0.0481368999753613,0.05521770002087578,0.02599490000284277,0.003369899990502745,0.003210999973816797,0.0037060999893583357,0.004581700020935386,0.0002552999940235168
1.0,Borda LP3 ($ 	heta $ Only),47,1170,0.0,,0,0,0,0,0.0,0.0,100.0,0.0006606999959331006,0.0009479000000283122,4.879999323748052e-05,0.038055499986512586,0.07382950000464916,0.030879099998855963,0.00756210001418367,0.0036429000028874725,0.003068099991651252,0.006435900024371222,0.00019309998606331646
1.0,Borda LP3 ($ 	heta $ Only),48,1218,0.0,,0,0,0,0,0.0,0.0,100.0,0.0008017000218387693,0.0009444000024814159,4.8200017772614956e-05,0.03740139998262748,0.04734190000453964,0.02597839999361895,0.00914000000921078,0.003077600005781278,0.003045599994948134,0.003045599994948134,0.000148899998748675
1.0,Borda LP3 ($ 	heta $ Only),49,1267,0.0,,1,0,0,0,0.0,0.0,100.0,0.002574500016635284,0.0035764999920502305,0.00016729999333620071,0.03733900000224821,0.05579549999674782,0.052098299987846985,0.004662199993617833,0.002604899986181408,0.002597000013338402,0.0026070000021718442,0.00010199999087490141
1.0,Linear BTL,0,42,,-21.727079590299013,0,1,0,1,,,,0.0024375999928452075,0.003261300007579848,8.949998300522566e-05,0.05049560000770725,0.06473320000804961,0.06048619997454807,0.003074200008995831,0.0035472000017762184,0.0028355999966152012,0.0033822999976109713,0.0005011000030208379
1.0,Linear BTL,1,43,,-26.24859202510708,0,2,0,2,,,,0.0019915000011678785,0.0009748000011313707,4.839999019168317e-05,0.03520270000444725,0.07118410000111908,0.022200899984454736,0.002973299997393042,0.002814000006765127,0.003558700002031401,0.0033594999986235052,0.00010859998292289674
1.0,Linear BTL,2,45,,-27.191813090260354,2,1,0,1,,,,0.0032017999910749495,0.0008914999780245125,0.00011980000999756157,0.03266920000896789,0.050641799985896796,0.020641000010073185,0.0071622999967075884,0.0024867999891284853,0.0024738000065553933,0.002505700016627088,0.00010420000762678683
1.0,Linear BTL,3,48,,-25.902363422248907,0,1,0,1,,,,0.001246999978320673,0.0018711000157054514,9.68000094871968e-05,0.04408630001125857,0.06030270000337623,0.022593600006075576,0.003703700000187382,0.004901899985270575,0.003420399996684864,0.003405900002690032,0.00018599999020807445
1.0,Linear BTL,4,52,,-27.25418597076228,2,1,0,1,,,,0.0006458999996539205,0.0009994000138249248,0.00021669999114237726,0.041625100013334304,0.05532179999863729,0.02071460001752712,0.0035687000199686736,0.0027923999878112227,0.006998500000918284,0.0029279000009410083,0.00016830000095069408
1.0,Linear BTL,5,57,,-26.189113835302052,4,1,0,1,,,,0.0006611999997403473,0.0008899999957066029,0.00011260001338087022,0.033333899977151304,0.04321689999778755,0.018050899991067126,0.002534699975512922,0.0023893000034149736,0.0023815000022295862,0.002365699998335913,0.00010460001067258418
1.0,Linear BTL,6,63,,-28.72438732406583,4,2,0,2,,,,0.0007143999973777682,0.0019702000136021525,0.0002641000028233975,0.03689600000507198,0.045884500024840236,0.03158009998151101,0.0027592999977059662,0.002412200003163889,0.002415299997664988,0.002413799986243248,0.0001509999856352806
1.0,Linear BTL,7,70,,-29.656644455477807,2,1,0,1,,,,0.0006735999777447432,0.0010913000151049346,0.00011619998258538544,0.043534900003578514,0.05698110000230372,0.04139269998995587,0.004716499999631196,0.003288799984147772,0.002425600017886609,0.002404800005024299,9.240000508725643e-05
1.0,Linear BTL,8,78,,-27.24271566744419,2,1,0,1,,,,0.000658600009046495,0.0008717000018805265,0.0001078000059351325,0.04740520002087578,0.04930480002076365,0.02858760001254268,0.004300300002796575,0.002861600019969046,0.002831799996783957,0.0028328000043984503,0.0001674000232014805
1.0,Linear BTL,9,87,,-19.949637000415276,0,1,0,1,,,,0.0006402999861165881,0.0015141999756451696,4.859999171458185e-05,0.04215589998057112,0.061195399990538135,0.030864400003338233,0.0036112999951001257,0.0034613999887369573,0.003980699984822422,0.0034576999896671623,0.00010969999129883945
1.0,Linear BTL,10,97,,-27.23677874836001,2,1,0,1,,,,0.00339579998399131,0.0008809000137262046,0.00012359998072497547,0.041923999990103766,0.04910159998689778,0.02375160000519827,0.005166799994185567,0.0026092000189237297,0.0025507000100333244,0.0025357999838888645,0.00010010000551119447
1.0,Linear BTL,11,108,,-23.3204414919916,0,1,0,1,,,,0.0006501000025309622,0.0010200999968219548,4.880002234131098e-05,0.04556090000551194,0.05283739999867976,0.01950209998176433,0.005964700016193092,0.0033360000234097242,0.003275399998528883,0.0033069000055547804,0.00019419999443925917
1.0,Linear BTL,12,120,,-25.227399859085548,0,2,0,2,,,,0.0010738999990280718,0.0008754000009503216,4.719998105429113e-05,0.04229849998955615,0.06429000000935048,0.02829580000252463,0.003059700015000999,0.0029455999901983887,0.0033995000121649355,0.007296700001461431,0.00010930001735687256
1.0,Linear BTL,13,133,,-17.974084158062123,0,0,0,0,,,,0.0008020999957807362,0.0010116999910678715,5.269999383017421e-05,0.04794439999386668,0.04017029999522492,0.030764800001634285,0.003040600015083328,0.0032606999739073217,0.012834599998313934,0.002984199993079528,0.00010740000288933516
1.0,Linear BTL,14,147,,-19.45404563023622,1,1,0,1,,,,0.0008292999991681427,0.001479400001699105,0.00044319999869912863,0.042508100013947114,0.05015190000995062,0.03198649999103509,0.0030802999972365797,0.0028495000151451677,0.0028264000138733536,0.0032134999928530306,0.00012889999197795987
1.0,Linear BTL,15,162,,-26.94793891752947,0,1,0,1,,,,0.004972899972926825,0.0011644999904092401,6.050002411939204e-05,0.040093100018566474,0.05217469998751767,0.034025600005406886,0.003031500003999099,0.003494700009468943,0.007299299992155284,0.0029075000202283263,0.00010979999206028879
1.0,Linear BTL,16,178,,-15.74363137534266,0,1,0,1,,,,0.0007892999856267124,0.0009465999901294708,5.220001912675798e-05,0.036499899986665696,0.05731880001258105,0.020812400005524978,0.003471499978331849,0.004806599987205118,0.003926600009435788,0.0028049999964423478,0.00010800000745803118
1.0,Linear BTL,17,195,,-20.792681612634073,2,1,0,1,,,,0.0006415999960154295,0.0009316999930888414,0.00011580000864341855,0.03552269999636337,0.04697599998326041,0.031975300022168085,0.002702900004805997,0.002612199983559549,0.0065839999879244715,0.0025397999852430075,9.980000322684646e-05
1.0,Linear BTL,18,213,,-17.136032820121947,0,0,0,0,,,,0.000659500015899539,0.000867400027345866,4.630000330507755e-05,0.038144599995575845,0.05241160001605749,0.030824499990558252,0.0034097000025212765,0.005189899995457381,0.004166900005657226,0.002781699993647635,0.00010699999984353781
1.0,Linear BTL,19,232,,-28.20192734545677,2,1,0,1,,,,0.00090819998877123,0.0009113999840337783,0.00011720001930370927,0.04203470001812093,0.050689199997577816,0.022147699986817315,0.006125799991423264,0.0032430999854113907,0.0029981000116094947,0.002520700014429167,0.00010269999620504677
1.0,Linear BTL,20,252,,-28.9309099245354,2,2,0,2,,,,0.000645600026473403,0.0008827999990899116,0.00011220001033507288,0.03398310000193305,0.05058199999621138,0.022245500003919005,0.002598999999463558,0.0024646999954711646,0.0024582000041846186,0.002976199990371242,9.90999978967011e-05
1.0,Linear BTL,21,273,,-27.236778935231012,0,0,0,0,,,,0.001488900015829131,0.0015530000091530383,6.600000779144466e-05,0.042340399988461286,0.06622999999672174,0.030612299975473434,0.0035749000089708716,0.0055395999806933105,0.004766500002006069,0.0033156999852508307,0.00018339999951422215
1.0,Linear BTL,22,295,,-27.982063360665485,5,0,0,0,,,,0.0006509000086225569,0.0008873000042513013,0.00010730000212788582,0.11064319999422878,0.038104800012661144,0.024819500016747043,0.0029424999956972897,0.002236200001789257,0.0022115999890957028,0.002217400004155934,0.00014069999451749027
1.0,Linear BTL,23,318,,-23.96980723908176,2,1,0,1,,,,0.0021155000140424818,0.0010344999900553375,0.0001157999795395881,0.030774799990467727,0.05974230001447722,0.0413031000061892,0.002790900005493313,0.0025793999957386404,0.0032950000022538006,0.0024862000136636198,0.00010000000474974513
1.0,Linear BTL,24,342,,-27.191813186101694,0,1,0,1,,,,0.0006422000005841255,0.0018469000060576946,6.630001007579267e-05,0.03735170001164079,0.05156250001164153,0.024762899993220344,0.0031820999865885824,0.003045599994948134,0.00492329997359775,0.0040373999800067395,0.00010989999282173812
1.0,Linear BTL,25,367,,-19.45915184177779,4,1,0,1,,,,0.0012993999989703298,0.0008843000105116516,0.00012579999747686088,0.0317526999861002,0.048265499994158745,0.021627800015266985,0.002236200001789257,0.002125700004398823,0.004237900022417307,0.0029458999924827367,0.00015089998487383127
1.0,Linear BTL,26,393,,-30.574575846475103,6,0,0,0,,,,0.0006484999903477728,0.0008708999957889318,0.00010619999375194311,0.032588700007181615,0.04541659998358227,0.025183399993693456,0.004360899998573586,0.0020899999944958836,0.0019791999948211014,0.0019520000205375254,0.00012509999214671552
1.0,Linear BTL,27,420,,-28.480470362654884,0,0,0,0,,,,0.000656700023682788,0.001530599984107539,5.3499999921768904e-05,0.03554179999628104,0.07717410000623204,0.03011530000367202,0.0030777000065427274,0.005247699999017641,0.005186599999433383,0.0034057000011671335,0.00010839998139999807
1.0,Linear BTL,28,448,,-29.42040530489892,3,0,0,0,,,,0.0006433999806176871,0.0008319999906234443,0.00011580000864341855,0.035420100000919774,0.04474920002394356,0.020181300002150238,0.0023902999819256365,0.002259300003061071,0.0022521999781019986,0.0029294999840203673,0.000159099989105016
1.0,Linear BTL,29,477,,-28.697015794930124,3,0,0,0,,,,0.0006436000112444162,0.000827899988507852,0.0001126999850384891,0.028573399991728365,0.06409159998293035,0.056069300015224144,0.007074900000588968,0.004496400011703372,0.004434800008311868,0.008106299996143207,0.00016650001634843647
1.0,Linear BTL,30,507,,-28.955186246847425,2,2,0,2,,,,0.0006744999845977873,0.000834699982078746,0.00012119999155402184,0.05381379998289049,0.0506327000039164,0.017905500018969178,0.003018599993083626,0.0033748999994713813,0.004237799992552027,0.0029187000181991607,0.00017109999316744506
1.0,Linear BTL,31,538,,-27.236778687849878,2,0,0,0,,,,0.0006544000061694533,0.0009914000111166388,0.00011720001930370927,0.036474900000030175,0.05591419999836944,0.025396800017915666,0.004444599995622411,0.0028824000037275255,0.0028586999978870153,0.0028569000132847577,0.0001674999948590994
1.0,Linear BTL,32,570,,-29.420405103518487,2,1,0,1,,,,0.0007909999985713512,0.000966899999184534,0.0001218999968841672,0.0394656999851577,0.0528102999960538,0.014710699993884191,0.003553299990016967,0.002453199995215982,0.002447500010021031,0.0024408000172115862,9.23000043258071e-05
1.0,Linear BTL,33,603,,-19.82577267559553,0,0,0,0,,,,0.0006479999865405262,0.0009441000001970679,4.640000406652689e-05,0.031059600005391985,0.05600149999372661,0.03838579999865033,0.003144699992844835,0.002806600008625537,0.006560100009664893,0.004138599993893877,0.00012279997463338077
1.0,Linear BTL,34,637,,-26.248591932922707,2,0,0,0,,,,0.001122899993788451,0.0011490000179037452,0.00014700001338496804,0.03816199998254888,0.04702479997649789,0.02669239998795092,0.0064885000174399465,0.0025738000113051385,0.0025268000026699156,0.0032026999979279935,9.950000094249845e-05
1.0,Linear BTL,35,672,,-28.69701575769096,3,0,0,0,,,,0.0008291999984066933,0.003144699992844835,0.0003259000077378005,0.03558830000110902,0.04346029998851009,0.017428899998776615,0.002823499991791323,0.0026997000095434487,0.0026757000014185905,0.0032452000014018267,0.00015570002142339945
1.0,Linear BTL,36,708,,-19.52946152894982,0,0,0,0,,,,0.001142900000559166,0.0015278999926522374,6.290001329034567e-05,0.04227209999226034,0.05658080001012422,0.029483599995728582,0.004342000000178814,0.002822899987222627,0.00280470002326183,0.0028006999928038567,0.00010450000991113484
1.0,Linear BTL,37,745,,-29.656644920110526,1,1,0,1,,,,0.0006655000033788383,0.0009553999989293516,0.0003285999991931021,0.0265058999939356,0.05108259999542497,0.030776400002650917,0.0032275999838020653,0.0050632000202313066,0.004625100002158433,0.002969900000607595,0.00016489997506141663
1.0,Linear BTL,38,783,,-22.40452211088663,0,0,0,0,,,,0.0007997999782674015,0.0012447999906726182,4.810001701116562e-05,0.04062459999113344,0.05952690000412986,0.02745280001545325,0.0042292000143788755,0.004499100003158674,0.009272800001781434,0.0069469000154640526,0.00027150000096298754
1.0,Linear BTL,39,822,,-26.70368091399212,0,0,0,0,,,,0.0031857999856583774,0.002306099981069565,6.75999908708036e-05,0.07075869999243878,0.05698799999663606,0.024619000003440306,0.0034354999952483922,0.0033602999756112695,0.008018699998501688,0.002994099981151521,0.00010839998139999807
1.0,Linear BTL,40,862,,-24.196408563650607,3,0,0,0,,,,0.0007907999970484525,0.0009922999888658524,0.00013970001600682735,0.03490050000254996,0.040928500005975366,0.02093960001366213,0.0037329000188037753,0.002693999995244667,0.0028027999796904624,0.0026348000101279467,9.519999730400741e-05
1.0,Linear BTL,41,903,,-27.98206346016508,0,0,0,0,,,,0.0006533999985549599,0.0009624999947845936,4.6999979531392455e-05,0.030823999986751005,0.057490000006509945,0.02666750000207685,0.004593599995132536,0.00547160001588054,0.0033190000103786588,0.00332330001401715,0.00018539998563937843
1.0,Linear BTL,42,945,,-22.213977816081382,0,1,0,1,,,,0.0006417999975383282,0.0018213000148534775,7.189999450929463e-05,0.03709220001474023,0.05051349999848753,0.0205304000119213,0.0029409000126179308,0.003491499985102564,0.004719799995655194,0.003313299996079877,0.0001863999932538718
1.0,Linear BTL,43,988,,-29.651066602118377,3,0,0,0,,,,0.0006509999802801758,0.0009149000106845051,0.00011190000805072486,0.03527569997822866,0.14575490000424907,0.019085100007941946,0.003236099990317598,0.0035918999928981066,0.003011499997228384,0.002237899985630065,8.980001439340413e-05
1.0,Linear BTL,44,1032,,-27.74140171880661,2,1,0,1,,,,0.0006521999894175678,0.0008569000056013465,0.00011490000179037452,0.03730809999979101,0.04675850001513027,0.025995900010457262,0.0027941000007558614,0.00488039999618195,0.004837900021811947,0.004441400000359863,0.0002496000088285655
1.0,Linear BTL,45,1077,,-28.69701591032994,3,1,0,1,,,,0.0011651999957393855,0.003065900004003197,0.0002618000144138932,0.04296649998286739,0.04792569999699481,0.02748530000098981,0.002980199991725385,0.0036877999955322593,0.004334600002039224,0.002655299991602078,0.00016140000661835074
1.0,Linear BTL,46,1123,,-26.437224341124573,1,1,0,1,,,,0.0006570999976247549,0.0008754000009503216,0.00011950000771321356,0.0481368999753613,0.05521770002087578,0.02599490000284277,0.003369899990502745,0.003210999973816797,0.0037060999893583357,0.004581700020935386,0.0002552999940235168
1.0,Linear BTL,47,1170,,-24.086638923068687,0,1,0,1,,,,0.0006606999959331006,0.0009479000000283122,4.879999323748052e-05,0.038055499986512586,0.07382950000464916,0.030879099998855963,0.00756210001418367,0.0036429000028874725,0.003068099991651252,0.006435900024371222,0.00019309998606331646
1.0,Linear BTL,48,1218,,-18.557849809100745,0,2,0,2,,,,0.0008017000218387693,0.0009444000024814159,4.8200017772614956e-05,0.03740139998262748,0.04734190000453964,0.02597839999361895,0.00914000000921078,0.003077600005781278,0.003045599994948134,0.003045599994948134,0.000148899998748675
1.0,Linear BTL,49,1267,,-19.689705153291293,1,0,0,0,,,,0.002574500016635284,0.0035764999920502305,0.00016729999333620071,0.03733900000224821,0.05579549999674782,0.052098299987846985,0.004662199993617833,0.002604899986181408,0.002597000013338402,0.0026070000021718442,0.00010199999087490141
