phi,model,trial,seed,objective,loss_value,fas_size,num_violations,num_po_violations,num_pmc_violations,epsilon_l1_norm,epsilon_support_percentage,epsilon_sparsity,time_Data Generation,time_Graph Construction,time_Feedback Arc Set,time_LP2 Solve,time_Borda LP3 Solve,time_BTL Model Fitting,time_Old LP Evaluation,time_New LP Evaluation,time_Weighted LP3 Evaluation,time_Borda LP3 Evaluation,time_BTL Evaluation
0.0,LP2 ($ 	heta $ Only),0,42,0.0,,0,0,0,0,0.0,0.0,100.0,0.03519670001696795,0.19079880000208504,0.0010872000129893422,2.84062350000022,2.9551169000042137,21.341961199999787,0.6712946000043303,0.6019449000013992,0.5469946999801323,0.6320256000035442,0.005115299980388954
0.0,LP2 ($ 	heta $ Only),1,43,0.0,,0,0,0,0,0.0,0.0,100.0,0.02002380002522841,0.09829539997735992,0.0002612999815028161,1.6636657000053674,3.2066152000043076,20.657689199986635,0.6030431000108365,0.5801083999976981,0.8072032000054605,0.5765222000190988,0.009942300006514415
0.0,LP2 ($ 	heta $ Only),2,45,0.0,,0,0,0,0,0.0,0.0,100.0,0.018598199996631593,0.09213229999295436,0.00025519999326206744,1.6195749999897089,3.1399614000110887,17.546789999993052,0.7108422000019345,0.612368800007971,0.6510469999921042,0.5882572999980766,0.005196600017370656
0.0,LP2 ($ 	heta $ Only),3,48,0.0,,0,0,0,0,0.0,0.0,100.0,0.018945999996503815,0.10120180001831613,0.0002500999835319817,1.7216545999981463,3.482805300009204,17.752551799989305,0.615481799992267,0.7284871999872848,0.5697660000005271,0.5699528999975882,0.005360900016967207
0.0,LP2 ($ 	heta $ Only),4,52,0.0,,0,0,0,0,0.0,0.0,100.0,0.01513019998674281,0.08697790000587702,0.00026870000874623656,1.6562809000024572,2.9004923999891616,18.317507300002035,0.6692357999854721,0.5933309000101872,0.7098757000057958,0.8658746000146493,0.005141299974638969
0.0,LP2 ($ 	heta $ Only),5,57,0.0,,0,0,0,0,0.0,0.0,100.0,0.015092200017534196,0.08908679999876767,0.0002576999831944704,1.570841599983396,3.185183599998709,16.70490070001688,0.5885349999880418,0.6211915999883786,0.6068520999979228,0.5630271000263747,0.005129400000441819
0.0,LP2 ($ 	heta $ Only),6,63,0.0,,0,0,0,0,0.0,0.0,100.0,0.015770600002724677,0.10233009999501519,0.0002521999995224178,1.6258744000224397,2.8917315999860875,17.85738949998631,0.6425542999932077,0.6264857000205666,0.702020700002322,0.5877911999996286,0.006315800012089312
0.0,LP2 ($ 	heta $ Only),7,70,0.0,,0,0,0,0,0.0,0.0,100.0,0.018455400015227497,0.08249630001955666,0.00025469998945482075,1.6519058000121731,3.0836944000038784,17.977114999986952,0.6345852999947965,0.5676858999941032,0.6105359999928623,0.6234211999981198,0.005141999979969114
0.0,LP2 ($ 	heta $ Only),8,78,0.0,,0,0,0,0,0.0,0.0,100.0,0.01799110000138171,0.08153870000387542,0.0002468999882694334,1.7178527000069153,3.0822779999871273,19.082302299997536,0.5757594000024255,0.6739274999999907,0.7123647999833338,0.744781100016553,0.0051275000150781125
0.0,LP2 ($ 	heta $ Only),9,87,0.0,,0,0,0,0,0.0,0.0,100.0,0.02261789998738095,0.19015619999845512,0.0005107999895699322,1.6088196999917272,3.1746824999863748,18.003710999997566,0.6278030000103172,0.5733193999913055,0.574063500011107,0.6055215000233147,0.007266600005095825
0.0,LP2 ($ 	heta $ Only),10,97,0.0,,0,0,0,0,0.0,0.0,100.0,0.017299600003752857,0.08510369999567047,0.0005999000277370214,1.6723919000069145,3.0453319999796804,17.92883570000413,0.7743650999909732,0.5814514000085182,0.6111316999886185,0.6100211000011768,0.005124699993757531
0.0,LP2 ($ 	heta $ Only),11,108,0.0,,0,0,0,0,0.0,0.0,100.0,0.017781000002287328,0.10710200000903569,0.0002545999886933714,1.5623961000237614,2.968925199995283,17.757769999996526,0.6008946000074502,0.5700186000030953,0.6065012000035495,0.591333799995482,0.007408900011796504
0.0,LP2 ($ 	heta $ Only),12,120,0.0,,0,0,0,0,0.0,0.0,100.0,0.014954300015233457,0.2347029999946244,0.0002477999951224774,1.6495749999885447,3.293070899992017,21.51640100000077,0.5774028000014368,0.7465250999957789,0.7118789000087418,0.5935448999807704,0.00814869999885559
0.0,LP2 ($ 	heta $ Only),13,133,0.0,,0,0,0,0,0.0,0.0,100.0,0.020907800004351884,0.07783910000580363,0.0033241000201087445,1.7503921000170521,3.0498081000114325,22.23290630002157,0.805630699993344,0.8274347000115085,0.5703434000024572,0.5774156999832485,0.005340900010196492
0.0,LP2 ($ 	heta $ Only),14,147,0.0,,0,0,0,0,0.0,0.0,100.0,0.01687430002493784,0.08115969999926165,0.0002542999864090234,1.6366055000107735,3.2417724000115413,17.016846700018505,0.5842615000146907,0.5625002000015229,0.6227380999771412,0.5735758999944665,0.0051830999727826566
0.0,LP2 ($ 	heta $ Only),15,162,0.0,,0,0,0,0,0.0,0.0,100.0,0.017689200001768768,0.07716610000352375,0.0004262999864295125,1.7223573999945074,3.1284327000030316,16.58784459999879,0.6534438999951817,0.5895682999980636,0.7134870000008959,0.6451783000084106,0.00589680002303794
0.0,LP2 ($ 	heta $ Only),16,178,0.0,,0,0,0,0,0.0,0.0,100.0,0.015156199980992824,0.09626540000317618,0.0005963000003248453,1.5986589000094682,3.42967359998147,21.219552499998827,0.745979500003159,0.7151448999939021,0.9363191000011284,0.7143121999979485,0.005122400005348027
0.0,LP2 ($ 	heta $ Only),17,195,0.0,,0,0,0,0,0.0,0.0,100.0,0.018055599997751415,0.07691299999714829,0.0005802999949082732,1.5902929999865592,2.888153300009435,18.969230400020024,1.1350733000144828,1.0314702999894507,1.0109633000101894,0.9363855000119656,0.006272200000239536
0.0,LP2 ($ 	heta $ Only),18,213,0.0,,0,0,0,0,0.0,0.0,100.0,0.02046410000184551,0.1440815000096336,0.00025290000485256314,1.648659200000111,2.90852850000374,17.53424989999621,0.5416618000017479,0.529720599995926,0.6598294999857899,0.5534678999974858,0.005277899996144697
0.0,LP2 ($ 	heta $ Only),19,232,0.0,,0,0,0,0,0.0,0.0,100.0,0.01545169999008067,0.07123370000044815,0.0002480999974068254,1.5922285999986343,3.2745076999999583,16.29128380000475,0.7399058000009973,0.7750346000248101,0.5694863999960944,0.5648178999836091,0.00672660002601333
0.0,LP3 ($ 	heta $ Only),0,42,0.0,,0,0,0,0,0.0,0.0,100.0,0.03519670001696795,0.19079880000208504,0.0010872000129893422,2.84062350000022,2.9551169000042137,21.341961199999787,0.6712946000043303,0.6019449000013992,0.5469946999801323,0.6320256000035442,0.005115299980388954
0.0,LP3 ($ 	heta $ Only),1,43,0.0,,0,0,0,0,0.0,0.0,100.0,0.02002380002522841,0.09829539997735992,0.0002612999815028161,1.6636657000053674,3.2066152000043076,20.657689199986635,0.6030431000108365,0.5801083999976981,0.8072032000054605,0.5765222000190988,0.009942300006514415
0.0,LP3 ($ 	heta $ Only),2,45,0.0,,0,0,0,0,0.0,0.0,100.0,0.018598199996631593,0.09213229999295436,0.00025519999326206744,1.6195749999897089,3.1399614000110887,17.546789999993052,0.7108422000019345,0.612368800007971,0.6510469999921042,0.5882572999980766,0.005196600017370656
0.0,LP3 ($ 	heta $ Only),3,48,0.0,,0,0,0,0,0.0,0.0,100.0,0.018945999996503815,0.10120180001831613,0.0002500999835319817,1.7216545999981463,3.482805300009204,17.752551799989305,0.615481799992267,0.7284871999872848,0.5697660000005271,0.5699528999975882,0.005360900016967207
0.0,LP3 ($ 	heta $ Only),4,52,0.0,,0,0,0,0,0.0,0.0,100.0,0.01513019998674281,0.08697790000587702,0.00026870000874623656,1.6562809000024572,2.9004923999891616,18.317507300002035,0.6692357999854721,0.5933309000101872,0.7098757000057958,0.8658746000146493,0.005141299974638969
0.0,LP3 ($ 	heta $ Only),5,57,0.0,,0,0,0,0,0.0,0.0,100.0,0.015092200017534196,0.08908679999876767,0.0002576999831944704,1.570841599983396,3.185183599998709,16.70490070001688,0.5885349999880418,0.6211915999883786,0.6068520999979228,0.5630271000263747,0.005129400000441819
0.0,LP3 ($ 	heta $ Only),6,63,0.0,,0,0,0,0,0.0,0.0,100.0,0.015770600002724677,0.10233009999501519,0.0002521999995224178,1.6258744000224397,2.8917315999860875,17.85738949998631,0.6425542999932077,0.6264857000205666,0.702020700002322,0.5877911999996286,0.006315800012089312
0.0,LP3 ($ 	heta $ Only),7,70,0.0,,0,0,0,0,0.0,0.0,100.0,0.018455400015227497,0.08249630001955666,0.00025469998945482075,1.6519058000121731,3.0836944000038784,17.977114999986952,0.6345852999947965,0.5676858999941032,0.6105359999928623,0.6234211999981198,0.005141999979969114
0.0,LP3 ($ 	heta $ Only),8,78,0.0,,0,0,0,0,0.0,0.0,100.0,0.01799110000138171,0.08153870000387542,0.0002468999882694334,1.7178527000069153,3.0822779999871273,19.082302299997536,0.5757594000024255,0.6739274999999907,0.7123647999833338,0.744781100016553,0.0051275000150781125
0.0,LP3 ($ 	heta $ Only),9,87,0.0,,0,0,0,0,0.0,0.0,100.0,0.02261789998738095,0.19015619999845512,0.0005107999895699322,1.6088196999917272,3.1746824999863748,18.003710999997566,0.6278030000103172,0.5733193999913055,0.574063500011107,0.6055215000233147,0.007266600005095825
0.0,LP3 ($ 	heta $ Only),10,97,0.0,,0,0,0,0,0.0,0.0,100.0,0.017299600003752857,0.08510369999567047,0.0005999000277370214,1.6723919000069145,3.0453319999796804,17.92883570000413,0.7743650999909732,0.5814514000085182,0.6111316999886185,0.6100211000011768,0.005124699993757531
0.0,LP3 ($ 	heta $ Only),11,108,0.0,,0,0,0,0,0.0,0.0,100.0,0.017781000002287328,0.10710200000903569,0.0002545999886933714,1.5623961000237614,2.968925199995283,17.757769999996526,0.6008946000074502,0.5700186000030953,0.6065012000035495,0.591333799995482,0.007408900011796504
0.0,LP3 ($ 	heta $ Only),12,120,0.0,,0,0,0,0,0.0,0.0,100.0,0.014954300015233457,0.2347029999946244,0.0002477999951224774,1.6495749999885447,3.293070899992017,21.51640100000077,0.5774028000014368,0.7465250999957789,0.7118789000087418,0.5935448999807704,0.00814869999885559
0.0,LP3 ($ 	heta $ Only),13,133,0.0,,0,0,0,0,0.0,0.0,100.0,0.020907800004351884,0.07783910000580363,0.0033241000201087445,1.7503921000170521,3.0498081000114325,22.23290630002157,0.805630699993344,0.8274347000115085,0.5703434000024572,0.5774156999832485,0.005340900010196492
0.0,LP3 ($ 	heta $ Only),14,147,0.0,,0,0,0,0,0.0,0.0,100.0,0.01687430002493784,0.08115969999926165,0.0002542999864090234,1.6366055000107735,3.2417724000115413,17.016846700018505,0.5842615000146907,0.5625002000015229,0.6227380999771412,0.5735758999944665,0.0051830999727826566
0.0,LP3 ($ 	heta $ Only),15,162,0.0,,0,0,0,0,0.0,0.0,100.0,0.017689200001768768,0.07716610000352375,0.0004262999864295125,1.7223573999945074,3.1284327000030316,16.58784459999879,0.6534438999951817,0.5895682999980636,0.7134870000008959,0.6451783000084106,0.00589680002303794
0.0,LP3 ($ 	heta $ Only),16,178,0.0,,0,0,0,0,0.0,0.0,100.0,0.015156199980992824,0.09626540000317618,0.0005963000003248453,1.5986589000094682,3.42967359998147,21.219552499998827,0.745979500003159,0.7151448999939021,0.9363191000011284,0.7143121999979485,0.005122400005348027
0.0,LP3 ($ 	heta $ Only),17,195,0.0,,0,0,0,0,0.0,0.0,100.0,0.018055599997751415,0.07691299999714829,0.0005802999949082732,1.5902929999865592,2.888153300009435,18.969230400020024,1.1350733000144828,1.0314702999894507,1.0109633000101894,0.9363855000119656,0.006272200000239536
0.0,LP3 ($ 	heta $ Only),18,213,0.0,,0,0,0,0,0.0,0.0,100.0,0.02046410000184551,0.1440815000096336,0.00025290000485256314,1.648659200000111,2.90852850000374,17.53424989999621,0.5416618000017479,0.529720599995926,0.6598294999857899,0.5534678999974858,0.005277899996144697
0.0,LP3 ($ 	heta $ Only),19,232,0.0,,0,0,0,0,0.0,0.0,100.0,0.01545169999008067,0.07123370000044815,0.0002480999974068254,1.5922285999986343,3.2745076999999583,16.29128380000475,0.7399058000009973,0.7750346000248101,0.5694863999960944,0.5648178999836091,0.00672660002601333
0.0,Weighted LP3 ($ 	heta $ Only),0,42,0.0,,0,0,0,0,0.0,0.0,100.0,0.03519670001696795,0.19079880000208504,0.0010872000129893422,2.84062350000022,2.9551169000042137,21.341961199999787,0.6712946000043303,0.6019449000013992,0.5469946999801323,0.6320256000035442,0.005115299980388954
0.0,Weighted LP3 ($ 	heta $ Only),1,43,0.0,,0,0,0,0,0.0,0.0,100.0,0.02002380002522841,0.09829539997735992,0.0002612999815028161,1.6636657000053674,3.2066152000043076,20.657689199986635,0.6030431000108365,0.5801083999976981,0.8072032000054605,0.5765222000190988,0.009942300006514415
0.0,Weighted LP3 ($ 	heta $ Only),2,45,0.0,,0,0,0,0,0.0,0.0,100.0,0.018598199996631593,0.09213229999295436,0.00025519999326206744,1.6195749999897089,3.1399614000110887,17.546789999993052,0.7108422000019345,0.612368800007971,0.6510469999921042,0.5882572999980766,0.005196600017370656
0.0,Weighted LP3 ($ 	heta $ Only),3,48,0.0,,0,0,0,0,0.0,0.0,100.0,0.018945999996503815,0.10120180001831613,0.0002500999835319817,1.7216545999981463,3.482805300009204,17.752551799989305,0.615481799992267,0.7284871999872848,0.5697660000005271,0.5699528999975882,0.005360900016967207
0.0,Weighted LP3 ($ 	heta $ Only),4,52,0.0,,0,0,0,0,0.0,0.0,100.0,0.01513019998674281,0.08697790000587702,0.00026870000874623656,1.6562809000024572,2.9004923999891616,18.317507300002035,0.6692357999854721,0.5933309000101872,0.7098757000057958,0.8658746000146493,0.005141299974638969
0.0,Weighted LP3 ($ 	heta $ Only),5,57,0.0,,0,0,0,0,0.0,0.0,100.0,0.015092200017534196,0.08908679999876767,0.0002576999831944704,1.570841599983396,3.185183599998709,16.70490070001688,0.5885349999880418,0.6211915999883786,0.6068520999979228,0.5630271000263747,0.005129400000441819
0.0,Weighted LP3 ($ 	heta $ Only),6,63,0.0,,0,0,0,0,0.0,0.0,100.0,0.015770600002724677,0.10233009999501519,0.0002521999995224178,1.6258744000224397,2.8917315999860875,17.85738949998631,0.6425542999932077,0.6264857000205666,0.702020700002322,0.5877911999996286,0.006315800012089312
0.0,Weighted LP3 ($ 	heta $ Only),7,70,0.0,,0,0,0,0,0.0,0.0,100.0,0.018455400015227497,0.08249630001955666,0.00025469998945482075,1.6519058000121731,3.0836944000038784,17.977114999986952,0.6345852999947965,0.5676858999941032,0.6105359999928623,0.6234211999981198,0.005141999979969114
0.0,Weighted LP3 ($ 	heta $ Only),8,78,0.0,,0,0,0,0,0.0,0.0,100.0,0.01799110000138171,0.08153870000387542,0.0002468999882694334,1.7178527000069153,3.0822779999871273,19.082302299997536,0.5757594000024255,0.6739274999999907,0.7123647999833338,0.744781100016553,0.0051275000150781125
0.0,Weighted LP3 ($ 	heta $ Only),9,87,0.0,,0,0,0,0,0.0,0.0,100.0,0.02261789998738095,0.19015619999845512,0.0005107999895699322,1.6088196999917272,3.1746824999863748,18.003710999997566,0.6278030000103172,0.5733193999913055,0.574063500011107,0.6055215000233147,0.007266600005095825
0.0,Weighted LP3 ($ 	heta $ Only),10,97,0.0,,0,0,0,0,0.0,0.0,100.0,0.017299600003752857,0.08510369999567047,0.0005999000277370214,1.6723919000069145,3.0453319999796804,17.92883570000413,0.7743650999909732,0.5814514000085182,0.6111316999886185,0.6100211000011768,0.005124699993757531
0.0,Weighted LP3 ($ 	heta $ Only),11,108,0.0,,0,0,0,0,0.0,0.0,100.0,0.017781000002287328,0.10710200000903569,0.0002545999886933714,1.5623961000237614,2.968925199995283,17.757769999996526,0.6008946000074502,0.5700186000030953,0.6065012000035495,0.591333799995482,0.007408900011796504
0.0,Weighted LP3 ($ 	heta $ Only),12,120,0.0,,0,0,0,0,0.0,0.0,100.0,0.014954300015233457,0.2347029999946244,0.0002477999951224774,1.6495749999885447,3.293070899992017,21.51640100000077,0.5774028000014368,0.7465250999957789,0.7118789000087418,0.5935448999807704,0.00814869999885559
0.0,Weighted LP3 ($ 	heta $ Only),13,133,0.0,,0,0,0,0,0.0,0.0,100.0,0.020907800004351884,0.07783910000580363,0.0033241000201087445,1.7503921000170521,3.0498081000114325,22.23290630002157,0.805630699993344,0.8274347000115085,0.5703434000024572,0.5774156999832485,0.005340900010196492
0.0,Weighted LP3 ($ 	heta $ Only),14,147,0.0,,0,0,0,0,0.0,0.0,100.0,0.01687430002493784,0.08115969999926165,0.0002542999864090234,1.6366055000107735,3.2417724000115413,17.016846700018505,0.5842615000146907,0.5625002000015229,0.6227380999771412,0.5735758999944665,0.0051830999727826566
0.0,Weighted LP3 ($ 	heta $ Only),15,162,0.0,,0,0,0,0,0.0,0.0,100.0,0.017689200001768768,0.07716610000352375,0.0004262999864295125,1.7223573999945074,3.1284327000030316,16.58784459999879,0.6534438999951817,0.5895682999980636,0.7134870000008959,0.6451783000084106,0.00589680002303794
0.0,Weighted LP3 ($ 	heta $ Only),16,178,0.0,,0,0,0,0,0.0,0.0,100.0,0.015156199980992824,0.09626540000317618,0.0005963000003248453,1.5986589000094682,3.42967359998147,21.219552499998827,0.745979500003159,0.7151448999939021,0.9363191000011284,0.7143121999979485,0.005122400005348027
0.0,Weighted LP3 ($ 	heta $ Only),17,195,0.0,,0,0,0,0,0.0,0.0,100.0,0.018055599997751415,0.07691299999714829,0.0005802999949082732,1.5902929999865592,2.888153300009435,18.969230400020024,1.1350733000144828,1.0314702999894507,1.0109633000101894,0.9363855000119656,0.006272200000239536
0.0,Weighted LP3 ($ 	heta $ Only),18,213,0.0,,0,0,0,0,0.0,0.0,100.0,0.02046410000184551,0.1440815000096336,0.00025290000485256314,1.648659200000111,2.90852850000374,17.53424989999621,0.5416618000017479,0.529720599995926,0.6598294999857899,0.5534678999974858,0.005277899996144697
0.0,Weighted LP3 ($ 	heta $ Only),19,232,0.0,,0,0,0,0,0.0,0.0,100.0,0.01545169999008067,0.07123370000044815,0.0002480999974068254,1.5922285999986343,3.2745076999999583,16.29128380000475,0.7399058000009973,0.7750346000248101,0.5694863999960944,0.5648178999836091,0.00672660002601333
0.0,Borda LP3 ($ 	heta $ Only),0,42,0.0,,0,0,0,0,0.0,0.0,100.0,0.03519670001696795,0.19079880000208504,0.0010872000129893422,2.84062350000022,2.9551169000042137,21.341961199999787,0.6712946000043303,0.6019449000013992,0.5469946999801323,0.6320256000035442,0.005115299980388954
0.0,Borda LP3 ($ 	heta $ Only),1,43,0.0,,0,0,0,0,0.0,0.0,100.0,0.02002380002522841,0.09829539997735992,0.0002612999815028161,1.6636657000053674,3.2066152000043076,20.657689199986635,0.6030431000108365,0.5801083999976981,0.8072032000054605,0.5765222000190988,0.009942300006514415
0.0,Borda LP3 ($ 	heta $ Only),2,45,0.0,,0,0,0,0,0.0,0.0,100.0,0.018598199996631593,0.09213229999295436,0.00025519999326206744,1.6195749999897089,3.1399614000110887,17.546789999993052,0.7108422000019345,0.612368800007971,0.6510469999921042,0.5882572999980766,0.005196600017370656
0.0,Borda LP3 ($ 	heta $ Only),3,48,0.0,,0,0,0,0,0.0,0.0,100.0,0.018945999996503815,0.10120180001831613,0.0002500999835319817,1.7216545999981463,3.482805300009204,17.752551799989305,0.615481799992267,0.7284871999872848,0.5697660000005271,0.5699528999975882,0.005360900016967207
0.0,Borda LP3 ($ 	heta $ Only),4,52,0.0,,0,0,0,0,0.0,0.0,100.0,0.01513019998674281,0.08697790000587702,0.00026870000874623656,1.6562809000024572,2.9004923999891616,18.317507300002035,0.6692357999854721,0.5933309000101872,0.7098757000057958,0.8658746000146493,0.005141299974638969
0.0,Borda LP3 ($ 	heta $ Only),5,57,0.0,,0,0,0,0,0.0,0.0,100.0,0.015092200017534196,0.08908679999876767,0.0002576999831944704,1.570841599983396,3.185183599998709,16.70490070001688,0.5885349999880418,0.6211915999883786,0.6068520999979228,0.5630271000263747,0.005129400000441819
0.0,Borda LP3 ($ 	heta $ Only),6,63,0.0,,0,0,0,0,0.0,0.0,100.0,0.015770600002724677,0.10233009999501519,0.0002521999995224178,1.6258744000224397,2.8917315999860875,17.85738949998631,0.6425542999932077,0.6264857000205666,0.702020700002322,0.5877911999996286,0.006315800012089312
0.0,Borda LP3 ($ 	heta $ Only),7,70,0.0,,0,0,0,0,0.0,0.0,100.0,0.018455400015227497,0.08249630001955666,0.00025469998945482075,1.6519058000121731,3.0836944000038784,17.977114999986952,0.6345852999947965,0.5676858999941032,0.6105359999928623,0.6234211999981198,0.005141999979969114
0.0,Borda LP3 ($ 	heta $ Only),8,78,0.0,,0,0,0,0,0.0,0.0,100.0,0.01799110000138171,0.08153870000387542,0.0002468999882694334,1.7178527000069153,3.0822779999871273,19.082302299997536,0.5757594000024255,0.6739274999999907,0.7123647999833338,0.744781100016553,0.0051275000150781125
0.0,Borda LP3 ($ 	heta $ Only),9,87,0.0,,0,0,0,0,0.0,0.0,100.0,0.02261789998738095,0.19015619999845512,0.0005107999895699322,1.6088196999917272,3.1746824999863748,18.003710999997566,0.6278030000103172,0.5733193999913055,0.574063500011107,0.6055215000233147,0.007266600005095825
0.0,Borda LP3 ($ 	heta $ Only),10,97,0.0,,0,0,0,0,0.0,0.0,100.0,0.017299600003752857,0.08510369999567047,0.0005999000277370214,1.6723919000069145,3.0453319999796804,17.92883570000413,0.7743650999909732,0.5814514000085182,0.6111316999886185,0.6100211000011768,0.005124699993757531
0.0,Borda LP3 ($ 	heta $ Only),11,108,0.0,,0,0,0,0,0.0,0.0,100.0,0.017781000002287328,0.10710200000903569,0.0002545999886933714,1.5623961000237614,2.968925199995283,17.757769999996526,0.6008946000074502,0.5700186000030953,0.6065012000035495,0.591333799995482,0.007408900011796504
0.0,Borda LP3 ($ 	heta $ Only),12,120,0.0,,0,0,0,0,0.0,0.0,100.0,0.014954300015233457,0.2347029999946244,0.0002477999951224774,1.6495749999885447,3.293070899992017,21.51640100000077,0.5774028000014368,0.7465250999957789,0.7118789000087418,0.5935448999807704,0.00814869999885559
0.0,Borda LP3 ($ 	heta $ Only),13,133,0.0,,0,0,0,0,0.0,0.0,100.0,0.020907800004351884,0.07783910000580363,0.0033241000201087445,1.7503921000170521,3.0498081000114325,22.23290630002157,0.805630699993344,0.8274347000115085,0.5703434000024572,0.5774156999832485,0.005340900010196492
0.0,Borda LP3 ($ 	heta $ Only),14,147,0.0,,0,0,0,0,0.0,0.0,100.0,0.01687430002493784,0.08115969999926165,0.0002542999864090234,1.6366055000107735,3.2417724000115413,17.016846700018505,0.5842615000146907,0.5625002000015229,0.6227380999771412,0.5735758999944665,0.0051830999727826566
0.0,Borda LP3 ($ 	heta $ Only),15,162,0.0,,0,0,0,0,0.0,0.0,100.0,0.017689200001768768,0.07716610000352375,0.0004262999864295125,1.7223573999945074,3.1284327000030316,16.58784459999879,0.6534438999951817,0.5895682999980636,0.7134870000008959,0.6451783000084106,0.00589680002303794
0.0,Borda LP3 ($ 	heta $ Only),16,178,0.0,,0,0,0,0,0.0,0.0,100.0,0.015156199980992824,0.09626540000317618,0.0005963000003248453,1.5986589000094682,3.42967359998147,21.219552499998827,0.745979500003159,0.7151448999939021,0.9363191000011284,0.7143121999979485,0.005122400005348027
0.0,Borda LP3 ($ 	heta $ Only),17,195,0.0,,0,0,0,0,0.0,0.0,100.0,0.018055599997751415,0.07691299999714829,0.0005802999949082732,1.5902929999865592,2.888153300009435,18.969230400020024,1.1350733000144828,1.0314702999894507,1.0109633000101894,0.9363855000119656,0.006272200000239536
0.0,Borda LP3 ($ 	heta $ Only),18,213,0.0,,0,0,0,0,0.0,0.0,100.0,0.02046410000184551,0.1440815000096336,0.00025290000485256314,1.648659200000111,2.90852850000374,17.53424989999621,0.5416618000017479,0.529720599995926,0.6598294999857899,0.5534678999974858,0.005277899996144697
0.0,Borda LP3 ($ 	heta $ Only),19,232,0.0,,0,0,0,0,0.0,0.0,100.0,0.01545169999008067,0.07123370000044815,0.0002480999974068254,1.5922285999986343,3.2745076999999583,16.29128380000475,0.7399058000009973,0.7750346000248101,0.5694863999960944,0.5648178999836091,0.00672660002601333
0.0,Linear BTL,0,42,,-338.2705257880929,0,2,2,0,,,,0.03519670001696795,0.19079880000208504,0.0010872000129893422,2.84062350000022,2.9551169000042137,21.341961199999787,0.6712946000043303,0.6019449000013992,0.5469946999801323,0.6320256000035442,0.005115299980388954
0.0,Linear BTL,1,43,,-330.20325394904665,0,3,3,0,,,,0.02002380002522841,0.09829539997735992,0.0002612999815028161,1.6636657000053674,3.2066152000043076,20.657689199986635,0.6030431000108365,0.5801083999976981,0.8072032000054605,0.5765222000190988,0.009942300006514415
0.0,Linear BTL,2,45,,-219.19346990885379,0,0,0,0,,,,0.018598199996631593,0.09213229999295436,0.00025519999326206744,1.6195749999897089,3.1399614000110887,17.546789999993052,0.7108422000019345,0.612368800007971,0.6510469999921042,0.5882572999980766,0.005196600017370656
0.0,Linear BTL,3,48,,-245.13970992903475,0,1,1,0,,,,0.018945999996503815,0.10120180001831613,0.0002500999835319817,1.7216545999981463,3.482805300009204,17.752551799989305,0.615481799992267,0.7284871999872848,0.5697660000005271,0.5699528999975882,0.005360900016967207
0.0,Linear BTL,4,52,,-294.4481424878889,0,2,2,0,,,,0.01513019998674281,0.08697790000587702,0.00026870000874623656,1.6562809000024572,2.9004923999891616,18.317507300002035,0.6692357999854721,0.5933309000101872,0.7098757000057958,0.8658746000146493,0.005141299974638969
0.0,Linear BTL,5,57,,-262.66885702081265,0,0,0,0,,,,0.015092200017534196,0.08908679999876767,0.0002576999831944704,1.570841599983396,3.185183599998709,16.70490070001688,0.5885349999880418,0.6211915999883786,0.6068520999979228,0.5630271000263747,0.005129400000441819
0.0,Linear BTL,6,63,,-317.70715830948853,0,7,7,0,,,,0.015770600002724677,0.10233009999501519,0.0002521999995224178,1.6258744000224397,2.8917315999860875,17.85738949998631,0.6425542999932077,0.6264857000205666,0.702020700002322,0.5877911999996286,0.006315800012089312
0.0,Linear BTL,7,70,,-269.16824581401664,0,3,3,0,,,,0.018455400015227497,0.08249630001955666,0.00025469998945482075,1.6519058000121731,3.0836944000038784,17.977114999986952,0.6345852999947965,0.5676858999941032,0.6105359999928623,0.6234211999981198,0.005141999979969114
0.0,Linear BTL,8,78,,-258.88526895297593,0,2,2,0,,,,0.01799110000138171,0.08153870000387542,0.0002468999882694334,1.7178527000069153,3.0822779999871273,19.082302299997536,0.5757594000024255,0.6739274999999907,0.7123647999833338,0.744781100016553,0.0051275000150781125
0.0,Linear BTL,9,87,,-238.07736374231723,0,3,3,0,,,,0.02261789998738095,0.19015619999845512,0.0005107999895699322,1.6088196999917272,3.1746824999863748,18.003710999997566,0.6278030000103172,0.5733193999913055,0.574063500011107,0.6055215000233147,0.007266600005095825
0.0,Linear BTL,10,97,,-251.1174534148684,0,0,0,0,,,,0.017299600003752857,0.08510369999567047,0.0005999000277370214,1.6723919000069145,3.0453319999796804,17.92883570000413,0.7743650999909732,0.5814514000085182,0.6111316999886185,0.6100211000011768,0.005124699993757531
0.0,Linear BTL,11,108,,-222.78416073904916,0,0,0,0,,,,0.017781000002287328,0.10710200000903569,0.0002545999886933714,1.5623961000237614,2.968925199995283,17.757769999996526,0.6008946000074502,0.5700186000030953,0.6065012000035495,0.591333799995482,0.007408900011796504
0.0,Linear BTL,12,120,,-230.13028987195588,0,0,0,0,,,,0.014954300015233457,0.2347029999946244,0.0002477999951224774,1.6495749999885447,3.293070899992017,21.51640100000077,0.5774028000014368,0.7465250999957789,0.7118789000087418,0.5935448999807704,0.00814869999885559
0.0,Linear BTL,13,133,,-813.0129096619529,0,27,27,0,,,,0.020907800004351884,0.07783910000580363,0.0033241000201087445,1.7503921000170521,3.0498081000114325,22.23290630002157,0.805630699993344,0.8274347000115085,0.5703434000024572,0.5774156999832485,0.005340900010196492
0.0,Linear BTL,14,147,,-302.94131619759264,0,5,5,0,,,,0.01687430002493784,0.08115969999926165,0.0002542999864090234,1.6366055000107735,3.2417724000115413,17.016846700018505,0.5842615000146907,0.5625002000015229,0.6227380999771412,0.5735758999944665,0.0051830999727826566
0.0,Linear BTL,15,162,,-252.753698616398,0,1,1,0,,,,0.017689200001768768,0.07716610000352375,0.0004262999864295125,1.7223573999945074,3.1284327000030316,16.58784459999879,0.6534438999951817,0.5895682999980636,0.7134870000008959,0.6451783000084106,0.00589680002303794
0.0,Linear BTL,16,178,,-215.28758437822745,0,0,0,0,,,,0.015156199980992824,0.09626540000317618,0.0005963000003248453,1.5986589000094682,3.42967359998147,21.219552499998827,0.745979500003159,0.7151448999939021,0.9363191000011284,0.7143121999979485,0.005122400005348027
0.0,Linear BTL,17,195,,-235.92939242873885,0,1,1,0,,,,0.018055599997751415,0.07691299999714829,0.0005802999949082732,1.5902929999865592,2.888153300009435,18.969230400020024,1.1350733000144828,1.0314702999894507,1.0109633000101894,0.9363855000119656,0.006272200000239536
0.0,Linear BTL,18,213,,-297.4081542698944,0,1,1,0,,,,0.02046410000184551,0.1440815000096336,0.00025290000485256314,1.648659200000111,2.90852850000374,17.53424989999621,0.5416618000017479,0.529720599995926,0.6598294999857899,0.5534678999974858,0.005277899996144697
0.0,Linear BTL,19,232,,-247.61862781897634,0,2,2,0,,,,0.01545169999008067,0.07123370000044815,0.0002480999974068254,1.5922285999986343,3.2745076999999583,16.29128380000475,0.7399058000009973,0.7750346000248101,0.5694863999960944,0.5648178999836091,0.00672660002601333
0.1,LP2 ($ 	heta $ Only),0,42,1.1137610679927096e-05,,2,5,0,5,1.1137610679927096e-05,4.0,96.0,0.03025569999590516,0.09362279999186285,0.006327699986286461,1.605108999996446,2.9850446000054944,20.02333249998628,0.5521774999797344,0.6542063000088092,0.5288761999981944,0.6020174000004772,0.005351300002075732
0.1,LP2 ($ 	heta $ Only),1,43,6.284076933539125e-05,,5,9,0,9,6.284076933539127e-05,14.0,86.0,0.018418899999232963,0.07744590000947937,0.003630799998063594,1.693602399987867,4.834506900020642,23.138905999978306,0.6265821999986656,0.7224741999816615,0.5538974999799393,0.575788799993461,0.009534599987091497
0.1,LP2 ($ 	heta $ Only),2,45,0.0,,2,0,0,0,0.0,0.0,100.0,0.03083370000240393,0.10943240000051446,0.003892500011716038,1.543153100006748,3.814683700009482,21.83616449998226,0.609728899988113,0.583065999991959,0.5628265999839641,0.640232300007483,0.005471100012073293
0.1,LP2 ($ 	heta $ Only),3,48,0.0,,5,0,0,0,0.0,0.0,100.0,0.017037900019204244,0.08112300001084805,0.0038247000193223357,1.548415400000522,3.2118403000058606,20.971924000012223,0.5971731999889016,0.7386697999900207,0.6251871999993455,0.5946134999976493,0.005969499994534999
0.1,LP2 ($ 	heta $ Only),4,52,0.0,,3,0,0,0,0.0,0.0,100.0,0.021780399983981624,0.08195250001153909,0.003636099980212748,1.6352630000037607,3.0603387000155635,21.79246100000455,0.5926298999984283,0.5644664000137709,0.6226628000149503,0.5678689999913331,0.005395899992436171
0.1,LP2 ($ 	heta $ Only),5,57,0.0,,2,0,0,0,0.0,0.0,100.0,0.023436499992385507,0.08168750000186265,0.0037041000032331795,1.648435699986294,2.9648003000183962,26.30885409997427,0.5938915000006091,0.5912313000007998,0.6009706000040751,0.9224549000209663,0.00544779998017475
0.1,LP2 ($ 	heta $ Only),6,63,1.5927278567309297e-05,,3,2,0,2,1.5927278567309297e-05,4.0,96.0,0.02225830001407303,0.10168689998681657,0.0036511000071186572,1.6429094000195619,3.1321159999934025,25.44920309999725,0.5876900999865029,0.7327285000064876,0.5870835999958217,0.5617639999836683,0.005377800000132993
0.1,LP2 ($ 	heta $ Only),7,70,3.2093069488924535e-05,,6,11,0,11,3.2093069488924535e-05,10.0,90.0,0.021678399993106723,0.09656169998925179,0.003552500013029203,1.5526966999750584,3.3431266999978106,26.585784299997613,0.5528099999937695,0.6172908000007737,0.5706236000114586,0.5689963000186253,0.006441800011089072
0.1,LP2 ($ 	heta $ Only),8,78,0.0,,3,0,0,0,0.0,0.0,100.0,0.017197500012116507,0.07966980000492185,0.005408800003351644,1.7086334000050556,2.8227217000094242,21.181695799983572,0.6256710999878123,0.5766995000012685,0.5554738999926485,0.7659003000007942,0.01530359999742359
0.1,LP2 ($ 	heta $ Only),9,87,2.716821020599837e-05,,4,6,0,6,2.716821020599837e-05,8.0,92.0,0.02335329999914393,0.08620680001331493,0.004624699999112636,1.6510490000073332,3.178492400009418,21.391222900012508,0.5991219999850728,0.5963862999924459,0.5644113999733236,0.616613199992571,0.005387399985920638
0.1,LP2 ($ 	heta $ Only),10,97,6.234106569032103e-05,,7,16,0,16,6.234106569032103e-05,16.0,84.0,0.016969300020718947,0.08662570000160486,0.003670499980216846,1.6249203000043053,3.4830008999852,26.192495299997972,0.6368871000013314,0.5641576999914832,0.7220623999892268,0.6283654999861028,0.005468800023663789
0.1,LP2 ($ 	heta $ Only),11,108,0.0,,0,0,0,0,0.0,0.0,100.0,0.020876499998848885,0.08442689999355935,0.0006426000036299229,1.5166080000053626,3.2312162999878637,21.413579499989282,0.6297522000095341,0.591316200006986,0.5638962999801151,0.5583615000068676,0.005421500012744218
0.1,LP2 ($ 	heta $ Only),12,120,0.0,,0,0,0,0,0.0,0.0,100.0,0.01855879998765886,0.0841292999975849,0.0002573000092525035,1.5948190999915823,3.012316300009843,26.62631429999601,0.6538678000215441,0.5844542999984697,0.6905303999956232,0.6343671999929938,0.0074859999876935035
0.1,LP2 ($ 	heta $ Only),13,133,2.427233001006617e-05,,0,11,0,11,2.427233001006617e-05,10.0,90.0,0.027033899998059496,0.08024179999483749,0.0002469999890308827,1.5719454000063706,3.3316923000093084,22.111930000013672,0.7903862000093795,1.3145136999955866,0.6413916999881621,0.5914992000034545,0.00543589997687377
0.1,LP2 ($ 	heta $ Only),14,147,8.098020386663397e-06,,3,2,0,2,8.098020386663397e-06,2.0,98.0,0.01578180000069551,0.0852491999976337,0.003692600002977997,1.7717951000086032,3.403881399979582,20.641536399984034,0.6716219000227284,0.6830246000026818,0.6303195000218693,0.9106716999958735,0.010677499987650663
0.1,LP2 ($ 	heta $ Only),15,162,9.228073418629266e-06,,4,2,0,2,9.228073418629266e-06,2.0,98.0,0.01750350001384504,0.08667469999636523,0.006819499976700172,1.8296134000120219,3.616247400001157,31.165263100003358,0.7281749999965541,0.6751736000005621,0.6583820000232663,0.6236352999985684,0.005805900000268593
0.1,LP2 ($ 	heta $ Only),16,178,0.0,,4,0,0,0,0.0,0.0,100.0,0.01633760001277551,0.08552150000468828,0.003646500001195818,1.542072799988091,4.603705599991372,32.23802170000272,0.5713922000140883,0.7622985999914818,0.8164856999937911,0.7047527999966405,0.0056884999794419855
0.1,LP2 ($ 	heta $ Only),17,195,0.0,,3,0,0,0,0.0,0.0,100.0,0.018143399996915832,0.15896900001098402,0.00553969998145476,2.0090799999888986,3.757714200008195,25.811677599995164,0.6447028999973554,0.5767539999797009,0.6573939000081737,1.329009999986738,0.011234000005060807
0.1,LP2 ($ 	heta $ Only),18,213,3.764294850206647e-05,,1,7,0,7,3.764294850206647e-05,12.0,88.0,0.04287140001542866,0.201908299990464,0.010396600002422929,2.3107909000245854,3.943527199997334,26.58016109999153,0.5996370000066236,0.650032999983523,0.6204858999990392,0.6207909999939147,0.010642499983077869
0.1,LP2 ($ 	heta $ Only),19,232,2.9385909189740534e-05,,4,8,0,8,2.9385909189740534e-05,10.0,90.0,0.01621469997917302,0.08411089997389354,0.00363880000077188,1.7820485000265762,3.2470271000056528,25.68427250001696,3.682320799998706,1.4001286999846343,1.4092079999973066,1.449384800012922,0.01764449998154305
0.1,LP3 ($ 	heta $ Only),0,42,0.0018652270308053757,,2,4,0,4,0.0001695660937095796,8.0,92.0,0.03025569999590516,0.09362279999186285,0.006327699986286461,1.605108999996446,2.9850446000054944,20.02333249998628,0.5521774999797344,0.6542063000088092,0.5288761999981944,0.6020174000004772,0.005351300002075732
0.1,LP3 ($ 	heta $ Only),1,43,0.006205537634582763,,5,8,0,8,0.0005985445338523116,78.0,22.0,0.018418899999232963,0.07744590000947937,0.003630799998063594,1.693602399987867,4.834506900020642,23.138905999978306,0.6265821999986656,0.7224741999816615,0.5538974999799393,0.575788799993461,0.009534599987091497
0.1,LP3 ($ 	heta $ Only),2,45,0.0,,2,0,0,0,0.0,0.0,100.0,0.03083370000240393,0.10943240000051446,0.003892500011716038,1.543153100006748,3.814683700009482,21.83616449998226,0.609728899988113,0.583065999991959,0.5628265999839641,0.640232300007483,0.005471100012073293
0.1,LP3 ($ 	heta $ Only),3,48,0.0,,5,0,0,0,0.0,0.0,100.0,0.017037900019204244,0.08112300001084805,0.0038247000193223357,1.548415400000522,3.2118403000058606,20.971924000012223,0.5971731999889016,0.7386697999900207,0.6251871999993455,0.5946134999976493,0.005969499994534999
0.1,LP3 ($ 	heta $ Only),4,52,0.0,,3,0,0,0,0.0,0.0,100.0,0.021780399983981624,0.08195250001153909,0.003636099980212748,1.6352630000037607,3.0603387000155635,21.79246100000455,0.5926298999984283,0.5644664000137709,0.6226628000149503,0.5678689999913331,0.005395899992436171
0.1,LP3 ($ 	heta $ Only),5,57,0.0,,2,0,0,0,0.0,0.0,100.0,0.023436499992385507,0.08168750000186265,0.0037041000032331795,1.648435699986294,2.9648003000183962,26.30885409997427,0.5938915000006091,0.5912313000007998,0.6009706000040751,0.9224549000209663,0.00544779998017475
0.1,LP3 ($ 	heta $ Only),6,63,0.0016512955144843244,,3,2,0,2,0.0001540196644145598,16.0,84.0,0.02225830001407303,0.10168689998681657,0.0036511000071186572,1.6429094000195619,3.1321159999934025,25.44920309999725,0.5876900999865029,0.7327285000064876,0.5870835999958217,0.5617639999836683,0.005377800000132993
0.1,LP3 ($ 	heta $ Only),7,70,0.0029082250537858156,,6,9,0,9,0.0003099962495112596,42.0,58.0,0.021678399993106723,0.09656169998925179,0.003552500013029203,1.5526966999750584,3.3431266999978106,26.585784299997613,0.5528099999937695,0.6172908000007737,0.5706236000114586,0.5689963000186253,0.006441800011089072
0.1,LP3 ($ 	heta $ Only),8,78,0.0,,3,0,0,0,0.0,0.0,100.0,0.017197500012116507,0.07966980000492185,0.005408800003351644,1.7086334000050556,2.8227217000094242,21.181695799983572,0.6256710999878123,0.5766995000012685,0.5554738999926485,0.7659003000007942,0.01530359999742359
0.1,LP3 ($ 	heta $ Only),9,87,0.0035047208397308823,,4,7,0,7,0.00032961027535908523,48.0,52.0,0.02335329999914393,0.08620680001331493,0.004624699999112636,1.6510490000073332,3.178492400009418,21.391222900012508,0.5991219999850728,0.5963862999924459,0.5644113999733236,0.616613199992571,0.005387399985920638
0.1,LP3 ($ 	heta $ Only),10,97,0.006429871147642229,,7,17,0,17,0.0007299879104244258,68.0,32.0,0.016969300020718947,0.08662570000160486,0.003670499980216846,1.6249203000043053,3.4830008999852,26.192495299997972,0.6368871000013314,0.5641576999914832,0.7220623999892268,0.6283654999861028,0.005468800023663789
0.1,LP3 ($ 	heta $ Only),11,108,0.0,,0,0,0,0,0.0,0.0,100.0,0.020876499998848885,0.08442689999355935,0.0006426000036299229,1.5166080000053626,3.2312162999878637,21.413579499989282,0.6297522000095341,0.591316200006986,0.5638962999801151,0.5583615000068676,0.005421500012744218
0.1,LP3 ($ 	heta $ Only),12,120,0.0,,0,0,0,0,0.0,0.0,100.0,0.01855879998765886,0.0841292999975849,0.0002573000092525035,1.5948190999915823,3.012316300009843,26.62631429999601,0.6538678000215441,0.5844542999984697,0.6905303999956232,0.6343671999929938,0.0074859999876935035
0.1,LP3 ($ 	heta $ Only),13,133,0.002642734235459972,,0,7,0,7,0.0002817917266107833,34.0,66.0,0.027033899998059496,0.08024179999483749,0.0002469999890308827,1.5719454000063706,3.3316923000093084,22.111930000013672,0.7903862000093795,1.3145136999955866,0.6413916999881621,0.5914992000034545,0.00543589997687377
0.1,LP3 ($ 	heta $ Only),14,147,0.002279540040657467,,3,5,0,5,0.00017760701758367086,26.0,74.0,0.01578180000069551,0.0852491999976337,0.003692600002977997,1.7717951000086032,3.403881399979582,20.641536399984034,0.6716219000227284,0.6830246000026818,0.6303195000218693,0.9106716999958735,0.010677499987650663
0.1,LP3 ($ 	heta $ Only),15,162,0.002207159977588117,,4,6,0,6,0.0001423856453029315,18.0,82.0,0.01750350001384504,0.08667469999636523,0.006819499976700172,1.8296134000120219,3.616247400001157,31.165263100003358,0.7281749999965541,0.6751736000005621,0.6583820000232663,0.6236352999985684,0.005805900000268593
0.1,LP3 ($ 	heta $ Only),16,178,0.0,,4,0,0,0,0.0,0.0,100.0,0.01633760001277551,0.08552150000468828,0.003646500001195818,1.542072799988091,4.603705599991372,32.23802170000272,0.5713922000140883,0.7622985999914818,0.8164856999937911,0.7047527999966405,0.0056884999794419855
0.1,LP3 ($ 	heta $ Only),17,195,0.0,,3,0,0,0,0.0,0.0,100.0,0.018143399996915832,0.15896900001098402,0.00553969998145476,2.0090799999888986,3.757714200008195,25.811677599995164,0.6447028999973554,0.5767539999797009,0.6573939000081737,1.329009999986738,0.011234000005060807
0.1,LP3 ($ 	heta $ Only),18,213,0.0033522993958019125,,1,7,1,6,0.00033482701845843215,50.0,50.0,0.04287140001542866,0.201908299990464,0.010396600002422929,2.3107909000245854,3.943527199997334,26.58016109999153,0.5996370000066236,0.650032999983523,0.6204858999990392,0.6207909999939147,0.010642499983077869
0.1,LP3 ($ 	heta $ Only),19,232,0.0032912031040101047,,4,6,0,6,0.0003127631370840099,36.0,64.0,0.01621469997917302,0.08411089997389354,0.00363880000077188,1.7820485000265762,3.2470271000056528,25.68427250001696,3.682320799998706,1.4001286999846343,1.4092079999973066,1.449384800012922,0.01764449998154305
0.1,Weighted LP3 ($ 	heta $ Only),0,42,0.0011088271832211279,,2,2,0,2,0.0001802408312032736,8.0,92.0,0.03025569999590516,0.09362279999186285,0.006327699986286461,1.605108999996446,2.9850446000054944,20.02333249998628,0.5521774999797344,0.6542063000088092,0.5288761999981944,0.6020174000004772,0.005351300002075732
0.1,Weighted LP3 ($ 	heta $ Only),1,43,0.0038293607397236265,,5,10,0,10,0.0005566764552160541,74.0,26.0,0.018418899999232963,0.07744590000947937,0.003630799998063594,1.693602399987867,4.834506900020642,23.138905999978306,0.6265821999986656,0.7224741999816615,0.5538974999799393,0.575788799993461,0.009534599987091497
0.1,Weighted LP3 ($ 	heta $ Only),2,45,0.0,,2,0,0,0,0.0,0.0,100.0,0.03083370000240393,0.10943240000051446,0.003892500011716038,1.543153100006748,3.814683700009482,21.83616449998226,0.609728899988113,0.583065999991959,0.5628265999839641,0.640232300007483,0.005471100012073293
0.1,Weighted LP3 ($ 	heta $ Only),3,48,0.0,,5,0,0,0,0.0,0.0,100.0,0.017037900019204244,0.08112300001084805,0.0038247000193223357,1.548415400000522,3.2118403000058606,20.971924000012223,0.5971731999889016,0.7386697999900207,0.6251871999993455,0.5946134999976493,0.005969499994534999
0.1,Weighted LP3 ($ 	heta $ Only),4,52,0.0,,3,0,0,0,0.0,0.0,100.0,0.021780399983981624,0.08195250001153909,0.003636099980212748,1.6352630000037607,3.0603387000155635,21.79246100000455,0.5926298999984283,0.5644664000137709,0.6226628000149503,0.5678689999913331,0.005395899992436171
0.1,Weighted LP3 ($ 	heta $ Only),5,57,0.0,,2,0,0,0,0.0,0.0,100.0,0.023436499992385507,0.08168750000186265,0.0037041000032331795,1.648435699986294,2.9648003000183962,26.30885409997427,0.5938915000006091,0.5912313000007998,0.6009706000040751,0.9224549000209663,0.00544779998017475
0.1,Weighted LP3 ($ 	heta $ Only),6,63,0.0009699910695461953,,3,2,0,2,0.00015055582945711332,12.0,88.0,0.02225830001407303,0.10168689998681657,0.0036511000071186572,1.6429094000195619,3.1321159999934025,25.44920309999725,0.5876900999865029,0.7327285000064876,0.5870835999958217,0.5617639999836683,0.005377800000132993
0.1,Weighted LP3 ($ 	heta $ Only),7,70,0.0017557544151951428,,6,6,0,6,0.00030216765300925935,42.0,58.0,0.021678399993106723,0.09656169998925179,0.003552500013029203,1.5526966999750584,3.3431266999978106,26.585784299997613,0.5528099999937695,0.6172908000007737,0.5706236000114586,0.5689963000186253,0.006441800011089072
0.1,Weighted LP3 ($ 	heta $ Only),8,78,0.0,,3,0,0,0,0.0,0.0,100.0,0.017197500012116507,0.07966980000492185,0.005408800003351644,1.7086334000050556,2.8227217000094242,21.181695799983572,0.6256710999878123,0.5766995000012685,0.5554738999926485,0.7659003000007942,0.01530359999742359
0.1,Weighted LP3 ($ 	heta $ Only),9,87,0.0022020796253878904,,4,4,0,4,0.0003064109263449825,42.0,58.0,0.02335329999914393,0.08620680001331493,0.004624699999112636,1.6510490000073332,3.178492400009418,21.391222900012508,0.5991219999850728,0.5963862999924459,0.5644113999733236,0.616613199992571,0.005387399985920638
0.1,Weighted LP3 ($ 	heta $ Only),10,97,0.004130441786310928,,7,18,0,18,0.0006402634300875081,68.0,32.0,0.016969300020718947,0.08662570000160486,0.003670499980216846,1.6249203000043053,3.4830008999852,26.192495299997972,0.6368871000013314,0.5641576999914832,0.7220623999892268,0.6283654999861028,0.005468800023663789
0.1,Weighted LP3 ($ 	heta $ Only),11,108,0.0,,0,0,0,0,0.0,0.0,100.0,0.020876499998848885,0.08442689999355935,0.0006426000036299229,1.5166080000053626,3.2312162999878637,21.413579499989282,0.6297522000095341,0.591316200006986,0.5638962999801151,0.5583615000068676,0.005421500012744218
0.1,Weighted LP3 ($ 	heta $ Only),12,120,0.0,,0,0,0,0,0.0,0.0,100.0,0.01855879998765886,0.0841292999975849,0.0002573000092525035,1.5948190999915823,3.012316300009843,26.62631429999601,0.6538678000215441,0.5844542999984697,0.6905303999956232,0.6343671999929938,0.0074859999876935035
0.1,Weighted LP3 ($ 	heta $ Only),13,133,0.0017257512187133736,,0,6,0,6,0.0002821523103415626,32.0,68.0,0.027033899998059496,0.08024179999483749,0.0002469999890308827,1.5719454000063706,3.3316923000093084,22.111930000013672,0.7903862000093795,1.3145136999955866,0.6413916999881621,0.5914992000034545,0.00543589997687377
0.1,Weighted LP3 ($ 	heta $ Only),14,147,0.001458025753096617,,3,7,0,7,0.00020660400825481414,38.0,62.0,0.01578180000069551,0.0852491999976337,0.003692600002977997,1.7717951000086032,3.403881399979582,20.641536399984034,0.6716219000227284,0.6830246000026818,0.6303195000218693,0.9106716999958735,0.010677499987650663
0.1,Weighted LP3 ($ 	heta $ Only),15,162,0.0012978669071355582,,4,4,0,4,0.00013143678350653357,12.0,88.0,0.01750350001384504,0.08667469999636523,0.006819499976700172,1.8296134000120219,3.616247400001157,31.165263100003358,0.7281749999965541,0.6751736000005621,0.6583820000232663,0.6236352999985684,0.005805900000268593
0.1,Weighted LP3 ($ 	heta $ Only),16,178,0.0,,4,0,0,0,0.0,0.0,100.0,0.01633760001277551,0.08552150000468828,0.003646500001195818,1.542072799988091,4.603705599991372,32.23802170000272,0.5713922000140883,0.7622985999914818,0.8164856999937911,0.7047527999966405,0.0056884999794419855
0.1,Weighted LP3 ($ 	heta $ Only),17,195,0.0,,3,0,0,0,0.0,0.0,100.0,0.018143399996915832,0.15896900001098402,0.00553969998145476,2.0090799999888986,3.757714200008195,25.811677599995164,0.6447028999973554,0.5767539999797009,0.6573939000081737,1.329009999986738,0.011234000005060807
0.1,Weighted LP3 ($ 	heta $ Only),18,213,0.0021703457122857223,,1,6,0,6,0.00031801577559907774,44.0,56.0,0.04287140001542866,0.201908299990464,0.010396600002422929,2.3107909000245854,3.943527199997334,26.58016109999153,0.5996370000066236,0.650032999983523,0.6204858999990392,0.6207909999939147,0.010642499983077869
0.1,Weighted LP3 ($ 	heta $ Only),19,232,0.0021604361586427066,,4,7,0,7,0.00032554943626512,38.0,62.0,0.01621469997917302,0.08411089997389354,0.00363880000077188,1.7820485000265762,3.2470271000056528,25.68427250001696,3.682320799998706,1.4001286999846343,1.4092079999973066,1.449384800012922,0.01764449998154305
0.1,Borda LP3 ($ 	heta $ Only),0,42,0.0016729889744948804,,2,4,0,4,0.00019754445222681458,12.0,88.0,0.03025569999590516,0.09362279999186285,0.006327699986286461,1.605108999996446,2.9850446000054944,20.02333249998628,0.5521774999797344,0.6542063000088092,0.5288761999981944,0.6020174000004772,0.005351300002075732
0.1,Borda LP3 ($ 	heta $ Only),1,43,0.00532585900126808,,5,10,0,10,0.0006313138818804645,84.0,16.0,0.018418899999232963,0.07744590000947937,0.003630799998063594,1.693602399987867,4.834506900020642,23.138905999978306,0.6265821999986656,0.7224741999816615,0.5538974999799393,0.575788799993461,0.009534599987091497
0.1,Borda LP3 ($ 	heta $ Only),2,45,0.0,,2,0,0,0,0.0,0.0,100.0,0.03083370000240393,0.10943240000051446,0.003892500011716038,1.543153100006748,3.814683700009482,21.83616449998226,0.609728899988113,0.583065999991959,0.5628265999839641,0.640232300007483,0.005471100012073293
0.1,Borda LP3 ($ 	heta $ Only),3,48,0.0,,5,0,0,0,0.0,0.0,100.0,0.017037900019204244,0.08112300001084805,0.0038247000193223357,1.548415400000522,3.2118403000058606,20.971924000012223,0.5971731999889016,0.7386697999900207,0.6251871999993455,0.5946134999976493,0.005969499994534999
0.1,Borda LP3 ($ 	heta $ Only),4,52,0.0,,3,0,0,0,0.0,0.0,100.0,0.021780399983981624,0.08195250001153909,0.003636099980212748,1.6352630000037607,3.0603387000155635,21.79246100000455,0.5926298999984283,0.5644664000137709,0.6226628000149503,0.5678689999913331,0.005395899992436171
0.1,Borda LP3 ($ 	heta $ Only),5,57,0.0,,2,0,0,0,0.0,0.0,100.0,0.023436499992385507,0.08168750000186265,0.0037041000032331795,1.648435699986294,2.9648003000183962,26.30885409997427,0.5938915000006091,0.5912313000007998,0.6009706000040751,0.9224549000209663,0.00544779998017475
0.1,Borda LP3 ($ 	heta $ Only),6,63,0.001181278793833073,,3,5,0,5,0.000275447888848995,18.0,82.0,0.02225830001407303,0.10168689998681657,0.0036511000071186572,1.6429094000195619,3.1321159999934025,25.44920309999725,0.5876900999865029,0.7327285000064876,0.5870835999958217,0.5617639999836683,0.005377800000132993
0.1,Borda LP3 ($ 	heta $ Only),7,70,0.0018531067698291021,,6,7,0,7,0.00035037189667171294,34.0,66.0,0.021678399993106723,0.09656169998925179,0.003552500013029203,1.5526966999750584,3.3431266999978106,26.585784299997613,0.5528099999937695,0.6172908000007737,0.5706236000114586,0.5689963000186253,0.006441800011089072
0.1,Borda LP3 ($ 	heta $ Only),8,78,0.0,,3,0,0,0,0.0,0.0,100.0,0.017197500012116507,0.07966980000492185,0.005408800003351644,1.7086334000050556,2.8227217000094242,21.181695799983572,0.6256710999878123,0.5766995000012685,0.5554738999926485,0.7659003000007942,0.01530359999742359
0.1,Borda LP3 ($ 	heta $ Only),9,87,0.002952172290922533,,4,11,0,11,0.0003793159711471701,48.0,52.0,0.02335329999914393,0.08620680001331493,0.004624699999112636,1.6510490000073332,3.178492400009418,21.391222900012508,0.5991219999850728,0.5963862999924459,0.5644113999733236,0.616613199992571,0.005387399985920638
0.1,Borda LP3 ($ 	heta $ Only),10,97,0.0054948999960289565,,7,17,0,17,0.0007340999427553257,66.0,34.0,0.016969300020718947,0.08662570000160486,0.003670499980216846,1.6249203000043053,3.4830008999852,26.192495299997972,0.6368871000013314,0.5641576999914832,0.7220623999892268,0.6283654999861028,0.005468800023663789
0.1,Borda LP3 ($ 	heta $ Only),11,108,0.0,,0,0,0,0,0.0,0.0,100.0,0.020876499998848885,0.08442689999355935,0.0006426000036299229,1.5166080000053626,3.2312162999878637,21.413579499989282,0.6297522000095341,0.591316200006986,0.5638962999801151,0.5583615000068676,0.005421500012744218
0.1,Borda LP3 ($ 	heta $ Only),12,120,0.0,,0,0,0,0,0.0,0.0,100.0,0.01855879998765886,0.0841292999975849,0.0002573000092525035,1.5948190999915823,3.012316300009843,26.62631429999601,0.6538678000215441,0.5844542999984697,0.6905303999956232,0.6343671999929938,0.0074859999876935035
0.1,Borda LP3 ($ 	heta $ Only),13,133,0.0018194053174520356,,0,6,0,6,0.0003777073696967824,28.0,72.0,0.027033899998059496,0.08024179999483749,0.0002469999890308827,1.5719454000063706,3.3316923000093084,22.111930000013672,0.7903862000093795,1.3145136999955866,0.6413916999881621,0.5914992000034545,0.00543589997687377
0.1,Borda LP3 ($ 	heta $ Only),14,147,0.0016006791221512828,,3,7,0,7,0.00025060639819927163,22.0,78.0,0.01578180000069551,0.0852491999976337,0.003692600002977997,1.7717951000086032,3.403881399979582,20.641536399984034,0.6716219000227284,0.6830246000026818,0.6303195000218693,0.9106716999958735,0.010677499987650663
0.1,Borda LP3 ($ 	heta $ Only),15,162,0.00012326879216599317,,4,3,0,3,0.00012326879216599317,4.0,96.0,0.01750350001384504,0.08667469999636523,0.006819499976700172,1.8296134000120219,3.616247400001157,31.165263100003358,0.7281749999965541,0.6751736000005621,0.6583820000232663,0.6236352999985684,0.005805900000268593
0.1,Borda LP3 ($ 	heta $ Only),16,178,0.0,,4,0,0,0,0.0,0.0,100.0,0.01633760001277551,0.08552150000468828,0.003646500001195818,1.542072799988091,4.603705599991372,32.23802170000272,0.5713922000140883,0.7622985999914818,0.8164856999937911,0.7047527999966405,0.0056884999794419855
0.1,Borda LP3 ($ 	heta $ Only),17,195,0.0,,3,0,0,0,0.0,0.0,100.0,0.018143399996915832,0.15896900001098402,0.00553969998145476,2.0090799999888986,3.757714200008195,25.811677599995164,0.6447028999973554,0.5767539999797009,0.6573939000081737,1.329009999986738,0.011234000005060807
0.1,Borda LP3 ($ 	heta $ Only),18,213,0.0016233253353750946,,1,3,0,3,0.000894032679104707,18.0,82.0,0.04287140001542866,0.201908299990464,0.010396600002422929,2.3107909000245854,3.943527199997334,26.58016109999153,0.5996370000066236,0.650032999983523,0.6204858999990392,0.6207909999939147,0.010642499983077869
0.1,Borda LP3 ($ 	heta $ Only),19,232,0.0024847460435285604,,4,8,0,8,0.0003666004566601791,34.0,66.0,0.01621469997917302,0.08411089997389354,0.00363880000077188,1.7820485000265762,3.2470271000056528,25.68427250001696,3.682320799998706,1.4001286999846343,1.4092079999973066,1.449384800012922,0.01764449998154305
0.1,Linear BTL,0,42,,-1799.2657804010005,2,21,0,21,,,,0.03025569999590516,0.09362279999186285,0.006327699986286461,1.605108999996446,2.9850446000054944,20.02333249998628,0.5521774999797344,0.6542063000088092,0.5288761999981944,0.6020174000004772,0.005351300002075732
0.1,Linear BTL,1,43,,-1961.2048744330168,5,23,0,23,,,,0.018418899999232963,0.07744590000947937,0.003630799998063594,1.693602399987867,4.834506900020642,23.138905999978306,0.6265821999986656,0.7224741999816615,0.5538974999799393,0.575788799993461,0.009534599987091497
0.1,Linear BTL,2,45,,-1982.9419578908062,2,17,0,17,,,,0.03083370000240393,0.10943240000051446,0.003892500011716038,1.543153100006748,3.814683700009482,21.83616449998226,0.609728899988113,0.583065999991959,0.5628265999839641,0.640232300007483,0.005471100012073293
0.1,Linear BTL,3,48,,-2004.412410129467,5,19,0,19,,,,0.017037900019204244,0.08112300001084805,0.0038247000193223357,1.548415400000522,3.2118403000058606,20.971924000012223,0.5971731999889016,0.7386697999900207,0.6251871999993455,0.5946134999976493,0.005969499994534999
0.1,Linear BTL,4,52,,-1945.2565459285133,3,17,0,17,,,,0.021780399983981624,0.08195250001153909,0.003636099980212748,1.6352630000037607,3.0603387000155635,21.79246100000455,0.5926298999984283,0.5644664000137709,0.6226628000149503,0.5678689999913331,0.005395899992436171
0.1,Linear BTL,5,57,,-6348.680294020178,2,89,16,73,,,,0.023436499992385507,0.08168750000186265,0.0037041000032331795,1.648435699986294,2.9648003000183962,26.30885409997427,0.5938915000006091,0.5912313000007998,0.6009706000040751,0.9224549000209663,0.00544779998017475
0.1,Linear BTL,6,63,,-2037.0509665861853,3,24,0,24,,,,0.02225830001407303,0.10168689998681657,0.0036511000071186572,1.6429094000195619,3.1321159999934025,25.44920309999725,0.5876900999865029,0.7327285000064876,0.5870835999958217,0.5617639999836683,0.005377800000132993
0.1,Linear BTL,7,70,,-2036.3500971642432,6,22,0,22,,,,0.021678399993106723,0.09656169998925179,0.003552500013029203,1.5526966999750584,3.3431266999978106,26.585784299997613,0.5528099999937695,0.6172908000007737,0.5706236000114586,0.5689963000186253,0.006441800011089072
0.1,Linear BTL,8,78,,-1748.467925812483,3,23,0,23,,,,0.017197500012116507,0.07966980000492185,0.005408800003351644,1.7086334000050556,2.8227217000094242,21.181695799983572,0.6256710999878123,0.5766995000012685,0.5554738999926485,0.7659003000007942,0.01530359999742359
0.1,Linear BTL,9,87,,-1753.328151354587,4,19,0,19,,,,0.02335329999914393,0.08620680001331493,0.004624699999112636,1.6510490000073332,3.178492400009418,21.391222900012508,0.5991219999850728,0.5963862999924459,0.5644113999733236,0.616613199992571,0.005387399985920638
0.1,Linear BTL,10,97,,-2822.3420188195387,7,36,1,35,,,,0.016969300020718947,0.08662570000160486,0.003670499980216846,1.6249203000043053,3.4830008999852,26.192495299997972,0.6368871000013314,0.5641576999914832,0.7220623999892268,0.6283654999861028,0.005468800023663789
0.1,Linear BTL,11,108,,-1635.3890936609405,0,15,0,15,,,,0.020876499998848885,0.08442689999355935,0.0006426000036299229,1.5166080000053626,3.2312162999878637,21.413579499989282,0.6297522000095341,0.591316200006986,0.5638962999801151,0.5583615000068676,0.005421500012744218
0.1,Linear BTL,12,120,,-2647.924934100807,0,41,1,40,,,,0.01855879998765886,0.0841292999975849,0.0002573000092525035,1.5948190999915823,3.012316300009843,26.62631429999601,0.6538678000215441,0.5844542999984697,0.6905303999956232,0.6343671999929938,0.0074859999876935035
0.1,Linear BTL,13,133,,-2019.1484858231863,0,21,0,21,,,,0.027033899998059496,0.08024179999483749,0.0002469999890308827,1.5719454000063706,3.3316923000093084,22.111930000013672,0.7903862000093795,1.3145136999955866,0.6413916999881621,0.5914992000034545,0.00543589997687377
0.1,Linear BTL,14,147,,-1884.1864761595664,3,15,0,15,,,,0.01578180000069551,0.0852491999976337,0.003692600002977997,1.7717951000086032,3.403881399979582,20.641536399984034,0.6716219000227284,0.6830246000026818,0.6303195000218693,0.9106716999958735,0.010677499987650663
0.1,Linear BTL,15,162,,-15233.781769062187,4,129,45,84,,,,0.01750350001384504,0.08667469999636523,0.006819499976700172,1.8296134000120219,3.616247400001157,31.165263100003358,0.7281749999965541,0.6751736000005621,0.6583820000232663,0.6236352999985684,0.005805900000268593
0.1,Linear BTL,16,178,,-1908.1830239745457,4,18,0,18,,,,0.01633760001277551,0.08552150000468828,0.003646500001195818,1.542072799988091,4.603705599991372,32.23802170000272,0.5713922000140883,0.7622985999914818,0.8164856999937911,0.7047527999966405,0.0056884999794419855
0.1,Linear BTL,17,195,,-2130.0204427516205,3,18,0,18,,,,0.018143399996915832,0.15896900001098402,0.00553969998145476,2.0090799999888986,3.757714200008195,25.811677599995164,0.6447028999973554,0.5767539999797009,0.6573939000081737,1.329009999986738,0.011234000005060807
0.1,Linear BTL,18,213,,-1784.675754809349,1,30,0,30,,,,0.04287140001542866,0.201908299990464,0.010396600002422929,2.3107909000245854,3.943527199997334,26.58016109999153,0.5996370000066236,0.650032999983523,0.6204858999990392,0.6207909999939147,0.010642499983077869
0.1,Linear BTL,19,232,,-2025.9781245341774,4,20,0,20,,,,0.01621469997917302,0.08411089997389354,0.00363880000077188,1.7820485000265762,3.2470271000056528,25.68427250001696,3.682320799998706,1.4001286999846343,1.4092079999973066,1.449384800012922,0.01764449998154305
0.2,LP2 ($ 	heta $ Only),0,42,3.3273412795756404e-05,,11,14,0,14,3.3273412795756404e-05,14.0,86.0,0.07331649999832734,0.28490199998486787,0.00816499997745268,3.1629818999790587,3.2386693000153173,26.860285700007807,0.733997500006808,0.5827997000014875,0.5663246999902185,0.6657185000076424,0.010489399981452152
0.2,LP2 ($ 	heta $ Only),1,43,1.0294679601217693e-05,,10,7,0,7,1.0294679601217693e-05,4.0,96.0,0.019166499987477437,0.17612889999873005,0.004531699989456683,1.5307616000063717,3.247793999995338,30.497719500010135,0.583119999995688,0.7637719000049401,0.7346029999898747,0.6925726999761537,0.012285100005101413
0.2,LP2 ($ 	heta $ Only),2,45,2.1796276046588453e-05,,12,11,0,11,2.1796276046588453e-05,14.0,86.0,0.020858300005784258,0.07519149998552166,0.0037201999803073704,1.6862434999784455,2.9760855000058655,29.91527159998077,0.5663426999817602,0.63050430000294,0.5782412000116892,0.6003694999963045,0.005341800017049536
0.2,LP2 ($ 	heta $ Only),3,48,4.16909097267049e-05,,9,16,0,16,4.169090972670489e-05,14.0,86.0,0.025068400020245463,0.07781149999937043,0.003785899985814467,1.7231654000061098,3.1759419000009075,32.893442000000505,0.5958907000022009,0.5630240000027698,0.6452441999863368,0.5865553999901749,0.010808899998664856
0.2,LP2 ($ 	heta $ Only),4,52,1.361921674727907e-05,,21,10,0,10,1.361921674727907e-05,8.0,92.0,0.018695900012971833,0.09150429998408072,0.0035998999956063926,1.745374800026184,3.608832199999597,37.50063670001691,0.6307803000090644,0.6933774999924935,0.6830352999968454,0.8798564000171609,0.005339900002581999
0.2,LP2 ($ 	heta $ Only),5,57,0.0,,6,0,0,0,0.0,0.0,100.0,0.017771099985111505,0.09405390001484193,0.005299300013575703,1.619700900017051,3.83830279999529,22.666872900008457,0.7530021000129636,0.611353499989491,0.5847005999821704,0.6249217000149656,0.005681700014974922
0.2,LP2 ($ 	heta $ Only),6,63,4.471277061558746e-05,,15,18,0,18,4.471277061558745e-05,20.0,80.0,0.02535909999278374,0.09118509999825619,0.004760300013003871,1.7768271999957506,3.338378400017973,26.106371300003957,0.7440108999726363,0.570418499992229,0.5607198000070639,0.6147381000046153,0.017701799981296062
0.2,LP2 ($ 	heta $ Only),7,70,4.529353493110027e-05,,12,44,8,36,4.529353493110027e-05,16.0,84.0,0.026292099995771423,0.09234719999949448,0.0065015000000130385,1.5411091000132728,3.049175499996636,24.608132199995453,0.6338347000128124,0.5947690000175498,0.6673412999953143,0.6587244999827817,0.009271099988836795
0.2,LP2 ($ 	heta $ Only),8,78,3.053632204238334e-05,,16,19,0,19,3.053632204238334e-05,14.0,86.0,0.018191599985584617,0.09334369999123737,0.006147999985842034,2.162360999995144,3.5922477999993134,23.475571999995736,0.645267000014428,0.7328043000015896,0.6844914999965113,0.6502328999922611,0.019567999988794327
0.2,LP2 ($ 	heta $ Only),9,87,3.426910795535354e-05,,8,22,0,22,3.426910795535354e-05,20.0,80.0,0.03626560000702739,0.1096665000077337,0.005923299991991371,1.7322871000214946,3.3686589999997523,27.723229100025492,0.5829553000221495,0.6133384999993723,0.5552659999812022,0.5671084999921732,0.011022899998351932
0.2,LP2 ($ 	heta $ Only),10,97,3.092431628926995e-05,,16,17,0,17,3.092431628926995e-05,20.0,80.0,0.016147399990586564,0.08703620001324452,0.004434200003743172,1.5448757999984082,2.9531868000049144,27.072119799995562,0.9151767999865115,0.7252298999810591,0.55720549999387,0.5649762999964878,0.005322200013324618
0.2,LP2 ($ 	heta $ Only),11,108,3.046540068907178e-05,,6,18,0,18,3.046540068907178e-05,18.0,82.0,0.019390100002055988,0.14168280002195388,0.003919600014341995,1.816990799998166,2.880928899976425,32.965071600017836,0.8081578999990597,0.5897536000120454,0.582493699999759,0.5713503999868408,0.007151799974963069
0.2,LP2 ($ 	heta $ Only),12,120,2.9929295935533746e-05,,5,14,0,14,2.9929295935533743e-05,12.0,88.0,0.03126960000372492,0.11298050000914373,0.00472629998694174,2.2099534000153653,3.592593699984718,33.57680310000433,1.1309204999997746,1.251389500015648,0.9597177999967244,0.8629460000083782,0.009875500021735206
0.2,LP2 ($ 	heta $ Only),13,133,1.3427014038054414e-05,,10,9,0,9,1.3427014038054414e-05,10.0,90.0,0.020455599995329976,0.1466317999875173,0.01166899999952875,2.2698504000145476,3.0997364000068046,30.935646500001894,0.8539574000169523,0.9036350999958813,0.578013699996518,0.7046706000110134,0.0053796999854967
0.2,LP2 ($ 	heta $ Only),14,147,3.623791120661461e-05,,8,30,3,27,3.62379112066146e-05,20.0,80.0,0.019684300001244992,0.09180759999435395,0.003590400010580197,1.6686229999759234,3.1763049000001047,29.459646400006022,1.0217337999783922,0.6658306999888737,1.1320081999874674,0.7684212999884039,0.008190600026864558
0.2,LP2 ($ 	heta $ Only),15,162,4.0629936028926386e-05,,20,25,0,25,4.062993602892639e-05,14.0,86.0,0.01769320000312291,0.10125619999598712,0.004968199995346367,2.027315899991663,3.191714000015054,29.990163500013296,0.58143900000141,0.6066092999826651,0.5693557999911718,0.6364417000149842,0.005269400018732995
0.2,LP2 ($ 	heta $ Only),16,178,5.931930069410161e-05,,11,34,1,33,5.9319300694101616e-05,20.0,80.0,0.01870250000501983,0.09103959999629296,0.00491299998247996,1.76943330001086,3.3813996000098996,26.39569730000221,0.8577552000060678,0.6588482000224758,0.6279710999806412,0.6189329999906477,0.006015100021613762
0.2,LP2 ($ 	heta $ Only),17,195,1.2110439727348092e-05,,19,14,0,14,1.2110439727348092e-05,8.0,92.0,0.018958000000566244,0.07979419999173842,0.003664099989691749,1.543209499999648,3.0776755000115372,30.952946999983396,0.5710262999928091,0.5723084999772254,0.6058839999896009,0.5575367000128608,0.005518699996173382
0.2,LP2 ($ 	heta $ Only),18,213,3.978510587796824e-06,,17,3,0,3,3.978510587796824e-06,4.0,96.0,0.01820439999573864,0.0718009999836795,0.005671399994753301,1.7590311999956612,2.8879635000193957,28.67912429998978,0.6188147999928333,0.5851277000037953,0.5993959999759682,0.9227586000051815,0.007766999973682687
0.2,LP2 ($ 	heta $ Only),19,232,2.0375508681654383e-05,,22,17,0,17,2.0375508681654383e-05,14.0,86.0,0.018135799997253343,0.08269380001001991,0.008306300005642697,1.953445199993439,3.2733596000180114,25.56785559997661,0.7039220000151545,0.8646697999793105,1.0424595999938902,0.6944055999920238,0.022264900006121024
0.2,LP3 ($ 	heta $ Only),0,42,0.006638007455984365,,11,20,0,20,0.000699731921388104,66.0,34.0,0.07331649999832734,0.28490199998486787,0.00816499997745268,3.1629818999790587,3.2386693000153173,26.860285700007807,0.733997500006808,0.5827997000014875,0.5663246999902185,0.6657185000076424,0.010489399981452152
0.2,LP3 ($ 	heta $ Only),1,43,0.0034208202919044518,,10,9,0,9,0.0002754164813292359,44.0,56.0,0.019166499987477437,0.17612889999873005,0.004531699989456683,1.5307616000063717,3.247793999995338,30.497719500010135,0.583119999995688,0.7637719000049401,0.7346029999898747,0.6925726999761537,0.012285100005101413
0.2,LP3 ($ 	heta $ Only),2,45,0.003965238883040486,,12,8,0,8,0.00034073887420239395,48.0,52.0,0.020858300005784258,0.07519149998552166,0.0037201999803073704,1.6862434999784455,2.9760855000058655,29.91527159998077,0.5663426999817602,0.63050430000294,0.5782412000116892,0.6003694999963045,0.005341800017049536
0.2,LP3 ($ 	heta $ Only),3,48,0.006723907262696864,,9,12,0,12,0.0009783319919771927,84.0,16.0,0.025068400020245463,0.07781149999937043,0.003785899985814467,1.7231654000061098,3.1759419000009075,32.893442000000505,0.5958907000022009,0.5630240000027698,0.6452441999863368,0.5865553999901749,0.010808899998664856
0.2,LP3 ($ 	heta $ Only),4,52,0.0034231603262235006,,21,10,0,10,0.000359443330557755,44.0,56.0,0.018695900012971833,0.09150429998408072,0.0035998999956063926,1.745374800026184,3.608832199999597,37.50063670001691,0.6307803000090644,0.6933774999924935,0.6830352999968454,0.8798564000171609,0.005339900002581999
0.2,LP3 ($ 	heta $ Only),5,57,0.0,,6,0,0,0,0.0,0.0,100.0,0.017771099985111505,0.09405390001484193,0.005299300013575703,1.619700900017051,3.83830279999529,22.666872900008457,0.7530021000129636,0.611353499989491,0.5847005999821704,0.6249217000149656,0.005681700014974922
0.2,LP3 ($ 	heta $ Only),6,63,0.007724437367224679,,15,19,0,19,0.0009587712507343631,76.0,24.0,0.02535909999278374,0.09118509999825619,0.004760300013003871,1.7768271999957506,3.338378400017973,26.106371300003957,0.7440108999726363,0.570418499992229,0.5607198000070639,0.6147381000046153,0.017701799981296062
0.2,LP3 ($ 	heta $ Only),7,70,0.007953593234876625,,12,22,0,22,0.0009022760479845372,82.0,18.0,0.026292099995771423,0.09234719999949448,0.0065015000000130385,1.5411091000132728,3.049175499996636,24.608132199995453,0.6338347000128124,0.5947690000175498,0.6673412999953143,0.6587244999827817,0.009271099988836795
0.2,LP3 ($ 	heta $ Only),8,78,0.006804965296453305,,16,19,0,19,0.0006148591940618473,70.0,30.0,0.018191599985584617,0.09334369999123737,0.006147999985842034,2.162360999995144,3.5922477999993134,23.475571999995736,0.645267000014428,0.7328043000015896,0.6844914999965113,0.6502328999922611,0.019567999988794327
0.2,LP3 ($ 	heta $ Only),9,87,0.006212606752801121,,8,17,0,17,0.0006125353027239655,78.0,22.0,0.03626560000702739,0.1096665000077337,0.005923299991991371,1.7322871000214946,3.3686589999997523,27.723229100025492,0.5829553000221495,0.6133384999993723,0.5552659999812022,0.5671084999921732,0.011022899998351932
0.2,LP3 ($ 	heta $ Only),10,97,0.006360880791754935,,16,17,0,17,0.0005236288146828562,74.0,26.0,0.016147399990586564,0.08703620001324452,0.004434200003743172,1.5448757999984082,2.9531868000049144,27.072119799995562,0.9151767999865115,0.7252298999810591,0.55720549999387,0.5649762999964878,0.005322200013324618
0.2,LP3 ($ 	heta $ Only),11,108,0.0049334475851307786,,6,11,0,11,0.0005794657653062519,70.0,30.0,0.019390100002055988,0.14168280002195388,0.003919600014341995,1.816990799998166,2.880928899976425,32.965071600017836,0.8081578999990597,0.5897536000120454,0.582493699999759,0.5713503999868408,0.007151799974963069
0.2,LP3 ($ 	heta $ Only),12,120,0.005845037478288285,,5,13,0,13,0.0004695309890892729,70.0,30.0,0.03126960000372492,0.11298050000914373,0.00472629998694174,2.2099534000153653,3.592593699984718,33.57680310000433,1.1309204999997746,1.251389500015648,0.9597177999967244,0.8629460000083782,0.009875500021735206
0.2,LP3 ($ 	heta $ Only),13,133,0.003964162437827771,,10,14,0,14,0.00030854809959870967,46.0,54.0,0.020455599995329976,0.1466317999875173,0.01166899999952875,2.2698504000145476,3.0997364000068046,30.935646500001894,0.8539574000169523,0.9036350999958813,0.578013699996518,0.7046706000110134,0.0053796999854967
0.2,LP3 ($ 	heta $ Only),14,147,0.007720332893814585,,8,25,0,25,0.0009455007998966512,86.0,14.0,0.019684300001244992,0.09180759999435395,0.003590400010580197,1.6686229999759234,3.1763049000001047,29.459646400006022,1.0217337999783922,0.6658306999888737,1.1320081999874674,0.7684212999884039,0.008190600026864558
0.2,LP3 ($ 	heta $ Only),15,162,0.007861342311922193,,20,29,0,29,0.0007637742001952463,80.0,20.0,0.01769320000312291,0.10125619999598712,0.004968199995346367,2.027315899991663,3.191714000015054,29.990163500013296,0.58143900000141,0.6066092999826651,0.5693557999911718,0.6364417000149842,0.005269400018732995
0.2,LP3 ($ 	heta $ Only),16,178,0.008871135807291035,,11,26,0,26,0.0009903962659203603,88.0,12.0,0.01870250000501983,0.09103959999629296,0.00491299998247996,1.76943330001086,3.3813996000098996,26.39569730000221,0.8577552000060678,0.6588482000224758,0.6279710999806412,0.6189329999906477,0.006015100021613762
0.2,LP3 ($ 	heta $ Only),17,195,0.003081012297476042,,19,7,0,7,0.00027697833924689543,44.0,56.0,0.018958000000566244,0.07979419999173842,0.003664099989691749,1.543209499999648,3.0776755000115372,30.952946999983396,0.5710262999928091,0.5723084999772254,0.6058839999896009,0.5575367000128608,0.005518699996173382
0.2,LP3 ($ 	heta $ Only),18,213,0.0026337488223580605,,17,9,0,9,0.00021574600168428927,30.0,70.0,0.01820439999573864,0.0718009999836795,0.005671399994753301,1.7590311999956612,2.8879635000193957,28.67912429998978,0.6188147999928333,0.5851277000037953,0.5993959999759682,0.9227586000051815,0.007766999973682687
0.2,LP3 ($ 	heta $ Only),19,232,0.005444461206442594,,22,16,0,16,0.0004684880992327553,70.0,30.0,0.018135799997253343,0.08269380001001991,0.008306300005642697,1.953445199993439,3.2733596000180114,25.56785559997661,0.7039220000151545,0.8646697999793105,1.0424595999938902,0.6944055999920238,0.022264900006121024
0.2,Weighted LP3 ($ 	heta $ Only),0,42,0.004273225032230791,,11,18,0,18,0.0006421497646075732,64.0,36.0,0.07331649999832734,0.28490199998486787,0.00816499997745268,3.1629818999790587,3.2386693000153173,26.860285700007807,0.733997500006808,0.5827997000014875,0.5663246999902185,0.6657185000076424,0.010489399981452152
0.2,Weighted LP3 ($ 	heta $ Only),1,43,0.002135800904398302,,10,11,0,11,0.0002735727415722883,40.0,60.0,0.019166499987477437,0.17612889999873005,0.004531699989456683,1.5307616000063717,3.247793999995338,30.497719500010135,0.583119999995688,0.7637719000049401,0.7346029999898747,0.6925726999761537,0.012285100005101413
0.2,Weighted LP3 ($ 	heta $ Only),2,45,0.00243003875598233,,12,7,0,7,0.0003404253445741574,50.0,50.0,0.020858300005784258,0.07519149998552166,0.0037201999803073704,1.6862434999784455,2.9760855000058655,29.91527159998077,0.5663426999817602,0.63050430000294,0.5782412000116892,0.6003694999963045,0.005341800017049536
0.2,Weighted LP3 ($ 	heta $ Only),3,48,0.004288338207024432,,9,9,0,9,0.0007493817390190618,74.0,26.0,0.025068400020245463,0.07781149999937043,0.003785899985814467,1.7231654000061098,3.1759419000009075,32.893442000000505,0.5958907000022009,0.5630240000027698,0.6452441999863368,0.5865553999901749,0.010808899998664856
0.2,Weighted LP3 ($ 	heta $ Only),4,52,0.0020795600190754984,,21,8,0,8,0.00031615070195639244,32.0,68.0,0.018695900012971833,0.09150429998408072,0.0035998999956063926,1.745374800026184,3.608832199999597,37.50063670001691,0.6307803000090644,0.6933774999924935,0.6830352999968454,0.8798564000171609,0.005339900002581999
0.2,Weighted LP3 ($ 	heta $ Only),5,57,0.0,,6,0,0,0,0.0,0.0,100.0,0.017771099985111505,0.09405390001484193,0.005299300013575703,1.619700900017051,3.83830279999529,22.666872900008457,0.7530021000129636,0.611353499989491,0.5847005999821704,0.6249217000149656,0.005681700014974922
0.2,Weighted LP3 ($ 	heta $ Only),6,63,0.005068525018474232,,15,22,0,22,0.0008926080470482683,76.0,24.0,0.02535909999278374,0.09118509999825619,0.004760300013003871,1.7768271999957506,3.338378400017973,26.106371300003957,0.7440108999726363,0.570418499992229,0.5607198000070639,0.6147381000046153,0.017701799981296062
0.2,Weighted LP3 ($ 	heta $ Only),7,70,0.005272649192244815,,12,17,0,17,0.0008980423582454127,78.0,22.0,0.026292099995771423,0.09234719999949448,0.0065015000000130385,1.5411091000132728,3.049175499996636,24.608132199995453,0.6338347000128124,0.5947690000175498,0.6673412999953143,0.6587244999827817,0.009271099988836795
0.2,Weighted LP3 ($ 	heta $ Only),8,78,0.004377850619684595,,16,17,0,17,0.0005759659896535046,66.0,34.0,0.018191599985584617,0.09334369999123737,0.006147999985842034,2.162360999995144,3.5922477999993134,23.475571999995736,0.645267000014428,0.7328043000015896,0.6844914999965113,0.6502328999922611,0.019567999988794327
0.2,Weighted LP3 ($ 	heta $ Only),9,87,0.003994153062411031,,8,19,0,19,0.0005704073446893907,68.0,32.0,0.03626560000702739,0.1096665000077337,0.005923299991991371,1.7322871000214946,3.3686589999997523,27.723229100025492,0.5829553000221495,0.6133384999993723,0.5552659999812022,0.5671084999921732,0.011022899998351932
0.2,Weighted LP3 ($ 	heta $ Only),10,97,0.003921208294744866,,16,16,0,16,0.0004730235526708089,68.0,32.0,0.016147399990586564,0.08703620001324452,0.004434200003743172,1.5448757999984082,2.9531868000049144,27.072119799995562,0.9151767999865115,0.7252298999810591,0.55720549999387,0.5649762999964878,0.005322200013324618
0.2,Weighted LP3 ($ 	heta $ Only),11,108,0.003098452923517635,,6,12,0,12,0.0005309054318966322,64.0,36.0,0.019390100002055988,0.14168280002195388,0.003919600014341995,1.816990799998166,2.880928899976425,32.965071600017836,0.8081578999990597,0.5897536000120454,0.582493699999759,0.5713503999868408,0.007151799974963069
0.2,Weighted LP3 ($ 	heta $ Only),12,120,0.0036546938583409726,,5,15,0,15,0.00047074046327460605,62.0,38.0,0.03126960000372492,0.11298050000914373,0.00472629998694174,2.2099534000153653,3.592593699984718,33.57680310000433,1.1309204999997746,1.251389500015648,0.9597177999967244,0.8629460000083782,0.009875500021735206
0.2,Weighted LP3 ($ 	heta $ Only),13,133,0.00259650366069212,,10,14,0,14,0.0003269421861509128,46.0,54.0,0.020455599995329976,0.1466317999875173,0.01166899999952875,2.2698504000145476,3.0997364000068046,30.935646500001894,0.8539574000169523,0.9036350999958813,0.578013699996518,0.7046706000110134,0.0053796999854967
0.2,Weighted LP3 ($ 	heta $ Only),14,147,0.005064634305270337,,8,22,0,22,0.0009017123650809204,84.0,16.0,0.019684300001244992,0.09180759999435395,0.003590400010580197,1.6686229999759234,3.1763049000001047,29.459646400006022,1.0217337999783922,0.6658306999888737,1.1320081999874674,0.7684212999884039,0.008190600026864558
0.2,Weighted LP3 ($ 	heta $ Only),15,162,0.005028050255271843,,20,25,0,25,0.0007185553587191168,86.0,14.0,0.01769320000312291,0.10125619999598712,0.004968199995346367,2.027315899991663,3.191714000015054,29.990163500013296,0.58143900000141,0.6066092999826651,0.5693557999911718,0.6364417000149842,0.005269400018732995
0.2,Weighted LP3 ($ 	heta $ Only),16,178,0.005653731549329857,,11,25,0,25,0.0008719263862270383,84.0,16.0,0.01870250000501983,0.09103959999629296,0.00491299998247996,1.76943330001086,3.3813996000098996,26.39569730000221,0.8577552000060678,0.6588482000224758,0.6279710999806412,0.6189329999906477,0.006015100021613762
0.2,Weighted LP3 ($ 	heta $ Only),17,195,0.0019394684593498626,,19,8,0,8,0.0002719526118958367,38.0,62.0,0.018958000000566244,0.07979419999173842,0.003664099989691749,1.543209499999648,3.0776755000115372,30.952946999983396,0.5710262999928091,0.5723084999772254,0.6058839999896009,0.5575367000128608,0.005518699996173382
0.2,Weighted LP3 ($ 	heta $ Only),18,213,0.0017393066117794064,,17,8,0,8,0.00021647233192741426,22.0,78.0,0.01820439999573864,0.0718009999836795,0.005671399994753301,1.7590311999956612,2.8879635000193957,28.67912429998978,0.6188147999928333,0.5851277000037953,0.5993959999759682,0.9227586000051815,0.007766999973682687
0.2,Weighted LP3 ($ 	heta $ Only),19,232,0.0034175206184806797,,22,17,0,17,0.00046156386229503275,66.0,34.0,0.018135799997253343,0.08269380001001991,0.008306300005642697,1.953445199993439,3.2733596000180114,25.56785559997661,0.7039220000151545,0.8646697999793105,1.0424595999938902,0.6944055999920238,0.022264900006121024
0.2,Borda LP3 ($ 	heta $ Only),0,42,0.004867862800069021,,11,21,0,21,0.0007228573219383806,74.0,26.0,0.07331649999832734,0.28490199998486787,0.00816499997745268,3.1629818999790587,3.2386693000153173,26.860285700007807,0.733997500006808,0.5827997000014875,0.5663246999902185,0.6657185000076424,0.010489399981452152
0.2,Borda LP3 ($ 	heta $ Only),1,43,0.0024820313738547067,,10,10,0,10,0.00032060831081197024,42.0,58.0,0.019166499987477437,0.17612889999873005,0.004531699989456683,1.5307616000063717,3.247793999995338,30.497719500010135,0.583119999995688,0.7637719000049401,0.7346029999898747,0.6925726999761537,0.012285100005101413
0.2,Borda LP3 ($ 	heta $ Only),2,45,0.0012070213493629647,,12,8,0,8,0.0008653786587088293,28.0,72.0,0.020858300005784258,0.07519149998552166,0.0037201999803073704,1.6862434999784455,2.9760855000058655,29.91527159998077,0.5663426999817602,0.63050430000294,0.5782412000116892,0.6003694999963045,0.005341800017049536
0.2,Borda LP3 ($ 	heta $ Only),3,48,0.004213083954293932,,9,9,0,9,0.0007354736326164192,74.0,26.0,0.025068400020245463,0.07781149999937043,0.003785899985814467,1.7231654000061098,3.1759419000009075,32.893442000000505,0.5958907000022009,0.5630240000027698,0.6452441999863368,0.5865553999901749,0.010808899998664856
0.2,Borda LP3 ($ 	heta $ Only),4,52,0.001878386280054136,,21,8,0,8,0.0003835655517211509,40.0,60.0,0.018695900012971833,0.09150429998408072,0.0035998999956063926,1.745374800026184,3.608832199999597,37.50063670001691,0.6307803000090644,0.6933774999924935,0.6830352999968454,0.8798564000171609,0.005339900002581999
0.2,Borda LP3 ($ 	heta $ Only),5,57,0.0,,6,0,0,0,0.0,0.0,100.0,0.017771099985111505,0.09405390001484193,0.005299300013575703,1.619700900017051,3.83830279999529,22.666872900008457,0.7530021000129636,0.611353499989491,0.5847005999821704,0.6249217000149656,0.005681700014974922
0.2,Borda LP3 ($ 	heta $ Only),6,63,0.0070394278904669,,15,20,0,20,0.0010413995673590971,84.0,16.0,0.02535909999278374,0.09118509999825619,0.004760300013003871,1.7768271999957506,3.338378400017973,26.106371300003957,0.7440108999726363,0.570418499992229,0.5607198000070639,0.6147381000046153,0.017701799981296062
0.2,Borda LP3 ($ 	heta $ Only),7,70,0.006540122739451165,,12,21,0,21,0.0009058716107007281,70.0,30.0,0.026292099995771423,0.09234719999949448,0.0065015000000130385,1.5411091000132728,3.049175499996636,24.608132199995453,0.6338347000128124,0.5947690000175498,0.6673412999953143,0.6587244999827817,0.009271099988836795
0.2,Borda LP3 ($ 	heta $ Only),8,78,0.00571355400169955,,16,24,0,24,0.0006042238143991615,62.0,38.0,0.018191599985584617,0.09334369999123737,0.006147999985842034,2.162360999995144,3.5922477999993134,23.475571999995736,0.645267000014428,0.7328043000015896,0.6844914999965113,0.6502328999922611,0.019567999988794327
0.2,Borda LP3 ($ 	heta $ Only),9,87,0.004634500421336376,,8,17,0,17,0.0006339466943323838,78.0,22.0,0.03626560000702739,0.1096665000077337,0.005923299991991371,1.7322871000214946,3.3686589999997523,27.723229100025492,0.5829553000221495,0.6133384999993723,0.5552659999812022,0.5671084999921732,0.011022899998351932
0.2,Borda LP3 ($ 	heta $ Only),10,97,0.004352445646275214,,16,18,0,18,0.00050146248443276,68.0,32.0,0.016147399990586564,0.08703620001324452,0.004434200003743172,1.5448757999984082,2.9531868000049144,27.072119799995562,0.9151767999865115,0.7252298999810591,0.55720549999387,0.5649762999964878,0.005322200013324618
0.2,Borda LP3 ($ 	heta $ Only),11,108,0.004319407133678621,,6,13,0,13,0.0005760498828995379,76.0,24.0,0.019390100002055988,0.14168280002195388,0.003919600014341995,1.816990799998166,2.880928899976425,32.965071600017836,0.8081578999990597,0.5897536000120454,0.582493699999759,0.5713503999868408,0.007151799974963069
0.2,Borda LP3 ($ 	heta $ Only),12,120,0.0030273189774125183,,5,13,0,13,0.0004710705669113882,44.0,56.0,0.03126960000372492,0.11298050000914373,0.00472629998694174,2.2099534000153653,3.592593699984718,33.57680310000433,1.1309204999997746,1.251389500015648,0.9597177999967244,0.8629460000083782,0.009875500021735206
0.2,Borda LP3 ($ 	heta $ Only),13,133,0.0030334866202453097,,10,12,0,12,0.0003833865439533704,42.0,58.0,0.020455599995329976,0.1466317999875173,0.01166899999952875,2.2698504000145476,3.0997364000068046,30.935646500001894,0.8539574000169523,0.9036350999958813,0.578013699996518,0.7046706000110134,0.0053796999854967
0.2,Borda LP3 ($ 	heta $ Only),14,147,0.004843189803837726,,8,19,0,19,0.0009830842062821348,72.0,28.0,0.019684300001244992,0.09180759999435395,0.003590400010580197,1.6686229999759234,3.1763049000001047,29.459646400006022,1.0217337999783922,0.6658306999888737,1.1320081999874674,0.7684212999884039,0.008190600026864558
0.2,Borda LP3 ($ 	heta $ Only),15,162,0.006080403979756468,,20,29,0,29,0.0006996328827763764,82.0,18.0,0.01769320000312291,0.10125619999598712,0.004968199995346367,2.027315899991663,3.191714000015054,29.990163500013296,0.58143900000141,0.6066092999826651,0.5693557999911718,0.6364417000149842,0.005269400018732995
0.2,Borda LP3 ($ 	heta $ Only),16,178,0.0066176048614942475,,11,28,0,28,0.0007827330037726836,84.0,16.0,0.01870250000501983,0.09103959999629296,0.00491299998247996,1.76943330001086,3.3813996000098996,26.39569730000221,0.8577552000060678,0.6588482000224758,0.6279710999806412,0.6189329999906477,0.006015100021613762
0.2,Borda LP3 ($ 	heta $ Only),17,195,0.0006947245730933812,,19,6,0,6,0.0006947245730933813,22.0,78.0,0.018958000000566244,0.07979419999173842,0.003664099989691749,1.543209499999648,3.0776755000115372,30.952946999983396,0.5710262999928091,0.5723084999772254,0.6058839999896009,0.5575367000128608,0.005518699996173382
0.2,Borda LP3 ($ 	heta $ Only),18,213,0.0004921471167539016,,17,4,0,4,0.0004921471167539016,12.0,88.0,0.01820439999573864,0.0718009999836795,0.005671399994753301,1.7590311999956612,2.8879635000193957,28.67912429998978,0.6188147999928333,0.5851277000037953,0.5993959999759682,0.9227586000051815,0.007766999973682687
0.2,Borda LP3 ($ 	heta $ Only),19,232,0.003601679470232679,,22,14,0,14,0.00042338694977850643,58.0,42.0,0.018135799997253343,0.08269380001001991,0.008306300005642697,1.953445199993439,3.2733596000180114,25.56785559997661,0.7039220000151545,0.8646697999793105,1.0424595999938902,0.6944055999920238,0.022264900006121024
0.2,Linear BTL,0,42,,-3063.1264094482026,11,33,0,33,,,,0.07331649999832734,0.28490199998486787,0.00816499997745268,3.1629818999790587,3.2386693000153173,26.860285700007807,0.733997500006808,0.5827997000014875,0.5663246999902185,0.6657185000076424,0.010489399981452152
0.2,Linear BTL,1,43,,-82712.85192233526,10,98,9,89,,,,0.019166499987477437,0.17612889999873005,0.004531699989456683,1.5307616000063717,3.247793999995338,30.497719500010135,0.583119999995688,0.7637719000049401,0.7346029999898747,0.6925726999761537,0.012285100005101413
0.2,Linear BTL,2,45,,-3287.776129193529,12,30,0,30,,,,0.020858300005784258,0.07519149998552166,0.0037201999803073704,1.6862434999784455,2.9760855000058655,29.91527159998077,0.5663426999817602,0.63050430000294,0.5782412000116892,0.6003694999963045,0.005341800017049536
0.2,Linear BTL,3,48,,-10744.22113122045,9,99,2,97,,,,0.025068400020245463,0.07781149999937043,0.003785899985814467,1.7231654000061098,3.1759419000009075,32.893442000000505,0.5958907000022009,0.5630240000027698,0.6452441999863368,0.5865553999901749,0.010808899998664856
0.2,Linear BTL,4,52,,-3159.148276782225,21,23,0,23,,,,0.018695900012971833,0.09150429998408072,0.0035998999956063926,1.745374800026184,3.608832199999597,37.50063670001691,0.6307803000090644,0.6933774999924935,0.6830352999968454,0.8798564000171609,0.005339900002581999
0.2,Linear BTL,5,57,,-3041.743554828325,6,22,0,22,,,,0.017771099985111505,0.09405390001484193,0.005299300013575703,1.619700900017051,3.83830279999529,22.666872900008457,0.7530021000129636,0.611353499989491,0.5847005999821704,0.6249217000149656,0.005681700014974922
0.2,Linear BTL,6,63,,-3407.5405263634207,15,34,0,34,,,,0.02535909999278374,0.09118509999825619,0.004760300013003871,1.7768271999957506,3.338378400017973,26.106371300003957,0.7440108999726363,0.570418499992229,0.5607198000070639,0.6147381000046153,0.017701799981296062
0.2,Linear BTL,7,70,,-3390.9032156724084,12,36,0,36,,,,0.026292099995771423,0.09234719999949448,0.0065015000000130385,1.5411091000132728,3.049175499996636,24.608132199995453,0.6338347000128124,0.5947690000175498,0.6673412999953143,0.6587244999827817,0.009271099988836795
0.2,Linear BTL,8,78,,-3076.6161220037743,16,41,0,41,,,,0.018191599985584617,0.09334369999123737,0.006147999985842034,2.162360999995144,3.5922477999993134,23.475571999995736,0.645267000014428,0.7328043000015896,0.6844914999965113,0.6502328999922611,0.019567999988794327
0.2,Linear BTL,9,87,,-3052.1055748869426,8,33,0,33,,,,0.03626560000702739,0.1096665000077337,0.005923299991991371,1.7322871000214946,3.3686589999997523,27.723229100025492,0.5829553000221495,0.6133384999993723,0.5552659999812022,0.5671084999921732,0.011022899998351932
0.2,Linear BTL,10,97,,-3071.1535527514943,16,28,0,28,,,,0.016147399990586564,0.08703620001324452,0.004434200003743172,1.5448757999984082,2.9531868000049144,27.072119799995562,0.9151767999865115,0.7252298999810591,0.55720549999387,0.5649762999964878,0.005322200013324618
0.2,Linear BTL,11,108,,-3074.0604805313965,6,24,0,24,,,,0.019390100002055988,0.14168280002195388,0.003919600014341995,1.816990799998166,2.880928899976425,32.965071600017836,0.8081578999990597,0.5897536000120454,0.582493699999759,0.5713503999868408,0.007151799974963069
0.2,Linear BTL,12,120,,-3447.5510284497454,5,30,0,30,,,,0.03126960000372492,0.11298050000914373,0.00472629998694174,2.2099534000153653,3.592593699984718,33.57680310000433,1.1309204999997746,1.251389500015648,0.9597177999967244,0.8629460000083782,0.009875500021735206
0.2,Linear BTL,13,133,,-3510.0861541608083,10,39,0,39,,,,0.020455599995329976,0.1466317999875173,0.01166899999952875,2.2698504000145476,3.0997364000068046,30.935646500001894,0.8539574000169523,0.9036350999958813,0.578013699996518,0.7046706000110134,0.0053796999854967
0.2,Linear BTL,14,147,,-3494.2600866570856,8,36,0,36,,,,0.019684300001244992,0.09180759999435395,0.003590400010580197,1.6686229999759234,3.1763049000001047,29.459646400006022,1.0217337999783922,0.6658306999888737,1.1320081999874674,0.7684212999884039,0.008190600026864558
0.2,Linear BTL,15,162,,-3265.1513719815803,20,37,0,37,,,,0.01769320000312291,0.10125619999598712,0.004968199995346367,2.027315899991663,3.191714000015054,29.990163500013296,0.58143900000141,0.6066092999826651,0.5693557999911718,0.6364417000149842,0.005269400018732995
0.2,Linear BTL,16,178,,-3193.9457591194405,11,46,1,45,,,,0.01870250000501983,0.09103959999629296,0.00491299998247996,1.76943330001086,3.3813996000098996,26.39569730000221,0.8577552000060678,0.6588482000224758,0.6279710999806412,0.6189329999906477,0.006015100021613762
0.2,Linear BTL,17,195,,-3583.5247525081486,19,44,0,44,,,,0.018958000000566244,0.07979419999173842,0.003664099989691749,1.543209499999648,3.0776755000115372,30.952946999983396,0.5710262999928091,0.5723084999772254,0.6058839999896009,0.5575367000128608,0.005518699996173382
0.2,Linear BTL,18,213,,-3080.08121482652,17,33,0,33,,,,0.01820439999573864,0.0718009999836795,0.005671399994753301,1.7590311999956612,2.8879635000193957,28.67912429998978,0.6188147999928333,0.5851277000037953,0.5993959999759682,0.9227586000051815,0.007766999973682687
0.2,Linear BTL,19,232,,-3409.2106910766706,22,29,0,29,,,,0.018135799997253343,0.08269380001001991,0.008306300005642697,1.953445199993439,3.2733596000180114,25.56785559997661,0.7039220000151545,0.8646697999793105,1.0424595999938902,0.6944055999920238,0.022264900006121024
0.3,LP2 ($ 	heta $ Only),0,42,5.066362402507341e-05,,27,28,0,28,5.066362402507341e-05,24.0,76.0,0.05103699999745004,0.10401530002127402,0.0036342999956104904,2.062652900000103,3.0305349999980535,33.398602400004165,0.7261894000112079,0.6365938000089955,0.5791280000121333,0.6538510000100359,0.005350599996745586
0.3,LP2 ($ 	heta $ Only),1,43,2.7290624991983085e-05,,24,22,0,22,2.7290624991983088e-05,12.0,88.0,0.019588900002418086,0.09073409999837168,0.00847179998527281,1.885970900009852,3.0972979000071064,33.09218350000447,0.6524227000190876,0.8795256000012159,0.7040479000133928,0.5750162999902386,0.0066645999904721975
0.3,LP2 ($ 	heta $ Only),2,45,2.7908131099313518e-05,,19,19,0,19,2.7908131099313515e-05,18.0,82.0,0.01631239999551326,0.08917609998025,0.004404700011946261,1.5816318999859504,2.9767955999996047,29.968671299982816,0.661394199996721,0.6013401999953203,0.5838789999834262,0.5860262000060175,0.005296299990732223
0.3,LP2 ($ 	heta $ Only),3,48,1.5643986525415777e-05,,24,27,0,27,1.5643986525415777e-05,14.0,86.0,0.016053899977123365,0.08402150002075359,0.0035878999915439636,1.7922904999868479,3.172362199984491,34.44529259999399,0.5719853999908082,0.6030213999911211,0.8855633999919519,0.5880150999873877,0.014841900003375486
0.3,LP2 ($ 	heta $ Only),4,52,4.05553212434148e-05,,32,32,0,32,4.05553212434148e-05,28.0,72.0,0.01874369999859482,0.08675320001202635,0.003956000000471249,1.7334514999820385,3.3552931000012904,35.393172399984905,0.762399999977788,0.5828893999860156,0.6562522999884095,0.5848977999994531,0.011480199988000095
0.3,LP2 ($ 	heta $ Only),5,57,1.0527999742635017e-05,,25,13,0,13,1.0527999742635017e-05,8.0,92.0,0.0186536000110209,0.09422959998482838,0.0035875000176019967,1.594373399973847,3.0664721000066493,35.235317300015595,0.6132261999882758,0.5571250999928452,0.6460955999791622,0.602662599994801,0.010459100012667477
0.3,LP2 ($ 	heta $ Only),6,63,7.15435270946908e-05,,24,42,0,42,7.15435270946908e-05,26.0,74.0,0.016343199997209013,0.08970579999731854,0.0036143999896012247,2.0080118000041693,3.1290878000145312,34.258521400013706,0.5772080000024289,0.6150769999949262,0.6004293000150938,0.587593400006881,0.008463199977995828
0.3,LP2 ($ 	heta $ Only),7,70,4.4376553327093735e-05,,25,52,0,52,4.437655332709373e-05,22.0,78.0,0.022096300002885982,0.08222100001876242,0.0035675999824889004,1.6928495000174735,3.241777999995975,33.99665909999749,0.6259678000060376,0.5989078999846242,0.5962005999754183,0.5852937999879941,0.01500999997369945
0.3,LP2 ($ 	heta $ Only),8,78,2.3392819283469357e-05,,24,17,0,17,2.3392819283469357e-05,18.0,82.0,0.035899999988032505,0.09138410000014119,0.008230499981436878,1.744445700023789,3.2016847000049893,29.193960800010245,0.5748026999935973,0.610970300011104,0.6305503000039607,0.6364313999947626,0.008901200024411082
0.3,LP2 ($ 	heta $ Only),9,87,6.01284124480026e-05,,31,49,2,47,6.01284124480026e-05,32.0,68.0,0.024841500009642914,0.08171319999382831,0.0035463999956846237,1.8225761000066996,3.550230599998031,38.31354899998405,0.9365684999793302,0.6644817000196781,0.621579800004838,0.7130527000117581,0.009097200003452599
0.3,LP2 ($ 	heta $ Only),10,97,6.502732172519385e-05,,19,51,0,51,6.502732172519385e-05,26.0,74.0,0.024393400002736598,0.09792349999770522,0.003904599987436086,1.8006565000105184,3.0543833000119776,35.84932469998603,0.6353463999985252,0.7079458000080194,0.6144215000094846,0.6126228999928571,0.01141590002225712
0.3,LP2 ($ 	heta $ Only),11,108,2.6297630128251026e-05,,23,20,0,20,2.6297630128251023e-05,18.0,82.0,0.017747900012182072,0.17333600000711158,0.012530100008007139,1.7214773999876343,4.8134577999881,33.13011349999579,0.5684917999897152,0.5705680999963079,0.756015999999363,0.5969301000004634,0.005316599999787286
0.3,LP2 ($ 	heta $ Only),12,120,4.0074724336556165e-05,,30,40,0,40,4.007472433655616e-05,28.0,72.0,0.016111699980683625,0.0879801000119187,0.0036271999997552484,1.5491715000243858,3.3961953000107314,39.6009977000067,0.5990967999969143,1.1192013999971095,0.7615853000024799,0.5963303000025917,0.01287219999358058
0.3,LP2 ($ 	heta $ Only),13,133,1.5435170748552793e-05,,16,27,0,27,1.5435170748552796e-05,12.0,88.0,0.01979729998856783,0.10148819998721592,0.0038850000128149986,1.7321174999815412,3.600754399987636,37.91998530001729,0.8040349000075366,0.8448634000087623,0.8309872000245377,0.6258168999920599,0.009377799986395985
0.3,LP2 ($ 	heta $ Only),14,147,3.739077319387631e-05,,28,27,0,27,3.739077319387631e-05,24.0,76.0,0.01901920000091195,0.07737399998586625,0.006606100010685623,1.9864706000080332,3.1496003000065684,35.3844460999826,0.5833252999873366,0.7132174000144005,0.5882710999867413,0.6280812999757472,0.008627800008980557
0.3,LP2 ($ 	heta $ Only),15,162,2.2782789103874427e-05,,23,28,0,28,2.2782789103874423e-05,14.0,86.0,0.016172300005564466,0.0839986999926623,0.0053786000062245876,2.1320625000225846,3.4571394000086,36.650249400001485,0.7247550999745727,0.5919427000044379,0.5756110000074841,0.5796433000068646,0.0061864000163041055
0.3,LP2 ($ 	heta $ Only),16,178,7.7946268528985e-05,,24,51,3,48,7.794626852898502e-05,32.0,68.0,0.01636000000871718,0.09143170001334511,0.0035939000081270933,1.6032922000158578,3.0560763999819756,31.776592699985486,0.5651451000012457,0.5697692999965511,0.5765110999927856,0.7178033000091091,0.006095200020354241
0.3,LP2 ($ 	heta $ Only),17,195,2.5360782870830176e-05,,33,39,0,39,2.5360782870830176e-05,20.0,80.0,0.016111899982206523,0.08136469998862594,0.003581199998734519,1.430401299992809,3.1188700000056997,35.556425900023896,0.5477535999962129,0.5736101999937091,0.5558212999894749,0.7742806000169367,0.011633300018729642
0.3,LP2 ($ 	heta $ Only),18,213,4.407819958379698e-05,,32,29,4,25,4.4078199583796986e-05,14.0,86.0,0.03099230001680553,0.19773569999961182,0.0041658999980427325,1.707957999984501,3.157261800020933,25.922154900006717,0.582668899995042,0.7571027000085451,0.5809380999999121,0.5713127000199165,0.005568299995502457
0.3,LP2 ($ 	heta $ Only),19,232,4.1348483134091786e-05,,32,31,0,31,4.1348483134091786e-05,18.0,82.0,0.022334900015266612,0.08154270000522956,0.005853599985130131,1.595443800004432,3.0211806999868713,32.49227250000695,0.594279999990249,0.5555372999806423,0.5560518999991473,0.7868284000142012,0.006386199995176867
0.3,LP3 ($ 	heta $ Only),0,42,0.012152307998464526,,27,30,0,30,0.0016355424684310056,92.0,8.0,0.05103699999745004,0.10401530002127402,0.0036342999956104904,2.062652900000103,3.0305349999980535,33.398602400004165,0.7261894000112079,0.6365938000089955,0.5791280000121333,0.6538510000100359,0.005350599996745586
0.3,LP3 ($ 	heta $ Only),1,43,0.007576857123462571,,24,18,0,18,0.0007417735908927195,80.0,20.0,0.019588900002418086,0.09073409999837168,0.00847179998527281,1.885970900009852,3.0972979000071064,33.09218350000447,0.6524227000190876,0.8795256000012159,0.7040479000133928,0.5750162999902386,0.0066645999904721975
0.3,LP3 ($ 	heta $ Only),2,45,0.007110557152140204,,19,21,0,21,0.000694228601970902,66.0,34.0,0.01631239999551326,0.08917609998025,0.004404700011946261,1.5816318999859504,2.9767955999996047,29.968671299982816,0.661394199996721,0.6013401999953203,0.5838789999834262,0.5860262000060175,0.005296299990732223
0.3,LP3 ($ 	heta $ Only),3,48,0.005732162393268327,,24,17,0,17,0.0005959506096246095,76.0,24.0,0.016053899977123365,0.08402150002075359,0.0035878999915439636,1.7922904999868479,3.172362199984491,34.44529259999399,0.5719853999908082,0.6030213999911211,0.8855633999919519,0.5880150999873877,0.014841900003375486
0.3,LP3 ($ 	heta $ Only),4,52,0.009418088827864669,,32,25,0,25,0.0009523423201618029,90.0,10.0,0.01874369999859482,0.08675320001202635,0.003956000000471249,1.7334514999820385,3.3552931000012904,35.393172399984905,0.762399999977788,0.5828893999860156,0.6562522999884095,0.5848977999994531,0.011480199988000095
0.3,LP3 ($ 	heta $ Only),5,57,0.0037151720087030366,,25,10,0,10,0.0003585838778030476,44.0,56.0,0.0186536000110209,0.09422959998482838,0.0035875000176019967,1.594373399973847,3.0664721000066493,35.235317300015595,0.6132261999882758,0.5571250999928452,0.6460955999791622,0.602662599994801,0.010459100012667477
0.3,LP3 ($ 	heta $ Only),6,63,0.014983690498661325,,24,42,0,42,0.0027190626143101886,98.0,2.0,0.016343199997209013,0.08970579999731854,0.0036143999896012247,2.0080118000041693,3.1290878000145312,34.258521400013706,0.5772080000024289,0.6150769999949262,0.6004293000150938,0.587593400006881,0.008463199977995828
0.3,LP3 ($ 	heta $ Only),7,70,0.010961344224363926,,25,25,0,25,0.0016929709603262142,90.0,10.0,0.022096300002885982,0.08222100001876242,0.0035675999824889004,1.6928495000174735,3.241777999995975,33.99665909999749,0.6259678000060376,0.5989078999846242,0.5962005999754183,0.5852937999879941,0.01500999997369945
0.3,LP3 ($ 	heta $ Only),8,78,0.008967619543522615,,24,25,0,25,0.0008924215894937265,86.0,14.0,0.035899999988032505,0.09138410000014119,0.008230499981436878,1.744445700023789,3.2016847000049893,29.193960800010245,0.5748026999935973,0.610970300011104,0.6305503000039607,0.6364313999947626,0.008901200024411082
0.3,LP3 ($ 	heta $ Only),9,87,0.011027446968580929,,31,31,0,31,0.0014989306491879247,96.0,4.0,0.024841500009642914,0.08171319999382831,0.0035463999956846237,1.8225761000066996,3.550230599998031,38.31354899998405,0.9365684999793302,0.6644817000196781,0.621579800004838,0.7130527000117581,0.009097200003452599
0.3,LP3 ($ 	heta $ Only),10,97,0.01559732212035196,,19,51,0,51,0.0026619219455721516,98.0,2.0,0.024393400002736598,0.09792349999770522,0.003904599987436086,1.8006565000105184,3.0543833000119776,35.84932469998603,0.6353463999985252,0.7079458000080194,0.6144215000094846,0.6126228999928571,0.01141590002225712
0.3,LP3 ($ 	heta $ Only),11,108,0.005772829425269129,,23,22,0,22,0.0004909548642006273,80.0,20.0,0.017747900012182072,0.17333600000711158,0.012530100008007139,1.7214773999876343,4.8134577999881,33.13011349999579,0.5684917999897152,0.5705680999963079,0.756015999999363,0.5969301000004634,0.005316599999787286
0.3,LP3 ($ 	heta $ Only),12,120,0.00993562288078323,,30,32,0,32,0.0011118344045419316,92.0,8.0,0.016111699980683625,0.0879801000119187,0.0036271999997552484,1.5491715000243858,3.3961953000107314,39.6009977000067,0.5990967999969143,1.1192013999971095,0.7615853000024799,0.5963303000025917,0.01287219999358058
0.3,LP3 ($ 	heta $ Only),13,133,0.008276256048959426,,16,26,0,26,0.0007169884091991313,80.0,20.0,0.01979729998856783,0.10148819998721592,0.0038850000128149986,1.7321174999815412,3.600754399987636,37.91998530001729,0.8040349000075366,0.8448634000087623,0.8309872000245377,0.6258168999920599,0.009377799986395985
0.3,LP3 ($ 	heta $ Only),14,147,0.009519519490464498,,28,34,0,34,0.0008548712963798971,84.0,16.0,0.01901920000091195,0.07737399998586625,0.006606100010685623,1.9864706000080332,3.1496003000065684,35.3844460999826,0.5833252999873366,0.7132174000144005,0.5882710999867413,0.6280812999757472,0.008627800008980557
0.3,LP3 ($ 	heta $ Only),15,162,0.007529675023524009,,23,22,0,22,0.0006720893253139722,78.0,22.0,0.016172300005564466,0.0839986999926623,0.0053786000062245876,2.1320625000225846,3.4571394000086,36.650249400001485,0.7247550999745727,0.5919427000044379,0.5756110000074841,0.5796433000068646,0.0061864000163041055
0.3,LP3 ($ 	heta $ Only),16,178,0.015023836821728418,,24,37,1,36,0.0029878710131172963,98.0,2.0,0.01636000000871718,0.09143170001334511,0.0035939000081270933,1.6032922000158578,3.0560763999819756,31.776592699985486,0.5651451000012457,0.5697692999965511,0.5765110999927856,0.7178033000091091,0.006095200020354241
0.3,LP3 ($ 	heta $ Only),17,195,0.007614037402155068,,33,24,0,24,0.0007654762940660463,84.0,16.0,0.016111899982206523,0.08136469998862594,0.003581199998734519,1.430401299992809,3.1188700000056997,35.556425900023896,0.5477535999962129,0.5736101999937091,0.5558212999894749,0.7742806000169367,0.011633300018729642
0.3,LP3 ($ 	heta $ Only),18,213,0.006337245202649379,,32,17,0,17,0.0006828682728872481,64.0,36.0,0.03099230001680553,0.19773569999961182,0.0041658999980427325,1.707957999984501,3.157261800020933,25.922154900006717,0.582668899995042,0.7571027000085451,0.5809380999999121,0.5713127000199165,0.005568299995502457
0.3,LP3 ($ 	heta $ Only),19,232,0.010128288056576028,,32,33,0,33,0.0013376408107012075,88.0,12.0,0.022334900015266612,0.08154270000522956,0.005853599985130131,1.595443800004432,3.0211806999868713,32.49227250000695,0.594279999990249,0.5555372999806423,0.5560518999991473,0.7868284000142012,0.006386199995176867
0.3,Weighted LP3 ($ 	heta $ Only),0,42,0.008055979454197141,,27,27,0,27,0.0012191723173281318,86.0,14.0,0.05103699999745004,0.10401530002127402,0.0036342999956104904,2.062652900000103,3.0305349999980535,33.398602400004165,0.7261894000112079,0.6365938000089955,0.5791280000121333,0.6538510000100359,0.005350599996745586
0.3,Weighted LP3 ($ 	heta $ Only),1,43,0.004891153221546591,,24,16,0,16,0.0007334584488477368,80.0,20.0,0.019588900002418086,0.09073409999837168,0.00847179998527281,1.885970900009852,3.0972979000071064,33.09218350000447,0.6524227000190876,0.8795256000012159,0.7040479000133928,0.5750162999902386,0.0066645999904721975
0.3,Weighted LP3 ($ 	heta $ Only),2,45,0.004642876244425956,,19,20,0,20,0.0006592524701792577,70.0,30.0,0.01631239999551326,0.08917609998025,0.004404700011946261,1.5816318999859504,2.9767955999996047,29.968671299982816,0.661394199996721,0.6013401999953203,0.5838789999834262,0.5860262000060175,0.005296299990732223
0.3,Weighted LP3 ($ 	heta $ Only),3,48,0.0035711664772201646,,24,20,0,20,0.0004606729619809401,66.0,34.0,0.016053899977123365,0.08402150002075359,0.0035878999915439636,1.7922904999868479,3.172362199984491,34.44529259999399,0.5719853999908082,0.6030213999911211,0.8855633999919519,0.5880150999873877,0.014841900003375486
0.3,Weighted LP3 ($ 	heta $ Only),4,52,0.005837663603791527,,32,24,0,24,0.0008179102470598938,78.0,22.0,0.01874369999859482,0.08675320001202635,0.003956000000471249,1.7334514999820385,3.3552931000012904,35.393172399984905,0.762399999977788,0.5828893999860156,0.6562522999884095,0.5848977999994531,0.011480199988000095
0.3,Weighted LP3 ($ 	heta $ Only),5,57,0.002316266101630625,,25,12,0,12,0.00035575491693221154,38.0,62.0,0.0186536000110209,0.09422959998482838,0.0035875000176019967,1.594373399973847,3.0664721000066493,35.235317300015595,0.6132261999882758,0.5571250999928452,0.6460955999791622,0.602662599994801,0.010459100012667477
0.3,Weighted LP3 ($ 	heta $ Only),6,63,0.010009066828051576,,24,40,0,40,0.0025784873521414293,96.0,4.0,0.016343199997209013,0.08970579999731854,0.0036143999896012247,2.0080118000041693,3.1290878000145312,34.258521400013706,0.5772080000024289,0.6150769999949262,0.6004293000150938,0.587593400006881,0.008463199977995828
0.3,Weighted LP3 ($ 	heta $ Only),7,70,0.007121494361208622,,25,23,0,23,0.0015538301060515946,90.0,10.0,0.022096300002885982,0.08222100001876242,0.0035675999824889004,1.6928495000174735,3.241777999995975,33.99665909999749,0.6259678000060376,0.5989078999846242,0.5962005999754183,0.5852937999879941,0.01500999997369945
0.3,Weighted LP3 ($ 	heta $ Only),8,78,0.005884176886828299,,24,25,0,25,0.0008024250312628006,82.0,18.0,0.035899999988032505,0.09138410000014119,0.008230499981436878,1.744445700023789,3.2016847000049893,29.193960800010245,0.5748026999935973,0.610970300011104,0.6305503000039607,0.6364313999947626,0.008901200024411082
0.3,Weighted LP3 ($ 	heta $ Only),9,87,0.006973397712560805,,31,31,0,31,0.000903001058927255,84.0,16.0,0.024841500009642914,0.08171319999382831,0.0035463999956846237,1.8225761000066996,3.550230599998031,38.31354899998405,0.9365684999793302,0.6644817000196781,0.621579800004838,0.7130527000117581,0.009097200003452599
0.3,Weighted LP3 ($ 	heta $ Only),10,97,0.010414538555986454,,19,51,0,51,0.0017934376789220717,94.0,6.0,0.024393400002736598,0.09792349999770522,0.003904599987436086,1.8006565000105184,3.0543833000119776,35.84932469998603,0.6353463999985252,0.7079458000080194,0.6144215000094846,0.6126228999928571,0.01141590002225712
0.3,Weighted LP3 ($ 	heta $ Only),11,108,0.0036239432351582524,,23,21,0,21,0.00045184632075251683,62.0,38.0,0.017747900012182072,0.17333600000711158,0.012530100008007139,1.7214773999876343,4.8134577999881,33.13011349999579,0.5684917999897152,0.5705680999963079,0.756015999999363,0.5969301000004634,0.005316599999787286
0.3,Weighted LP3 ($ 	heta $ Only),12,120,0.006269774537231567,,30,27,0,27,0.0007857206680751148,86.0,14.0,0.016111699980683625,0.0879801000119187,0.0036271999997552484,1.5491715000243858,3.3961953000107314,39.6009977000067,0.5990967999969143,1.1192013999971095,0.7615853000024799,0.5963303000025917,0.01287219999358058
0.3,Weighted LP3 ($ 	heta $ Only),13,133,0.005385096645730475,,16,26,0,26,0.0006761029905173131,78.0,22.0,0.01979729998856783,0.10148819998721592,0.0038850000128149986,1.7321174999815412,3.600754399987636,37.91998530001729,0.8040349000075366,0.8448634000087623,0.8309872000245377,0.6258168999920599,0.009377799986395985
0.3,Weighted LP3 ($ 	heta $ Only),14,147,0.005960511231049126,,28,28,0,28,0.0007736337622089446,84.0,16.0,0.01901920000091195,0.07737399998586625,0.006606100010685623,1.9864706000080332,3.1496003000065684,35.3844460999826,0.5833252999873366,0.7132174000144005,0.5882710999867413,0.6280812999757472,0.008627800008980557
0.3,Weighted LP3 ($ 	heta $ Only),15,162,0.004588791454243539,,23,24,0,24,0.0006211093354200209,74.0,26.0,0.016172300005564466,0.0839986999926623,0.0053786000062245876,2.1320625000225846,3.4571394000086,36.650249400001485,0.7247550999745727,0.5919427000044379,0.5756110000074841,0.5796433000068646,0.0061864000163041055
0.3,Weighted LP3 ($ 	heta $ Only),16,178,0.010358299996134072,,24,34,0,34,0.002322575514952706,94.0,6.0,0.01636000000871718,0.09143170001334511,0.0035939000081270933,1.6032922000158578,3.0560763999819756,31.776592699985486,0.5651451000012457,0.5697692999965511,0.5765110999927856,0.7178033000091091,0.006095200020354241
0.3,Weighted LP3 ($ 	heta $ Only),17,195,0.004848386984012713,,33,22,0,22,0.000683302755406414,82.0,18.0,0.016111899982206523,0.08136469998862594,0.003581199998734519,1.430401299992809,3.1188700000056997,35.556425900023896,0.5477535999962129,0.5736101999937091,0.5558212999894749,0.7742806000169367,0.011633300018729642
0.3,Weighted LP3 ($ 	heta $ Only),18,213,0.003974682563128559,,32,20,0,20,0.0006528338912605094,64.0,36.0,0.03099230001680553,0.19773569999961182,0.0041658999980427325,1.707957999984501,3.157261800020933,25.922154900006717,0.582668899995042,0.7571027000085451,0.5809380999999121,0.5713127000199165,0.005568299995502457
0.3,Weighted LP3 ($ 	heta $ Only),19,232,0.0064652859783576235,,32,32,0,32,0.0010219488730030257,88.0,12.0,0.022334900015266612,0.08154270000522956,0.005853599985130131,1.595443800004432,3.0211806999868713,32.49227250000695,0.594279999990249,0.5555372999806423,0.5560518999991473,0.7868284000142012,0.006386199995176867
0.3,Borda LP3 ($ 	heta $ Only),0,42,0.010055421516964369,,27,30,0,30,0.0013428330148066096,90.0,10.0,0.05103699999745004,0.10401530002127402,0.0036342999956104904,2.062652900000103,3.0305349999980535,33.398602400004165,0.7261894000112079,0.6365938000089955,0.5791280000121333,0.6538510000100359,0.005350599996745586
0.3,Borda LP3 ($ 	heta $ Only),1,43,0.00404114874299573,,24,20,0,20,0.0005994358187375246,62.0,38.0,0.019588900002418086,0.09073409999837168,0.00847179998527281,1.885970900009852,3.0972979000071064,33.09218350000447,0.6524227000190876,0.8795256000012159,0.7040479000133928,0.5750162999902386,0.0066645999904721975
0.3,Borda LP3 ($ 	heta $ Only),2,45,0.006640707122045125,,19,17,0,17,0.0007789664040002723,76.0,24.0,0.01631239999551326,0.08917609998025,0.004404700011946261,1.5816318999859504,2.9767955999996047,29.968671299982816,0.661394199996721,0.6013401999953203,0.5838789999834262,0.5860262000060175,0.005296299990732223
0.3,Borda LP3 ($ 	heta $ Only),3,48,0.0035853697332110758,,24,20,0,20,0.0006119166049188413,54.0,46.0,0.016053899977123365,0.08402150002075359,0.0035878999915439636,1.7922904999868479,3.172362199984491,34.44529259999399,0.5719853999908082,0.6030213999911211,0.8855633999919519,0.5880150999873877,0.014841900003375486
0.3,Borda LP3 ($ 	heta $ Only),4,52,0.005135450585808976,,32,28,0,28,0.0009890975619106265,86.0,14.0,0.01874369999859482,0.08675320001202635,0.003956000000471249,1.7334514999820385,3.3552931000012904,35.393172399984905,0.762399999977788,0.5828893999860156,0.6562522999884095,0.5848977999994531,0.011480199988000095
0.3,Borda LP3 ($ 	heta $ Only),5,57,0.00037628114122739063,,25,9,0,9,0.00037628114122739063,26.0,74.0,0.0186536000110209,0.09422959998482838,0.0035875000176019967,1.594373399973847,3.0664721000066493,35.235317300015595,0.6132261999882758,0.5571250999928452,0.6460955999791622,0.602662599994801,0.010459100012667477
0.3,Borda LP3 ($ 	heta $ Only),6,63,0.014345317513402156,,24,38,0,38,0.0028324989178251936,98.0,2.0,0.016343199997209013,0.08970579999731854,0.0036143999896012247,2.0080118000041693,3.1290878000145312,34.258521400013706,0.5772080000024289,0.6150769999949262,0.6004293000150938,0.587593400006881,0.008463199977995828
0.3,Borda LP3 ($ 	heta $ Only),7,70,0.007487123114934465,,25,27,0,27,0.001449903910659968,86.0,14.0,0.022096300002885982,0.08222100001876242,0.0035675999824889004,1.6928495000174735,3.241777999995975,33.99665909999749,0.6259678000060376,0.5989078999846242,0.5962005999754183,0.5852937999879941,0.01500999997369945
0.3,Borda LP3 ($ 	heta $ Only),8,78,0.006334546259118985,,24,25,0,25,0.0007443712505112687,82.0,18.0,0.035899999988032505,0.09138410000014119,0.008230499981436878,1.744445700023789,3.2016847000049893,29.193960800010245,0.5748026999935973,0.610970300011104,0.6305503000039607,0.6364313999947626,0.008901200024411082
0.3,Borda LP3 ($ 	heta $ Only),9,87,0.00933566063305288,,31,36,0,36,0.0010934061421127637,88.0,12.0,0.024841500009642914,0.08171319999382831,0.0035463999956846237,1.8225761000066996,3.550230599998031,38.31354899998405,0.9365684999793302,0.6644817000196781,0.621579800004838,0.7130527000117581,0.009097200003452599
0.3,Borda LP3 ($ 	heta $ Only),10,97,0.012060828996726912,,19,51,0,51,0.001762707186417652,94.0,6.0,0.024393400002736598,0.09792349999770522,0.003904599987436086,1.8006565000105184,3.0543833000119776,35.84932469998603,0.6353463999985252,0.7079458000080194,0.6144215000094846,0.6126228999928571,0.01141590002225712
0.3,Borda LP3 ($ 	heta $ Only),11,108,0.002912703056235813,,23,21,0,21,0.0005937443282759971,58.0,42.0,0.017747900012182072,0.17333600000711158,0.012530100008007139,1.7214773999876343,4.8134577999881,33.13011349999579,0.5684917999897152,0.5705680999963079,0.756015999999363,0.5969301000004634,0.005316599999787286
0.3,Borda LP3 ($ 	heta $ Only),12,120,0.007805987414296291,,30,35,0,35,0.0008037525628960035,92.0,8.0,0.016111699980683625,0.0879801000119187,0.0036271999997552484,1.5491715000243858,3.3961953000107314,39.6009977000067,0.5990967999969143,1.1192013999971095,0.7615853000024799,0.5963303000025917,0.01287219999358058
0.3,Borda LP3 ($ 	heta $ Only),13,133,0.00677888386204558,,16,30,0,30,0.0006787492391213279,78.0,22.0,0.01979729998856783,0.10148819998721592,0.0038850000128149986,1.7321174999815412,3.600754399987636,37.91998530001729,0.8040349000075366,0.8448634000087623,0.8309872000245377,0.6258168999920599,0.009377799986395985
0.3,Borda LP3 ($ 	heta $ Only),14,147,0.0072492899247096,,28,28,0,28,0.0007809145233101042,86.0,14.0,0.01901920000091195,0.07737399998586625,0.006606100010685623,1.9864706000080332,3.1496003000065684,35.3844460999826,0.5833252999873366,0.7132174000144005,0.5882710999867413,0.6280812999757472,0.008627800008980557
0.3,Borda LP3 ($ 	heta $ Only),15,162,0.004107962241003657,,23,24,0,24,0.0006195110931564234,56.0,44.0,0.016172300005564466,0.0839986999926623,0.0053786000062245876,2.1320625000225846,3.4571394000086,36.650249400001485,0.7247550999745727,0.5919427000044379,0.5756110000074841,0.5796433000068646,0.0061864000163041055
0.3,Borda LP3 ($ 	heta $ Only),16,178,0.012440494830904541,,24,34,0,34,0.0024020727869805826,96.0,4.0,0.01636000000871718,0.09143170001334511,0.0035939000081270933,1.6032922000158578,3.0560763999819756,31.776592699985486,0.5651451000012457,0.5697692999965511,0.5765110999927856,0.7178033000091091,0.006095200020354241
0.3,Borda LP3 ($ 	heta $ Only),17,195,0.00617246261437584,,33,27,0,27,0.0007571205070205532,90.0,10.0,0.016111899982206523,0.08136469998862594,0.003581199998734519,1.430401299992809,3.1188700000056997,35.556425900023896,0.5477535999962129,0.5736101999937091,0.5558212999894749,0.7742806000169367,0.011633300018729642
0.3,Borda LP3 ($ 	heta $ Only),18,213,0.003738434054651586,,32,14,0,14,0.0006447050460174934,56.0,44.0,0.03099230001680553,0.19773569999961182,0.0041658999980427325,1.707957999984501,3.157261800020933,25.922154900006717,0.582668899995042,0.7571027000085451,0.5809380999999121,0.5713127000199165,0.005568299995502457
0.3,Borda LP3 ($ 	heta $ Only),19,232,0.006436944928330822,,32,31,0,31,0.0010381955140453137,78.0,22.0,0.022334900015266612,0.08154270000522956,0.005853599985130131,1.595443800004432,3.0211806999868713,32.49227250000695,0.594279999990249,0.5555372999806423,0.5560518999991473,0.7868284000142012,0.006386199995176867
0.3,Linear BTL,0,42,,-127771.6015070225,27,253,52,201,,,,0.05103699999745004,0.10401530002127402,0.0036342999956104904,2.062652900000103,3.0305349999980535,33.398602400004165,0.7261894000112079,0.6365938000089955,0.5791280000121333,0.6538510000100359,0.005350599996745586
0.3,Linear BTL,1,43,,-4648.8374938727075,24,35,0,35,,,,0.019588900002418086,0.09073409999837168,0.00847179998527281,1.885970900009852,3.0972979000071064,33.09218350000447,0.6524227000190876,0.8795256000012159,0.7040479000133928,0.5750162999902386,0.0066645999904721975
0.3,Linear BTL,2,45,,-4798.35742047705,19,41,0,41,,,,0.01631239999551326,0.08917609998025,0.004404700011946261,1.5816318999859504,2.9767955999996047,29.968671299982816,0.661394199996721,0.6013401999953203,0.5838789999834262,0.5860262000060175,0.005296299990732223
0.3,Linear BTL,3,48,,-8427.226260450701,24,129,5,124,,,,0.016053899977123365,0.08402150002075359,0.0035878999915439636,1.7922904999868479,3.172362199984491,34.44529259999399,0.5719853999908082,0.6030213999911211,0.8855633999919519,0.5880150999873877,0.014841900003375486
0.3,Linear BTL,4,52,,-20548.71518370154,32,81,2,79,,,,0.01874369999859482,0.08675320001202635,0.003956000000471249,1.7334514999820385,3.3552931000012904,35.393172399984905,0.762399999977788,0.5828893999860156,0.6562522999884095,0.5848977999994531,0.011480199988000095
0.3,Linear BTL,5,57,,-48630.00326368706,25,186,17,169,,,,0.0186536000110209,0.09422959998482838,0.0035875000176019967,1.594373399973847,3.0664721000066493,35.235317300015595,0.6132261999882758,0.5571250999928452,0.6460955999791622,0.602662599994801,0.010459100012667477
0.3,Linear BTL,6,63,,-5107.264683142625,24,86,2,84,,,,0.016343199997209013,0.08970579999731854,0.0036143999896012247,2.0080118000041693,3.1290878000145312,34.258521400013706,0.5772080000024289,0.6150769999949262,0.6004293000150938,0.587593400006881,0.008463199977995828
0.3,Linear BTL,7,70,,-4397.855363696444,25,64,0,64,,,,0.022096300002885982,0.08222100001876242,0.0035675999824889004,1.6928495000174735,3.241777999995975,33.99665909999749,0.6259678000060376,0.5989078999846242,0.5962005999754183,0.5852937999879941,0.01500999997369945
0.3,Linear BTL,8,78,,-4271.208837072423,24,41,0,41,,,,0.035899999988032505,0.09138410000014119,0.008230499981436878,1.744445700023789,3.2016847000049893,29.193960800010245,0.5748026999935973,0.610970300011104,0.6305503000039607,0.6364313999947626,0.008901200024411082
0.3,Linear BTL,9,87,,-4978.923199738391,31,107,4,103,,,,0.024841500009642914,0.08171319999382831,0.0035463999956846237,1.8225761000066996,3.550230599998031,38.31354899998405,0.9365684999793302,0.6644817000196781,0.621579800004838,0.7130527000117581,0.009097200003452599
0.3,Linear BTL,10,97,,-349744.25635990244,19,215,31,184,,,,0.024393400002736598,0.09792349999770522,0.003904599987436086,1.8006565000105184,3.0543833000119776,35.84932469998603,0.6353463999985252,0.7079458000080194,0.6144215000094846,0.6126228999928571,0.01141590002225712
0.3,Linear BTL,11,108,,-7032.711134481111,23,125,2,123,,,,0.017747900012182072,0.17333600000711158,0.012530100008007139,1.7214773999876343,4.8134577999881,33.13011349999579,0.5684917999897152,0.5705680999963079,0.756015999999363,0.5969301000004634,0.005316599999787286
0.3,Linear BTL,12,120,,-7049.884881180296,30,121,1,120,,,,0.016111699980683625,0.0879801000119187,0.0036271999997552484,1.5491715000243858,3.3961953000107314,39.6009977000067,0.5990967999969143,1.1192013999971095,0.7615853000024799,0.5963303000025917,0.01287219999358058
0.3,Linear BTL,13,133,,-4742.9178036863295,16,44,0,44,,,,0.01979729998856783,0.10148819998721592,0.0038850000128149986,1.7321174999815412,3.600754399987636,37.91998530001729,0.8040349000075366,0.8448634000087623,0.8309872000245377,0.6258168999920599,0.009377799986395985
0.3,Linear BTL,14,147,,-4994.734200870559,28,48,0,48,,,,0.01901920000091195,0.07737399998586625,0.006606100010685623,1.9864706000080332,3.1496003000065684,35.3844460999826,0.5833252999873366,0.7132174000144005,0.5882710999867413,0.6280812999757472,0.008627800008980557
0.3,Linear BTL,15,162,,-4626.3606466435585,23,33,0,33,,,,0.016172300005564466,0.0839986999926623,0.0053786000062245876,2.1320625000225846,3.4571394000086,36.650249400001485,0.7247550999745727,0.5919427000044379,0.5756110000074841,0.5796433000068646,0.0061864000163041055
0.3,Linear BTL,16,178,,-4608.861954626295,24,59,1,58,,,,0.01636000000871718,0.09143170001334511,0.0035939000081270933,1.6032922000158578,3.0560763999819756,31.776592699985486,0.5651451000012457,0.5697692999965511,0.5765110999927856,0.7178033000091091,0.006095200020354241
0.3,Linear BTL,17,195,,-4926.447324795928,33,82,0,82,,,,0.016111899982206523,0.08136469998862594,0.003581199998734519,1.430401299992809,3.1188700000056997,35.556425900023896,0.5477535999962129,0.5736101999937091,0.5558212999894749,0.7742806000169367,0.011633300018729642
0.3,Linear BTL,18,213,,-4375.816397057629,32,46,0,46,,,,0.03099230001680553,0.19773569999961182,0.0041658999980427325,1.707957999984501,3.157261800020933,25.922154900006717,0.582668899995042,0.7571027000085451,0.5809380999999121,0.5713127000199165,0.005568299995502457
0.3,Linear BTL,19,232,,-4692.333310069362,32,69,0,69,,,,0.022334900015266612,0.08154270000522956,0.005853599985130131,1.595443800004432,3.0211806999868713,32.49227250000695,0.594279999990249,0.5555372999806423,0.5560518999991473,0.7868284000142012,0.006386199995176867
0.4,LP2 ($ 	heta $ Only),0,42,5.529956304074831e-05,,35,60,0,60,5.52995630407483e-05,32.0,68.0,0.03545209998264909,0.07663990001310594,0.003660500020487234,1.6764096000115387,3.098130799975479,36.91440190002322,0.5625281000102405,0.6597700999991503,0.5481814999948256,0.5612985000188928,0.008287800010293722
0.4,LP2 ($ 	heta $ Only),1,43,3.3164408499504794e-05,,46,51,0,51,3.3164408499504794e-05,26.0,74.0,0.020362700015539303,0.07648600000538863,0.007174700003815815,1.6783650999714155,2.9986361999763176,36.43924080001307,0.5666236999968532,0.6401362000033259,0.5292009999975562,0.5656176000193227,0.005262099992251024
0.4,LP2 ($ 	heta $ Only),2,45,3.573154395351904e-05,,39,37,0,37,3.573154395351905e-05,26.0,74.0,0.01828580000437796,0.0784288999857381,0.0036112999951001257,1.7503676999767777,3.08032850001473,37.62535060002119,0.5590333000000101,0.6019439999945462,0.5890933999908157,0.5587096999806818,0.00528189999749884
0.4,LP2 ($ 	heta $ Only),3,48,2.4978555068280192e-05,,34,34,0,34,2.4978555068280195e-05,20.0,80.0,0.01590209998539649,0.0879541999893263,0.004016499995486811,1.9521275000006426,3.085205200011842,36.319532399997115,0.7767596999765374,0.5518027000071015,0.5990147000120487,0.63186819999828,0.005251800001133233
0.4,LP2 ($ 	heta $ Only),4,52,8.072609465571382e-05,,45,78,3,75,8.072609465571382e-05,30.0,70.0,0.023615799989784136,0.0875938999815844,0.0035700000007636845,1.5602403999946546,3.186083000007784,37.899878099997295,0.5448200000100769,0.6539447999966796,0.5715427999966778,0.5661697000032291,0.006285700015723705
0.4,LP2 ($ 	heta $ Only),5,57,3.591446289505502e-05,,32,28,0,28,3.5914462895055025e-05,24.0,76.0,0.01740430001518689,0.07280880000325851,0.003667399985715747,1.720964299980551,3.1618912999983877,35.87862030000542,0.7673247999919113,0.5675711999938358,0.572444399993401,0.5665504000207875,0.01046020002104342
0.4,LP2 ($ 	heta $ Only),6,63,5.1993218042821423e-05,,41,53,0,53,5.1993218042821423e-05,26.0,74.0,0.019277499988675117,0.10700560000259429,0.008318300009705126,1.6049465999822132,2.9995897999906447,35.682453900022665,0.6277384999848437,0.5278987000056077,0.5677786000014748,0.7169182999932673,0.021523899980820715
0.4,LP2 ($ 	heta $ Only),7,70,1.7829404329925625e-05,,49,22,0,22,1.7829404329925625e-05,10.0,90.0,0.031437300000106916,0.10486890000174753,0.006059900013497099,1.5496705999830738,2.965973699989263,29.90382479998516,0.6082842999894638,0.5685410000151023,0.5644077000033576,0.7535321000032127,0.010541800002101809
0.4,LP2 ($ 	heta $ Only),8,78,3.4235125686521615e-05,,43,32,0,32,3.423512568652162e-05,26.0,74.0,0.0225559999817051,0.08265850000316277,0.004959599988069385,1.600117299996782,3.463343299983535,34.30391510002664,0.7724307999887969,0.5611104999843519,0.5701884999871254,0.5843279999971855,0.007062999997287989
0.4,LP2 ($ 	heta $ Only),9,87,4.321054153267944e-05,,38,35,0,35,4.321054153267944e-05,22.0,78.0,0.018279499985510483,0.08007230001385324,0.003559000004315749,1.6321908000099938,3.1581927000079304,37.84951890000957,0.6369295000040438,0.5861356999957934,0.5639171999937389,0.73813899999368,0.005343700002413243
0.4,LP2 ($ 	heta $ Only),10,97,5.325388248728213e-05,,46,83,4,79,5.3253882487282136e-05,36.0,64.0,0.016677199979312718,0.08479880000231788,0.0035958999942522496,1.584497600008035,2.9897723000030965,37.69177090001176,0.5966309999930672,0.5550890000013169,0.6937078000046313,0.5589139000221621,0.0058237999910488725
0.4,LP2 ($ 	heta $ Only),11,108,1.4633346407617493e-05,,48,26,0,26,1.463334640761749e-05,12.0,88.0,0.016882299998542294,0.09797410000464879,0.0035850999993272126,1.5403589999768883,3.5089374000090174,37.01147719999426,0.5566449999751057,0.5421385000227019,0.5623987999861129,0.5721368999802507,0.005239899997832254
0.4,LP2 ($ 	heta $ Only),12,120,3.850900049112713e-05,,54,45,0,45,3.850900049112713e-05,28.0,72.0,0.01562640001066029,0.10678500001085922,0.0037506000080611557,1.6896519000001717,2.979517300002044,35.33196989999851,0.5974153999995906,0.5931168999813963,0.9224464999861084,1.0190906000207178,0.01741309999488294
0.4,LP2 ($ 	heta $ Only),13,133,5.422603260976524e-05,,31,59,0,59,5.4226032609765236e-05,36.0,64.0,0.026564400002826005,0.13315639999927953,0.00792659999569878,1.6166636999987531,3.0563924000016414,37.66838909999933,0.5881907999864779,0.5468307999835815,0.5740758000174537,0.6176092000096105,0.008683499996550381
0.4,LP2 ($ 	heta $ Only),14,147,3.0728257962252126e-05,,55,31,0,31,3.0728257962252126e-05,20.0,80.0,0.019323699991218746,0.09417339999345131,0.01032830000622198,1.804841800010763,3.0765728999977,34.8583832999866,0.5681980000226758,0.5641835000133142,0.5429139999905601,0.6044303000089712,0.005955000000540167
0.4,LP2 ($ 	heta $ Only),15,162,2.7280816256080844e-05,,35,40,0,40,2.7280816256080844e-05,18.0,82.0,0.018323800002690405,0.09111440001288429,0.005884199985302985,1.682859799999278,2.880747099989094,37.682964000006905,0.586323600000469,0.6182920999999624,0.5672293000097852,0.5322263000125531,0.011972300009801984
0.4,LP2 ($ 	heta $ Only),16,178,3.728645599065783e-05,,34,43,0,43,3.7286455990657825e-05,28.0,72.0,0.01847979999729432,0.0794655000208877,0.0036011000047437847,1.747149700007867,2.8184485000092536,34.752221700007794,0.5797274000069592,0.5744947999774013,0.6079244999855291,0.718979199999012,0.005263799976091832
0.4,LP2 ($ 	heta $ Only),17,195,1.444040856242816e-05,,42,28,0,28,1.4440408562428161e-05,12.0,88.0,0.02591599998413585,0.07603019999805838,0.0035608999896794558,1.5488646999874618,3.185379800008377,36.605254199996125,0.5820119999989402,0.5961101000139024,0.555339799990179,0.5721733999962453,0.013400900003034621
0.4,LP2 ($ 	heta $ Only),18,213,2.8050197840080805e-05,,38,51,0,51,2.8050197840080805e-05,20.0,80.0,0.019486400007735938,0.08401770002092235,0.0035850999993272126,1.7189971999905538,2.8535227999964263,30.56182639999315,0.5774725999799557,0.5568388999963645,0.576417499978561,0.7176686000020709,0.006079900020267814
0.4,LP2 ($ 	heta $ Only),19,232,4.476019249505045e-05,,41,50,0,50,4.4760192495050436e-05,26.0,74.0,0.016431299998657778,0.08100979999289848,0.005803200008813292,1.560568199987756,2.9769094999937806,36.6071884999983,0.5703118999954313,0.6017004000023007,0.5533120000036433,0.576150900014909,0.006059500010451302
0.4,LP3 ($ 	heta $ Only),0,42,0.018213346384490785,,35,56,0,56,0.003121895184170602,98.0,2.0,0.03545209998264909,0.07663990001310594,0.003660500020487234,1.6764096000115387,3.098130799975479,36.91440190002322,0.5625281000102405,0.6597700999991503,0.5481814999948256,0.5612985000188928,0.008287800010293722
0.4,LP3 ($ 	heta $ Only),1,43,0.014772514826071555,,46,51,0,51,0.0024961907380186784,96.0,4.0,0.020362700015539303,0.07648600000538863,0.007174700003815815,1.6783650999714155,2.9986361999763176,36.43924080001307,0.5666236999968532,0.6401362000033259,0.5292009999975562,0.5656176000193227,0.005262099992251024
0.4,LP3 ($ 	heta $ Only),2,45,0.011075899643470846,,39,38,0,38,0.001023116191805486,86.0,14.0,0.01828580000437796,0.0784288999857381,0.0036112999951001257,1.7503676999767777,3.08032850001473,37.62535060002119,0.5590333000000101,0.6019439999945462,0.5890933999908157,0.5587096999806818,0.00528189999749884
0.4,LP3 ($ 	heta $ Only),3,48,0.009851662425396332,,34,25,0,25,0.0010659784043835796,92.0,8.0,0.01590209998539649,0.0879541999893263,0.004016499995486811,1.9521275000006426,3.085205200011842,36.319532399997115,0.7767596999765374,0.5518027000071015,0.5990147000120487,0.63186819999828,0.005251800001133233
0.4,LP3 ($ 	heta $ Only),4,52,0.017434573034982637,,45,36,0,36,0.0031314409742405664,98.0,2.0,0.023615799989784136,0.0875938999815844,0.0035700000007636845,1.5602403999946546,3.186083000007784,37.899878099997295,0.5448200000100769,0.6539447999966796,0.5715427999966778,0.5661697000032291,0.006285700015723705
0.4,LP3 ($ 	heta $ Only),5,57,0.009294803363471348,,32,22,0,22,0.001299032283552185,88.0,12.0,0.01740430001518689,0.07280880000325851,0.003667399985715747,1.720964299980551,3.1618912999983877,35.87862030000542,0.7673247999919113,0.5675711999938358,0.572444399993401,0.5665504000207875,0.01046020002104342
0.4,LP3 ($ 	heta $ Only),6,63,0.01625010072776038,,41,55,0,55,0.0025764577826709253,98.0,2.0,0.019277499988675117,0.10700560000259429,0.008318300009705126,1.6049465999822132,2.9995897999906447,35.682453900022665,0.6277384999848437,0.5278987000056077,0.5677786000014748,0.7169182999932673,0.021523899980820715
0.4,LP3 ($ 	heta $ Only),7,70,0.0102484128861775,,49,36,0,36,0.0008165434288428334,84.0,16.0,0.031437300000106916,0.10486890000174753,0.006059900013497099,1.5496705999830738,2.965973699989263,29.90382479998516,0.6082842999894638,0.5685410000151023,0.5644077000033576,0.7535321000032127,0.010541800002101809
0.4,LP3 ($ 	heta $ Only),8,78,0.010211759845241853,,43,36,0,36,0.0010617396063411807,88.0,12.0,0.0225559999817051,0.08265850000316277,0.004959599988069385,1.600117299996782,3.463343299983535,34.30391510002664,0.7724307999887969,0.5611104999843519,0.5701884999871254,0.5843279999971855,0.007062999997287989
0.4,LP3 ($ 	heta $ Only),9,87,0.011793338001988935,,38,30,0,30,0.0013536333389622414,96.0,4.0,0.018279499985510483,0.08007230001385324,0.003559000004315749,1.6321908000099938,3.1581927000079304,37.84951890000957,0.6369295000040438,0.5861356999957934,0.5639171999937389,0.73813899999368,0.005343700002413243
0.4,LP3 ($ 	heta $ Only),10,97,0.01733094166116579,,46,51,0,51,0.002098084476979813,96.0,4.0,0.016677199979312718,0.08479880000231788,0.0035958999942522496,1.584497600008035,2.9897723000030965,37.69177090001176,0.5966309999930672,0.5550890000013169,0.6937078000046313,0.5589139000221621,0.0058237999910488725
0.4,LP3 ($ 	heta $ Only),11,108,0.007011816608215891,,48,17,0,17,0.0005495407718294658,72.0,28.0,0.016882299998542294,0.09797410000464879,0.0035850999993272126,1.5403589999768883,3.5089374000090174,37.01147719999426,0.5566449999751057,0.5421385000227019,0.5623987999861129,0.5721368999802507,0.005239899997832254
0.4,LP3 ($ 	heta $ Only),12,120,0.012058025033089672,,54,37,0,37,0.0009964660322870716,96.0,4.0,0.01562640001066029,0.10678500001085922,0.0037506000080611557,1.6896519000001717,2.979517300002044,35.33196989999851,0.5974153999995906,0.5931168999813963,0.9224464999861084,1.0190906000207178,0.01741309999488294
0.4,LP3 ($ 	heta $ Only),13,133,0.019467660479294192,,31,55,0,55,0.003433804251164044,98.0,2.0,0.026564400002826005,0.13315639999927953,0.00792659999569878,1.6166636999987531,3.0563924000016414,37.66838909999933,0.5881907999864779,0.5468307999835815,0.5740758000174537,0.6176092000096105,0.008683499996550381
0.4,LP3 ($ 	heta $ Only),14,147,0.010282201422152403,,55,33,0,33,0.0014683379889975697,92.0,8.0,0.019323699991218746,0.09417339999345131,0.01032830000622198,1.804841800010763,3.0765728999977,34.8583832999866,0.5681980000226758,0.5641835000133142,0.5429139999905601,0.6044303000089712,0.005955000000540167
0.4,LP3 ($ 	heta $ Only),15,162,0.012844224665177132,,35,38,0,38,0.0012363616911592206,96.0,4.0,0.018323800002690405,0.09111440001288429,0.005884199985302985,1.682859799999278,2.880747099989094,37.682964000006905,0.586323600000469,0.6182920999999624,0.5672293000097852,0.5322263000125531,0.011972300009801984
0.4,LP3 ($ 	heta $ Only),16,178,0.013617279801042888,,34,43,0,43,0.0018485760524598561,98.0,2.0,0.01847979999729432,0.0794655000208877,0.0036011000047437847,1.747149700007867,2.8184485000092536,34.752221700007794,0.5797274000069592,0.5744947999774013,0.6079244999855291,0.718979199999012,0.005263799976091832
0.4,LP3 ($ 	heta $ Only),17,195,0.010795115241998124,,42,33,0,33,0.0010702636421982242,92.0,8.0,0.02591599998413585,0.07603019999805838,0.0035608999896794558,1.5488646999874618,3.185379800008377,36.605254199996125,0.5820119999989402,0.5961101000139024,0.555339799990179,0.5721733999962453,0.013400900003034621
0.4,LP3 ($ 	heta $ Only),18,213,0.012194430077153453,,38,39,0,39,0.001377718067424587,90.0,10.0,0.019486400007735938,0.08401770002092235,0.0035850999993272126,1.7189971999905538,2.8535227999964263,30.56182639999315,0.5774725999799557,0.5568388999963645,0.576417499978561,0.7176686000020709,0.006079900020267814
0.4,LP3 ($ 	heta $ Only),19,232,0.01657395122964796,,41,51,0,51,0.0027354610215592433,98.0,2.0,0.016431299998657778,0.08100979999289848,0.005803200008813292,1.560568199987756,2.9769094999937806,36.6071884999983,0.5703118999954313,0.6017004000023007,0.5533120000036433,0.576150900014909,0.006059500010451302
0.4,Weighted LP3 ($ 	heta $ Only),0,42,0.012054734968695757,,35,59,0,59,0.0024455227816671935,94.0,6.0,0.03545209998264909,0.07663990001310594,0.003660500020487234,1.6764096000115387,3.098130799975479,36.91440190002322,0.5625281000102405,0.6597700999991503,0.5481814999948256,0.5612985000188928,0.008287800010293722
0.4,Weighted LP3 ($ 	heta $ Only),1,43,0.009708223983658407,,46,51,0,51,0.0018480410081685593,92.0,8.0,0.020362700015539303,0.07648600000538863,0.007174700003815815,1.6783650999714155,2.9986361999763176,36.43924080001307,0.5666236999968532,0.6401362000033259,0.5292009999975562,0.5656176000193227,0.005262099992251024
0.4,Weighted LP3 ($ 	heta $ Only),2,45,0.006937327976240096,,39,38,0,38,0.0008699282466643803,88.0,12.0,0.01828580000437796,0.0784288999857381,0.0036112999951001257,1.7503676999767777,3.08032850001473,37.62535060002119,0.5590333000000101,0.6019439999945462,0.5890933999908157,0.5587096999806818,0.00528189999749884
0.4,Weighted LP3 ($ 	heta $ Only),3,48,0.006104787997542457,,34,24,0,24,0.0007057085583321828,74.0,26.0,0.01590209998539649,0.0879541999893263,0.004016499995486811,1.9521275000006426,3.085205200011842,36.319532399997115,0.7767596999765374,0.5518027000071015,0.5990147000120487,0.63186819999828,0.005251800001133233
0.4,Weighted LP3 ($ 	heta $ Only),4,52,0.011273261840832279,,45,37,0,37,0.0024550159366218917,96.0,4.0,0.023615799989784136,0.0875938999815844,0.0035700000007636845,1.5602403999946546,3.186083000007784,37.899878099997295,0.5448200000100769,0.6539447999966796,0.5715427999966778,0.5661697000032291,0.006285700015723705
0.4,Weighted LP3 ($ 	heta $ Only),5,57,0.006058671152426471,,32,21,0,21,0.0011349581842748026,84.0,16.0,0.01740430001518689,0.07280880000325851,0.003667399985715747,1.720964299980551,3.1618912999983877,35.87862030000542,0.7673247999919113,0.5675711999938358,0.572444399993401,0.5665504000207875,0.01046020002104342
0.4,Weighted LP3 ($ 	heta $ Only),6,63,0.010500732133484,,41,56,0,56,0.001891738909298851,98.0,2.0,0.019277499988675117,0.10700560000259429,0.008318300009705126,1.6049465999822132,2.9995897999906447,35.682453900022665,0.6277384999848437,0.5278987000056077,0.5677786000014748,0.7169182999932673,0.021523899980820715
0.4,Weighted LP3 ($ 	heta $ Only),7,70,0.006324543470405073,,49,35,0,35,0.0005897328519761739,76.0,24.0,0.031437300000106916,0.10486890000174753,0.006059900013497099,1.5496705999830738,2.965973699989263,29.90382479998516,0.6082842999894638,0.5685410000151023,0.5644077000033576,0.7535321000032127,0.010541800002101809
0.4,Weighted LP3 ($ 	heta $ Only),8,78,0.006433246958751484,,43,36,0,36,0.0007682491670483388,82.0,18.0,0.0225559999817051,0.08265850000316277,0.004959599988069385,1.600117299996782,3.463343299983535,34.30391510002664,0.7724307999887969,0.5611104999843519,0.5701884999871254,0.5843279999971855,0.007062999997287989
0.4,Weighted LP3 ($ 	heta $ Only),9,87,0.007611355618520256,,38,28,0,28,0.0012492484875087253,92.0,8.0,0.018279499985510483,0.08007230001385324,0.003559000004315749,1.6321908000099938,3.1581927000079304,37.84951890000957,0.6369295000040438,0.5861356999957934,0.5639171999937389,0.73813899999368,0.005343700002413243
0.4,Weighted LP3 ($ 	heta $ Only),10,97,0.01112681097632353,,46,54,0,54,0.0018462543025775688,96.0,4.0,0.016677199979312718,0.08479880000231788,0.0035958999942522496,1.584497600008035,2.9897723000030965,37.69177090001176,0.5966309999930672,0.5550890000013169,0.6937078000046313,0.5589139000221621,0.0058237999910488725
0.4,Weighted LP3 ($ 	heta $ Only),11,108,0.004346735511262597,,48,21,0,21,0.0005322408635212673,64.0,36.0,0.016882299998542294,0.09797410000464879,0.0035850999993272126,1.5403589999768883,3.5089374000090174,37.01147719999426,0.5566449999751057,0.5421385000227019,0.5623987999861129,0.5721368999802507,0.005239899997832254
0.4,Weighted LP3 ($ 	heta $ Only),12,120,0.007401620780964766,,54,33,0,33,0.0008768016556708645,86.0,14.0,0.01562640001066029,0.10678500001085922,0.0037506000080611557,1.6896519000001717,2.979517300002044,35.33196989999851,0.5974153999995906,0.5931168999813963,0.9224464999861084,1.0190906000207178,0.01741309999488294
0.4,Weighted LP3 ($ 	heta $ Only),13,133,0.013336275704957889,,31,54,0,54,0.0030004641455830994,98.0,2.0,0.026564400002826005,0.13315639999927953,0.00792659999569878,1.6166636999987531,3.0563924000016414,37.66838909999933,0.5881907999864779,0.5468307999835815,0.5740758000174537,0.6176092000096105,0.008683499996550381
0.4,Weighted LP3 ($ 	heta $ Only),14,147,0.006707828790965053,,55,33,0,33,0.0012493779963174108,90.0,10.0,0.019323699991218746,0.09417339999345131,0.01032830000622198,1.804841800010763,3.0765728999977,34.8583832999866,0.5681980000226758,0.5641835000133142,0.5429139999905601,0.6044303000089712,0.005955000000540167
0.4,Weighted LP3 ($ 	heta $ Only),15,162,0.008074965508961236,,35,49,0,49,0.001132468909929638,94.0,6.0,0.018323800002690405,0.09111440001288429,0.005884199985302985,1.682859799999278,2.880747099989094,37.682964000006905,0.586323600000469,0.6182920999999624,0.5672293000097852,0.5322263000125531,0.011972300009801984
0.4,Weighted LP3 ($ 	heta $ Only),16,178,0.009040809783719496,,34,45,0,45,0.0014967633700562356,90.0,10.0,0.01847979999729432,0.0794655000208877,0.0036011000047437847,1.747149700007867,2.8184485000092536,34.752221700007794,0.5797274000069592,0.5744947999774013,0.6079244999855291,0.718979199999012,0.005263799976091832
0.4,Weighted LP3 ($ 	heta $ Only),17,195,0.006808976887318231,,42,34,0,34,0.000916035951318641,86.0,14.0,0.02591599998413585,0.07603019999805838,0.0035608999896794558,1.5488646999874618,3.185379800008377,36.605254199996125,0.5820119999989402,0.5961101000139024,0.555339799990179,0.5721733999962453,0.013400900003034621
0.4,Weighted LP3 ($ 	heta $ Only),18,213,0.008083346519251963,,38,40,0,40,0.0009537295153371517,80.0,20.0,0.019486400007735938,0.08401770002092235,0.0035850999993272126,1.7189971999905538,2.8535227999964263,30.56182639999315,0.5774725999799557,0.5568388999963645,0.576417499978561,0.7176686000020709,0.006079900020267814
0.4,Weighted LP3 ($ 	heta $ Only),19,232,0.010761117932113314,,41,51,0,51,0.001834915459303673,92.0,8.0,0.016431299998657778,0.08100979999289848,0.005803200008813292,1.560568199987756,2.9769094999937806,36.6071884999983,0.5703118999954313,0.6017004000023007,0.5533120000036433,0.576150900014909,0.006059500010451302
0.4,Borda LP3 ($ 	heta $ Only),0,42,0.014902511665410673,,35,60,0,60,0.002407493861987753,98.0,2.0,0.03545209998264909,0.07663990001310594,0.003660500020487234,1.6764096000115387,3.098130799975479,36.91440190002322,0.5625281000102405,0.6597700999991503,0.5481814999948256,0.5612985000188928,0.008287800010293722
0.4,Borda LP3 ($ 	heta $ Only),1,43,0.013023203993403636,,46,46,0,46,0.0021125018330298943,98.0,2.0,0.020362700015539303,0.07648600000538863,0.007174700003815815,1.6783650999714155,2.9986361999763176,36.43924080001307,0.5666236999968532,0.6401362000033259,0.5292009999975562,0.5656176000193227,0.005262099992251024
0.4,Borda LP3 ($ 	heta $ Only),2,45,0.0073994490435596695,,39,32,0,32,0.0008547360143143763,84.0,16.0,0.01828580000437796,0.0784288999857381,0.0036112999951001257,1.7503676999767777,3.08032850001473,37.62535060002119,0.5590333000000101,0.6019439999945462,0.5890933999908157,0.5587096999806818,0.00528189999749884
0.4,Borda LP3 ($ 	heta $ Only),3,48,0.00555176700816522,,34,30,0,30,0.0007739094930594661,80.0,20.0,0.01590209998539649,0.0879541999893263,0.004016499995486811,1.9521275000006426,3.085205200011842,36.319532399997115,0.7767596999765374,0.5518027000071015,0.5990147000120487,0.63186819999828,0.005251800001133233
0.4,Borda LP3 ($ 	heta $ Only),4,52,0.013034545126072175,,45,42,0,42,0.0024202422982395346,98.0,2.0,0.023615799989784136,0.0875938999815844,0.0035700000007636845,1.5602403999946546,3.186083000007784,37.899878099997295,0.5448200000100769,0.6539447999966796,0.5715427999966778,0.5661697000032291,0.006285700015723705
0.4,Borda LP3 ($ 	heta $ Only),5,57,0.005447403437992426,,32,20,0,20,0.0007344829705631036,86.0,14.0,0.01740430001518689,0.07280880000325851,0.003667399985715747,1.720964299980551,3.1618912999983877,35.87862030000542,0.7673247999919113,0.5675711999938358,0.572444399993401,0.5665504000207875,0.01046020002104342
0.4,Borda LP3 ($ 	heta $ Only),6,63,0.012435586895096011,,41,52,0,52,0.0016855551666824016,98.0,2.0,0.019277499988675117,0.10700560000259429,0.008318300009705126,1.6049465999822132,2.9995897999906447,35.682453900022665,0.6277384999848437,0.5278987000056077,0.5677786000014748,0.7169182999932673,0.021523899980820715
0.4,Borda LP3 ($ 	heta $ Only),7,70,0.006498565388796262,,49,29,0,29,0.0006719386668458656,88.0,12.0,0.031437300000106916,0.10486890000174753,0.006059900013497099,1.5496705999830738,2.965973699989263,29.90382479998516,0.6082842999894638,0.5685410000151023,0.5644077000033576,0.7535321000032127,0.010541800002101809
0.4,Borda LP3 ($ 	heta $ Only),8,78,0.006098836889292766,,43,34,0,34,0.000636635452130514,86.0,14.0,0.0225559999817051,0.08265850000316277,0.004959599988069385,1.600117299996782,3.463343299983535,34.30391510002664,0.7724307999887969,0.5611104999843519,0.5701884999871254,0.5843279999971855,0.007062999997287989
0.4,Borda LP3 ($ 	heta $ Only),9,87,0.0075642542485991685,,38,36,0,36,0.0011049486032461682,88.0,12.0,0.018279499985510483,0.08007230001385324,0.003559000004315749,1.6321908000099938,3.1581927000079304,37.84951890000957,0.6369295000040438,0.5861356999957934,0.5639171999937389,0.73813899999368,0.005343700002413243
0.4,Borda LP3 ($ 	heta $ Only),10,97,0.013627200805290854,,46,47,0,47,0.0016528863606964101,94.0,6.0,0.016677199979312718,0.08479880000231788,0.0035958999942522496,1.584497600008035,2.9897723000030965,37.69177090001176,0.5966309999930672,0.5550890000013169,0.6937078000046313,0.5589139000221621,0.0058237999910488725
0.4,Borda LP3 ($ 	heta $ Only),11,108,0.005719304507858253,,48,25,0,25,0.0005259211761829179,72.0,28.0,0.016882299998542294,0.09797410000464879,0.0035850999993272126,1.5403589999768883,3.5089374000090174,37.01147719999426,0.5566449999751057,0.5421385000227019,0.5623987999861129,0.5721368999802507,0.005239899997832254
0.4,Borda LP3 ($ 	heta $ Only),12,120,0.010406209328398733,,54,36,0,36,0.0009965773759935894,90.0,10.0,0.01562640001066029,0.10678500001085922,0.0037506000080611557,1.6896519000001717,2.979517300002044,35.33196989999851,0.5974153999995906,0.5931168999813963,0.9224464999861084,1.0190906000207178,0.01741309999488294
0.4,Borda LP3 ($ 	heta $ Only),13,133,0.017990349290919517,,31,48,0,48,0.0034201076261685197,98.0,2.0,0.026564400002826005,0.13315639999927953,0.00792659999569878,1.6166636999987531,3.0563924000016414,37.66838909999933,0.5881907999864779,0.5468307999835815,0.5740758000174537,0.6176092000096105,0.008683499996550381
0.4,Borda LP3 ($ 	heta $ Only),14,147,0.007462633780631901,,55,35,0,35,0.0010359025486350963,86.0,14.0,0.019323699991218746,0.09417339999345131,0.01032830000622198,1.804841800010763,3.0765728999977,34.8583832999866,0.5681980000226758,0.5641835000133142,0.5429139999905601,0.6044303000089712,0.005955000000540167
0.4,Borda LP3 ($ 	heta $ Only),15,162,0.00908735793838239,,35,42,0,42,0.0010209514715367738,86.0,14.0,0.018323800002690405,0.09111440001288429,0.005884199985302985,1.682859799999278,2.880747099989094,37.682964000006905,0.586323600000469,0.6182920999999624,0.5672293000097852,0.5322263000125531,0.011972300009801984
0.4,Borda LP3 ($ 	heta $ Only),16,178,0.009021196246212998,,34,42,0,42,0.001124281213268384,84.0,16.0,0.01847979999729432,0.0794655000208877,0.0036011000047437847,1.747149700007867,2.8184485000092536,34.752221700007794,0.5797274000069592,0.5744947999774013,0.6079244999855291,0.718979199999012,0.005263799976091832
0.4,Borda LP3 ($ 	heta $ Only),17,195,0.007610847862913068,,42,31,0,31,0.0009465447310993357,86.0,14.0,0.02591599998413585,0.07603019999805838,0.0035608999896794558,1.5488646999874618,3.185379800008377,36.605254199996125,0.5820119999989402,0.5961101000139024,0.555339799990179,0.5721733999962453,0.013400900003034621
0.4,Borda LP3 ($ 	heta $ Only),18,213,0.009930969157923589,,38,45,0,45,0.001008020740630779,82.0,18.0,0.019486400007735938,0.08401770002092235,0.0035850999993272126,1.7189971999905538,2.8535227999964263,30.56182639999315,0.5774725999799557,0.5568388999963645,0.576417499978561,0.7176686000020709,0.006079900020267814
0.4,Borda LP3 ($ 	heta $ Only),19,232,0.011708863770168644,,41,45,0,45,0.0018002256016065935,94.0,6.0,0.016431299998657778,0.08100979999289848,0.005803200008813292,1.560568199987756,2.9769094999937806,36.6071884999983,0.5703118999954313,0.6017004000023007,0.5533120000036433,0.576150900014909,0.006059500010451302
0.4,Linear BTL,0,42,,-10933.98168099894,35,289,36,253,,,,0.03545209998264909,0.07663990001310594,0.003660500020487234,1.6764096000115387,3.098130799975479,36.91440190002322,0.5625281000102405,0.6597700999991503,0.5481814999948256,0.5612985000188928,0.008287800010293722
0.4,Linear BTL,1,43,,-8999.435734586334,46,234,12,222,,,,0.020362700015539303,0.07648600000538863,0.007174700003815815,1.6783650999714155,2.9986361999763176,36.43924080001307,0.5666236999968532,0.6401362000033259,0.5292009999975562,0.5656176000193227,0.005262099992251024
0.4,Linear BTL,2,45,,-45025.79608409248,39,200,5,195,,,,0.01828580000437796,0.0784288999857381,0.0036112999951001257,1.7503676999767777,3.08032850001473,37.62535060002119,0.5590333000000101,0.6019439999945462,0.5890933999908157,0.5587096999806818,0.00528189999749884
0.4,Linear BTL,3,48,,-6008.816591026114,34,53,0,53,,,,0.01590209998539649,0.0879541999893263,0.004016499995486811,1.9521275000006426,3.085205200011842,36.319532399997115,0.7767596999765374,0.5518027000071015,0.5990147000120487,0.63186819999828,0.005251800001133233
0.4,Linear BTL,4,52,,-6734.194965766766,45,154,2,152,,,,0.023615799989784136,0.0875938999815844,0.0035700000007636845,1.5602403999946546,3.186083000007784,37.899878099997295,0.5448200000100769,0.6539447999966796,0.5715427999966778,0.5661697000032291,0.006285700015723705
0.4,Linear BTL,5,57,,-16333.440194142564,32,196,11,185,,,,0.01740430001518689,0.07280880000325851,0.003667399985715747,1.720964299980551,3.1618912999983877,35.87862030000542,0.7673247999919113,0.5675711999938358,0.572444399993401,0.5665504000207875,0.01046020002104342
0.4,Linear BTL,6,63,,-5724.107218032695,41,71,0,71,,,,0.019277499988675117,0.10700560000259429,0.008318300009705126,1.6049465999822132,2.9995897999906447,35.682453900022665,0.6277384999848437,0.5278987000056077,0.5677786000014748,0.7169182999932673,0.021523899980820715
0.4,Linear BTL,7,70,,-5280.379019406833,49,52,0,52,,,,0.031437300000106916,0.10486890000174753,0.006059900013497099,1.5496705999830738,2.965973699989263,29.90382479998516,0.6082842999894638,0.5685410000151023,0.5644077000033576,0.7535321000032127,0.010541800002101809
0.4,Linear BTL,8,78,,-5590.8120819802025,43,70,0,70,,,,0.0225559999817051,0.08265850000316277,0.004959599988069385,1.600117299996782,3.463343299983535,34.30391510002664,0.7724307999887969,0.5611104999843519,0.5701884999871254,0.5843279999971855,0.007062999997287989
0.4,Linear BTL,9,87,,-28141.108006998315,38,263,21,242,,,,0.018279499985510483,0.08007230001385324,0.003559000004315749,1.6321908000099938,3.1581927000079304,37.84951890000957,0.6369295000040438,0.5861356999957934,0.5639171999937389,0.73813899999368,0.005343700002413243
0.4,Linear BTL,10,97,,-836710.4767112844,46,212,19,193,,,,0.016677199979312718,0.08479880000231788,0.0035958999942522496,1.584497600008035,2.9897723000030965,37.69177090001176,0.5966309999930672,0.5550890000013169,0.6937078000046313,0.5589139000221621,0.0058237999910488725
0.4,Linear BTL,11,108,,-67040.2536638412,48,239,19,220,,,,0.016882299998542294,0.09797410000464879,0.0035850999993272126,1.5403589999768883,3.5089374000090174,37.01147719999426,0.5566449999751057,0.5421385000227019,0.5623987999861129,0.5721368999802507,0.005239899997832254
0.4,Linear BTL,12,120,,-6408.050611791656,54,124,1,123,,,,0.01562640001066029,0.10678500001085922,0.0037506000080611557,1.6896519000001717,2.979517300002044,35.33196989999851,0.5974153999995906,0.5931168999813963,0.9224464999861084,1.0190906000207178,0.01741309999488294
0.4,Linear BTL,13,133,,-6118.6307443966625,31,94,1,93,,,,0.026564400002826005,0.13315639999927953,0.00792659999569878,1.6166636999987531,3.0563924000016414,37.66838909999933,0.5881907999864779,0.5468307999835815,0.5740758000174537,0.6176092000096105,0.008683499996550381
0.4,Linear BTL,14,147,,-6083.544973169452,55,58,0,58,,,,0.019323699991218746,0.09417339999345131,0.01032830000622198,1.804841800010763,3.0765728999977,34.8583832999866,0.5681980000226758,0.5641835000133142,0.5429139999905601,0.6044303000089712,0.005955000000540167
0.4,Linear BTL,15,162,,-1000227.9194297562,35,317,33,284,,,,0.018323800002690405,0.09111440001288429,0.005884199985302985,1.682859799999278,2.880747099989094,37.682964000006905,0.586323600000469,0.6182920999999624,0.5672293000097852,0.5322263000125531,0.011972300009801984
0.4,Linear BTL,16,178,,-5582.422735116043,34,60,0,60,,,,0.01847979999729432,0.0794655000208877,0.0036011000047437847,1.747149700007867,2.8184485000092536,34.752221700007794,0.5797274000069592,0.5744947999774013,0.6079244999855291,0.718979199999012,0.005263799976091832
0.4,Linear BTL,17,195,,-19945.59613885195,42,213,14,199,,,,0.02591599998413585,0.07603019999805838,0.0035608999896794558,1.5488646999874618,3.185379800008377,36.605254199996125,0.5820119999989402,0.5961101000139024,0.555339799990179,0.5721733999962453,0.013400900003034621
0.4,Linear BTL,18,213,,-5437.225355102791,38,58,0,58,,,,0.019486400007735938,0.08401770002092235,0.0035850999993272126,1.7189971999905538,2.8535227999964263,30.56182639999315,0.5774725999799557,0.5568388999963645,0.576417499978561,0.7176686000020709,0.006079900020267814
0.4,Linear BTL,19,232,,-685019.4689382911,41,555,137,418,,,,0.016431299998657778,0.08100979999289848,0.005803200008813292,1.560568199987756,2.9769094999937806,36.6071884999983,0.5703118999954313,0.6017004000023007,0.5533120000036433,0.576150900014909,0.006059500010451302
0.5,LP2 ($ 	heta $ Only),0,42,5.1182085077369316e-05,,58,77,1,76,5.1182085077369316e-05,32.0,68.0,0.032829899981152266,0.092623900010949,0.006379399972502142,1.9190630000084639,3.191074699978344,38.23069329999271,0.5220861999841873,0.5979474999767262,0.576900799991563,0.5350741999864113,0.005315199989126995
0.5,LP2 ($ 	heta $ Only),1,43,3.679132810678287e-05,,72,58,0,58,3.679132810678288e-05,22.0,78.0,0.021540499990805984,0.07212930000969209,0.003538700024364516,1.7156409000162967,3.273204099998111,39.28454180000699,0.5765982000157237,0.5637256000190973,0.5629476000030991,0.7385645000031218,0.010246199992252514
0.5,LP2 ($ 	heta $ Only),2,45,4.257810314375383e-05,,68,68,0,68,4.2578103143753824e-05,30.0,70.0,0.02160470001399517,0.07243599998764694,0.0035359000030439347,1.5706292999966536,3.025542299990775,39.705347400013125,0.5565044000104535,0.6067512999870814,0.5541953000065405,0.5338224000006448,0.005181799991987646
0.5,LP2 ($ 	heta $ Only),3,48,3.977319944510564e-05,,67,75,0,75,3.977319944510564e-05,30.0,70.0,0.017967799998586997,0.08728060001158156,0.0036515000101644546,1.5745305999880657,2.8429134000034537,39.32112269999925,0.5987053000135347,0.5534986000275239,0.5780195000115782,0.5656160000071395,0.0076421000121627
0.5,LP2 ($ 	heta $ Only),4,52,5.5840798303450736e-05,,58,82,0,82,5.584079830345074e-05,40.0,60.0,0.0191896999895107,0.12907369999447837,0.006384799984516576,1.602131499996176,2.9677260000025854,38.10466989999986,0.621366700012004,0.5610610999865457,0.5548655000166036,0.5451576999912504,0.005293199996231124
0.5,LP2 ($ 	heta $ Only),5,57,1.6837978983327315e-05,,60,40,0,40,1.6837978983327315e-05,20.0,80.0,0.017486500000813976,0.08655599999474362,0.003660500020487234,1.45903680002084,2.9399645999947097,36.64011130001745,0.5795215000107419,0.5570727000012994,0.7345812999992631,0.5827015000104439,0.008852699975250289
0.5,LP2 ($ 	heta $ Only),6,63,3.511975374279041e-05,,59,69,0,69,3.511975374279041e-05,30.0,70.0,0.02155119998496957,0.0794123999949079,0.003601299977162853,1.6296883000177331,3.06805699999677,38.73400909997872,0.5443975999951363,0.6250930999813136,0.636318000004394,0.5701635000004899,0.0053146999853197485
0.5,LP2 ($ 	heta $ Only),7,70,5.3132211631725455e-05,,57,81,0,81,5.313221163172545e-05,32.0,68.0,0.017199599999003112,0.08098020000034012,0.008694899996044114,1.577020700002322,3.2026410000107717,37.07546799999545,0.567935099999886,0.5478886000055354,0.5479902000224683,0.5984205999993719,0.008985799999209121
0.5,LP2 ($ 	heta $ Only),8,78,4.464293357628694e-05,,62,58,0,58,4.464293357628693e-05,26.0,74.0,0.022213199990801513,0.23023030001786537,0.004139800003031269,1.489481099997647,3.2274386000062805,38.10004600000684,0.5303729000152089,0.5817986000038218,0.5442963999812491,0.798468299995875,0.0051725999801419675
0.5,LP2 ($ 	heta $ Only),9,87,6.6744472108313e-05,,55,83,0,83,6.674447210831298e-05,42.0,58.0,0.022082700015744194,0.07727049998356961,0.003635400003986433,1.45755759999156,3.158154900011141,37.28551760001574,0.6112578000174835,0.5157051999995019,0.5564107999962289,0.5394115000090096,0.005410299985669553
0.5,LP2 ($ 	heta $ Only),10,97,5.021890309853242e-05,,67,54,0,54,5.0218903098532425e-05,30.0,70.0,0.01629010000033304,0.08471090000239201,0.0581164000032004,1.6359509000030812,2.965442799992161,37.94567700001062,0.6470711999863852,0.5371895999996923,0.542671800008975,0.5151912000146694,0.006131000001914799
0.5,LP2 ($ 	heta $ Only),11,108,2.030937636759327e-05,,50,46,0,46,2.030937636759327e-05,22.0,78.0,0.016662899986840785,0.08938769999076612,0.0037170000141486526,1.7682765000208747,2.940602599992417,39.4157763000112,0.5504495000059251,0.5429722999979276,0.7338095000013709,0.5687886999803595,0.01045559998601675
0.5,LP2 ($ 	heta $ Only),12,120,3.673258344694037e-05,,61,55,1,54,3.673258344694038e-05,26.0,74.0,0.019320799998240545,0.08691859999089502,0.005305900005623698,1.4647125999908894,3.1646287000039592,37.627734600013355,0.5630756000173278,0.535010899999179,0.7448469999944791,0.575172000011662,0.0075705999915953726
0.5,LP2 ($ 	heta $ Only),13,133,4.475336097056552e-05,,60,80,0,80,4.475336097056552e-05,30.0,70.0,0.01847690000431612,0.09185199998319149,0.0035649000201374292,1.5011202000023331,3.0456335000053514,36.78084239998134,0.6909752000065055,0.5886038999888115,0.5743147000030149,0.5547860999940895,0.006519600021420047
0.5,LP2 ($ 	heta $ Only),14,147,4.3997046996133086e-05,,67,69,0,69,4.3997046996133086e-05,28.0,72.0,0.016633099992759526,0.22340980000444688,0.011925900005735457,1.5955996999982744,3.1137679000094067,38.88305629999377,0.5729690000007395,0.6866507999948226,0.5710292999865487,0.559898500010604,0.005279999983031303
0.5,LP2 ($ 	heta $ Only),15,162,5.131579400624097e-05,,63,86,0,86,5.131579400624097e-05,28.0,72.0,0.024252799979876727,0.07122930002515204,0.0035398000036366284,1.5033372000034433,2.847802700009197,36.846826499997405,0.6033845000201836,0.595495799992932,0.5384397999732755,0.780037499993341,0.010412000003270805
0.5,LP2 ($ 	heta $ Only),16,178,7.799564158182494e-05,,49,113,1,112,7.799564158182495e-05,38.0,62.0,0.0182399999757763,0.11389989999588579,0.0041517000063322484,1.5889368999924045,3.194546499988064,38.77427710001939,0.5593099000107031,0.557168700004695,0.7329368000209797,0.5695603000058327,0.007564200001070276
0.5,LP2 ($ 	heta $ Only),17,195,3.401142305727676e-05,,56,58,0,58,3.401142305727676e-05,22.0,78.0,0.017843400011770427,0.0771948000183329,0.0076484999735839665,1.5571459000057075,2.9952866999956314,39.03961030000937,0.5156933999969624,0.7399958000169136,0.5700957000080962,0.5340841000142973,0.007553700008429587
0.5,LP2 ($ 	heta $ Only),18,213,3.9103704805778215e-05,,54,49,0,49,3.910370480577821e-05,32.0,68.0,0.017036500008543953,0.0691487000149209,0.0037856000126339495,1.5665879000152927,2.9786662999831606,36.14913850001176,0.5389984000066761,0.5842657000175677,0.7673418000049423,0.5673650999960955,0.007580100005725399
0.5,LP2 ($ 	heta $ Only),19,232,5.171173567443748e-05,,63,67,0,67,5.171173567443748e-05,32.0,68.0,0.01702229998772964,0.0983690999855753,0.003810099995462224,1.6956893000169657,3.121305400010897,38.56595020001987,0.6044857999950182,0.5593334999866784,0.6003000999917276,0.678496799984714,0.013505400012945756
0.5,LP3 ($ 	heta $ Only),0,42,0.024123719300428493,,58,91,0,91,0.0034675800767416023,98.0,2.0,0.032829899981152266,0.092623900010949,0.006379399972502142,1.9190630000084639,3.191074699978344,38.23069329999271,0.5220861999841873,0.5979474999767262,0.576900799991563,0.5350741999864113,0.005315199989126995
0.5,LP3 ($ 	heta $ Only),1,43,0.016768414703528176,,72,65,0,65,0.0016991436147380785,96.0,4.0,0.021540499990805984,0.07212930000969209,0.003538700024364516,1.7156409000162967,3.273204099998111,39.28454180000699,0.5765982000157237,0.5637256000190973,0.5629476000030991,0.7385645000031218,0.010246199992252514
0.5,LP3 ($ 	heta $ Only),2,45,0.01853510702358239,,68,62,0,62,0.0027389853044266703,98.0,2.0,0.02160470001399517,0.07243599998764694,0.0035359000030439347,1.5706292999966536,3.025542299990775,39.705347400013125,0.5565044000104535,0.6067512999870814,0.5541953000065405,0.5338224000006448,0.005181799991987646
0.5,LP3 ($ 	heta $ Only),3,48,0.014410942927928973,,67,43,0,43,0.0016790829119399469,96.0,4.0,0.017967799998586997,0.08728060001158156,0.0036515000101644546,1.5745305999880657,2.8429134000034537,39.32112269999925,0.5987053000135347,0.5534986000275239,0.5780195000115782,0.5656160000071395,0.0076421000121627
0.5,LP3 ($ 	heta $ Only),4,52,0.01998479346089092,,58,65,0,65,0.0028806000093465614,98.0,2.0,0.0191896999895107,0.12907369999447837,0.006384799984516576,1.602131499996176,2.9677260000025854,38.10466989999986,0.621366700012004,0.5610610999865457,0.5548655000166036,0.5451576999912504,0.005293199996231124
0.5,LP3 ($ 	heta $ Only),5,57,0.008719020248115748,,60,30,0,30,0.0006467305365650334,74.0,26.0,0.017486500000813976,0.08655599999474362,0.003660500020487234,1.45903680002084,2.9399645999947097,36.64011130001745,0.5795215000107419,0.5570727000012994,0.7345812999992631,0.5827015000104439,0.008852699975250289
0.5,LP3 ($ 	heta $ Only),6,63,0.01755435710374886,,59,52,0,52,0.002518138522072285,96.0,4.0,0.02155119998496957,0.0794123999949079,0.003601299977162853,1.6296883000177331,3.06805699999677,38.73400909997872,0.5443975999951363,0.6250930999813136,0.636318000004394,0.5701635000004899,0.0053146999853197485
0.5,LP3 ($ 	heta $ Only),7,70,0.017911835725391026,,57,67,0,67,0.0027466830042733037,94.0,6.0,0.017199599999003112,0.08098020000034012,0.008694899996044114,1.577020700002322,3.2026410000107717,37.07546799999545,0.567935099999886,0.5478886000055354,0.5479902000224683,0.5984205999993719,0.008985799999209121
0.5,LP3 ($ 	heta $ Only),8,78,0.015971793964476337,,62,50,0,50,0.002250828223602725,96.0,4.0,0.022213199990801513,0.23023030001786537,0.004139800003031269,1.489481099997647,3.2274386000062805,38.10004600000684,0.5303729000152089,0.5817986000038218,0.5442963999812491,0.798468299995875,0.0051725999801419675
0.5,LP3 ($ 	heta $ Only),9,87,0.02251145073289556,,55,65,0,65,0.002832336328410911,96.0,4.0,0.022082700015744194,0.07727049998356961,0.003635400003986433,1.45755759999156,3.158154900011141,37.28551760001574,0.6112578000174835,0.5157051999995019,0.5564107999962289,0.5394115000090096,0.005410299985669553
0.5,LP3 ($ 	heta $ Only),10,97,0.018673430510383275,,67,68,0,68,0.002386530971848543,96.0,4.0,0.01629010000033304,0.08471090000239201,0.0581164000032004,1.6359509000030812,2.965442799992161,37.94567700001062,0.6470711999863852,0.5371895999996923,0.542671800008975,0.5151912000146694,0.006131000001914799
0.5,LP3 ($ 	heta $ Only),11,108,0.009565953755987908,,50,31,0,31,0.0010517666790540846,86.0,14.0,0.016662899986840785,0.08938769999076612,0.0037170000141486526,1.7682765000208747,2.940602599992417,39.4157763000112,0.5504495000059251,0.5429722999979276,0.7338095000013709,0.5687886999803595,0.01045559998601675
0.5,LP3 ($ 	heta $ Only),12,120,0.014950431751533082,,61,50,0,50,0.0023011091442720517,96.0,4.0,0.019320799998240545,0.08691859999089502,0.005305900005623698,1.4647125999908894,3.1646287000039592,37.627734600013355,0.5630756000173278,0.535010899999179,0.7448469999944791,0.575172000011662,0.0075705999915953726
0.5,LP3 ($ 	heta $ Only),13,133,0.017247452172791576,,60,54,0,54,0.0024992978658189995,98.0,2.0,0.01847690000431612,0.09185199998319149,0.0035649000201374292,1.5011202000023331,3.0456335000053514,36.78084239998134,0.6909752000065055,0.5886038999888115,0.5743147000030149,0.5547860999940895,0.006519600021420047
0.5,LP3 ($ 	heta $ Only),14,147,0.018509967302575668,,67,59,0,59,0.002936745197400366,98.0,2.0,0.016633099992759526,0.22340980000444688,0.011925900005735457,1.5955996999982744,3.1137679000094067,38.88305629999377,0.5729690000007395,0.6866507999948226,0.5710292999865487,0.559898500010604,0.005279999983031303
0.5,LP3 ($ 	heta $ Only),15,162,0.025839920575185228,,63,91,0,91,0.003476213793793995,98.0,2.0,0.024252799979876727,0.07122930002515204,0.0035398000036366284,1.5033372000034433,2.847802700009197,36.846826499997405,0.6033845000201836,0.595495799992932,0.5384397999732755,0.780037499993341,0.010412000003270805
0.5,LP3 ($ 	heta $ Only),16,178,0.025167931188874726,,49,96,0,96,0.0032898924345477077,98.0,2.0,0.0182399999757763,0.11389989999588579,0.0041517000063322484,1.5889368999924045,3.194546499988064,38.77427710001939,0.5593099000107031,0.557168700004695,0.7329368000209797,0.5695603000058327,0.007564200001070276
0.5,LP3 ($ 	heta $ Only),17,195,0.016023595262108926,,56,54,0,54,0.0026251138347250158,98.0,2.0,0.017843400011770427,0.0771948000183329,0.0076484999735839665,1.5571459000057075,2.9952866999956314,39.03961030000937,0.5156933999969624,0.7399958000169136,0.5700957000080962,0.5340841000142973,0.007553700008429587
0.5,LP3 ($ 	heta $ Only),18,213,0.016161252931270492,,54,56,0,56,0.001937037473835078,98.0,2.0,0.017036500008543953,0.0691487000149209,0.0037856000126339495,1.5665879000152927,2.9786662999831606,36.14913850001176,0.5389984000066761,0.5842657000175677,0.7673418000049423,0.5673650999960955,0.007580100005725399
0.5,LP3 ($ 	heta $ Only),19,232,0.02261785552254864,,63,68,0,68,0.003183064990232325,98.0,2.0,0.01702229998772964,0.0983690999855753,0.003810099995462224,1.6956893000169657,3.121305400010897,38.56595020001987,0.6044857999950182,0.5593334999866784,0.6003000999917276,0.678496799984714,0.013505400012945756
0.5,Weighted LP3 ($ 	heta $ Only),0,42,0.015985434977651862,,58,89,0,89,0.0033069609035375363,98.0,2.0,0.032829899981152266,0.092623900010949,0.006379399972502142,1.9190630000084639,3.191074699978344,38.23069329999271,0.5220861999841873,0.5979474999767262,0.576900799991563,0.5350741999864113,0.005315199989126995
0.5,Weighted LP3 ($ 	heta $ Only),1,43,0.010926227963283582,,72,60,0,60,0.0014970687262627063,96.0,4.0,0.021540499990805984,0.07212930000969209,0.003538700024364516,1.7156409000162967,3.273204099998111,39.28454180000699,0.5765982000157237,0.5637256000190973,0.5629476000030991,0.7385645000031218,0.010246199992252514
0.5,Weighted LP3 ($ 	heta $ Only),2,45,0.01202402966903108,,68,57,0,57,0.002241913942073827,94.0,6.0,0.02160470001399517,0.07243599998764694,0.0035359000030439347,1.5706292999966536,3.025542299990775,39.705347400013125,0.5565044000104535,0.6067512999870814,0.5541953000065405,0.5338224000006448,0.005181799991987646
0.5,Weighted LP3 ($ 	heta $ Only),3,48,0.009402712438760613,,67,43,0,43,0.0015086718019878833,92.0,8.0,0.017967799998586997,0.08728060001158156,0.0036515000101644546,1.5745305999880657,2.8429134000034537,39.32112269999925,0.5987053000135347,0.5534986000275239,0.5780195000115782,0.5656160000071395,0.0076421000121627
0.5,Weighted LP3 ($ 	heta $ Only),4,52,0.013261084294753454,,58,57,0,57,0.0026749432221068936,98.0,2.0,0.0191896999895107,0.12907369999447837,0.006384799984516576,1.602131499996176,2.9677260000025854,38.10466989999986,0.621366700012004,0.5610610999865457,0.5548655000166036,0.5451576999912504,0.005293199996231124
0.5,Weighted LP3 ($ 	heta $ Only),5,57,0.005445831791122188,,60,32,0,32,0.0006441499325054092,70.0,30.0,0.017486500000813976,0.08655599999474362,0.003660500020487234,1.45903680002084,2.9399645999947097,36.64011130001745,0.5795215000107419,0.5570727000012994,0.7345812999992631,0.5827015000104439,0.008852699975250289
0.5,Weighted LP3 ($ 	heta $ Only),6,63,0.01161336209214025,,59,54,0,54,0.0022380587629147633,98.0,2.0,0.02155119998496957,0.0794123999949079,0.003601299977162853,1.6296883000177331,3.06805699999677,38.73400909997872,0.5443975999951363,0.6250930999813136,0.636318000004394,0.5701635000004899,0.0053146999853197485
0.5,Weighted LP3 ($ 	heta $ Only),7,70,0.011463976031794734,,57,62,0,62,0.00213357201215419,96.0,4.0,0.017199599999003112,0.08098020000034012,0.008694899996044114,1.577020700002322,3.2026410000107717,37.07546799999545,0.567935099999886,0.5478886000055354,0.5479902000224683,0.5984205999993719,0.008985799999209121
0.5,Weighted LP3 ($ 	heta $ Only),8,78,0.01046621816022401,,62,47,0,47,0.0017256430567496818,92.0,8.0,0.022213199990801513,0.23023030001786537,0.004139800003031269,1.489481099997647,3.2274386000062805,38.10004600000684,0.5303729000152089,0.5817986000038218,0.5442963999812491,0.798468299995875,0.0051725999801419675
0.5,Weighted LP3 ($ 	heta $ Only),9,87,0.014741260294873427,,55,70,0,70,0.002803356940543779,96.0,4.0,0.022082700015744194,0.07727049998356961,0.003635400003986433,1.45755759999156,3.158154900011141,37.28551760001574,0.6112578000174835,0.5157051999995019,0.5564107999962289,0.5394115000090096,0.005410299985669553
0.5,Weighted LP3 ($ 	heta $ Only),10,97,0.01204667428003747,,67,58,0,58,0.00207701508450953,96.0,4.0,0.01629010000033304,0.08471090000239201,0.0581164000032004,1.6359509000030812,2.965442799992161,37.94567700001062,0.6470711999863852,0.5371895999996923,0.542671800008975,0.5151912000146694,0.006131000001914799
0.5,Weighted LP3 ($ 	heta $ Only),11,108,0.005842613881601085,,50,28,0,28,0.0010063973120682979,84.0,16.0,0.016662899986840785,0.08938769999076612,0.0037170000141486526,1.7682765000208747,2.940602599992417,39.4157763000112,0.5504495000059251,0.5429722999979276,0.7338095000013709,0.5687886999803595,0.01045559998601675
0.5,Weighted LP3 ($ 	heta $ Only),12,120,0.009975209442236347,,61,49,0,49,0.002018339288632187,94.0,6.0,0.019320799998240545,0.08691859999089502,0.005305900005623698,1.4647125999908894,3.1646287000039592,37.627734600013355,0.5630756000173278,0.535010899999179,0.7448469999944791,0.575172000011662,0.0075705999915953726
0.5,Weighted LP3 ($ 	heta $ Only),13,133,0.011156938976106798,,60,54,0,54,0.002277079644200521,96.0,4.0,0.01847690000431612,0.09185199998319149,0.0035649000201374292,1.5011202000023331,3.0456335000053514,36.78084239998134,0.6909752000065055,0.5886038999888115,0.5743147000030149,0.5547860999940895,0.006519600021420047
0.5,Weighted LP3 ($ 	heta $ Only),14,147,0.012312880038056619,,67,63,0,63,0.0027137142751470704,98.0,2.0,0.016633099992759526,0.22340980000444688,0.011925900005735457,1.5955996999982744,3.1137679000094067,38.88305629999377,0.5729690000007395,0.6866507999948226,0.5710292999865487,0.559898500010604,0.005279999983031303
0.5,Weighted LP3 ($ 	heta $ Only),15,162,0.016853245163441256,,63,87,0,87,0.0033538329071013985,98.0,2.0,0.024252799979876727,0.07122930002515204,0.0035398000036366284,1.5033372000034433,2.847802700009197,36.846826499997405,0.6033845000201836,0.595495799992932,0.5384397999732755,0.780037499993341,0.010412000003270805
0.5,Weighted LP3 ($ 	heta $ Only),16,178,0.016878820047778926,,49,92,0,92,0.0031458095713348556,96.0,4.0,0.0182399999757763,0.11389989999588579,0.0041517000063322484,1.5889368999924045,3.194546499988064,38.77427710001939,0.5593099000107031,0.557168700004695,0.7329368000209797,0.5695603000058327,0.007564200001070276
0.5,Weighted LP3 ($ 	heta $ Only),17,195,0.010489558728173518,,56,50,0,50,0.001902458697672925,94.0,6.0,0.017843400011770427,0.0771948000183329,0.0076484999735839665,1.5571459000057075,2.9952866999956314,39.03961030000937,0.5156933999969624,0.7399958000169136,0.5700957000080962,0.5340841000142973,0.007553700008429587
0.5,Weighted LP3 ($ 	heta $ Only),18,213,0.010298350706513172,,54,50,0,50,0.0015049644883879593,94.0,6.0,0.017036500008543953,0.0691487000149209,0.0037856000126339495,1.5665879000152927,2.9786662999831606,36.14913850001176,0.5389984000066761,0.5842657000175677,0.7673418000049423,0.5673650999960955,0.007580100005725399
0.5,Weighted LP3 ($ 	heta $ Only),19,232,0.015192101043305008,,63,64,0,64,0.003074622734788082,98.0,2.0,0.01702229998772964,0.0983690999855753,0.003810099995462224,1.6956893000169657,3.121305400010897,38.56595020001987,0.6044857999950182,0.5593334999866784,0.6003000999917276,0.678496799984714,0.013505400012945756
0.5,Borda LP3 ($ 	heta $ Only),0,42,0.020589176667264897,,58,89,0,89,0.003350726446479997,98.0,2.0,0.032829899981152266,0.092623900010949,0.006379399972502142,1.9190630000084639,3.191074699978344,38.23069329999271,0.5220861999841873,0.5979474999767262,0.576900799991563,0.5350741999864113,0.005315199989126995
0.5,Borda LP3 ($ 	heta $ Only),1,43,0.015145674034417776,,72,62,0,62,0.001617385209182944,98.0,2.0,0.021540499990805984,0.07212930000969209,0.003538700024364516,1.7156409000162967,3.273204099998111,39.28454180000699,0.5765982000157237,0.5637256000190973,0.5629476000030991,0.7385645000031218,0.010246199992252514
0.5,Borda LP3 ($ 	heta $ Only),2,45,0.015013954315865037,,68,56,0,56,0.0021818552967006514,98.0,2.0,0.02160470001399517,0.07243599998764694,0.0035359000030439347,1.5706292999966536,3.025542299990775,39.705347400013125,0.5565044000104535,0.6067512999870814,0.5541953000065405,0.5338224000006448,0.005181799991987646
0.5,Borda LP3 ($ 	heta $ Only),3,48,0.011941090608528247,,67,45,0,45,0.0015574683698711842,88.0,12.0,0.017967799998586997,0.08728060001158156,0.0036515000101644546,1.5745305999880657,2.8429134000034537,39.32112269999925,0.5987053000135347,0.5534986000275239,0.5780195000115782,0.5656160000071395,0.0076421000121627
0.5,Borda LP3 ($ 	heta $ Only),4,52,0.017575482377721528,,58,70,0,70,0.0029643960775024387,98.0,2.0,0.0191896999895107,0.12907369999447837,0.006384799984516576,1.602131499996176,2.9677260000025854,38.10466989999986,0.621366700012004,0.5610610999865457,0.5548655000166036,0.5451576999912504,0.005293199996231124
0.5,Borda LP3 ($ 	heta $ Only),5,57,0.006187249691788636,,60,29,0,29,0.0006443087040910701,78.0,22.0,0.017486500000813976,0.08655599999474362,0.003660500020487234,1.45903680002084,2.9399645999947097,36.64011130001745,0.5795215000107419,0.5570727000012994,0.7345812999992631,0.5827015000104439,0.008852699975250289
0.5,Borda LP3 ($ 	heta $ Only),6,63,0.015460188359101535,,59,48,0,48,0.0026409323328628028,98.0,2.0,0.02155119998496957,0.0794123999949079,0.003601299977162853,1.6296883000177331,3.06805699999677,38.73400909997872,0.5443975999951363,0.6250930999813136,0.636318000004394,0.5701635000004899,0.0053146999853197485
0.5,Borda LP3 ($ 	heta $ Only),7,70,0.013351620411489936,,57,67,0,67,0.001965114107335267,96.0,4.0,0.017199599999003112,0.08098020000034012,0.008694899996044114,1.577020700002322,3.2026410000107717,37.07546799999545,0.567935099999886,0.5478886000055354,0.5479902000224683,0.5984205999993719,0.008985799999209121
0.5,Borda LP3 ($ 	heta $ Only),8,78,0.011061279170452187,,62,48,0,48,0.0013310852375669553,88.0,12.0,0.022213199990801513,0.23023030001786537,0.004139800003031269,1.489481099997647,3.2274386000062805,38.10004600000684,0.5303729000152089,0.5817986000038218,0.5442963999812491,0.798468299995875,0.0051725999801419675
0.5,Borda LP3 ($ 	heta $ Only),9,87,0.02014311994645287,,55,71,0,71,0.002889167215471955,98.0,2.0,0.022082700015744194,0.07727049998356961,0.003635400003986433,1.45755759999156,3.158154900011141,37.28551760001574,0.6112578000174835,0.5157051999995019,0.5564107999962289,0.5394115000090096,0.005410299985669553
0.5,Borda LP3 ($ 	heta $ Only),10,97,0.015514124376531085,,67,66,0,66,0.002272175957054895,96.0,4.0,0.01629010000033304,0.08471090000239201,0.0581164000032004,1.6359509000030812,2.965442799992161,37.94567700001062,0.6470711999863852,0.5371895999996923,0.542671800008975,0.5151912000146694,0.006131000001914799
0.5,Borda LP3 ($ 	heta $ Only),11,108,0.007601451349480669,,50,35,0,35,0.0009717570587826279,92.0,8.0,0.016662899986840785,0.08938769999076612,0.0037170000141486526,1.7682765000208747,2.940602599992417,39.4157763000112,0.5504495000059251,0.5429722999979276,0.7338095000013709,0.5687886999803595,0.01045559998601675
0.5,Borda LP3 ($ 	heta $ Only),12,120,0.013048267261482107,,61,47,0,47,0.0022132140664149957,94.0,6.0,0.019320799998240545,0.08691859999089502,0.005305900005623698,1.4647125999908894,3.1646287000039592,37.627734600013355,0.5630756000173278,0.535010899999179,0.7448469999944791,0.575172000011662,0.0075705999915953726
0.5,Borda LP3 ($ 	heta $ Only),13,133,0.013021672798236428,,60,55,0,55,0.001949759507840046,92.0,8.0,0.01847690000431612,0.09185199998319149,0.0035649000201374292,1.5011202000023331,3.0456335000053514,36.78084239998134,0.6909752000065055,0.5886038999888115,0.5743147000030149,0.5547860999940895,0.006519600021420047
0.5,Borda LP3 ($ 	heta $ Only),14,147,0.015690286589871,,67,59,0,59,0.0029179440487459777,98.0,2.0,0.016633099992759526,0.22340980000444688,0.011925900005735457,1.5955996999982744,3.1137679000094067,38.88305629999377,0.5729690000007395,0.6866507999948226,0.5710292999865487,0.559898500010604,0.005279999983031303
0.5,Borda LP3 ($ 	heta $ Only),15,162,0.02122155517469983,,63,94,0,94,0.003367055600785132,96.0,4.0,0.024252799979876727,0.07122930002515204,0.0035398000036366284,1.5033372000034433,2.847802700009197,36.846826499997405,0.6033845000201836,0.595495799992932,0.5384397999732755,0.780037499993341,0.010412000003270805
0.5,Borda LP3 ($ 	heta $ Only),16,178,0.02197646215970896,,49,91,0,91,0.003193194495035423,98.0,2.0,0.0182399999757763,0.11389989999588579,0.0041517000063322484,1.5889368999924045,3.194546499988064,38.77427710001939,0.5593099000107031,0.557168700004695,0.7329368000209797,0.5695603000058327,0.007564200001070276
0.5,Borda LP3 ($ 	heta $ Only),17,195,0.013351045424486471,,56,52,0,52,0.0022243339291911847,96.0,4.0,0.017843400011770427,0.0771948000183329,0.0076484999735839665,1.5571459000057075,2.9952866999956314,39.03961030000937,0.5156933999969624,0.7399958000169136,0.5700957000080962,0.5340841000142973,0.007553700008429587
0.5,Borda LP3 ($ 	heta $ Only),18,213,0.013561633937708444,,54,53,0,53,0.0017047288654678764,98.0,2.0,0.017036500008543953,0.0691487000149209,0.0037856000126339495,1.5665879000152927,2.9786662999831606,36.14913850001176,0.5389984000066761,0.5842657000175677,0.7673418000049423,0.5673650999960955,0.007580100005725399
0.5,Borda LP3 ($ 	heta $ Only),19,232,0.017549904431042783,,63,67,0,67,0.0030496152045741153,98.0,2.0,0.01702229998772964,0.0983690999855753,0.003810099995462224,1.6956893000169657,3.121305400010897,38.56595020001987,0.6044857999950182,0.5593334999866784,0.6003000999917276,0.678496799984714,0.013505400012945756
0.5,Linear BTL,0,42,,-249931.06716222997,58,262,13,249,,,,0.032829899981152266,0.092623900010949,0.006379399972502142,1.9190630000084639,3.191074699978344,38.23069329999271,0.5220861999841873,0.5979474999767262,0.576900799991563,0.5350741999864113,0.005315199989126995
0.5,Linear BTL,1,43,,-175360.30999568614,72,274,7,267,,,,0.021540499990805984,0.07212930000969209,0.003538700024364516,1.7156409000162967,3.273204099998111,39.28454180000699,0.5765982000157237,0.5637256000190973,0.5629476000030991,0.7385645000031218,0.010246199992252514
0.5,Linear BTL,2,45,,-7280.618666243083,68,143,0,143,,,,0.02160470001399517,0.07243599998764694,0.0035359000030439347,1.5706292999966536,3.025542299990775,39.705347400013125,0.5565044000104535,0.6067512999870814,0.5541953000065405,0.5338224000006448,0.005181799991987646
0.5,Linear BTL,3,48,,-31710.827283373786,67,308,16,292,,,,0.017967799998586997,0.08728060001158156,0.0036515000101644546,1.5745305999880657,2.8429134000034537,39.32112269999925,0.5987053000135347,0.5534986000275239,0.5780195000115782,0.5656160000071395,0.0076421000121627
0.5,Linear BTL,4,52,,-7984.934122677519,58,167,1,166,,,,0.0191896999895107,0.12907369999447837,0.006384799984516576,1.602131499996176,2.9677260000025854,38.10466989999986,0.621366700012004,0.5610610999865457,0.5548655000166036,0.5451576999912504,0.005293199996231124
0.5,Linear BTL,5,57,,-8005.913081046513,60,208,1,207,,,,0.017486500000813976,0.08655599999474362,0.003660500020487234,1.45903680002084,2.9399645999947097,36.64011130001745,0.5795215000107419,0.5570727000012994,0.7345812999992631,0.5827015000104439,0.008852699975250289
0.5,Linear BTL,6,63,,-278920.63411484344,59,205,6,199,,,,0.02155119998496957,0.0794123999949079,0.003601299977162853,1.6296883000177331,3.06805699999677,38.73400909997872,0.5443975999951363,0.6250930999813136,0.636318000004394,0.5701635000004899,0.0053146999853197485
0.5,Linear BTL,7,70,,-169050.0270740679,57,291,11,280,,,,0.017199599999003112,0.08098020000034012,0.008694899996044114,1.577020700002322,3.2026410000107717,37.07546799999545,0.567935099999886,0.5478886000055354,0.5479902000224683,0.5984205999993719,0.008985799999209121
0.5,Linear BTL,8,78,,-150463.14771685848,62,183,4,179,,,,0.022213199990801513,0.23023030001786537,0.004139800003031269,1.489481099997647,3.2274386000062805,38.10004600000684,0.5303729000152089,0.5817986000038218,0.5442963999812491,0.798468299995875,0.0051725999801419675
0.5,Linear BTL,9,87,,-6667.152108296221,55,112,0,112,,,,0.022082700015744194,0.07727049998356961,0.003635400003986433,1.45755759999156,3.158154900011141,37.28551760001574,0.6112578000174835,0.5157051999995019,0.5564107999962289,0.5394115000090096,0.005410299985669553
0.5,Linear BTL,10,97,,-13648.450842779057,67,253,5,248,,,,0.01629010000033304,0.08471090000239201,0.0581164000032004,1.6359509000030812,2.965442799992161,37.94567700001062,0.6470711999863852,0.5371895999996923,0.542671800008975,0.5151912000146694,0.006131000001914799
0.5,Linear BTL,11,108,,-65862.10196360394,50,264,9,255,,,,0.016662899986840785,0.08938769999076612,0.0037170000141486526,1.7682765000208747,2.940602599992417,39.4157763000112,0.5504495000059251,0.5429722999979276,0.7338095000013709,0.5687886999803595,0.01045559998601675
0.5,Linear BTL,12,120,,-33587.03026927021,61,321,15,306,,,,0.019320799998240545,0.08691859999089502,0.005305900005623698,1.4647125999908894,3.1646287000039592,37.627734600013355,0.5630756000173278,0.535010899999179,0.7448469999944791,0.575172000011662,0.0075705999915953726
0.5,Linear BTL,13,133,,-6802.326783367488,60,77,0,77,,,,0.01847690000431612,0.09185199998319149,0.0035649000201374292,1.5011202000023331,3.0456335000053514,36.78084239998134,0.6909752000065055,0.5886038999888115,0.5743147000030149,0.5547860999940895,0.006519600021420047
0.5,Linear BTL,14,147,,-139893.41426645292,67,328,10,318,,,,0.016633099992759526,0.22340980000444688,0.011925900005735457,1.5955996999982744,3.1137679000094067,38.88305629999377,0.5729690000007395,0.6866507999948226,0.5710292999865487,0.559898500010604,0.005279999983031303
0.5,Linear BTL,15,162,,-14877.251473281805,63,300,11,289,,,,0.024252799979876727,0.07122930002515204,0.0035398000036366284,1.5033372000034433,2.847802700009197,36.846826499997405,0.6033845000201836,0.595495799992932,0.5384397999732755,0.780037499993341,0.010412000003270805
0.5,Linear BTL,16,178,,-1259923.9607119085,49,697,115,582,,,,0.0182399999757763,0.11389989999588579,0.0041517000063322484,1.5889368999924045,3.194546499988064,38.77427710001939,0.5593099000107031,0.557168700004695,0.7329368000209797,0.5695603000058327,0.007564200001070276
0.5,Linear BTL,17,195,,-140682.5627943444,56,201,1,200,,,,0.017843400011770427,0.0771948000183329,0.0076484999735839665,1.5571459000057075,2.9952866999956314,39.03961030000937,0.5156933999969624,0.7399958000169136,0.5700957000080962,0.5340841000142973,0.007553700008429587
0.5,Linear BTL,18,213,,-7094.8701081518875,54,155,2,153,,,,0.017036500008543953,0.0691487000149209,0.0037856000126339495,1.5665879000152927,2.9786662999831606,36.14913850001176,0.5389984000066761,0.5842657000175677,0.7673418000049423,0.5673650999960955,0.007580100005725399
0.5,Linear BTL,19,232,,-11918.597256807461,63,250,5,245,,,,0.01702229998772964,0.0983690999855753,0.003810099995462224,1.6956893000169657,3.121305400010897,38.56595020001987,0.6044857999950182,0.5593334999866784,0.6003000999917276,0.678496799984714,0.013505400012945756
0.6,LP2 ($ 	heta $ Only),0,42,4.390739468417912e-05,,79,63,0,63,4.3907394684179116e-05,24.0,76.0,0.047373600013088435,0.09925560001283884,0.01003780000610277,1.5058673000021372,3.492381599993678,40.31494370001019,0.532044700026745,0.5427595000073779,0.5548464999883436,0.5847879000066314,0.005230899987509474
0.6,LP2 ($ 	heta $ Only),1,43,2.5292309750931763e-05,,88,54,0,54,2.5292309750931763e-05,24.0,76.0,0.01805789998616092,0.0828726000036113,0.0035250999790150672,1.473428800003603,2.9004146000079345,38.50325690000318,0.529761600017082,0.5025424999766983,0.5389877000125125,0.5727601000107825,0.005238100013229996
0.6,LP2 ($ 	heta $ Only),2,45,3.440387816509483e-05,,114,64,0,64,3.440387816509484e-05,30.0,70.0,0.032351500005461276,0.09139780001714826,0.007137400010833517,1.4354769999918062,2.7639260000141803,39.20691400000942,0.5240867999964394,0.5375883000087924,0.5867126999946777,0.6546952999779023,0.006348800001433119
0.6,LP2 ($ 	heta $ Only),3,48,3.3873888204588104e-05,,79,88,0,88,3.3873888204588104e-05,34.0,66.0,0.021648800000548363,0.08080140000674874,0.0035137999802827835,1.7236947999917902,3.1719284999999218,40.18572239999776,0.5636413000174798,0.5315195999864955,0.7674385999853257,0.5464329999813344,0.006137999997008592
0.6,LP2 ($ 	heta $ Only),4,52,4.21349470762499e-05,,90,77,0,77,4.2134947076249896e-05,34.0,66.0,0.022949400008656085,0.09587039999314584,0.003580699994927272,1.5042236000008415,2.989552500017453,40.52799979998963,0.5557009000040125,0.5328916999860667,0.5663913000025786,0.5405369999934919,0.005188100010855123
0.6,LP2 ($ 	heta $ Only),5,57,4.756940666549561e-05,,70,85,0,85,4.756940666549561e-05,36.0,64.0,0.018103000009432435,0.11993669997900724,0.009844099986366928,1.5909870000032242,3.023856900021201,38.77864910001517,0.5328333000070415,0.5646734000183642,0.7067477999953553,0.5617820000043139,0.010421100014355034
0.6,LP2 ($ 	heta $ Only),6,63,5.0545298578547376e-05,,82,101,2,99,5.0545298578547376e-05,30.0,70.0,0.021184299985179678,0.07968719999189489,0.0035618000256363302,1.5218534000159707,3.1174327000044286,38.958394500019494,0.529321300011361,0.5923410999821499,0.6656942999979947,0.7269854000187479,0.005261400016024709
0.6,LP2 ($ 	heta $ Only),7,70,5.559466644246207e-05,,68,110,1,109,5.5594666442462065e-05,38.0,62.0,0.016300000017508864,0.0871915000025183,0.0038520999951288104,1.462736900022719,3.1114964000007603,40.427550199994585,0.5219123999995645,0.7750439000083134,0.5391399000072852,0.5434755000169389,0.005324099998688325
0.6,LP2 ($ 	heta $ Only),8,78,5.315640140664008e-05,,62,113,0,113,5.315640140664008e-05,32.0,68.0,0.02176160001545213,0.07885520000127144,0.0035127000010106713,1.580873500002781,2.8801868000009563,39.480478500016034,0.5609206999943126,0.6093994000111707,0.5792298000014853,0.5644737999828067,0.00520479999249801
0.6,LP2 ($ 	heta $ Only),9,87,3.427694287982741e-05,,62,66,2,64,3.427694287982741e-05,28.0,72.0,0.018044800002826378,0.0845221999916248,0.0036031999916303903,1.6787748000060674,2.816282899992075,39.12692189999507,0.554557700001169,0.6050616999855265,0.6537154999969061,0.6146961000049487,0.012035499996272847
0.6,LP2 ($ 	heta $ Only),10,97,2.4061273073027754e-05,,84,59,0,59,2.4061273073027754e-05,32.0,68.0,0.01899420001427643,0.09208699999726377,0.003756500023882836,1.703290300007211,2.8884502000000793,38.35908220001147,0.5266571000101976,0.6009527999849524,0.5238408999866806,0.6586432999756653,0.010483199992449954
0.6,LP2 ($ 	heta $ Only),11,108,2.2961575244993264e-05,,75,68,0,68,2.2961575244993264e-05,22.0,78.0,0.024982300004921854,0.09119590002228506,0.004647399997338653,1.7279500999720767,3.110042500018608,38.826957100012805,0.5497355000115931,0.5413913000083994,0.5473704999894835,0.727993599983165,0.0051374000031501055
0.6,LP2 ($ 	heta $ Only),12,120,4.481550693929223e-05,,91,98,0,98,4.4815506939292224e-05,32.0,68.0,0.017105799983255565,0.08004920001258142,0.0038543999835383147,1.3641775000141934,3.036371700000018,40.04787180002313,0.538083599996753,0.6880076999950688,0.5907184999960009,0.5371459999878425,0.009025100007420406
0.6,LP2 ($ 	heta $ Only),13,133,8.548228518451945e-05,,77,122,0,122,8.548228518451947e-05,36.0,64.0,0.016342899994924664,0.08271059999242425,0.004585999995470047,1.5159569999959785,2.994594200019492,39.4093128000095,0.6991641000204254,0.5294571999984328,0.5329738000000361,0.619272899988573,0.00526420000824146
0.6,LP2 ($ 	heta $ Only),14,147,5.1634711504427235e-05,,87,92,0,92,5.163471150442725e-05,40.0,60.0,0.018506299995351583,0.08716029999777675,0.005599700001766905,1.4849182000034489,2.7666469999821857,40.3098998000205,0.6079733000078704,0.5717882000026293,0.5644159000075888,0.6764946000184864,0.00527160000638105
0.6,LP2 ($ 	heta $ Only),15,162,3.745036015750113e-05,,92,88,0,88,3.745036015750113e-05,32.0,68.0,0.0209366999915801,0.09185470000375062,0.006750800006557256,1.7054783000203315,2.885905200004345,39.143270100001246,0.6212330000125803,0.5573040999879595,0.529622100002598,0.7347035999991931,0.01528870000038296
0.6,LP2 ($ 	heta $ Only),16,178,3.518642184928118e-05,,62,55,0,55,3.518642184928118e-05,28.0,72.0,0.02167280000867322,0.08407050001551397,0.0035419000196270645,1.4962572999938857,3.1656021999951918,40.314265300025,0.5385294000152498,0.5706847999827005,0.5418474999896716,0.6033883999916725,0.006469399988418445
0.6,LP2 ($ 	heta $ Only),17,195,4.0729449550274504e-05,,76,90,0,90,4.07294495502745e-05,30.0,70.0,0.05446690000826493,0.14843619999010116,0.003635100001702085,1.4164818999997806,3.19698760000756,39.807384200015804,0.5458502999972552,0.5126814999966882,0.5969315999827813,0.6745145999884699,0.00797849998343736
0.6,LP2 ($ 	heta $ Only),18,213,5.990826567297972e-05,,65,140,0,140,5.990826567297972e-05,38.0,62.0,0.02173960002255626,0.0772317000082694,0.007761600019875914,1.5318377999938093,3.1305316999787465,37.83456630000728,0.5564197000057902,0.561542899988126,0.5812793000077363,0.7762836999900173,0.01775229998747818
0.6,LP2 ($ 	heta $ Only),19,232,3.765070258311116e-05,,100,84,0,84,3.765070258311117e-05,34.0,66.0,0.09062460000859573,0.1536132000037469,0.005598700023256242,1.5226376000209711,2.9309043000102974,38.618956499994965,0.5257203000073787,0.5872190999798477,0.5368777000112459,0.5502087000058964,0.004960900027072057
0.6,LP3 ($ 	heta $ Only),0,42,0.02282868919551964,,79,54,0,54,0.002638924935379307,96.0,4.0,0.047373600013088435,0.09925560001283884,0.01003780000610277,1.5058673000021372,3.492381599993678,40.31494370001019,0.532044700026745,0.5427595000073779,0.5548464999883436,0.5847879000066314,0.005230899987509474
0.6,LP3 ($ 	heta $ Only),1,43,0.013084054802048451,,88,39,0,39,0.0018218841378869494,94.0,6.0,0.01805789998616092,0.0828726000036113,0.0035250999790150672,1.473428800003603,2.9004146000079345,38.50325690000318,0.529761600017082,0.5025424999766983,0.5389877000125125,0.5727601000107825,0.005238100013229996
0.6,LP3 ($ 	heta $ Only),2,45,0.01711737467537615,,114,58,0,58,0.0022425340781926035,98.0,2.0,0.032351500005461276,0.09139780001714826,0.007137400010833517,1.4354769999918062,2.7639260000141803,39.20691400000942,0.5240867999964394,0.5375883000087924,0.5867126999946777,0.6546952999779023,0.006348800001433119
0.6,LP3 ($ 	heta $ Only),3,48,0.020879377148350645,,79,68,0,68,0.0029100208643740096,94.0,6.0,0.021648800000548363,0.08080140000674874,0.0035137999802827835,1.7236947999917902,3.1719284999999218,40.18572239999776,0.5636413000174798,0.5315195999864955,0.7674385999853257,0.5464329999813344,0.006137999997008592
0.6,LP3 ($ 	heta $ Only),4,52,0.01988034930974196,,90,61,0,61,0.002533759531504362,94.0,6.0,0.022949400008656085,0.09587039999314584,0.003580699994927272,1.5042236000008415,2.989552500017453,40.52799979998963,0.5557009000040125,0.5328916999860667,0.5663913000025786,0.5405369999934919,0.005188100010855123
0.6,LP3 ($ 	heta $ Only),5,57,0.02179537821914102,,70,78,0,78,0.0034580827694202466,98.0,2.0,0.018103000009432435,0.11993669997900724,0.009844099986366928,1.5909870000032242,3.023856900021201,38.77864910001517,0.5328333000070415,0.5646734000183642,0.7067477999953553,0.5617820000043139,0.010421100014355034
0.6,LP3 ($ 	heta $ Only),6,63,0.0286422142540446,,82,100,0,100,0.003458651402953715,98.0,2.0,0.021184299985179678,0.07968719999189489,0.0035618000256363302,1.5218534000159707,3.1174327000044286,38.958394500019494,0.529321300011361,0.5923410999821499,0.6656942999979947,0.7269854000187479,0.005261400016024709
0.6,LP3 ($ 	heta $ Only),7,70,0.02464046939276167,,68,77,0,77,0.0037678555324966822,98.0,2.0,0.016300000017508864,0.0871915000025183,0.0038520999951288104,1.462736900022719,3.1114964000007603,40.427550199994585,0.5219123999995645,0.7750439000083134,0.5391399000072852,0.5434755000169389,0.005324099998688325
0.6,LP3 ($ 	heta $ Only),8,78,0.022964984485711284,,62,81,0,81,0.0033432068436922346,98.0,2.0,0.02176160001545213,0.07885520000127144,0.0035127000010106713,1.580873500002781,2.8801868000009563,39.480478500016034,0.5609206999943126,0.6093994000111707,0.5792298000014853,0.5644737999828067,0.00520479999249801
0.6,LP3 ($ 	heta $ Only),9,87,0.01831862779320083,,62,62,0,62,0.00273195415223404,96.0,4.0,0.018044800002826378,0.0845221999916248,0.0036031999916303903,1.6787748000060674,2.816282899992075,39.12692189999507,0.554557700001169,0.6050616999855265,0.6537154999969061,0.6146961000049487,0.012035499996272847
0.6,LP3 ($ 	heta $ Only),10,97,0.015891447521199503,,84,63,0,63,0.0017951382237636365,98.0,2.0,0.01899420001427643,0.09208699999726377,0.003756500023882836,1.703290300007211,2.8884502000000793,38.35908220001147,0.5266571000101976,0.6009527999849524,0.5238408999866806,0.6586432999756653,0.010483199992449954
0.6,LP3 ($ 	heta $ Only),11,108,0.01759545302372119,,75,63,0,63,0.0017575801447341903,96.0,4.0,0.024982300004921854,0.09119590002228506,0.004647399997338653,1.7279500999720767,3.110042500018608,38.826957100012805,0.5497355000115931,0.5413913000083994,0.5473704999894835,0.727993599983165,0.0051374000031501055
0.6,LP3 ($ 	heta $ Only),12,120,0.023635011507718576,,91,75,0,75,0.003140334196318944,98.0,2.0,0.017105799983255565,0.08004920001258142,0.0038543999835383147,1.3641775000141934,3.036371700000018,40.04787180002313,0.538083599996753,0.6880076999950688,0.5907184999960009,0.5371459999878425,0.009025100007420406
0.6,LP3 ($ 	heta $ Only),13,133,0.030074875235030503,,77,116,0,116,0.0038260329176832363,98.0,2.0,0.016342899994924664,0.08271059999242425,0.004585999995470047,1.5159569999959785,2.994594200019492,39.4093128000095,0.6991641000204254,0.5294571999984328,0.5329738000000361,0.619272899988573,0.00526420000824146
0.6,LP3 ($ 	heta $ Only),14,147,0.023809789639064615,,87,83,0,83,0.003090862900920031,96.0,4.0,0.018506299995351583,0.08716029999777675,0.005599700001766905,1.4849182000034489,2.7666469999821857,40.3098998000205,0.6079733000078704,0.5717882000026293,0.5644159000075888,0.6764946000184864,0.00527160000638105
0.6,LP3 ($ 	heta $ Only),15,162,0.020988370562542012,,92,74,0,74,0.0028948060377507055,96.0,4.0,0.0209366999915801,0.09185470000375062,0.006750800006557256,1.7054783000203315,2.885905200004345,39.143270100001246,0.6212330000125803,0.5573040999879595,0.529622100002598,0.7347035999991931,0.01528870000038296
0.6,LP3 ($ 	heta $ Only),16,178,0.019751856420194086,,62,64,0,64,0.0026616731862359622,88.0,12.0,0.02167280000867322,0.08407050001551397,0.0035419000196270645,1.4962572999938857,3.1656021999951918,40.314265300025,0.5385294000152498,0.5706847999827005,0.5418474999896716,0.6033883999916725,0.006469399988418445
0.6,LP3 ($ 	heta $ Only),17,195,0.024670327799825986,,76,82,0,82,0.003458538385830873,98.0,2.0,0.05446690000826493,0.14843619999010116,0.003635100001702085,1.4164818999997806,3.19698760000756,39.807384200015804,0.5458502999972552,0.5126814999966882,0.5969315999827813,0.6745145999884699,0.00797849998343736
0.6,LP3 ($ 	heta $ Only),18,213,0.029648118739951296,,65,97,0,97,0.003696529772997105,94.0,6.0,0.02173960002255626,0.0772317000082694,0.007761600019875914,1.5318377999938093,3.1305316999787465,37.83456630000728,0.5564197000057902,0.561542899988126,0.5812793000077363,0.7762836999900173,0.01775229998747818
0.6,LP3 ($ 	heta $ Only),19,232,0.021536980351177237,,100,76,0,76,0.0032162704307907935,98.0,2.0,0.09062460000859573,0.1536132000037469,0.005598700023256242,1.5226376000209711,2.9309043000102974,38.618956499994965,0.5257203000073787,0.5872190999798477,0.5368777000112459,0.5502087000058964,0.004960900027072057
0.6,Weighted LP3 ($ 	heta $ Only),0,42,0.015299273473252975,,79,64,0,64,0.0026003953024919886,94.0,6.0,0.047373600013088435,0.09925560001283884,0.01003780000610277,1.5058673000021372,3.492381599993678,40.31494370001019,0.532044700026745,0.5427595000073779,0.5548464999883436,0.5847879000066314,0.005230899987509474
0.6,Weighted LP3 ($ 	heta $ Only),1,43,0.008508648787309852,,88,38,0,38,0.0014766912123798047,88.0,12.0,0.01805789998616092,0.0828726000036113,0.0035250999790150672,1.473428800003603,2.9004146000079345,38.50325690000318,0.529761600017082,0.5025424999766983,0.5389877000125125,0.5727601000107825,0.005238100013229996
0.6,Weighted LP3 ($ 	heta $ Only),2,45,0.010987447084304155,,114,62,0,62,0.001943649073579619,96.0,4.0,0.032351500005461276,0.09139780001714826,0.007137400010833517,1.4354769999918062,2.7639260000141803,39.20691400000942,0.5240867999964394,0.5375883000087924,0.5867126999946777,0.6546952999779023,0.006348800001433119
0.6,Weighted LP3 ($ 	heta $ Only),3,48,0.013582480407926685,,79,68,0,68,0.002697959671766174,96.0,4.0,0.021648800000548363,0.08080140000674874,0.0035137999802827835,1.7236947999917902,3.1719284999999218,40.18572239999776,0.5636413000174798,0.5315195999864955,0.7674385999853257,0.5464329999813344,0.006137999997008592
0.6,Weighted LP3 ($ 	heta $ Only),4,52,0.013123387753971257,,90,65,0,65,0.0023608697732021375,94.0,6.0,0.022949400008656085,0.09587039999314584,0.003580699994927272,1.5042236000008415,2.989552500017453,40.52799979998963,0.5557009000040125,0.5328916999860667,0.5663913000025786,0.5405369999934919,0.005188100010855123
0.6,Weighted LP3 ($ 	heta $ Only),5,57,0.014639076502241435,,70,75,0,75,0.003425270366103485,98.0,2.0,0.018103000009432435,0.11993669997900724,0.009844099986366928,1.5909870000032242,3.023856900021201,38.77864910001517,0.5328333000070415,0.5646734000183642,0.7067477999953553,0.5617820000043139,0.010421100014355034
0.6,Weighted LP3 ($ 	heta $ Only),6,63,0.01896745112219788,,82,104,0,104,0.003400395810679967,98.0,2.0,0.021184299985179678,0.07968719999189489,0.0035618000256363302,1.5218534000159707,3.1174327000044286,38.958394500019494,0.529321300011361,0.5923410999821499,0.6656942999979947,0.7269854000187479,0.005261400016024709
0.6,Weighted LP3 ($ 	heta $ Only),7,70,0.01615218597375686,,68,78,0,78,0.003592914198002553,98.0,2.0,0.016300000017508864,0.0871915000025183,0.0038520999951288104,1.462736900022719,3.1114964000007603,40.427550199994585,0.5219123999995645,0.7750439000083134,0.5391399000072852,0.5434755000169389,0.005324099998688325
0.6,Weighted LP3 ($ 	heta $ Only),8,78,0.015349970822249055,,62,80,0,80,0.003153487353164389,98.0,2.0,0.02176160001545213,0.07885520000127144,0.0035127000010106713,1.580873500002781,2.8801868000009563,39.480478500016034,0.5609206999943126,0.6093994000111707,0.5792298000014853,0.5644737999828067,0.00520479999249801
0.6,Weighted LP3 ($ 	heta $ Only),9,87,0.012606227318227567,,62,63,0,63,0.002751162019432823,96.0,4.0,0.018044800002826378,0.0845221999916248,0.0036031999916303903,1.6787748000060674,2.816282899992075,39.12692189999507,0.554557700001169,0.6050616999855265,0.6537154999969061,0.6146961000049487,0.012035499996272847
0.6,Weighted LP3 ($ 	heta $ Only),10,97,0.01007281838102221,,84,60,0,60,0.0012520844801152638,90.0,10.0,0.01899420001427643,0.09208699999726377,0.003756500023882836,1.703290300007211,2.8884502000000793,38.35908220001147,0.5266571000101976,0.6009527999849524,0.5238408999866806,0.6586432999756653,0.010483199992449954
0.6,Weighted LP3 ($ 	heta $ Only),11,108,0.010918950475466833,,75,58,0,58,0.0010759993765497155,92.0,8.0,0.024982300004921854,0.09119590002228506,0.004647399997338653,1.7279500999720767,3.110042500018608,38.826957100012805,0.5497355000115931,0.5413913000083994,0.5473704999894835,0.727993599983165,0.0051374000031501055
0.6,Weighted LP3 ($ 	heta $ Only),12,120,0.015563305270871228,,91,77,0,77,0.0029377469104603176,98.0,2.0,0.017105799983255565,0.08004920001258142,0.0038543999835383147,1.3641775000141934,3.036371700000018,40.04787180002313,0.538083599996753,0.6880076999950688,0.5907184999960009,0.5371459999878425,0.009025100007420406
0.6,Weighted LP3 ($ 	heta $ Only),13,133,0.020247719034536024,,77,110,0,110,0.0037120880294518577,98.0,2.0,0.016342899994924664,0.08271059999242425,0.004585999995470047,1.5159569999959785,2.994594200019492,39.4093128000095,0.6991641000204254,0.5294571999984328,0.5329738000000361,0.619272899988573,0.00526420000824146
0.6,Weighted LP3 ($ 	heta $ Only),14,147,0.015619145254292557,,87,87,0,87,0.002982186559788698,96.0,4.0,0.018506299995351583,0.08716029999777675,0.005599700001766905,1.4849182000034489,2.7666469999821857,40.3098998000205,0.6079733000078704,0.5717882000026293,0.5644159000075888,0.6764946000184864,0.00527160000638105
0.6,Weighted LP3 ($ 	heta $ Only),15,162,0.013770445711669296,,92,73,0,73,0.0028022087158990974,96.0,4.0,0.0209366999915801,0.09185470000375062,0.006750800006557256,1.7054783000203315,2.885905200004345,39.143270100001246,0.6212330000125803,0.5573040999879595,0.529622100002598,0.7347035999991931,0.01528870000038296
0.6,Weighted LP3 ($ 	heta $ Only),16,178,0.012994869915929748,,62,61,0,61,0.0024993840454809,94.0,6.0,0.02167280000867322,0.08407050001551397,0.0035419000196270645,1.4962572999938857,3.1656021999951918,40.314265300025,0.5385294000152498,0.5706847999827005,0.5418474999896716,0.6033883999916725,0.006469399988418445
0.6,Weighted LP3 ($ 	heta $ Only),17,195,0.016115722122158792,,76,81,0,81,0.0033514294537120557,96.0,4.0,0.05446690000826493,0.14843619999010116,0.003635100001702085,1.4164818999997806,3.19698760000756,39.807384200015804,0.5458502999972552,0.5126814999966882,0.5969315999827813,0.6745145999884699,0.00797849998343736
0.6,Weighted LP3 ($ 	heta $ Only),18,213,0.019305394453097778,,65,95,0,95,0.003609039598523368,94.0,6.0,0.02173960002255626,0.0772317000082694,0.007761600019875914,1.5318377999938093,3.1305316999787465,37.83456630000728,0.5564197000057902,0.561542899988126,0.5812793000077363,0.7762836999900173,0.01775229998747818
0.6,Weighted LP3 ($ 	heta $ Only),19,232,0.01414025078014832,,100,77,0,77,0.003024861316808144,98.0,2.0,0.09062460000859573,0.1536132000037469,0.005598700023256242,1.5226376000209711,2.9309043000102974,38.618956499994965,0.5257203000073787,0.5872190999798477,0.5368777000112459,0.5502087000058964,0.004960900027072057
0.6,Borda LP3 ($ 	heta $ Only),0,42,0.020510804391757394,,79,60,0,60,0.0026161480020022838,98.0,2.0,0.047373600013088435,0.09925560001283884,0.01003780000610277,1.5058673000021372,3.492381599993678,40.31494370001019,0.532044700026745,0.5427595000073779,0.5548464999883436,0.5847879000066314,0.005230899987509474
0.6,Borda LP3 ($ 	heta $ Only),1,43,0.009648838252082105,,88,47,0,47,0.001383706416495475,88.0,12.0,0.01805789998616092,0.0828726000036113,0.0035250999790150672,1.473428800003603,2.9004146000079345,38.50325690000318,0.529761600017082,0.5025424999766983,0.5389877000125125,0.5727601000107825,0.005238100013229996
0.6,Borda LP3 ($ 	heta $ Only),2,45,0.015252297724283704,,114,60,0,60,0.0022063952554961363,98.0,2.0,0.032351500005461276,0.09139780001714826,0.007137400010833517,1.4354769999918062,2.7639260000141803,39.20691400000942,0.5240867999964394,0.5375883000087924,0.5867126999946777,0.6546952999779023,0.006348800001433119
0.6,Borda LP3 ($ 	heta $ Only),3,48,0.017678215075187555,,79,75,0,75,0.002981593683565607,94.0,6.0,0.021648800000548363,0.08080140000674874,0.0035137999802827835,1.7236947999917902,3.1719284999999218,40.18572239999776,0.5636413000174798,0.5315195999864955,0.7674385999853257,0.5464329999813344,0.006137999997008592
0.6,Borda LP3 ($ 	heta $ Only),4,52,0.01725218572437453,,90,76,0,76,0.0023603020386823797,92.0,8.0,0.022949400008656085,0.09587039999314584,0.003580699994927272,1.5042236000008415,2.989552500017453,40.52799979998963,0.5557009000040125,0.5328916999860667,0.5663913000025786,0.5405369999934919,0.005188100010855123
0.6,Borda LP3 ($ 	heta $ Only),5,57,0.019045931048093018,,70,73,0,73,0.0033569128473829204,98.0,2.0,0.018103000009432435,0.11993669997900724,0.009844099986366928,1.5909870000032242,3.023856900021201,38.77864910001517,0.5328333000070415,0.5646734000183642,0.7067477999953553,0.5617820000043139,0.010421100014355034
0.6,Borda LP3 ($ 	heta $ Only),6,63,0.025446030380223007,,82,105,0,105,0.00336696965925726,98.0,2.0,0.021184299985179678,0.07968719999189489,0.0035618000256363302,1.5218534000159707,3.1174327000044286,38.958394500019494,0.529321300011361,0.5923410999821499,0.6656942999979947,0.7269854000187479,0.005261400016024709
0.6,Borda LP3 ($ 	heta $ Only),7,70,0.018429176827310198,,68,72,0,72,0.0032433025205124135,98.0,2.0,0.016300000017508864,0.0871915000025183,0.0038520999951288104,1.462736900022719,3.1114964000007603,40.427550199994585,0.5219123999995645,0.7750439000083134,0.5391399000072852,0.5434755000169389,0.005324099998688325
0.6,Borda LP3 ($ 	heta $ Only),8,78,0.01930983206688914,,62,87,0,87,0.0034143467629691106,98.0,2.0,0.02176160001545213,0.07885520000127144,0.0035127000010106713,1.580873500002781,2.8801868000009563,39.480478500016034,0.5609206999943126,0.6093994000111707,0.5792298000014853,0.5644737999828067,0.00520479999249801
0.6,Borda LP3 ($ 	heta $ Only),9,87,0.014825241493845186,,62,65,0,65,0.002614322487490141,98.0,2.0,0.018044800002826378,0.0845221999916248,0.0036031999916303903,1.6787748000060674,2.816282899992075,39.12692189999507,0.554557700001169,0.6050616999855265,0.6537154999969061,0.6146961000049487,0.012035499996272847
0.6,Borda LP3 ($ 	heta $ Only),10,97,0.013870563499704459,,84,58,0,58,0.0014786702760856683,94.0,6.0,0.01899420001427643,0.09208699999726377,0.003756500023882836,1.703290300007211,2.8884502000000793,38.35908220001147,0.5266571000101976,0.6009527999849524,0.5238408999866806,0.6586432999756653,0.010483199992449954
0.6,Borda LP3 ($ 	heta $ Only),11,108,0.01606668277302707,,75,64,0,64,0.0016862533510175399,94.0,6.0,0.024982300004921854,0.09119590002228506,0.004647399997338653,1.7279500999720767,3.110042500018608,38.826957100012805,0.5497355000115931,0.5413913000083994,0.5473704999894835,0.727993599983165,0.0051374000031501055
0.6,Borda LP3 ($ 	heta $ Only),12,120,0.02074068573276462,,91,74,0,74,0.0029591229244991853,98.0,2.0,0.017105799983255565,0.08004920001258142,0.0038543999835383147,1.3641775000141934,3.036371700000018,40.04787180002313,0.538083599996753,0.6880076999950688,0.5907184999960009,0.5371459999878425,0.009025100007420406
0.6,Borda LP3 ($ 	heta $ Only),13,133,0.02641404493945585,,77,114,0,114,0.003697097015051137,98.0,2.0,0.016342899994924664,0.08271059999242425,0.004585999995470047,1.5159569999959785,2.994594200019492,39.4093128000095,0.6991641000204254,0.5294571999984328,0.5329738000000361,0.619272899988573,0.00526420000824146
0.6,Borda LP3 ($ 	heta $ Only),14,147,0.02067452734062826,,87,91,0,91,0.0029943492736872936,98.0,2.0,0.018506299995351583,0.08716029999777675,0.005599700001766905,1.4849182000034489,2.7666469999821857,40.3098998000205,0.6079733000078704,0.5717882000026293,0.5644159000075888,0.6764946000184864,0.00527160000638105
0.6,Borda LP3 ($ 	heta $ Only),15,162,0.01773701176947466,,92,76,0,76,0.002751410125684618,94.0,6.0,0.0209366999915801,0.09185470000375062,0.006750800006557256,1.7054783000203315,2.885905200004345,39.143270100001246,0.6212330000125803,0.5573040999879595,0.529622100002598,0.7347035999991931,0.01528870000038296
0.6,Borda LP3 ($ 	heta $ Only),16,178,0.016544898993647496,,62,63,0,63,0.002639181560559042,94.0,6.0,0.02167280000867322,0.08407050001551397,0.0035419000196270645,1.4962572999938857,3.1656021999951918,40.314265300025,0.5385294000152498,0.5706847999827005,0.5418474999896716,0.6033883999916725,0.006469399988418445
0.6,Borda LP3 ($ 	heta $ Only),17,195,0.020326192439424684,,76,93,0,93,0.0034553640745219323,98.0,2.0,0.05446690000826493,0.14843619999010116,0.003635100001702085,1.4164818999997806,3.19698760000756,39.807384200015804,0.5458502999972552,0.5126814999966882,0.5969315999827813,0.6745145999884699,0.00797849998343736
0.6,Borda LP3 ($ 	heta $ Only),18,213,0.02314374706899361,,65,90,0,90,0.0033921700634415354,92.0,8.0,0.02173960002255626,0.0772317000082694,0.007761600019875914,1.5318377999938093,3.1305316999787465,37.83456630000728,0.5564197000057902,0.561542899988126,0.5812793000077363,0.7762836999900173,0.01775229998747818
0.6,Borda LP3 ($ 	heta $ Only),19,232,0.01698599198934045,,100,82,0,82,0.0029710421500759123,98.0,2.0,0.09062460000859573,0.1536132000037469,0.005598700023256242,1.5226376000209711,2.9309043000102974,38.618956499994965,0.5257203000073787,0.5872190999798477,0.5368777000112459,0.5502087000058964,0.004960900027072057
0.6,Linear BTL,0,42,,-618968.3505030795,79,283,6,277,,,,0.047373600013088435,0.09925560001283884,0.01003780000610277,1.5058673000021372,3.492381599993678,40.31494370001019,0.532044700026745,0.5427595000073779,0.5548464999883436,0.5847879000066314,0.005230899987509474
0.6,Linear BTL,1,43,,-77154.35197758842,88,346,18,328,,,,0.01805789998616092,0.0828726000036113,0.0035250999790150672,1.473428800003603,2.9004146000079345,38.50325690000318,0.529761600017082,0.5025424999766983,0.5389877000125125,0.5727601000107825,0.005238100013229996
0.6,Linear BTL,2,45,,-566788.8960259928,114,425,17,408,,,,0.032351500005461276,0.09139780001714826,0.007137400010833517,1.4354769999918062,2.7639260000141803,39.20691400000942,0.5240867999964394,0.5375883000087924,0.5867126999946777,0.6546952999779023,0.006348800001433119
0.6,Linear BTL,3,48,,-80477.06251867987,79,283,5,278,,,,0.021648800000548363,0.08080140000674874,0.0035137999802827835,1.7236947999917902,3.1719284999999218,40.18572239999776,0.5636413000174798,0.5315195999864955,0.7674385999853257,0.5464329999813344,0.006137999997008592
0.6,Linear BTL,4,52,,-84507.7750740642,90,310,10,300,,,,0.022949400008656085,0.09587039999314584,0.003580699994927272,1.5042236000008415,2.989552500017453,40.52799979998963,0.5557009000040125,0.5328916999860667,0.5663913000025786,0.5405369999934919,0.005188100010855123
0.6,Linear BTL,5,57,,-68027.5236139383,70,230,2,228,,,,0.018103000009432435,0.11993669997900724,0.009844099986366928,1.5909870000032242,3.023856900021201,38.77864910001517,0.5328333000070415,0.5646734000183642,0.7067477999953553,0.5617820000043139,0.010421100014355034
0.6,Linear BTL,6,63,,-157364.04599650155,82,342,14,328,,,,0.021184299985179678,0.07968719999189489,0.0035618000256363302,1.5218534000159707,3.1174327000044286,38.958394500019494,0.529321300011361,0.5923410999821499,0.6656942999979947,0.7269854000187479,0.005261400016024709
0.6,Linear BTL,7,70,,-355243.55379130156,68,335,11,324,,,,0.016300000017508864,0.0871915000025183,0.0038520999951288104,1.462736900022719,3.1114964000007603,40.427550199994585,0.5219123999995645,0.7750439000083134,0.5391399000072852,0.5434755000169389,0.005324099998688325
0.6,Linear BTL,8,78,,-103621.77513097486,62,339,4,335,,,,0.02176160001545213,0.07885520000127144,0.0035127000010106713,1.580873500002781,2.8801868000009563,39.480478500016034,0.5609206999943126,0.6093994000111707,0.5792298000014853,0.5644737999828067,0.00520479999249801
0.6,Linear BTL,9,87,,-1106230.4788669734,62,248,13,235,,,,0.018044800002826378,0.0845221999916248,0.0036031999916303903,1.6787748000060674,2.816282899992075,39.12692189999507,0.554557700001169,0.6050616999855265,0.6537154999969061,0.6146961000049487,0.012035499996272847
0.6,Linear BTL,10,97,,-16252.910187320937,84,336,3,333,,,,0.01899420001427643,0.09208699999726377,0.003756500023882836,1.703290300007211,2.8884502000000793,38.35908220001147,0.5266571000101976,0.6009527999849524,0.5238408999866806,0.6586432999756653,0.010483199992449954
0.6,Linear BTL,11,108,,-7471.992018272843,75,90,0,90,,,,0.024982300004921854,0.09119590002228506,0.004647399997338653,1.7279500999720767,3.110042500018608,38.826957100012805,0.5497355000115931,0.5413913000083994,0.5473704999894835,0.727993599983165,0.0051374000031501055
0.6,Linear BTL,12,120,,-175701.05250818757,91,363,13,350,,,,0.017105799983255565,0.08004920001258142,0.0038543999835383147,1.3641775000141934,3.036371700000018,40.04787180002313,0.538083599996753,0.6880076999950688,0.5907184999960009,0.5371459999878425,0.009025100007420406
0.6,Linear BTL,13,133,,-48251.761067083324,77,342,12,330,,,,0.016342899994924664,0.08271059999242425,0.004585999995470047,1.5159569999959785,2.994594200019492,39.4093128000095,0.6991641000204254,0.5294571999984328,0.5329738000000361,0.619272899988573,0.00526420000824146
0.6,Linear BTL,14,147,,-100453.87740292051,87,299,14,285,,,,0.018506299995351583,0.08716029999777675,0.005599700001766905,1.4849182000034489,2.7666469999821857,40.3098998000205,0.6079733000078704,0.5717882000026293,0.5644159000075888,0.6764946000184864,0.00527160000638105
0.6,Linear BTL,15,162,,-173309.19636650954,92,391,5,386,,,,0.0209366999915801,0.09185470000375062,0.006750800006557256,1.7054783000203315,2.885905200004345,39.143270100001246,0.6212330000125803,0.5573040999879595,0.529622100002598,0.7347035999991931,0.01528870000038296
0.6,Linear BTL,16,178,,-920087.3124727322,62,235,1,234,,,,0.02167280000867322,0.08407050001551397,0.0035419000196270645,1.4962572999938857,3.1656021999951918,40.314265300025,0.5385294000152498,0.5706847999827005,0.5418474999896716,0.6033883999916725,0.006469399988418445
0.6,Linear BTL,17,195,,-81165.67269026522,76,280,1,279,,,,0.05446690000826493,0.14843619999010116,0.003635100001702085,1.4164818999997806,3.19698760000756,39.807384200015804,0.5458502999972552,0.5126814999966882,0.5969315999827813,0.6745145999884699,0.00797849998343736
0.6,Linear BTL,18,213,,-12496.846210632657,65,258,2,256,,,,0.02173960002255626,0.0772317000082694,0.007761600019875914,1.5318377999938093,3.1305316999787465,37.83456630000728,0.5564197000057902,0.561542899988126,0.5812793000077363,0.7762836999900173,0.01775229998747818
0.6,Linear BTL,19,232,,-9922.329333758298,100,180,0,180,,,,0.09062460000859573,0.1536132000037469,0.005598700023256242,1.5226376000209711,2.9309043000102974,38.618956499994965,0.5257203000073787,0.5872190999798477,0.5368777000112459,0.5502087000058964,0.004960900027072057
0.7,LP2 ($ 	heta $ Only),0,42,4.541885250920646e-05,,102,92,0,92,4.541885250920646e-05,36.0,64.0,0.03053869999712333,0.1759582000086084,0.005164100002730265,1.5346411000064109,2.812969599995995,39.492325999977766,0.5411808999779169,0.5236784000007901,0.5236774000222795,0.5215195000055246,0.009522799984551966
0.7,LP2 ($ 	heta $ Only),1,43,3.3774114192084464e-05,,102,99,2,97,3.3774114192084464e-05,30.0,70.0,0.03313639998668805,0.10219389997655526,0.007051699998555705,1.5043611000000965,2.759394799999427,40.07541350001702,0.5507955999928527,0.5816285999899264,0.5411710000189487,0.5187450000084937,0.006418499979190528
0.7,LP2 ($ 	heta $ Only),2,45,5.3926899331857626e-05,,138,133,1,132,5.392689933185762e-05,36.0,64.0,0.015815399994608015,0.09473399998387322,0.0033502000151202083,1.5657952000037767,2.7865370999788865,41.13559869999881,0.6535940000030678,0.601295400003437,0.6450000000186265,0.5510675999976229,0.008185499988030642
0.7,LP2 ($ 	heta $ Only),3,48,3.8000602026785095e-05,,126,126,0,126,3.8000602026785095e-05,38.0,62.0,0.016275099973427132,0.08239719999255612,0.005158299987670034,1.476309499994386,2.898420999990776,41.375536100007594,0.5543124999967404,0.5353662999987137,0.48486500000581145,0.5225448000128381,0.004888399998890236
0.7,LP2 ($ 	heta $ Only),4,52,4.3302786092035994e-05,,110,122,0,122,4.3302786092035994e-05,42.0,58.0,0.01591220000409521,0.08060990000376478,0.008168199972715229,1.6337777999870013,2.8858494000160135,39.277044500020565,0.5326894999889191,0.5044637999963015,0.5265514999919105,0.7278564999869559,0.01563979999627918
0.7,LP2 ($ 	heta $ Only),5,57,2.723104873508109e-05,,88,48,0,48,2.7231048735081093e-05,28.0,72.0,0.024047299986705184,0.08316189999459311,0.003544300008798018,1.659257500024978,2.9816196000028867,42.56418349998421,0.9448585000063758,0.9166744999820367,1.1052392999990843,0.8201367000001483,0.012115599995013326
0.7,LP2 ($ 	heta $ Only),6,63,5.761463243610583e-05,,110,132,0,132,5.761463243610583e-05,32.0,68.0,0.02913270000135526,0.12614579999353737,0.007913999987067655,2.225509300013073,2.993775299983099,40.91525930000353,0.5112923000124283,0.5446558000112418,0.5698030000203289,0.5195627000066452,0.009351299988338724
0.7,LP2 ($ 	heta $ Only),7,70,5.096054398098245e-05,,107,128,0,128,5.096054398098244e-05,36.0,64.0,0.017239099979633465,0.08244540001032874,0.005586799990851432,1.4942201999947429,2.7989573999948334,40.92317430002731,0.7052964000031352,0.7223254000127781,0.5903690000122879,0.5421701000013854,0.00819779999437742
0.7,LP2 ($ 	heta $ Only),8,78,4.7761830004368104e-05,,103,114,0,114,4.7761830004368104e-05,36.0,64.0,0.021859900007257238,0.08193689998006448,0.003564200014807284,1.5347847000230104,2.8669605999893975,41.425766700005624,0.5079021999845281,0.7055503999872599,0.545676799985813,0.5196174000157043,0.005060699972091243
0.7,LP2 ($ 	heta $ Only),9,87,4.8781451527159e-05,,95,103,0,103,4.8781451527159005e-05,34.0,66.0,0.02060930000152439,0.07256500000949018,0.0034354999952483922,1.504935499979183,3.08348540001316,40.643095700012054,0.5732625999953598,0.5602373000001535,0.5415029000141658,0.5675615000072867,0.005228300025919452
0.7,LP2 ($ 	heta $ Only),10,97,4.707900987590154e-05,,120,77,0,77,4.7079009875901543e-05,32.0,68.0,0.01696149999042973,0.07771260000299662,0.0033968999923672527,1.5026922000106424,3.2432037999969907,39.82356280001113,0.5882237000041641,0.6916259999852628,0.5185171999910381,0.5657813999860082,0.007301700010430068
0.7,LP2 ($ 	heta $ Only),11,108,3.385974377526547e-05,,123,88,0,88,3.3859743775265467e-05,38.0,62.0,0.018789099995046854,0.0875102000136394,0.005552299990085885,1.381684599997243,2.849626499984879,35.91807759998483,0.5118254999979399,0.5119767999858595,0.5605909999867436,0.5201324000081513,0.007406000018818304
0.7,LP2 ($ 	heta $ Only),12,120,4.4752066488452345e-05,,115,132,0,132,4.475206648845235e-05,38.0,62.0,0.019845400005578995,0.0748979999916628,0.0035767000226769596,1.6192126999958418,3.230762799998047,42.029741900012596,0.5547506999864709,0.5468084000167437,0.5220591999823228,0.6698560999939218,0.012244400015333667
0.7,LP2 ($ 	heta $ Only),13,133,5.026762671696307e-05,,107,124,0,124,5.026762671696309e-05,34.0,66.0,0.025713600014569238,0.10550959999090992,0.0038560999964829534,1.4654701999970712,3.100545499997679,42.373832100012805,0.5872904999996535,0.6445528999902308,0.5413675000017975,0.515951600013068,0.006680200021946803
0.7,LP2 ($ 	heta $ Only),14,147,3.953851241723883e-05,,123,93,0,93,3.953851241723882e-05,34.0,66.0,0.018017400027019903,0.0764101000095252,0.0034397999988868833,1.4043727999960538,2.910991599987028,39.06288360001054,0.5611334000132047,0.8195083000173327,0.5266797000076622,0.5396998000214808,0.00993130001006648
0.7,LP2 ($ 	heta $ Only),15,162,3.911465255149904e-05,,110,98,0,98,3.911465255149904e-05,26.0,74.0,0.01587999999173917,0.09557069998118095,0.0034103999787475914,1.5052834000089206,3.1479507999902125,41.74648410000373,0.517794799990952,0.524557900003856,0.6031280999886803,0.527305299998261,0.006252099992707372
0.7,LP2 ($ 	heta $ Only),16,178,5.725871543409931e-05,,102,145,1,144,5.725871543409932e-05,40.0,60.0,0.02005359999020584,0.09437659999821335,0.004401400015922263,1.4843532999802846,3.1190153999777976,40.372554200002924,0.51482899999246,0.6883298000029754,0.549162500014063,0.5308038000075612,0.004977999982656911
0.7,LP2 ($ 	heta $ Only),17,195,5.0862017570511e-05,,116,138,0,138,5.0862017570511e-05,32.0,68.0,0.016069099976448342,0.0827724999981001,0.003407000011065975,1.4081913999980316,3.2223674000124447,38.979466100019636,0.5106875000055879,0.7091650999791455,0.5298142000101507,0.5348968000034802,0.005156600003829226
0.7,LP2 ($ 	heta $ Only),18,213,4.7260623568969706e-05,,81,117,0,117,4.72606235689697e-05,38.0,62.0,0.024275399977341294,0.09049449997837655,0.003641700022853911,1.4404021999798715,3.132116299995687,40.72834169998532,0.6071713999845088,0.5414805999898817,0.5512119999912102,0.5091719999909401,0.005091300001367927
0.7,LP2 ($ 	heta $ Only),19,232,5.4425708152830925e-05,,124,134,0,134,5.4425708152830925e-05,34.0,66.0,0.016071399993961677,0.08366460000979714,0.0034636000054888427,1.6550270000007004,3.270735500002047,40.66979699998046,0.5736154000042006,0.5228849000122864,0.5635645000147633,0.609065600001486,0.004944700020132586
0.7,LP3 ($ 	heta $ Only),0,42,0.02472689901488682,,102,89,0,89,0.0033321976860027584,98.0,2.0,0.03053869999712333,0.1759582000086084,0.005164100002730265,1.5346411000064109,2.812969599995995,39.492325999977766,0.5411808999779169,0.5236784000007901,0.5236774000222795,0.5215195000055246,0.009522799984551966
0.7,LP3 ($ 	heta $ Only),1,43,0.019141333888337116,,102,62,0,62,0.002463130437113432,94.0,6.0,0.03313639998668805,0.10219389997655526,0.007051699998555705,1.5043611000000965,2.759394799999427,40.07541350001702,0.5507955999928527,0.5816285999899264,0.5411710000189487,0.5187450000084937,0.006418499979190528
0.7,LP3 ($ 	heta $ Only),2,45,0.03274460118098077,,138,119,0,119,0.0034901183783460432,96.0,4.0,0.015815399994608015,0.09473399998387322,0.0033502000151202083,1.5657952000037767,2.7865370999788865,41.13559869999881,0.6535940000030678,0.601295400003437,0.6450000000186265,0.5510675999976229,0.008185499988030642
0.7,LP3 ($ 	heta $ Only),3,48,0.030286320915760605,,126,118,0,118,0.0035121586416373396,98.0,2.0,0.016275099973427132,0.08239719999255612,0.005158299987670034,1.476309499994386,2.898420999990776,41.375536100007594,0.5543124999967404,0.5353662999987137,0.48486500000581145,0.5225448000128381,0.004888399998890236
0.7,LP3 ($ 	heta $ Only),4,52,0.028100544586272983,,110,107,0,107,0.003233959099375925,98.0,2.0,0.01591220000409521,0.08060990000376478,0.008168199972715229,1.6337777999870013,2.8858494000160135,39.277044500020565,0.5326894999889191,0.5044637999963015,0.5265514999919105,0.7278564999869559,0.01563979999627918
0.7,LP3 ($ 	heta $ Only),5,57,0.01316641732286229,,88,37,0,37,0.0016471296907287283,94.0,6.0,0.024047299986705184,0.08316189999459311,0.003544300008798018,1.659257500024978,2.9816196000028867,42.56418349998421,0.9448585000063758,0.9166744999820367,1.1052392999990843,0.8201367000001483,0.012115599995013326
0.7,LP3 ($ 	heta $ Only),6,63,0.030768251885826353,,110,116,0,116,0.003260501841979285,98.0,2.0,0.02913270000135526,0.12614579999353737,0.007913999987067655,2.225509300013073,2.993775299983099,40.91525930000353,0.5112923000124283,0.5446558000112418,0.5698030000203289,0.5195627000066452,0.009351299988338724
0.7,LP3 ($ 	heta $ Only),7,70,0.02861571469317322,,107,97,0,97,0.0028687125942486007,96.0,4.0,0.017239099979633465,0.08244540001032874,0.005586799990851432,1.4942201999947429,2.7989573999948334,40.92317430002731,0.7052964000031352,0.7223254000127781,0.5903690000122879,0.5421701000013854,0.00819779999437742
0.7,LP3 ($ 	heta $ Only),8,78,0.03116060062329762,,103,116,0,116,0.003035566642911239,98.0,2.0,0.021859900007257238,0.08193689998006448,0.003564200014807284,1.5347847000230104,2.8669605999893975,41.425766700005624,0.5079021999845281,0.7055503999872599,0.545676799985813,0.5196174000157043,0.005060699972091243
0.7,LP3 ($ 	heta $ Only),9,87,0.025403108520753257,,95,95,0,95,0.003354879418099674,96.0,4.0,0.02060930000152439,0.07256500000949018,0.0034354999952483922,1.504935499979183,3.08348540001316,40.643095700012054,0.5732625999953598,0.5602373000001535,0.5415029000141658,0.5675615000072867,0.005228300025919452
0.7,LP3 ($ 	heta $ Only),10,97,0.023905455895365656,,120,75,0,75,0.003486417515719857,98.0,2.0,0.01696149999042973,0.07771260000299662,0.0033968999923672527,1.5026922000106424,3.2432037999969907,39.82356280001113,0.5882237000041641,0.6916259999852628,0.5185171999910381,0.5657813999860082,0.007301700010430068
0.7,LP3 ($ 	heta $ Only),11,108,0.023813440162232302,,123,94,0,94,0.002408673561193472,96.0,4.0,0.018789099995046854,0.0875102000136394,0.005552299990085885,1.381684599997243,2.849626499984879,35.91807759998483,0.5118254999979399,0.5119767999858595,0.5605909999867436,0.5201324000081513,0.007406000018818304
0.7,LP3 ($ 	heta $ Only),12,120,0.03536278982741071,,115,124,0,124,0.0035517032890515724,96.0,4.0,0.019845400005578995,0.0748979999916628,0.0035767000226769596,1.6192126999958418,3.230762799998047,42.029741900012596,0.5547506999864709,0.5468084000167437,0.5220591999823228,0.6698560999939218,0.012244400015333667
0.7,LP3 ($ 	heta $ Only),13,133,0.026601267999827524,,107,77,0,77,0.002941732677865775,98.0,2.0,0.025713600014569238,0.10550959999090992,0.0038560999964829534,1.4654701999970712,3.100545499997679,42.373832100012805,0.5872904999996535,0.6445528999902308,0.5413675000017975,0.515951600013068,0.006680200021946803
0.7,LP3 ($ 	heta $ Only),14,147,0.022715031961485544,,123,78,0,78,0.0026469426029773094,96.0,4.0,0.018017400027019903,0.0764101000095252,0.0034397999988868833,1.4043727999960538,2.910991599987028,39.06288360001054,0.5611334000132047,0.8195083000173327,0.5266797000076622,0.5396998000214808,0.00993130001006648
0.7,LP3 ($ 	heta $ Only),15,162,0.036879617841553074,,110,135,0,135,0.0033452550491791045,96.0,4.0,0.01587999999173917,0.09557069998118095,0.0034103999787475914,1.5052834000089206,3.1479507999902125,41.74648410000373,0.517794799990952,0.524557900003856,0.6031280999886803,0.527305299998261,0.006252099992707372
0.7,LP3 ($ 	heta $ Only),16,178,0.03242033793870054,,102,117,0,117,0.003158561610280293,96.0,4.0,0.02005359999020584,0.09437659999821335,0.004401400015922263,1.4843532999802846,3.1190153999777976,40.372554200002924,0.51482899999246,0.6883298000029754,0.549162500014063,0.5308038000075612,0.004977999982656911
0.7,LP3 ($ 	heta $ Only),17,195,0.03757835006918258,,116,145,0,145,0.0034399420717628006,98.0,2.0,0.016069099976448342,0.0827724999981001,0.003407000011065975,1.4081913999980316,3.2223674000124447,38.979466100019636,0.5106875000055879,0.7091650999791455,0.5298142000101507,0.5348968000034802,0.005156600003829226
0.7,LP3 ($ 	heta $ Only),18,213,0.029564260833340204,,81,108,0,108,0.003486254012217143,96.0,4.0,0.024275399977341294,0.09049449997837655,0.003641700022853911,1.4404021999798715,3.132116299995687,40.72834169998532,0.6071713999845088,0.5414805999898817,0.5512119999912102,0.5091719999909401,0.005091300001367927
0.7,LP3 ($ 	heta $ Only),19,232,0.03295361691019846,,124,128,0,128,0.003334488310433515,94.0,6.0,0.016071399993961677,0.08366460000979714,0.0034636000054888427,1.6550270000007004,3.270735500002047,40.66979699998046,0.5736154000042006,0.5228849000122864,0.5635645000147633,0.609065600001486,0.004944700020132586
0.7,Weighted LP3 ($ 	heta $ Only),0,42,0.01617228569050792,,102,80,0,80,0.003188091093702689,96.0,4.0,0.03053869999712333,0.1759582000086084,0.005164100002730265,1.5346411000064109,2.812969599995995,39.492325999977766,0.5411808999779169,0.5236784000007901,0.5236774000222795,0.5215195000055246,0.009522799984551966
0.7,Weighted LP3 ($ 	heta $ Only),1,43,0.012332976948721076,,102,61,0,61,0.0021904433885937217,88.0,12.0,0.03313639998668805,0.10219389997655526,0.007051699998555705,1.5043611000000965,2.759394799999427,40.07541350001702,0.5507955999928527,0.5816285999899264,0.5411710000189487,0.5187450000084937,0.006418499979190528
0.7,Weighted LP3 ($ 	heta $ Only),2,45,0.021169309771807227,,138,121,0,121,0.003451921671441514,96.0,4.0,0.015815399994608015,0.09473399998387322,0.0033502000151202083,1.5657952000037767,2.7865370999788865,41.13559869999881,0.6535940000030678,0.601295400003437,0.6450000000186265,0.5510675999976229,0.008185499988030642
0.7,Weighted LP3 ($ 	heta $ Only),3,48,0.019657187663616647,,126,119,0,119,0.0034331241090714104,98.0,2.0,0.016275099973427132,0.08239719999255612,0.005158299987670034,1.476309499994386,2.898420999990776,41.375536100007594,0.5543124999967404,0.5353662999987137,0.48486500000581145,0.5225448000128381,0.004888399998890236
0.7,Weighted LP3 ($ 	heta $ Only),4,52,0.01838399338762061,,110,107,0,107,0.0031704969040094945,98.0,2.0,0.01591220000409521,0.08060990000376478,0.008168199972715229,1.6337777999870013,2.8858494000160135,39.277044500020565,0.5326894999889191,0.5044637999963015,0.5265514999919105,0.7278564999869559,0.01563979999627918
0.7,Weighted LP3 ($ 	heta $ Only),5,57,0.008414626544342258,,88,41,0,41,0.0014008145128438538,90.0,10.0,0.024047299986705184,0.08316189999459311,0.003544300008798018,1.659257500024978,2.9816196000028867,42.56418349998421,0.9448585000063758,0.9166744999820367,1.1052392999990843,0.8201367000001483,0.012115599995013326
0.7,Weighted LP3 ($ 	heta $ Only),6,63,0.020026261393090578,,110,123,0,123,0.0032216582987707127,96.0,4.0,0.02913270000135526,0.12614579999353737,0.007913999987067655,2.225509300013073,2.993775299983099,40.91525930000353,0.5112923000124283,0.5446558000112418,0.5698030000203289,0.5195627000066452,0.009351299988338724
0.7,Weighted LP3 ($ 	heta $ Only),7,70,0.018076020036067585,,107,99,0,99,0.002773306210052907,96.0,4.0,0.017239099979633465,0.08244540001032874,0.005586799990851432,1.4942201999947429,2.7989573999948334,40.92317430002731,0.7052964000031352,0.7223254000127781,0.5903690000122879,0.5421701000013854,0.00819779999437742
0.7,Weighted LP3 ($ 	heta $ Only),8,78,0.020488881156340743,,103,117,0,117,0.0030192361321631405,98.0,2.0,0.021859900007257238,0.08193689998006448,0.003564200014807284,1.5347847000230104,2.8669605999893975,41.425766700005624,0.5079021999845281,0.7055503999872599,0.545676799985813,0.5196174000157043,0.005060699972091243
0.7,Weighted LP3 ($ 	heta $ Only),9,87,0.016938016036282574,,95,94,0,94,0.0032745730531007033,98.0,2.0,0.02060930000152439,0.07256500000949018,0.0034354999952483922,1.504935499979183,3.08348540001316,40.643095700012054,0.5732625999953598,0.5602373000001535,0.5415029000141658,0.5675615000072867,0.005228300025919452
0.7,Weighted LP3 ($ 	heta $ Only),10,97,0.015514320165254471,,120,67,0,67,0.0034104564559059598,98.0,2.0,0.01696149999042973,0.07771260000299662,0.0033968999923672527,1.5026922000106424,3.2432037999969907,39.82356280001113,0.5882237000041641,0.6916259999852628,0.5185171999910381,0.5657813999860082,0.007301700010430068
0.7,Weighted LP3 ($ 	heta $ Only),11,108,0.01525880595149746,,123,94,0,94,0.0023672990481205707,94.0,6.0,0.018789099995046854,0.0875102000136394,0.005552299990085885,1.381684599997243,2.849626499984879,35.91807759998483,0.5118254999979399,0.5119767999858595,0.5605909999867436,0.5201324000081513,0.007406000018818304
0.7,Weighted LP3 ($ 	heta $ Only),12,120,0.0229583745967509,,115,127,0,127,0.0035223173434191933,96.0,4.0,0.019845400005578995,0.0748979999916628,0.0035767000226769596,1.6192126999958418,3.230762799998047,42.029741900012596,0.5547506999864709,0.5468084000167437,0.5220591999823228,0.6698560999939218,0.012244400015333667
0.7,Weighted LP3 ($ 	heta $ Only),13,133,0.0172505588961177,,107,81,0,81,0.0028552098356649045,98.0,2.0,0.025713600014569238,0.10550959999090992,0.0038560999964829534,1.4654701999970712,3.100545499997679,42.373832100012805,0.5872904999996535,0.6445528999902308,0.5413675000017975,0.515951600013068,0.006680200021946803
0.7,Weighted LP3 ($ 	heta $ Only),14,147,0.0146494825829434,,123,76,0,76,0.00256145988047471,96.0,4.0,0.018017400027019903,0.0764101000095252,0.0034397999988868833,1.4043727999960538,2.910991599987028,39.06288360001054,0.5611334000132047,0.8195083000173327,0.5266797000076622,0.5396998000214808,0.00993130001006648
0.7,Weighted LP3 ($ 	heta $ Only),15,162,0.02398902132605859,,110,137,0,137,0.003335277295683692,96.0,4.0,0.01587999999173917,0.09557069998118095,0.0034103999787475914,1.5052834000089206,3.1479507999902125,41.74648410000373,0.517794799990952,0.524557900003856,0.6031280999886803,0.527305299998261,0.006252099992707372
0.7,Weighted LP3 ($ 	heta $ Only),16,178,0.021259679744573313,,102,121,0,121,0.0031394116616950494,94.0,6.0,0.02005359999020584,0.09437659999821335,0.004401400015922263,1.4843532999802846,3.1190153999777976,40.372554200002924,0.51482899999246,0.6883298000029754,0.549162500014063,0.5308038000075612,0.004977999982656911
0.7,Weighted LP3 ($ 	heta $ Only),17,195,0.024208784394975598,,116,142,0,142,0.003376407446664419,98.0,2.0,0.016069099976448342,0.0827724999981001,0.003407000011065975,1.4081913999980316,3.2223674000124447,38.979466100019636,0.5106875000055879,0.7091650999791455,0.5298142000101507,0.5348968000034802,0.005156600003829226
0.7,Weighted LP3 ($ 	heta $ Only),18,213,0.019311949706756204,,81,105,0,105,0.003411361521329492,96.0,4.0,0.024275399977341294,0.09049449997837655,0.003641700022853911,1.4404021999798715,3.132116299995687,40.72834169998532,0.6071713999845088,0.5414805999898817,0.5512119999912102,0.5091719999909401,0.005091300001367927
0.7,Weighted LP3 ($ 	heta $ Only),19,232,0.02133609408330466,,124,134,0,134,0.0032843478726162813,94.0,6.0,0.016071399993961677,0.08366460000979714,0.0034636000054888427,1.6550270000007004,3.270735500002047,40.66979699998046,0.5736154000042006,0.5228849000122864,0.5635645000147633,0.609065600001486,0.004944700020132586
0.7,Borda LP3 ($ 	heta $ Only),0,42,0.021529081218886775,,102,84,0,84,0.0033010514069482105,98.0,2.0,0.03053869999712333,0.1759582000086084,0.005164100002730265,1.5346411000064109,2.812969599995995,39.492325999977766,0.5411808999779169,0.5236784000007901,0.5236774000222795,0.5215195000055246,0.009522799984551966
0.7,Borda LP3 ($ 	heta $ Only),1,43,0.015259684461583413,,102,63,0,63,0.0021322281102455314,96.0,4.0,0.03313639998668805,0.10219389997655526,0.007051699998555705,1.5043611000000965,2.759394799999427,40.07541350001702,0.5507955999928527,0.5816285999899264,0.5411710000189487,0.5187450000084937,0.006418499979190528
0.7,Borda LP3 ($ 	heta $ Only),2,45,0.029895767993912414,,138,124,0,124,0.0034672873322368737,96.0,4.0,0.015815399994608015,0.09473399998387322,0.0033502000151202083,1.5657952000037767,2.7865370999788865,41.13559869999881,0.6535940000030678,0.601295400003437,0.6450000000186265,0.5510675999976229,0.008185499988030642
0.7,Borda LP3 ($ 	heta $ Only),3,48,0.027650959167099955,,126,117,0,117,0.003516515867856805,98.0,2.0,0.016275099973427132,0.08239719999255612,0.005158299987670034,1.476309499994386,2.898420999990776,41.375536100007594,0.5543124999967404,0.5353662999987137,0.48486500000581145,0.5225448000128381,0.004888399998890236
0.7,Borda LP3 ($ 	heta $ Only),4,52,0.026107199569920126,,110,107,0,107,0.003253232627066843,98.0,2.0,0.01591220000409521,0.08060990000376478,0.008168199972715229,1.6337777999870013,2.8858494000160135,39.277044500020565,0.5326894999889191,0.5044637999963015,0.5265514999919105,0.7278564999869559,0.01563979999627918
0.7,Borda LP3 ($ 	heta $ Only),5,57,0.00828580229603303,,88,43,0,43,0.0012005325315765018,88.0,12.0,0.024047299986705184,0.08316189999459311,0.003544300008798018,1.659257500024978,2.9816196000028867,42.56418349998421,0.9448585000063758,0.9166744999820367,1.1052392999990843,0.8201367000001483,0.012115599995013326
0.7,Borda LP3 ($ 	heta $ Only),6,63,0.02699248002141199,,110,123,0,123,0.0032190700392670676,96.0,4.0,0.02913270000135526,0.12614579999353737,0.007913999987067655,2.225509300013073,2.993775299983099,40.91525930000353,0.5112923000124283,0.5446558000112418,0.5698030000203289,0.5195627000066452,0.009351299988338724
0.7,Borda LP3 ($ 	heta $ Only),7,70,0.023680173818184526,,107,102,0,102,0.0026399329880365486,94.0,6.0,0.017239099979633465,0.08244540001032874,0.005586799990851432,1.4942201999947429,2.7989573999948334,40.92317430002731,0.7052964000031352,0.7223254000127781,0.5903690000122879,0.5421701000013854,0.00819779999437742
0.7,Borda LP3 ($ 	heta $ Only),8,78,0.02626731506013492,,103,118,0,118,0.0030039608425510766,98.0,2.0,0.021859900007257238,0.08193689998006448,0.003564200014807284,1.5347847000230104,2.8669605999893975,41.425766700005624,0.5079021999845281,0.7055503999872599,0.545676799985813,0.5196174000157043,0.005060699972091243
0.7,Borda LP3 ($ 	heta $ Only),9,87,0.020514380783464906,,95,86,0,86,0.0030749898274780338,98.0,2.0,0.02060930000152439,0.07256500000949018,0.0034354999952483922,1.504935499979183,3.08348540001316,40.643095700012054,0.5732625999953598,0.5602373000001535,0.5415029000141658,0.5675615000072867,0.005228300025919452
0.7,Borda LP3 ($ 	heta $ Only),10,97,0.01747458766662113,,120,68,0,68,0.0029918342513908062,98.0,2.0,0.01696149999042973,0.07771260000299662,0.0033968999923672527,1.5026922000106424,3.2432037999969907,39.82356280001113,0.5882237000041641,0.6916259999852628,0.5185171999910381,0.5657813999860082,0.007301700010430068
0.7,Borda LP3 ($ 	heta $ Only),11,108,0.021401542501712625,,123,100,0,100,0.0023460040032182577,98.0,2.0,0.018789099995046854,0.0875102000136394,0.005552299990085885,1.381684599997243,2.849626499984879,35.91807759998483,0.5118254999979399,0.5119767999858595,0.5605909999867436,0.5201324000081513,0.007406000018818304
0.7,Borda LP3 ($ 	heta $ Only),12,120,0.03280106697102877,,115,132,0,132,0.0035396479696737874,96.0,4.0,0.019845400005578995,0.0748979999916628,0.0035767000226769596,1.6192126999958418,3.230762799998047,42.029741900012596,0.5547506999864709,0.5468084000167437,0.5220591999823228,0.6698560999939218,0.012244400015333667
0.7,Borda LP3 ($ 	heta $ Only),13,133,0.022786981055340688,,107,83,0,83,0.0028363320258219596,98.0,2.0,0.025713600014569238,0.10550959999090992,0.0038560999964829534,1.4654701999970712,3.100545499997679,42.373832100012805,0.5872904999996535,0.6445528999902308,0.5413675000017975,0.515951600013068,0.006680200021946803
0.7,Borda LP3 ($ 	heta $ Only),14,147,0.020250791726033335,,123,76,0,76,0.002676096572701319,98.0,2.0,0.018017400027019903,0.0764101000095252,0.0034397999988868833,1.4043727999960538,2.910991599987028,39.06288360001054,0.5611334000132047,0.8195083000173327,0.5266797000076622,0.5396998000214808,0.00993130001006648
0.7,Borda LP3 ($ 	heta $ Only),15,162,0.0344687781189539,,110,142,0,142,0.0033430042948350935,98.0,2.0,0.01587999999173917,0.09557069998118095,0.0034103999787475914,1.5052834000089206,3.1479507999902125,41.74648410000373,0.517794799990952,0.524557900003856,0.6031280999886803,0.527305299998261,0.006252099992707372
0.7,Borda LP3 ($ 	heta $ Only),16,178,0.029156193681059244,,102,122,0,122,0.0031683553694739695,98.0,2.0,0.02005359999020584,0.09437659999821335,0.004401400015922263,1.4843532999802846,3.1190153999777976,40.372554200002924,0.51482899999246,0.6883298000029754,0.549162500014063,0.5308038000075612,0.004977999982656911
0.7,Borda LP3 ($ 	heta $ Only),17,195,0.03144434636287269,,116,136,0,136,0.003333573827187951,98.0,2.0,0.016069099976448342,0.0827724999981001,0.003407000011065975,1.4081913999980316,3.2223674000124447,38.979466100019636,0.5106875000055879,0.7091650999791455,0.5298142000101507,0.5348968000034802,0.005156600003829226
0.7,Borda LP3 ($ 	heta $ Only),18,213,0.02710691426057959,,81,111,0,111,0.003455766462627053,96.0,4.0,0.024275399977341294,0.09049449997837655,0.003641700022853911,1.4404021999798715,3.132116299995687,40.72834169998532,0.6071713999845088,0.5414805999898817,0.5512119999912102,0.5091719999909401,0.005091300001367927
0.7,Borda LP3 ($ 	heta $ Only),19,232,0.028482702510742457,,124,132,0,132,0.0032836449066340452,96.0,4.0,0.016071399993961677,0.08366460000979714,0.0034636000054888427,1.6550270000007004,3.270735500002047,40.66979699998046,0.5736154000042006,0.5228849000122864,0.5635645000147633,0.609065600001486,0.004944700020132586
0.7,Linear BTL,0,42,,-211251.26430703673,102,323,3,320,,,,0.03053869999712333,0.1759582000086084,0.005164100002730265,1.5346411000064109,2.812969599995995,39.492325999977766,0.5411808999779169,0.5236784000007901,0.5236774000222795,0.5215195000055246,0.009522799984551966
0.7,Linear BTL,1,43,,-8888.052019735487,102,249,0,249,,,,0.03313639998668805,0.10219389997655526,0.007051699998555705,1.5043611000000965,2.759394799999427,40.07541350001702,0.5507955999928527,0.5816285999899264,0.5411710000189487,0.5187450000084937,0.006418499979190528
0.7,Linear BTL,2,45,,-200509.071257347,138,366,3,363,,,,0.015815399994608015,0.09473399998387322,0.0033502000151202083,1.5657952000037767,2.7865370999788865,41.13559869999881,0.6535940000030678,0.601295400003437,0.6450000000186265,0.5510675999976229,0.008185499988030642
0.7,Linear BTL,3,48,,-32898.21976072557,126,362,0,362,,,,0.016275099973427132,0.08239719999255612,0.005158299987670034,1.476309499994386,2.898420999990776,41.375536100007594,0.5543124999967404,0.5353662999987137,0.48486500000581145,0.5225448000128381,0.004888399998890236
0.7,Linear BTL,4,52,,-8921.301818027741,110,260,1,259,,,,0.01591220000409521,0.08060990000376478,0.008168199972715229,1.6337777999870013,2.8858494000160135,39.277044500020565,0.5326894999889191,0.5044637999963015,0.5265514999919105,0.7278564999869559,0.01563979999627918
0.7,Linear BTL,5,57,,-75918.0826731639,88,314,2,312,,,,0.024047299986705184,0.08316189999459311,0.003544300008798018,1.659257500024978,2.9816196000028867,42.56418349998421,0.9448585000063758,0.9166744999820367,1.1052392999990843,0.8201367000001483,0.012115599995013326
0.7,Linear BTL,6,63,,-295019.6280790934,110,484,14,470,,,,0.02913270000135526,0.12614579999353737,0.007913999987067655,2.225509300013073,2.993775299983099,40.91525930000353,0.5112923000124283,0.5446558000112418,0.5698030000203289,0.5195627000066452,0.009351299988338724
0.7,Linear BTL,7,70,,-1008824.417638543,107,280,1,279,,,,0.017239099979633465,0.08244540001032874,0.005586799990851432,1.4942201999947429,2.7989573999948334,40.92317430002731,0.7052964000031352,0.7223254000127781,0.5903690000122879,0.5421701000013854,0.00819779999437742
0.7,Linear BTL,8,78,,-919391.2060788191,103,269,2,267,,,,0.021859900007257238,0.08193689998006448,0.003564200014807284,1.5347847000230104,2.8669605999893975,41.425766700005624,0.5079021999845281,0.7055503999872599,0.545676799985813,0.5196174000157043,0.005060699972091243
0.7,Linear BTL,9,87,,-1076315.4556085686,95,243,1,242,,,,0.02060930000152439,0.07256500000949018,0.0034354999952483922,1.504935499979183,3.08348540001316,40.643095700012054,0.5732625999953598,0.5602373000001535,0.5415029000141658,0.5675615000072867,0.005228300025919452
0.7,Linear BTL,10,97,,-8192.150802768167,120,101,0,101,,,,0.01696149999042973,0.07771260000299662,0.0033968999923672527,1.5026922000106424,3.2432037999969907,39.82356280001113,0.5882237000041641,0.6916259999852628,0.5185171999910381,0.5657813999860082,0.007301700010430068
0.7,Linear BTL,11,108,,-8183.525856058617,123,107,0,107,,,,0.018789099995046854,0.0875102000136394,0.005552299990085885,1.381684599997243,2.849626499984879,35.91807759998483,0.5118254999979399,0.5119767999858595,0.5605909999867436,0.5201324000081513,0.007406000018818304
0.7,Linear BTL,12,120,,-280331.42223773134,115,448,5,443,,,,0.019845400005578995,0.0748979999916628,0.0035767000226769596,1.6192126999958418,3.230762799998047,42.029741900012596,0.5547506999864709,0.5468084000167437,0.5220591999823228,0.6698560999939218,0.012244400015333667
0.7,Linear BTL,13,133,,-904567.447879696,107,240,0,240,,,,0.025713600014569238,0.10550959999090992,0.0038560999964829534,1.4654701999970712,3.100545499997679,42.373832100012805,0.5872904999996535,0.6445528999902308,0.5413675000017975,0.515951600013068,0.006680200021946803
0.7,Linear BTL,14,147,,-8390.649021823148,123,89,0,89,,,,0.018017400027019903,0.0764101000095252,0.0034397999988868833,1.4043727999960538,2.910991599987028,39.06288360001054,0.5611334000132047,0.8195083000173327,0.5266797000076622,0.5396998000214808,0.00993130001006648
0.7,Linear BTL,15,162,,-12136.019951171646,110,666,14,652,,,,0.01587999999173917,0.09557069998118095,0.0034103999787475914,1.5052834000089206,3.1479507999902125,41.74648410000373,0.517794799990952,0.524557900003856,0.6031280999886803,0.527305299998261,0.006252099992707372
0.7,Linear BTL,16,178,,-274511.25515624206,102,256,4,252,,,,0.02005359999020584,0.09437659999821335,0.004401400015922263,1.4843532999802846,3.1190153999777976,40.372554200002924,0.51482899999246,0.6883298000029754,0.549162500014063,0.5308038000075612,0.004977999982656911
0.7,Linear BTL,17,195,,-8374.533235982319,116,152,0,152,,,,0.016069099976448342,0.0827724999981001,0.003407000011065975,1.4081913999980316,3.2223674000124447,38.979466100019636,0.5106875000055879,0.7091650999791455,0.5298142000101507,0.5348968000034802,0.005156600003829226
0.7,Linear BTL,18,213,,-283882.24119858106,81,259,1,258,,,,0.024275399977341294,0.09049449997837655,0.003641700022853911,1.4404021999798715,3.132116299995687,40.72834169998532,0.6071713999845088,0.5414805999898817,0.5512119999912102,0.5091719999909401,0.005091300001367927
0.7,Linear BTL,19,232,,-12423.957273666685,124,386,3,383,,,,0.016071399993961677,0.08366460000979714,0.0034636000054888427,1.6550270000007004,3.270735500002047,40.66979699998046,0.5736154000042006,0.5228849000122864,0.5635645000147633,0.609065600001486,0.004944700020132586
0.8,LP2 ($ 	heta $ Only),0,42,4.264349416266138e-05,,135,150,0,150,4.264349416266138e-05,38.0,62.0,0.030740599991986528,0.1415504000033252,0.006159500015201047,1.3411057000048459,3.0579149999830406,39.822529199998826,0.654842899995856,0.5160558999923524,0.5765951999928802,0.5046837999834679,0.004886100010480732
0.8,LP2 ($ 	heta $ Only),1,43,3.954545019622252e-05,,162,114,0,114,3.954545019622253e-05,28.0,72.0,0.023744800011627376,0.11304870000458322,0.0034130000276491046,1.2769211999839172,2.750634900003206,40.97775369998999,0.5344588999869302,0.5006080000021029,0.5342018000083044,0.5649199000035878,0.00944209998124279
0.8,LP2 ($ 	heta $ Only),2,45,4.742571052118349e-05,,184,161,0,161,4.7425710521183495e-05,40.0,60.0,0.015990600018994883,0.08802520000608638,0.004333399992901832,1.3729062000056729,2.6682409000059124,42.56684059998952,0.48684540000976995,0.5440102999855299,0.5160050000122283,0.4908195000025444,0.005714799975976348
0.8,LP2 ($ 	heta $ Only),3,48,1.8621792690063278e-05,,174,154,0,154,1.8621792690063275e-05,40.0,60.0,0.018919199996162206,0.08496539999032393,0.0036542000016197562,1.4448296999908052,2.7491130999987945,43.373532099998556,0.5120445000065956,0.561353400000371,0.48816350000561215,0.5007368999940809,0.008438599994406104
0.8,LP2 ($ 	heta $ Only),4,52,3.864104068830922e-05,,147,102,0,102,3.864104068830922e-05,36.0,64.0,0.022649999998975545,0.08766040002228692,0.005834399984451011,1.5756443999998737,2.9032499000022653,41.89028479999979,0.7741792000015266,0.7435569000081159,0.6971725999901537,0.5660165000008419,0.005185000016354024
0.8,LP2 ($ 	heta $ Only),5,57,3.652321765808906e-05,,132,107,0,107,3.652321765808906e-05,34.0,66.0,0.01611110000521876,0.08368429998517968,0.0035459999926388264,1.498735500004841,2.88788329999079,41.428002300002845,0.5172259999962989,0.5142973999900278,0.5236548999964725,0.6962945999985095,0.005359499977203086
0.8,LP2 ($ 	heta $ Only),6,63,8.935090685457112e-05,,149,206,0,206,8.935090685457111e-05,42.0,58.0,0.018238199991174042,0.08543059998191893,0.004824899981031194,1.3007685999909882,3.0280635000090115,42.649200400017435,0.5895537000033073,0.746393999987049,0.6964732000196818,0.6490232000069227,0.004970000009052455
0.8,LP2 ($ 	heta $ Only),7,70,6.25811677844117e-05,,147,165,0,165,6.25811677844117e-05,42.0,58.0,0.022617400012677535,0.0835351999849081,0.0034721000120043755,1.323777199984761,3.2230468000052497,41.206215699989116,0.514902599999914,0.5739727999898605,0.7139081000059377,0.56413009998505,0.004971699992893264
0.8,LP2 ($ 	heta $ Only),8,78,3.141931180928177e-05,,131,170,0,170,3.141931180928177e-05,38.0,62.0,0.019467900012386963,0.08312789999763481,0.0034564000088721514,1.582650599972112,2.8990225000015926,41.637135700002545,0.5093420000048354,0.7149601000128314,0.5518591000000015,0.5193705999990925,0.007413799990899861
0.8,LP2 ($ 	heta $ Only),9,87,5.326273236085566e-05,,133,174,3,171,5.326273236085566e-05,40.0,60.0,0.019612199976108968,0.09467590000713244,0.003428600000916049,1.4846498999977484,2.871737100009341,40.12696659998619,0.5264077000028919,0.5361167000082787,0.5012102999899071,0.5802636999869719,0.0049045000050682575
0.8,LP2 ($ 	heta $ Only),10,97,7.864804768114936e-05,,158,229,0,229,7.864804768114939e-05,42.0,58.0,0.025447700027143583,0.077960599999642,0.0034937000018544495,1.4224758000054862,2.7930132999899797,43.195336699980544,0.5692940999870189,0.5171459999983199,0.5102074000169523,0.503124899987597,0.004863100009970367
0.8,LP2 ($ 	heta $ Only),11,108,2.9540506352841816e-05,,164,121,0,121,2.954050635284182e-05,40.0,60.0,0.01740010001230985,0.08022480001091026,0.003868200001306832,1.6381244999938644,2.6187972000043374,27.443432200001553,0.485220099973958,0.6930326000147033,0.4996178000001237,0.4986590000044089,0.004702299978816882
0.8,LP2 ($ 	heta $ Only),12,120,3.519219478166078e-05,,159,133,0,133,3.5192194781660776e-05,48.0,52.0,0.020113500009756535,0.07859829999506474,0.0055367999884765595,1.5055653000017628,2.942476099997293,39.32523290000972,0.530329500004882,0.9330202999990433,0.6665894000034314,0.49616370000876486,0.004767400008859113
0.8,LP2 ($ 	heta $ Only),13,133,2.5038832751997544e-05,,135,146,0,146,2.5038832751997537e-05,44.0,56.0,0.021109599998453632,0.06796360001317225,0.003427999996347353,1.5325641999952495,3.0729117000009865,40.8428799000103,0.523254600004293,0.49997780000558123,0.5670272999850567,0.5295541000086814,0.005112099985126406
0.8,LP2 ($ 	heta $ Only),14,147,2.113805032730646e-05,,170,155,0,155,2.1138050327306463e-05,44.0,56.0,0.021172599983401597,0.07189459999790415,0.0033961999870371073,1.465425399976084,2.6983077000186313,28.80211540000164,0.6715842999983579,0.5158957999956328,0.4716535999905318,0.4937802000204101,0.004868000018177554
0.8,LP2 ($ 	heta $ Only),15,162,5.513402334279259e-05,,158,205,1,204,5.513402334279259e-05,38.0,62.0,0.018332899984670803,0.09249529999215156,0.0038779000169597566,1.4583183999930043,3.1970680999802426,36.26664990000427,0.5458042999962345,0.5157960999931674,0.5152525999874342,0.5207407999841962,0.009383500000694767
0.8,LP2 ($ 	heta $ Only),16,178,4.6947973719927364e-05,,123,161,0,161,4.694797371992737e-05,34.0,66.0,0.01934980001533404,0.0842778000223916,0.0056662000133655965,1.6676797000109218,2.988784199988004,41.63694300001953,0.5229430999897886,0.5384379999886733,0.5474770999862812,0.5745832999818958,0.005224399996222928
0.8,LP2 ($ 	heta $ Only),17,195,4.4945232852926086e-05,,151,108,0,108,4.494523285292608e-05,34.0,66.0,0.018975500017404556,0.0829412000020966,0.0034777999971993268,1.4452890999964438,2.841986100014765,41.65687419997994,0.4943167000019457,0.6853784999984782,0.48670579999452457,0.48992329998873174,0.013882900006137788
0.8,LP2 ($ 	heta $ Only),18,213,6.203638825749886e-05,,96,188,0,188,6.203638825749886e-05,36.0,64.0,0.027441500016720966,0.07714680000208318,0.005685199983417988,1.517482099996414,3.009612899972126,40.57425739997416,0.5322561000066344,0.6126416999904905,0.5227551000134554,0.557990700006485,0.0050788999942597
0.8,LP2 ($ 	heta $ Only),19,232,6.206603997213007e-05,,141,198,0,198,6.206603997213007e-05,34.0,66.0,0.022719499975210056,0.07905490000848658,0.006612499972106889,1.4862262999813538,2.7932445000042208,40.81711919998634,0.5121031999879051,0.5116762999969069,0.5793880999844987,0.5070908000052441,0.010302399983629584
0.8,LP3 ($ 	heta $ Only),0,42,0.0426503581706311,,135,129,0,129,0.0033701724897327113,94.0,6.0,0.030740599991986528,0.1415504000033252,0.006159500015201047,1.3411057000048459,3.0579149999830406,39.822529199998826,0.654842899995856,0.5160558999923524,0.5765951999928802,0.5046837999834679,0.004886100010480732
0.8,LP3 ($ 	heta $ Only),1,43,0.025608994217164126,,162,94,0,94,0.0027653943657894703,92.0,8.0,0.023744800011627376,0.11304870000458322,0.0034130000276491046,1.2769211999839172,2.750634900003206,40.97775369998999,0.5344588999869302,0.5006080000021029,0.5342018000083044,0.5649199000035878,0.00944209998124279
0.8,LP3 ($ 	heta $ Only),2,45,0.03366133899455204,,184,124,0,124,0.0027415414917458516,94.0,6.0,0.015990600018994883,0.08802520000608638,0.004333399992901832,1.3729062000056729,2.6682409000059124,42.56684059998952,0.48684540000976995,0.5440102999855299,0.5160050000122283,0.4908195000025444,0.005714799975976348
0.8,LP3 ($ 	heta $ Only),3,48,0.03264982451608467,,174,129,0,129,0.003140624172108902,98.0,2.0,0.018919199996162206,0.08496539999032393,0.0036542000016197562,1.4448296999908052,2.7491130999987945,43.373532099998556,0.5120445000065956,0.561353400000371,0.48816350000561215,0.5007368999940809,0.008438599994406104
0.8,LP3 ($ 	heta $ Only),4,52,0.031131420980899056,,147,108,0,108,0.003052117229761161,98.0,2.0,0.022649999998975545,0.08766040002228692,0.005834399984451011,1.5756443999998737,2.9032499000022653,41.89028479999979,0.7741792000015266,0.7435569000081159,0.6971725999901537,0.5660165000008419,0.005185000016354024
0.8,LP3 ($ 	heta $ Only),5,57,0.02531913285841376,,132,88,0,88,0.003158752120979013,96.0,4.0,0.01611110000521876,0.08368429998517968,0.0035459999926388264,1.498735500004841,2.88788329999079,41.428002300002845,0.5172259999962989,0.5142973999900278,0.5236548999964725,0.6962945999985095,0.005359499977203086
0.8,LP3 ($ 	heta $ Only),6,63,0.04567717436940628,,149,175,0,175,0.0034654392844502046,98.0,2.0,0.018238199991174042,0.08543059998191893,0.004824899981031194,1.3007685999909882,3.0280635000090115,42.649200400017435,0.5895537000033073,0.746393999987049,0.6964732000196818,0.6490232000069227,0.004970000009052455
0.8,LP3 ($ 	heta $ Only),7,70,0.039818964634539655,,147,140,0,140,0.003518534310071925,96.0,4.0,0.022617400012677535,0.0835351999849081,0.0034721000120043755,1.323777199984761,3.2230468000052497,41.206215699989116,0.514902599999914,0.5739727999898605,0.7139081000059377,0.56413009998505,0.004971699992893264
0.8,LP3 ($ 	heta $ Only),8,78,0.03858403812244702,,131,157,0,157,0.0036425926175817414,98.0,2.0,0.019467900012386963,0.08312789999763481,0.0034564000088721514,1.582650599972112,2.8990225000015926,41.637135700002545,0.5093420000048354,0.7149601000128314,0.5518591000000015,0.5193705999990925,0.007413799990899861
0.8,LP3 ($ 	heta $ Only),9,87,0.02984212775823837,,133,110,1,109,0.0030693845220839755,96.0,4.0,0.019612199976108968,0.09467590000713244,0.003428600000916049,1.4846498999977484,2.871737100009341,40.12696659998619,0.5264077000028919,0.5361167000082787,0.5012102999899071,0.5802636999869719,0.0049045000050682575
0.8,LP3 ($ 	heta $ Only),10,97,0.0490492297753315,,158,170,0,170,0.003834667512320233,98.0,2.0,0.025447700027143583,0.077960599999642,0.0034937000018544495,1.4224758000054862,2.7930132999899797,43.195336699980544,0.5692940999870189,0.5171459999983199,0.5102074000169523,0.503124899987597,0.004863100009970367
0.8,LP3 ($ 	heta $ Only),11,108,0.02628904241753581,,164,90,0,90,0.002964730374524378,96.0,4.0,0.01740010001230985,0.08022480001091026,0.003868200001306832,1.6381244999938644,2.6187972000043374,27.443432200001553,0.485220099973958,0.6930326000147033,0.4996178000001237,0.4986590000044089,0.004702299978816882
0.8,LP3 ($ 	heta $ Only),12,120,0.030687026297186955,,159,120,0,120,0.0033014750183320675,98.0,2.0,0.020113500009756535,0.07859829999506474,0.0055367999884765595,1.5055653000017628,2.942476099997293,39.32523290000972,0.530329500004882,0.9330202999990433,0.6665894000034314,0.49616370000876486,0.004767400008859113
0.8,LP3 ($ 	heta $ Only),13,133,0.03873139839855883,,135,135,0,135,0.003973133813994994,96.0,4.0,0.021109599998453632,0.06796360001317225,0.003427999996347353,1.5325641999952495,3.0729117000009865,40.8428799000103,0.523254600004293,0.49997780000558123,0.5670272999850567,0.5295541000086814,0.005112099985126406
0.8,LP3 ($ 	heta $ Only),14,147,0.037514963708074986,,170,126,0,126,0.003029093258086869,98.0,2.0,0.021172599983401597,0.07189459999790415,0.0033961999870371073,1.465425399976084,2.6983077000186313,28.80211540000164,0.6715842999983579,0.5158957999956328,0.4716535999905318,0.4937802000204101,0.004868000018177554
0.8,LP3 ($ 	heta $ Only),15,162,0.048926151144013434,,158,192,0,192,0.0034257537572338404,96.0,4.0,0.018332899984670803,0.09249529999215156,0.0038779000169597566,1.4583183999930043,3.1970680999802426,36.26664990000427,0.5458042999962345,0.5157960999931674,0.5152525999874342,0.5207407999841962,0.009383500000694767
0.8,LP3 ($ 	heta $ Only),16,178,0.04121110877093194,,123,171,0,171,0.0034719326540704138,98.0,2.0,0.01934980001533404,0.0842778000223916,0.0056662000133655965,1.6676797000109218,2.988784199988004,41.63694300001953,0.5229430999897886,0.5384379999886733,0.5474770999862812,0.5745832999818958,0.005224399996222928
0.8,LP3 ($ 	heta $ Only),17,195,0.03396392787748947,,151,118,0,118,0.003762501083790864,96.0,4.0,0.018975500017404556,0.0829412000020966,0.0034777999971993268,1.4452890999964438,2.841986100014765,41.65687419997994,0.4943167000019457,0.6853784999984782,0.48670579999452457,0.48992329998873174,0.013882900006137788
0.8,LP3 ($ 	heta $ Only),18,213,0.04643650840865283,,96,189,0,189,0.0042142318033095375,98.0,2.0,0.027441500016720966,0.07714680000208318,0.005685199983417988,1.517482099996414,3.009612899972126,40.57425739997416,0.5322561000066344,0.6126416999904905,0.5227551000134554,0.557990700006485,0.0050788999942597
0.8,LP3 ($ 	heta $ Only),19,232,0.037554200105775974,,141,134,0,134,0.003574954501635294,98.0,2.0,0.022719499975210056,0.07905490000848658,0.006612499972106889,1.4862262999813538,2.7932445000042208,40.81711919998634,0.5121031999879051,0.5116762999969069,0.5793880999844987,0.5070908000052441,0.010302399983629584
0.8,Weighted LP3 ($ 	heta $ Only),0,42,0.02776299651561865,,135,138,0,138,0.0033449054525282675,92.0,8.0,0.030740599991986528,0.1415504000033252,0.006159500015201047,1.3411057000048459,3.0579149999830406,39.822529199998826,0.654842899995856,0.5160558999923524,0.5765951999928802,0.5046837999834679,0.004886100010480732
0.8,Weighted LP3 ($ 	heta $ Only),1,43,0.01615880442967691,,162,91,0,91,0.002703553967372764,94.0,6.0,0.023744800011627376,0.11304870000458322,0.0034130000276491046,1.2769211999839172,2.750634900003206,40.97775369998999,0.5344588999869302,0.5006080000021029,0.5342018000083044,0.5649199000035878,0.00944209998124279
0.8,Weighted LP3 ($ 	heta $ Only),2,45,0.02126259372700823,,184,127,0,127,0.0027385162343347104,96.0,4.0,0.015990600018994883,0.08802520000608638,0.004333399992901832,1.3729062000056729,2.6682409000059124,42.56684059998952,0.48684540000976995,0.5440102999855299,0.5160050000122283,0.4908195000025444,0.005714799975976348
0.8,Weighted LP3 ($ 	heta $ Only),3,48,0.021080044211085173,,174,132,0,132,0.0031129617092263747,98.0,2.0,0.018919199996162206,0.08496539999032393,0.0036542000016197562,1.4448296999908052,2.7491130999987945,43.373532099998556,0.5120445000065956,0.561353400000371,0.48816350000561215,0.5007368999940809,0.008438599994406104
0.8,Weighted LP3 ($ 	heta $ Only),4,52,0.01982289788787766,,147,108,0,108,0.0030435826154433733,98.0,2.0,0.022649999998975545,0.08766040002228692,0.005834399984451011,1.5756443999998737,2.9032499000022653,41.89028479999979,0.7741792000015266,0.7435569000081159,0.6971725999901537,0.5660165000008419,0.005185000016354024
0.8,Weighted LP3 ($ 	heta $ Only),5,57,0.01618210055828279,,132,88,0,88,0.002991803586899602,96.0,4.0,0.01611110000521876,0.08368429998517968,0.0035459999926388264,1.498735500004841,2.88788329999079,41.428002300002845,0.5172259999962989,0.5142973999900278,0.5236548999964725,0.6962945999985095,0.005359499977203086
0.8,Weighted LP3 ($ 	heta $ Only),6,63,0.029303038842917628,,149,169,0,169,0.0034249721280317264,98.0,2.0,0.018238199991174042,0.08543059998191893,0.004824899981031194,1.3007685999909882,3.0280635000090115,42.649200400017435,0.5895537000033073,0.746393999987049,0.6964732000196818,0.6490232000069227,0.004970000009052455
0.8,Weighted LP3 ($ 	heta $ Only),7,70,0.025548010138049297,,147,137,0,137,0.003510329631473216,96.0,4.0,0.022617400012677535,0.0835351999849081,0.0034721000120043755,1.323777199984761,3.2230468000052497,41.206215699989116,0.514902599999914,0.5739727999898605,0.7139081000059377,0.56413009998505,0.004971699992893264
0.8,Weighted LP3 ($ 	heta $ Only),8,78,0.024802538572263503,,131,157,0,157,0.0036540995798055665,98.0,2.0,0.019467900012386963,0.08312789999763481,0.0034564000088721514,1.582650599972112,2.8990225000015926,41.637135700002545,0.5093420000048354,0.7149601000128314,0.5518591000000015,0.5193705999990925,0.007413799990899861
0.8,Weighted LP3 ($ 	heta $ Only),9,87,0.01970234625501282,,133,112,1,111,0.0030580255655274498,96.0,4.0,0.019612199976108968,0.09467590000713244,0.003428600000916049,1.4846498999977484,2.871737100009341,40.12696659998619,0.5264077000028919,0.5361167000082787,0.5012102999899071,0.5802636999869719,0.0049045000050682575
0.8,Weighted LP3 ($ 	heta $ Only),10,97,0.03162939459210828,,158,168,0,168,0.0038093874077072196,98.0,2.0,0.025447700027143583,0.077960599999642,0.0034937000018544495,1.4224758000054862,2.7930132999899797,43.195336699980544,0.5692940999870189,0.5171459999983199,0.5102074000169523,0.503124899987597,0.004863100009970367
0.8,Weighted LP3 ($ 	heta $ Only),11,108,0.016673437392046953,,164,90,0,90,0.0028723399900737394,96.0,4.0,0.01740010001230985,0.08022480001091026,0.003868200001306832,1.6381244999938644,2.6187972000043374,27.443432200001553,0.485220099973958,0.6930326000147033,0.4996178000001237,0.4986590000044089,0.004702299978816882
0.8,Weighted LP3 ($ 	heta $ Only),12,120,0.01964825519868586,,159,122,0,122,0.0032669114569678056,98.0,2.0,0.020113500009756535,0.07859829999506474,0.0055367999884765595,1.5055653000017628,2.942476099997293,39.32523290000972,0.530329500004882,0.9330202999990433,0.6665894000034314,0.49616370000876486,0.004767400008859113
0.8,Weighted LP3 ($ 	heta $ Only),13,133,0.02553289412777101,,135,138,0,138,0.003972297664694399,94.0,6.0,0.021109599998453632,0.06796360001317225,0.003427999996347353,1.5325641999952495,3.0729117000009865,40.8428799000103,0.523254600004293,0.49997780000558123,0.5670272999850567,0.5295541000086814,0.005112099985126406
0.8,Weighted LP3 ($ 	heta $ Only),14,147,0.023527882605700306,,170,128,0,128,0.003011637193150364,98.0,2.0,0.021172599983401597,0.07189459999790415,0.0033961999870371073,1.465425399976084,2.6983077000186313,28.80211540000164,0.6715842999983579,0.5158957999956328,0.4716535999905318,0.4937802000204101,0.004868000018177554
0.8,Weighted LP3 ($ 	heta $ Only),15,162,0.03144395285101992,,158,187,0,187,0.0034111855939225294,96.0,4.0,0.018332899984670803,0.09249529999215156,0.0038779000169597566,1.4583183999930043,3.1970680999802426,36.26664990000427,0.5458042999962345,0.5157960999931674,0.5152525999874342,0.5207407999841962,0.009383500000694767
0.8,Weighted LP3 ($ 	heta $ Only),16,178,0.02655966888144096,,123,169,0,169,0.0034540383526579206,98.0,2.0,0.01934980001533404,0.0842778000223916,0.0056662000133655965,1.6676797000109218,2.988784199988004,41.63694300001953,0.5229430999897886,0.5384379999886733,0.5474770999862812,0.5745832999818958,0.005224399996222928
0.8,Weighted LP3 ($ 	heta $ Only),17,195,0.0219232440403021,,151,123,0,123,0.0037231627306548833,96.0,4.0,0.018975500017404556,0.0829412000020966,0.0034777999971993268,1.4452890999964438,2.841986100014765,41.65687419997994,0.4943167000019457,0.6853784999984782,0.48670579999452457,0.48992329998873174,0.013882900006137788
0.8,Weighted LP3 ($ 	heta $ Only),18,213,0.030061477000423394,,96,187,0,187,0.004193196048105158,98.0,2.0,0.027441500016720966,0.07714680000208318,0.005685199983417988,1.517482099996414,3.009612899972126,40.57425739997416,0.5322561000066344,0.6126416999904905,0.5227551000134554,0.557990700006485,0.0050788999942597
0.8,Weighted LP3 ($ 	heta $ Only),19,232,0.023774566949969468,,141,133,0,133,0.0035418224670144575,98.0,2.0,0.022719499975210056,0.07905490000848658,0.006612499972106889,1.4862262999813538,2.7932445000042208,40.81711919998634,0.5121031999879051,0.5116762999969069,0.5793880999844987,0.5070908000052441,0.010302399983629584
0.8,Borda LP3 ($ 	heta $ Only),0,42,0.04077129654905788,,135,136,0,136,0.0033636952193815423,94.0,6.0,0.030740599991986528,0.1415504000033252,0.006159500015201047,1.3411057000048459,3.0579149999830406,39.822529199998826,0.654842899995856,0.5160558999923524,0.5765951999928802,0.5046837999834679,0.004886100010480732
0.8,Borda LP3 ($ 	heta $ Only),1,43,0.021313492875544134,,162,90,0,90,0.0026730522088722233,96.0,4.0,0.023744800011627376,0.11304870000458322,0.0034130000276491046,1.2769211999839172,2.750634900003206,40.97775369998999,0.5344588999869302,0.5006080000021029,0.5342018000083044,0.5649199000035878,0.00944209998124279
0.8,Borda LP3 ($ 	heta $ Only),2,45,0.028444107735784256,,184,120,0,120,0.0026892021518407287,94.0,6.0,0.015990600018994883,0.08802520000608638,0.004333399992901832,1.3729062000056729,2.6682409000059124,42.56684059998952,0.48684540000976995,0.5440102999855299,0.5160050000122283,0.4908195000025444,0.005714799975976348
0.8,Borda LP3 ($ 	heta $ Only),3,48,0.029957827849613393,,174,128,0,128,0.003128473694174422,98.0,2.0,0.018919199996162206,0.08496539999032393,0.0036542000016197562,1.4448296999908052,2.7491130999987945,43.373532099998556,0.5120445000065956,0.561353400000371,0.48816350000561215,0.5007368999940809,0.008438599994406104
0.8,Borda LP3 ($ 	heta $ Only),4,52,0.028578813237316557,,147,112,0,112,0.003077380419712197,98.0,2.0,0.022649999998975545,0.08766040002228692,0.005834399984451011,1.5756443999998737,2.9032499000022653,41.89028479999979,0.7741792000015266,0.7435569000081159,0.6971725999901537,0.5660165000008419,0.005185000016354024
0.8,Borda LP3 ($ 	heta $ Only),5,57,0.022629987874193555,,132,86,0,86,0.003076790527682089,96.0,4.0,0.01611110000521876,0.08368429998517968,0.0035459999926388264,1.498735500004841,2.88788329999079,41.428002300002845,0.5172259999962989,0.5142973999900278,0.5236548999964725,0.6962945999985095,0.005359499977203086
0.8,Borda LP3 ($ 	heta $ Only),6,63,0.04079045285717364,,149,165,0,165,0.0034006766678732715,98.0,2.0,0.018238199991174042,0.08543059998191893,0.004824899981031194,1.3007685999909882,3.0280635000090115,42.649200400017435,0.5895537000033073,0.746393999987049,0.6964732000196818,0.6490232000069227,0.004970000009052455
0.8,Borda LP3 ($ 	heta $ Only),7,70,0.03363582688021112,,147,148,0,148,0.003379974519938846,96.0,4.0,0.022617400012677535,0.0835351999849081,0.0034721000120043755,1.323777199984761,3.2230468000052497,41.206215699989116,0.514902599999914,0.5739727999898605,0.7139081000059377,0.56413009998505,0.004971699992893264
0.8,Borda LP3 ($ 	heta $ Only),8,78,0.03476883480674498,,131,156,0,156,0.003626358488599382,98.0,2.0,0.019467900012386963,0.08312789999763481,0.0034564000088721514,1.582650599972112,2.8990225000015926,41.637135700002545,0.5093420000048354,0.7149601000128314,0.5518591000000015,0.5193705999990925,0.007413799990899861
0.8,Borda LP3 ($ 	heta $ Only),9,87,0.027124472299581863,,133,111,1,110,0.003034962765909491,96.0,4.0,0.019612199976108968,0.09467590000713244,0.003428600000916049,1.4846498999977484,2.871737100009341,40.12696659998619,0.5264077000028919,0.5361167000082787,0.5012102999899071,0.5802636999869719,0.0049045000050682575
0.8,Borda LP3 ($ 	heta $ Only),10,97,0.045634868907611155,,158,174,0,174,0.0038193776639980827,98.0,2.0,0.025447700027143583,0.077960599999642,0.0034937000018544495,1.4224758000054862,2.7930132999899797,43.195336699980544,0.5692940999870189,0.5171459999983199,0.5102074000169523,0.503124899987597,0.004863100009970367
0.8,Borda LP3 ($ 	heta $ Only),11,108,0.02132844503594793,,164,87,0,87,0.002701134345687176,96.0,4.0,0.01740010001230985,0.08022480001091026,0.003868200001306832,1.6381244999938644,2.6187972000043374,27.443432200001553,0.485220099973958,0.6930326000147033,0.4996178000001237,0.4986590000044089,0.004702299978816882
0.8,Borda LP3 ($ 	heta $ Only),12,120,0.024991457890748688,,159,116,0,116,0.003238552343062649,98.0,2.0,0.020113500009756535,0.07859829999506474,0.0055367999884765595,1.5055653000017628,2.942476099997293,39.32523290000972,0.530329500004882,0.9330202999990433,0.6665894000034314,0.49616370000876486,0.004767400008859113
0.8,Borda LP3 ($ 	heta $ Only),13,133,0.03408821184290886,,135,142,0,142,0.0039488545794541885,96.0,4.0,0.021109599998453632,0.06796360001317225,0.003427999996347353,1.5325641999952495,3.0729117000009865,40.8428799000103,0.523254600004293,0.49997780000558123,0.5670272999850567,0.5295541000086814,0.005112099985126406
0.8,Borda LP3 ($ 	heta $ Only),14,147,0.03398987809090859,,170,131,0,131,0.0030182166705334133,98.0,2.0,0.021172599983401597,0.07189459999790415,0.0033961999870371073,1.465425399976084,2.6983077000186313,28.80211540000164,0.6715842999983579,0.5158957999956328,0.4716535999905318,0.4937802000204101,0.004868000018177554
0.8,Borda LP3 ($ 	heta $ Only),15,162,0.04626476961394936,,158,189,0,189,0.0034015606300455857,96.0,4.0,0.018332899984670803,0.09249529999215156,0.0038779000169597566,1.4583183999930043,3.1970680999802426,36.26664990000427,0.5458042999962345,0.5157960999931674,0.5152525999874342,0.5207407999841962,0.009383500000694767
0.8,Borda LP3 ($ 	heta $ Only),16,178,0.03977222326521457,,123,164,0,164,0.0034664236447465692,98.0,2.0,0.01934980001533404,0.0842778000223916,0.0056662000133655965,1.6676797000109218,2.988784199988004,41.63694300001953,0.5229430999897886,0.5384379999886733,0.5474770999862812,0.5745832999818958,0.005224399996222928
0.8,Borda LP3 ($ 	heta $ Only),17,195,0.029898728766817876,,151,129,0,129,0.0037283990991411942,98.0,2.0,0.018975500017404556,0.0829412000020966,0.0034777999971993268,1.4452890999964438,2.841986100014765,41.65687419997994,0.4943167000019457,0.6853784999984782,0.48670579999452457,0.48992329998873174,0.013882900006137788
0.8,Borda LP3 ($ 	heta $ Only),18,213,0.04025567298337518,,96,189,0,189,0.0041560494756636,98.0,2.0,0.027441500016720966,0.07714680000208318,0.005685199983417988,1.517482099996414,3.009612899972126,40.57425739997416,0.5322561000066344,0.6126416999904905,0.5227551000134554,0.557990700006485,0.0050788999942597
0.8,Borda LP3 ($ 	heta $ Only),19,232,0.029609426379751072,,141,132,0,132,0.003408980512962041,98.0,2.0,0.022719499975210056,0.07905490000848658,0.006612499972106889,1.4862262999813538,2.7932445000042208,40.81711919998634,0.5121031999879051,0.5116762999969069,0.5793880999844987,0.5070908000052441,0.010302399983629584
0.8,Linear BTL,0,42,,-16586.443129088748,135,584,1,583,,,,0.030740599991986528,0.1415504000033252,0.006159500015201047,1.3411057000048459,3.0579149999830406,39.822529199998826,0.654842899995856,0.5160558999923524,0.5765951999928802,0.5046837999834679,0.004886100010480732
0.8,Linear BTL,1,43,,-38342.97882582506,162,525,14,511,,,,0.023744800011627376,0.11304870000458322,0.0034130000276491046,1.2769211999839172,2.750634900003206,40.97775369998999,0.5344588999869302,0.5006080000021029,0.5342018000083044,0.5649199000035878,0.00944209998124279
0.8,Linear BTL,2,45,,-41617.52295715506,184,557,5,552,,,,0.015990600018994883,0.08802520000608638,0.004333399992901832,1.3729062000056729,2.6682409000059124,42.56684059998952,0.48684540000976995,0.5440102999855299,0.5160050000122283,0.4908195000025444,0.005714799975976348
0.8,Linear BTL,3,48,,-93192.45583079924,174,434,0,434,,,,0.018919199996162206,0.08496539999032393,0.0036542000016197562,1.4448296999908052,2.7491130999987945,43.373532099998556,0.5120445000065956,0.561353400000371,0.48816350000561215,0.5007368999940809,0.008438599994406104
0.8,Linear BTL,4,52,,-1367989.8171998456,147,520,1,519,,,,0.022649999998975545,0.08766040002228692,0.005834399984451011,1.5756443999998737,2.9032499000022653,41.89028479999979,0.7741792000015266,0.7435569000081159,0.6971725999901537,0.5660165000008419,0.005185000016354024
0.8,Linear BTL,5,57,,-50944.662460117324,132,664,10,654,,,,0.01611110000521876,0.08368429998517968,0.0035459999926388264,1.498735500004841,2.88788329999079,41.428002300002845,0.5172259999962989,0.5142973999900278,0.5236548999964725,0.6962945999985095,0.005359499977203086
0.8,Linear BTL,6,63,,-1456156.982937358,149,494,4,490,,,,0.018238199991174042,0.08543059998191893,0.004824899981031194,1.3007685999909882,3.0280635000090115,42.649200400017435,0.5895537000033073,0.746393999987049,0.6964732000196818,0.6490232000069227,0.004970000009052455
0.8,Linear BTL,7,70,,-1530228.8193291188,147,418,1,417,,,,0.022617400012677535,0.0835351999849081,0.0034721000120043755,1.323777199984761,3.2230468000052497,41.206215699989116,0.514902599999914,0.5739727999898605,0.7139081000059377,0.56413009998505,0.004971699992893264
0.8,Linear BTL,8,78,,-966869.0487684752,131,350,1,349,,,,0.019467900012386963,0.08312789999763481,0.0034564000088721514,1.582650599972112,2.8990225000015926,41.637135700002545,0.5093420000048354,0.7149601000128314,0.5518591000000015,0.5193705999990925,0.007413799990899861
0.8,Linear BTL,9,87,,-19685.640515504023,133,250,1,249,,,,0.019612199976108968,0.09467590000713244,0.003428600000916049,1.4846498999977484,2.871737100009341,40.12696659998619,0.5264077000028919,0.5361167000082787,0.5012102999899071,0.5802636999869719,0.0049045000050682575
0.8,Linear BTL,10,97,,-1378609.8399907143,158,346,0,346,,,,0.025447700027143583,0.077960599999642,0.0034937000018544495,1.4224758000054862,2.7930132999899797,43.195336699980544,0.5692940999870189,0.5171459999983199,0.5102074000169523,0.503124899987597,0.004863100009970367
0.8,Linear BTL,11,108,,-8647.262467295963,164,121,0,121,,,,0.01740010001230985,0.08022480001091026,0.003868200001306832,1.6381244999938644,2.6187972000043374,27.443432200001553,0.485220099973958,0.6930326000147033,0.4996178000001237,0.4986590000044089,0.004702299978816882
0.8,Linear BTL,12,120,,-10926.592333187853,159,320,1,319,,,,0.020113500009756535,0.07859829999506474,0.0055367999884765595,1.5055653000017628,2.942476099997293,39.32523290000972,0.530329500004882,0.9330202999990433,0.6665894000034314,0.49616370000876486,0.004767400008859113
0.8,Linear BTL,13,133,,-626244.0486911144,135,473,0,473,,,,0.021109599998453632,0.06796360001317225,0.003427999996347353,1.5325641999952495,3.0729117000009865,40.8428799000103,0.523254600004293,0.49997780000558123,0.5670272999850567,0.5295541000086814,0.005112099985126406
0.8,Linear BTL,14,147,,-8838.62595446674,170,155,0,155,,,,0.021172599983401597,0.07189459999790415,0.0033961999870371073,1.465425399976084,2.6983077000186313,28.80211540000164,0.6715842999983579,0.5158957999956328,0.4716535999905318,0.4937802000204101,0.004868000018177554
0.8,Linear BTL,15,162,,-8921.800318342599,158,212,0,212,,,,0.018332899984670803,0.09249529999215156,0.0038779000169597566,1.4583183999930043,3.1970680999802426,36.26664990000427,0.5458042999962345,0.5157960999931674,0.5152525999874342,0.5207407999841962,0.009383500000694767
0.8,Linear BTL,16,178,,-112207.9654974252,123,549,11,538,,,,0.01934980001533404,0.0842778000223916,0.0056662000133655965,1.6676797000109218,2.988784199988004,41.63694300001953,0.5229430999897886,0.5384379999886733,0.5474770999862812,0.5745832999818958,0.005224399996222928
0.8,Linear BTL,17,195,,-50067.14868720455,151,580,1,579,,,,0.018975500017404556,0.0829412000020966,0.0034777999971993268,1.4452890999964438,2.841986100014765,41.65687419997994,0.4943167000019457,0.6853784999984782,0.48670579999452457,0.48992329998873174,0.013882900006137788
0.8,Linear BTL,18,213,,-320312.97489615105,96,439,1,438,,,,0.027441500016720966,0.07714680000208318,0.005685199983417988,1.517482099996414,3.009612899972126,40.57425739997416,0.5322561000066344,0.6126416999904905,0.5227551000134554,0.557990700006485,0.0050788999942597
0.8,Linear BTL,19,232,,-34068.181731206256,141,366,0,366,,,,0.022719499975210056,0.07905490000848658,0.006612499972106889,1.4862262999813538,2.7932445000042208,40.81711919998634,0.5121031999879051,0.5116762999969069,0.5793880999844987,0.5070908000052441,0.010302399983629584
0.9,LP2 ($ 	heta $ Only),0,42,1.23420233530263e-05,,200,181,0,181,1.2342023353026298e-05,46.0,54.0,0.07327899997471832,0.152606800023932,0.0042603999900165945,1.4327218999969773,2.8017704999947455,39.835536099999445,0.5840527999971528,0.5389548999955878,0.48721809999551624,0.47885450001922436,0.00463010001112707
0.9,LP2 ($ 	heta $ Only),1,43,2.928356988080518e-05,,171,233,0,233,2.9283569880805188e-05,40.0,60.0,0.018144000001484528,0.08831500000087544,0.00526120001450181,1.4810226999979932,2.90503880000324,39.87090710000484,0.5537276999966707,0.5290319999912754,0.4741143999854103,0.5291482000029646,0.005200000014156103
0.9,LP2 ($ 	heta $ Only),2,45,5.000778874951748e-05,,220,252,0,252,5.000778874951748e-05,42.0,58.0,0.02109350002137944,0.0839272000011988,0.005435700004454702,1.2175095999846235,2.59688900000765,25.491109499998856,0.5688665000197943,0.4465185000153724,0.5243677000107709,0.4634915000060573,0.00445809998200275
0.9,LP2 ($ 	heta $ Only),3,48,3.150619593859763e-05,,194,280,0,280,3.1506195938597635e-05,44.0,56.0,0.023947600013343617,0.08435580000514165,0.0034593000018503517,1.6534469999896828,2.6846900999953505,20.02879749998101,0.4916472999902908,0.49634169999626465,0.5242151000129525,0.5012350000033621,0.005405799980508164
0.9,LP2 ($ 	heta $ Only),4,52,3.426517122125166e-05,,186,150,0,150,3.426517122125165e-05,40.0,60.0,0.02265679999254644,0.08988210000097752,0.003365299984579906,1.4197442999866325,2.6490122000104748,25.044536200002767,0.48086729997885413,0.5092378999979701,0.49055289998068474,0.4826461000193376,0.010458100005052984
0.9,LP2 ($ 	heta $ Only),5,57,5.2546815193485464e-05,,187,175,0,175,5.254681519348547e-05,42.0,58.0,0.01803840001230128,0.11011909999069758,0.005580099998041987,1.3965348999772687,2.8198700999782886,25.42748089999077,0.5378658999979962,0.4737079000042286,0.5050902000220958,0.48297749998164363,0.00937270000576973
0.9,LP2 ($ 	heta $ Only),6,63,6.675603958067695e-05,,187,325,1,324,6.675603958067695e-05,48.0,52.0,0.017319300008239225,0.08773639998980798,0.008195200003683567,1.4230659000168089,2.738119799993001,19.766557900002226,0.6378353000036441,0.4697259000095073,0.5278511000215076,0.5881318000028841,0.009270499984268099
0.9,LP2 ($ 	heta $ Only),7,70,5.1802371432656025e-05,,182,225,1,224,5.180237143265602e-05,46.0,54.0,0.020903099997667596,0.14849419999518432,0.005855399998836219,1.583587000000989,3.0311008999997284,41.23804029999883,0.4901181000168435,0.5194643000140786,0.5670068999752402,0.4873651999805588,0.009509399998933077
0.9,LP2 ($ 	heta $ Only),8,78,3.942090517305992e-05,,166,137,0,137,3.942090517305991e-05,46.0,54.0,0.02519159999792464,0.08585370000218973,0.007196499995188788,1.4796210000058636,2.701028799987398,27.795418299996527,0.6567485999839846,0.49903880001511425,0.5443929000175558,0.49107330001425,0.004934299999149516
0.9,LP2 ($ 	heta $ Only),9,87,2.976171960611386e-05,,175,155,0,155,2.9761719606113862e-05,46.0,54.0,0.01815869999700226,0.07859809999354184,0.003374799998709932,1.431737399980193,2.7889381000131834,41.269169000006514,0.49144329997943714,0.47700759998406284,0.5064487000054214,0.5133411999850068,0.010484300000825897
0.9,LP2 ($ 	heta $ Only),10,97,3.073143301981971e-05,,185,186,0,186,3.0731433019819716e-05,40.0,60.0,0.018166299996664748,0.07121749999350868,0.007325599988689646,1.5269618000020273,2.731835199985653,39.81665160000557,0.4937291000096593,0.5424248999916017,0.4950228999950923,0.47559270000783727,0.004704699997091666
0.9,LP2 ($ 	heta $ Only),11,108,2.5389585903741963e-05,,216,244,0,244,2.538958590374196e-05,46.0,54.0,0.023307600000407547,0.0829373000015039,0.007461800007149577,1.553801600006409,2.6091797999979462,41.127673100010725,0.4784481000097003,0.4677532999776304,0.6894322999869473,0.45548380000400357,0.00480039999820292
0.9,LP2 ($ 	heta $ Only),12,120,4.168360702802042e-05,,175,304,1,303,4.168360702802042e-05,48.0,52.0,0.01806219998979941,0.08069179998710752,0.0034568000119179487,1.5737222000025213,2.985021400003461,20.067910400015535,0.4705861999827903,0.5306378999957815,0.6461163999920245,0.5294701000093482,0.0076979000004939735
0.9,LP2 ($ 	heta $ Only),13,133,2.830678004719707e-05,,194,278,0,278,2.8306780047197066e-05,48.0,52.0,0.021395499992650002,0.07411729998420924,0.003438400017330423,1.3964015000092331,2.9308981000212952,17.730890899983933,0.6930470999795943,0.4663068999943789,0.5023257000138983,0.46918869999353774,0.00749839999480173
0.9,LP2 ($ 	heta $ Only),14,147,1.6298927803110536e-05,,205,124,0,124,1.6298927803110536e-05,44.0,56.0,0.021467900020070374,0.08619900001212955,0.004146499995840713,1.423018100002082,2.704336599999806,21.99375520000467,0.5429178000194952,0.47699210001155734,0.48104269997566007,0.4940768000087701,0.004334600002039224
0.9,LP2 ($ 	heta $ Only),15,162,6.666480102260276e-05,,180,212,0,212,6.666480102260275e-05,40.0,60.0,0.018538300006184727,0.08756329998141155,0.0034220000088680536,1.558517599973129,2.9140144000120927,24.413128799991682,0.5331740999827161,0.48024679999798536,0.5061092000105418,0.5563038999971468,0.013696299982257187
0.9,LP2 ($ 	heta $ Only),16,178,3.985805891436311e-05,,169,210,0,210,3.9858058914363104e-05,46.0,54.0,0.022328899998683482,0.09794900001725182,0.003886699996655807,1.4006938000093214,2.768266200000653,31.434355500008678,0.5550956999941263,0.5061201000062283,0.5103179000143427,0.6194537999981549,0.004701400001067668
0.9,LP2 ($ 	heta $ Only),17,195,1.385246595664879e-05,,210,157,0,157,1.385246595664879e-05,46.0,54.0,0.019996200018795207,0.10027690001879819,0.006284500006586313,1.4299780000001192,2.9840055000095163,22.54351139999926,0.4946594999928493,0.457911100005731,0.5256902999826707,0.47045039999648,0.0047079999931156635
0.9,LP2 ($ 	heta $ Only),18,213,4.2024847348060536e-05,,133,139,0,139,4.2024847348060536e-05,40.0,60.0,0.01753499999176711,0.09021510000457056,0.009623299993108958,1.3796244999975897,2.9999158999999054,40.18622719999985,0.5303914999822155,0.510924200003501,0.50846020001336,0.5789892000029795,0.007386499986751005
0.9,LP2 ($ 	heta $ Only),19,232,2.1082273017169462e-05,,187,209,0,209,2.108227301716946e-05,46.0,54.0,0.020094499981496483,0.09262770001078025,0.003440900007262826,1.3957971999770962,2.7009899000113364,40.20055239999783,0.47992350001004525,0.6942616000014823,0.5001055999891832,0.5025821999879554,0.00446850000298582
0.9,LP3 ($ 	heta $ Only),0,42,0.039746250609608416,,200,151,0,151,0.0024293288906423694,96.0,4.0,0.07327899997471832,0.152606800023932,0.0042603999900165945,1.4327218999969773,2.8017704999947455,39.835536099999445,0.5840527999971528,0.5389548999955878,0.48721809999551624,0.47885450001922436,0.00463010001112707
0.9,LP3 ($ 	heta $ Only),1,43,0.04705203960149884,,171,183,0,183,0.0033586360929216317,96.0,4.0,0.018144000001484528,0.08831500000087544,0.00526120001450181,1.4810226999979932,2.90503880000324,39.87090710000484,0.5537276999966707,0.5290319999912754,0.4741143999854103,0.5291482000029646,0.005200000014156103
0.9,LP3 ($ 	heta $ Only),2,45,0.04826779639509431,,220,173,0,173,0.003430547369980383,94.0,6.0,0.02109350002137944,0.0839272000011988,0.005435700004454702,1.2175095999846235,2.59688900000765,25.491109499998856,0.5688665000197943,0.4465185000153724,0.5243677000107709,0.4634915000060573,0.00445809998200275
0.9,LP3 ($ 	heta $ Only),3,48,0.05828056495666053,,194,233,0,233,0.00421566088825844,98.0,2.0,0.023947600013343617,0.08435580000514165,0.0034593000018503517,1.6534469999896828,2.6846900999953505,20.02879749998101,0.4916472999902908,0.49634169999626465,0.5242151000129525,0.5012350000033621,0.005405799980508164
0.9,LP3 ($ 	heta $ Only),4,52,0.03331462372430937,,186,118,0,118,0.003221332738706951,98.0,2.0,0.02265679999254644,0.08988210000097752,0.003365299984579906,1.4197442999866325,2.6490122000104748,25.044536200002767,0.48086729997885413,0.5092378999979701,0.49055289998068474,0.4826461000193376,0.010458100005052984
0.9,LP3 ($ 	heta $ Only),5,57,0.039677648026977194,,187,154,0,154,0.003367268930781498,94.0,6.0,0.01803840001230128,0.11011909999069758,0.005580099998041987,1.3965348999772687,2.8198700999782886,25.42748089999077,0.5378658999979962,0.4737079000042286,0.5050902000220958,0.48297749998164363,0.00937270000576973
0.9,LP3 ($ 	heta $ Only),6,63,0.05837211239934519,,187,244,1,243,0.003154033094504063,98.0,2.0,0.017319300008239225,0.08773639998980798,0.008195200003683567,1.4230659000168089,2.738119799993001,19.766557900002226,0.6378353000036441,0.4697259000095073,0.5278511000215076,0.5881318000028841,0.009270499984268099
0.9,LP3 ($ 	heta $ Only),7,70,0.05065068288604209,,182,191,0,191,0.0035696361314288255,94.0,6.0,0.020903099997667596,0.14849419999518432,0.005855399998836219,1.583587000000989,3.0311008999997284,41.23804029999883,0.4901181000168435,0.5194643000140786,0.5670068999752402,0.4873651999805588,0.009509399998933077
0.9,LP3 ($ 	heta $ Only),8,78,0.03688440720870989,,166,144,0,144,0.003404771778081665,96.0,4.0,0.02519159999792464,0.08585370000218973,0.007196499995188788,1.4796210000058636,2.701028799987398,27.795418299996527,0.6567485999839846,0.49903880001511425,0.5443929000175558,0.49107330001425,0.004934299999149516
0.9,LP3 ($ 	heta $ Only),9,87,0.033571618113933485,,175,128,0,128,0.0029461372297320027,98.0,2.0,0.01815869999700226,0.07859809999354184,0.003374799998709932,1.431737399980193,2.7889381000131834,41.269169000006514,0.49144329997943714,0.47700759998406284,0.5064487000054214,0.5133411999850068,0.010484300000825897
0.9,LP3 ($ 	heta $ Only),10,97,0.052161705333574095,,185,200,0,200,0.003141532894640616,98.0,2.0,0.018166299996664748,0.07121749999350868,0.007325599988689646,1.5269618000020273,2.731835199985653,39.81665160000557,0.4937291000096593,0.5424248999916017,0.4950228999950923,0.47559270000783727,0.004704699997091666
0.9,LP3 ($ 	heta $ Only),11,108,0.0501653690901437,,216,200,0,200,0.0034186111144158967,94.0,6.0,0.023307600000407547,0.0829373000015039,0.007461800007149577,1.553801600006409,2.6091797999979462,41.127673100010725,0.4784481000097003,0.4677532999776304,0.6894322999869473,0.45548380000400357,0.00480039999820292
0.9,LP3 ($ 	heta $ Only),12,120,0.07102010892045117,,175,291,0,291,0.003962428807250923,98.0,2.0,0.01806219998979941,0.08069179998710752,0.0034568000119179487,1.5737222000025213,2.985021400003461,20.067910400015535,0.4705861999827903,0.5306378999957815,0.6461163999920245,0.5294701000093482,0.0076979000004939735
0.9,LP3 ($ 	heta $ Only),13,133,0.06136865864372878,,194,260,0,260,0.003295572719767584,96.0,4.0,0.021395499992650002,0.07411729998420924,0.003438400017330423,1.3964015000092331,2.9308981000212952,17.730890899983933,0.6930470999795943,0.4663068999943789,0.5023257000138983,0.46918869999353774,0.00749839999480173
0.9,LP3 ($ 	heta $ Only),14,147,0.031806517589614766,,205,101,0,101,0.003563723906018298,98.0,2.0,0.021467900020070374,0.08619900001212955,0.004146499995840713,1.423018100002082,2.704336599999806,21.99375520000467,0.5429178000194952,0.47699210001155734,0.48104269997566007,0.4940768000087701,0.004334600002039224
0.9,LP3 ($ 	heta $ Only),15,162,0.054463897892202684,,180,193,0,193,0.004476095837573915,96.0,4.0,0.018538300006184727,0.08756329998141155,0.0034220000088680536,1.558517599973129,2.9140144000120927,24.413128799991682,0.5331740999827161,0.48024679999798536,0.5061092000105418,0.5563038999971468,0.013696299982257187
0.9,LP3 ($ 	heta $ Only),16,178,0.04652812593384648,,169,169,0,169,0.0034658769134154653,96.0,4.0,0.022328899998683482,0.09794900001725182,0.003886699996655807,1.4006938000093214,2.768266200000653,31.434355500008678,0.5550956999941263,0.5061201000062283,0.5103179000143427,0.6194537999981549,0.004701400001067668
0.9,LP3 ($ 	heta $ Only),17,195,0.038831788522890126,,210,151,0,151,0.0027675592159459575,96.0,4.0,0.019996200018795207,0.10027690001879819,0.006284500006586313,1.4299780000001192,2.9840055000095163,22.54351139999926,0.4946594999928493,0.457911100005731,0.5256902999826707,0.47045039999648,0.0047079999931156635
0.9,LP3 ($ 	heta $ Only),18,213,0.037775498658627144,,133,136,0,136,0.004013334673263699,96.0,4.0,0.01753499999176711,0.09021510000457056,0.009623299993108958,1.3796244999975897,2.9999158999999054,40.18622719999985,0.5303914999822155,0.510924200003501,0.50846020001336,0.5789892000029795,0.007386499986751005
0.9,LP3 ($ 	heta $ Only),19,232,0.04235088700629549,,187,170,0,170,0.003861975482237185,98.0,2.0,0.020094499981496483,0.09262770001078025,0.003440900007262826,1.3957971999770962,2.7009899000113364,40.20055239999783,0.47992350001004525,0.6942616000014823,0.5001055999891832,0.5025821999879554,0.00446850000298582
0.9,Weighted LP3 ($ 	heta $ Only),0,42,0.025439477122614854,,200,152,0,152,0.002419793923879364,96.0,4.0,0.07327899997471832,0.152606800023932,0.0042603999900165945,1.4327218999969773,2.8017704999947455,39.835536099999445,0.5840527999971528,0.5389548999955878,0.48721809999551624,0.47885450001922436,0.00463010001112707
0.9,Weighted LP3 ($ 	heta $ Only),1,43,0.029557174390133712,,171,190,0,190,0.0033500800285128055,96.0,4.0,0.018144000001484528,0.08831500000087544,0.00526120001450181,1.4810226999979932,2.90503880000324,39.87090710000484,0.5537276999966707,0.5290319999912754,0.4741143999854103,0.5291482000029646,0.005200000014156103
0.9,Weighted LP3 ($ 	heta $ Only),2,45,0.03073330799658942,,220,175,0,175,0.0034268393231478393,94.0,6.0,0.02109350002137944,0.0839272000011988,0.005435700004454702,1.2175095999846235,2.59688900000765,25.491109499998856,0.5688665000197943,0.4465185000153724,0.5243677000107709,0.4634915000060573,0.00445809998200275
0.9,Weighted LP3 ($ 	heta $ Only),3,48,0.03686667173643159,,194,221,0,221,0.004205250448551548,96.0,4.0,0.023947600013343617,0.08435580000514165,0.0034593000018503517,1.6534469999896828,2.6846900999953505,20.02879749998101,0.4916472999902908,0.49634169999626465,0.5242151000129525,0.5012350000033621,0.005405799980508164
0.9,Weighted LP3 ($ 	heta $ Only),4,52,0.02140225462076361,,186,129,0,129,0.003218857120473556,98.0,2.0,0.02265679999254644,0.08988210000097752,0.003365299984579906,1.4197442999866325,2.6490122000104748,25.044536200002767,0.48086729997885413,0.5092378999979701,0.49055289998068474,0.4826461000193376,0.010458100005052984
0.9,Weighted LP3 ($ 	heta $ Only),5,57,0.02495844756698016,,187,155,0,155,0.0033239744067983744,94.0,6.0,0.01803840001230128,0.11011909999069758,0.005580099998041987,1.3965348999772687,2.8198700999782886,25.42748089999077,0.5378658999979962,0.4737079000042286,0.5050902000220958,0.48297749998164363,0.00937270000576973
0.9,Weighted LP3 ($ 	heta $ Only),6,63,0.03735300535841654,,187,240,1,239,0.0031462613788979274,98.0,2.0,0.017319300008239225,0.08773639998980798,0.008195200003683567,1.4230659000168089,2.738119799993001,19.766557900002226,0.6378353000036441,0.4697259000095073,0.5278511000215076,0.5881318000028841,0.009270499984268099
0.9,Weighted LP3 ($ 	heta $ Only),7,70,0.03246532432501408,,182,188,0,188,0.003561383201195556,94.0,6.0,0.020903099997667596,0.14849419999518432,0.005855399998836219,1.583587000000989,3.0311008999997284,41.23804029999883,0.4901181000168435,0.5194643000140786,0.5670068999752402,0.4873651999805588,0.009509399998933077
0.9,Weighted LP3 ($ 	heta $ Only),8,78,0.02402345099563865,,166,143,0,143,0.0033746644456411528,96.0,4.0,0.02519159999792464,0.08585370000218973,0.007196499995188788,1.4796210000058636,2.701028799987398,27.795418299996527,0.6567485999839846,0.49903880001511425,0.5443929000175558,0.49107330001425,0.004934299999149516
0.9,Weighted LP3 ($ 	heta $ Only),9,87,0.02142083016435777,,175,123,0,123,0.0029481604453402274,98.0,2.0,0.01815869999700226,0.07859809999354184,0.003374799998709932,1.431737399980193,2.7889381000131834,41.269169000006514,0.49144329997943714,0.47700759998406284,0.5064487000054214,0.5133411999850068,0.010484300000825897
0.9,Weighted LP3 ($ 	heta $ Only),10,97,0.03347036511280197,,185,201,0,201,0.0031276351995988398,98.0,2.0,0.018166299996664748,0.07121749999350868,0.007325599988689646,1.5269618000020273,2.731835199985653,39.81665160000557,0.4937291000096593,0.5424248999916017,0.4950228999950923,0.47559270000783727,0.004704699997091666
0.9,Weighted LP3 ($ 	heta $ Only),11,108,0.031722969331700254,,216,195,0,195,0.003418270903865316,94.0,6.0,0.023307600000407547,0.0829373000015039,0.007461800007149577,1.553801600006409,2.6091797999979462,41.127673100010725,0.4784481000097003,0.4677532999776304,0.6894322999869473,0.45548380000400357,0.00480039999820292
0.9,Weighted LP3 ($ 	heta $ Only),12,120,0.045079939460918594,,175,288,0,288,0.003955298028972388,98.0,2.0,0.01806219998979941,0.08069179998710752,0.0034568000119179487,1.5737222000025213,2.985021400003461,20.067910400015535,0.4705861999827903,0.5306378999957815,0.6461163999920245,0.5294701000093482,0.0076979000004939735
0.9,Weighted LP3 ($ 	heta $ Only),13,133,0.039401088022510966,,194,260,0,260,0.0032887998277416675,96.0,4.0,0.021395499992650002,0.07411729998420924,0.003438400017330423,1.3964015000092331,2.9308981000212952,17.730890899983933,0.6930470999795943,0.4663068999943789,0.5023257000138983,0.46918869999353774,0.00749839999480173
0.9,Weighted LP3 ($ 	heta $ Only),14,147,0.020655540951561698,,205,106,0,106,0.003563125163896214,98.0,2.0,0.021467900020070374,0.08619900001212955,0.004146499995840713,1.423018100002082,2.704336599999806,21.99375520000467,0.5429178000194952,0.47699210001155734,0.48104269997566007,0.4940768000087701,0.004334600002039224
0.9,Weighted LP3 ($ 	heta $ Only),15,162,0.03501418481966662,,180,195,0,195,0.004468478450678564,96.0,4.0,0.018538300006184727,0.08756329998141155,0.0034220000088680536,1.558517599973129,2.9140144000120927,24.413128799991682,0.5331740999827161,0.48024679999798536,0.5061092000105418,0.5563038999971468,0.013696299982257187
0.9,Weighted LP3 ($ 	heta $ Only),16,178,0.029548103348879706,,169,166,0,166,0.003454828169588166,96.0,4.0,0.022328899998683482,0.09794900001725182,0.003886699996655807,1.4006938000093214,2.768266200000653,31.434355500008678,0.5550956999941263,0.5061201000062283,0.5103179000143427,0.6194537999981549,0.004701400001067668
0.9,Weighted LP3 ($ 	heta $ Only),17,195,0.024284346757906805,,210,156,0,156,0.002749488462109544,96.0,4.0,0.019996200018795207,0.10027690001879819,0.006284500006586313,1.4299780000001192,2.9840055000095163,22.54351139999926,0.4946594999928493,0.457911100005731,0.5256902999826707,0.47045039999648,0.0047079999931156635
0.9,Weighted LP3 ($ 	heta $ Only),18,213,0.02427552017214526,,133,130,0,130,0.0039200546493829225,96.0,4.0,0.01753499999176711,0.09021510000457056,0.009623299993108958,1.3796244999975897,2.9999158999999054,40.18622719999985,0.5303914999822155,0.510924200003501,0.50846020001336,0.5789892000029795,0.007386499986751005
0.9,Weighted LP3 ($ 	heta $ Only),19,232,0.027185663620381346,,187,164,0,164,0.00384864313235215,98.0,2.0,0.020094499981496483,0.09262770001078025,0.003440900007262826,1.3957971999770962,2.7009899000113364,40.20055239999783,0.47992350001004525,0.6942616000014823,0.5001055999891832,0.5025821999879554,0.00446850000298582
0.9,Borda LP3 ($ 	heta $ Only),0,42,0.037529930933911444,,200,154,0,154,0.002421100194436394,96.0,4.0,0.07327899997471832,0.152606800023932,0.0042603999900165945,1.4327218999969773,2.8017704999947455,39.835536099999445,0.5840527999971528,0.5389548999955878,0.48721809999551624,0.47885450001922436,0.00463010001112707
0.9,Borda LP3 ($ 	heta $ Only),1,43,0.04162606362399936,,171,192,0,192,0.003293986278046308,96.0,4.0,0.018144000001484528,0.08831500000087544,0.00526120001450181,1.4810226999979932,2.90503880000324,39.87090710000484,0.5537276999966707,0.5290319999912754,0.4741143999854103,0.5291482000029646,0.005200000014156103
0.9,Borda LP3 ($ 	heta $ Only),2,45,0.04416234939591255,,220,175,0,175,0.0034283581287272535,94.0,6.0,0.02109350002137944,0.0839272000011988,0.005435700004454702,1.2175095999846235,2.59688900000765,25.491109499998856,0.5688665000197943,0.4465185000153724,0.5243677000107709,0.4634915000060573,0.00445809998200275
0.9,Borda LP3 ($ 	heta $ Only),3,48,0.05353546015408748,,194,221,0,221,0.004197350426346812,98.0,2.0,0.023947600013343617,0.08435580000514165,0.0034593000018503517,1.6534469999896828,2.6846900999953505,20.02879749998101,0.4916472999902908,0.49634169999626465,0.5242151000129525,0.5012350000033621,0.005405799980508164
0.9,Borda LP3 ($ 	heta $ Only),4,52,0.030253104801035137,,186,120,0,120,0.0032146529793594864,98.0,2.0,0.02265679999254644,0.08988210000097752,0.003365299984579906,1.4197442999866325,2.6490122000104748,25.044536200002767,0.48086729997885413,0.5092378999979701,0.49055289998068474,0.4826461000193376,0.010458100005052984
0.9,Borda LP3 ($ 	heta $ Only),5,57,0.03774483347782115,,187,155,0,155,0.0033429314641852032,96.0,4.0,0.01803840001230128,0.11011909999069758,0.005580099998041987,1.3965348999772687,2.8198700999782886,25.42748089999077,0.5378658999979962,0.4737079000042286,0.5050902000220958,0.48297749998164363,0.00937270000576973
0.9,Borda LP3 ($ 	heta $ Only),6,63,0.05545027348829227,,187,240,1,239,0.003145141023384626,98.0,2.0,0.017319300008239225,0.08773639998980798,0.008195200003683567,1.4230659000168089,2.738119799993001,19.766557900002226,0.6378353000036441,0.4697259000095073,0.5278511000215076,0.5881318000028841,0.009270499984268099
0.9,Borda LP3 ($ 	heta $ Only),7,70,0.04520972643150109,,182,186,0,186,0.00354003533489208,94.0,6.0,0.020903099997667596,0.14849419999518432,0.005855399998836219,1.583587000000989,3.0311008999997284,41.23804029999883,0.4901181000168435,0.5194643000140786,0.5670068999752402,0.4873651999805588,0.009509399998933077
0.9,Borda LP3 ($ 	heta $ Only),8,78,0.033687441771384545,,166,144,0,144,0.003370302643012443,96.0,4.0,0.02519159999792464,0.08585370000218973,0.007196499995188788,1.4796210000058636,2.701028799987398,27.795418299996527,0.6567485999839846,0.49903880001511425,0.5443929000175558,0.49107330001425,0.004934299999149516
0.9,Borda LP3 ($ 	heta $ Only),9,87,0.029689528148536655,,175,123,0,123,0.0029606059220986677,98.0,2.0,0.01815869999700226,0.07859809999354184,0.003374799998709932,1.431737399980193,2.7889381000131834,41.269169000006514,0.49144329997943714,0.47700759998406284,0.5064487000054214,0.5133411999850068,0.010484300000825897
0.9,Borda LP3 ($ 	heta $ Only),10,97,0.048590706969454715,,185,201,0,201,0.00312083923622628,98.0,2.0,0.018166299996664748,0.07121749999350868,0.007325599988689646,1.5269618000020273,2.731835199985653,39.81665160000557,0.4937291000096593,0.5424248999916017,0.4950228999950923,0.47559270000783727,0.004704699997091666
0.9,Borda LP3 ($ 	heta $ Only),11,108,0.04655275701444372,,216,198,0,198,0.0034168416270399984,96.0,4.0,0.023307600000407547,0.0829373000015039,0.007461800007149577,1.553801600006409,2.6091797999979462,41.127673100010725,0.4784481000097003,0.4677532999776304,0.6894322999869473,0.45548380000400357,0.00480039999820292
0.9,Borda LP3 ($ 	heta $ Only),12,120,0.06678501373717939,,175,287,0,287,0.003956005993521445,98.0,2.0,0.01806219998979941,0.08069179998710752,0.0034568000119179487,1.5737222000025213,2.985021400003461,20.067910400015535,0.4705861999827903,0.5306378999957815,0.6461163999920245,0.5294701000093482,0.0076979000004939735
0.9,Borda LP3 ($ 	heta $ Only),13,133,0.05589595577352529,,194,267,0,267,0.0032790192890867604,96.0,4.0,0.021395499992650002,0.07411729998420924,0.003438400017330423,1.3964015000092331,2.9308981000212952,17.730890899983933,0.6930470999795943,0.4663068999943789,0.5023257000138983,0.46918869999353774,0.00749839999480173
0.9,Borda LP3 ($ 	heta $ Only),14,147,0.028814133300663895,,205,112,0,112,0.0035263691312468538,98.0,2.0,0.021467900020070374,0.08619900001212955,0.004146499995840713,1.423018100002082,2.704336599999806,21.99375520000467,0.5429178000194952,0.47699210001155734,0.48104269997566007,0.4940768000087701,0.004334600002039224
0.9,Borda LP3 ($ 	heta $ Only),15,162,0.05151730661626118,,180,198,0,198,0.004465713901183389,96.0,4.0,0.018538300006184727,0.08756329998141155,0.0034220000088680536,1.558517599973129,2.9140144000120927,24.413128799991682,0.5331740999827161,0.48024679999798536,0.5061092000105418,0.5563038999971468,0.013696299982257187
0.9,Borda LP3 ($ 	heta $ Only),16,178,0.04406164692810933,,169,171,0,171,0.0034639481499991304,96.0,4.0,0.022328899998683482,0.09794900001725182,0.003886699996655807,1.4006938000093214,2.768266200000653,31.434355500008678,0.5550956999941263,0.5061201000062283,0.5103179000143427,0.6194537999981549,0.004701400001067668
0.9,Borda LP3 ($ 	heta $ Only),17,195,0.032571566333571084,,210,145,0,145,0.0026950043786014115,96.0,4.0,0.019996200018795207,0.10027690001879819,0.006284500006586313,1.4299780000001192,2.9840055000095163,22.54351139999926,0.4946594999928493,0.457911100005731,0.5256902999826707,0.47045039999648,0.0047079999931156635
0.9,Borda LP3 ($ 	heta $ Only),18,213,0.03215984077800342,,133,128,0,128,0.0038807875696132733,94.0,6.0,0.01753499999176711,0.09021510000457056,0.009623299993108958,1.3796244999975897,2.9999158999999054,40.18622719999985,0.5303914999822155,0.510924200003501,0.50846020001336,0.5789892000029795,0.007386499986751005
0.9,Borda LP3 ($ 	heta $ Only),19,232,0.03960122474461583,,187,165,0,165,0.0038602451485587243,98.0,2.0,0.020094499981496483,0.09262770001078025,0.003440900007262826,1.3957971999770962,2.7009899000113364,40.20055239999783,0.47992350001004525,0.6942616000014823,0.5001055999891832,0.5025821999879554,0.00446850000298582
0.9,Linear BTL,0,42,,-8660.302243773367,200,545,0,545,,,,0.07327899997471832,0.152606800023932,0.0042603999900165945,1.4327218999969773,2.8017704999947455,39.835536099999445,0.5840527999971528,0.5389548999955878,0.48721809999551624,0.47885450001922436,0.00463010001112707
0.9,Linear BTL,1,43,,-14537.471862481918,171,403,0,403,,,,0.018144000001484528,0.08831500000087544,0.00526120001450181,1.4810226999979932,2.90503880000324,39.87090710000484,0.5537276999966707,0.5290319999912754,0.4741143999854103,0.5291482000029646,0.005200000014156103
0.9,Linear BTL,2,45,,-9072.925056605913,220,210,0,210,,,,0.02109350002137944,0.0839272000011988,0.005435700004454702,1.2175095999846235,2.59688900000765,25.491109499998856,0.5688665000197943,0.4465185000153724,0.5243677000107709,0.4634915000060573,0.00445809998200275
0.9,Linear BTL,3,48,,-9174.855356920923,194,245,0,245,,,,0.023947600013343617,0.08435580000514165,0.0034593000018503517,1.6534469999896828,2.6846900999953505,20.02879749998101,0.4916472999902908,0.49634169999626465,0.5242151000129525,0.5012350000033621,0.005405799980508164
0.9,Linear BTL,4,52,,-8995.35978375366,186,151,0,151,,,,0.02265679999254644,0.08988210000097752,0.003365299984579906,1.4197442999866325,2.6490122000104748,25.044536200002767,0.48086729997885413,0.5092378999979701,0.49055289998068474,0.4826461000193376,0.010458100005052984
0.9,Linear BTL,5,57,,-8960.063089893238,187,164,0,164,,,,0.01803840001230128,0.11011909999069758,0.005580099998041987,1.3965348999772687,2.8198700999782886,25.42748089999077,0.5378658999979962,0.4737079000042286,0.5050902000220958,0.48297749998164363,0.00937270000576973
0.9,Linear BTL,6,63,,-9072.110869131013,187,247,0,247,,,,0.017319300008239225,0.08773639998980798,0.008195200003683567,1.4230659000168089,2.738119799993001,19.766557900002226,0.6378353000036441,0.4697259000095073,0.5278511000215076,0.5881318000028841,0.009270499984268099
0.9,Linear BTL,7,70,,-77837.7063757691,182,586,6,580,,,,0.020903099997667596,0.14849419999518432,0.005855399998836219,1.583587000000989,3.0311008999997284,41.23804029999883,0.4901181000168435,0.5194643000140786,0.5670068999752402,0.4873651999805588,0.009509399998933077
0.9,Linear BTL,8,78,,-8878.8053280284,166,163,0,163,,,,0.02519159999792464,0.08585370000218973,0.007196499995188788,1.4796210000058636,2.701028799987398,27.795418299996527,0.6567485999839846,0.49903880001511425,0.5443929000175558,0.49107330001425,0.004934299999149516
0.9,Linear BTL,9,87,,-14933.055651172577,175,480,1,479,,,,0.01815869999700226,0.07859809999354184,0.003374799998709932,1.431737399980193,2.7889381000131834,41.269169000006514,0.49144329997943714,0.47700759998406284,0.5064487000054214,0.5133411999850068,0.010484300000825897
0.9,Linear BTL,10,97,,-460529.8275403091,185,380,0,380,,,,0.018166299996664748,0.07121749999350868,0.007325599988689646,1.5269618000020273,2.731835199985653,39.81665160000557,0.4937291000096593,0.5424248999916017,0.4950228999950923,0.47559270000783727,0.004704699997091666
0.9,Linear BTL,11,108,,-13549.327313383841,216,535,0,535,,,,0.023307600000407547,0.0829373000015039,0.007461800007149577,1.553801600006409,2.6091797999979462,41.127673100010725,0.4784481000097003,0.4677532999776304,0.6894322999869473,0.45548380000400357,0.00480039999820292
0.9,Linear BTL,12,120,,-9148.674533877818,175,311,0,311,,,,0.01806219998979941,0.08069179998710752,0.0034568000119179487,1.5737222000025213,2.985021400003461,20.067910400015535,0.4705861999827903,0.5306378999957815,0.6461163999920245,0.5294701000093482,0.0076979000004939735
0.9,Linear BTL,13,133,,-9093.96168833523,194,270,0,270,,,,0.021395499992650002,0.07411729998420924,0.003438400017330423,1.3964015000092331,2.9308981000212952,17.730890899983933,0.6930470999795943,0.4663068999943789,0.5023257000138983,0.46918869999353774,0.00749839999480173
0.9,Linear BTL,14,147,,-8965.33750228438,205,134,0,134,,,,0.021467900020070374,0.08619900001212955,0.004146499995840713,1.423018100002082,2.704336599999806,21.99375520000467,0.5429178000194952,0.47699210001155734,0.48104269997566007,0.4940768000087701,0.004334600002039224
0.9,Linear BTL,15,162,,-9076.624396402804,180,226,0,226,,,,0.018538300006184727,0.08756329998141155,0.0034220000088680536,1.558517599973129,2.9140144000120927,24.413128799991682,0.5331740999827161,0.48024679999798536,0.5061092000105418,0.5563038999971468,0.013696299982257187
0.9,Linear BTL,16,178,,-8982.74345486215,169,185,0,185,,,,0.022328899998683482,0.09794900001725182,0.003886699996655807,1.4006938000093214,2.768266200000653,31.434355500008678,0.5550956999941263,0.5061201000062283,0.5103179000143427,0.6194537999981549,0.004701400001067668
0.9,Linear BTL,17,195,,-9038.725632170113,210,156,0,156,,,,0.019996200018795207,0.10027690001879819,0.006284500006586313,1.4299780000001192,2.9840055000095163,22.54351139999926,0.4946594999928493,0.457911100005731,0.5256902999826707,0.47045039999648,0.0047079999931156635
0.9,Linear BTL,18,213,,-13915.406783461012,133,505,2,503,,,,0.01753499999176711,0.09021510000457056,0.009623299993108958,1.3796244999975897,2.9999158999999054,40.18622719999985,0.5303914999822155,0.510924200003501,0.50846020001336,0.5789892000029795,0.007386499986751005
0.9,Linear BTL,19,232,,-637257.5336555501,187,533,0,533,,,,0.020094499981496483,0.09262770001078025,0.003440900007262826,1.3957971999770962,2.7009899000113364,40.20055239999783,0.47992350001004525,0.6942616000014823,0.5001055999891832,0.5025821999879554,0.00446850000298582
1.0,LP2 ($ 	heta $ Only),0,42,5.6328020245840235e-05,,230,302,0,302,5.632802024584023e-05,46.0,54.0,0.019332800002302974,0.08026869999594055,0.00357659999281168,1.3899403999967035,3.0755211999930907,16.701653199997963,0.582451399997808,0.5592170000018086,0.5836814999929629,0.48364359998959117,0.008810500003164634
1.0,LP2 ($ 	heta $ Only),1,43,3.3559752028085985e-05,,187,280,0,280,3.355975202808598e-05,44.0,56.0,0.013453200022922829,0.08392810000805184,0.004177800001343712,1.4591332000272814,2.8410475000273436,40.48701740000979,0.49860729998908937,0.49762129998998716,0.6196092999889515,0.5772299000236671,0.0054259000171441585
1.0,LP2 ($ 	heta $ Only),2,45,2.109450068519604e-05,,222,283,0,283,2.1094500685196037e-05,46.0,54.0,0.019906100002117455,0.0806033999833744,0.003425000002607703,1.373455599998124,2.732130899996264,19.22795070000575,0.48274060001131147,0.4689055000199005,0.4767637000186369,0.5175336000102106,0.004755100002512336
1.0,LP2 ($ 	heta $ Only),3,48,2.373731759559908e-05,,230,230,0,230,2.3737317595599085e-05,48.0,52.0,0.016261200013104826,0.0823413000034634,0.004568600008497015,1.491997100005392,2.610733000008622,17.06848089999403,0.4719197999802418,0.4852865999855567,0.4953087999892887,0.5100182000023779,0.0058136000006925315
1.0,LP2 ($ 	heta $ Only),4,52,2.1890877780400363e-05,,215,201,0,201,2.1890877780400363e-05,44.0,56.0,0.016166600020369515,0.1319943999988027,0.004251399979693815,1.48931580001954,2.778410300001269,23.41517369999201,0.46840070001780987,0.4887757000105921,0.45906949997879565,0.5243630000040866,0.004401700018206611
1.0,LP2 ($ 	heta $ Only),5,57,1.8265056993107915e-05,,211,216,0,216,1.8265056993107915e-05,48.0,52.0,0.019219100009649992,0.07636400000774302,0.007145899988245219,1.4786655000061728,2.8283764999941923,18.932127199979732,0.6092570000037085,0.644653900002595,0.4776920999865979,0.4811645000008866,0.0043043000041507185
1.0,LP2 ($ 	heta $ Only),6,63,5.651903248589057e-05,,185,226,0,226,5.651903248589058e-05,42.0,58.0,0.017842400004155934,0.07171210000524297,0.003423000016482547,1.3054518999997526,2.804433799989056,20.777124299987918,0.4783282999997027,0.6831179999862798,0.5079732000012882,0.49196010001469404,0.007509800023399293
1.0,LP2 ($ 	heta $ Only),7,70,3.4182135569353086e-05,,211,240,0,240,3.4182135569353086e-05,46.0,54.0,0.016393700003391132,0.08088520000455901,0.006095799995819107,1.3881232000130694,3.0900384999986272,17.694890999991912,0.5332211999921128,0.4705954000237398,0.7704494000063278,0.7310333999921568,0.0045458000095095485
1.0,LP2 ($ 	heta $ Only),8,78,3.061523019978337e-05,,178,241,0,241,3.0615230199783366e-05,48.0,52.0,0.019103300001006573,0.08713699999498203,0.0073850000044330955,1.5677081000176258,3.147881300013978,17.997045599971898,0.7708376999944448,0.49426609999500215,0.5018091000092681,0.502904099994339,0.004716800001915544
1.0,LP2 ($ 	heta $ Only),9,87,2.2090601810108627e-05,,198,213,0,213,2.2090601810108627e-05,48.0,52.0,0.016889199992874637,0.08617920000688173,0.004833300015889108,1.2651160999957938,2.90256399998907,17.11406180000631,0.507473800011212,0.5014658000145573,0.5031522999925073,0.471444699971471,0.008911600016290322
1.0,LP2 ($ 	heta $ Only),10,97,4.382254696165044e-05,,195,258,0,258,4.3822546961650446e-05,46.0,54.0,0.024181600019801408,0.11185110002406873,0.0034084999933838844,1.3748104000114836,2.9041360999981407,19.297524199995678,0.48557369998889044,0.5035758999874815,0.5245168999827001,0.4939811000076588,0.0046218000061344355
1.0,LP2 ($ 	heta $ Only),11,108,2.3549435883386362e-05,,221,260,0,260,2.3549435883386352e-05,48.0,52.0,0.015730899991467595,0.08794080000370741,0.003402400005143136,1.3715762000065297,2.9521063000138383,20.73671120000654,0.6125953000155278,0.48042740000528283,0.4900164999999106,0.543909200001508,0.004268299991963431
1.0,LP2 ($ 	heta $ Only),12,120,5.763593052077531e-05,,198,160,0,160,5.76359305207753e-05,42.0,58.0,0.019264600006863475,0.09095539999543689,0.005482999986270443,1.2377143999910913,2.835607800021535,39.92731699999422,0.4621546999842394,0.5500519000052009,0.48115380000672303,0.49337609999929555,0.00793409999459982
1.0,LP2 ($ 	heta $ Only),13,133,1.520342143983047e-05,,211,172,0,172,1.520342143983047e-05,44.0,56.0,0.013765699986834079,0.08243429998401552,0.003793400013819337,1.3972533000051044,2.6094502999912947,38.88775299998815,0.4934949000016786,0.4755306000006385,0.5241586999909487,0.5031166999833658,0.008296099986182526
1.0,LP2 ($ 	heta $ Only),14,147,5.643156431899711e-05,,198,278,1,277,5.643156431899711e-05,48.0,52.0,0.02478559999144636,0.08229859999846667,0.0033727999834809452,1.4070311000104994,2.7429550000233576,18.960822199995164,0.4690779000229668,0.48150340002030134,0.5337335999938659,0.4887796000111848,0.00639170000795275
1.0,LP2 ($ 	heta $ Only),15,162,2.6147692501061058e-05,,185,205,0,205,2.6147692501061058e-05,42.0,58.0,0.01351530000101775,0.0851144999905955,0.0061434999806806445,1.4363649000006262,2.854659200005699,22.9698007000261,0.6093846999865491,0.5726334999781102,0.5454834999982268,0.7214948000037111,0.005267200001981109
1.0,LP2 ($ 	heta $ Only),16,178,5.124551088655879e-05,,184,279,3,276,5.1245510886558794e-05,40.0,60.0,0.017616800003452227,0.07993189999251626,0.003416399995330721,1.4611713999765925,2.915117700002156,18.196810900000855,0.5534380000026431,0.46370620001107454,0.510741500009317,0.49097259997506626,0.008700200007297099
1.0,LP2 ($ 	heta $ Only),17,195,1.9027974591657362e-05,,233,191,0,191,1.9027974591657362e-05,46.0,54.0,0.013530900003388524,0.08509600002435036,0.00355729999137111,1.415902400010964,2.7727243999834172,20.054777900018962,0.4879075000062585,0.5972412999835797,0.4647115000116173,0.48303699999814853,0.014241900003980845
1.0,LP2 ($ 	heta $ Only),18,213,3.9683412657569126e-05,,171,160,0,160,3.9683412657569126e-05,38.0,62.0,0.02131300000473857,0.09209479999844916,0.003413900005398318,1.4165830000129063,2.8348878000106197,21.490986200020416,0.4948124999937136,0.5098782000131905,0.4886934000242036,0.5107496000127867,0.009450999990804121
1.0,LP2 ($ 	heta $ Only),19,232,1.8688027448864397e-05,,211,211,0,211,1.8688027448864397e-05,44.0,56.0,0.014761700003873557,0.08917300001485273,0.0064415999804623425,1.4227670999825932,2.897174499987159,22.331815299985465,0.4687456999963615,0.4993339999928139,0.5139875000168104,0.5283759000012651,0.004315300000598654
1.0,LP3 ($ 	heta $ Only),0,42,0.06681132195901605,,230,276,0,276,0.0035510157516919624,98.0,2.0,0.019332800002302974,0.08026869999594055,0.00357659999281168,1.3899403999967035,3.0755211999930907,16.701653199997963,0.582451399997808,0.5592170000018086,0.5836814999929629,0.48364359998959117,0.008810500003164634
1.0,LP3 ($ 	heta $ Only),1,43,0.0684927995979339,,187,255,0,255,0.004234848027906228,94.0,6.0,0.013453200022922829,0.08392810000805184,0.004177800001343712,1.4591332000272814,2.8410475000273436,40.48701740000979,0.49860729998908937,0.49762129998998716,0.6196092999889515,0.5772299000236671,0.0054259000171441585
1.0,LP3 ($ 	heta $ Only),2,45,0.058286994595810916,,222,236,0,236,0.0033548932969098056,98.0,2.0,0.019906100002117455,0.0806033999833744,0.003425000002607703,1.373455599998124,2.732130899996264,19.22795070000575,0.48274060001131147,0.4689055000199005,0.4767637000186369,0.5175336000102106,0.004755100002512336
1.0,LP3 ($ 	heta $ Only),3,48,0.052777561681131575,,230,206,0,206,0.0039458496519520206,98.0,2.0,0.016261200013104826,0.0823413000034634,0.004568600008497015,1.491997100005392,2.610733000008622,17.06848089999403,0.4719197999802418,0.4852865999855567,0.4953087999892887,0.5100182000023779,0.0058136000006925315
1.0,LP3 ($ 	heta $ Only),4,52,0.05126819343738267,,215,190,0,190,0.003664836392441222,98.0,2.0,0.016166600020369515,0.1319943999988027,0.004251399979693815,1.48931580001954,2.778410300001269,23.41517369999201,0.46840070001780987,0.4887757000105921,0.45906949997879565,0.5243630000040866,0.004401700018206611
1.0,LP3 ($ 	heta $ Only),5,57,0.0455085516794589,,211,184,0,184,0.003332650097309217,98.0,2.0,0.019219100009649992,0.07636400000774302,0.007145899988245219,1.4786655000061728,2.8283764999941923,18.932127199979732,0.6092570000037085,0.644653900002595,0.4776920999865979,0.4811645000008866,0.0043043000041507185
1.0,LP3 ($ 	heta $ Only),6,63,0.0518507065104636,,185,207,0,207,0.0032156182662421667,98.0,2.0,0.017842400004155934,0.07171210000524297,0.003423000016482547,1.3054518999997526,2.804433799989056,20.777124299987918,0.4783282999997027,0.6831179999862798,0.5079732000012882,0.49196010001469404,0.007509800023399293
1.0,LP3 ($ 	heta $ Only),7,70,0.053805740290641356,,211,213,0,213,0.003704591457535929,96.0,4.0,0.016393700003391132,0.08088520000455901,0.006095799995819107,1.3881232000130694,3.0900384999986272,17.694890999991912,0.5332211999921128,0.4705954000237398,0.7704494000063278,0.7310333999921568,0.0045458000095095485
1.0,LP3 ($ 	heta $ Only),8,78,0.05430122869711663,,178,222,0,222,0.0037623061979943214,98.0,2.0,0.019103300001006573,0.08713699999498203,0.0073850000044330955,1.5677081000176258,3.147881300013978,17.997045599971898,0.7708376999944448,0.49426609999500215,0.5018091000092681,0.502904099994339,0.004716800001915544
1.0,LP3 ($ 	heta $ Only),9,87,0.04822396377577914,,198,188,0,188,0.0038026868402405395,96.0,4.0,0.016889199992874637,0.08617920000688173,0.004833300015889108,1.2651160999957938,2.90256399998907,17.11406180000631,0.507473800011212,0.5014658000145573,0.5031522999925073,0.471444699971471,0.008911600016290322
1.0,LP3 ($ 	heta $ Only),10,97,0.06055657853283531,,195,231,0,231,0.003359468026680688,98.0,2.0,0.024181600019801408,0.11185110002406873,0.0034084999933838844,1.3748104000114836,2.9041360999981407,19.297524199995678,0.48557369998889044,0.5035758999874815,0.5245168999827001,0.4939811000076588,0.0046218000061344355
1.0,LP3 ($ 	heta $ Only),11,108,0.05708569973126384,,221,235,0,235,0.003591162098542804,98.0,2.0,0.015730899991467595,0.08794080000370741,0.003402400005143136,1.3715762000065297,2.9521063000138383,20.73671120000654,0.6125953000155278,0.48042740000528283,0.4900164999999106,0.543909200001508,0.004268299991963431
1.0,LP3 ($ 	heta $ Only),12,120,0.040814025761794055,,198,148,0,148,0.0030679334359204574,94.0,6.0,0.019264600006863475,0.09095539999543689,0.005482999986270443,1.2377143999910913,2.835607800021535,39.92731699999422,0.4621546999842394,0.5500519000052009,0.48115380000672303,0.49337609999929555,0.00793409999459982
1.0,LP3 ($ 	heta $ Only),13,133,0.03761135871643052,,211,143,0,143,0.003527001005227844,98.0,2.0,0.013765699986834079,0.08243429998401552,0.003793400013819337,1.3972533000051044,2.6094502999912947,38.88775299998815,0.4934949000016786,0.4755306000006385,0.5241586999909487,0.5031166999833658,0.008296099986182526
1.0,LP3 ($ 	heta $ Only),14,147,0.0633164335102613,,198,284,0,284,0.003843557916259691,98.0,2.0,0.02478559999144636,0.08229859999846667,0.0033727999834809452,1.4070311000104994,2.7429550000233576,18.960822199995164,0.4690779000229668,0.48150340002030134,0.5337335999938659,0.4887796000111848,0.00639170000795275
1.0,LP3 ($ 	heta $ Only),15,162,0.044705506790499575,,185,176,0,176,0.0037075640264582484,96.0,4.0,0.01351530000101775,0.0851144999905955,0.0061434999806806445,1.4363649000006262,2.854659200005699,22.9698007000261,0.6093846999865491,0.5726334999781102,0.5454834999982268,0.7214948000037111,0.005267200001981109
1.0,LP3 ($ 	heta $ Only),16,178,0.06165369264808788,,184,235,0,235,0.0034727004662926456,94.0,6.0,0.017616800003452227,0.07993189999251626,0.003416399995330721,1.4611713999765925,2.915117700002156,18.196810900000855,0.5534380000026431,0.46370620001107454,0.510741500009317,0.49097259997506626,0.008700200007297099
1.0,LP3 ($ 	heta $ Only),17,195,0.04707814045070234,,233,162,0,162,0.003454599633798003,98.0,2.0,0.013530900003388524,0.08509600002435036,0.00355729999137111,1.415902400010964,2.7727243999834172,20.054777900018962,0.4879075000062585,0.5972412999835797,0.4647115000116173,0.48303699999814853,0.014241900003980845
1.0,LP3 ($ 	heta $ Only),18,213,0.03626492442161995,,171,134,0,134,0.0038915969519947584,96.0,4.0,0.02131300000473857,0.09209479999844916,0.003413900005398318,1.4165830000129063,2.8348878000106197,21.490986200020416,0.4948124999937136,0.5098782000131905,0.4886934000242036,0.5107496000127867,0.009450999990804121
1.0,LP3 ($ 	heta $ Only),19,232,0.053782580760528706,,211,214,0,214,0.0033835683335025745,98.0,2.0,0.014761700003873557,0.08917300001485273,0.0064415999804623425,1.4227670999825932,2.897174499987159,22.331815299985465,0.4687456999963615,0.4993339999928139,0.5139875000168104,0.5283759000012651,0.004315300000598654
1.0,Weighted LP3 ($ 	heta $ Only),0,42,0.042651870551950175,,230,279,0,279,0.0035548882819386608,98.0,2.0,0.019332800002302974,0.08026869999594055,0.00357659999281168,1.3899403999967035,3.0755211999930907,16.701653199997963,0.582451399997808,0.5592170000018086,0.5836814999929629,0.48364359998959117,0.008810500003164634
1.0,Weighted LP3 ($ 	heta $ Only),1,43,0.043895184528014955,,187,252,0,252,0.004228596712817568,94.0,6.0,0.013453200022922829,0.08392810000805184,0.004177800001343712,1.4591332000272814,2.8410475000273436,40.48701740000979,0.49860729998908937,0.49762129998998716,0.6196092999889515,0.5772299000236671,0.0054259000171441585
1.0,Weighted LP3 ($ 	heta $ Only),2,45,0.037189404253101556,,222,241,0,241,0.003353355371520027,98.0,2.0,0.019906100002117455,0.0806033999833744,0.003425000002607703,1.373455599998124,2.732130899996264,19.22795070000575,0.48274060001131147,0.4689055000199005,0.4767637000186369,0.5175336000102106,0.004755100002512336
1.0,Weighted LP3 ($ 	heta $ Only),3,48,0.033575832940498755,,230,221,0,221,0.00393933562570759,98.0,2.0,0.016261200013104826,0.0823413000034634,0.004568600008497015,1.491997100005392,2.610733000008622,17.06848089999403,0.4719197999802418,0.4852865999855567,0.4953087999892887,0.5100182000023779,0.0058136000006925315
1.0,Weighted LP3 ($ 	heta $ Only),4,52,0.031970535495899934,,215,189,0,189,0.0036495344090171633,98.0,2.0,0.016166600020369515,0.1319943999988027,0.004251399979693815,1.48931580001954,2.778410300001269,23.41517369999201,0.46840070001780987,0.4887757000105921,0.45906949997879565,0.5243630000040866,0.004401700018206611
1.0,Weighted LP3 ($ 	heta $ Only),5,57,0.02878360105886659,,211,182,0,182,0.003325662160559019,98.0,2.0,0.019219100009649992,0.07636400000774302,0.007145899988245219,1.4786655000061728,2.8283764999941923,18.932127199979732,0.6092570000037085,0.644653900002595,0.4776920999865979,0.4811645000008866,0.0043043000041507185
1.0,Weighted LP3 ($ 	heta $ Only),6,63,0.03298847649959246,,185,209,0,209,0.0032023137529915533,98.0,2.0,0.017842400004155934,0.07171210000524297,0.003423000016482547,1.3054518999997526,2.804433799989056,20.777124299987918,0.4783282999997027,0.6831179999862798,0.5079732000012882,0.49196010001469404,0.007509800023399293
1.0,Weighted LP3 ($ 	heta $ Only),7,70,0.03403727638845021,,211,210,0,210,0.003685452969779614,96.0,4.0,0.016393700003391132,0.08088520000455901,0.006095799995819107,1.3881232000130694,3.0900384999986272,17.694890999991912,0.5332211999921128,0.4705954000237398,0.7704494000063278,0.7310333999921568,0.0045458000095095485
1.0,Weighted LP3 ($ 	heta $ Only),8,78,0.03481574712088059,,178,224,0,224,0.0037697792286060746,98.0,2.0,0.019103300001006573,0.08713699999498203,0.0073850000044330955,1.5677081000176258,3.147881300013978,17.997045599971898,0.7708376999944448,0.49426609999500215,0.5018091000092681,0.502904099994339,0.004716800001915544
1.0,Weighted LP3 ($ 	heta $ Only),9,87,0.030394383913978328,,198,184,0,184,0.0037835892955107105,96.0,4.0,0.016889199992874637,0.08617920000688173,0.004833300015889108,1.2651160999957938,2.90256399998907,17.11406180000631,0.507473800011212,0.5014658000145573,0.5031522999925073,0.471444699971471,0.008911600016290322
1.0,Weighted LP3 ($ 	heta $ Only),10,97,0.038556550370037294,,195,243,0,243,0.003354731313389962,98.0,2.0,0.024181600019801408,0.11185110002406873,0.0034084999933838844,1.3748104000114836,2.9041360999981407,19.297524199995678,0.48557369998889044,0.5035758999874815,0.5245168999827001,0.4939811000076588,0.0046218000061344355
1.0,Weighted LP3 ($ 	heta $ Only),11,108,0.036242381119718045,,221,239,0,239,0.0035856231814166695,98.0,2.0,0.015730899991467595,0.08794080000370741,0.003402400005143136,1.3715762000065297,2.9521063000138383,20.73671120000654,0.6125953000155278,0.48042740000528283,0.4900164999999106,0.543909200001508,0.004268299991963431
1.0,Weighted LP3 ($ 	heta $ Only),12,120,0.025716884993369563,,198,151,0,151,0.0030580439174753907,94.0,6.0,0.019264600006863475,0.09095539999543689,0.005482999986270443,1.2377143999910913,2.835607800021535,39.92731699999422,0.4621546999842394,0.5500519000052009,0.48115380000672303,0.49337609999929555,0.00793409999459982
1.0,Weighted LP3 ($ 	heta $ Only),13,133,0.024121591378446917,,211,147,0,147,0.0035097635725333943,98.0,2.0,0.013765699986834079,0.08243429998401552,0.003793400013819337,1.3972533000051044,2.6094502999912947,38.88775299998815,0.4934949000016786,0.4755306000006385,0.5241586999909487,0.5031166999833658,0.008296099986182526
1.0,Weighted LP3 ($ 	heta $ Only),14,147,0.039764799497825035,,198,286,0,286,0.0038253613901825796,98.0,2.0,0.02478559999144636,0.08229859999846667,0.0033727999834809452,1.4070311000104994,2.7429550000233576,18.960822199995164,0.4690779000229668,0.48150340002030134,0.5337335999938659,0.4887796000111848,0.00639170000795275
1.0,Weighted LP3 ($ 	heta $ Only),15,162,0.0288684592752465,,185,171,0,171,0.003702545286381192,96.0,4.0,0.01351530000101775,0.0851144999905955,0.0061434999806806445,1.4363649000006262,2.854659200005699,22.9698007000261,0.6093846999865491,0.5726334999781102,0.5454834999982268,0.7214948000037111,0.005267200001981109
1.0,Weighted LP3 ($ 	heta $ Only),16,178,0.039468339620975464,,184,234,0,234,0.0034700100962863924,94.0,6.0,0.017616800003452227,0.07993189999251626,0.003416399995330721,1.4611713999765925,2.915117700002156,18.196810900000855,0.5534380000026431,0.46370620001107454,0.510741500009317,0.49097259997506626,0.008700200007297099
1.0,Weighted LP3 ($ 	heta $ Only),17,195,0.029945216649179103,,233,161,0,161,0.0034380697470385367,98.0,2.0,0.013530900003388524,0.08509600002435036,0.00355729999137111,1.415902400010964,2.7727243999834172,20.054777900018962,0.4879075000062585,0.5972412999835797,0.4647115000116173,0.48303699999814853,0.014241900003980845
1.0,Weighted LP3 ($ 	heta $ Only),18,213,0.023751943697014135,,171,135,0,135,0.0038757266821401845,96.0,4.0,0.02131300000473857,0.09209479999844916,0.003413900005398318,1.4165830000129063,2.8348878000106197,21.490986200020416,0.4948124999937136,0.5098782000131905,0.4886934000242036,0.5107496000127867,0.009450999990804121
1.0,Weighted LP3 ($ 	heta $ Only),19,232,0.03439409524321982,,211,220,0,220,0.003381177837058543,98.0,2.0,0.014761700003873557,0.08917300001485273,0.0064415999804623425,1.4227670999825932,2.897174499987159,22.331815299985465,0.4687456999963615,0.4993339999928139,0.5139875000168104,0.5283759000012651,0.004315300000598654
1.0,Borda LP3 ($ 	heta $ Only),0,42,0.061963784917297066,,230,279,0,279,0.0035445357540587175,98.0,2.0,0.019332800002302974,0.08026869999594055,0.00357659999281168,1.3899403999967035,3.0755211999930907,16.701653199997963,0.582451399997808,0.5592170000018086,0.5836814999929629,0.48364359998959117,0.008810500003164634
1.0,Borda LP3 ($ 	heta $ Only),1,43,0.06462595469622255,,187,250,0,250,0.0042273121235574885,94.0,6.0,0.013453200022922829,0.08392810000805184,0.004177800001343712,1.4591332000272814,2.8410475000273436,40.48701740000979,0.49860729998908937,0.49762129998998716,0.6196092999889515,0.5772299000236671,0.0054259000171441585
1.0,Borda LP3 ($ 	heta $ Only),2,45,0.05454998140507556,,222,238,0,238,0.0033488643737895982,96.0,4.0,0.019906100002117455,0.0806033999833744,0.003425000002607703,1.373455599998124,2.732130899996264,19.22795070000575,0.48274060001131147,0.4689055000199005,0.4767637000186369,0.5175336000102106,0.004755100002512336
1.0,Borda LP3 ($ 	heta $ Only),3,48,0.04912399108852428,,230,218,0,218,0.003928685319285703,98.0,2.0,0.016261200013104826,0.0823413000034634,0.004568600008497015,1.491997100005392,2.610733000008622,17.06848089999403,0.4719197999802418,0.4852865999855567,0.4953087999892887,0.5100182000023779,0.0058136000006925315
1.0,Borda LP3 ($ 	heta $ Only),4,52,0.04786780462388555,,215,192,0,192,0.003655992415991572,96.0,4.0,0.016166600020369515,0.1319943999988027,0.004251399979693815,1.48931580001954,2.778410300001269,23.41517369999201,0.46840070001780987,0.4887757000105921,0.45906949997879565,0.5243630000040866,0.004401700018206611
1.0,Borda LP3 ($ 	heta $ Only),5,57,0.04068866736427139,,211,185,0,185,0.0033057342755908234,96.0,4.0,0.019219100009649992,0.07636400000774302,0.007145899988245219,1.4786655000061728,2.8283764999941923,18.932127199979732,0.6092570000037085,0.644653900002595,0.4776920999865979,0.4811645000008866,0.0043043000041507185
1.0,Borda LP3 ($ 	heta $ Only),6,63,0.04931062851653163,,185,220,0,220,0.0032130854536347835,98.0,2.0,0.017842400004155934,0.07171210000524297,0.003423000016482547,1.3054518999997526,2.804433799989056,20.777124299987918,0.4783282999997027,0.6831179999862798,0.5079732000012882,0.49196010001469404,0.007509800023399293
1.0,Borda LP3 ($ 	heta $ Only),7,70,0.0511176649462085,,211,212,0,212,0.003693117957747119,96.0,4.0,0.016393700003391132,0.08088520000455901,0.006095799995819107,1.3881232000130694,3.0900384999986272,17.694890999991912,0.5332211999921128,0.4705954000237398,0.7704494000063278,0.7310333999921568,0.0045458000095095485
1.0,Borda LP3 ($ 	heta $ Only),8,78,0.051228683727028136,,178,218,0,218,0.003750398249304039,98.0,2.0,0.019103300001006573,0.08713699999498203,0.0073850000044330955,1.5677081000176258,3.147881300013978,17.997045599971898,0.7708376999944448,0.49426609999500215,0.5018091000092681,0.502904099994339,0.004716800001915544
1.0,Borda LP3 ($ 	heta $ Only),9,87,0.04469979136178528,,198,188,0,188,0.0037759431888396877,96.0,4.0,0.016889199992874637,0.08617920000688173,0.004833300015889108,1.2651160999957938,2.90256399998907,17.11406180000631,0.507473800011212,0.5014658000145573,0.5031522999925073,0.471444699971471,0.008911600016290322
1.0,Borda LP3 ($ 	heta $ Only),10,97,0.05609644434891128,,195,244,0,244,0.003344985879934757,98.0,2.0,0.024181600019801408,0.11185110002406873,0.0034084999933838844,1.3748104000114836,2.9041360999981407,19.297524199995678,0.48557369998889044,0.5035758999874815,0.5245168999827001,0.4939811000076588,0.0046218000061344355
1.0,Borda LP3 ($ 	heta $ Only),11,108,0.05533225938247973,,221,232,0,232,0.003579304480252682,98.0,2.0,0.015730899991467595,0.08794080000370741,0.003402400005143136,1.3715762000065297,2.9521063000138383,20.73671120000654,0.6125953000155278,0.48042740000528283,0.4900164999999106,0.543909200001508,0.004268299991963431
1.0,Borda LP3 ($ 	heta $ Only),12,120,0.03684273841730371,,198,147,0,147,0.0030383024640627046,94.0,6.0,0.019264600006863475,0.09095539999543689,0.005482999986270443,1.2377143999910913,2.835607800021535,39.92731699999422,0.4621546999842394,0.5500519000052009,0.48115380000672303,0.49337609999929555,0.00793409999459982
1.0,Borda LP3 ($ 	heta $ Only),13,133,0.03194533557408124,,211,140,0,140,0.0034828411878639717,98.0,2.0,0.013765699986834079,0.08243429998401552,0.003793400013819337,1.3972533000051044,2.6094502999912947,38.88775299998815,0.4934949000016786,0.4755306000006385,0.5241586999909487,0.5031166999833658,0.008296099986182526
1.0,Borda LP3 ($ 	heta $ Only),14,147,0.05794142648826036,,198,269,0,269,0.0038133059468674364,98.0,2.0,0.02478559999144636,0.08229859999846667,0.0033727999834809452,1.4070311000104994,2.7429550000233576,18.960822199995164,0.4690779000229668,0.48150340002030134,0.5337335999938659,0.4887796000111848,0.00639170000795275
1.0,Borda LP3 ($ 	heta $ Only),15,162,0.04206886464757638,,185,170,0,170,0.0036957023353793735,94.0,6.0,0.01351530000101775,0.0851144999905955,0.0061434999806806445,1.4363649000006262,2.854659200005699,22.9698007000261,0.6093846999865491,0.5726334999781102,0.5454834999982268,0.7214948000037111,0.005267200001981109
1.0,Borda LP3 ($ 	heta $ Only),16,178,0.0586980300494526,,184,233,0,233,0.003467989932066664,94.0,6.0,0.017616800003452227,0.07993189999251626,0.003416399995330721,1.4611713999765925,2.915117700002156,18.196810900000855,0.5534380000026431,0.46370620001107454,0.510741500009317,0.49097259997506626,0.008700200007297099
1.0,Borda LP3 ($ 	heta $ Only),17,195,0.044128853043600605,,233,160,0,160,0.003442772953202443,98.0,2.0,0.013530900003388524,0.08509600002435036,0.00355729999137111,1.415902400010964,2.7727243999834172,20.054777900018962,0.4879075000062585,0.5972412999835797,0.4647115000116173,0.48303699999814853,0.014241900003980845
1.0,Borda LP3 ($ 	heta $ Only),18,213,0.03376819751610043,,171,131,0,131,0.003867351133579437,96.0,4.0,0.02131300000473857,0.09209479999844916,0.003413900005398318,1.4165830000129063,2.8348878000106197,21.490986200020416,0.4948124999937136,0.5098782000131905,0.4886934000242036,0.5107496000127867,0.009450999990804121
1.0,Borda LP3 ($ 	heta $ Only),19,232,0.050651414233147916,,211,213,0,213,0.003389424247643718,98.0,2.0,0.014761700003873557,0.08917300001485273,0.0064415999804623425,1.4227670999825932,2.897174499987159,22.331815299985465,0.4687456999963615,0.4993339999928139,0.5139875000168104,0.5283759000012651,0.004315300000598654
1.0,Linear BTL,0,42,,-9168.642297279866,230,287,0,287,,,,0.019332800002302974,0.08026869999594055,0.00357659999281168,1.3899403999967035,3.0755211999930907,16.701653199997963,0.582451399997808,0.5592170000018086,0.5836814999929629,0.48364359998959117,0.008810500003164634
1.0,Linear BTL,1,43,,-26700.827493570156,187,533,1,532,,,,0.013453200022922829,0.08392810000805184,0.004177800001343712,1.4591332000272814,2.8410475000273436,40.48701740000979,0.49860729998908937,0.49762129998998716,0.6196092999889515,0.5772299000236671,0.0054259000171441585
1.0,Linear BTL,2,45,,-9170.215728846215,222,245,0,245,,,,0.019906100002117455,0.0806033999833744,0.003425000002607703,1.373455599998124,2.732130899996264,19.22795070000575,0.48274060001131147,0.4689055000199005,0.4767637000186369,0.5175336000102106,0.004755100002512336
1.0,Linear BTL,3,48,,-9197.75824871245,230,221,0,221,,,,0.016261200013104826,0.0823413000034634,0.004568600008497015,1.491997100005392,2.610733000008622,17.06848089999403,0.4719197999802418,0.4852865999855567,0.4953087999892887,0.5100182000023779,0.0058136000006925315
1.0,Linear BTL,4,52,,-9148.8672150459,215,222,0,222,,,,0.016166600020369515,0.1319943999988027,0.004251399979693815,1.48931580001954,2.778410300001269,23.41517369999201,0.46840070001780987,0.4887757000105921,0.45906949997879565,0.5243630000040866,0.004401700018206611
1.0,Linear BTL,5,57,,-9125.367322160597,211,200,0,200,,,,0.019219100009649992,0.07636400000774302,0.007145899988245219,1.4786655000061728,2.8283764999941923,18.932127199979732,0.6092570000037085,0.644653900002595,0.4776920999865979,0.4811645000008866,0.0043043000041507185
1.0,Linear BTL,6,63,,-9075.253157025807,185,217,0,217,,,,0.017842400004155934,0.07171210000524297,0.003423000016482547,1.3054518999997526,2.804433799989056,20.777124299987918,0.4783282999997027,0.6831179999862798,0.5079732000012882,0.49196010001469404,0.007509800023399293
1.0,Linear BTL,7,70,,-9091.314040627332,211,241,0,241,,,,0.016393700003391132,0.08088520000455901,0.006095799995819107,1.3881232000130694,3.0900384999986272,17.694890999991912,0.5332211999921128,0.4705954000237398,0.7704494000063278,0.7310333999921568,0.0045458000095095485
1.0,Linear BTL,8,78,,-9079.064192945358,178,219,0,219,,,,0.019103300001006573,0.08713699999498203,0.0073850000044330955,1.5677081000176258,3.147881300013978,17.997045599971898,0.7708376999944448,0.49426609999500215,0.5018091000092681,0.502904099994339,0.004716800001915544
1.0,Linear BTL,9,87,,-9075.068053932167,198,197,0,197,,,,0.016889199992874637,0.08617920000688173,0.004833300015889108,1.2651160999957938,2.90256399998907,17.11406180000631,0.507473800011212,0.5014658000145573,0.5031522999925073,0.471444699971471,0.008911600016290322
1.0,Linear BTL,10,97,,-9149.593264660556,195,252,0,252,,,,0.024181600019801408,0.11185110002406873,0.0034084999933838844,1.3748104000114836,2.9041360999981407,19.297524199995678,0.48557369998889044,0.5035758999874815,0.5245168999827001,0.4939811000076588,0.0046218000061344355
1.0,Linear BTL,11,108,,-9198.903956724473,221,241,0,241,,,,0.015730899991467595,0.08794080000370741,0.003402400005143136,1.3715762000065297,2.9521063000138383,20.73671120000654,0.6125953000155278,0.48042740000528283,0.4900164999999106,0.543909200001508,0.004268299991963431
1.0,Linear BTL,12,120,,-5590.878147946732,198,514,3,511,,,,0.019264600006863475,0.09095539999543689,0.005482999986270443,1.2377143999910913,2.835607800021535,39.92731699999422,0.4621546999842394,0.5500519000052009,0.48115380000672303,0.49337609999929555,0.00793409999459982
1.0,Linear BTL,13,133,,-9052.943371464538,211,149,0,149,,,,0.013765699986834079,0.08243429998401552,0.003793400013819337,1.3972533000051044,2.6094502999912947,38.88775299998815,0.4934949000016786,0.4755306000006385,0.5241586999909487,0.5031166999833658,0.008296099986182526
1.0,Linear BTL,14,147,,-9107.115214039952,198,284,0,284,,,,0.02478559999144636,0.08229859999846667,0.0033727999834809452,1.4070311000104994,2.7429550000233576,18.960822199995164,0.4690779000229668,0.48150340002030134,0.5337335999938659,0.4887796000111848,0.00639170000795275
1.0,Linear BTL,15,162,,-9065.272906647464,185,193,0,193,,,,0.01351530000101775,0.0851144999905955,0.0061434999806806445,1.4363649000006262,2.854659200005699,22.9698007000261,0.6093846999865491,0.5726334999781102,0.5454834999982268,0.7214948000037111,0.005267200001981109
1.0,Linear BTL,16,178,,-9159.692264035402,184,281,0,281,,,,0.017616800003452227,0.07993189999251626,0.003416399995330721,1.4611713999765925,2.915117700002156,18.196810900000855,0.5534380000026431,0.46370620001107454,0.510741500009317,0.49097259997506626,0.008700200007297099
1.0,Linear BTL,17,195,,-9172.289602977116,233,202,0,202,,,,0.013530900003388524,0.08509600002435036,0.00355729999137111,1.415902400010964,2.7727243999834172,20.054777900018962,0.4879075000062585,0.5972412999835797,0.4647115000116173,0.48303699999814853,0.014241900003980845
1.0,Linear BTL,18,213,,-8893.533438839977,171,155,0,155,,,,0.02131300000473857,0.09209479999844916,0.003413900005398318,1.4165830000129063,2.8348878000106197,21.490986200020416,0.4948124999937136,0.5098782000131905,0.4886934000242036,0.5107496000127867,0.009450999990804121
1.0,Linear BTL,19,232,,-9109.052424036832,211,225,0,225,,,,0.014761700003873557,0.08917300001485273,0.0064415999804623425,1.4227670999825932,2.897174499987159,22.331815299985465,0.4687456999963615,0.4993339999928139,0.5139875000168104,0.5283759000012651,0.004315300000598654
