phi,model,trial,seed,objective,loss_value,fas_size,violation_percentage,po_violation_percentage,pmc_violation_percentage,num_violations,num_po_violations,num_pmc_violations,epsilon_l1_norm,epsilon_support_percentage,epsilon_sparsity,time_Data Generation,time_Graph Construction,time_Feedback Arc Set,time_LP2 Solve,time_LP3 Solve,time_BTL Model Fitting,time_Old LP Evaluation,time_New LP Evaluation,time_BTL Evaluation
0.0,LP2 ($\theta$ Only),0,42,0.0,,0,0.0,0.0,0.0,0,0,0,0.0,0.0,100.0,0.00173179991543293,0.005899999989196658,0.0007911999709904194,0.3921587000368163,0.5747826000442728,0.1381746999686584,0.040043999906629324,0.031626799958758056,0.0005012999754399061
0.0,LP2 ($\theta$ Only),1,43,0.0,,0,0.0,0.0,0.0,0,0,0,0.0,0.0,100.0,0.0015005000168457627,0.007854599971324205,0.00014960009139031172,0.22286769992206246,0.6298694000579417,0.264273599954322,0.03337169997394085,0.02890500007197261,0.0007962000090628862
0.0,LP2 ($\theta$ Only),2,45,0.0,,0,0.0,0.0,0.0,0,0,0,0.0,0.0,100.0,0.0017830999568104744,0.011149300029501319,0.000174800050444901,0.2680701999925077,0.8389208000153303,0.16734809998888522,0.03196140006184578,0.030850399984046817,0.0008049999596551061
0.0,LP2 ($\theta$ Only),3,48,0.0,,0,0.0,0.0,0.0,0,0,0,0.0,0.0,100.0,0.0015001000137999654,0.00744650000706315,0.00012250000145286322,0.2331329999724403,0.36623219994362444,0.14004560001194477,0.032092300010845065,0.022346399957314134,0.0004879999905824661
0.0,LP2 ($\theta$ Only),4,52,0.0,,0,0.0,0.0,0.0,0,0,0,0.0,0.0,100.0,0.001474600052461028,0.005311299930326641,7.559999357908964e-05,0.15675690001808107,0.2976974999764934,0.10770360007882118,0.029592999955639243,0.02528639999218285,0.0009637000039219856
0.0,LP2 ($\theta$ Only),5,57,0.0,,0,0.0,0.0,0.0,0,0,0,0.0,0.0,100.0,0.003502400009892881,0.008563200011849403,0.0001735000405460596,0.19790010002907366,0.2797104000346735,0.12671250000130385,0.022764399996958673,0.02707650000229478,0.0009752999758347869
0.0,LP2 ($\theta$ Only),6,63,0.0,,0,0.0,0.0,0.0,0,0,0,0.0,0.0,100.0,0.0035607999889180064,0.009439399931579828,0.00012430001515895128,0.1781302000163123,0.3627282000379637,0.08882549998816103,0.037194999982602894,0.025032099918462336,0.0007695000385865569
0.0,LP2 ($\theta$ Only),7,70,0.0,,0,0.0,0.0,0.0,0,0,0,0.0,0.0,100.0,0.005862699938006699,0.005730599979870021,7.159996312111616e-05,0.18799549993127584,0.29101180005818605,0.11371659999713302,0.06273180001880974,0.050487899919971824,0.0009980000322684646
0.0,LP2 ($\theta$ Only),8,78,0.0,,0,0.0,0.0,0.0,0,0,0,0.0,0.0,100.0,0.0016153999604284763,0.009683099924586713,0.00012720003724098206,0.1694180000340566,0.47176179999951273,0.14042730000801384,0.02591029996983707,0.029080500011332333,0.0009122999617829919
0.0,LP2 ($\theta$ Only),9,87,0.0,,0,0.0,0.0,0.0,0,0,0,0.0,0.0,100.0,0.0014776999596506357,0.005467999959364533,7.319997530430555e-05,0.14465110003948212,0.30096419993788004,0.1327129000565037,0.028636200004257262,0.026109999977052212,0.0042972000082954764
0.0,LP2 ($\theta$ Only),10,97,0.0,,0,0.0,0.0,0.0,0,0,0,0.0,0.0,100.0,0.0017045000568032265,0.005398100009188056,7.129996083676815e-05,0.15892930002883077,0.30082190001849085,0.16818849998526275,0.018943200004287064,0.02008579997345805,0.00047809991519898176
0.0,LP2 ($\theta$ Only),11,108,0.0,,0,0.0,0.0,0.0,0,0,0,0.0,0.0,100.0,0.006642899941653013,0.011031700065359473,7.6299998909235e-05,0.1773067000322044,0.2708983999909833,0.1569767000619322,0.1568902999861166,0.06896860001143068,0.00048450008034706116
0.0,LP2 ($\theta$ Only),12,120,0.0,,0,0.0,0.0,0.0,0,0,0,0.0,0.0,100.0,0.005854599992744625,0.009562599938362837,0.00018670002464205027,0.1780283999396488,0.36114579997956753,0.1576942999381572,0.028335899929516017,0.03222029993776232,0.0004963000537827611
0.0,LP2 ($\theta$ Only),13,133,0.0,,0,0.0,0.0,0.0,0,0,0,0.0,0.0,100.0,0.001629499951377511,0.00871630001347512,0.00012919993605464697,0.17781050002668053,0.32651539996732026,0.1145981999579817,0.021405900013633072,0.03136020002420992,0.0004813999403268099
0.0,LP2 ($\theta$ Only),14,147,0.0,,0,0.0,0.0,0.0,0,0,0,0.0,0.0,100.0,0.0016896999441087246,0.007536699995398521,7.419998291879892e-05,0.1717250000219792,0.3916616999777034,0.1627127000829205,0.04165670007932931,0.04082560003735125,0.0014076000079512596
0.0,LP2 ($\theta$ Only),15,162,0.0,,0,0.0,0.0,0.0,0,0,0,0.0,0.0,100.0,0.0027971999952569604,0.01667559996712953,0.00013860000763088465,0.2192819999763742,0.5764621999114752,0.1885238999966532,0.0455400999635458,0.0374358999542892,0.0012744000414386392
0.0,LP2 ($\theta$ Only),16,178,0.0,,0,0.0,0.0,0.0,0,0,0,0.0,0.0,100.0,0.0038828999968245625,0.01852759998291731,0.00073640001937747,0.3729727999307215,0.38398749998304993,0.15560400008689612,0.03481480001937598,0.034590600058436394,0.0009196000173687935
0.0,LP2 ($\theta$ Only),17,195,0.0,,0,0.0,0.0,0.0,0,0,0,0.0,0.0,100.0,0.007192400051280856,0.005501599982380867,7.179996464401484e-05,0.20935550006106496,0.35503620002418756,0.11439390003215522,0.027396599994972348,0.030536800040863454,0.0017287000082433224
0.0,LP2 ($\theta$ Only),18,213,0.0,,0,0.0,0.0,0.0,0,0,0,0.0,0.0,100.0,0.0037002000026404858,0.005524500040337443,7.340009324252605e-05,0.1668797000311315,0.29816140001639724,0.12274909997358918,0.036700099939480424,0.03485169995110482,0.0005098999245092273
0.0,LP2 ($\theta$ Only),19,232,0.0,,0,0.0,0.0,0.0,0,0,0,0.0,0.0,100.0,0.0014911000616848469,0.005690700025297701,7.449998520314693e-05,0.17235769995022565,0.3237785000819713,0.11443630000576377,0.03581009991466999,0.035818299977108836,0.0005027999868616462
0.0,LP3 ($\theta$ Only),0,42,0.0,,0,0.0,0.0,0.0,0,0,0,0.0,0.0,100.0,0.00173179991543293,0.005899999989196658,0.0007911999709904194,0.3921587000368163,0.5747826000442728,0.1381746999686584,0.040043999906629324,0.031626799958758056,0.0005012999754399061
0.0,LP3 ($\theta$ Only),1,43,0.0,,0,0.0,0.0,0.0,0,0,0,0.0,0.0,100.0,0.0015005000168457627,0.007854599971324205,0.00014960009139031172,0.22286769992206246,0.6298694000579417,0.264273599954322,0.03337169997394085,0.02890500007197261,0.0007962000090628862
0.0,LP3 ($\theta$ Only),2,45,0.0,,0,0.0,0.0,0.0,0,0,0,0.0,0.0,100.0,0.0017830999568104744,0.011149300029501319,0.000174800050444901,0.2680701999925077,0.8389208000153303,0.16734809998888522,0.03196140006184578,0.030850399984046817,0.0008049999596551061
0.0,LP3 ($\theta$ Only),3,48,0.0,,0,0.0,0.0,0.0,0,0,0,0.0,0.0,100.0,0.0015001000137999654,0.00744650000706315,0.00012250000145286322,0.2331329999724403,0.36623219994362444,0.14004560001194477,0.032092300010845065,0.022346399957314134,0.0004879999905824661
0.0,LP3 ($\theta$ Only),4,52,0.0,,0,0.0,0.0,0.0,0,0,0,0.0,0.0,100.0,0.001474600052461028,0.005311299930326641,7.559999357908964e-05,0.15675690001808107,0.2976974999764934,0.10770360007882118,0.029592999955639243,0.02528639999218285,0.0009637000039219856
0.0,LP3 ($\theta$ Only),5,57,0.0,,0,0.0,0.0,0.0,0,0,0,0.0,0.0,100.0,0.003502400009892881,0.008563200011849403,0.0001735000405460596,0.19790010002907366,0.2797104000346735,0.12671250000130385,0.022764399996958673,0.02707650000229478,0.0009752999758347869
0.0,LP3 ($\theta$ Only),6,63,0.0,,0,0.0,0.0,0.0,0,0,0,0.0,0.0,100.0,0.0035607999889180064,0.009439399931579828,0.00012430001515895128,0.1781302000163123,0.3627282000379637,0.08882549998816103,0.037194999982602894,0.025032099918462336,0.0007695000385865569
0.0,LP3 ($\theta$ Only),7,70,0.0,,0,0.0,0.0,0.0,0,0,0,0.0,0.0,100.0,0.005862699938006699,0.005730599979870021,7.159996312111616e-05,0.18799549993127584,0.29101180005818605,0.11371659999713302,0.06273180001880974,0.050487899919971824,0.0009980000322684646
0.0,LP3 ($\theta$ Only),8,78,0.0,,0,0.0,0.0,0.0,0,0,0,0.0,0.0,100.0,0.0016153999604284763,0.009683099924586713,0.00012720003724098206,0.1694180000340566,0.47176179999951273,0.14042730000801384,0.02591029996983707,0.029080500011332333,0.0009122999617829919
0.0,LP3 ($\theta$ Only),9,87,0.0,,0,0.0,0.0,0.0,0,0,0,0.0,0.0,100.0,0.0014776999596506357,0.005467999959364533,7.319997530430555e-05,0.14465110003948212,0.30096419993788004,0.1327129000565037,0.028636200004257262,0.026109999977052212,0.0042972000082954764
0.0,LP3 ($\theta$ Only),10,97,0.0,,0,0.0,0.0,0.0,0,0,0,0.0,0.0,100.0,0.0017045000568032265,0.005398100009188056,7.129996083676815e-05,0.15892930002883077,0.30082190001849085,0.16818849998526275,0.018943200004287064,0.02008579997345805,0.00047809991519898176
0.0,LP3 ($\theta$ Only),11,108,0.0,,0,0.0,0.0,0.0,0,0,0,0.0,0.0,100.0,0.006642899941653013,0.011031700065359473,7.6299998909235e-05,0.1773067000322044,0.2708983999909833,0.1569767000619322,0.1568902999861166,0.06896860001143068,0.00048450008034706116
0.0,LP3 ($\theta$ Only),12,120,0.0,,0,0.0,0.0,0.0,0,0,0,0.0,0.0,100.0,0.005854599992744625,0.009562599938362837,0.00018670002464205027,0.1780283999396488,0.36114579997956753,0.1576942999381572,0.028335899929516017,0.03222029993776232,0.0004963000537827611
0.0,LP3 ($\theta$ Only),13,133,0.0,,0,0.0,0.0,0.0,0,0,0,0.0,0.0,100.0,0.001629499951377511,0.00871630001347512,0.00012919993605464697,0.17781050002668053,0.32651539996732026,0.1145981999579817,0.021405900013633072,0.03136020002420992,0.0004813999403268099
0.0,LP3 ($\theta$ Only),14,147,0.0,,0,0.0,0.0,0.0,0,0,0,0.0,0.0,100.0,0.0016896999441087246,0.007536699995398521,7.419998291879892e-05,0.1717250000219792,0.3916616999777034,0.1627127000829205,0.04165670007932931,0.04082560003735125,0.0014076000079512596
0.0,LP3 ($\theta$ Only),15,162,0.0,,0,0.0,0.0,0.0,0,0,0,0.0,0.0,100.0,0.0027971999952569604,0.01667559996712953,0.00013860000763088465,0.2192819999763742,0.5764621999114752,0.1885238999966532,0.0455400999635458,0.0374358999542892,0.0012744000414386392
0.0,LP3 ($\theta$ Only),16,178,0.0,,0,0.0,0.0,0.0,0,0,0,0.0,0.0,100.0,0.0038828999968245625,0.01852759998291731,0.00073640001937747,0.3729727999307215,0.38398749998304993,0.15560400008689612,0.03481480001937598,0.034590600058436394,0.0009196000173687935
0.0,LP3 ($\theta$ Only),17,195,0.0,,0,0.0,0.0,0.0,0,0,0,0.0,0.0,100.0,0.007192400051280856,0.005501599982380867,7.179996464401484e-05,0.20935550006106496,0.35503620002418756,0.11439390003215522,0.027396599994972348,0.030536800040863454,0.0017287000082433224
0.0,LP3 ($\theta$ Only),18,213,0.0,,0,0.0,0.0,0.0,0,0,0,0.0,0.0,100.0,0.0037002000026404858,0.005524500040337443,7.340009324252605e-05,0.1668797000311315,0.29816140001639724,0.12274909997358918,0.036700099939480424,0.03485169995110482,0.0005098999245092273
0.0,LP3 ($\theta$ Only),19,232,0.0,,0,0.0,0.0,0.0,0,0,0,0.0,0.0,100.0,0.0014911000616848469,0.005690700025297701,7.449998520314693e-05,0.17235769995022565,0.3237785000819713,0.11443630000576377,0.03581009991466999,0.035818299977108836,0.0005027999868616462
0.0,Linear BTL,0,42,,-8.707078948431802,0,0.0,0.0,0.0,0,0,0,,,,0.00173179991543293,0.005899999989196658,0.0007911999709904194,0.3921587000368163,0.5747826000442728,0.1381746999686584,0.040043999906629324,0.031626799958758056,0.0005012999754399061
0.0,Linear BTL,1,43,,-15.945174312145332,0,1.9047619047619047,1.9047619047619047,0.0,2,2,0,,,,0.0015005000168457627,0.007854599971324205,0.00014960009139031172,0.22286769992206246,0.6298694000579417,0.264273599954322,0.03337169997394085,0.02890500007197261,0.0007962000090628862
0.0,Linear BTL,2,45,,-7.001027515488563,0,0.0,0.0,0.0,0,0,0,,,,0.0017830999568104744,0.011149300029501319,0.000174800050444901,0.2680701999925077,0.8389208000153303,0.16734809998888522,0.03196140006184578,0.030850399984046817,0.0008049999596551061
0.0,Linear BTL,3,48,,-4.447260445471308,0,0.0,0.0,0.0,0,0,0,,,,0.0015001000137999654,0.00744650000706315,0.00012250000145286322,0.2331329999724403,0.36623219994362444,0.14004560001194477,0.032092300010845065,0.022346399957314134,0.0004879999905824661
0.0,Linear BTL,4,52,,-7.53058455043662,0,0.0,0.0,0.0,0,0,0,,,,0.001474600052461028,0.005311299930326641,7.559999357908964e-05,0.15675690001808107,0.2976974999764934,0.10770360007882118,0.029592999955639243,0.02528639999218285,0.0009637000039219856
0.0,Linear BTL,5,57,,-5.286041158494818,0,0.0,0.0,0.0,0,0,0,,,,0.003502400009892881,0.008563200011849403,0.0001735000405460596,0.19790010002907366,0.2797104000346735,0.12671250000130385,0.022764399996958673,0.02707650000229478,0.0009752999758347869
0.0,Linear BTL,6,63,,-12.098976726052546,0,0.9523809523809523,0.9523809523809523,0.0,1,1,0,,,,0.0035607999889180064,0.009439399931579828,0.00012430001515895128,0.1781302000163123,0.3627282000379637,0.08882549998816103,0.037194999982602894,0.025032099918462336,0.0007695000385865569
0.0,Linear BTL,7,70,,-9.29582615641213,0,0.0,0.0,0.0,0,0,0,,,,0.005862699938006699,0.005730599979870021,7.159996312111616e-05,0.18799549993127584,0.29101180005818605,0.11371659999713302,0.06273180001880974,0.050487899919971824,0.0009980000322684646
0.0,Linear BTL,8,78,,-2.2342539534316272,0,0.0,0.0,0.0,0,0,0,,,,0.0016153999604284763,0.009683099924586713,0.00012720003724098206,0.1694180000340566,0.47176179999951273,0.14042730000801384,0.02591029996983707,0.029080500011332333,0.0009122999617829919
0.0,Linear BTL,9,87,,-4.489965822073763,0,0.0,0.0,0.0,0,0,0,,,,0.0014776999596506357,0.005467999959364533,7.319997530430555e-05,0.14465110003948212,0.30096419993788004,0.1327129000565037,0.028636200004257262,0.026109999977052212,0.0042972000082954764
0.0,Linear BTL,10,97,,-17.041518977003953,0,0.9523809523809523,0.9523809523809523,0.0,1,1,0,,,,0.0017045000568032265,0.005398100009188056,7.129996083676815e-05,0.15892930002883077,0.30082190001849085,0.16818849998526275,0.018943200004287064,0.02008579997345805,0.00047809991519898176
0.0,Linear BTL,11,108,,-6.731573478693103,0,0.0,0.0,0.0,0,0,0,,,,0.006642899941653013,0.011031700065359473,7.6299998909235e-05,0.1773067000322044,0.2708983999909833,0.1569767000619322,0.1568902999861166,0.06896860001143068,0.00048450008034706116
0.0,Linear BTL,12,120,,-6.375017378936516,0,0.0,0.0,0.0,0,0,0,,,,0.005854599992744625,0.009562599938362837,0.00018670002464205027,0.1780283999396488,0.36114579997956753,0.1576942999381572,0.028335899929516017,0.03222029993776232,0.0004963000537827611
0.0,Linear BTL,13,133,,-15.589181941625839,0,0.0,0.0,0.0,0,0,0,,,,0.001629499951377511,0.00871630001347512,0.00012919993605464697,0.17781050002668053,0.32651539996732026,0.1145981999579817,0.021405900013633072,0.03136020002420992,0.0004813999403268099
0.0,Linear BTL,14,147,,-5.41690617752561,0,0.0,0.0,0.0,0,0,0,,,,0.0016896999441087246,0.007536699995398521,7.419998291879892e-05,0.1717250000219792,0.3916616999777034,0.1627127000829205,0.04165670007932931,0.04082560003735125,0.0014076000079512596
0.0,Linear BTL,15,162,,-3.5327942078003676,0,0.0,0.0,0.0,0,0,0,,,,0.0027971999952569604,0.01667559996712953,0.00013860000763088465,0.2192819999763742,0.5764621999114752,0.1885238999966532,0.0455400999635458,0.0374358999542892,0.0012744000414386392
0.0,Linear BTL,16,178,,-12.279706065989634,0,0.9523809523809523,0.9523809523809523,0.0,1,1,0,,,,0.0038828999968245625,0.01852759998291731,0.00073640001937747,0.3729727999307215,0.38398749998304993,0.15560400008689612,0.03481480001937598,0.034590600058436394,0.0009196000173687935
0.0,Linear BTL,17,195,,-3.8009061635119616,0,0.0,0.0,0.0,0,0,0,,,,0.007192400051280856,0.005501599982380867,7.179996464401484e-05,0.20935550006106496,0.35503620002418756,0.11439390003215522,0.027396599994972348,0.030536800040863454,0.0017287000082433224
0.0,Linear BTL,18,213,,-7.586403321208497,0,0.0,0.0,0.0,0,0,0,,,,0.0037002000026404858,0.005524500040337443,7.340009324252605e-05,0.1668797000311315,0.29816140001639724,0.12274909997358918,0.036700099939480424,0.03485169995110482,0.0005098999245092273
0.0,Linear BTL,19,232,,-8.449755201722816,0,0.9523809523809523,0.9523809523809523,0.0,1,1,0,,,,0.0014911000616848469,0.005690700025297701,7.449998520314693e-05,0.17235769995022565,0.3237785000819713,0.11443630000576377,0.03581009991466999,0.035818299977108836,0.0005027999868616462
0.1,LP2 ($\theta$ Only),0,42,7.183013678614477e-05,,0,2.857142857142857,1.1235955056179776,12.5,3,1,2,7.183013678614477e-05,26.666666666666668,73.33333333333333,0.0023419999051839113,0.007192700053565204,7.599999662488699e-05,0.16240240004844964,0.2976105000125244,0.08543829992413521,0.05537539999932051,0.0476885000243783,0.0010839999886229634
0.1,LP2 ($\theta$ Only),1,43,3.294875504648259e-05,,0,0.9523809523809523,0.0,14.285714285714286,1,0,1,3.294875504648259e-05,13.333333333333334,86.66666666666667,0.0031691999174654484,0.01486929995007813,0.00017300003673881292,0.17902529996354133,0.30042410001624376,0.12728120002429932,0.03132149996235967,0.03339709993451834,0.0009907999774441123
0.1,LP2 ($\theta$ Only),2,45,0.0,,0,0.0,0.0,0.0,0,0,0,0.0,0.0,100.0,0.0019067999674007297,0.005431300029158592,7.229996845126152e-05,0.1694714999757707,0.3387207000050694,0.11261089995969087,0.02811209997162223,0.03439960000105202,0.0009673999156802893
0.1,LP2 ($\theta$ Only),3,48,0.0,,2,0.0,0.0,0.0,0,0,0,0.0,0.0,100.0,0.0016131000593304634,0.04282139998394996,0.0007161999819800258,0.2796358000487089,0.6612426000647247,0.2405865000328049,0.029743000050075352,0.02630900009535253,0.0010667999740689993
0.1,LP2 ($\theta$ Only),4,52,2.9477027130553727e-05,,0,1.9047619047619047,1.1363636363636365,5.882352941176471,2,1,1,2.9477027130553727e-05,13.333333333333334,86.66666666666667,0.0030003999127075076,0.014805699931457639,0.00017039990052580833,0.20805790007580072,0.4291710000252351,0.12662220001220703,0.05194500007200986,0.050068599986843765,0.0009556999430060387
0.1,LP2 ($\theta$ Only),5,57,4.857549499410511e-05,,0,1.9047619047619047,1.075268817204301,8.333333333333334,2,1,1,4.857549499410511e-05,13.333333333333334,86.66666666666667,0.005730899982154369,0.007613399997353554,7.840001489967108e-05,0.2047454999992624,0.4617461001034826,0.20154749997891486,0.050247699953615665,0.04714019992388785,0.0012179999612271786
0.1,LP2 ($\theta$ Only),6,63,0.0,,0,0.0,0.0,0.0,0,0,0,0.0,0.0,100.0,0.005122500006109476,0.01799550000578165,0.00015269999857991934,0.24358599993865937,0.29857529990840703,0.13499940000474453,0.03186009998898953,0.04203309991862625,0.0005268000531941652
0.1,LP2 ($\theta$ Only),7,70,5.9315204068093665e-05,,0,0.9523809523809523,0.0,7.6923076923076925,1,0,1,5.9315204068093665e-05,13.333333333333334,86.66666666666667,0.0018341999966651201,0.009432099992409348,8.480006363242865e-05,0.17042700003366917,0.2678147000260651,0.1254085999680683,0.033852700027637184,0.02887479995843023,0.0009791000047698617
0.1,LP2 ($\theta$ Only),8,78,5.050028096453626e-05,,0,2.857142857142857,1.1111111111111112,13.333333333333334,3,1,2,5.050028096453626e-05,20.0,80.0,0.0028255999786779284,0.005832900060340762,9.269989095628262e-05,0.19360729993786663,0.28605899994727224,0.1054792000213638,0.027443200000561774,0.04125489993020892,0.0016745999455451965
0.1,LP2 ($\theta$ Only),9,87,5.6551205056796787e-05,,0,3.8095238095238093,1.1904761904761905,14.285714285714286,4,1,3,5.655120505679679e-05,20.0,80.0,0.0016954999882727861,0.011410200037062168,0.00017429993022233248,0.20939020009245723,0.48766330000944436,0.10038630000781268,0.03255890007130802,0.02994929999113083,0.001028900034725666
0.1,LP2 ($\theta$ Only),10,97,3.59732246177197e-05,,0,1.9047619047619047,2.247191011235955,0.0,2,2,0,3.59732246177197e-05,13.333333333333334,86.66666666666667,0.0030863999854773283,0.007929099956527352,7.920002099126577e-05,0.1612900000764057,0.28271329996641725,0.14372409996576607,0.020697199972346425,0.031507500098086894,0.0009979000315070152
0.1,LP2 ($\theta$ Only),11,108,0.0,,0,0.0,0.0,0.0,0,0,0,0.0,0.0,100.0,0.0016539000207558274,0.007441700086928904,9.169999975711107e-05,0.3885475000133738,0.30174599995370954,0.09781970002222806,0.027792799985036254,0.026798099977895617,0.0010263000149279833
0.1,LP2 ($\theta$ Only),12,120,7.245640408265746e-05,,0,3.8095238095238093,1.1363636363636365,17.647058823529413,4,1,3,7.245640408265746e-05,20.0,80.0,0.0029103999258950353,0.005817900062538683,7.82000133767724e-05,0.2143690000521019,0.326017800020054,0.10780080000404269,0.03291870001703501,0.023616299964487553,0.0010315000545233488
0.1,LP2 ($\theta$ Only),13,133,0.00010530276214620939,,0,5.714285714285714,5.1020408163265305,14.285714285714286,6,5,1,0.0001053027621462094,26.666666666666668,73.33333333333333,0.005870799999684095,0.01129450008738786,0.00012039998546242714,0.1550466000335291,0.4324495999608189,0.13704900001175702,0.03633959998842329,0.05166959995403886,0.0011836999328806996
0.1,LP2 ($\theta$ Only),14,147,3.896621401369036e-05,,0,2.857142857142857,1.1494252873563218,11.11111111111111,3,1,2,3.896621401369036e-05,20.0,80.0,0.0033004999859258533,0.00706849992275238,7.780001033097506e-05,0.19376180006656796,0.31518840009812266,0.1436580999288708,0.039401000016368926,0.038999499985948205,0.001096599968150258
0.1,LP2 ($\theta$ Only),15,162,0.0,,3,0.0,0.0,0.0,0,0,0,0.0,0.0,100.0,0.0037197000347077847,0.02156050002668053,0.0007973000174388289,0.2731205999152735,0.33608839998487383,0.1870619000401348,0.024153499980457127,0.02957460004836321,0.0010576000204309821
0.1,LP2 ($\theta$ Only),16,178,0.0,,0,0.0,0.0,0.0,0,0,0,0.0,0.0,100.0,0.0026911000022664666,0.04082589992322028,0.00019339995924383402,0.2656857999972999,0.3289743000641465,0.1409099999582395,0.027975299977697432,0.026915599941276014,0.001505299936980009
0.1,LP2 ($\theta$ Only),17,195,0.0,,0,0.0,0.0,0.0,0,0,0,0.0,0.0,100.0,0.007113100029528141,0.007738000014796853,0.00015320000238716602,0.17061779997311532,0.29934200004208833,0.14609040005598217,0.03955720004159957,0.03499950002878904,0.0005316999740898609
0.1,LP2 ($\theta$ Only),18,213,0.0,,0,0.0,0.0,0.0,0,0,0,0.0,0.0,100.0,0.003095099935308099,0.009870899957604706,0.0001230000052601099,0.42354049999266863,0.30256820004433393,0.11957600002642721,0.022757300059311092,0.02426020009443164,0.0009710000595077872
0.1,LP2 ($\theta$ Only),19,232,0.0,,0,0.0,0.0,0.0,0,0,0,0.0,0.0,100.0,0.0015743999974802136,0.008689699927344918,0.00011999998241662979,0.17270979995373636,0.4997546999948099,0.19781309994868934,0.043300900026224554,0.0261119999922812,0.0014346999814733863
0.1,LP3 ($\theta$ Only),0,42,0.0009739136964745114,,0,2.857142857142857,2.247191011235955,6.25,3,2,1,0.00011178063134568416,53.333333333333336,46.666666666666664,0.0023419999051839113,0.007192700053565204,7.599999662488699e-05,0.16240240004844964,0.2976105000125244,0.08543829992413521,0.05537539999932051,0.0476885000243783,0.0010839999886229634
0.1,LP3 ($\theta$ Only),1,43,0.00039505810700726183,,0,0.9523809523809523,0.0,14.285714285714286,1,0,1,3.5914373364296533e-05,13.333333333333334,86.66666666666667,0.0031691999174654484,0.01486929995007813,0.00017300003673881292,0.17902529996354133,0.30042410001624376,0.12728120002429932,0.03132149996235967,0.03339709993451834,0.0009907999774441123
0.1,LP3 ($\theta$ Only),2,45,0.0,,0,0.0,0.0,0.0,0,0,0,0.0,0.0,100.0,0.0019067999674007297,0.005431300029158592,7.229996845126152e-05,0.1694714999757707,0.3387207000050694,0.11261089995969087,0.02811209997162223,0.03439960000105202,0.0009673999156802893
0.1,LP3 ($\theta$ Only),3,48,0.0,,2,0.0,0.0,0.0,0,0,0,0.0,0.0,100.0,0.0016131000593304634,0.04282139998394996,0.0007161999819800258,0.2796358000487089,0.6612426000647247,0.2405865000328049,0.029743000050075352,0.02630900009535253,0.0010667999740689993
0.1,LP3 ($\theta$ Only),4,52,0.0003389461562223409,,0,0.9523809523809523,0.0,5.882352941176471,1,0,1,3.081328692930372e-05,20.0,80.0,0.0030003999127075076,0.014805699931457639,0.00017039990052580833,0.20805790007580072,0.4291710000252351,0.12662220001220703,0.05194500007200986,0.050068599986843765,0.0009556999430060387
0.1,LP3 ($\theta$ Only),5,57,0.0007709830280491596,,0,1.9047619047619047,1.075268817204301,8.333333333333334,2,1,1,7.728352675608027e-05,40.0,60.0,0.005730899982154369,0.007613399997353554,7.840001489967108e-05,0.2047454999992624,0.4617461001034826,0.20154749997891486,0.050247699953615665,0.04714019992388785,0.0012179999612271786
0.1,LP3 ($\theta$ Only),6,63,0.0,,0,0.0,0.0,0.0,0,0,0,0.0,0.0,100.0,0.005122500006109476,0.01799550000578165,0.00015269999857991934,0.24358599993865937,0.29857529990840703,0.13499940000474453,0.03186009998898953,0.04203309991862625,0.0005268000531941652
0.1,LP3 ($\theta$ Only),7,70,0.0006524672447490304,,0,0.9523809523809523,0.0,7.6923076923076925,1,0,1,5.9315204068093665e-05,13.333333333333334,86.66666666666667,0.0018341999966651201,0.009432099992409348,8.480006363242865e-05,0.17042700003366917,0.2678147000260651,0.1254085999680683,0.033852700027637184,0.02887479995843023,0.0009791000047698617
0.1,LP3 ($\theta$ Only),8,78,0.0006025168782222538,,0,0.9523809523809523,0.0,6.666666666666667,1,0,1,5.477426165656853e-05,26.666666666666668,73.33333333333333,0.0028255999786779284,0.005832900060340762,9.269989095628262e-05,0.19360729993786663,0.28605899994727224,0.1054792000213638,0.027443200000561774,0.04125489993020892,0.0016745999455451965
0.1,LP3 ($\theta$ Only),9,87,0.0006812989919569644,,0,1.9047619047619047,0.0,9.523809523809524,2,0,2,7.102718108699677e-05,46.666666666666664,53.333333333333336,0.0016954999882727861,0.011410200037062168,0.00017429993022233248,0.20939020009245723,0.48766330000944436,0.10038630000781268,0.03255890007130802,0.02994929999113083,0.001028900034725666
0.1,LP3 ($\theta$ Only),10,97,0.0005385957958461463,,0,1.9047619047619047,1.1235955056179776,6.25,2,1,1,4.896325416783148e-05,20.0,80.0,0.0030863999854773283,0.007929099956527352,7.920002099126577e-05,0.1612900000764057,0.28271329996641725,0.14372409996576607,0.020697199972346425,0.031507500098086894,0.0009979000315070152
0.1,LP3 ($\theta$ Only),11,108,0.0,,0,0.0,0.0,0.0,0,0,0,0.0,0.0,100.0,0.0016539000207558274,0.007441700086928904,9.169999975711107e-05,0.3885475000133738,0.30174599995370954,0.09781970002222806,0.027792799985036254,0.026798099977895617,0.0010263000149279833
0.1,LP3 ($\theta$ Only),12,120,0.0008783297461258366,,0,2.857142857142857,0.0,17.647058823529413,3,0,3,7.984815873871243e-05,26.666666666666668,73.33333333333333,0.0029103999258950353,0.005817900062538683,7.82000133767724e-05,0.2143690000521019,0.326017800020054,0.10780080000404269,0.03291870001703501,0.023616299964487553,0.0010315000545233488
0.1,LP3 ($\theta$ Only),13,133,0.0010063188132756412,,0,0.9523809523809523,1.0204081632653061,0.0,1,1,0,0.00012255276715313477,60.0,40.0,0.005870799999684095,0.01129450008738786,0.00012039998546242714,0.1550466000335291,0.4324495999608189,0.13704900001175702,0.03633959998842329,0.05166959995403886,0.0011836999328806996
0.1,LP3 ($\theta$ Only),14,147,0.000606038695004888,,0,1.9047619047619047,1.1494252873563218,5.555555555555555,2,1,1,4.020557364304576e-05,26.666666666666668,73.33333333333333,0.0033004999859258533,0.00706849992275238,7.780001033097506e-05,0.19376180006656796,0.31518840009812266,0.1436580999288708,0.039401000016368926,0.038999499985948205,0.001096599968150258
0.1,LP3 ($\theta$ Only),15,162,0.0,,3,0.0,0.0,0.0,0,0,0,0.0,0.0,100.0,0.0037197000347077847,0.02156050002668053,0.0007973000174388289,0.2731205999152735,0.33608839998487383,0.1870619000401348,0.024153499980457127,0.02957460004836321,0.0010576000204309821
0.1,LP3 ($\theta$ Only),16,178,0.0,,0,0.0,0.0,0.0,0,0,0,0.0,0.0,100.0,0.0026911000022664666,0.04082589992322028,0.00019339995924383402,0.2656857999972999,0.3289743000641465,0.1409099999582395,0.027975299977697432,0.026915599941276014,0.001505299936980009
0.1,LP3 ($\theta$ Only),17,195,0.0,,0,0.0,0.0,0.0,0,0,0,0.0,0.0,100.0,0.007113100029528141,0.007738000014796853,0.00015320000238716602,0.17061779997311532,0.29934200004208833,0.14609040005598217,0.03955720004159957,0.03499950002878904,0.0005316999740898609
0.1,LP3 ($\theta$ Only),18,213,0.0,,0,0.0,0.0,0.0,0,0,0,0.0,0.0,100.0,0.003095099935308099,0.009870899957604706,0.0001230000052601099,0.42354049999266863,0.30256820004433393,0.11957600002642721,0.022757300059311092,0.02426020009443164,0.0009710000595077872
0.1,LP3 ($\theta$ Only),19,232,0.0,,0,0.0,0.0,0.0,0,0,0,0.0,0.0,100.0,0.0015743999974802136,0.008689699927344918,0.00011999998241662979,0.17270979995373636,0.4997546999948099,0.19781309994868934,0.043300900026224554,0.0261119999922812,0.0014346999814733863
0.1,Linear BTL,0,42,,-57.49580424710697,0,3.8095238095238093,1.1235955056179776,18.75,4,1,3,,,,0.0023419999051839113,0.007192700053565204,7.599999662488699e-05,0.16240240004844964,0.2976105000125244,0.08543829992413521,0.05537539999932051,0.0476885000243783,0.0010839999886229634
0.1,Linear BTL,1,43,,-25.543003237360804,0,0.9523809523809523,0.0,14.285714285714286,1,0,1,,,,0.0031691999174654484,0.01486929995007813,0.00017300003673881292,0.17902529996354133,0.30042410001624376,0.12728120002429932,0.03132149996235967,0.03339709993451834,0.0009907999774441123
0.1,Linear BTL,2,45,,-54.559175776153666,0,1.9047619047619047,1.075268817204301,8.333333333333334,2,1,1,,,,0.0019067999674007297,0.005431300029158592,7.229996845126152e-05,0.1694714999757707,0.3387207000050694,0.11261089995969087,0.02811209997162223,0.03439960000105202,0.0009673999156802893
0.1,Linear BTL,3,48,,-34.924121178509054,2,2.912621359223301,0.0,33.333333333333336,3,0,3,,,,0.0016131000593304634,0.04282139998394996,0.0007161999819800258,0.2796358000487089,0.6612426000647247,0.2405865000328049,0.029743000050075352,0.02630900009535253,0.0010667999740689993
0.1,Linear BTL,4,52,,-58.58620957902667,0,3.8095238095238093,1.1363636363636365,17.647058823529413,4,1,3,,,,0.0030003999127075076,0.014805699931457639,0.00017039990052580833,0.20805790007580072,0.4291710000252351,0.12662220001220703,0.05194500007200986,0.050068599986843765,0.0009556999430060387
0.1,Linear BTL,5,57,,-46.972782261537205,0,3.8095238095238093,2.150537634408602,16.666666666666668,4,2,2,,,,0.005730899982154369,0.007613399997353554,7.840001489967108e-05,0.2047454999992624,0.4617461001034826,0.20154749997891486,0.050247699953615665,0.04714019992388785,0.0012179999612271786
0.1,Linear BTL,6,63,,-30.95606631657115,0,1.9047619047619047,1.0204081632653061,14.285714285714286,2,1,1,,,,0.005122500006109476,0.01799550000578165,0.00015269999857991934,0.24358599993865937,0.29857529990840703,0.13499940000474453,0.03186009998898953,0.04203309991862625,0.0005268000531941652
0.1,Linear BTL,7,70,,-86.9496808339014,0,2.857142857142857,1.0869565217391304,15.384615384615385,3,1,2,,,,0.0018341999966651201,0.009432099992409348,8.480006363242865e-05,0.17042700003366917,0.2678147000260651,0.1254085999680683,0.033852700027637184,0.02887479995843023,0.0009791000047698617
0.1,Linear BTL,8,78,,-50.0857032161645,0,1.9047619047619047,0.0,13.333333333333334,2,0,2,,,,0.0028255999786779284,0.005832900060340762,9.269989095628262e-05,0.19360729993786663,0.28605899994727224,0.1054792000213638,0.027443200000561774,0.04125489993020892,0.0016745999455451965
0.1,Linear BTL,9,87,,-66.26524604329771,0,1.9047619047619047,1.1904761904761905,4.761904761904762,2,1,1,,,,0.0016954999882727861,0.011410200037062168,0.00017429993022233248,0.20939020009245723,0.48766330000944436,0.10038630000781268,0.03255890007130802,0.02994929999113083,0.001028900034725666
0.1,Linear BTL,10,97,,-56.33791656916168,0,0.9523809523809523,0.0,6.25,1,0,1,,,,0.0030863999854773283,0.007929099956527352,7.920002099126577e-05,0.1612900000764057,0.28271329996641725,0.14372409996576607,0.020697199972346425,0.031507500098086894,0.0009979000315070152
0.1,Linear BTL,11,108,,-39.3020984851805,0,0.0,0.0,0.0,0,0,0,,,,0.0016539000207558274,0.007441700086928904,9.169999975711107e-05,0.3885475000133738,0.30174599995370954,0.09781970002222806,0.027792799985036254,0.026798099977895617,0.0010263000149279833
0.1,Linear BTL,12,120,,-57.68263423544302,0,0.9523809523809523,0.0,5.882352941176471,1,0,1,,,,0.0029103999258950353,0.005817900062538683,7.82000133767724e-05,0.2143690000521019,0.326017800020054,0.10780080000404269,0.03291870001703501,0.023616299964487553,0.0010315000545233488
0.1,Linear BTL,13,133,,-47.02422118709168,0,3.8095238095238093,2.0408163265306123,28.571428571428573,4,2,2,,,,0.005870799999684095,0.01129450008738786,0.00012039998546242714,0.1550466000335291,0.4324495999608189,0.13704900001175702,0.03633959998842329,0.05166959995403886,0.0011836999328806996
0.1,Linear BTL,14,147,,-65.59984477749146,0,4.761904761904762,2.2988505747126435,16.666666666666668,5,2,3,,,,0.0033004999859258533,0.00706849992275238,7.780001033097506e-05,0.19376180006656796,0.31518840009812266,0.1436580999288708,0.039401000016368926,0.038999499985948205,0.001096599968150258
0.1,Linear BTL,15,162,,-62.35024894275481,3,1.9607843137254901,1.1235955056179776,7.6923076923076925,2,1,1,,,,0.0037197000347077847,0.02156050002668053,0.0007973000174388289,0.2731205999152735,0.33608839998487383,0.1870619000401348,0.024153499980457127,0.02957460004836321,0.0010576000204309821
0.1,Linear BTL,16,178,,-53.965119233225245,0,0.9523809523809523,0.0,6.25,1,0,1,,,,0.0026911000022664666,0.04082589992322028,0.00019339995924383402,0.2656857999972999,0.3289743000641465,0.1409099999582395,0.027975299977697432,0.026915599941276014,0.001505299936980009
0.1,Linear BTL,17,195,,-32.17520222525512,0,0.9523809523809523,0.0,14.285714285714286,1,0,1,,,,0.007113100029528141,0.007738000014796853,0.00015320000238716602,0.17061779997311532,0.29934200004208833,0.14609040005598217,0.03955720004159957,0.03499950002878904,0.0005316999740898609
0.1,Linear BTL,18,213,,-27.99052527767908,0,0.9523809523809523,0.0,11.11111111111111,1,0,1,,,,0.003095099935308099,0.009870899957604706,0.0001230000052601099,0.42354049999266863,0.30256820004433393,0.11957600002642721,0.022757300059311092,0.02426020009443164,0.0009710000595077872
0.1,Linear BTL,19,232,,-46.16489636657148,0,1.9047619047619047,0.0,16.666666666666668,2,0,2,,,,0.0015743999974802136,0.008689699927344918,0.00011999998241662979,0.17270979995373636,0.4997546999948099,0.19781309994868934,0.043300900026224554,0.0261119999922812,0.0014346999814733863
0.2,LP2 ($\theta$ Only),0,42,6.726259390262102e-05,,3,3.9215686274509802,1.3333333333333333,11.11111111111111,4,1,3,6.726259390262102e-05,33.333333333333336,66.66666666666666,0.0038799999747425318,0.0066024999832734466,0.001294399960897863,0.24315130000468343,0.47137889999430627,0.20946179993916303,0.03680729994084686,0.021670899935998023,0.0008254999993368983
0.2,LP2 ($\theta$ Only),1,43,0.0,,0,0.0,0.0,0.0,0,0,0,0.0,0.0,100.0,0.001646100077778101,0.011415500077418983,0.00013019994366914034,0.16190649999771267,0.3665675000520423,0.162295600050129,0.03949270001612604,0.034694500034675,0.0005216000135987997
0.2,LP2 ($\theta$ Only),2,45,0.0,,0,0.0,0.0,0.0,0,0,0,0.0,0.0,100.0,0.0020616999827325344,0.01048079994507134,0.00013209995813667774,0.19454339996445924,0.4113015999319032,0.12050950003322214,0.030077200033701956,0.04491050005890429,0.0010685999877750874
0.2,LP2 ($\theta$ Only),3,48,4.7082019448018256e-05,,2,2.912621359223301,1.2345679012345678,9.090909090909092,3,1,2,4.7082019448018256e-05,20.0,80.0,0.004147700034081936,0.011969699990004301,0.0037541999481618404,0.2569385999813676,0.33921169990208,0.20984109991695732,0.04738160001579672,0.03598360007163137,0.0005457000806927681
0.2,LP2 ($\theta$ Only),4,52,7.181217819561218e-05,,0,4.761904761904762,2.5974025974025974,10.714285714285714,5,2,3,7.181217819561218e-05,33.333333333333336,66.66666666666666,0.0017025000415742397,0.0075369999976828694,0.00013020006008446217,0.20453929994255304,0.3022969999583438,0.1207889000652358,0.03210240008775145,0.027505100006237626,0.0005212000105530024
0.2,LP2 ($\theta$ Only),5,57,0.00018940202629748063,,0,7.619047619047619,1.25,28.0,8,1,7,0.00018940202629748063,53.333333333333336,46.666666666666664,0.003381200018338859,0.008572600083425641,0.00020610005594789982,0.21664009999949485,1.143997700070031,0.1805445000063628,0.04435820004437119,0.03378210007213056,0.0010825999779626727
0.2,LP2 ($\theta$ Only),6,63,3.382628705305668e-05,,2,1.941747572815534,0.0,16.666666666666668,2,0,2,3.382628705305668e-05,13.333333333333334,86.66666666666667,0.0016416000435128808,0.007399599999189377,0.0007665000157430768,0.17102759995032102,0.34555600001476705,0.12532350001856685,0.02320019993931055,0.02076759992633015,0.0005228000227361917
0.2,LP2 ($\theta$ Only),7,70,7.103035531784687e-05,,0,5.714285714285714,1.25,20.0,6,1,5,7.103035531784687e-05,33.333333333333336,66.66666666666666,0.001610900042578578,0.005727199953980744,7.599999662488699e-05,0.18024869996588677,0.3301163000287488,0.13581299991346896,0.028856199933215976,0.035065599950030446,0.0007877000607550144
0.2,LP2 ($\theta$ Only),8,78,8.223907613441421e-05,,0,1.9047619047619047,0.0,8.0,2,0,2,8.223907613441421e-05,26.666666666666668,73.33333333333333,0.001756999990902841,0.007344299927353859,0.000116499955765903,0.18737830000463873,0.3495348999276757,0.18893239996396005,0.052590400096960366,0.038060500053688884,0.0016291000647470355
0.2,LP2 ($\theta$ Only),9,87,0.00012194559894113048,,5,8.0,2.6666666666666665,24.0,8,2,6,0.00012194559894113047,40.0,60.0,0.001761400024406612,0.016584499971941113,0.0009371000342071056,0.15638790000230074,0.3921471000649035,0.21462969994172454,0.03924000007100403,0.03143870003987104,0.0010384999914094806
0.2,LP2 ($\theta$ Only),10,97,0.00010324049353079403,,2,4.854368932038835,0.0,17.24137931034483,5,0,5,0.00010324049353079403,33.333333333333336,66.66666666666666,0.0021195999579504132,0.015445600030943751,0.0006854000966995955,0.2879861999535933,0.4384933999972418,0.413331399904564,0.07692190003581345,0.09318259998690337,0.0018481999868527055
0.2,LP2 ($\theta$ Only),11,108,0.00010241930055504,,2,4.854368932038835,1.1904761904761905,21.05263157894737,5,1,4,0.00010241930055504,33.333333333333336,66.66666666666666,0.005129899946041405,0.02278979995753616,0.0012218999909237027,0.23936770006548613,0.3600558000616729,0.14608169998973608,0.02944249997381121,0.0299341999925673,0.001504699932411313
0.2,LP2 ($\theta$ Only),12,120,6.689241534056608e-05,,0,3.8095238095238093,2.6315789473684212,6.896551724137931,4,2,2,6.689241534056608e-05,20.0,80.0,0.004822100047022104,0.006045699934475124,7.379997987300158e-05,0.18362809997051954,0.429656199994497,0.11231990007217973,0.020245500025339425,0.022239299956709146,0.000520500005222857
0.2,LP2 ($\theta$ Only),13,133,8.883456043430073e-05,,1,3.8461538461538463,1.1494252873563218,17.647058823529413,4,1,3,8.883456043430073e-05,33.333333333333336,66.66666666666666,0.0015743999974802136,0.0055723999394103885,0.00037839997094124556,0.1716141999932006,0.2860930000897497,0.1407542999368161,0.03624699998181313,0.03893519996199757,0.0010219999821856618
0.2,LP2 ($\theta$ Only),14,147,0.00012628455537427288,,2,9.70873786407767,5.2631578947368425,22.22222222222222,10,4,6,0.00012628455537427288,46.666666666666664,53.333333333333336,0.0023598000407218933,0.005796899902634323,0.000368200009688735,0.13448000000789762,0.2529355000006035,0.1229574999306351,0.023866800009272993,0.022680000052787364,0.001685700030066073
0.2,LP2 ($\theta$ Only),15,162,8.680546613745717e-05,,1,2.8846153846153846,0.0,11.11111111111111,3,0,3,8.680546613745717e-05,20.0,80.0,0.004528899909928441,0.005471399985253811,0.0003882999299094081,0.1504912000382319,0.24919190001673996,0.1110441000200808,0.019350199960172176,0.02049090003129095,0.0005120000569149852
0.2,LP2 ($\theta$ Only),16,178,0.00011753548234579757,,2,6.796116504854369,2.5974025974025974,19.23076923076923,7,2,5,0.0001175354823457976,46.666666666666664,53.333333333333336,0.0036524999886751175,0.047183799906633794,0.0009791000047698617,0.340232300106436,0.36856259999331087,0.1763047999702394,0.025412100018002093,0.02203859994187951,0.0005308999679982662
0.2,LP2 ($\theta$ Only),17,195,5.664809461093265e-05,,0,3.8095238095238093,1.0869565217391304,23.076923076923077,4,1,3,5.664809461093265e-05,40.0,60.0,0.005847899941727519,0.01140959991607815,7.850001566112041e-05,0.15443450002931058,0.23247669998090714,0.15686160000041127,0.028696599998511374,0.028822199907153845,0.0005093000363558531
0.2,LP2 ($\theta$ Only),18,213,9.271869512806087e-05,,0,6.666666666666667,2.3529411764705883,25.0,7,2,5,9.271869512806085e-05,26.666666666666668,73.33333333333333,0.0017713999841362238,0.007442200090736151,8.040003012865782e-05,0.14791910001076758,0.6156949000433087,0.27917489991523325,0.07062210002914071,0.052172400057315826,0.0005674000130966306
0.2,LP2 ($\theta$ Only),19,232,9.996954840726515e-05,,0,7.619047619047619,6.329113924050633,11.538461538461538,8,5,3,9.996954840726515e-05,33.333333333333336,66.66666666666666,0.003907500067725778,0.007722500013187528,9.039998985826969e-05,0.2598156000021845,0.26895559998229146,0.10846600006334484,0.020419900072738528,0.022348899976350367,0.0014257000293582678
0.2,LP3 ($\theta$ Only),0,42,0.001054018993823452,,3,3.9215686274509802,1.3333333333333333,11.11111111111111,4,1,3,6.915149365211651e-05,33.333333333333336,66.66666666666666,0.0038799999747425318,0.0066024999832734466,0.001294399960897863,0.24315130000468343,0.47137889999430627,0.20946179993916303,0.03680729994084686,0.021670899935998023,0.0008254999993368983
0.2,LP3 ($\theta$ Only),1,43,0.0,,0,0.0,0.0,0.0,0,0,0,0.0,0.0,100.0,0.001646100077778101,0.011415500077418983,0.00013019994366914034,0.16190649999771267,0.3665675000520423,0.162295600050129,0.03949270001612604,0.034694500034675,0.0005216000135987997
0.2,LP3 ($\theta$ Only),2,45,0.0,,0,0.0,0.0,0.0,0,0,0,0.0,0.0,100.0,0.0020616999827325344,0.01048079994507134,0.00013209995813667774,0.19454339996445924,0.4113015999319032,0.12050950003322214,0.030077200033701956,0.04491050005890429,0.0010685999877750874
0.2,LP3 ($\theta$ Only),3,48,0.0006550833728067176,,2,1.941747572815534,0.0,9.090909090909092,2,0,2,5.570325336295534e-05,26.666666666666668,73.33333333333333,0.004147700034081936,0.011969699990004301,0.0037541999481618404,0.2569385999813676,0.33921169990208,0.20984109991695732,0.04738160001579672,0.03598360007163137,0.0005457000806927681
0.2,LP3 ($\theta$ Only),4,52,0.0010109958457453095,,0,3.8095238095238093,1.2987012987012987,10.714285714285714,4,1,3,7.668999320684465e-05,53.333333333333336,46.666666666666664,0.0017025000415742397,0.0075369999976828694,0.00013020006008446217,0.20453929994255304,0.3022969999583438,0.1207889000652358,0.03210240008775145,0.027505100006237626,0.0005212000105530024
0.2,LP3 ($\theta$ Only),5,57,0.002668801108152462,,0,6.666666666666667,1.25,24.0,7,1,6,0.00029323545195546105,86.66666666666667,13.333333333333329,0.003381200018338859,0.008572600083425641,0.00020610005594789982,0.21664009999949485,1.143997700070031,0.1805445000063628,0.04435820004437119,0.03378210007213056,0.0010825999779626727
0.2,LP3 ($\theta$ Only),6,63,0.0005206668962660902,,2,0.970873786407767,0.0,8.333333333333334,1,0,1,5.377438992963687e-05,26.666666666666668,73.33333333333333,0.0016416000435128808,0.007399599999189377,0.0007665000157430768,0.17102759995032102,0.34555600001476705,0.12532350001856685,0.02320019993931055,0.02076759992633015,0.0005228000227361917
0.2,LP3 ($\theta$ Only),7,70,0.0012485039597871757,,0,4.761904761904762,0.0,20.0,5,0,5,8.445717302830828e-05,60.0,40.0,0.001610900042578578,0.005727199953980744,7.599999662488699e-05,0.18024869996588677,0.3301163000287488,0.13581299991346896,0.028856199933215976,0.035065599950030446,0.0007877000607550144
0.2,LP3 ($\theta$ Only),8,78,0.0012333960966585858,,0,1.9047619047619047,0.0,8.0,2,0,2,9.115029818018847e-05,73.33333333333333,26.66666666666667,0.001756999990902841,0.007344299927353859,0.000116499955765903,0.18737830000463873,0.3495348999276757,0.18893239996396005,0.052590400096960366,0.038060500053688884,0.0016291000647470355
0.2,LP3 ($\theta$ Only),9,87,0.0018659373618877164,,5,10.0,2.6666666666666665,32.0,10,2,8,0.00016408315367520096,93.33333333333333,6.666666666666671,0.001761400024406612,0.016584499971941113,0.0009371000342071056,0.15638790000230074,0.3921471000649035,0.21462969994172454,0.03924000007100403,0.03143870003987104,0.0010384999914094806
0.2,LP3 ($\theta$ Only),10,97,0.0014957229136457783,,2,5.825242718446602,0.0,20.689655172413794,6,0,6,0.00013718236817291193,66.66666666666667,33.33333333333333,0.0021195999579504132,0.015445600030943751,0.0006854000966995955,0.2879861999535933,0.4384933999972418,0.413331399904564,0.07692190003581345,0.09318259998690337,0.0018481999868527055
0.2,LP3 ($\theta$ Only),11,108,0.0011773228595516514,,2,2.912621359223301,0.0,15.789473684210526,3,0,3,0.0001093807336616212,53.333333333333336,46.666666666666664,0.005129899946041405,0.02278979995753616,0.0012218999909237027,0.23936770006548613,0.3600558000616729,0.14608169998973608,0.02944249997381121,0.0299341999925673,0.001504699932411313
0.2,LP3 ($\theta$ Only),12,120,0.001125190636368585,,0,3.8095238095238093,1.3157894736842106,10.344827586206897,4,1,3,7.683332029291174e-05,46.666666666666664,53.333333333333336,0.004822100047022104,0.006045699934475124,7.379997987300158e-05,0.18362809997051954,0.429656199994497,0.11231990007217973,0.020245500025339425,0.022239299956709146,0.000520500005222857
0.2,LP3 ($\theta$ Only),13,133,0.001157044016973299,,1,3.8461538461538463,1.1494252873563218,17.647058823529413,4,1,3,0.0001017810185711627,53.333333333333336,46.666666666666664,0.0015743999974802136,0.0055723999394103885,0.00037839997094124556,0.1716141999932006,0.2860930000897497,0.1407542999368161,0.03624699998181313,0.03893519996199757,0.0010219999821856618
0.2,LP3 ($\theta$ Only),14,147,0.001785476650036378,,2,6.796116504854369,2.6315789473684212,18.51851851851852,7,2,5,0.00016319851894079984,93.33333333333333,6.666666666666671,0.0023598000407218933,0.005796899902634323,0.000368200009688735,0.13448000000789762,0.2529355000006035,0.1229574999306351,0.023866800009272993,0.022680000052787364,0.001685700030066073
0.2,LP3 ($\theta$ Only),15,162,0.0009913196262666011,,1,2.8846153846153846,1.2987012987012987,7.407407407407407,3,1,2,0.00010303665499366634,53.333333333333336,46.666666666666664,0.004528899909928441,0.005471399985253811,0.0003882999299094081,0.1504912000382319,0.24919190001673996,0.1110441000200808,0.019350199960172176,0.02049090003129095,0.0005120000569149852
0.2,LP3 ($\theta$ Only),16,178,0.0015652182305982579,,2,5.825242718446602,1.2987012987012987,19.23076923076923,6,1,5,0.00013645064128732778,86.66666666666667,13.333333333333329,0.0036524999886751175,0.047183799906633794,0.0009791000047698617,0.340232300106436,0.36856259999331087,0.1763047999702394,0.025412100018002093,0.02203859994187951,0.0005308999679982662
0.2,LP3 ($\theta$ Only),17,195,0.0006537295778727382,,0,1.9047619047619047,1.0869565217391304,7.6923076923076925,2,1,1,6.852087071570349e-05,46.666666666666664,53.333333333333336,0.005847899941727519,0.01140959991607815,7.850001566112041e-05,0.15443450002931058,0.23247669998090714,0.15686160000041127,0.028696599998511374,0.028822199907153845,0.0005093000363558531
0.2,LP3 ($\theta$ Only),18,213,0.001057093677366722,,0,1.9047619047619047,0.0,10.0,2,0,2,0.00011260278715127201,53.333333333333336,46.666666666666664,0.0017713999841362238,0.007442200090736151,8.040003012865782e-05,0.14791910001076758,0.6156949000433087,0.27917489991523325,0.07062210002914071,0.052172400057315826,0.0005674000130966306
0.2,LP3 ($\theta$ Only),19,232,0.0015133193964097416,,0,7.619047619047619,3.7974683544303796,19.23076923076923,8,3,5,0.00012581450817996873,80.0,20.0,0.003907500067725778,0.007722500013187528,9.039998985826969e-05,0.2598156000021845,0.26895559998229146,0.10846600006334484,0.020419900072738528,0.022348899976350367,0.0014257000293582678
0.2,Linear BTL,0,42,,-89.74798763653865,3,4.901960784313726,1.3333333333333333,14.814814814814815,5,1,4,,,,0.0038799999747425318,0.0066024999832734466,0.001294399960897863,0.24315130000468343,0.47137889999430627,0.20946179993916303,0.03680729994084686,0.021670899935998023,0.0008254999993368983
0.2,Linear BTL,1,43,,-75.17663475761346,0,2.857142857142857,0.0,14.285714285714286,3,0,3,,,,0.001646100077778101,0.011415500077418983,0.00013019994366914034,0.16190649999771267,0.3665675000520423,0.162295600050129,0.03949270001612604,0.034694500034675,0.0005216000135987997
0.2,Linear BTL,2,45,,-61.05531936114306,0,2.857142857142857,1.1904761904761905,9.523809523809524,3,1,2,,,,0.0020616999827325344,0.01048079994507134,0.00013209995813667774,0.19454339996445924,0.4113015999319032,0.12050950003322214,0.030077200033701956,0.04491050005890429,0.0010685999877750874
0.2,Linear BTL,3,48,,-74.65451667617698,2,2.912621359223301,1.2345679012345678,9.090909090909092,3,1,2,,,,0.004147700034081936,0.011969699990004301,0.0037541999481618404,0.2569385999813676,0.33921169990208,0.20984109991695732,0.04738160001579672,0.03598360007163137,0.0005457000806927681
0.2,Linear BTL,4,52,,-82.94208556047734,0,5.714285714285714,1.2987012987012987,17.857142857142858,6,1,5,,,,0.0017025000415742397,0.0075369999976828694,0.00013020006008446217,0.20453929994255304,0.3022969999583438,0.1207889000652358,0.03210240008775145,0.027505100006237626,0.0005212000105530024
0.2,Linear BTL,5,57,,-87.80684042159032,0,7.619047619047619,1.25,28.0,8,1,7,,,,0.003381200018338859,0.008572600083425641,0.00020610005594789982,0.21664009999949485,1.143997700070031,0.1805445000063628,0.04435820004437119,0.03378210007213056,0.0010825999779626727
0.2,Linear BTL,6,63,,-41.736961744581606,2,1.941747572815534,0.0,16.666666666666668,2,0,2,,,,0.0016416000435128808,0.007399599999189377,0.0007665000157430768,0.17102759995032102,0.34555600001476705,0.12532350001856685,0.02320019993931055,0.02076759992633015,0.0005228000227361917
0.2,Linear BTL,7,70,,-73.21157447256586,0,5.714285714285714,0.0,24.0,6,0,6,,,,0.001610900042578578,0.005727199953980744,7.599999662488699e-05,0.18024869996588677,0.3301163000287488,0.13581299991346896,0.028856199933215976,0.035065599950030446,0.0007877000607550144
0.2,Linear BTL,8,78,,-71.97196165478647,0,2.857142857142857,0.0,12.0,3,0,3,,,,0.001756999990902841,0.007344299927353859,0.000116499955765903,0.18737830000463873,0.3495348999276757,0.18893239996396005,0.052590400096960366,0.038060500053688884,0.0016291000647470355
0.2,Linear BTL,9,87,,-96.43023598737834,5,8.0,2.6666666666666665,24.0,8,2,6,,,,0.001761400024406612,0.016584499971941113,0.0009371000342071056,0.15638790000230074,0.3921471000649035,0.21462969994172454,0.03924000007100403,0.03143870003987104,0.0010384999914094806
0.2,Linear BTL,10,97,,-89.53949600872454,2,5.825242718446602,0.0,20.689655172413794,6,0,6,,,,0.0021195999579504132,0.015445600030943751,0.0006854000966995955,0.2879861999535933,0.4384933999972418,0.413331399904564,0.07692190003581345,0.09318259998690337,0.0018481999868527055
0.2,Linear BTL,11,108,,-76.37113849871807,2,4.854368932038835,1.1904761904761905,21.05263157894737,5,1,4,,,,0.005129899946041405,0.02278979995753616,0.0012218999909237027,0.23936770006548613,0.3600558000616729,0.14608169998973608,0.02944249997381121,0.0299341999925673,0.001504699932411313
0.2,Linear BTL,12,120,,-78.60316839069166,0,5.714285714285714,2.6315789473684212,13.793103448275861,6,2,4,,,,0.004822100047022104,0.006045699934475124,7.379997987300158e-05,0.18362809997051954,0.429656199994497,0.11231990007217973,0.020245500025339425,0.022239299956709146,0.000520500005222857
0.2,Linear BTL,13,133,,-71.37456202107603,1,5.769230769230769,1.1494252873563218,29.41176470588235,6,1,5,,,,0.0015743999974802136,0.0055723999394103885,0.00037839997094124556,0.1716141999932006,0.2860930000897497,0.1407542999368161,0.03624699998181313,0.03893519996199757,0.0010219999821856618
0.2,Linear BTL,14,147,,-95.81512307311795,2,6.796116504854369,1.3157894736842106,22.22222222222222,7,1,6,,,,0.0023598000407218933,0.005796899902634323,0.000368200009688735,0.13448000000789762,0.2529355000006035,0.1229574999306351,0.023866800009272993,0.022680000052787364,0.001685700030066073
0.2,Linear BTL,15,162,,-86.07343739868419,1,4.8076923076923075,1.2987012987012987,14.814814814814815,5,1,4,,,,0.004528899909928441,0.005471399985253811,0.0003882999299094081,0.1504912000382319,0.24919190001673996,0.1110441000200808,0.019350199960172176,0.02049090003129095,0.0005120000569149852
0.2,Linear BTL,16,178,,-86.29459212607736,2,5.825242718446602,0.0,23.076923076923077,6,0,6,,,,0.0036524999886751175,0.047183799906633794,0.0009791000047698617,0.340232300106436,0.36856259999331087,0.1763047999702394,0.025412100018002093,0.02203859994187951,0.0005308999679982662
0.2,Linear BTL,17,195,,-45.7230873801353,0,3.8095238095238093,1.0869565217391304,23.076923076923077,4,1,3,,,,0.005847899941727519,0.01140959991607815,7.850001566112041e-05,0.15443450002931058,0.23247669998090714,0.15686160000041127,0.028696599998511374,0.028822199907153845,0.0005093000363558531
0.2,Linear BTL,18,213,,-72.07304011303744,0,4.761904761904762,0.0,25.0,5,0,5,,,,0.0017713999841362238,0.007442200090736151,8.040003012865782e-05,0.14791910001076758,0.6156949000433087,0.27917489991523325,0.07062210002914071,0.052172400057315826,0.0005674000130966306
0.2,Linear BTL,19,232,,-82.60523761534485,0,7.619047619047619,2.5316455696202533,23.076923076923077,8,2,6,,,,0.003907500067725778,0.007722500013187528,9.039998985826969e-05,0.2598156000021845,0.26895559998229146,0.10846600006334484,0.020419900072738528,0.022348899976350367,0.0014257000293582678
0.3,LP2 ($\theta$ Only),0,42,0.00010044104992605106,,2,6.796116504854369,0.0,16.666666666666668,7,0,7,0.00010044104992605106,46.666666666666664,53.333333333333336,0.0026349000399932265,0.007189000025391579,0.00040170003194361925,0.1426837999606505,0.40539690002333373,0.10879940004087985,0.01938829990103841,0.021786900004372,0.0008605000330135226
0.3,LP2 ($\theta$ Only),1,43,7.499343038875265e-05,,0,4.761904761904762,0.0,16.129032258064516,5,0,5,7.499343038875265e-05,26.666666666666668,73.33333333333333,0.0064428000478073955,0.008690299931913614,7.82000133767724e-05,0.12929000006988645,0.1971736999694258,0.10053020005580038,0.020400600042194128,0.02305840002372861,0.0009646000107750297
0.3,LP2 ($\theta$ Only),2,45,0.0001279818392174408,,4,8.910891089108912,6.8493150684931505,14.285714285714286,9,5,4,0.0001279818392174408,46.666666666666664,53.333333333333336,0.0015702999662607908,0.006156599964015186,0.00037839997094124556,0.22415789996739477,0.24561979994177818,0.0911813999991864,0.02398870000615716,0.019076799973845482,0.0004992999602109194
0.3,LP2 ($\theta$ Only),3,48,0.000132467635102654,,2,5.825242718446602,1.408450704225352,15.625,6,1,5,0.000132467635102654,33.333333333333336,66.66666666666666,0.0015849999617785215,0.0056440000189468265,0.0003719000378623605,0.13242249994073063,0.20536439993884414,0.10449789999984205,0.025841000024229288,0.020453799981623888,0.0005053000058978796
0.3,LP2 ($\theta$ Only),4,52,8.702136546516839e-05,,0,4.761904761904762,4.761904761904762,4.761904761904762,5,3,2,8.702136546516837e-05,33.333333333333336,66.66666666666666,0.0023270000237971544,0.009914399939589202,0.00011989998165518045,0.12449160008691251,0.209980099927634,0.08551140001509339,0.021438199910335243,0.019708800013177097,0.000510699930600822
0.3,LP2 ($\theta$ Only),5,57,0.00015474169909527973,,6,12.121212121212121,4.545454545454546,27.272727272727273,12,3,9,0.00015474169909527973,46.666666666666664,53.333333333333336,0.0015860999701544642,0.007860799902118742,0.0005570000503212214,0.11660700000356883,0.19347030005883425,0.07112470001447946,0.021827999968081713,0.020993699901737273,0.0004856999730691314
0.3,LP2 ($\theta$ Only),6,63,6.543376407899671e-05,,3,2.9411764705882355,1.2195121951219512,10.0,3,1,2,6.543376407899671e-05,20.0,80.0,0.0015703999670222402,0.005580299999564886,0.00041039998177438974,0.1311742999823764,0.21480149996932596,0.10194120008964092,0.02073800005018711,0.019370800000615418,0.0005002999678254128
0.3,LP2 ($\theta$ Only),7,70,0.0001621864963877793,,0,11.428571428571429,2.73972602739726,31.25,12,2,10,0.0001621864963877793,46.666666666666664,53.333333333333336,0.0015749000012874603,0.005731299985200167,7.24999699741602e-05,0.14672710001468658,0.22067830001469702,0.1096368000144139,0.020674100029282272,0.01986679993569851,0.0005151999648660421
0.3,LP2 ($\theta$ Only),8,78,0.0,,0,0.0,0.0,0.0,0,0,0,0.0,0.0,100.0,0.0015934999100863934,0.005525899934582412,7.020006887614727e-05,0.14402730006258935,0.4090549999382347,0.10660429997369647,0.019644199986942112,0.021120800054632127,0.0009672999149188399
0.3,LP2 ($\theta$ Only),9,87,0.0001944044632043218,,1,12.5,3.389830508474576,24.444444444444443,13,2,11,0.00019440446320432179,53.333333333333336,46.666666666666664,0.001576600014232099,0.005558600067161024,0.00039679999463260174,0.11433610005769879,0.20864670001901686,0.09157700010109693,0.02276620001066476,0.020966999931260943,0.0005093000363558531
0.3,LP2 ($\theta$ Only),10,97,5.824618278366777e-05,,6,4.040404040404041,0.0,9.523809523809524,4,0,4,5.824618278366777e-05,33.333333333333336,66.66666666666666,0.001575400005094707,0.005793999996967614,0.0003793000942096114,0.1321056999731809,0.21090119995642453,0.09109010000247508,0.021505699958652258,0.018597899936139584,0.0004816999426111579
0.3,LP2 ($\theta$ Only),11,108,4.870214013725665e-05,,2,2.912621359223301,1.3333333333333333,7.142857142857143,3,1,2,4.870214013725665e-05,26.666666666666668,73.33333333333333,0.0016032999847084284,0.005388000048696995,0.00036750000435858965,0.15124539996031672,0.2317336000269279,0.12902940006460994,0.019388000015169382,0.02306839998345822,0.0009564999490976334
0.3,LP2 ($\theta$ Only),12,120,0.00017911380023093583,,0,11.428571428571429,5.0,20.0,12,3,9,0.00017911380023093583,60.0,40.0,0.0015992000699043274,0.005711000063456595,7.609999738633633e-05,0.12267890002112836,0.21111160004511476,0.08070409996435046,0.02268930000718683,0.020463600056245923,0.0005203000036999583
0.3,LP2 ($\theta$ Only),13,133,0.00012770067167786148,,0,7.619047619047619,2.4691358024691357,25.0,8,2,6,0.00012770067167786148,60.0,40.0,0.0016168000875040889,0.005891300039365888,7.589999586343765e-05,0.15543679997790605,0.37457179999910295,0.163338000071235,0.022866700077429414,0.03262489999178797,0.0006671999581158161
0.3,LP2 ($\theta$ Only),14,147,0.0002018895338841558,,2,11.650485436893204,3.5714285714285716,21.27659574468085,12,2,10,0.0002018895338841558,60.0,40.0,0.0024501000298187137,0.010979300015605986,0.0008915000362321734,0.18938850006088614,0.2040848999749869,0.09967649995815009,0.019656699965707958,0.040272600017488,0.0018245000392198563
0.3,LP2 ($\theta$ Only),15,162,0.00013286277111921758,,1,7.6923076923076925,0.0,27.586206896551722,8,0,8,0.00013286277111921758,40.0,60.0,0.0023922999389469624,0.011681200005114079,0.0005875000497326255,0.15723860007710755,0.23384329990949482,0.10356999991927296,0.021282700006850064,0.02056900004390627,0.0005055000074207783
0.3,LP2 ($\theta$ Only),16,178,0.00010882174458555111,,6,7.070707070707071,1.694915254237288,15.0,7,1,6,0.0001088217445855511,33.333333333333336,66.66666666666666,0.0015830000629648566,0.005291400011628866,0.0003551999107003212,0.11562219995539635,0.3712926999432966,0.09693849994800985,0.021922699990682304,0.019670700072310865,0.00048610009253025055
0.3,LP2 ($\theta$ Only),17,195,0.0,,0,0.0,0.0,0.0,0,0,0,0.0,0.0,100.0,0.001563300029374659,0.005979100009426475,7.589999586343765e-05,0.13745829998515546,0.23573680000845343,0.12456669996026903,0.02095739997457713,0.02232180000282824,0.0005071000196039677
0.3,LP2 ($\theta$ Only),18,213,4.9391333221497096e-05,,2,1.941747572815534,0.0,6.896551724137931,2,0,2,4.9391333221497096e-05,20.0,80.0,0.001567099941894412,0.005511999945156276,0.0003711000317707658,0.12808479997329414,0.23546890006400645,0.14849409996531904,0.023806900018826127,0.01929970004130155,0.0005057998932898045
0.3,LP2 ($\theta$ Only),19,232,0.00017038984877895284,,2,14.563106796116505,5.714285714285714,33.333333333333336,15,4,11,0.00017038984877895284,46.666666666666664,53.333333333333336,0.0015768000157549977,0.005358000053092837,0.00037599995266646147,0.12159929994959384,0.22194850002415478,0.0898771999636665,0.02180200000293553,0.022883699974045157,0.0009592999704182148
0.3,LP3 ($\theta$ Only),0,42,0.001730733752824067,,2,6.796116504854369,0.0,16.666666666666668,7,0,7,0.00010804150323040322,53.333333333333336,46.666666666666664,0.0026349000399932265,0.007189000025391579,0.00040170003194361925,0.1426837999606505,0.40539690002333373,0.10879940004087985,0.01938829990103841,0.021786900004372,0.0008605000330135226
0.3,LP3 ($\theta$ Only),1,43,0.001037695003189809,,0,1.9047619047619047,0.0,6.451612903225806,2,0,2,8.763456571557048e-05,33.333333333333336,66.66666666666666,0.0064428000478073955,0.008690299931913614,7.82000133767724e-05,0.12929000006988645,0.1971736999694258,0.10053020005580038,0.020400600042194128,0.02305840002372861,0.0009646000107750297
0.3,LP3 ($\theta$ Only),2,45,0.002087365628750443,,4,8.910891089108912,5.47945205479452,17.857142857142858,9,4,5,0.00016702824050939216,80.0,20.0,0.0015702999662607908,0.006156599964015186,0.00037839997094124556,0.22415789996739477,0.24561979994177818,0.0911813999991864,0.02398870000615716,0.019076799973845482,0.0004992999602109194
0.3,LP3 ($\theta$ Only),3,48,0.002265753819914138,,2,5.825242718446602,0.0,18.75,6,0,6,0.00021448716214367042,93.33333333333333,6.666666666666671,0.0015849999617785215,0.0056440000189468265,0.0003719000378623605,0.13242249994073063,0.20536439993884414,0.10449789999984205,0.025841000024229288,0.020453799981623888,0.0005053000058978796
0.3,LP3 ($\theta$ Only),4,52,0.001409709824336758,,0,5.714285714285714,1.5873015873015872,11.904761904761905,6,1,5,0.00012381752294017437,80.0,20.0,0.0023270000237971544,0.009914399939589202,0.00011989998165518045,0.12449160008691251,0.209980099927634,0.08551140001509339,0.021438199910335243,0.019708800013177097,0.000510699930600822
0.3,LP3 ($\theta$ Only),5,57,0.002688126654475987,,6,10.1010101010101,4.545454545454546,21.21212121212121,10,3,7,0.0002474749991736122,86.66666666666667,13.333333333333329,0.0015860999701544642,0.007860799902118742,0.0005570000503212214,0.11660700000356883,0.19347030005883425,0.07112470001447946,0.021827999968081713,0.020993699901737273,0.0004856999730691314
0.3,LP3 ($\theta$ Only),6,63,0.001392470038134119,,3,3.9215686274509802,1.2195121951219512,15.0,4,1,3,0.00010991653563570847,80.0,20.0,0.0015703999670222402,0.005580299999564886,0.00041039998177438974,0.1311742999823764,0.21480149996932596,0.10194120008964092,0.02073800005018711,0.019370800000615418,0.0005002999678254128
0.3,LP3 ($\theta$ Only),7,70,0.003437899882748145,,0,10.476190476190476,2.73972602739726,28.125,11,2,9,0.00032880542414431526,93.33333333333333,6.666666666666671,0.0015749000012874603,0.005731299985200167,7.24999699741602e-05,0.14672710001468658,0.22067830001469702,0.1096368000144139,0.020674100029282272,0.01986679993569851,0.0005151999648660421
0.3,LP3 ($\theta$ Only),8,78,0.0,,0,0.0,0.0,0.0,0,0,0,0.0,0.0,100.0,0.0015934999100863934,0.005525899934582412,7.020006887614727e-05,0.14402730006258935,0.4090549999382347,0.10660429997369647,0.019644199986942112,0.021120800054632127,0.0009672999149188399
0.3,LP3 ($\theta$ Only),9,87,0.003004012215666709,,1,13.461538461538462,6.779661016949152,22.22222222222222,14,4,10,0.0003241090650107513,93.33333333333333,6.666666666666671,0.001576600014232099,0.005558600067161024,0.00039679999463260174,0.11433610005769879,0.20864670001901686,0.09157700010109693,0.02276620001066476,0.020966999931260943,0.0005093000363558531
0.3,LP3 ($\theta$ Only),10,97,0.0009922260248794886,,6,4.040404040404041,0.0,9.523809523809524,4,0,4,5.999758638517201e-05,40.0,60.0,0.001575400005094707,0.005793999996967614,0.0003793000942096114,0.1321056999731809,0.21090119995642453,0.09109010000247508,0.021505699958652258,0.018597899936139584,0.0004816999426111579
0.3,LP3 ($\theta$ Only),11,108,0.0007252560743097527,,2,1.941747572815534,0.0,7.142857142857143,2,0,2,5.9235747878925846e-05,46.666666666666664,53.333333333333336,0.0016032999847084284,0.005388000048696995,0.00036750000435858965,0.15124539996031672,0.2317336000269279,0.12902940006460994,0.019388000015169382,0.02306839998345822,0.0009564999490976334
0.3,LP3 ($\theta$ Only),12,120,0.0025830915743132784,,0,9.523809523809524,5.0,15.555555555555555,10,3,7,0.00025161866321248645,93.33333333333333,6.666666666666671,0.0015992000699043274,0.005711000063456595,7.609999738633633e-05,0.12267890002112836,0.21111160004511476,0.08070409996435046,0.02268930000718683,0.020463600056245923,0.0005203000036999583
0.3,LP3 ($\theta$ Only),13,133,0.001796155672017534,,0,6.666666666666667,3.7037037037037037,16.666666666666668,7,3,4,0.00014569647437665982,80.0,20.0,0.0016168000875040889,0.005891300039365888,7.589999586343765e-05,0.15543679997790605,0.37457179999910295,0.163338000071235,0.022866700077429414,0.03262489999178797,0.0006671999581158161
0.3,LP3 ($\theta$ Only),14,147,0.002677256070558468,,2,12.62135922330097,3.5714285714285716,23.404255319148938,13,2,11,0.0002969127557908688,93.33333333333333,6.666666666666671,0.0024501000298187137,0.010979300015605986,0.0008915000362321734,0.18938850006088614,0.2040848999749869,0.09967649995815009,0.019656699965707958,0.040272600017488,0.0018245000392198563
0.3,LP3 ($\theta$ Only),15,162,0.002278053029538224,,1,7.6923076923076925,1.3333333333333333,24.137931034482758,8,1,7,0.0002202563089822686,80.0,20.0,0.0023922999389469624,0.011681200005114079,0.0005875000497326255,0.15723860007710755,0.23384329990949482,0.10356999991927296,0.021282700006850064,0.02056900004390627,0.0005055000074207783
0.3,LP3 ($\theta$ Only),16,178,0.0015327081067143752,,6,2.0202020202020203,0.0,5.0,2,0,2,0.00012557990851687608,60.0,40.0,0.0015830000629648566,0.005291400011628866,0.0003551999107003212,0.11562219995539635,0.3712926999432966,0.09693849994800985,0.021922699990682304,0.019670700072310865,0.00048610009253025055
0.3,LP3 ($\theta$ Only),17,195,0.0,,0,0.0,0.0,0.0,0,0,0,0.0,0.0,100.0,0.001563300029374659,0.005979100009426475,7.589999586343765e-05,0.13745829998515546,0.23573680000845343,0.12456669996026903,0.02095739997457713,0.02232180000282824,0.0005071000196039677
0.3,LP3 ($\theta$ Only),18,213,0.000625501572714343,,2,0.970873786407767,0.0,3.4482758620689653,1,0,1,6.340825553976648e-05,33.333333333333336,66.66666666666666,0.001567099941894412,0.005511999945156276,0.0003711000317707658,0.12808479997329414,0.23546890006400645,0.14849409996531904,0.023806900018826127,0.01929970004130155,0.0005057998932898045
0.3,LP3 ($\theta$ Only),19,232,0.0030889402130446428,,2,10.679611650485437,4.285714285714286,24.242424242424242,11,3,8,0.00027270636242405913,80.0,20.0,0.0015768000157549977,0.005358000053092837,0.00037599995266646147,0.12159929994959384,0.22194850002415478,0.0898771999636665,0.02180200000293553,0.022883699974045157,0.0009592999704182148
0.3,Linear BTL,0,42,,-117.19545845922893,2,5.825242718446602,0.0,14.285714285714286,6,0,6,,,,0.0026349000399932265,0.007189000025391579,0.00040170003194361925,0.1426837999606505,0.40539690002333373,0.10879940004087985,0.01938829990103841,0.021786900004372,0.0008605000330135226
0.3,Linear BTL,1,43,,-98.18951521714446,0,3.8095238095238093,0.0,12.903225806451612,4,0,4,,,,0.0064428000478073955,0.008690299931913614,7.82000133767724e-05,0.12929000006988645,0.1971736999694258,0.10053020005580038,0.020400600042194128,0.02305840002372861,0.0009646000107750297
0.3,Linear BTL,2,45,,-112.06054702951408,4,8.910891089108912,4.109589041095891,21.428571428571427,9,3,6,,,,0.0015702999662607908,0.006156599964015186,0.00037839997094124556,0.22415789996739477,0.24561979994177818,0.0911813999991864,0.02398870000615716,0.019076799973845482,0.0004992999602109194
0.3,Linear BTL,3,48,,-100.77511643107285,2,5.825242718446602,0.0,18.75,6,0,6,,,,0.0015849999617785215,0.0056440000189468265,0.0003719000378623605,0.13242249994073063,0.20536439993884414,0.10449789999984205,0.025841000024229288,0.020453799981623888,0.0005053000058978796
0.3,Linear BTL,4,52,,-114.33188210322369,0,6.666666666666667,1.5873015873015872,14.285714285714286,7,1,6,,,,0.0023270000237971544,0.009914399939589202,0.00011989998165518045,0.12449160008691251,0.209980099927634,0.08551140001509339,0.021438199910335243,0.019708800013177097,0.000510699930600822
0.3,Linear BTL,5,57,,-124.25601494013681,6,12.121212121212121,1.5151515151515151,33.333333333333336,12,1,11,,,,0.0015860999701544642,0.007860799902118742,0.0005570000503212214,0.11660700000356883,0.19347030005883425,0.07112470001447946,0.021827999968081713,0.020993699901737273,0.0004856999730691314
0.3,Linear BTL,6,63,,-82.87358604011129,3,4.901960784313726,2.4390243902439024,15.0,5,2,3,,,,0.0015703999670222402,0.005580299999564886,0.00041039998177438974,0.1311742999823764,0.21480149996932596,0.10194120008964092,0.02073800005018711,0.019370800000615418,0.0005002999678254128
0.3,Linear BTL,7,70,,-115.96072484871486,0,12.380952380952381,4.109589041095891,31.25,13,3,10,,,,0.0015749000012874603,0.005731299985200167,7.24999699741602e-05,0.14672710001468658,0.22067830001469702,0.1096368000144139,0.020674100029282272,0.01986679993569851,0.0005151999648660421
0.3,Linear BTL,8,78,,-105.06414009968213,0,5.714285714285714,1.4492753623188406,13.88888888888889,6,1,5,,,,0.0015934999100863934,0.005525899934582412,7.020006887614727e-05,0.14402730006258935,0.4090549999382347,0.10660429997369647,0.019644199986942112,0.021120800054632127,0.0009672999149188399
0.3,Linear BTL,9,87,,-136.31723696908938,1,9.615384615384615,1.694915254237288,20.0,10,1,9,,,,0.001576600014232099,0.005558600067161024,0.00039679999463260174,0.11433610005769879,0.20864670001901686,0.09157700010109693,0.02276620001066476,0.020966999931260943,0.0005093000363558531
0.3,Linear BTL,10,97,,-124.37229952259477,6,6.0606060606060606,0.0,14.285714285714286,6,0,6,,,,0.001575400005094707,0.005793999996967614,0.0003793000942096114,0.1321056999731809,0.21090119995642453,0.09109010000247508,0.021505699958652258,0.018597899936139584,0.0004816999426111579
0.3,Linear BTL,11,108,,-77.99478908855393,2,5.825242718446602,0.0,21.428571428571427,6,0,6,,,,0.0016032999847084284,0.005388000048696995,0.00036750000435858965,0.15124539996031672,0.2317336000269279,0.12902940006460994,0.019388000015169382,0.02306839998345822,0.0009564999490976334
0.3,Linear BTL,12,120,,-131.015458734767,0,8.571428571428571,5.0,13.333333333333334,9,3,6,,,,0.0015992000699043274,0.005711000063456595,7.609999738633633e-05,0.12267890002112836,0.21111160004511476,0.08070409996435046,0.02268930000718683,0.020463600056245923,0.0005203000036999583
0.3,Linear BTL,13,133,,-86.39065401272273,0,6.666666666666667,2.4691358024691357,20.833333333333332,7,2,5,,,,0.0016168000875040889,0.005891300039365888,7.589999586343765e-05,0.15543679997790605,0.37457179999910295,0.163338000071235,0.022866700077429414,0.03262489999178797,0.0006671999581158161
0.3,Linear BTL,14,147,,-136.21188403195333,2,10.679611650485437,3.5714285714285716,19.148936170212767,11,2,9,,,,0.0024501000298187137,0.010979300015605986,0.0008915000362321734,0.18938850006088614,0.2040848999749869,0.09967649995815009,0.019656699965707958,0.040272600017488,0.0018245000392198563
0.3,Linear BTL,15,162,,-106.82147290827089,1,8.653846153846153,1.3333333333333333,27.586206896551722,9,1,8,,,,0.0023922999389469624,0.011681200005114079,0.0005875000497326255,0.15723860007710755,0.23384329990949482,0.10356999991927296,0.021282700006850064,0.02056900004390627,0.0005055000074207783
0.3,Linear BTL,16,178,,-135.60623044171413,6,8.080808080808081,5.084745762711864,12.5,8,3,5,,,,0.0015830000629648566,0.005291400011628866,0.0003551999107003212,0.11562219995539635,0.3712926999432966,0.09693849994800985,0.021922699990682304,0.019670700072310865,0.00048610009253025055
0.3,Linear BTL,17,195,,-63.572355227236095,0,2.857142857142857,0.0,13.043478260869565,3,0,3,,,,0.001563300029374659,0.005979100009426475,7.589999586343765e-05,0.13745829998515546,0.23573680000845343,0.12456669996026903,0.02095739997457713,0.02232180000282824,0.0005071000196039677
0.3,Linear BTL,18,213,,-93.45587915347703,2,2.912621359223301,0.0,10.344827586206897,3,0,3,,,,0.001567099941894412,0.005511999945156276,0.0003711000317707658,0.12808479997329414,0.23546890006400645,0.14849409996531904,0.023806900018826127,0.01929970004130155,0.0005057998932898045
0.3,Linear BTL,19,232,,-112.55908098101727,2,16.50485436893204,5.714285714285714,39.39393939393939,17,4,13,,,,0.0015768000157549977,0.005358000053092837,0.00037599995266646147,0.12159929994959384,0.22194850002415478,0.0898771999636665,0.02180200000293553,0.022883699974045157,0.0009592999704182148
0.4,LP2 ($\theta$ Only),0,42,0.00013925768391108697,,2,12.62135922330097,0.0,23.636363636363637,13,0,13,0.00013925768391108697,53.333333333333336,46.666666666666664,0.0021788999438285828,0.0051859000232070684,0.0003749000607058406,0.1535509000532329,0.23907609994057566,0.08516159991268069,0.02864250005222857,0.02644509996753186,0.0005061000119894743
0.4,LP2 ($\theta$ Only),1,43,6.78650676129408e-05,,4,4.9504950495049505,0.0,14.285714285714286,5,0,5,6.78650676129408e-05,33.333333333333336,66.66666666666666,0.0015906000044196844,0.006158399977721274,0.00038600002881139517,0.1188195999711752,0.2137609999626875,0.08770899998489767,0.02227880002465099,0.021774500026367605,0.0008980000857263803
0.4,LP2 ($\theta$ Only),2,45,0.00016493244307213398,,0,12.380952380952381,0.0,35.13513513513514,13,0,13,0.00016493244307213398,53.333333333333336,46.666666666666664,0.0016120000509545207,0.005626400001347065,7.559999357908964e-05,0.13043039990589023,0.23009230010211468,0.07602959999348968,0.02075470006093383,0.02308050007559359,0.0005103000439703465
0.4,LP2 ($\theta$ Only),3,48,0.0001989533126385362,,2,12.62135922330097,7.8125,20.512820512820515,13,5,8,0.0001989533126385362,60.0,40.0,0.0018218000186607242,0.006326099974103272,0.00039029994513839483,0.15634180000051856,0.2383569999365136,0.08845949999522418,0.022825199994258583,0.020725900074467063,0.0005006000865250826
0.4,LP2 ($\theta$ Only),4,52,0.0001195030352870859,,0,6.666666666666667,2.127659574468085,10.344827586206897,7,1,6,0.0001195030352870859,40.0,60.0,0.0015824999427422881,0.0054617999121546745,7.229996845126152e-05,0.13156429992523044,0.4260499000083655,0.11581310001201928,0.01988429995253682,0.022481000050902367,0.000507800024934113
0.4,LP2 ($\theta$ Only),5,57,0.00017002183380906795,,5,15.0,5.882352941176471,24.489795918367346,15,3,12,0.00017002183380906798,53.333333333333336,46.666666666666664,0.001577800023369491,0.005273999995552003,0.0005689000245183706,0.12795160000678152,0.2309007999720052,0.0875653000548482,0.020389200071804225,0.018774199998006225,0.0006334999343380332
0.4,LP2 ($\theta$ Only),6,63,0.0001880441659148865,,0,12.380952380952381,5.063291139240507,34.61538461538461,13,4,9,0.00018804416591488652,53.333333333333336,46.666666666666664,0.0015804999275133014,0.005468399962410331,7.119996007531881e-05,0.13127790007274598,0.2194259000243619,0.07299780007451773,0.020228700013831258,0.023816999979317188,0.0005164999747648835
0.4,LP2 ($\theta$ Only),7,70,0.00021407072763695017,,4,15.841584158415841,8.064516129032258,28.205128205128204,16,5,11,0.0002140707276369502,40.0,60.0,0.0016488999826833606,0.007697800057940185,0.0005780999781563878,0.15520510007627308,0.21799060003831983,0.11594300006981939,0.021971900016069412,0.019184599979780614,0.0004971999442204833
0.4,LP2 ($\theta$ Only),8,78,0.00016307717574504183,,6,12.121212121212121,5.084745762711864,22.5,12,3,9,0.00016307717574504183,53.333333333333336,46.666666666666664,0.0015752000035718083,0.005181499989703298,0.0012528999941423535,0.12261610000859946,0.21769059996586293,0.11490149993915111,0.020475300028920174,0.01933080004528165,0.0012690998846665025
0.4,LP2 ($\theta$ Only),9,87,0.00021345290008589133,,6,15.151515151515152,17.307692307692307,12.76595744680851,15,9,6,0.00021345290008589136,46.666666666666664,53.333333333333336,0.0044278999557718635,0.006224400014616549,0.0003899000585079193,0.21345719997771084,0.4227096999529749,0.1299845000030473,0.04830259992741048,0.036214099964126945,0.0005969000048935413
0.4,LP2 ($\theta$ Only),10,97,0.00014044445729654713,,7,10.204081632653061,0.0,18.867924528301888,10,0,10,0.00014044445729654713,53.333333333333336,46.666666666666664,0.0023924000561237335,0.00837990001309663,0.0029234999092295766,0.23767300008330494,0.2890784000046551,0.08979869994800538,0.022444400005042553,0.021410200046375394,0.0014224000042304397
0.4,LP2 ($\theta$ Only),11,108,0.00012390131015120804,,3,7.8431372549019605,0.0,18.6046511627907,8,0,8,0.00012390131015120807,53.333333333333336,46.666666666666664,0.0030970999505370855,0.010512600070796907,0.0003869999200105667,0.30427000008057803,0.2292406999040395,0.07321780000347644,0.023645400069653988,0.01985500007867813,0.0005009000888094306
0.4,LP2 ($\theta$ Only),12,120,0.00017648746852802423,,2,10.679611650485437,0.0,21.153846153846153,11,0,11,0.00017648746852802423,40.0,60.0,0.001574800000526011,0.005371800041757524,0.0003603999502956867,0.14587590005248785,0.23348129994701594,0.09407279989682138,0.021033099968917668,0.021814299980178475,0.0005053000058978796
0.4,LP2 ($\theta$ Only),13,133,0.00014323528635328334,,0,8.571428571428571,5.633802816901408,14.705882352941176,9,4,5,0.00014323528635328334,60.0,40.0,0.001591100008226931,0.0059441999765113,0.00011820008512586355,0.13835390005260706,0.21555680001620203,0.10378130001481622,0.019935899996198714,0.020441100001335144,0.0005138000706210732
0.4,LP2 ($\theta$ Only),14,147,0.00030169487600974486,,4,25.742574257425744,13.043478260869565,36.36363636363637,26,6,20,0.0003016948760097448,60.0,40.0,0.0015940000303089619,0.005419400054961443,0.0003684000112116337,0.12338170001748949,0.2533209000248462,0.07419459999073297,0.02004930004477501,0.022524400032125413,0.0005003999685868621
0.4,LP2 ($\theta$ Only),15,162,0.0001698087246763471,,3,12.745098039215685,4.918032786885246,24.390243902439025,13,3,10,0.0001698087246763471,46.666666666666664,53.333333333333336,0.0018492999952286482,0.006959500024095178,0.00038649991620332,0.11834130005445331,0.23049640003591776,0.11339239997323602,0.021159199997782707,0.01962239993736148,0.0004990999586880207
0.4,LP2 ($\theta$ Only),16,178,0.00013621287268914917,,7,9.183673469387756,2.0833333333333335,16.0,9,1,8,0.00013621287268914917,46.666666666666664,53.333333333333336,0.0015850999625399709,0.0054082999704405665,0.0003451000666245818,0.12398690008558333,0.21709459996782243,0.08152609993703663,0.021979999961331487,0.020238199969753623,0.0004808999365195632
0.4,LP2 ($\theta$ Only),17,195,0.00011798881521896958,,0,3.8095238095238093,0.0,12.903225806451612,4,0,4,0.00011798881521896958,26.666666666666668,73.33333333333333,0.0017380999634042382,0.007228299975395203,0.00011639995500445366,0.1364273999352008,0.22066450002603233,0.12128090008627623,0.021593900048173964,0.019754899898543954,0.0005082000279799104
0.4,LP2 ($\theta$ Only),18,213,0.0001337483602716334,,1,8.653846153846153,3.125,17.5,9,2,7,0.0001337483602716334,40.0,60.0,0.0027789000887423754,0.007872399990446866,0.0005981000140309334,0.1310196000849828,0.23239180003292859,0.1292409000452608,0.030377899995073676,0.02394550002645701,0.0009585999650880694
0.4,LP2 ($\theta$ Only),19,232,0.00022747766616783646,,2,13.592233009708737,3.225806451612903,29.26829268292683,14,2,12,0.00022747766616783646,53.333333333333336,46.666666666666664,0.0015907000051811337,0.005512399948202074,0.00036539998836815357,0.13452970003709197,0.22762609994970262,0.09390069998335093,0.025603200076147914,0.022772800060920417,0.0005010000895708799
0.4,LP3 ($\theta$ Only),0,42,0.0024575347951319233,,2,10.679611650485437,0.0,20.0,11,0,11,0.00017822722934499868,66.66666666666667,33.33333333333333,0.0021788999438285828,0.0051859000232070684,0.0003749000607058406,0.1535509000532329,0.23907609994057566,0.08516159991268069,0.02864250005222857,0.02644509996753186,0.0005061000119894743
0.4,LP3 ($\theta$ Only),1,43,0.0010332423032247274,,4,4.9504950495049505,0.0,14.285714285714286,5,0,5,7.38445315102e-05,66.66666666666667,33.33333333333333,0.0015906000044196844,0.006158399977721274,0.00038600002881139517,0.1188195999711752,0.2137609999626875,0.08770899998489767,0.02227880002465099,0.021774500026367605,0.0008980000857263803
0.4,LP3 ($\theta$ Only),2,45,0.002628320851511554,,0,7.619047619047619,1.4705882352941178,18.91891891891892,8,1,7,0.0002558541667590095,93.33333333333333,6.666666666666671,0.0016120000509545207,0.005626400001347065,7.559999357908964e-05,0.13043039990589023,0.23009230010211468,0.07602959999348968,0.02075470006093383,0.02308050007559359,0.0005103000439703465
0.4,LP3 ($\theta$ Only),3,48,0.003277469191258227,,2,13.592233009708737,4.6875,28.205128205128204,14,3,11,0.0003127512084710577,93.33333333333333,6.666666666666671,0.0018218000186607242,0.006326099974103272,0.00039029994513839483,0.15634180000051856,0.2383569999365136,0.08845949999522418,0.022825199994258583,0.020725900074467063,0.0005006000865250826
0.4,LP3 ($\theta$ Only),4,52,0.0016522772478916431,,0,6.666666666666667,0.0,12.068965517241379,7,0,7,0.00013627121980551213,80.0,20.0,0.0015824999427422881,0.0054617999121546745,7.229996845126152e-05,0.13156429992523044,0.4260499000083655,0.11581310001201928,0.01988429995253682,0.022481000050902367,0.000507800024934113
0.4,LP3 ($\theta$ Only),5,57,0.004095775341613015,,5,16.0,3.9215686274509802,28.571428571428573,16,2,14,0.00030251642180369854,93.33333333333333,6.666666666666671,0.001577800023369491,0.005273999995552003,0.0005689000245183706,0.12795160000678152,0.2309007999720052,0.0875653000548482,0.020389200071804225,0.018774199998006225,0.0006334999343380332
0.4,LP3 ($\theta$ Only),6,63,0.0034446933115724223,,0,10.476190476190476,6.329113924050633,23.076923076923077,11,5,6,0.0003294191232673464,93.33333333333333,6.666666666666671,0.0015804999275133014,0.005468399962410331,7.119996007531881e-05,0.13127790007274598,0.2194259000243619,0.07299780007451773,0.020228700013831258,0.023816999979317188,0.0005164999747648835
0.4,LP3 ($\theta$ Only),7,70,0.004492688493346957,,4,12.871287128712872,1.6129032258064515,30.76923076923077,13,1,12,0.0003786641988747605,93.33333333333333,6.666666666666671,0.0016488999826833606,0.007697800057940185,0.0005780999781563878,0.15520510007627308,0.21799060003831983,0.11594300006981939,0.021971900016069412,0.019184599979780614,0.0004971999442204833
0.4,LP3 ($\theta$ Only),8,78,0.0025369549167291493,,6,9.090909090909092,1.694915254237288,20.0,9,1,8,0.0002191857699200467,80.0,20.0,0.0015752000035718083,0.005181499989703298,0.0012528999941423535,0.12261610000859946,0.21769059996586293,0.11490149993915111,0.020475300028920174,0.01933080004528165,0.0012690998846665025
0.4,LP3 ($\theta$ Only),9,87,0.0038927646563870254,,6,15.151515151515152,13.461538461538462,17.02127659574468,15,7,8,0.0003765566846805475,93.33333333333333,6.666666666666671,0.0044278999557718635,0.006224400014616549,0.0003899000585079193,0.21345719997771084,0.4227096999529749,0.1299845000030473,0.04830259992741048,0.036214099964126945,0.0005969000048935413
0.4,LP3 ($\theta$ Only),10,97,0.002190542522255514,,7,10.204081632653061,0.0,18.867924528301888,10,0,10,0.0001529172336108535,80.0,20.0,0.0023924000561237335,0.00837990001309663,0.0029234999092295766,0.23767300008330494,0.2890784000046551,0.08979869994800538,0.022444400005042553,0.021410200046375394,0.0014224000042304397
0.4,LP3 ($\theta$ Only),11,108,0.001937467232952909,,3,5.882352941176471,0.0,13.953488372093023,6,0,6,0.00017106702586089237,86.66666666666667,13.333333333333329,0.0030970999505370855,0.010512600070796907,0.0003869999200105667,0.30427000008057803,0.2292406999040395,0.07321780000347644,0.023645400069653988,0.01985500007867813,0.0005009000888094306
0.4,LP3 ($\theta$ Only),12,120,0.0028966051166148415,,2,12.62135922330097,0.0,25.0,13,0,13,0.0002916129148613419,93.33333333333333,6.666666666666671,0.001574800000526011,0.005371800041757524,0.0003603999502956867,0.14587590005248785,0.23348129994701594,0.09407279989682138,0.021033099968917668,0.021814299980178475,0.0005053000058978796
0.4,LP3 ($\theta$ Only),13,133,0.002641218041939643,,0,9.523809523809524,5.633802816901408,17.647058823529413,10,4,6,0.00023060040638160504,80.0,20.0,0.001591100008226931,0.0059441999765113,0.00011820008512586355,0.13835390005260706,0.21555680001620203,0.10378130001481622,0.019935899996198714,0.020441100001335144,0.0005138000706210732
0.4,LP3 ($\theta$ Only),14,147,0.005389838556184822,,4,18.81188118811881,8.695652173913043,27.272727272727273,19,4,15,0.0003719856481636877,86.66666666666667,13.333333333333329,0.0015940000303089619,0.005419400054961443,0.0003684000112116337,0.12338170001748949,0.2533209000248462,0.07419459999073297,0.02004930004477501,0.022524400032125413,0.0005003999685868621
0.4,LP3 ($\theta$ Only),15,162,0.0026127102300999273,,3,7.8431372549019605,0.0,19.51219512195122,8,0,8,0.00023807587233660738,80.0,20.0,0.0018492999952286482,0.006959500024095178,0.00038649991620332,0.11834130005445331,0.23049640003591776,0.11339239997323602,0.021159199997782707,0.01962239993736148,0.0004990999586880207
0.4,LP3 ($\theta$ Only),16,178,0.002294953999002896,,7,7.142857142857143,2.0833333333333335,12.0,7,1,6,0.00016039179822785352,80.0,20.0,0.0015850999625399709,0.0054082999704405665,0.0003451000666245818,0.12398690008558333,0.21709459996782243,0.08152609993703663,0.021979999961331487,0.020238199969753623,0.0004808999365195632
0.4,LP3 ($\theta$ Only),17,195,0.0013169699695364941,,0,3.8095238095238093,0.0,12.903225806451612,4,0,4,0.00013865710653847112,73.33333333333333,26.66666666666667,0.0017380999634042382,0.007228299975395203,0.00011639995500445366,0.1364273999352008,0.22066450002603233,0.12128090008627623,0.021593900048173964,0.019754899898543954,0.0005082000279799104
0.4,LP3 ($\theta$ Only),18,213,0.0014248132392872172,,1,3.8461538461538463,0.0,10.0,4,0,4,0.00014098386544744723,53.333333333333336,46.666666666666664,0.0027789000887423754,0.007872399990446866,0.0005981000140309334,0.1310196000849828,0.23239180003292859,0.1292409000452608,0.030377899995073676,0.02394550002645701,0.0009585999650880694
0.4,LP3 ($\theta$ Only),19,232,0.003826777941988789,,2,10.679611650485437,0.0,26.829268292682926,11,0,11,0.00031986891145297376,93.33333333333333,6.666666666666671,0.0015907000051811337,0.005512399948202074,0.00036539998836815357,0.13452970003709197,0.22762609994970262,0.09390069998335093,0.025603200076147914,0.022772800060920417,0.0005010000895708799
0.4,Linear BTL,0,42,,-147.49559364193576,2,10.679611650485437,0.0,20.0,11,0,11,,,,0.0021788999438285828,0.0051859000232070684,0.0003749000607058406,0.1535509000532329,0.23907609994057566,0.08516159991268069,0.02864250005222857,0.02644509996753186,0.0005061000119894743
0.4,Linear BTL,1,43,,-114.63720043358072,4,4.9504950495049505,0.0,14.285714285714286,5,0,5,,,,0.0015906000044196844,0.006158399977721274,0.00038600002881139517,0.1188195999711752,0.2137609999626875,0.08770899998489767,0.02227880002465099,0.021774500026367605,0.0008980000857263803
0.4,Linear BTL,2,45,,-120.63845370757802,0,12.380952380952381,2.9411764705882355,29.72972972972973,13,2,11,,,,0.0016120000509545207,0.005626400001347065,7.559999357908964e-05,0.13043039990589023,0.23009230010211468,0.07602959999348968,0.02075470006093383,0.02308050007559359,0.0005103000439703465
0.4,Linear BTL,3,48,,-128.62112695681623,2,12.62135922330097,4.6875,25.641025641025642,13,3,10,,,,0.0018218000186607242,0.006326099974103272,0.00039029994513839483,0.15634180000051856,0.2383569999365136,0.08845949999522418,0.022825199994258583,0.020725900074467063,0.0005006000865250826
0.4,Linear BTL,4,52,,-149.34078780767004,0,6.666666666666667,0.0,12.068965517241379,7,0,7,,,,0.0015824999427422881,0.0054617999121546745,7.229996845126152e-05,0.13156429992523044,0.4260499000083655,0.11581310001201928,0.01988429995253682,0.022481000050902367,0.000507800024934113
0.4,Linear BTL,5,57,,-151.84053457446385,5,15.0,3.9215686274509802,26.53061224489796,15,2,13,,,,0.001577800023369491,0.005273999995552003,0.0005689000245183706,0.12795160000678152,0.2309007999720052,0.0875653000548482,0.020389200071804225,0.018774199998006225,0.0006334999343380332
0.4,Linear BTL,6,63,,-102.21363961965795,0,12.380952380952381,7.594936708860759,26.923076923076923,13,6,7,,,,0.0015804999275133014,0.005468399962410331,7.119996007531881e-05,0.13127790007274598,0.2194259000243619,0.07299780007451773,0.020228700013831258,0.023816999979317188,0.0005164999747648835
0.4,Linear BTL,7,70,,-151.85150391640923,4,17.821782178217823,6.451612903225806,35.8974358974359,18,4,14,,,,0.0016488999826833606,0.007697800057940185,0.0005780999781563878,0.15520510007627308,0.21799060003831983,0.11594300006981939,0.021971900016069412,0.019184599979780614,0.0004971999442204833
0.4,Linear BTL,8,78,,-140.1037611733579,6,12.121212121212121,1.694915254237288,27.5,12,1,11,,,,0.0015752000035718083,0.005181499989703298,0.0012528999941423535,0.12261610000859946,0.21769059996586293,0.11490149993915111,0.020475300028920174,0.01933080004528165,0.0012690998846665025
0.4,Linear BTL,9,87,,-166.16003461381445,6,18.181818181818183,13.461538461538462,23.404255319148938,18,7,11,,,,0.0044278999557718635,0.006224400014616549,0.0003899000585079193,0.21345719997771084,0.4227096999529749,0.1299845000030473,0.04830259992741048,0.036214099964126945,0.0005969000048935413
0.4,Linear BTL,10,97,,-149.86514150134403,7,13.26530612244898,0.0,24.528301886792452,13,0,13,,,,0.0023924000561237335,0.00837990001309663,0.0029234999092295766,0.23767300008330494,0.2890784000046551,0.08979869994800538,0.022444400005042553,0.021410200046375394,0.0014224000042304397
0.4,Linear BTL,11,108,,-126.28966266473356,3,8.823529411764707,0.0,20.930232558139537,9,0,9,,,,0.0030970999505370855,0.010512600070796907,0.0003869999200105667,0.30427000008057803,0.2292406999040395,0.07321780000347644,0.023645400069653988,0.01985500007867813,0.0005009000888094306
0.4,Linear BTL,12,120,,-151.42114539039937,2,12.62135922330097,0.0,25.0,13,0,13,,,,0.001574800000526011,0.005371800041757524,0.0003603999502956867,0.14587590005248785,0.23348129994701594,0.09407279989682138,0.021033099968917668,0.021814299980178475,0.0005053000058978796
0.4,Linear BTL,13,133,,-106.64658193796045,0,11.428571428571429,2.816901408450704,29.41176470588235,12,2,10,,,,0.001591100008226931,0.0059441999765113,0.00011820008512586355,0.13835390005260706,0.21555680001620203,0.10378130001481622,0.019935899996198714,0.020441100001335144,0.0005138000706210732
0.4,Linear BTL,14,147,,-183.9686781023019,4,18.81188118811881,6.521739130434782,29.09090909090909,19,3,16,,,,0.0015940000303089619,0.005419400054961443,0.0003684000112116337,0.12338170001748949,0.2533209000248462,0.07419459999073297,0.02004930004477501,0.022524400032125413,0.0005003999685868621
0.4,Linear BTL,15,162,,-126.33477179316455,3,9.803921568627452,0.0,24.390243902439025,10,0,10,,,,0.0018492999952286482,0.006959500024095178,0.00038649991620332,0.11834130005445331,0.23049640003591776,0.11339239997323602,0.021159199997782707,0.01962239993736148,0.0004990999586880207
0.4,Linear BTL,16,178,,-150.10445852823108,7,7.142857142857143,0.0,14.0,7,0,7,,,,0.0015850999625399709,0.0054082999704405665,0.0003451000666245818,0.12398690008558333,0.21709459996782243,0.08152609993703663,0.021979999961331487,0.020238199969753623,0.0004808999365195632
0.4,Linear BTL,17,195,,-93.11604151418716,0,5.714285714285714,0.0,19.35483870967742,6,0,6,,,,0.0017380999634042382,0.007228299975395203,0.00011639995500445366,0.1364273999352008,0.22066450002603233,0.12128090008627623,0.021593900048173964,0.019754899898543954,0.0005082000279799104
0.4,Linear BTL,18,213,,-125.32484116918188,1,9.615384615384615,3.125,20.0,10,2,8,,,,0.0027789000887423754,0.007872399990446866,0.0005981000140309334,0.1310196000849828,0.23239180003292859,0.1292409000452608,0.030377899995073676,0.02394550002645701,0.0009585999650880694
0.4,Linear BTL,19,232,,-139.59341836112313,2,13.592233009708737,1.6129032258064515,31.70731707317073,14,1,13,,,,0.0015907000051811337,0.005512399948202074,0.00036539998836815357,0.13452970003709197,0.22762609994970262,0.09390069998335093,0.025603200076147914,0.022772800060920417,0.0005010000895708799
0.5,LP2 ($\theta$ Only),0,42,0.00017659134594774577,,6,10.1010101010101,0.0,16.666666666666668,10,0,10,0.0001765913459477458,53.333333333333336,46.666666666666664,0.0017131000058725476,0.006303299916908145,0.0003690000157803297,0.30333680007606745,0.21782150003127754,0.08145010005682707,0.019212699960917234,0.018913800013251603,0.0009170999983325601
0.5,LP2 ($\theta$ Only),1,43,8.551322228138375e-05,,6,7.070707070707071,3.5714285714285716,11.627906976744185,7,2,5,8.551322228138375e-05,40.0,60.0,0.0015924000181257725,0.005551400012336671,0.00034909998066723347,0.13471430004574358,0.21675050002522767,0.07372760004363954,0.02267879992723465,0.021675299969501793,0.0009177000029012561
0.5,LP2 ($\theta$ Only),2,45,0.0001194116573730024,,3,6.862745098039215,1.7241379310344827,13.636363636363637,7,1,6,0.0001194116573730024,40.0,60.0,0.0015849999617785215,0.005387299926951528,0.0003611000720411539,0.12664010003209114,0.22348669997882098,0.13868969993200153,0.026286200038157403,0.023416200070641935,0.0009495000122115016
0.5,LP2 ($\theta$ Only),3,48,0.00013892802635893773,,7,18.367346938775512,5.769230769230769,32.608695652173914,18,3,15,0.00013892802635893773,40.0,60.0,0.0015881999861449003,0.005458700004965067,0.0003671000013127923,0.12636469991412014,0.27181180007755756,0.1344200000166893,0.028241800027899444,0.025666599976830184,0.00048669998068362474
0.5,LP2 ($\theta$ Only),4,52,0.00022013709469880717,,0,14.285714285714286,7.894736842105263,17.91044776119403,15,3,12,0.00022013709469880717,60.0,40.0,0.004389700014144182,0.007445600000210106,8.310005068778992e-05,0.14132880000397563,0.21909409994259477,0.0950773999793455,0.02439759997650981,0.02336170000489801,0.0009704000549390912
0.5,LP2 ($\theta$ Only),5,57,0.0002889269511026585,,11,31.914893617021278,28.88888888888889,34.69387755102041,30,13,17,0.00028892695110265855,60.0,40.0,0.001574800000526011,0.005385599914006889,0.0003494000993669033,0.12557209993246943,0.21032630000263453,0.07629080000333488,0.02093949995469302,0.018867100006900728,0.0008838999783620238
0.5,LP2 ($\theta$ Only),6,63,0.000169717951891349,,2,11.650485436893204,5.47945205479452,26.666666666666668,12,4,8,0.000169717951891349,46.666666666666664,53.333333333333336,0.0015903000021353364,0.005689700017683208,0.0003722000401467085,0.14134939992800355,0.22276370006147772,0.09821510000620037,0.02355569996871054,0.02375749999191612,0.000808300101198256
0.5,LP2 ($\theta$ Only),7,70,0.00017633205025188134,,7,13.26530612244898,0.0,25.0,13,0,13,0.00017633205025188134,53.333333333333336,46.666666666666664,0.003336499910801649,0.01256539998576045,0.0010701999999582767,0.22556250006891787,0.4033080000663176,0.09054309991188347,0.021771200001239777,0.02222560008522123,0.0009148000972345471
0.5,LP2 ($\theta$ Only),8,78,0.00020214244691536392,,3,13.72549019607843,7.142857142857143,21.73913043478261,14,4,10,0.00020214244691536395,60.0,40.0,0.0016052999999374151,0.0054596998961642385,0.0003693000180646777,0.12471020000521094,0.227822000044398,0.07801369996741414,0.023236299981363118,0.019664900028146803,0.0005034999921917915
0.5,LP2 ($\theta$ Only),9,87,0.00025373154380544944,,10,21.05263157894737,5.2631578947368425,31.57894736842105,20,2,18,0.00025373154380544944,60.0,40.0,0.0015896999975666404,0.005310199921950698,0.00035580003168433905,0.11553959990851581,0.18788900005165488,0.07447120000142604,0.020997499930672348,0.021947600063867867,0.0008877000072970986
0.5,LP2 ($\theta$ Only),10,97,8.5209613351349e-05,,7,4.081632653061225,0.0,6.666666666666667,4,0,4,8.520961335134899e-05,33.333333333333336,66.66666666666666,0.0019234999781474471,0.005410999990999699,0.00036259996704757214,0.13381939998362213,0.2080666000256315,0.1118387000169605,0.02171460003592074,0.020164099987596273,0.000909700058400631
0.5,LP2 ($\theta$ Only),11,108,0.00013132163464469582,,6,11.11111111111111,3.6363636363636362,20.454545454545453,11,2,9,0.0001313216346446958,33.333333333333336,66.66666666666666,0.0015905998880043626,0.005867599975317717,0.00038700003642588854,0.14904719998594373,0.20817499991972,0.09182460000738502,0.02228060003835708,0.02180159999988973,0.0009224000386893749
0.5,LP2 ($\theta$ Only),12,120,0.0001646508286531703,,8,15.463917525773196,9.523809523809524,20.0,15,4,11,0.0001646508286531703,33.333333333333336,66.66666666666666,0.0017634000396355987,0.005466099944896996,0.0003567000385373831,0.17288740002550185,0.25211559992749244,0.12184770009480417,0.027760000084526837,0.030986599973402917,0.0008986999746412039
0.5,LP2 ($\theta$ Only),13,133,0.0001608596695077174,,6,12.121212121212121,15.0,7.6923076923076925,12,9,3,0.0001608596695077174,46.666666666666664,53.333333333333336,0.0026907999999821186,0.009617700008675456,0.0006395999807864428,0.16556720004882663,0.22381100000347942,0.07562569994479418,0.019791399943642318,0.02438580000307411,0.0009259000653401017
0.5,LP2 ($\theta$ Only),14,147,0.00018205018861054565,,7,18.367346938775512,13.513513513513514,21.311475409836067,18,5,13,0.00018205018861054562,46.666666666666664,53.333333333333336,0.0019407999934628606,0.006923099979758263,0.0005677000153809786,0.17483010003343225,0.2771153999492526,0.08562539995182306,0.019529299926944077,0.02967219997663051,0.0009184000082314014
0.5,LP2 ($\theta$ Only),15,162,0.00021526217205420392,,5,15.0,8.19672131147541,25.641025641025642,15,5,10,0.00021526217205420392,60.0,40.0,0.0050891999853774905,0.012028199969790876,0.0009048000210896134,0.15773909993004054,0.20945740002207458,0.0835156999528408,0.023617199971340597,0.022546399966813624,0.0009391000494360924
0.5,LP2 ($\theta$ Only),16,178,0.00019389094576469453,,11,14.893617021276595,5.555555555555555,20.689655172413794,14,2,12,0.00019389094576469453,46.666666666666664,53.333333333333336,0.0015750000020489097,0.005138800013810396,0.0003423000453040004,0.11893340002279729,0.19679449999239296,0.09449169994331896,0.020830299938097596,0.018369899946264923,0.00046630005817860365
0.5,LP2 ($\theta$ Only),17,195,0.00011225309723740974,,7,7.142857142857143,2.816901408450704,18.51851851851852,7,2,5,0.00011225309723740976,40.0,60.0,0.0015844999579712749,0.005329499952495098,0.0003792999777942896,0.1275069999974221,0.22772590001113713,0.10268699994776398,0.01898960000835359,0.018569600069895387,0.0004893000004813075
0.5,LP2 ($\theta$ Only),18,213,0.00011104022636567441,,5,6.0,1.6129032258064515,13.157894736842104,6,1,5,0.00011104022636567441,53.333333333333336,46.666666666666664,0.0015659000491723418,0.00748830009251833,0.0005608000792562962,0.13175330008380115,0.22398129990324378,0.10147949995007366,0.023617899976670742,0.02221660001669079,0.0005073000211268663
0.5,LP2 ($\theta$ Only),19,232,0.00018199251249254885,,3,14.705882352941176,1.7857142857142858,30.434782608695652,15,1,14,0.00018199251249254882,60.0,40.0,0.0015825999435037374,0.007451299927197397,0.0005302999634295702,0.16452300001401454,0.34441560006234795,0.10574979998636991,0.02078689995687455,0.02101080003194511,0.0009437000844627619
0.5,LP3 ($\theta$ Only),0,42,0.002843829680179746,,6,10.1010101010101,0.0,16.666666666666668,10,0,10,0.0002833950864672071,93.33333333333333,6.666666666666671,0.0017131000058725476,0.006303299916908145,0.0003690000157803297,0.30333680007606745,0.21782150003127754,0.08145010005682707,0.019212699960917234,0.018913800013251603,0.0009170999983325601
0.5,LP3 ($\theta$ Only),1,43,0.0015982177910384375,,6,6.0606060606060606,3.5714285714285716,9.30232558139535,6,2,4,0.00010490637596097217,60.0,40.0,0.0015924000181257725,0.005551400012336671,0.00034909998066723347,0.13471430004574358,0.21675050002522767,0.07372760004363954,0.02267879992723465,0.021675299969501793,0.0009177000029012561
0.5,LP3 ($\theta$ Only),2,45,0.0017810911708612777,,3,3.9215686274509802,1.7241379310344827,6.818181818181818,4,1,3,0.00016038789416282338,73.33333333333333,26.66666666666667,0.0015849999617785215,0.005387299926951528,0.0003611000720411539,0.12664010003209114,0.22348669997882098,0.13868969993200153,0.026286200038157403,0.023416200070641935,0.0009495000122115016
0.5,LP3 ($\theta$ Only),3,48,0.0031807460646357077,,7,16.3265306122449,5.769230769230769,28.26086956521739,16,3,13,0.00023381368230745953,86.66666666666667,13.333333333333329,0.0015881999861449003,0.005458700004965067,0.0003671000013127923,0.12636469991412014,0.27181180007755756,0.1344200000166893,0.028241800027899444,0.025666599976830184,0.00048669998068362474
0.5,LP3 ($\theta$ Only),4,52,0.0038175249903241414,,0,8.571428571428571,0.0,13.432835820895523,9,0,9,0.00032361056176938665,93.33333333333333,6.666666666666671,0.004389700014144182,0.007445600000210106,8.310005068778992e-05,0.14132880000397563,0.21909409994259477,0.0950773999793455,0.02439759997650981,0.02336170000489801,0.0009704000549390912
0.5,LP3 ($\theta$ Only),5,57,0.0062326954903655085,,11,22.340425531914892,13.333333333333334,30.612244897959183,21,6,15,0.0003636665505179927,93.33333333333333,6.666666666666671,0.001574800000526011,0.005385599914006889,0.0003494000993669033,0.12557209993246943,0.21032630000263453,0.07629080000333488,0.02093949995469302,0.018867100006900728,0.0008838999783620238
0.5,LP3 ($\theta$ Only),6,63,0.002816883829260466,,2,8.737864077669903,4.109589041095891,20.0,9,3,6,0.00022616947115437173,86.66666666666667,13.333333333333329,0.0015903000021353364,0.005689700017683208,0.0003722000401467085,0.14134939992800355,0.22276370006147772,0.09821510000620037,0.02355569996871054,0.02375749999191612,0.000808300101198256
0.5,LP3 ($\theta$ Only),7,70,0.003647196556879266,,7,13.26530612244898,2.1739130434782608,23.076923076923077,13,1,12,0.0002447436841371648,93.33333333333333,6.666666666666671,0.003336499910801649,0.01256539998576045,0.0010701999999582767,0.22556250006891787,0.4033080000663176,0.09054309991188347,0.021771200001239777,0.02222560008522123,0.0009148000972345471
0.5,LP3 ($\theta$ Only),8,78,0.0035629082868242996,,3,13.72549019607843,7.142857142857143,21.73913043478261,14,4,10,0.00030883665955160804,93.33333333333333,6.666666666666671,0.0016052999999374151,0.0054596998961642385,0.0003693000180646777,0.12471020000521094,0.227822000044398,0.07801369996741414,0.023236299981363118,0.019664900028146803,0.0005034999921917915
0.5,LP3 ($\theta$ Only),9,87,0.004689094442412468,,10,17.894736842105264,2.6315789473684212,28.07017543859649,17,1,16,0.0003118437381200909,86.66666666666667,13.333333333333329,0.0015896999975666404,0.005310199921950698,0.00035580003168433905,0.11553959990851581,0.18788900005165488,0.07447120000142604,0.020997499930672348,0.021947600063867867,0.0008877000072970986
0.5,LP3 ($\theta$ Only),10,97,0.0013387811968297199,,7,4.081632653061225,0.0,6.666666666666667,4,0,4,9.341186318065399e-05,46.666666666666664,53.333333333333336,0.0019234999781474471,0.005410999990999699,0.00036259996704757214,0.13381939998362213,0.2080666000256315,0.1118387000169605,0.02171460003592074,0.020164099987596273,0.000909700058400631
0.5,LP3 ($\theta$ Only),11,108,0.0018151323028377736,,6,7.070707070707071,0.0,15.909090909090908,7,0,7,0.00017922369851368608,80.0,20.0,0.0015905998880043626,0.005867599975317717,0.00038700003642588854,0.14904719998594373,0.20817499991972,0.09182460000738502,0.02228060003835708,0.02180159999988973,0.0009224000386893749
0.5,LP3 ($\theta$ Only),12,120,0.0035259974642663835,,8,17.52577319587629,4.761904761904762,27.272727272727273,17,2,15,0.0002876214725175831,93.33333333333333,6.666666666666671,0.0017634000396355987,0.005466099944896996,0.0003567000385373831,0.17288740002550185,0.25211559992749244,0.12184770009480417,0.027760000084526837,0.030986599973402917,0.0008986999746412039
0.5,LP3 ($\theta$ Only),13,133,0.002659196222993492,,6,6.0606060606060606,6.666666666666667,5.128205128205129,6,4,2,0.00021430892742656707,80.0,20.0,0.0026907999999821186,0.009617700008675456,0.0006395999807864428,0.16556720004882663,0.22381100000347942,0.07562569994479418,0.019791399943642318,0.02438580000307411,0.0009259000653401017
0.5,LP3 ($\theta$ Only),14,147,0.004943920039167917,,7,17.346938775510203,13.513513513513514,19.672131147540984,17,5,12,0.0003465441435009485,86.66666666666667,13.333333333333329,0.0019407999934628606,0.006923099979758263,0.0005677000153809786,0.17483010003343225,0.2771153999492526,0.08562539995182306,0.019529299926944077,0.02967219997663051,0.0009184000082314014
0.5,LP3 ($\theta$ Only),15,162,0.003595720743374899,,5,13.0,4.918032786885246,25.641025641025642,13,3,10,0.0002739091414249055,86.66666666666667,13.333333333333329,0.0050891999853774905,0.012028199969790876,0.0009048000210896134,0.15773909993004054,0.20945740002207458,0.0835156999528408,0.023617199971340597,0.022546399966813624,0.0009391000494360924
0.5,LP3 ($\theta$ Only),16,178,0.003470885583952846,,11,13.829787234042554,2.7777777777777777,20.689655172413794,13,1,12,0.0002483213742186123,86.66666666666667,13.333333333333329,0.0015750000020489097,0.005138800013810396,0.0003423000453040004,0.11893340002279729,0.19679449999239296,0.09449169994331896,0.020830299938097596,0.018369899946264923,0.00046630005817860365
0.5,LP3 ($\theta$ Only),17,195,0.0017767702650034703,,7,8.16326530612245,5.633802816901408,14.814814814814815,8,4,4,0.00016595309297973143,80.0,20.0,0.0015844999579712749,0.005329499952495098,0.0003792999777942896,0.1275069999974221,0.22772590001113713,0.10268699994776398,0.01898960000835359,0.018569600069895387,0.0004893000004813075
0.5,LP3 ($\theta$ Only),18,213,0.0017703494759909253,,5,5.0,1.6129032258064515,10.526315789473685,5,1,4,0.0001293701518903074,80.0,20.0,0.0015659000491723418,0.00748830009251833,0.0005608000792562962,0.13175330008380115,0.22398129990324378,0.10147949995007366,0.023617899976670742,0.02221660001669079,0.0005073000211268663
0.5,LP3 ($\theta$ Only),19,232,0.003231170153876654,,3,10.784313725490197,3.5714285714285716,19.565217391304348,11,2,9,0.00032816820354497975,86.66666666666667,13.333333333333329,0.0015825999435037374,0.007451299927197397,0.0005302999634295702,0.16452300001401454,0.34441560006234795,0.10574979998636991,0.02078689995687455,0.02101080003194511,0.0009437000844627619
0.5,Linear BTL,0,42,,-161.4295895208892,6,10.1010101010101,0.0,16.666666666666668,10,0,10,,,,0.0017131000058725476,0.006303299916908145,0.0003690000157803297,0.30333680007606745,0.21782150003127754,0.08145010005682707,0.019212699960917234,0.018913800013251603,0.0009170999983325601
0.5,Linear BTL,1,43,,-136.34598408629446,6,9.090909090909092,3.5714285714285716,16.27906976744186,9,2,7,,,,0.0015924000181257725,0.005551400012336671,0.00034909998066723347,0.13471430004574358,0.21675050002522767,0.07372760004363954,0.02267879992723465,0.021675299969501793,0.0009177000029012561
0.5,Linear BTL,2,45,,-130.2816884200191,3,8.823529411764707,0.0,20.454545454545453,9,0,9,,,,0.0015849999617785215,0.005387299926951528,0.0003611000720411539,0.12664010003209114,0.22348669997882098,0.13868969993200153,0.026286200038157403,0.023416200070641935,0.0009495000122115016
0.5,Linear BTL,3,48,,-148.46275397426385,7,14.285714285714286,3.8461538461538463,26.08695652173913,14,2,12,,,,0.0015881999861449003,0.005458700004965067,0.0003671000013127923,0.12636469991412014,0.27181180007755756,0.1344200000166893,0.028241800027899444,0.025666599976830184,0.00048669998068362474
0.5,Linear BTL,4,52,,-169.72699346760623,0,10.476190476190476,0.0,16.417910447761194,11,0,11,,,,0.004389700014144182,0.007445600000210106,8.310005068778992e-05,0.14132880000397563,0.21909409994259477,0.0950773999793455,0.02439759997650981,0.02336170000489801,0.0009704000549390912
0.5,Linear BTL,5,57,,-192.49448143479938,11,26.595744680851062,11.11111111111111,40.816326530612244,25,5,20,,,,0.001574800000526011,0.005385599914006889,0.0003494000993669033,0.12557209993246943,0.21032630000263453,0.07629080000333488,0.02093949995469302,0.018867100006900728,0.0008838999783620238
0.5,Linear BTL,6,63,,-127.2044781188487,2,11.650485436893204,5.47945205479452,26.666666666666668,12,4,8,,,,0.0015903000021353364,0.005689700017683208,0.0003722000401467085,0.14134939992800355,0.22276370006147772,0.09821510000620037,0.02355569996871054,0.02375749999191612,0.000808300101198256
0.5,Linear BTL,7,70,,-166.41014174675524,7,14.285714285714286,2.1739130434782608,25.0,14,1,13,,,,0.003336499910801649,0.01256539998576045,0.0010701999999582767,0.22556250006891787,0.4033080000663176,0.09054309991188347,0.021771200001239777,0.02222560008522123,0.0009148000972345471
0.5,Linear BTL,8,78,,-153.5120536035332,3,14.705882352941176,7.142857142857143,23.91304347826087,15,4,11,,,,0.0016052999999374151,0.0054596998961642385,0.0003693000180646777,0.12471020000521094,0.227822000044398,0.07801369996741414,0.023236299981363118,0.019664900028146803,0.0005034999921917915
0.5,Linear BTL,9,87,,-178.97454330583557,10,20.0,2.6315789473684212,31.57894736842105,19,1,18,,,,0.0015896999975666404,0.005310199921950698,0.00035580003168433905,0.11553959990851581,0.18788900005165488,0.07447120000142604,0.020997499930672348,0.021947600063867867,0.0008877000072970986
0.5,Linear BTL,10,97,,-154.40793297957896,7,9.183673469387756,0.0,15.0,9,0,9,,,,0.0019234999781474471,0.005410999990999699,0.00036259996704757214,0.13381939998362213,0.2080666000256315,0.1118387000169605,0.02171460003592074,0.020164099987596273,0.000909700058400631
0.5,Linear BTL,11,108,,-133.70107685330356,6,11.11111111111111,0.0,25.0,11,0,11,,,,0.0015905998880043626,0.005867599975317717,0.00038700003642588854,0.14904719998594373,0.20817499991972,0.09182460000738502,0.02228060003835708,0.02180159999988973,0.0009224000386893749
0.5,Linear BTL,12,120,,-173.07942091587933,8,14.43298969072165,2.380952380952381,23.636363636363637,14,1,13,,,,0.0017634000396355987,0.005466099944896996,0.0003567000385373831,0.17288740002550185,0.25211559992749244,0.12184770009480417,0.027760000084526837,0.030986599973402917,0.0008986999746412039
0.5,Linear BTL,13,133,,-157.13476205716984,6,9.090909090909092,8.333333333333334,10.256410256410257,9,5,4,,,,0.0026907999999821186,0.009617700008675456,0.0006395999807864428,0.16556720004882663,0.22381100000347942,0.07562569994479418,0.019791399943642318,0.02438580000307411,0.0009259000653401017
0.5,Linear BTL,14,147,,-180.41474057974006,7,20.408163265306122,10.81081081081081,26.229508196721312,20,4,16,,,,0.0019407999934628606,0.006923099979758263,0.0005677000153809786,0.17483010003343225,0.2771153999492526,0.08562539995182306,0.019529299926944077,0.02967219997663051,0.0009184000082314014
0.5,Linear BTL,15,162,,-144.4003112506336,5,14.0,6.557377049180328,25.641025641025642,14,4,10,,,,0.0050891999853774905,0.012028199969790876,0.0009048000210896134,0.15773909993004054,0.20945740002207458,0.0835156999528408,0.023617199971340597,0.022546399966813624,0.0009391000494360924
0.5,Linear BTL,16,178,,-175.53981600125823,11,14.893617021276595,5.555555555555555,20.689655172413794,14,2,12,,,,0.0015750000020489097,0.005138800013810396,0.0003423000453040004,0.11893340002279729,0.19679449999239296,0.09449169994331896,0.020830299938097596,0.018369899946264923,0.00046630005817860365
0.5,Linear BTL,17,195,,-105.39048496837228,7,9.183673469387756,0.0,33.333333333333336,9,0,9,,,,0.0015844999579712749,0.005329499952495098,0.0003792999777942896,0.1275069999974221,0.22772590001113713,0.10268699994776398,0.01898960000835359,0.018569600069895387,0.0004893000004813075
0.5,Linear BTL,18,213,,-122.09631649778325,5,5.0,1.6129032258064515,10.526315789473685,5,1,4,,,,0.0015659000491723418,0.00748830009251833,0.0005608000792562962,0.13175330008380115,0.22398129990324378,0.10147949995007366,0.023617899976670742,0.02221660001669079,0.0005073000211268663
0.5,Linear BTL,19,232,,-138.11689354480777,3,12.745098039215685,1.7857142857142858,26.08695652173913,13,1,12,,,,0.0015825999435037374,0.007451299927197397,0.0005302999634295702,0.16452300001401454,0.34441560006234795,0.10574979998636991,0.02078689995687455,0.02101080003194511,0.0009437000844627619
0.6,LP2 ($\theta$ Only),0,42,0.00021489208902767851,,9,18.75,0.0,26.08695652173913,18,0,18,0.00021489208902767851,53.333333333333336,46.666666666666664,0.0017048000590875745,0.006626700051128864,0.00037350005004554987,0.1345259000081569,0.22233409993350506,0.1001190000679344,0.020112000056542456,0.02086240006610751,0.0009082000469788909
0.6,LP2 ($\theta$ Only),1,43,0.00011661655650431188,,8,11.34020618556701,5.714285714285714,14.516129032258064,11,2,9,0.00011661655650431188,46.666666666666664,53.333333333333336,0.001587499980814755,0.005239000078290701,0.00036589999217540026,0.17105749994516373,0.49984599999152124,0.2828418000135571,0.02201090008020401,0.018692900077439845,0.0004754000110551715
0.6,LP2 ($\theta$ Only),2,45,0.0001691903017470802,,3,13.72549019607843,7.6923076923076925,20.0,14,4,10,0.0001691903017470802,46.666666666666664,53.333333333333336,0.0015977000584825873,0.0054302000207826495,0.0005758999614045024,0.12810860003810376,0.2777424999512732,0.08423919999040663,0.02548499999102205,0.023210300016216934,0.0005058000097051263
0.6,LP2 ($\theta$ Only),3,48,0.00018664652762176152,,8,13.402061855670103,6.521739130434782,19.607843137254903,13,3,10,0.0001866465276217615,60.0,40.0,0.0015962999314069748,0.00803769996855408,0.00037539994809776545,0.13389359996654093,0.22745490004308522,0.1179184999782592,0.022293000016361475,0.020163899986073375,0.0004808999365195632
0.6,LP2 ($\theta$ Only),4,52,0.00012718930361612805,,6,12.121212121212121,3.4482758620689653,15.714285714285714,12,1,11,0.00012718930361612808,46.666666666666664,53.333333333333336,0.0015974999405443668,0.005648199934512377,0.0003648999845609069,0.1332595000276342,0.21870209998451173,0.12316760001704097,0.026624900056049228,0.027699700091034174,0.0005167999770492315
0.6,LP2 ($\theta$ Only),5,57,0.00022214001040697531,,8,18.556701030927837,11.764705882352942,22.22222222222222,18,4,14,0.00022214001040697534,53.333333333333336,46.666666666666664,0.0017706999788060784,0.007395099964924157,0.0005114999366924167,0.19762099999934435,0.24379009997937828,0.12957089999690652,0.037660400033928454,0.024695799918845296,0.00048449996393173933
0.6,LP2 ($\theta$ Only),6,63,0.000165472609871681,,5,13.0,14.0625,11.11111111111111,13,9,4,0.00016547260987168102,40.0,60.0,0.0019435000140219927,0.00700049998704344,0.0006392999785020947,0.14130550005938858,0.2827115999534726,0.10233890009112656,0.022702999995090067,0.02124030003324151,0.0004958000499755144
0.6,LP2 ($\theta$ Only),7,70,0.00018199602479626058,,6,17.171717171717173,22.857142857142858,14.0625,17,8,9,0.00018199602479626058,53.333333333333336,46.666666666666664,0.001577800023369491,0.005385400028899312,0.0003591999411582947,0.17068019998259842,0.21176640002522618,0.09063370001967996,0.018999399966560304,0.02121359994634986,0.0004870999837294221
0.6,LP2 ($\theta$ Only),8,78,0.00019833199247475255,,2,16.50485436893204,2.3255813953488373,26.666666666666668,17,1,16,0.00019833199247475255,53.333333333333336,46.666666666666664,0.004429799970239401,0.005356599926017225,0.0003752000629901886,0.11911379999946803,0.35154160007368773,0.14988439995795488,0.02837249997537583,0.024530200054869056,0.0010238999966531992
0.6,LP2 ($\theta$ Only),9,87,0.00022400761348495985,,12,25.806451612903224,21.875,27.868852459016395,24,7,17,0.00022400761348495985,53.333333333333336,46.666666666666664,0.002024400047957897,0.0077300999546423554,0.0005446999566629529,0.1490841000340879,0.2722953000338748,0.10734570003114641,0.023219100083224475,0.031431700102984905,0.0005822000093758106
0.6,LP2 ($\theta$ Only),10,97,0.0003179815845910827,,6,31.31313131313131,13.793103448275861,38.57142857142857,31,4,27,0.0003179815845910827,46.666666666666664,53.333333333333336,0.002185499994084239,0.009508699993602931,0.0006040999433025718,0.21107680001296103,0.2259030999848619,0.09099980001337826,0.025401499937288463,0.026981999981217086,0.0009376999223604798
0.6,LP2 ($\theta$ Only),11,108,0.00014363624531535412,,6,13.131313131313131,4.3478260869565215,20.754716981132077,13,2,11,0.0001436362453153541,60.0,40.0,0.0016006999649107456,0.005804999964311719,0.00037949997931718826,0.16575160005595535,0.21081520000007004,0.1306845999788493,0.02113799995277077,0.019847100018523633,0.0004896000027656555
0.6,LP2 ($\theta$ Only),12,120,0.0002072313474546002,,11,18.085106382978722,13.88888888888889,20.689655172413794,17,5,12,0.0002072313474546002,53.333333333333336,46.666666666666664,0.0019345000619068742,0.005442499998025596,0.0003502999898046255,0.1342531000263989,0.4628950000042096,0.13810059998650104,0.019381499965675175,0.02143699990119785,0.0013893001014366746
0.6,LP2 ($\theta$ Only),13,133,0.00015230860940632969,,6,12.121212121212121,9.090909090909092,15.909090909090908,12,5,7,0.00015230860940632969,53.333333333333336,46.666666666666664,0.0033007999882102013,0.009572500013746321,0.0004602000117301941,0.14780749997589737,0.2858045999892056,0.10609450004994869,0.021002699970267713,0.02807820006273687,0.0005260000471025705
0.6,LP2 ($\theta$ Only),14,147,0.00026585736362280286,,9,29.166666666666668,18.51851851851852,33.333333333333336,28,5,23,0.00026585736362280286,60.0,40.0,0.0018131000688299537,0.006453800015151501,0.0003787999739870429,0.15246190002653748,0.22379700001329184,0.08916849992237985,0.021298500010743737,0.028675999958068132,0.0010892999125644565
0.6,LP2 ($\theta$ Only),15,162,0.00026124758985847043,,2,17.475728155339805,10.169491525423728,27.272727272727273,18,6,12,0.00026124758985847043,60.0,40.0,0.002651499933563173,0.011942000011913478,0.0007836000295355916,0.15344599995296448,0.21837200003210455,0.13895679998677224,0.02911520004272461,0.022611199994571507,0.0005098000401630998
0.6,LP2 ($\theta$ Only),16,178,0.00021377768377444343,,13,15.217391304347826,12.121212121212121,16.949152542372882,14,4,10,0.00021377768377444346,46.666666666666664,53.333333333333336,0.0020189000060781837,0.007560300058685243,0.0005403999239206314,0.11302390007767826,0.21361420000903308,0.10285780008416623,0.020743400091305375,0.02122680004686117,0.0008641999447718263
0.6,LP2 ($\theta$ Only),17,195,0.00018616800470812762,,4,9.900990099009901,6.349206349206349,15.789473684210526,10,4,6,0.00018616800470812764,46.666666666666664,53.333333333333336,0.001595200039446354,0.005402600043453276,0.00037029990926384926,0.1233187000034377,0.2389483000151813,0.14466480002738535,0.021216099965386093,0.021387799992226064,0.0009415000677108765
0.6,LP2 ($\theta$ Only),18,213,0.00013014180305209565,,7,9.183673469387756,3.6363636363636362,16.27906976744186,9,2,7,0.00013014180305209565,46.666666666666664,53.333333333333336,0.0019009000388905406,0.005497099948115647,0.00035889993887394667,0.17503949999809265,0.20494850003160536,0.06950360001064837,0.02072650007903576,0.02423780004028231,0.0004859999753534794
0.6,LP2 ($\theta$ Only),19,232,0.00036089269101612857,,1,25.96153846153846,13.636363636363637,35.0,27,6,21,0.00036089269101612857,60.0,40.0,0.0015960000455379486,0.008837000001221895,0.0008156000403687358,0.1476552999811247,0.22916630003601313,0.09348589996807277,0.030665499973110855,0.0250334000447765,0.000738999922759831
0.6,LP3 ($\theta$ Only),0,42,0.003984528411877361,,9,19.791666666666668,0.0,27.536231884057973,19,0,19,0.0003528235985810665,93.33333333333333,6.666666666666671,0.0017048000590875745,0.006626700051128864,0.00037350005004554987,0.1345259000081569,0.22233409993350506,0.1001190000679344,0.020112000056542456,0.02086240006610751,0.0009082000469788909
0.6,LP3 ($\theta$ Only),1,43,0.0021647878743914464,,8,7.216494845360825,2.857142857142857,9.67741935483871,7,1,6,0.00015820354178321155,86.66666666666667,13.333333333333329,0.001587499980814755,0.005239000078290701,0.00036589999217540026,0.17105749994516373,0.49984599999152124,0.2828418000135571,0.02201090008020401,0.018692900077439845,0.0004754000110551715
0.6,LP3 ($\theta$ Only),2,45,0.0033797363330793405,,3,10.784313725490197,1.9230769230769231,20.0,11,1,10,0.0003098170465056889,86.66666666666667,13.333333333333329,0.0015977000584825873,0.0054302000207826495,0.0005758999614045024,0.12810860003810376,0.2777424999512732,0.08423919999040663,0.02548499999102205,0.023210300016216934,0.0005058000097051263
0.6,LP3 ($\theta$ Only),3,48,0.003218824289356308,,8,12.371134020618557,4.3478260869565215,19.607843137254903,12,2,10,0.00027093194870046863,93.33333333333333,6.666666666666671,0.0015962999314069748,0.00803769996855408,0.00037539994809776545,0.13389359996654093,0.22745490004308522,0.1179184999782592,0.022293000016361475,0.020163899986073375,0.0004808999365195632
0.6,LP3 ($\theta$ Only),4,52,0.0023795072968167837,,6,10.1010101010101,0.0,14.285714285714286,10,0,10,0.00018559738084276907,86.66666666666667,13.333333333333329,0.0015974999405443668,0.005648199934512377,0.0003648999845609069,0.1332595000276342,0.21870209998451173,0.12316760001704097,0.026624900056049228,0.027699700091034174,0.0005167999770492315
0.6,LP3 ($\theta$ Only),5,57,0.00450658313057491,,8,18.556701030927837,8.823529411764707,23.80952380952381,18,3,15,0.0002903614279796981,86.66666666666667,13.333333333333329,0.0017706999788060784,0.007395099964924157,0.0005114999366924167,0.19762099999934435,0.24379009997937828,0.12957089999690652,0.037660400033928454,0.024695799918845296,0.00048449996393173933
0.6,LP3 ($\theta$ Only),6,63,0.0033209536075629047,,5,14.0,12.5,16.666666666666668,14,8,6,0.0002930419133947153,93.33333333333333,6.666666666666671,0.0019435000140219927,0.00700049998704344,0.0006392999785020947,0.14130550005938858,0.2827115999534726,0.10233890009112656,0.022702999995090067,0.02124030003324151,0.0004958000499755144
0.6,LP3 ($\theta$ Only),7,70,0.003984785282860498,,6,18.181818181818183,17.142857142857142,18.75,18,6,12,0.00029660819941625675,80.0,20.0,0.001577800023369491,0.005385400028899312,0.0003591999411582947,0.17068019998259842,0.21176640002522618,0.09063370001967996,0.018999399966560304,0.02121359994634986,0.0004870999837294221
0.6,LP3 ($\theta$ Only),8,78,0.004219642896888127,,2,14.563106796116505,2.3255813953488373,23.333333333333332,15,1,14,0.0003529871169163702,86.66666666666667,13.333333333333329,0.004429799970239401,0.005356599926017225,0.0003752000629901886,0.11911379999946803,0.35154160007368773,0.14988439995795488,0.02837249997537583,0.024530200054869056,0.0010238999966531992
0.6,LP3 ($\theta$ Only),9,87,0.004883635720737198,,12,25.806451612903224,3.125,37.704918032786885,24,1,23,0.00030616241629571027,93.33333333333333,6.666666666666671,0.002024400047957897,0.0077300999546423554,0.0005446999566629529,0.1490841000340879,0.2722953000338748,0.10734570003114641,0.023219100083224475,0.031431700102984905,0.0005822000093758106
0.6,LP3 ($\theta$ Only),10,97,0.0055277689251648585,,6,21.21212121212121,6.896551724137931,27.142857142857142,21,2,19,0.00044411076424302363,93.33333333333333,6.666666666666671,0.002185499994084239,0.009508699993602931,0.0006040999433025718,0.21107680001296103,0.2259030999848619,0.09099980001337826,0.025401499937288463,0.026981999981217086,0.0009376999223604798
0.6,LP3 ($\theta$ Only),11,108,0.002717976200130351,,6,10.1010101010101,4.3478260869565215,15.09433962264151,10,2,8,0.00020793674444180929,93.33333333333333,6.666666666666671,0.0016006999649107456,0.005804999964311719,0.00037949997931718826,0.16575160005595535,0.21081520000007004,0.1306845999788493,0.02113799995277077,0.019847100018523633,0.0004896000027656555
0.6,LP3 ($\theta$ Only),12,120,0.004369396735949633,,11,18.085106382978722,11.11111111111111,22.413793103448278,17,4,13,0.0002720146913146043,93.33333333333333,6.666666666666671,0.0019345000619068742,0.005442499998025596,0.0003502999898046255,0.1342531000263989,0.4628950000042096,0.13810059998650104,0.019381499965675175,0.02143699990119785,0.0013893001014366746
0.6,LP3 ($\theta$ Only),13,133,0.0027595196837340596,,6,11.11111111111111,7.2727272727272725,15.909090909090908,11,4,7,0.00020684594316907075,86.66666666666667,13.333333333333329,0.0033007999882102013,0.009572500013746321,0.0004602000117301941,0.14780749997589737,0.2858045999892056,0.10609450004994869,0.021002699970267713,0.02807820006273687,0.0005260000471025705
0.6,LP3 ($\theta$ Only),14,147,0.006247724754535403,,9,22.916666666666668,11.11111111111111,27.536231884057973,22,3,19,0.0003398109388688248,93.33333333333333,6.666666666666671,0.0018131000688299537,0.006453800015151501,0.0003787999739870429,0.15246190002653748,0.22379700001329184,0.08916849992237985,0.021298500010743737,0.028675999958068132,0.0010892999125644565
0.6,LP3 ($\theta$ Only),15,162,0.003944418518229797,,2,12.62135922330097,3.389830508474576,25.0,13,2,11,0.00036816629076271334,93.33333333333333,6.666666666666671,0.002651499933563173,0.011942000011913478,0.0007836000295355916,0.15344599995296448,0.21837200003210455,0.13895679998677224,0.02911520004272461,0.022611199994571507,0.0005098000401630998
0.6,LP3 ($\theta$ Only),16,178,0.003060576485963012,,13,10.869565217391305,9.090909090909092,11.864406779661017,10,3,7,0.00031537761590400595,86.66666666666667,13.333333333333329,0.0020189000060781837,0.007560300058685243,0.0005403999239206314,0.11302390007767826,0.21361420000903308,0.10285780008416623,0.020743400091305375,0.02122680004686117,0.0008641999447718263
0.6,LP3 ($\theta$ Only),17,195,0.002954474771086257,,4,9.900990099009901,4.761904761904762,18.42105263157895,10,3,7,0.0002679899824606514,93.33333333333333,6.666666666666671,0.001595200039446354,0.005402600043453276,0.00037029990926384926,0.1233187000034377,0.2389483000151813,0.14466480002738535,0.021216099965386093,0.021387799992226064,0.0009415000677108765
0.6,LP3 ($\theta$ Only),18,213,0.0019090246856009459,,7,6.122448979591836,0.0,13.953488372093023,6,0,6,0.00015608229818361716,80.0,20.0,0.0019009000388905406,0.005497099948115647,0.00035889993887394667,0.17503949999809265,0.20494850003160536,0.06950360001064837,0.02072650007903576,0.02423780004028231,0.0004859999753534794
0.6,LP3 ($\theta$ Only),19,232,0.006658649557959791,,1,24.03846153846154,13.636363636363637,31.666666666666668,25,6,19,0.00048295179826738597,93.33333333333333,6.666666666666671,0.0015960000455379486,0.008837000001221895,0.0008156000403687358,0.1476552999811247,0.22916630003601313,0.09348589996807277,0.030665499973110855,0.0250334000447765,0.000738999922759831
0.6,Linear BTL,0,42,,-187.8120432850488,9,17.708333333333332,0.0,24.63768115942029,17,0,17,,,,0.0017048000590875745,0.006626700051128864,0.00037350005004554987,0.1345259000081569,0.22233409993350506,0.1001190000679344,0.020112000056542456,0.02086240006610751,0.0009082000469788909
0.6,Linear BTL,1,43,,-166.0500755665757,8,9.278350515463918,2.857142857142857,12.903225806451612,9,1,8,,,,0.001587499980814755,0.005239000078290701,0.00036589999217540026,0.17105749994516373,0.49984599999152124,0.2828418000135571,0.02201090008020401,0.018692900077439845,0.0004754000110551715
0.6,Linear BTL,2,45,,-150.01399712086217,3,11.764705882352942,1.9230769230769231,22.0,12,1,11,,,,0.0015977000584825873,0.0054302000207826495,0.0005758999614045024,0.12810860003810376,0.2777424999512732,0.08423919999040663,0.02548499999102205,0.023210300016216934,0.0005058000097051263
0.6,Linear BTL,3,48,,-161.56172081195646,8,15.463917525773196,4.3478260869565215,25.49019607843137,15,2,13,,,,0.0015962999314069748,0.00803769996855408,0.00037539994809776545,0.13389359996654093,0.22745490004308522,0.1179184999782592,0.022293000016361475,0.020163899986073375,0.0004808999365195632
0.6,Linear BTL,4,52,,-179.28575167594713,6,9.090909090909092,0.0,12.857142857142858,9,0,9,,,,0.0015974999405443668,0.005648199934512377,0.0003648999845609069,0.1332595000276342,0.21870209998451173,0.12316760001704097,0.026624900056049228,0.027699700091034174,0.0005167999770492315
0.6,Linear BTL,5,57,,-186.902889996378,8,21.649484536082475,8.823529411764707,28.571428571428573,21,3,18,,,,0.0017706999788060784,0.007395099964924157,0.0005114999366924167,0.19762099999934435,0.24379009997937828,0.12957089999690652,0.037660400033928454,0.024695799918845296,0.00048449996393173933
0.6,Linear BTL,6,63,,-145.5623063561819,5,17.0,14.0625,22.22222222222222,17,9,8,,,,0.0019435000140219927,0.00700049998704344,0.0006392999785020947,0.14130550005938858,0.2827115999534726,0.10233890009112656,0.022702999995090067,0.02124030003324151,0.0004958000499755144
0.6,Linear BTL,7,70,,-185.6951884736954,6,16.161616161616163,14.285714285714286,17.1875,16,5,11,,,,0.001577800023369491,0.005385400028899312,0.0003591999411582947,0.17068019998259842,0.21176640002522618,0.09063370001967996,0.018999399966560304,0.02121359994634986,0.0004870999837294221
0.6,Linear BTL,8,78,,-161.8311941999205,2,16.50485436893204,0.0,28.333333333333332,17,0,17,,,,0.004429799970239401,0.005356599926017225,0.0003752000629901886,0.11911379999946803,0.35154160007368773,0.14988439995795488,0.02837249997537583,0.024530200054869056,0.0010238999966531992
0.6,Linear BTL,9,87,,-190.35717036195595,12,21.50537634408602,0.0,32.78688524590164,20,0,20,,,,0.002024400047957897,0.0077300999546423554,0.0005446999566629529,0.1490841000340879,0.2722953000338748,0.10734570003114641,0.023219100083224475,0.031431700102984905,0.0005822000093758106
0.6,Linear BTL,10,97,,-185.30684139626763,6,24.242424242424242,10.344827586206897,30.0,24,3,21,,,,0.002185499994084239,0.009508699993602931,0.0006040999433025718,0.21107680001296103,0.2259030999848619,0.09099980001337826,0.025401499937288463,0.026981999981217086,0.0009376999223604798
0.6,Linear BTL,11,108,,-164.94612834519853,6,14.141414141414142,4.3478260869565215,22.641509433962263,14,2,12,,,,0.0016006999649107456,0.005804999964311719,0.00037949997931718826,0.16575160005595535,0.21081520000007004,0.1306845999788493,0.02113799995277077,0.019847100018523633,0.0004896000027656555
0.6,Linear BTL,12,120,,-186.0123804853873,11,19.148936170212767,8.333333333333334,25.862068965517242,18,3,15,,,,0.0019345000619068742,0.005442499998025596,0.0003502999898046255,0.1342531000263989,0.4628950000042096,0.13810059998650104,0.019381499965675175,0.02143699990119785,0.0013893001014366746
0.6,Linear BTL,13,133,,-159.628907431012,6,10.1010101010101,5.454545454545454,15.909090909090908,10,3,7,,,,0.0033007999882102013,0.009572500013746321,0.0004602000117301941,0.14780749997589737,0.2858045999892056,0.10609450004994869,0.021002699970267713,0.02807820006273687,0.0005260000471025705
0.6,Linear BTL,14,147,,-202.37536782340248,9,26.041666666666668,3.7037037037037037,34.78260869565217,25,1,24,,,,0.0018131000688299537,0.006453800015151501,0.0003787999739870429,0.15246190002653748,0.22379700001329184,0.08916849992237985,0.021298500010743737,0.028675999958068132,0.0010892999125644565
0.6,Linear BTL,15,162,,-144.46434791793274,2,11.650485436893204,3.389830508474576,22.727272727272727,12,2,10,,,,0.002651499933563173,0.011942000011913478,0.0007836000295355916,0.15344599995296448,0.21837200003210455,0.13895679998677224,0.02911520004272461,0.022611199994571507,0.0005098000401630998
0.6,Linear BTL,16,178,,-185.8767856767974,13,16.304347826086957,6.0606060606060606,22.033898305084747,15,2,13,,,,0.0020189000060781837,0.007560300058685243,0.0005403999239206314,0.11302390007767826,0.21361420000903308,0.10285780008416623,0.020743400091305375,0.02122680004686117,0.0008641999447718263
0.6,Linear BTL,17,195,,-136.59499025641665,4,10.891089108910892,3.1746031746031744,23.68421052631579,11,2,9,,,,0.001595200039446354,0.005402600043453276,0.00037029990926384926,0.1233187000034377,0.2389483000151813,0.14466480002738535,0.021216099965386093,0.021387799992226064,0.0009415000677108765
0.6,Linear BTL,18,213,,-144.6859070491885,7,7.142857142857143,1.8181818181818181,13.953488372093023,7,1,6,,,,0.0019009000388905406,0.005497099948115647,0.00035889993887394667,0.17503949999809265,0.20494850003160536,0.06950360001064837,0.02072650007903576,0.02423780004028231,0.0004859999753534794
0.6,Linear BTL,19,232,,-182.38611218205685,1,25.96153846153846,6.818181818181818,40.0,27,3,24,,,,0.0015960000455379486,0.008837000001221895,0.0008156000403687358,0.1476552999811247,0.22916630003601313,0.09348589996807277,0.030665499973110855,0.0250334000447765,0.000738999922759831
0.7,LP2 ($\theta$ Only),0,42,0.00019515584313388058,,12,13.978494623655914,0.0,17.333333333333332,13,0,13,0.00019515584313388055,46.666666666666664,53.333333333333336,0.002934599993750453,0.006627799943089485,0.0005522000137716532,0.1414002999663353,0.2192397000035271,0.25380230008158833,0.23548879998270422,0.149128699908033,0.028868500026874244
0.7,LP2 ($\theta$ Only),1,43,0.0002090307555544483,,10,21.05263157894737,20.689655172413794,21.21212121212121,20,6,14,0.0002090307555544483,53.333333333333336,46.666666666666664,0.0031441999599337578,0.036495800013653934,0.004943100037053227,0.6862300999928266,0.5394349000416696,0.1500781000358984,0.028552500065416098,0.028805800015106797,0.0009035000111907721
0.7,LP2 ($\theta$ Only),2,45,0.00029385133637168797,,4,19.801980198019802,9.803921568627452,30.0,20,5,15,0.00029385133637168797,53.333333333333336,46.666666666666664,0.001608500024303794,0.0056535000912845135,0.0004813000559806824,0.16299770004116,0.2639402999775484,0.07324890000745654,0.02262719999998808,0.019909200025722384,0.000497999950312078
0.7,LP2 ($\theta$ Only),3,48,0.000242170537938822,,13,21.73913043478261,10.81081081081081,29.09090909090909,20,4,16,0.00024217053793882206,60.0,40.0,0.0015682000666856766,0.005355200031772256,0.0003530000103637576,0.12104679993353784,0.19850300007965416,0.08493500004988164,0.02079880004748702,0.018919700058177114,0.00045549997594207525
0.7,LP2 ($\theta$ Only),4,52,0.00021466652289884935,,6,19.19191919191919,48.0,9.45945945945946,19,12,7,0.00021466652289884935,46.666666666666664,53.333333333333336,0.001573100103996694,0.005223399959504604,0.0003505999920889735,0.1398401000769809,0.2539384999545291,0.08208850002847612,0.02723459992557764,0.020780000020749867,0.0004852000856772065
0.7,LP2 ($\theta$ Only),5,57,0.0002795627603286033,,9,25.0,25.0,25.0,24,7,17,0.0002795627603286033,60.0,40.0,0.0015832000644877553,0.010253300075419247,0.0007981000235304236,0.14888829994015396,0.19009699998423457,0.0727843000786379,0.022070400067605078,0.020030599902383983,0.0004751000087708235
0.7,LP2 ($\theta$ Only),6,63,0.0001871056414610243,,4,14.851485148514852,12.5,17.77777777777778,15,7,8,0.00018710564146102426,53.333333333333336,46.666666666666664,0.0015802999259904027,0.008462500059977174,0.0008720000041648746,0.3029352000448853,0.2115967000136152,0.11162340000737458,0.019222899922169745,0.022295800037682056,0.0004925000248476863
0.7,LP2 ($\theta$ Only),7,70,0.000282554919266121,,3,29.41176470588235,32.25806451612903,28.169014084507044,30,10,20,0.000282554919266121,60.0,40.0,0.001832399982959032,0.006194200017489493,0.00039659999310970306,0.1867779999738559,0.22463859990239143,0.11735069996211678,0.028836100012995303,0.03291349997743964,0.0005289999535307288
0.7,LP2 ($\theta$ Only),8,78,0.0002865758228715367,,10,36.8421052631579,30.555555555555557,40.67796610169491,35,11,24,0.0002865758228715367,53.333333333333336,46.666666666666664,0.004403900005854666,0.012071599951013923,0.0037997999461367726,0.15017759997863322,0.2497471000533551,0.07384269998874515,0.020672300015576184,0.021573300007730722,0.00079109997022897
0.7,LP2 ($\theta$ Only),9,87,0.0003461672147985355,,9,23.958333333333332,6.25,32.8125,23,2,21,0.00034616721479853544,53.333333333333336,46.666666666666664,0.0021846999879926443,0.006508799968287349,0.0005669000092893839,0.12743279989808798,0.20155130000784993,0.08741899998858571,0.02041070000268519,0.02153530006762594,0.0009085000492632389
0.7,LP2 ($\theta$ Only),10,97,0.0002869315743034913,,12,34.40860215053763,45.833333333333336,30.434782608695652,32,11,21,0.0002869315743034913,60.0,40.0,0.0015779000241309404,0.005672300001606345,0.0003709999145939946,0.13626649999059737,0.22572129999753088,0.08151100005488843,0.021211700048297644,0.01886960002593696,0.00046420004218816757
0.7,LP2 ($\theta$ Only),11,108,0.00015081334589203826,,8,14.43298969072165,5.714285714285714,19.35483870967742,14,2,12,0.00015081334589203826,46.666666666666664,53.333333333333336,0.0021448000334203243,0.0054579999996349216,0.00036239996552467346,0.1183274999493733,0.2139423000626266,0.20152369991410524,0.01861329993698746,0.02102089999243617,0.0010239999974146485
0.7,LP2 ($\theta$ Only),12,120,0.00019171184518398436,,9,18.75,15.151515151515152,20.634920634920636,18,5,13,0.00019171184518398436,60.0,40.0,0.005314499954693019,0.005534099997021258,0.00035420001950114965,0.12395309994462878,0.19253440003376454,0.09165290009696037,0.031812399975024164,0.03000969998538494,0.0005909999599680305
0.7,LP2 ($\theta$ Only),13,133,0.0002192924407840277,,5,21.0,25.0,17.307692307692307,21,12,9,0.0002192924407840277,60.0,40.0,0.004999199998565018,0.011574100004509091,0.0009895999683067203,0.15322290000040084,0.21094790007919073,0.06577280000783503,0.020304700010456145,0.022378899971954525,0.0009376999223604798
0.7,LP2 ($\theta$ Only),14,147,0.00035019373606731544,,8,27.835051546391753,16.0,31.944444444444443,27,4,23,0.0003501937360673154,60.0,40.0,0.001581900054588914,0.006641999934799969,0.000569900032132864,0.1346118999645114,0.20323650003410876,0.07954980002250522,0.02005319995805621,0.01862220000475645,0.0004841000773012638
0.7,LP2 ($\theta$ Only),15,162,0.0002332279531733436,,10,24.210526315789473,18.0,31.11111111111111,23,9,14,0.00023322795317334363,53.333333333333336,46.666666666666664,0.001580399926751852,0.005718800006434321,0.00035580003168433905,0.11445430002640933,0.3752632000250742,0.10172060003969818,0.01962090004235506,0.020858699921518564,0.0008868000004440546
0.7,LP2 ($\theta$ Only),16,178,0.0001884808578658805,,18,21.839080459770116,9.523809523809524,25.757575757575758,19,2,17,0.00018848085786588048,53.333333333333336,46.666666666666664,0.0015767000149935484,0.0055732999462634325,0.00033760000951588154,0.10589610005263239,0.18556879996322095,0.07332019996829331,0.01837770000565797,0.019927400047890842,0.00045110005885362625
0.7,LP2 ($\theta$ Only),17,195,0.0001090845871470543,,8,10.309278350515465,5.084745762711864,18.42105263157895,10,3,7,0.00010908458714705428,53.333333333333336,46.666666666666664,0.0015932000242173672,0.005404299939982593,0.00036010006442666054,0.1260861000046134,0.26052470004651695,0.07947739993687719,0.022486799978651106,0.02093370002694428,0.00048400007653981447
0.7,LP2 ($\theta$ Only),18,213,0.000150105389976442,,12,17.204301075268816,11.363636363636363,22.448979591836736,16,5,11,0.00015010538997644202,60.0,40.0,0.001577500021085143,0.0054682999616488814,0.00035069999285042286,0.11233129992615432,0.2070419000228867,0.09195309993810952,0.021402299986220896,0.02086249995045364,0.0008756000315770507
0.7,LP2 ($\theta$ Only),19,232,0.00035935388047078686,,1,24.03846153846154,25.641025641025642,23.076923076923077,25,10,15,0.00035935388047078686,53.333333333333336,46.666666666666664,0.0015613000141456723,0.006023900001309812,0.0003836000105366111,0.14370230003260076,0.21482630004175007,0.08645009994506836,0.024867699947208166,0.020978700020350516,0.0005115000531077385
0.7,LP3 ($\theta$ Only),0,42,0.0038117588873901563,,12,16.129032258064516,0.0,20.0,15,0,15,0.0003060781536935204,73.33333333333333,26.66666666666667,0.002934599993750453,0.006627799943089485,0.0005522000137716532,0.1414002999663353,0.2192397000035271,0.25380230008158833,0.23548879998270422,0.149128699908033,0.028868500026874244
0.7,LP3 ($\theta$ Only),1,43,0.003282635588201093,,10,11.578947368421053,3.4482758620689653,15.151515151515152,11,1,10,0.00024285608444603703,86.66666666666667,13.333333333333329,0.0031441999599337578,0.036495800013653934,0.004943100037053227,0.6862300999928266,0.5394349000416696,0.1500781000358984,0.028552500065416098,0.028805800015106797,0.0009035000111907721
0.7,LP3 ($\theta$ Only),2,45,0.006051144065279254,,4,20.792079207920793,9.803921568627452,32.0,21,5,16,0.0004350503344295852,93.33333333333333,6.666666666666671,0.001608500024303794,0.0056535000912845135,0.0004813000559806824,0.16299770004116,0.2639402999775484,0.07324890000745654,0.02262719999998808,0.019909200025722384,0.000497999950312078
0.7,LP3 ($\theta$ Only),3,48,0.004233744354578864,,13,19.565217391304348,5.405405405405405,29.09090909090909,18,2,16,0.00032147128588831355,93.33333333333333,6.666666666666671,0.0015682000666856766,0.005355200031772256,0.0003530000103637576,0.12104679993353784,0.19850300007965416,0.08493500004988164,0.02079880004748702,0.018919700058177114,0.00045549997594207525
0.7,LP3 ($\theta$ Only),4,52,0.004126170692050872,,6,19.19191919191919,32.0,14.864864864864865,19,8,11,0.0003684424092678408,93.33333333333333,6.666666666666671,0.001573100103996694,0.005223399959504604,0.0003505999920889735,0.1398401000769809,0.2539384999545291,0.08208850002847612,0.02723459992557764,0.020780000020749867,0.0004852000856772065
0.7,LP3 ($\theta$ Only),5,57,0.0051759647533228025,,9,21.875,17.857142857142858,23.529411764705884,21,5,16,0.00039110391435721176,93.33333333333333,6.666666666666671,0.0015832000644877553,0.010253300075419247,0.0007981000235304236,0.14888829994015396,0.19009699998423457,0.0727843000786379,0.022070400067605078,0.020030599902383983,0.0004751000087708235
0.7,LP3 ($\theta$ Only),6,63,0.0040942876308389465,,4,17.821782178217823,12.5,24.444444444444443,18,7,11,0.000297562643904659,86.66666666666667,13.333333333333329,0.0015802999259904027,0.008462500059977174,0.0008720000041648746,0.3029352000448853,0.2115967000136152,0.11162340000737458,0.019222899922169745,0.022295800037682056,0.0004925000248476863
0.7,LP3 ($\theta$ Only),7,70,0.007035748796795727,,3,26.470588235294116,22.580645161290324,28.169014084507044,27,7,20,0.0003733585263945396,93.33333333333333,6.666666666666671,0.001832399982959032,0.006194200017489493,0.00039659999310970306,0.1867779999738559,0.22463859990239143,0.11735069996211678,0.028836100012995303,0.03291349997743964,0.0005289999535307288
0.7,LP3 ($\theta$ Only),8,78,0.006755981924839103,,10,31.57894736842105,13.88888888888889,42.3728813559322,30,5,25,0.00032520726984466977,93.33333333333333,6.666666666666671,0.004403900005854666,0.012071599951013923,0.0037997999461367726,0.15017759997863322,0.2497471000533551,0.07384269998874515,0.020672300015576184,0.021573300007730722,0.00079109997022897
0.7,LP3 ($\theta$ Only),9,87,0.005451226753064037,,9,21.875,6.25,29.6875,21,2,19,0.00043963634088499973,86.66666666666667,13.333333333333329,0.0021846999879926443,0.006508799968287349,0.0005669000092893839,0.12743279989808798,0.20155130000784993,0.08741899998858571,0.02041070000268519,0.02153530006762594,0.0009085000492632389
0.7,LP3 ($\theta$ Only),10,97,0.006647820573567549,,12,33.333333333333336,29.166666666666668,34.78260869565217,31,7,24,0.00034710829921383703,93.33333333333333,6.666666666666671,0.0015779000241309404,0.005672300001606345,0.0003709999145939946,0.13626649999059737,0.22572129999753088,0.08151100005488843,0.021211700048297644,0.01886960002593696,0.00046420004218816757
0.7,LP3 ($\theta$ Only),11,108,0.0030731920900790217,,8,11.34020618556701,5.714285714285714,14.516129032258064,11,2,9,0.00027807619406725005,80.0,20.0,0.0021448000334203243,0.0054579999996349216,0.00036239996552467346,0.1183274999493733,0.2139423000626266,0.20152369991410524,0.01861329993698746,0.02102089999243617,0.0010239999974146485
0.7,LP3 ($\theta$ Only),12,120,0.003096221334888608,,9,14.583333333333334,6.0606060606060606,19.047619047619047,14,2,12,0.00024735128075679686,80.0,20.0,0.005314499954693019,0.005534099997021258,0.00035420001950114965,0.12395309994462878,0.19253440003376454,0.09165290009696037,0.031812399975024164,0.03000969998538494,0.0005909999599680305
0.7,LP3 ($\theta$ Only),13,133,0.004456806402605134,,5,15.0,14.583333333333334,15.384615384615385,15,7,8,0.0002974991639947629,93.33333333333333,6.666666666666671,0.004999199998565018,0.011574100004509091,0.0009895999683067203,0.15322290000040084,0.21094790007919073,0.06577280000783503,0.020304700010456145,0.022378899971954525,0.0009376999223604798
0.7,LP3 ($\theta$ Only),14,147,0.006441999415150116,,8,22.68041237113402,12.0,26.38888888888889,22,3,19,0.00044245269742441246,93.33333333333333,6.666666666666671,0.001581900054588914,0.006641999934799969,0.000569900032132864,0.1346118999645114,0.20323650003410876,0.07954980002250522,0.02005319995805621,0.01862220000475645,0.0004841000773012638
0.7,LP3 ($\theta$ Only),15,162,0.004675815231453866,,10,22.105263157894736,16.0,28.88888888888889,21,8,13,0.00031800755968936314,86.66666666666667,13.333333333333329,0.001580399926751852,0.005718800006434321,0.00035580003168433905,0.11445430002640933,0.3752632000250742,0.10172060003969818,0.01962090004235506,0.020858699921518564,0.0008868000004440546
0.7,LP3 ($\theta$ Only),16,178,0.004434156689583972,,18,25.28735632183908,14.285714285714286,28.78787878787879,22,3,19,0.00023661107187329325,86.66666666666667,13.333333333333329,0.0015767000149935484,0.0055732999462634325,0.00033760000951588154,0.10589610005263239,0.18556879996322095,0.07332019996829331,0.01837770000565797,0.019927400047890842,0.00045110005885362625
0.7,LP3 ($\theta$ Only),17,195,0.0026094305672346788,,8,9.278350515463918,3.389830508474576,18.42105263157895,9,2,7,0.00018053031001354964,80.0,20.0,0.0015932000242173672,0.005404299939982593,0.00036010006442666054,0.1260861000046134,0.26052470004651695,0.07947739993687719,0.022486799978651106,0.02093370002694428,0.00048400007653981447
0.7,LP3 ($\theta$ Only),18,213,0.003051443494769056,,12,13.978494623655914,6.818181818181818,20.408163265306122,13,3,10,0.00016765075523540404,80.0,20.0,0.001577500021085143,0.0054682999616488814,0.00035069999285042286,0.11233129992615432,0.2070419000228867,0.09195309993810952,0.021402299986220896,0.02086249995045364,0.0008756000315770507
0.7,LP3 ($\theta$ Only),19,232,0.006989009144817541,,1,25.96153846153846,25.641025641025642,26.153846153846153,27,10,17,0.0004919380406922874,93.33333333333333,6.666666666666671,0.0015613000141456723,0.006023900001309812,0.0003836000105366111,0.14370230003260076,0.21482630004175007,0.08645009994506836,0.024867699947208166,0.020978700020350516,0.0005115000531077385
0.7,Linear BTL,0,42,,-200.06625109462638,12,17.204301075268816,0.0,21.333333333333332,16,0,16,,,,0.002934599993750453,0.006627799943089485,0.0005522000137716532,0.1414002999663353,0.2192397000035271,0.25380230008158833,0.23548879998270422,0.149128699908033,0.028868500026874244
0.7,Linear BTL,1,43,,-183.9067179306117,10,18.94736842105263,3.4482758620689653,25.757575757575758,18,1,17,,,,0.0031441999599337578,0.036495800013653934,0.004943100037053227,0.6862300999928266,0.5394349000416696,0.1500781000358984,0.028552500065416098,0.028805800015106797,0.0009035000111907721
0.7,Linear BTL,2,45,,-184.23130887717275,4,22.77227722772277,11.764705882352942,34.0,23,6,17,,,,0.001608500024303794,0.0056535000912845135,0.0004813000559806824,0.16299770004116,0.2639402999775484,0.07324890000745654,0.02262719999998808,0.019909200025722384,0.000497999950312078
0.7,Linear BTL,3,48,,-188.21501973942455,13,18.47826086956522,2.7027027027027026,29.09090909090909,17,1,16,,,,0.0015682000666856766,0.005355200031772256,0.0003530000103637576,0.12104679993353784,0.19850300007965416,0.08493500004988164,0.02079880004748702,0.018919700058177114,0.00045549997594207525
0.7,Linear BTL,4,52,,-200.32848250912852,6,16.161616161616163,8.0,18.91891891891892,16,2,14,,,,0.001573100103996694,0.005223399959504604,0.0003505999920889735,0.1398401000769809,0.2539384999545291,0.08208850002847612,0.02723459992557764,0.020780000020749867,0.0004852000856772065
0.7,Linear BTL,5,57,,-202.6538580904103,9,21.875,17.857142857142858,23.529411764705884,21,5,16,,,,0.0015832000644877553,0.010253300075419247,0.0007981000235304236,0.14888829994015396,0.19009699998423457,0.0727843000786379,0.022070400067605078,0.020030599902383983,0.0004751000087708235
0.7,Linear BTL,6,63,,-160.96490187111388,4,15.841584158415841,10.714285714285714,22.22222222222222,16,6,10,,,,0.0015802999259904027,0.008462500059977174,0.0008720000041648746,0.3029352000448853,0.2115967000136152,0.11162340000737458,0.019222899922169745,0.022295800037682056,0.0004925000248476863
0.7,Linear BTL,7,70,,-200.13175636740377,3,30.392156862745097,19.35483870967742,35.2112676056338,31,6,25,,,,0.001832399982959032,0.006194200017489493,0.00039659999310970306,0.1867779999738559,0.22463859990239143,0.11735069996211678,0.028836100012995303,0.03291349997743964,0.0005289999535307288
0.7,Linear BTL,8,78,,-200.31108588707258,10,29.473684210526315,11.11111111111111,40.67796610169491,28,4,24,,,,0.004403900005854666,0.012071599951013923,0.0037997999461367726,0.15017759997863322,0.2497471000533551,0.07384269998874515,0.020672300015576184,0.021573300007730722,0.00079109997022897
0.7,Linear BTL,9,87,,-188.4385339159908,9,25.0,3.125,35.9375,24,1,23,,,,0.0021846999879926443,0.006508799968287349,0.0005669000092893839,0.12743279989808798,0.20155130000784993,0.08741899998858571,0.02041070000268519,0.02153530006762594,0.0009085000492632389
0.7,Linear BTL,10,97,,-208.49341962267548,12,30.107526881720432,16.666666666666668,34.78260869565217,28,4,24,,,,0.0015779000241309404,0.005672300001606345,0.0003709999145939946,0.13626649999059737,0.22572129999753088,0.08151100005488843,0.021211700048297644,0.01886960002593696,0.00046420004218816757
0.7,Linear BTL,11,108,,-180.75483722471733,8,12.371134020618557,5.714285714285714,16.129032258064516,12,2,10,,,,0.0021448000334203243,0.0054579999996349216,0.00036239996552467346,0.1183274999493733,0.2139423000626266,0.20152369991410524,0.01861329993698746,0.02102089999243617,0.0010239999974146485
0.7,Linear BTL,12,120,,-182.07702500508398,9,13.541666666666666,3.0303030303030303,19.047619047619047,13,1,12,,,,0.005314499954693019,0.005534099997021258,0.00035420001950114965,0.12395309994462878,0.19253440003376454,0.09165290009696037,0.031812399975024164,0.03000969998538494,0.0005909999599680305
0.7,Linear BTL,13,133,,-189.01257569990594,5,18.0,16.666666666666668,19.23076923076923,18,8,10,,,,0.004999199998565018,0.011574100004509091,0.0009895999683067203,0.15322290000040084,0.21094790007919073,0.06577280000783503,0.020304700010456145,0.022378899971954525,0.0009376999223604798
0.7,Linear BTL,14,147,,-206.47631556773337,8,24.742268041237114,12.0,29.166666666666668,24,3,21,,,,0.001581900054588914,0.006641999934799969,0.000569900032132864,0.1346118999645114,0.20323650003410876,0.07954980002250522,0.02005319995805621,0.01862220000475645,0.0004841000773012638
0.7,Linear BTL,15,162,,-175.6217292924288,10,18.94736842105263,16.0,22.22222222222222,18,8,10,,,,0.001580399926751852,0.005718800006434321,0.00035580003168433905,0.11445430002640933,0.3752632000250742,0.10172060003969818,0.01962090004235506,0.020858699921518564,0.0008868000004440546
0.7,Linear BTL,16,178,,-204.79495177980237,18,22.988505747126435,9.523809523809524,27.272727272727273,20,2,18,,,,0.0015767000149935484,0.0055732999462634325,0.00033760000951588154,0.10589610005263239,0.18556879996322095,0.07332019996829331,0.01837770000565797,0.019927400047890842,0.00045110005885362625
0.7,Linear BTL,17,195,,-143.07023739460544,8,7.216494845360825,1.694915254237288,15.789473684210526,7,1,6,,,,0.0015932000242173672,0.005404299939982593,0.00036010006442666054,0.1260861000046134,0.26052470004651695,0.07947739993687719,0.022486799978651106,0.02093370002694428,0.00048400007653981447
0.7,Linear BTL,18,213,,-169.1565643057267,12,18.27956989247312,9.090909090909092,26.53061224489796,17,4,13,,,,0.001577500021085143,0.0054682999616488814,0.00035069999285042286,0.11233129992615432,0.2070419000228867,0.09195309993810952,0.021402299986220896,0.02086249995045364,0.0008756000315770507
0.7,Linear BTL,19,232,,-198.52037290694238,1,27.884615384615383,20.512820512820515,32.30769230769231,29,8,21,,,,0.0015613000141456723,0.006023900001309812,0.0003836000105366111,0.14370230003260076,0.21482630004175007,0.08645009994506836,0.024867699947208166,0.020978700020350516,0.0005115000531077385
0.8,LP2 ($\theta$ Only),0,42,0.00027394206166403927,,14,26.373626373626372,14.285714285714286,28.571428571428573,24,2,22,0.0002739420616640392,53.333333333333336,46.666666666666664,0.0017506999429315329,0.0067180999321863055,0.00036049995105713606,0.12846000003628433,0.24493909999728203,0.0987902000779286,0.0322001000167802,0.03262690000701696,0.0004897000035271049
0.8,LP2 ($\theta$ Only),1,43,0.00026257123122737884,,12,21.50537634408602,4.545454545454546,26.760563380281692,20,1,19,0.00026257123122737884,60.0,40.0,0.0016345999902114272,0.007800299907103181,0.0005153999663889408,0.1406054999679327,0.230024499935098,0.10760230000596493,0.019179799943231046,0.02266979997511953,0.000466700061224401
0.8,LP2 ($\theta$ Only),2,45,0.00018634775545388162,,4,14.851485148514852,7.142857142857143,20.338983050847457,15,3,12,0.00018634775545388162,46.666666666666664,53.333333333333336,0.0015852999640628695,0.0057221000315621495,0.0003704000264406204,0.12593069998547435,0.3941937000490725,0.07287669996730983,0.029012300074100494,0.025244199903681874,0.0004944000393152237
0.8,LP2 ($\theta$ Only),3,48,0.0002000518295121407,,8,18.556701030927837,3.125,26.153846153846153,18,1,17,0.0002000518295121407,60.0,40.0,0.002063699997961521,0.007355300011113286,0.0005602999590337276,0.1228269999846816,0.36582030006684363,0.12874419998843223,0.02156609995290637,0.018541799974627793,0.0004781000316143036
0.8,LP2 ($\theta$ Only),4,52,0.00025480347772979654,,9,20.833333333333332,5.2631578947368425,24.675324675324674,20,1,19,0.00025480347772979654,60.0,40.0,0.004372700001113117,0.007324399892240763,0.0003692000173032284,0.12706970004364848,0.21306730003561825,0.07035469997208565,0.020027199992910028,0.021967299981042743,0.000906099914573133
0.8,LP2 ($\theta$ Only),5,57,0.00027513501350702745,,8,27.835051546391753,40.90909090909091,24.0,27,9,18,0.00027513501350702745,60.0,40.0,0.0015789999160915613,0.005306900013238192,0.00036179996095597744,0.14841749996412545,0.2706342999590561,0.09127289999742061,0.01992780005093664,0.01875859999563545,0.0007325999904423952
0.8,LP2 ($\theta$ Only),6,63,0.0002514866486690585,,5,24.0,18.867924528301888,29.78723404255319,24,10,14,0.0002514866486690585,53.333333333333336,46.666666666666664,0.0016579999355599284,0.005429200013168156,0.0003696000203490257,0.13551369996275753,0.220058299950324,0.12306609994266182,0.02093619992956519,0.019205000018700957,0.0004997999640181661
0.8,LP2 ($\theta$ Only),7,70,0.00035369879477920637,,3,34.31372549019608,27.586206896551722,36.986301369863014,35,8,27,0.00035369879477920637,60.0,40.0,0.00232589989900589,0.00795040000230074,0.0005942999850958586,0.12038550002034754,0.23275980004109442,0.07498809997923672,0.019541300018317997,0.022516499971970916,0.0005149999633431435
0.8,LP2 ($\theta$ Only),8,78,0.00021335721678883491,,4,16.831683168316832,19.047619047619047,15.254237288135593,17,8,9,0.0002133572167888349,60.0,40.0,0.0017852999735623598,0.006225699908100069,0.00037430005613714457,0.13318969996180385,0.24119319999590516,0.08552779990714043,0.025021000066772103,0.027591200079768896,0.0009461999870836735
0.8,LP2 ($\theta$ Only),9,87,0.00024024081431743015,,13,39.130434782608695,33.333333333333336,41.1764705882353,36,8,28,0.00024024081431743018,60.0,40.0,0.0015819999389350414,0.007019899901933968,0.0007710999343544245,0.12550959992222488,0.43119890009984374,0.0709696999983862,0.018034800072200596,0.02177220000885427,0.00047309999354183674
0.8,LP2 ($\theta$ Only),10,97,0.0003072259528039636,,12,29.032258064516128,20.0,31.506849315068493,27,4,23,0.0003072259528039636,60.0,40.0,0.0017457000212743878,0.005398100009188056,0.00034600007347762585,0.1212747999234125,0.20097200002055615,0.10486059996765107,0.02099429990630597,0.019433400011621416,0.00046060001477599144
0.8,LP2 ($\theta$ Only),11,108,0.00020081447518347694,,5,13.0,10.714285714285714,13.88888888888889,13,3,10,0.00020081447518347694,53.333333333333336,46.666666666666664,0.004491200088523328,0.005575599963776767,0.00036120007280260324,0.1279460999649018,0.21539130003657192,0.07877760007977486,0.021319900057278574,0.01872020005248487,0.0004909000126644969
0.8,LP2 ($\theta$ Only),12,120,0.0003213949959644094,,15,38.888888888888886,48.38709677419355,33.898305084745765,35,15,20,0.0003213949959644094,60.0,40.0,0.0015974000561982393,0.005740000051446259,0.00034600007347762585,0.10961560008581728,0.2069063000380993,0.07561749999877065,0.02031880000140518,0.018402399960905313,0.00044979993253946304
0.8,LP2 ($\theta$ Only),13,133,0.00025698160926122154,,5,23.0,19.047619047619047,25.862068965517242,23,8,15,0.00025698160926122154,60.0,40.0,0.0021599000319838524,0.007942999945953488,0.0005992000224068761,0.1405922999838367,0.22033589996863157,0.06601429998409003,0.020504300016909838,0.029623700072988868,0.0009042000165209174
0.8,LP2 ($\theta$ Only),14,147,0.00027735298670772613,,10,27.36842105263158,43.47826086956522,22.22222222222222,26,10,16,0.00027735298670772613,60.0,40.0,0.0030321000376716256,0.014214000082574785,0.0007236000383272767,0.1487688000779599,0.20345079991966486,0.07150960003491491,0.02046389994211495,0.02138109994120896,0.00047149998135864735
0.8,LP2 ($\theta$ Only),15,162,0.0002638075278672942,,6,24.242424242424242,12.76595744680851,34.61538461538461,24,6,18,0.0002638075278672942,60.0,40.0,0.0018497999990358949,0.006005299976095557,0.0006901000160723925,0.13805299997329712,0.2395231999689713,0.07868819998111576,0.019258899963460863,0.023371499963104725,0.0005019999807700515
0.8,LP2 ($\theta$ Only),16,178,0.00020105486265747637,,20,14.117647058823529,17.647058823529413,13.235294117647058,12,3,9,0.00020105486265747637,53.333333333333336,46.666666666666664,0.001588399987667799,0.007592600071802735,0.0005312999710440636,0.11896419990807772,0.3748123000841588,0.07720369996968657,0.01785800000652671,0.01816730003338307,0.00042970001231878996
0.8,LP2 ($\theta$ Only),17,195,0.00021619033089595354,,7,15.306122448979592,4.0,27.083333333333332,15,2,13,0.00021619033089595352,60.0,40.0,0.0015864999732002616,0.005476600024849176,0.0003622000804170966,0.13318049989175051,0.33613579999655485,0.13545070006512105,0.03546689997892827,0.031914299936033785,0.0005271999398246408
0.8,LP2 ($\theta$ Only),18,213,0.00010923316118799735,,12,9.67741935483871,2.6315789473684212,14.545454545454545,9,1,8,0.00010923316118799735,46.666666666666664,53.333333333333336,0.0017401999793946743,0.01062449999153614,0.00036810000892728567,0.11610480002127588,0.2029268000042066,0.08826530002988875,0.019480699906125665,0.019937700009904802,0.000458399998024106
0.8,LP2 ($\theta$ Only),19,232,0.0001892090305363703,,6,17.171717171717173,11.428571428571429,20.3125,17,4,13,0.0001892090305363703,60.0,40.0,0.0015795000363141298,0.005467699957080185,0.00035879993811249733,0.132465900038369,0.21804189996328205,0.10097680008038878,0.02252930006943643,0.02248490008059889,0.0010631000623106956
0.8,LP3 ($\theta$ Only),0,42,0.005590191582494372,,14,28.571428571428573,7.142857142857143,32.467532467532465,26,1,25,0.0004203910171136331,93.33333333333333,6.666666666666671,0.0017506999429315329,0.0067180999321863055,0.00036049995105713606,0.12846000003628433,0.24493909999728203,0.0987902000779286,0.0322001000167802,0.03262690000701696,0.0004897000035271049
0.8,LP3 ($\theta$ Only),1,43,0.0047143982058240885,,12,17.204301075268816,0.0,22.535211267605632,16,0,16,0.0003278184703488538,93.33333333333333,6.666666666666671,0.0016345999902114272,0.007800299907103181,0.0005153999663889408,0.1406054999679327,0.230024499935098,0.10760230000596493,0.019179799943231046,0.02266979997511953,0.000466700061224401
0.8,LP3 ($\theta$ Only),2,45,0.0031675190932561464,,4,9.900990099009901,0.0,16.949152542372882,10,0,10,0.0002517622427186445,73.33333333333333,26.66666666666667,0.0015852999640628695,0.0057221000315621495,0.0003704000264406204,0.12593069998547435,0.3941937000490725,0.07287669996730983,0.029012300074100494,0.025244199903681874,0.0004944000393152237
0.8,LP3 ($\theta$ Only),3,48,0.004480456149297499,,8,20.61855670103093,9.375,26.153846153846153,20,3,17,0.00024114652287732997,93.33333333333333,6.666666666666671,0.002063699997961521,0.007355300011113286,0.0005602999590337276,0.1228269999846816,0.36582030006684363,0.12874419998843223,0.02156609995290637,0.018541799974627793,0.0004781000316143036
0.8,LP3 ($\theta$ Only),4,52,0.005006879463409267,,9,21.875,5.2631578947368425,25.974025974025974,21,1,20,0.0003303714365300773,93.33333333333333,6.666666666666671,0.004372700001113117,0.007324399892240763,0.0003692000173032284,0.12706970004364848,0.21306730003561825,0.07035469997208565,0.020027199992910028,0.021967299981042743,0.000906099914573133
0.8,LP3 ($\theta$ Only),5,57,0.007031021263834103,,8,24.742268041237114,40.90909090909091,20.0,24,9,15,0.0003765714271585915,93.33333333333333,6.666666666666671,0.0015789999160915613,0.005306900013238192,0.00036179996095597744,0.14841749996412545,0.2706342999590561,0.09127289999742061,0.01992780005093664,0.01875859999563545,0.0007325999904423952
0.8,LP3 ($\theta$ Only),6,63,0.005370724467230242,,5,23.0,20.754716981132077,25.53191489361702,23,11,12,0.0004176242528642406,93.33333333333333,6.666666666666671,0.0016579999355599284,0.005429200013168156,0.0003696000203490257,0.13551369996275753,0.220058299950324,0.12306609994266182,0.02093619992956519,0.019205000018700957,0.0004997999640181661
0.8,LP3 ($\theta$ Only),7,70,0.00827978665347226,,3,34.31372549019608,20.689655172413794,39.726027397260275,35,6,29,0.0003982417025824899,93.33333333333333,6.666666666666671,0.00232589989900589,0.00795040000230074,0.0005942999850958586,0.12038550002034754,0.23275980004109442,0.07498809997923672,0.019541300018317997,0.022516499971970916,0.0005149999633431435
0.8,LP3 ($\theta$ Only),8,78,0.004384784807871884,,4,16.831683168316832,14.285714285714286,18.64406779661017,17,6,11,0.00031105415702475334,80.0,20.0,0.0017852999735623598,0.006225699908100069,0.00037430005613714457,0.13318969996180385,0.24119319999590516,0.08552779990714043,0.025021000066772103,0.027591200079768896,0.0009461999870836735
0.8,LP3 ($\theta$ Only),9,87,0.0077405529614905004,,13,38.04347826086956,29.166666666666668,41.1764705882353,35,7,28,0.00027256976972816235,86.66666666666667,13.333333333333329,0.0015819999389350414,0.007019899901933968,0.0007710999343544245,0.12550959992222488,0.43119890009984374,0.0709696999983862,0.018034800072200596,0.02177220000885427,0.00047309999354183674
0.8,LP3 ($\theta$ Only),10,97,0.006056671051407155,,12,25.806451612903224,10.0,30.136986301369863,24,2,22,0.00037174711530065196,93.33333333333333,6.666666666666671,0.0017457000212743878,0.005398100009188056,0.00034600007347762585,0.1212747999234125,0.20097200002055615,0.10486059996765107,0.02099429990630597,0.019433400011621416,0.00046060001477599144
0.8,LP3 ($\theta$ Only),11,108,0.004167902721802611,,5,15.0,7.142857142857143,18.055555555555557,15,2,13,0.0003354854873842655,93.33333333333333,6.666666666666671,0.004491200088523328,0.005575599963776767,0.00036120007280260324,0.1279460999649018,0.21539130003657192,0.07877760007977486,0.021319900057278574,0.01872020005248487,0.0004909000126644969
0.8,LP3 ($\theta$ Only),12,120,0.006594036285941646,,15,28.88888888888889,19.35483870967742,33.898305084745765,26,6,20,0.000359648807128929,93.33333333333333,6.666666666666671,0.0015974000561982393,0.005740000051446259,0.00034600007347762585,0.10961560008581728,0.2069063000380993,0.07561749999877065,0.02031880000140518,0.018402399960905313,0.00044979993253946304
0.8,LP3 ($\theta$ Only),13,133,0.004741575931388031,,5,21.0,16.666666666666668,24.137931034482758,21,7,14,0.00037021274404733657,93.33333333333333,6.666666666666671,0.0021599000319838524,0.007942999945953488,0.0005992000224068761,0.1405922999838367,0.22033589996863157,0.06601429998409003,0.020504300016909838,0.029623700072988868,0.0009042000165209174
0.8,LP3 ($\theta$ Only),14,147,0.0068690123180627175,,10,29.473684210526315,30.434782608695652,29.166666666666668,28,7,21,0.00036874948705726754,93.33333333333333,6.666666666666671,0.0030321000376716256,0.014214000082574785,0.0007236000383272767,0.1487688000779599,0.20345079991966486,0.07150960003491491,0.02046389994211495,0.02138109994120896,0.00047149998135864735
0.8,LP3 ($\theta$ Only),15,162,0.005575491846091823,,6,22.22222222222222,8.51063829787234,34.61538461538461,22,4,18,0.00032426835622688225,86.66666666666667,13.333333333333329,0.0018497999990358949,0.006005299976095557,0.0006901000160723925,0.13805299997329712,0.2395231999689713,0.07868819998111576,0.019258899963460863,0.023371499963104725,0.0005019999807700515
0.8,LP3 ($\theta$ Only),16,178,0.00448411726095429,,20,20.0,17.647058823529413,20.58823529411765,17,3,14,0.0002637298263302423,93.33333333333333,6.666666666666671,0.001588399987667799,0.007592600071802735,0.0005312999710440636,0.11896419990807772,0.3748123000841588,0.07720369996968657,0.01785800000652671,0.01816730003338307,0.00042970001231878996
0.8,LP3 ($\theta$ Only),17,195,0.003601474551344994,,7,13.26530612244898,4.0,22.916666666666668,13,2,11,0.00038849956754231425,93.33333333333333,6.666666666666671,0.0015864999732002616,0.005476600024849176,0.0003622000804170966,0.13318049989175051,0.33613579999655485,0.13545070006512105,0.03546689997892827,0.031914299936033785,0.0005271999398246408
0.8,LP3 ($\theta$ Only),18,213,0.0019099477306294826,,12,8.602150537634408,0.0,14.545454545454545,8,0,8,0.00013875774161974428,80.0,20.0,0.0017401999793946743,0.01062449999153614,0.00036810000892728567,0.11610480002127588,0.2029268000042066,0.08826530002988875,0.019480699906125665,0.019937700009904802,0.000458399998024106
0.8,LP3 ($\theta$ Only),19,232,0.0035962771215181702,,6,12.121212121212121,5.714285714285714,15.625,12,2,10,0.00029423437152216036,80.0,20.0,0.0015795000363141298,0.005467699957080185,0.00035879993811249733,0.132465900038369,0.21804189996328205,0.10097680008038878,0.02252930006943643,0.02248490008059889,0.0010631000623106956
0.8,Linear BTL,0,42,,-207.96996050456053,14,27.47252747252747,7.142857142857143,31.16883116883117,25,1,24,,,,0.0017506999429315329,0.0067180999321863055,0.00036049995105713606,0.12846000003628433,0.24493909999728203,0.0987902000779286,0.0322001000167802,0.03262690000701696,0.0004897000035271049
0.8,Linear BTL,1,43,,-198.67788535916813,12,21.50537634408602,4.545454545454546,26.760563380281692,20,1,19,,,,0.0016345999902114272,0.007800299907103181,0.0005153999663889408,0.1406054999679327,0.230024499935098,0.10760230000596493,0.019179799943231046,0.02266979997511953,0.000466700061224401
0.8,Linear BTL,2,45,,-161.8432146250652,4,10.891089108910892,0.0,18.64406779661017,11,0,11,,,,0.0015852999640628695,0.0057221000315621495,0.0003704000264406204,0.12593069998547435,0.3941937000490725,0.07287669996730983,0.029012300074100494,0.025244199903681874,0.0004944000393152237
0.8,Linear BTL,3,48,,-182.45714530308754,8,18.556701030927837,3.125,26.153846153846153,18,1,17,,,,0.002063699997961521,0.007355300011113286,0.0005602999590337276,0.1228269999846816,0.36582030006684363,0.12874419998843223,0.02156609995290637,0.018541799974627793,0.0004781000316143036
0.8,Linear BTL,4,52,,-200.60196931187073,9,27.083333333333332,5.2631578947368425,32.467532467532465,26,1,25,,,,0.004372700001113117,0.007324399892240763,0.0003692000173032284,0.12706970004364848,0.21306730003561825,0.07035469997208565,0.020027199992910028,0.021967299981042743,0.000906099914573133
0.8,Linear BTL,5,57,,-212.13843267159058,8,35.05154639175258,18.181818181818183,40.0,34,4,30,,,,0.0015789999160915613,0.005306900013238192,0.00036179996095597744,0.14841749996412545,0.2706342999590561,0.09127289999742061,0.01992780005093664,0.01875859999563545,0.0007325999904423952
0.8,Linear BTL,6,63,,-179.7296683506578,5,25.0,22.641509433962263,27.659574468085108,25,12,13,,,,0.0016579999355599284,0.005429200013168156,0.0003696000203490257,0.13551369996275753,0.220058299950324,0.12306609994266182,0.02093619992956519,0.019205000018700957,0.0004997999640181661
0.8,Linear BTL,7,70,,-212.61072818856834,3,35.294117647058826,24.137931034482758,39.726027397260275,36,7,29,,,,0.00232589989900589,0.00795040000230074,0.0005942999850958586,0.12038550002034754,0.23275980004109442,0.07498809997923672,0.019541300018317997,0.022516499971970916,0.0005149999633431435
0.8,Linear BTL,8,78,,-185.51268748736112,4,18.81188118811881,9.523809523809524,25.423728813559322,19,4,15,,,,0.0017852999735623598,0.006225699908100069,0.00037430005613714457,0.13318969996180385,0.24119319999590516,0.08552779990714043,0.025021000066772103,0.027591200079768896,0.0009461999870836735
0.8,Linear BTL,9,87,,-212.83118944425038,13,40.21739130434783,25.0,45.588235294117645,37,6,31,,,,0.0015819999389350414,0.007019899901933968,0.0007710999343544245,0.12550959992222488,0.43119890009984374,0.0709696999983862,0.018034800072200596,0.02177220000885427,0.00047309999354183674
0.8,Linear BTL,10,97,,-206.17775489180036,12,24.731182795698924,0.0,31.506849315068493,23,0,23,,,,0.0017457000212743878,0.005398100009188056,0.00034600007347762585,0.1212747999234125,0.20097200002055615,0.10486059996765107,0.02099429990630597,0.019433400011621416,0.00046060001477599144
0.8,Linear BTL,11,108,,-192.54016067900199,5,20.0,7.142857142857143,25.0,20,2,18,,,,0.004491200088523328,0.005575599963776767,0.00036120007280260324,0.1279460999649018,0.21539130003657192,0.07877760007977486,0.021319900057278574,0.01872020005248487,0.0004909000126644969
0.8,Linear BTL,12,120,,-203.1307717484826,15,30.0,16.129032258064516,37.28813559322034,27,5,22,,,,0.0015974000561982393,0.005740000051446259,0.00034600007347762585,0.10961560008581728,0.2069063000380993,0.07561749999877065,0.02031880000140518,0.018402399960905313,0.00044979993253946304
0.8,Linear BTL,13,133,,-187.0312481513615,5,21.0,16.666666666666668,24.137931034482758,21,7,14,,,,0.0021599000319838524,0.007942999945953488,0.0005992000224068761,0.1405922999838367,0.22033589996863157,0.06601429998409003,0.020504300016909838,0.029623700072988868,0.0009042000165209174
0.8,Linear BTL,14,147,,-209.0116939216653,10,30.526315789473685,21.73913043478261,33.333333333333336,29,5,24,,,,0.0030321000376716256,0.014214000082574785,0.0007236000383272767,0.1487688000779599,0.20345079991966486,0.07150960003491491,0.02046389994211495,0.02138109994120896,0.00047149998135864735
0.8,Linear BTL,15,162,,-182.29131565564165,6,23.232323232323232,8.51063829787234,36.53846153846154,23,4,19,,,,0.0018497999990358949,0.006005299976095557,0.0006901000160723925,0.13805299997329712,0.2395231999689713,0.07868819998111576,0.019258899963460863,0.023371499963104725,0.0005019999807700515
0.8,Linear BTL,16,178,,-210.27245985446612,20,25.88235294117647,17.647058823529413,27.941176470588236,22,3,19,,,,0.001588399987667799,0.007592600071802735,0.0005312999710440636,0.11896419990807772,0.3748123000841588,0.07720369996968657,0.01785800000652671,0.01816730003338307,0.00042970001231878996
0.8,Linear BTL,17,195,,-155.5161784279694,7,16.3265306122449,4.0,29.166666666666668,16,2,14,,,,0.0015864999732002616,0.005476600024849176,0.0003622000804170966,0.13318049989175051,0.33613579999655485,0.13545070006512105,0.03546689997892827,0.031914299936033785,0.0005271999398246408
0.8,Linear BTL,18,213,,-163.4149316746404,12,10.75268817204301,0.0,18.181818181818183,10,0,10,,,,0.0017401999793946743,0.01062449999153614,0.00036810000892728567,0.11610480002127588,0.2029268000042066,0.08826530002988875,0.019480699906125665,0.019937700009904802,0.000458399998024106
0.8,Linear BTL,19,232,,-178.3511855669598,6,16.161616161616163,5.714285714285714,21.875,16,2,14,,,,0.0015795000363141298,0.005467699957080185,0.00035879993811249733,0.132465900038369,0.21804189996328205,0.10097680008038878,0.02252930006943643,0.02248490008059889,0.0010631000623106956
0.9,LP2 ($\theta$ Only),0,42,0.0003301939127324183,,12,30.107526881720432,35.714285714285715,29.11392405063291,28,5,23,0.00033019391273241835,60.0,40.0,0.001743100001476705,0.005699499975889921,0.0003603999502956867,0.11487030005082488,0.2111490999814123,0.07200010004453361,0.019797899993136525,0.021846800111234188,0.00122079998254776
0.9,LP2 ($\theta$ Only),1,43,0.00025193989482612646,,12,34.40860215053763,37.5,33.76623376623377,32,6,26,0.00025193989482612646,60.0,40.0,0.0029851000290364027,0.007838099962100387,0.0005701000336557627,0.11837049992755055,0.19488329999148846,0.09397980000358075,0.020924999960698187,0.020390799967572093,0.0008773000445216894
0.9,LP2 ($\theta$ Only),2,45,0.00029436837024119256,,7,31.632653061224488,22.22222222222222,39.62264150943396,31,10,21,0.0002943683702411926,60.0,40.0,0.0017294000135734677,0.005335499998182058,0.00035640003625303507,0.11800880008377135,0.2525031000841409,0.08471970004029572,0.020357700064778328,0.022330999956466258,0.0004870999837294221
0.9,LP2 ($\theta$ Only),3,48,0.00028231977399424587,,9,20.833333333333332,3.5714285714285716,27.941176470588236,20,1,19,0.0002823197739942459,60.0,40.0,0.0018356000073254108,0.005850499961525202,0.00037489994429051876,0.13908879994414747,0.20166809996590018,0.07386559993028641,0.01829629996791482,0.021073400042951107,0.001223200000822544
0.9,LP2 ($\theta$ Only),4,52,0.0003486867654142791,,19,34.883720930232556,50.0,32.432432432432435,30,6,24,0.00034868676541427907,60.0,40.0,0.0018325999844819307,0.005501299980096519,0.0003431999357417226,0.12549949996173382,0.18473620002623647,0.077463100082241,0.018429100047796965,0.01907610008493066,0.000430900021456182
0.9,LP2 ($\theta$ Only),5,57,0.00016452268384809995,,16,13.48314606741573,4.3478260869565215,16.666666666666668,12,1,11,0.00016452268384809995,46.666666666666664,53.333333333333336,0.005411599995568395,0.0066920999670401216,0.00038270000368356705,0.12367560004349798,0.1857111999997869,0.07791900006122887,0.018408400006592274,0.02052589994855225,0.00083430006634444
0.9,LP2 ($\theta$ Only),6,63,0.00029995883576559694,,6,27.272727272727273,31.372549019607842,22.916666666666668,27,16,11,0.0002999588357655969,60.0,40.0,0.001992700039409101,0.007201800006441772,0.0005776999751105905,0.15586880000773817,0.7161993000190705,0.14858819998335093,0.04315879999194294,0.022750900010578334,0.0004916000179946423
0.9,LP2 ($\theta$ Only),7,70,0.0002613275840090348,,6,22.22222222222222,12.121212121212121,27.272727272727273,22,4,18,0.0002613275840090348,60.0,40.0,0.0017802000511437654,0.008862599963322282,0.00039790000300854445,0.21565639995969832,0.28654549992643297,0.09372809994965792,0.022988100070506334,0.02096330001950264,0.0004873999860137701
0.9,LP2 ($\theta$ Only),8,78,0.0002877851689540417,,11,36.170212765957444,32.5,38.888888888888886,34,13,21,0.0002877851689540417,60.0,40.0,0.0015983000630512834,0.005526899942196906,0.00034849997609853745,0.14223140000831336,0.21818540000822395,0.07357610005419701,0.023956999997608364,0.020649999962188303,0.00047069997526705265
0.9,LP2 ($\theta$ Only),9,87,0.00028890935281895993,,15,31.11111111111111,24.137931034482758,34.42622950819672,28,7,21,0.00028890935281895993,60.0,40.0,0.0018357998924329877,0.006082899984903634,0.00035619991831481457,0.12317929998971522,0.25808250007685274,0.1270723999477923,0.017328100046142936,0.018351500038988888,0.000853499979712069
0.9,LP2 ($\theta$ Only),10,97,0.0003695883356988062,,13,39.130434782608695,35.0,40.27777777777778,36,7,29,0.00036958833569880617,60.0,40.0,0.0015833999495953321,0.005640199990011752,0.000345999957062304,0.12507449998520315,0.2516219000099227,0.0727294998941943,0.020469299983233213,0.019891400006599724,0.0004627000307664275
0.9,LP2 ($\theta$ Only),11,108,0.00018513038634952435,,17,18.181818181818183,27.77777777777778,15.714285714285714,16,5,11,0.00018513038634952438,46.666666666666664,53.333333333333336,0.0015749000012874603,0.0053397000301629305,0.00033850001636892557,0.11269820004235953,0.24450459994841367,0.11031249992083758,0.024162400048226118,0.032425699988380075,0.0004376000724732876
0.9,LP2 ($\theta$ Only),12,120,0.00023228006413192437,,19,19.767441860465116,8.333333333333334,24.193548387096776,17,2,15,0.00023228006413192435,60.0,40.0,0.0015948000364005566,0.005964500014670193,0.0007595999632030725,0.13948760007042438,0.23576409998349845,0.11518640001304448,0.022430700017139316,0.026817600009962916,0.0008476999355480075
0.9,LP2 ($\theta$ Only),13,133,0.00029423778170963337,,12,27.956989247311828,15.0,37.735849056603776,26,6,20,0.00029423778170963337,60.0,40.0,0.0016236999072134495,0.009528800030238926,0.0007025999948382378,0.15032010001596063,0.26693769998382777,0.0784488000208512,0.01871239999309182,0.018015400040894747,0.00046440004371106625
0.9,LP2 ($\theta$ Only),14,147,0.00030505611877597555,,13,44.56521739130435,16.666666666666668,54.411764705882355,41,4,37,0.00030505611877597555,60.0,40.0,0.0015870999777689576,0.00554859999101609,0.0003470999654382467,0.11339780001435429,0.43944910005666316,0.08202710002660751,0.02024419989902526,0.020050000050105155,0.0004947000415995717
0.9,LP2 ($\theta$ Only),15,162,0.0004072994730818757,,4,38.613861386138616,38.095238095238095,38.983050847457626,39,16,23,0.00040729947308187567,60.0,40.0,0.0015950999222695827,0.005257799988612533,0.000367900007404387,0.20732819999102503,0.422836699988693,0.09538349998183548,0.0255592999747023,0.02998749993275851,0.03726100001949817
0.9,LP2 ($\theta$ Only),16,178,0.00020057961074333684,,17,25.0,33.333333333333336,23.28767123287671,22,5,17,0.00020057961074333684,60.0,40.0,0.005929899984039366,0.016582799958996475,0.0008542999858036637,0.29984130000229925,0.20464600005652755,0.07883839996065944,0.018204099964350462,0.01985090004745871,0.00044189998880028725
0.9,LP2 ($\theta$ Only),17,195,0.0002339395857173927,,8,23.711340206185568,19.047619047619047,27.272727272727273,23,8,15,0.0002339395857173927,53.333333333333336,46.666666666666664,0.0026946000289171934,0.006529900012537837,0.0005819000070914626,0.1443909000372514,0.22795930004213005,0.16471140005160123,0.02170720009598881,0.022115500061772764,0.0004811000544577837
0.9,LP2 ($\theta$ Only),18,213,0.0002733659125382335,,13,17.391304347826086,6.666666666666667,22.580645161290324,16,2,14,0.0002733659125382334,60.0,40.0,0.0016031000996008515,0.005578299984335899,0.00034929998219013214,0.1331676000263542,0.19697970000561327,0.14502139994874597,0.02585550001822412,0.019926700042560697,0.0009141999762505293
0.9,LP2 ($\theta$ Only),19,232,0.00038100608359790397,,9,34.375,45.45454545454545,28.571428571428573,33,15,18,0.00038100608359790397,60.0,40.0,0.0017320000333711505,0.005359700066037476,0.0003583999350667,0.11734270001761615,0.2181580999167636,0.08444150001741946,0.03051219996996224,0.02724960003979504,0.0004944999236613512
0.9,LP3 ($\theta$ Only),0,42,0.006080277836900939,,12,26.881720430107528,21.428571428571427,27.848101265822784,25,3,22,0.00038659004828089314,93.33333333333333,6.666666666666671,0.001743100001476705,0.005699499975889921,0.0003603999502956867,0.11487030005082488,0.2111490999814123,0.07200010004453361,0.019797899993136525,0.021846800111234188,0.00122079998254776
0.9,LP3 ($\theta$ Only),1,43,0.005641354301548564,,12,30.107526881720432,18.75,32.467532467532465,28,3,25,0.0003202012129356034,93.33333333333333,6.666666666666671,0.0029851000290364027,0.007838099962100387,0.0005701000336557627,0.11837049992755055,0.19488329999148846,0.09397980000358075,0.020924999960698187,0.020390799967572093,0.0008773000445216894
0.9,LP3 ($\theta$ Only),2,45,0.00687299816460442,,7,29.591836734693878,15.555555555555555,41.509433962264154,29,7,22,0.0004090795331759737,93.33333333333333,6.666666666666671,0.0017294000135734677,0.005335499998182058,0.00035640003625303507,0.11800880008377135,0.2525031000841409,0.08471970004029572,0.020357700064778328,0.022330999956466258,0.0004870999837294221
0.9,LP3 ($\theta$ Only),3,48,0.005371092526467195,,9,16.666666666666668,7.142857142857143,20.58823529411765,16,2,14,0.00036695048140619865,93.33333333333333,6.666666666666671,0.0018356000073254108,0.005850499961525202,0.00037489994429051876,0.13908879994414747,0.20166809996590018,0.07386559993028641,0.01829629996791482,0.021073400042951107,0.001223200000822544
0.9,LP3 ($\theta$ Only),4,52,0.0057428138069677455,,19,29.069767441860463,25.0,29.72972972972973,25,3,22,0.00041719608245031935,93.33333333333333,6.666666666666671,0.0018325999844819307,0.005501299980096519,0.0003431999357417226,0.12549949996173382,0.18473620002623647,0.077463100082241,0.018429100047796965,0.01907610008493066,0.000430900021456182
0.9,LP3 ($\theta$ Only),5,57,0.002499040322944426,,16,11.235955056179776,0.0,15.151515151515152,10,0,10,0.00020752178181796365,86.66666666666667,13.333333333333329,0.005411599995568395,0.0066920999670401216,0.00038270000368356705,0.12367560004349798,0.1857111999997869,0.07791900006122887,0.018408400006592274,0.02052589994855225,0.00083430006634444
0.9,LP3 ($\theta$ Only),6,63,0.007467158826785018,,6,29.292929292929294,31.372549019607842,27.083333333333332,29,16,13,0.0004031941523358756,93.33333333333333,6.666666666666671,0.001992700039409101,0.007201800006441772,0.0005776999751105905,0.15586880000773817,0.7161993000190705,0.14858819998335093,0.04315879999194294,0.022750900010578334,0.0004916000179946423
0.9,LP3 ($\theta$ Only),7,70,0.0048564513548716385,,6,20.2020202020202,12.121212121212121,24.242424242424242,20,4,16,0.00032999717819180854,93.33333333333333,6.666666666666671,0.0017802000511437654,0.008862599963322282,0.00039790000300854445,0.21565639995969832,0.28654549992643297,0.09372809994965792,0.022988100070506334,0.02096330001950264,0.0004873999860137701
0.9,LP3 ($\theta$ Only),8,78,0.007518402201968301,,11,32.97872340425532,30.0,35.18518518518518,31,12,19,0.0003236688475000436,93.33333333333333,6.666666666666671,0.0015983000630512834,0.005526899942196906,0.00034849997609853745,0.14223140000831336,0.21818540000822395,0.07357610005419701,0.023956999997608364,0.020649999962188303,0.00047069997526705265
0.9,LP3 ($\theta$ Only),9,87,0.006686614044549072,,15,36.666666666666664,37.93103448275862,36.0655737704918,33,11,22,0.0003395364134396925,93.33333333333333,6.666666666666671,0.0018357998924329877,0.006082899984903634,0.00035619991831481457,0.12317929998971522,0.25808250007685274,0.1270723999477923,0.017328100046142936,0.018351500038988888,0.000853499979712069
0.9,LP3 ($\theta$ Only),10,97,0.007537026474576339,,13,38.04347826086956,30.0,40.27777777777778,35,6,29,0.000400242370590918,93.33333333333333,6.666666666666671,0.0015833999495953321,0.005640199990011752,0.000345999957062304,0.12507449998520315,0.2516219000099227,0.0727294998941943,0.020469299983233213,0.019891400006599724,0.0004627000307664275
0.9,LP3 ($\theta$ Only),11,108,0.004004575830895257,,17,19.318181818181817,22.22222222222222,18.571428571428573,17,4,13,0.0002616164607085656,86.66666666666667,13.333333333333329,0.0015749000012874603,0.0053397000301629305,0.00033850001636892557,0.11269820004235953,0.24450459994841367,0.11031249992083758,0.024162400048226118,0.032425699988380075,0.0004376000724732876
0.9,LP3 ($\theta$ Only),12,120,0.006157795481931275,,19,30.232558139534884,33.333333333333336,29.032258064516128,26,8,18,0.00027683307696079287,93.33333333333333,6.666666666666671,0.0015948000364005566,0.005964500014670193,0.0007595999632030725,0.13948760007042438,0.23576409998349845,0.11518640001304448,0.022430700017139316,0.026817600009962916,0.0008476999355480075
0.9,LP3 ($\theta$ Only),13,133,0.0061288690201184385,,12,24.731182795698924,12.5,33.9622641509434,23,5,18,0.0003502207189267987,93.33333333333333,6.666666666666671,0.0016236999072134495,0.009528800030238926,0.0007025999948382378,0.15032010001596063,0.26693769998382777,0.0784488000208512,0.01871239999309182,0.018015400040894747,0.00046440004371106625
0.9,LP3 ($\theta$ Only),14,147,0.008009202023770064,,13,39.130434782608695,16.666666666666668,47.05882352941177,36,4,32,0.0003411885945850445,93.33333333333333,6.666666666666671,0.0015870999777689576,0.00554859999101609,0.0003470999654382467,0.11339780001435429,0.43944910005666316,0.08202710002660751,0.02024419989902526,0.020050000050105155,0.0004947000415995717
0.9,LP3 ($\theta$ Only),15,162,0.00862698103225711,,4,36.633663366336634,38.095238095238095,35.59322033898305,37,16,21,0.0004372222512671384,93.33333333333333,6.666666666666671,0.0015950999222695827,0.005257799988612533,0.000367900007404387,0.20732819999102503,0.422836699988693,0.09538349998183548,0.0255592999747023,0.02998749993275851,0.03726100001949817
0.9,LP3 ($\theta$ Only),16,178,0.004647391824229188,,17,18.181818181818183,26.666666666666668,16.438356164383563,16,4,12,0.00025995100194839497,93.33333333333333,6.666666666666671,0.005929899984039366,0.016582799958996475,0.0008542999858036637,0.29984130000229925,0.20464600005652755,0.07883839996065944,0.018204099964350462,0.01985090004745871,0.00044189998880028725
0.9,LP3 ($\theta$ Only),17,195,0.004572684559089247,,8,18.556701030927837,9.523809523809524,25.454545454545453,18,4,14,0.0003384303750443769,80.0,20.0,0.0026946000289171934,0.006529900012537837,0.0005819000070914626,0.1443909000372514,0.22795930004213005,0.16471140005160123,0.02170720009598881,0.022115500061772764,0.0004811000544577837
0.9,LP3 ($\theta$ Only),18,213,0.004687406469274884,,13,15.217391304347826,3.3333333333333335,20.967741935483872,14,1,13,0.0003391381185956373,93.33333333333333,6.666666666666671,0.0016031000996008515,0.005578299984335899,0.00034929998219013214,0.1331676000263542,0.19697970000561327,0.14502139994874597,0.02585550001822412,0.019926700042560697,0.0009141999762505293
0.9,LP3 ($\theta$ Only),19,232,0.008080487828937197,,9,36.458333333333336,27.272727272727273,41.26984126984127,35,9,26,0.00044766596390346185,93.33333333333333,6.666666666666671,0.0017320000333711505,0.005359700066037476,0.0003583999350667,0.11734270001761615,0.2181580999167636,0.08444150001741946,0.03051219996996224,0.02724960003979504,0.0004944999236613512
0.9,Linear BTL,0,42,,-210.48579195961497,12,31.182795698924732,14.285714285714286,34.177215189873415,29,2,27,,,,0.001743100001476705,0.005699499975889921,0.0003603999502956867,0.11487030005082488,0.2111490999814123,0.07200010004453361,0.019797899993136525,0.021846800111234188,0.00122079998254776
0.9,Linear BTL,1,43,,-206.7179475845485,12,26.881720430107528,6.25,31.16883116883117,25,1,24,,,,0.0029851000290364027,0.007838099962100387,0.0005701000336557627,0.11837049992755055,0.19488329999148846,0.09397980000358075,0.020924999960698187,0.020390799967572093,0.0008773000445216894
0.9,Linear BTL,2,45,,-194.5160208219979,7,28.571428571428573,15.555555555555555,39.62264150943396,28,7,21,,,,0.0017294000135734677,0.005335499998182058,0.00035640003625303507,0.11800880008377135,0.2525031000841409,0.08471970004029572,0.020357700064778328,0.022330999956466258,0.0004870999837294221
0.9,Linear BTL,3,48,,-194.87766444439043,9,23.958333333333332,7.142857142857143,30.88235294117647,23,2,21,,,,0.0018356000073254108,0.005850499961525202,0.00037489994429051876,0.13908879994414747,0.20166809996590018,0.07386559993028641,0.01829629996791482,0.021073400042951107,0.001223200000822544
0.9,Linear BTL,4,52,,-212.86413138386428,19,26.74418604651163,16.666666666666668,28.37837837837838,23,2,21,,,,0.0018325999844819307,0.005501299980096519,0.0003431999357417226,0.12549949996173382,0.18473620002623647,0.077463100082241,0.018429100047796965,0.01907610008493066,0.000430900021456182
0.9,Linear BTL,5,57,,-199.75728522278973,16,14.606741573033707,8.695652173913043,16.666666666666668,13,2,11,,,,0.005411599995568395,0.0066920999670401216,0.00038270000368356705,0.12367560004349798,0.1857111999997869,0.07791900006122887,0.018408400006592274,0.02052589994855225,0.00083430006634444
0.9,Linear BTL,6,63,,-207.22356277139326,6,32.323232323232325,37.254901960784316,27.083333333333332,32,19,13,,,,0.001992700039409101,0.007201800006441772,0.0005776999751105905,0.15586880000773817,0.7161993000190705,0.14858819998335093,0.04315879999194294,0.022750900010578334,0.0004916000179946423
0.9,Linear BTL,7,70,,-187.95871833355727,6,23.232323232323232,9.090909090909092,30.303030303030305,23,3,20,,,,0.0017802000511437654,0.008862599963322282,0.00039790000300854445,0.21565639995969832,0.28654549992643297,0.09372809994965792,0.022988100070506334,0.02096330001950264,0.0004873999860137701
0.9,Linear BTL,8,78,,-210.94396513849247,11,37.234042553191486,27.5,44.44444444444444,35,11,24,,,,0.0015983000630512834,0.005526899942196906,0.00034849997609853745,0.14223140000831336,0.21818540000822395,0.07357610005419701,0.023956999997608364,0.020649999962188303,0.00047069997526705265
0.9,Linear BTL,9,87,,-208.7209832721205,15,41.111111111111114,41.37931034482759,40.98360655737705,37,12,25,,,,0.0018357998924329877,0.006082899984903634,0.00035619991831481457,0.12317929998971522,0.25808250007685274,0.1270723999477923,0.017328100046142936,0.018351500038988888,0.000853499979712069
0.9,Linear BTL,10,97,,-213.86314018862888,13,39.130434782608695,40.0,38.888888888888886,36,8,28,,,,0.0015833999495953321,0.005640199990011752,0.000345999957062304,0.12507449998520315,0.2516219000099227,0.0727294998941943,0.020469299983233213,0.019891400006599724,0.0004627000307664275
0.9,Linear BTL,11,108,,-204.42799516560373,17,18.181818181818183,16.666666666666668,18.571428571428573,16,3,13,,,,0.0015749000012874603,0.0053397000301629305,0.00033850001636892557,0.11269820004235953,0.24450459994841367,0.11031249992083758,0.024162400048226118,0.032425699988380075,0.0004376000724732876
0.9,Linear BTL,12,120,,-211.39043430716634,19,33.72093023255814,20.833333333333332,38.70967741935484,29,5,24,,,,0.0015948000364005566,0.005964500014670193,0.0007595999632030725,0.13948760007042438,0.23576409998349845,0.11518640001304448,0.022430700017139316,0.026817600009962916,0.0008476999355480075
0.9,Linear BTL,13,133,,-195.69521832856805,12,29.032258064516128,15.0,39.62264150943396,27,6,21,,,,0.0016236999072134495,0.009528800030238926,0.0007025999948382378,0.15032010001596063,0.26693769998382777,0.0784488000208512,0.01871239999309182,0.018015400040894747,0.00046440004371106625
0.9,Linear BTL,14,147,,-211.0840298749338,13,39.130434782608695,8.333333333333334,50.0,36,2,34,,,,0.0015870999777689576,0.00554859999101609,0.0003470999654382467,0.11339780001435429,0.43944910005666316,0.08202710002660751,0.02024419989902526,0.020050000050105155,0.0004947000415995717
0.9,Linear BTL,15,162,,-210.33585960342361,4,42.57425742574257,42.857142857142854,42.3728813559322,43,18,25,,,,0.0015950999222695827,0.005257799988612533,0.000367900007404387,0.20732819999102503,0.422836699988693,0.09538349998183548,0.0255592999747023,0.02998749993275851,0.03726100001949817
0.9,Linear BTL,16,178,,-211.1639902080116,17,25.0,26.666666666666668,24.65753424657534,22,4,18,,,,0.005929899984039366,0.016582799958996475,0.0008542999858036637,0.29984130000229925,0.20464600005652755,0.07883839996065944,0.018204099964350462,0.01985090004745871,0.00044189998880028725
0.9,Linear BTL,17,195,,-181.1265756606339,8,17.52577319587629,9.523809523809524,23.636363636363637,17,4,13,,,,0.0026946000289171934,0.006529900012537837,0.0005819000070914626,0.1443909000372514,0.22795930004213005,0.16471140005160123,0.02170720009598881,0.022115500061772764,0.0004811000544577837
0.9,Linear BTL,18,213,,-196.14433551676115,13,17.391304347826086,3.3333333333333335,24.193548387096776,16,1,15,,,,0.0016031000996008515,0.005578299984335899,0.00034929998219013214,0.1331676000263542,0.19697970000561327,0.14502139994874597,0.02585550001822412,0.019926700042560697,0.0009141999762505293
0.9,Linear BTL,19,232,,-208.52481329619593,9,38.541666666666664,15.151515151515152,50.79365079365079,37,5,32,,,,0.0017320000333711505,0.005359700066037476,0.0003583999350667,0.11734270001761615,0.2181580999167636,0.08444150001741946,0.03051219996996224,0.02724960003979504,0.0004944999236613512
1.0,LP2 ($\theta$ Only),0,42,0.00027888035540542505,,18,18.39080459770115,0.0,21.05263157894737,16,0,16,0.00027888035540542505,60.0,40.0,0.0014324999647215009,0.006817299989052117,0.0003624000819399953,0.12861090002115816,0.1884710000595078,0.08952379995025694,0.016640300047583878,0.017086500069126487,0.00043290003668516874
1.0,LP2 ($\theta$ Only),1,43,0.00030094453304560433,,17,44.31818181818182,50.0,43.24324324324324,39,7,32,0.00030094453304560433,53.333333333333336,46.666666666666664,0.0013225999427959323,0.005884699989110231,0.0006492000538855791,0.12455670000053942,0.20195000001695007,0.08633640001062304,0.01819550001528114,0.01909059996251017,0.0005142000736668706
1.0,LP2 ($\theta$ Only),2,45,0.000310531911422283,,6,31.31313131313131,25.0,35.59322033898305,31,10,21,0.000310531911422283,60.0,40.0,0.0013266999740153551,0.005279200035147369,0.00035170000046491623,0.14528279996011406,0.24189119995571673,0.10081959993112832,0.022004100028425455,0.021102100028656423,0.0005014999769628048
1.0,LP2 ($\theta$ Only),3,48,0.0002797991376262557,,15,34.44444444444444,31.818181818181817,35.294117647058826,31,7,24,0.0002797991376262557,60.0,40.0,0.0013139999937266111,0.005442199995741248,0.0003458999563008547,0.33191459998488426,0.2634974999818951,0.10263159999158233,0.026626600068993866,0.021737199975177646,0.0008511000778526068
1.0,LP2 ($\theta$ Only),4,52,0.0003729698893751769,,22,38.55421686746988,76.92307692307692,31.428571428571427,32,10,22,0.0003729698893751769,60.0,40.0,0.0019201000686734915,0.009852799936197698,0.0005379000212997198,0.14597249997314066,0.2346376000205055,0.13813380000647157,0.019211299950256944,0.02397520001977682,0.00047530001029372215
1.0,LP2 ($\theta$ Only),5,57,0.00025564914828815887,,11,22.340425531914892,20.0,23.18840579710145,21,5,16,0.00025564914828815887,53.333333333333336,46.666666666666664,0.0019397999858483672,0.006573399994522333,0.00037109991535544395,0.1308524999767542,0.20379350008442998,0.0676806999836117,0.021077100071124732,0.028802200104109943,0.0007091999286785722
1.0,LP2 ($\theta$ Only),6,63,0.00019257454799423939,,8,17.52577319587629,9.615384615384615,26.666666666666668,17,5,12,0.00019257454799423939,53.333333333333336,46.666666666666664,0.003283299971371889,0.010233799926936626,0.0007839999161660671,0.21284579997882247,0.28937829995993525,0.07855909992940724,0.02368640003260225,0.02200620004441589,0.00048099993728101254
1.0,LP2 ($\theta$ Only),7,70,0.00020082282104413217,,9,16.666666666666668,8.0,19.718309859154928,16,2,14,0.00020082282104413215,60.0,40.0,0.0013260000851005316,0.0079917999682948,0.000568700022995472,0.3661130000837147,0.34177870000712574,0.25806790008209646,0.14172700000926852,0.07663240004330873,0.0019489000551402569
1.0,LP2 ($\theta$ Only),8,78,0.00036756713831791925,,8,38.144329896907216,32.432432432432435,41.666666666666664,37,12,25,0.00036756713831791925,60.0,40.0,0.005187500035390258,0.007579200086183846,0.00039840000681579113,0.24455900001339614,0.47738970001228154,0.09694820002187043,0.027491700020618737,0.02059869992081076,0.00048449996393173933
1.0,LP2 ($\theta$ Only),9,87,0.00032795630343887474,,9,27.083333333333332,22.22222222222222,28.985507246376812,26,6,20,0.00032795630343887474,60.0,40.0,0.0013354000402614474,0.005163599969819188,0.00035200000274926424,0.13976359996013343,0.21340460004284978,0.06759059999603778,0.02148049999959767,0.0185718999709934,0.00047719990834593773
1.0,LP2 ($\theta$ Only),10,97,0.00035378041216628563,,11,26.595744680851062,20.0,28.985507246376812,25,5,20,0.0003537804121662857,53.333333333333336,46.666666666666664,0.004178300034254789,0.00628800003323704,0.0004501000512391329,0.1681572999805212,0.4070830999407917,0.10651730000972748,0.019305999972857535,0.021019999985583127,0.0008892999030649662
1.0,LP2 ($\theta$ Only),11,108,0.00016640480938070047,,19,19.767441860465116,10.526315789473685,22.388059701492537,17,2,15,0.00016640480938070047,60.0,40.0,0.0013269999762997031,0.00660650001373142,0.0005385000258684158,0.12494719994720072,0.2134383999509737,0.7240541999926791,0.07000289997085929,0.05222309997770935,0.0013557999627664685
1.0,LP2 ($\theta$ Only),12,120,0.00036847848812484473,,14,34.065934065934066,34.78260869565217,33.8235294117647,31,8,23,0.00036847848812484473,60.0,40.0,0.004498600028455257,0.017473299987614155,0.000520800007507205,0.24235839990433306,0.2566111999331042,0.08839609997812659,0.021911100018769503,0.02433960000053048,0.00045849999878555536
1.0,LP2 ($\theta$ Only),13,133,0.0003333380206636485,,11,27.659574468085108,15.384615384615385,36.36363636363637,26,6,20,0.0003333380206636485,53.333333333333336,46.666666666666664,0.0018241999205201864,0.007113500032573938,0.0008604999165982008,0.225513800047338,0.22013279993552715,0.1495577999157831,0.031141199986450374,0.03117610001936555,0.0004865999799221754
1.0,LP2 ($\theta$ Only),14,147,0.00039982431926445094,,8,32.98969072164948,35.714285714285715,31.884057971014492,32,10,22,0.00039982431926445094,60.0,40.0,0.0013503999216482043,0.010791499982587993,0.00038760004099458456,0.15307570004370064,0.4283838999690488,0.1356479999376461,0.02936509996652603,0.03847449994646013,0.0009163999930024147
1.0,LP2 ($\theta$ Only),15,162,0.00029378845444664694,,9,31.25,34.146341463414636,29.09090909090909,30,14,16,0.000293788454446647,60.0,40.0,0.0013418999733403325,0.015304700005799532,0.000812700018286705,0.3400491999927908,0.37366659997496754,0.119547100039199,0.0401799000101164,0.03644300007726997,0.001451799995265901
1.0,LP2 ($\theta$ Only),16,178,0.0003872097750922802,,18,33.333333333333336,25.0,34.666666666666664,29,3,26,0.0003872097750922802,60.0,40.0,0.003065100056119263,0.011986900004558265,0.0005698999157175422,0.3056688999058679,0.22463029995560646,0.15496059996075928,0.017113000038079917,0.02007420000154525,0.0008287000237032771
1.0,LP2 ($\theta$ Only),17,195,0.0001915029776826206,,10,17.894736842105264,12.195121951219512,22.22222222222222,17,5,12,0.00019150297768262062,53.333333333333336,46.666666666666664,0.0013146999990567565,0.005333599983714521,0.00035960006061941385,0.1449369000038132,0.2451772999484092,0.1213335000211373,0.021033999975770712,0.021944800042547286,0.0004797999281436205
1.0,LP2 ($\theta$ Only),18,213,0.00023964671093675203,,12,25.806451612903224,11.538461538461538,31.34328358208955,24,3,21,0.000239646710936752,53.333333333333336,46.666666666666664,0.0013255999656394124,0.00538570003118366,0.0003587000537663698,0.13955959992017597,0.21359910001046956,0.07643550005741417,0.02079180011060089,0.026265399996191263,0.0015342000406235456
1.0,LP2 ($\theta$ Only),19,232,0.0002557099124926158,,14,32.967032967032964,46.666666666666664,26.229508196721312,30,14,16,0.0002557099124926158,53.333333333333336,46.666666666666664,0.002002399996854365,0.005474200006574392,0.0003513999981805682,0.17563029995653778,0.2544692000374198,0.1145245999796316,0.01969210000243038,0.018420399981550872,0.00046939996536821127
1.0,LP3 ($\theta$ Only),0,42,0.005133789140579671,,18,17.24137931034483,0.0,19.736842105263158,15,0,15,0.0003865005785217567,93.33333333333333,6.666666666666671,0.0014324999647215009,0.006817299989052117,0.0003624000819399953,0.12861090002115816,0.1884710000595078,0.08952379995025694,0.016640300047583878,0.017086500069126487,0.00043290003668516874
1.0,LP3 ($\theta$ Only),1,43,0.00749426273883634,,17,40.90909090909091,35.714285714285715,41.891891891891895,36,5,31,0.0003370816799563527,93.33333333333333,6.666666666666671,0.0013225999427959323,0.005884699989110231,0.0006492000538855791,0.12455670000053942,0.20195000001695007,0.08633640001062304,0.01819550001528114,0.01909059996251017,0.0005142000736668706
1.0,LP3 ($\theta$ Only),2,45,0.007043027487247269,,6,29.292929292929294,20.0,35.59322033898305,29,8,21,0.00040481291212388846,93.33333333333333,6.666666666666671,0.0013266999740153551,0.005279200035147369,0.00035170000046491623,0.14528279996011406,0.24189119995571673,0.10081959993112832,0.022004100028425455,0.021102100028656423,0.0005014999769628048
1.0,LP3 ($\theta$ Only),3,48,0.007619563247570271,,15,33.333333333333336,31.818181818181817,33.8235294117647,30,7,23,0.00029815147403642223,86.66666666666667,13.333333333333329,0.0013139999937266111,0.005442199995741248,0.0003458999563008547,0.33191459998488426,0.2634974999818951,0.10263159999158233,0.026626600068993866,0.021737199975177646,0.0008511000778526068
1.0,LP3 ($\theta$ Only),4,52,0.0060834797142310945,,22,31.325301204819276,46.15384615384615,28.571428571428573,26,6,20,0.000458936486091989,93.33333333333333,6.666666666666671,0.0019201000686734915,0.009852799936197698,0.0005379000212997198,0.14597249997314066,0.2346376000205055,0.13813380000647157,0.019211299950256944,0.02397520001977682,0.00047530001029372215
1.0,LP3 ($\theta$ Only),5,57,0.0043531615477882405,,11,18.085106382978722,12.0,20.28985507246377,17,3,14,0.00035135108402967365,86.66666666666667,13.333333333333329,0.0019397999858483672,0.006573399994522333,0.00037109991535544395,0.1308524999767542,0.20379350008442998,0.0676806999836117,0.021077100071124732,0.028802200104109943,0.0007091999286785722
1.0,LP3 ($\theta$ Only),6,63,0.004249058827772117,,8,17.52577319587629,7.6923076923076925,28.88888888888889,17,4,13,0.0002845978627977707,93.33333333333333,6.666666666666671,0.003283299971371889,0.010233799926936626,0.0007839999161660671,0.21284579997882247,0.28937829995993525,0.07855909992940724,0.02368640003260225,0.02200620004441589,0.00048099993728101254
1.0,LP3 ($\theta$ Only),7,70,0.0044916263196320815,,9,16.666666666666668,4.0,21.12676056338028,16,1,15,0.0002678030607158636,93.33333333333333,6.666666666666671,0.0013260000851005316,0.0079917999682948,0.000568700022995472,0.3661130000837147,0.34177870000712574,0.25806790008209646,0.14172700000926852,0.07663240004330873,0.0019489000551402569
1.0,LP3 ($\theta$ Only),8,78,0.0075296028359233625,,8,32.98969072164948,21.62162162162162,40.0,32,8,24,0.00044035364848598056,93.33333333333333,6.666666666666671,0.005187500035390258,0.007579200086183846,0.00039840000681579113,0.24455900001339614,0.47738970001228154,0.09694820002187043,0.027491700020618737,0.02059869992081076,0.00048449996393173933
1.0,LP3 ($\theta$ Only),9,87,0.006631026879607524,,9,22.916666666666668,22.22222222222222,23.18840579710145,22,6,16,0.0004800748206331471,93.33333333333333,6.666666666666671,0.0013354000402614474,0.005163599969819188,0.00035200000274926424,0.13976359996013343,0.21340460004284978,0.06759059999603778,0.02148049999959767,0.0185718999709934,0.00047719990834593773
1.0,LP3 ($\theta$ Only),10,97,0.0061032391380045695,,11,28.72340425531915,12.0,34.78260869565217,27,3,24,0.0004586052497401767,93.33333333333333,6.666666666666671,0.004178300034254789,0.00628800003323704,0.0004501000512391329,0.1681572999805212,0.4070830999407917,0.10651730000972748,0.019305999972857535,0.021019999985583127,0.0008892999030649662
1.0,LP3 ($\theta$ Only),11,108,0.003314510776712969,,19,11.627906976744185,0.0,14.925373134328359,10,0,10,0.0001736434438990674,86.66666666666667,13.333333333333329,0.0013269999762997031,0.00660650001373142,0.0005385000258684158,0.12494719994720072,0.2134383999509737,0.7240541999926791,0.07000289997085929,0.05222309997770935,0.0013557999627664685
1.0,LP3 ($\theta$ Only),12,120,0.00611798079606727,,14,25.274725274725274,13.043478260869565,29.41176470588235,23,3,20,0.00043204201187741853,93.33333333333333,6.666666666666671,0.004498600028455257,0.017473299987614155,0.000520800007507205,0.24235839990433306,0.2566111999331042,0.08839609997812659,0.021911100018769503,0.02433960000053048,0.00045849999878555536
1.0,LP3 ($\theta$ Only),13,133,0.006706980718446188,,11,28.72340425531915,12.820512820512821,40.0,27,5,22,0.00040666254716842295,93.33333333333333,6.666666666666671,0.0018241999205201864,0.007113500032573938,0.0008604999165982008,0.225513800047338,0.22013279993552715,0.1495577999157831,0.031141199986450374,0.03117610001936555,0.0004865999799221754
1.0,LP3 ($\theta$ Only),14,147,0.006682303557504684,,8,29.896907216494846,14.285714285714286,36.231884057971016,29,4,25,0.0004975860007962431,93.33333333333333,6.666666666666671,0.0013503999216482043,0.010791499982587993,0.00038760004099458456,0.15307570004370064,0.4283838999690488,0.1356479999376461,0.02936509996652603,0.03847449994646013,0.0009163999930024147
1.0,LP3 ($\theta$ Only),15,162,0.007450127067269829,,9,29.166666666666668,29.26829268292683,29.09090909090909,28,12,16,0.0003465416351505564,86.66666666666667,13.333333333333329,0.0013418999733403325,0.015304700005799532,0.000812700018286705,0.3400491999927908,0.37366659997496754,0.119547100039199,0.0401799000101164,0.03644300007726997,0.001451799995265901
1.0,LP3 ($\theta$ Only),16,178,0.0061530086133702155,,18,25.28735632183908,25.0,25.333333333333332,22,3,19,0.00047210200370877126,93.33333333333333,6.666666666666671,0.003065100056119263,0.011986900004558265,0.0005698999157175422,0.3056688999058679,0.22463029995560646,0.15496059996075928,0.017113000038079917,0.02007420000154525,0.0008287000237032771
1.0,LP3 ($\theta$ Only),17,195,0.004085274354487151,,10,16.842105263157894,7.317073170731708,24.074074074074073,16,3,13,0.00024324970256183956,80.0,20.0,0.0013146999990567565,0.005333599983714521,0.00035960006061941385,0.1449369000038132,0.2451772999484092,0.1213335000211373,0.021033999975770712,0.021944800042547286,0.0004797999281436205
1.0,LP3 ($\theta$ Only),18,213,0.0051281450437466285,,12,23.655913978494624,3.8461538461538463,31.34328358208955,22,1,21,0.00036596727650399307,93.33333333333333,6.666666666666671,0.0013255999656394124,0.00538570003118366,0.0003587000537663698,0.13955959992017597,0.21359910001046956,0.07643550005741417,0.02079180011060089,0.026265399996191263,0.0015342000406235456
1.0,LP3 ($\theta$ Only),19,232,0.0059512646563136705,,14,26.373626373626372,6.666666666666667,36.0655737704918,24,2,22,0.0003286488682345599,93.33333333333333,6.666666666666671,0.002002399996854365,0.005474200006574392,0.0003513999981805682,0.17563029995653778,0.2544692000374198,0.1145245999796316,0.01969210000243038,0.018420399981550872,0.00046939996536821127
1.0,Linear BTL,0,42,,-209.44798571408182,18,21.839080459770116,0.0,25.0,19,0,19,,,,0.0014324999647215009,0.006817299989052117,0.0003624000819399953,0.12861090002115816,0.1884710000595078,0.08952379995025694,0.016640300047583878,0.017086500069126487,0.00043290003668516874
1.0,Linear BTL,1,43,,-216.24045373609226,17,37.5,28.571428571428573,39.189189189189186,33,4,29,,,,0.0013225999427959323,0.005884699989110231,0.0006492000538855791,0.12455670000053942,0.20195000001695007,0.08633640001062304,0.01819550001528114,0.01909059996251017,0.0005142000736668706
1.0,Linear BTL,2,45,,-203.30787717252022,6,29.292929292929294,17.5,37.28813559322034,29,7,22,,,,0.0013266999740153551,0.005279200035147369,0.00035170000046491623,0.14528279996011406,0.24189119995571673,0.10081959993112832,0.022004100028425455,0.021102100028656423,0.0005014999769628048
1.0,Linear BTL,3,48,,-213.52831114646744,15,35.55555555555556,18.181818181818183,41.1764705882353,32,4,28,,,,0.0013139999937266111,0.005442199995741248,0.0003458999563008547,0.33191459998488426,0.2634974999818951,0.10263159999158233,0.026626600068993866,0.021737199975177646,0.0008511000778526068
1.0,Linear BTL,4,52,,-214.894464187693,22,34.93975903614458,7.6923076923076925,40.0,29,1,28,,,,0.0019201000686734915,0.009852799936197698,0.0005379000212997198,0.14597249997314066,0.2346376000205055,0.13813380000647157,0.019211299950256944,0.02397520001977682,0.00047530001029372215
1.0,Linear BTL,5,57,,-198.21166516384844,11,19.148936170212767,12.0,21.73913043478261,18,3,15,,,,0.0019397999858483672,0.006573399994522333,0.00037109991535544395,0.1308524999767542,0.20379350008442998,0.0676806999836117,0.021077100071124732,0.028802200104109943,0.0007091999286785722
1.0,Linear BTL,6,63,,-164.1687651679628,8,17.52577319587629,7.6923076923076925,28.88888888888889,17,4,13,,,,0.003283299971371889,0.010233799926936626,0.0007839999161660671,0.21284579997882247,0.28937829995993525,0.07855909992940724,0.02368640003260225,0.02200620004441589,0.00048099993728101254
1.0,Linear BTL,7,70,,-193.65039354239426,9,18.75,4.0,23.943661971830984,18,1,17,,,,0.0013260000851005316,0.0079917999682948,0.000568700022995472,0.3661130000837147,0.34177870000712574,0.25806790008209646,0.14172700000926852,0.07663240004330873,0.0019489000551402569
1.0,Linear BTL,8,78,,-201.5982219149149,8,28.8659793814433,16.216216216216218,36.666666666666664,28,6,22,,,,0.005187500035390258,0.007579200086183846,0.00039840000681579113,0.24455900001339614,0.47738970001228154,0.09694820002187043,0.027491700020618737,0.02059869992081076,0.00048449996393173933
1.0,Linear BTL,9,87,,-206.19345378799963,9,29.166666666666668,22.22222222222222,31.884057971014492,28,6,22,,,,0.0013354000402614474,0.005163599969819188,0.00035200000274926424,0.13976359996013343,0.21340460004284978,0.06759059999603778,0.02148049999959767,0.0185718999709934,0.00047719990834593773
1.0,Linear BTL,10,97,,-202.468376906644,11,29.78723404255319,12.0,36.231884057971016,28,3,25,,,,0.004178300034254789,0.00628800003323704,0.0004501000512391329,0.1681572999805212,0.4070830999407917,0.10651730000972748,0.019305999972857535,0.021019999985583127,0.0008892999030649662
1.0,Linear BTL,11,108,,-201.27108171229,19,20.930232558139537,0.0,26.865671641791046,18,0,18,,,,0.0013269999762997031,0.00660650001373142,0.0005385000258684158,0.12494719994720072,0.2134383999509737,0.7240541999926791,0.07000289997085929,0.05222309997770935,0.0013557999627664685
1.0,Linear BTL,12,120,,-208.4584339019509,14,32.967032967032964,17.391304347826086,38.23529411764706,30,4,26,,,,0.004498600028455257,0.017473299987614155,0.000520800007507205,0.24235839990433306,0.2566111999331042,0.08839609997812659,0.021911100018769503,0.02433960000053048,0.00045849999878555536
1.0,Linear BTL,13,133,,-202.59631011376445,11,29.78723404255319,15.384615384615385,40.0,28,6,22,,,,0.0018241999205201864,0.007113500032573938,0.0008604999165982008,0.225513800047338,0.22013279993552715,0.1495577999157831,0.031141199986450374,0.03117610001936555,0.0004865999799221754
1.0,Linear BTL,14,147,,-202.90138120205108,8,31.95876288659794,14.285714285714286,39.130434782608695,31,4,27,,,,0.0013503999216482043,0.010791499982587993,0.00038760004099458456,0.15307570004370064,0.4283838999690488,0.1356479999376461,0.02936509996652603,0.03847449994646013,0.0009163999930024147
1.0,Linear BTL,15,162,,-210.30275553606577,9,34.375,34.146341463414636,34.54545454545455,33,14,19,,,,0.0013418999733403325,0.015304700005799532,0.000812700018286705,0.3400491999927908,0.37366659997496754,0.119547100039199,0.0401799000101164,0.03644300007726997,0.001451799995265901
1.0,Linear BTL,16,178,,-214.49193520285152,18,32.18390804597701,33.333333333333336,32.0,28,4,24,,,,0.003065100056119263,0.011986900004558265,0.0005698999157175422,0.3056688999058679,0.22463029995560646,0.15496059996075928,0.017113000038079917,0.02007420000154525,0.0008287000237032771
1.0,Linear BTL,17,195,,-179.35706092814635,10,17.894736842105264,4.878048780487805,27.77777777777778,17,2,15,,,,0.0013146999990567565,0.005333599983714521,0.00035960006061941385,0.1449369000038132,0.2451772999484092,0.1213335000211373,0.021033999975770712,0.021944800042547286,0.0004797999281436205
1.0,Linear BTL,18,213,,-196.66436199348408,12,23.655913978494624,3.8461538461538463,31.34328358208955,22,1,21,,,,0.0013255999656394124,0.00538570003118366,0.0003587000537663698,0.13955959992017597,0.21359910001046956,0.07643550005741417,0.02079180011060089,0.026265399996191263,0.0015342000406235456
1.0,Linear BTL,19,232,,-202.56457801885344,14,27.47252747252747,10.0,36.0655737704918,25,3,22,,,,0.002002399996854365,0.005474200006574392,0.0003513999981805682,0.17563029995653778,0.2544692000374198,0.1145245999796316,0.01969210000243038,0.018420399981550872,0.00046939996536821127
