phi,model,trial,seed,objective,loss_value,fas_size,violation_percentage,po_violation_percentage,pmc_violation_percentage,num_violations,num_po_violations,num_pmc_violations,z_sum,epsilon_l1_norm,epsilon_support_percentage,epsilon_sparsity,time_LP2 Solve,time_LP3 Solve,time_Old LP Evaluation,time_New LP Evaluation
0.0,LP2 ($\theta$ Only),0,42,0.000326223817540063,,22,10.071942446043165,4.109589041095891,16.666666666666668,28,6,22,,0.000326223817540063,52.0,48.0,0.5698461000574753,0.7780519999796525,0.09733769996091723,0.14781459991354495
0.0,LP2 ($\theta$ Only),1,43,0.000326223817540063,,22,10.071942446043165,4.109589041095891,16.666666666666668,28,6,22,,0.000326223817540063,52.0,48.0,0.6496515000471845,0.6469111000187695,0.1281207000138238,0.09201639995444566
0.0,LP2 ($\theta$ Only),2,45,0.000326223817540063,,22,10.071942446043165,4.109589041095891,16.666666666666668,28,6,22,,0.000326223817540063,52.0,48.0,0.5235687999520451,0.5494833999546245,0.08004999998956919,0.06807109992951155
0.0,LP2 ($\theta$ Only),3,48,0.000326223817540063,,22,10.071942446043165,4.109589041095891,16.666666666666668,28,6,22,,0.000326223817540063,52.0,48.0,0.3514226999832317,0.6369747000280768,0.0737877000356093,0.080768599989824
0.0,LP2 ($\theta$ Only),4,52,0.000326223817540063,,22,10.071942446043165,4.109589041095891,16.666666666666668,28,6,22,,0.000326223817540063,52.0,48.0,0.3314674999564886,0.7627917000791058,0.08373910002410412,0.07908970001153648
0.0,LP2 ($\theta$ Only),5,57,0.000326223817540063,,22,10.071942446043165,4.109589041095891,16.666666666666668,28,6,22,,0.000326223817540063,52.0,48.0,0.32995259994640946,0.6642588999820873,0.07242019998375326,0.08162209996953607
0.0,LP2 ($\theta$ Only),6,63,0.000326223817540063,,22,10.071942446043165,4.109589041095891,16.666666666666668,28,6,22,,0.000326223817540063,52.0,48.0,0.3122521999757737,0.753384800045751,0.07994829991366714,0.06852500000968575
0.0,LP2 ($\theta$ Only),7,70,0.000326223817540063,,22,10.071942446043165,4.109589041095891,16.666666666666668,28,6,22,,0.000326223817540063,52.0,48.0,0.3214443000033498,0.6484471999574453,0.07531789992935956,0.08787110005505383
0.0,LP2 ($\theta$ Only),8,78,0.000326223817540063,,22,10.071942446043165,4.109589041095891,16.666666666666668,28,6,22,,0.000326223817540063,52.0,48.0,0.3306974000297487,0.7997259999392554,0.07174369995482266,0.20317079999949783
0.0,LP2 ($\theta$ Only),9,87,0.000326223817540063,,22,10.071942446043165,4.109589041095891,16.666666666666668,28,6,22,,0.000326223817540063,52.0,48.0,0.43440359993837774,0.5947341000428423,0.09531550004612654,0.10137610009405762
0.0,LP2 ($\theta$ Only),10,97,0.000326223817540063,,22,10.071942446043165,4.109589041095891,16.666666666666668,28,6,22,,0.000326223817540063,52.0,48.0,0.45569289999548346,1.005691200029105,0.07281590008642524,0.07916910003405064
0.0,LP2 ($\theta$ Only),11,108,0.000326223817540063,,22,10.071942446043165,4.109589041095891,16.666666666666668,28,6,22,,0.000326223817540063,52.0,48.0,0.3379896000260487,0.5650048999814317,0.07904779992531985,0.06989349995274097
0.0,LP2 ($\theta$ Only),12,120,0.000326223817540063,,22,10.071942446043165,4.109589041095891,16.666666666666668,28,6,22,,0.000326223817540063,52.0,48.0,0.4538562000961974,0.8741151000140235,0.0684120999649167,0.08105109992902726
0.0,LP2 ($\theta$ Only),13,133,0.000326223817540063,,22,10.071942446043165,4.109589041095891,16.666666666666668,28,6,22,,0.000326223817540063,52.0,48.0,0.3432953000301495,0.6013143999734893,0.07771179999690503,0.07033110002521425
0.0,LP2 ($\theta$ Only),14,147,0.000326223817540063,,22,10.071942446043165,4.109589041095891,16.666666666666668,28,6,22,,0.000326223817540063,52.0,48.0,0.3279176999349147,0.6408076999941841,0.0816365999635309,0.07277540001086891
0.0,LP2 ($\theta$ Only),15,162,0.000326223817540063,,22,10.071942446043165,4.109589041095891,16.666666666666668,28,6,22,,0.000326223817540063,52.0,48.0,0.5397882000543177,0.6843226999044418,0.07902760000433773,0.07984350004699081
0.0,LP2 ($\theta$ Only),16,178,0.000326223817540063,,22,10.071942446043165,4.109589041095891,16.666666666666668,28,6,22,,0.000326223817540063,52.0,48.0,0.3765782000264153,0.5969266999745741,0.09502220002468675,0.0828712999355048
0.0,LP2 ($\theta$ Only),17,195,0.000326223817540063,,22,10.071942446043165,4.109589041095891,16.666666666666668,28,6,22,,0.000326223817540063,52.0,48.0,0.5071938000619411,0.567275199922733,0.08160280005540699,0.07194520009215921
0.0,LP2 ($\theta$ Only),18,213,0.000326223817540063,,22,10.071942446043165,4.109589041095891,16.666666666666668,28,6,22,,0.000326223817540063,52.0,48.0,0.3830440000165254,0.6349251000210643,0.07665209996048361,0.08476559992413968
0.0,LP2 ($\theta$ Only),19,232,0.000326223817540063,,22,10.071942446043165,4.109589041095891,16.666666666666668,28,6,22,,0.000326223817540063,52.0,48.0,0.3220944000640884,0.7970623999135569,0.0934279999928549,0.08628450008109212
0.0,LP3 ($\theta$ Only),0,42,0.000326223817540063,,22,10.071942446043165,4.109589041095891,16.666666666666668,28,6,22,0.0008668429505413335,0.000326223817540063,52.0,48.0,0.5698461000574753,0.7780519999796525,0.09733769996091723,0.14781459991354495
0.0,LP3 ($\theta$ Only),1,43,0.000326223817540063,,22,10.071942446043165,4.109589041095891,16.666666666666668,28,6,22,0.0008668429505413335,0.000326223817540063,52.0,48.0,0.6496515000471845,0.6469111000187695,0.1281207000138238,0.09201639995444566
0.0,LP3 ($\theta$ Only),2,45,0.000326223817540063,,22,10.071942446043165,4.109589041095891,16.666666666666668,28,6,22,0.0008668429505413335,0.000326223817540063,52.0,48.0,0.5235687999520451,0.5494833999546245,0.08004999998956919,0.06807109992951155
0.0,LP3 ($\theta$ Only),3,48,0.000326223817540063,,22,10.071942446043165,4.109589041095891,16.666666666666668,28,6,22,0.0008668429505413335,0.000326223817540063,52.0,48.0,0.3514226999832317,0.6369747000280768,0.0737877000356093,0.080768599989824
0.0,LP3 ($\theta$ Only),4,52,0.000326223817540063,,22,10.071942446043165,4.109589041095891,16.666666666666668,28,6,22,0.0008668429505413335,0.000326223817540063,52.0,48.0,0.3314674999564886,0.7627917000791058,0.08373910002410412,0.07908970001153648
0.0,LP3 ($\theta$ Only),5,57,0.000326223817540063,,22,10.071942446043165,4.109589041095891,16.666666666666668,28,6,22,0.0008668429505413335,0.000326223817540063,52.0,48.0,0.32995259994640946,0.6642588999820873,0.07242019998375326,0.08162209996953607
0.0,LP3 ($\theta$ Only),6,63,0.000326223817540063,,22,10.071942446043165,4.109589041095891,16.666666666666668,28,6,22,0.0008668429505413335,0.000326223817540063,52.0,48.0,0.3122521999757737,0.753384800045751,0.07994829991366714,0.06852500000968575
0.0,LP3 ($\theta$ Only),7,70,0.000326223817540063,,22,10.071942446043165,4.109589041095891,16.666666666666668,28,6,22,0.0008668429505413335,0.000326223817540063,52.0,48.0,0.3214443000033498,0.6484471999574453,0.07531789992935956,0.08787110005505383
0.0,LP3 ($\theta$ Only),8,78,0.000326223817540063,,22,10.071942446043165,4.109589041095891,16.666666666666668,28,6,22,0.0008668429505413335,0.000326223817540063,52.0,48.0,0.3306974000297487,0.7997259999392554,0.07174369995482266,0.20317079999949783
0.0,LP3 ($\theta$ Only),9,87,0.000326223817540063,,22,10.071942446043165,4.109589041095891,16.666666666666668,28,6,22,0.0008668429505413335,0.000326223817540063,52.0,48.0,0.43440359993837774,0.5947341000428423,0.09531550004612654,0.10137610009405762
0.0,LP3 ($\theta$ Only),10,97,0.000326223817540063,,22,10.071942446043165,4.109589041095891,16.666666666666668,28,6,22,0.0008668429505413335,0.000326223817540063,52.0,48.0,0.45569289999548346,1.005691200029105,0.07281590008642524,0.07916910003405064
0.0,LP3 ($\theta$ Only),11,108,0.000326223817540063,,22,10.071942446043165,4.109589041095891,16.666666666666668,28,6,22,0.0008668429505413335,0.000326223817540063,52.0,48.0,0.3379896000260487,0.5650048999814317,0.07904779992531985,0.06989349995274097
0.0,LP3 ($\theta$ Only),12,120,0.000326223817540063,,22,10.071942446043165,4.109589041095891,16.666666666666668,28,6,22,0.0008668429505413335,0.000326223817540063,52.0,48.0,0.4538562000961974,0.8741151000140235,0.0684120999649167,0.08105109992902726
0.0,LP3 ($\theta$ Only),13,133,0.000326223817540063,,22,10.071942446043165,4.109589041095891,16.666666666666668,28,6,22,0.0008668429505413335,0.000326223817540063,52.0,48.0,0.3432953000301495,0.6013143999734893,0.07771179999690503,0.07033110002521425
0.0,LP3 ($\theta$ Only),14,147,0.000326223817540063,,22,10.071942446043165,4.109589041095891,16.666666666666668,28,6,22,0.0008668429505413335,0.000326223817540063,52.0,48.0,0.3279176999349147,0.6408076999941841,0.0816365999635309,0.07277540001086891
0.0,LP3 ($\theta$ Only),15,162,0.000326223817540063,,22,10.071942446043165,4.109589041095891,16.666666666666668,28,6,22,0.0008668429505413335,0.000326223817540063,52.0,48.0,0.5397882000543177,0.6843226999044418,0.07902760000433773,0.07984350004699081
0.0,LP3 ($\theta$ Only),16,178,0.000326223817540063,,22,10.071942446043165,4.109589041095891,16.666666666666668,28,6,22,0.0008668429505413335,0.000326223817540063,52.0,48.0,0.3765782000264153,0.5969266999745741,0.09502220002468675,0.0828712999355048
0.0,LP3 ($\theta$ Only),17,195,0.000326223817540063,,22,10.071942446043165,4.109589041095891,16.666666666666668,28,6,22,0.0008668429505413335,0.000326223817540063,52.0,48.0,0.5071938000619411,0.567275199922733,0.08160280005540699,0.07194520009215921
0.0,LP3 ($\theta$ Only),18,213,0.000326223817540063,,22,10.071942446043165,4.109589041095891,16.666666666666668,28,6,22,0.0008668429505413335,0.000326223817540063,52.0,48.0,0.3830440000165254,0.6349251000210643,0.07665209996048361,0.08476559992413968
0.0,LP3 ($\theta$ Only),19,232,0.000326223817540063,,22,10.071942446043165,4.109589041095891,16.666666666666668,28,6,22,0.0008668429505413335,0.000326223817540063,52.0,48.0,0.3220944000640884,0.7970623999135569,0.0934279999928549,0.08628450008109212
20.0,LP2 ($\theta$ Only),0,42,0.000326223817540063,,22,10.071942446043165,4.109589041095891,16.666666666666668,28,6,22,,0.000326223817540063,52.0,48.0,0.45940140006132424,0.5926613999763504,0.08138839993625879,0.0867504000198096
20.0,LP2 ($\theta$ Only),1,43,0.000326223817540063,,22,10.071942446043165,4.109589041095891,16.666666666666668,28,6,22,,0.000326223817540063,52.0,48.0,0.3338336000451818,0.8073887000791728,0.08306309999898076,0.07311599992681295
20.0,LP2 ($\theta$ Only),2,45,0.000326223817540063,,22,10.071942446043165,4.109589041095891,16.666666666666668,28,6,22,,0.000326223817540063,52.0,48.0,0.32735349994618446,0.5901736000087112,0.08148440008517355,0.0742274000076577
20.0,LP2 ($\theta$ Only),3,48,0.000326223817540063,,22,10.071942446043165,4.109589041095891,16.666666666666668,28,6,22,,0.000326223817540063,52.0,48.0,0.3378521000267938,0.7997236999217421,0.07248840003740042,0.07884289999492466
20.0,LP2 ($\theta$ Only),4,52,0.000326223817540063,,22,10.071942446043165,4.109589041095891,16.666666666666668,28,6,22,,0.000326223817540063,52.0,48.0,0.33925910003017634,0.6284378999844193,0.18434240005444735,0.07545630005188286
20.0,LP2 ($\theta$ Only),5,57,0.000326223817540063,,22,10.071942446043165,4.109589041095891,16.666666666666668,28,6,22,,0.000326223817540063,52.0,48.0,0.38271600008010864,0.7937697999877855,0.0913985000224784,0.09830489999148995
20.0,LP2 ($\theta$ Only),6,63,0.000326223817540063,,22,10.071942446043165,4.109589041095891,16.666666666666668,28,6,22,,0.000326223817540063,52.0,48.0,0.3817071000812575,0.7640719999326393,0.12795559992082417,0.09197890001814812
20.0,LP2 ($\theta$ Only),7,70,0.000326223817540063,,22,10.071942446043165,4.109589041095891,16.666666666666668,28,6,22,,0.000326223817540063,52.0,48.0,0.3710686999838799,0.8115642999764532,0.082640599925071,0.07791620003990829
20.0,LP2 ($\theta$ Only),8,78,0.000326223817540063,,22,10.071942446043165,4.109589041095891,16.666666666666668,28,6,22,,0.000326223817540063,52.0,48.0,0.4516762000275776,0.6612338999984786,0.0760666000423953,0.0777286000084132
20.0,LP2 ($\theta$ Only),9,87,0.000326223817540063,,22,10.071942446043165,4.109589041095891,16.666666666666668,28,6,22,,0.000326223817540063,52.0,48.0,0.33096140006091446,0.7687253999756649,0.10262750007677823,0.08609190001152456
20.0,LP2 ($\theta$ Only),10,97,0.000326223817540063,,22,10.071942446043165,4.109589041095891,16.666666666666668,28,6,22,,0.000326223817540063,52.0,48.0,0.32573499996215105,0.9857414000434801,0.10048509994521737,0.09984089992940426
20.0,LP2 ($\theta$ Only),11,108,0.000326223817540063,,22,10.071942446043165,4.109589041095891,16.666666666666668,28,6,22,,0.000326223817540063,52.0,48.0,0.3809282999718562,0.798814499983564,0.10068959998898208,0.10990530007984489
20.0,LP2 ($\theta$ Only),12,120,0.000326223817540063,,22,10.071942446043165,4.109589041095891,16.666666666666668,28,6,22,,0.000326223817540063,52.0,48.0,0.4293199999956414,0.6964558000909165,0.07749629998579621,0.07276999996975064
20.0,LP2 ($\theta$ Only),13,133,0.000326223817540063,,22,10.071942446043165,4.109589041095891,16.666666666666668,28,6,22,,0.000326223817540063,52.0,48.0,0.3136754999868572,0.8015198999783024,0.08897690009325743,0.0796711000148207
20.0,LP2 ($\theta$ Only),14,147,0.000326223817540063,,22,10.071942446043165,4.109589041095891,16.666666666666668,28,6,22,,0.000326223817540063,52.0,48.0,0.35134630009997636,0.5924534999066964,0.07476810005027801,0.0912749000126496
20.0,LP2 ($\theta$ Only),15,162,0.000326223817540063,,22,10.071942446043165,4.109589041095891,16.666666666666668,28,6,22,,0.000326223817540063,52.0,48.0,0.32844339997973293,0.8573985999682918,0.08740030007902533,0.07879449997562915
20.0,LP2 ($\theta$ Only),16,178,0.000326223817540063,,22,10.071942446043165,4.109589041095891,16.666666666666668,28,6,22,,0.000326223817540063,52.0,48.0,0.327121099922806,0.6904972000047565,0.07597879995591938,0.07264110003598034
20.0,LP2 ($\theta$ Only),17,195,0.000326223817540063,,22,10.071942446043165,4.109589041095891,16.666666666666668,28,6,22,,0.000326223817540063,52.0,48.0,0.3532495000399649,1.0460847000358626,0.20973949995823205,0.08490600006189197
20.0,LP2 ($\theta$ Only),18,213,0.000326223817540063,,22,10.071942446043165,4.109589041095891,16.666666666666668,28,6,22,,0.000326223817540063,52.0,48.0,0.5659917999291793,1.2269331000279635,0.22373010008595884,0.20967440004460514
20.0,LP2 ($\theta$ Only),19,232,0.000326223817540063,,22,10.071942446043165,4.109589041095891,16.666666666666668,28,6,22,,0.000326223817540063,52.0,48.0,0.8259421999100596,1.2217843999387696,0.16661899990867823,0.10123819997534156
20.0,LP3 ($\theta$ Only),0,42,0.010968231229154305,,22,8.992805755395683,4.109589041095891,14.393939393939394,25,6,19,0.0005152426691701915,0.0006633778457504696,88.0,12.0,0.45940140006132424,0.5926613999763504,0.08138839993625879,0.0867504000198096
20.0,LP3 ($\theta$ Only),1,43,0.010968231229154305,,22,8.992805755395683,4.109589041095891,14.393939393939394,25,6,19,0.0005152426691701915,0.0006633778457504696,88.0,12.0,0.3338336000451818,0.8073887000791728,0.08306309999898076,0.07311599992681295
20.0,LP3 ($\theta$ Only),2,45,0.010968231229154305,,22,8.992805755395683,4.109589041095891,14.393939393939394,25,6,19,0.0005152426691701915,0.0006633778457504696,88.0,12.0,0.32735349994618446,0.5901736000087112,0.08148440008517355,0.0742274000076577
20.0,LP3 ($\theta$ Only),3,48,0.010968231229154305,,22,8.992805755395683,4.109589041095891,14.393939393939394,25,6,19,0.0005152426691701915,0.0006633778457504696,88.0,12.0,0.3378521000267938,0.7997236999217421,0.07248840003740042,0.07884289999492466
20.0,LP3 ($\theta$ Only),4,52,0.010968231229154305,,22,8.992805755395683,4.109589041095891,14.393939393939394,25,6,19,0.0005152426691701915,0.0006633778457504696,88.0,12.0,0.33925910003017634,0.6284378999844193,0.18434240005444735,0.07545630005188286
20.0,LP3 ($\theta$ Only),5,57,0.010968231229154305,,22,8.992805755395683,4.109589041095891,14.393939393939394,25,6,19,0.0005152426691701915,0.0006633778457504696,88.0,12.0,0.38271600008010864,0.7937697999877855,0.0913985000224784,0.09830489999148995
20.0,LP3 ($\theta$ Only),6,63,0.010968231229154305,,22,8.992805755395683,4.109589041095891,14.393939393939394,25,6,19,0.0005152426691701915,0.0006633778457504696,88.0,12.0,0.3817071000812575,0.7640719999326393,0.12795559992082417,0.09197890001814812
20.0,LP3 ($\theta$ Only),7,70,0.010968231229154305,,22,8.992805755395683,4.109589041095891,14.393939393939394,25,6,19,0.0005152426691701915,0.0006633778457504696,88.0,12.0,0.3710686999838799,0.8115642999764532,0.082640599925071,0.07791620003990829
20.0,LP3 ($\theta$ Only),8,78,0.010968231229154305,,22,8.992805755395683,4.109589041095891,14.393939393939394,25,6,19,0.0005152426691701915,0.0006633778457504696,88.0,12.0,0.4516762000275776,0.6612338999984786,0.0760666000423953,0.0777286000084132
20.0,LP3 ($\theta$ Only),9,87,0.010968231229154305,,22,8.992805755395683,4.109589041095891,14.393939393939394,25,6,19,0.0005152426691701915,0.0006633778457504696,88.0,12.0,0.33096140006091446,0.7687253999756649,0.10262750007677823,0.08609190001152456
20.0,LP3 ($\theta$ Only),10,97,0.010968231229154305,,22,8.992805755395683,4.109589041095891,14.393939393939394,25,6,19,0.0005152426691701915,0.0006633778457504696,88.0,12.0,0.32573499996215105,0.9857414000434801,0.10048509994521737,0.09984089992940426
20.0,LP3 ($\theta$ Only),11,108,0.010968231229154305,,22,8.992805755395683,4.109589041095891,14.393939393939394,25,6,19,0.0005152426691701915,0.0006633778457504696,88.0,12.0,0.3809282999718562,0.798814499983564,0.10068959998898208,0.10990530007984489
20.0,LP3 ($\theta$ Only),12,120,0.010968231229154305,,22,8.992805755395683,4.109589041095891,14.393939393939394,25,6,19,0.0005152426691701915,0.0006633778457504696,88.0,12.0,0.4293199999956414,0.6964558000909165,0.07749629998579621,0.07276999996975064
20.0,LP3 ($\theta$ Only),13,133,0.010968231229154305,,22,8.992805755395683,4.109589041095891,14.393939393939394,25,6,19,0.0005152426691701915,0.0006633778457504696,88.0,12.0,0.3136754999868572,0.8015198999783024,0.08897690009325743,0.0796711000148207
20.0,LP3 ($\theta$ Only),14,147,0.010968231229154305,,22,8.992805755395683,4.109589041095891,14.393939393939394,25,6,19,0.0005152426691701915,0.0006633778457504696,88.0,12.0,0.35134630009997636,0.5924534999066964,0.07476810005027801,0.0912749000126496
20.0,LP3 ($\theta$ Only),15,162,0.010968231229154305,,22,8.992805755395683,4.109589041095891,14.393939393939394,25,6,19,0.0005152426691701915,0.0006633778457504696,88.0,12.0,0.32844339997973293,0.8573985999682918,0.08740030007902533,0.07879449997562915
20.0,LP3 ($\theta$ Only),16,178,0.010968231229154305,,22,8.992805755395683,4.109589041095891,14.393939393939394,25,6,19,0.0005152426691701915,0.0006633778457504696,88.0,12.0,0.327121099922806,0.6904972000047565,0.07597879995591938,0.07264110003598034
20.0,LP3 ($\theta$ Only),17,195,0.010968231229154305,,22,8.992805755395683,4.109589041095891,14.393939393939394,25,6,19,0.0005152426691701915,0.0006633778457504696,88.0,12.0,0.3532495000399649,1.0460847000358626,0.20973949995823205,0.08490600006189197
20.0,LP3 ($\theta$ Only),18,213,0.010968231229154305,,22,8.992805755395683,4.109589041095891,14.393939393939394,25,6,19,0.0005152426691701915,0.0006633778457504696,88.0,12.0,0.5659917999291793,1.2269331000279635,0.22373010008595884,0.20967440004460514
20.0,LP3 ($\theta$ Only),19,232,0.010968231229154305,,22,8.992805755395683,4.109589041095891,14.393939393939394,25,6,19,0.0005152426691701915,0.0006633778457504696,88.0,12.0,0.8259421999100596,1.2217843999387696,0.16661899990867823,0.10123819997534156
40.0,LP2 ($\theta$ Only),0,42,0.000326223817540063,,22,10.071942446043165,4.109589041095891,16.666666666666668,28,6,22,,0.000326223817540063,52.0,48.0,0.7490982998861,0.8928832999663427,0.09288899996317923,0.08236609993036836
40.0,LP2 ($\theta$ Only),1,43,0.000326223817540063,,22,10.071942446043165,4.109589041095891,16.666666666666668,28,6,22,,0.000326223817540063,52.0,48.0,0.31979320000391454,0.6090299000497907,0.06968690000940114,0.08162019995506853
40.0,LP2 ($\theta$ Only),2,45,0.000326223817540063,,22,10.071942446043165,4.109589041095891,16.666666666666668,28,6,22,,0.000326223817540063,52.0,48.0,0.5335667000617832,0.5879822999704629,0.08317959995474666,0.07107980002183467
40.0,LP2 ($\theta$ Only),3,48,0.000326223817540063,,22,10.071942446043165,4.109589041095891,16.666666666666668,28,6,22,,0.000326223817540063,52.0,48.0,0.3721620000433177,0.6138625999446958,0.07034189999103546,0.09842200006823987
40.0,LP2 ($\theta$ Only),4,52,0.000326223817540063,,22,10.071942446043165,4.109589041095891,16.666666666666668,28,6,22,,0.000326223817540063,52.0,48.0,0.7025447000050917,1.8132413000566885,0.11311590007971972,0.07688249996863306
40.0,LP2 ($\theta$ Only),5,57,0.000326223817540063,,22,10.071942446043165,4.109589041095891,16.666666666666668,28,6,22,,0.000326223817540063,52.0,48.0,0.4174928000429645,0.8831151000922546,0.13070809992495924,0.14259359997231513
40.0,LP2 ($\theta$ Only),6,63,0.000326223817540063,,22,10.071942446043165,4.109589041095891,16.666666666666668,28,6,22,,0.000326223817540063,52.0,48.0,0.5394741999916732,1.2585218000458553,0.09446649998426437,0.08872160001192242
40.0,LP2 ($\theta$ Only),7,70,0.000326223817540063,,22,10.071942446043165,4.109589041095891,16.666666666666668,28,6,22,,0.000326223817540063,52.0,48.0,0.35172119992785156,0.7861029000487179,0.10565310006495565,0.1266650001052767
40.0,LP2 ($\theta$ Only),8,78,0.000326223817540063,,22,10.071942446043165,4.109589041095891,16.666666666666668,28,6,22,,0.000326223817540063,52.0,48.0,0.7194864999037236,0.967629799968563,0.08802440005820245,0.0806507000233978
40.0,LP2 ($\theta$ Only),9,87,0.000326223817540063,,22,10.071942446043165,4.109589041095891,16.666666666666668,28,6,22,,0.000326223817540063,52.0,48.0,0.41951469995547086,0.8735097000608221,0.10970829997677356,0.09014379989821464
40.0,LP2 ($\theta$ Only),10,97,0.000326223817540063,,22,10.071942446043165,4.109589041095891,16.666666666666668,28,6,22,,0.000326223817540063,52.0,48.0,0.7761785999173298,0.9380024999845773,0.37209039996378124,0.08414669998455793
40.0,LP2 ($\theta$ Only),11,108,0.000326223817540063,,22,10.071942446043165,4.109589041095891,16.666666666666668,28,6,22,,0.000326223817540063,52.0,48.0,0.3528609999921173,0.809800999937579,0.11108499998226762,0.10705759993288666
40.0,LP2 ($\theta$ Only),12,120,0.000326223817540063,,22,10.071942446043165,4.109589041095891,16.666666666666668,28,6,22,,0.000326223817540063,52.0,48.0,0.5463843999896199,0.8457880999194458,0.13511200004722923,0.08761599997524172
40.0,LP2 ($\theta$ Only),13,133,0.000326223817540063,,22,10.071942446043165,4.109589041095891,16.666666666666668,28,6,22,,0.000326223817540063,52.0,48.0,0.3456087000668049,0.596644000033848,0.08744299993850291,0.08666020003147423
40.0,LP2 ($\theta$ Only),14,147,0.000326223817540063,,22,10.071942446043165,4.109589041095891,16.666666666666668,28,6,22,,0.000326223817540063,52.0,48.0,0.3317861999385059,0.9879785000812262,0.07858149998355657,0.08205610001459718
40.0,LP2 ($\theta$ Only),15,162,0.000326223817540063,,22,10.071942446043165,4.109589041095891,16.666666666666668,28,6,22,,0.000326223817540063,52.0,48.0,0.35918529995251447,0.6294125999556854,0.08897049992810935,0.07946819998323917
40.0,LP2 ($\theta$ Only),16,178,0.000326223817540063,,22,10.071942446043165,4.109589041095891,16.666666666666668,28,6,22,,0.000326223817540063,52.0,48.0,0.3701477999566123,0.830718900077045,0.09648529998958111,0.07833990000654012
40.0,LP2 ($\theta$ Only),17,195,0.000326223817540063,,22,10.071942446043165,4.109589041095891,16.666666666666668,28,6,22,,0.000326223817540063,52.0,48.0,0.348138100001961,0.627827399992384,0.10272099997382611,0.10760340001434088
40.0,LP2 ($\theta$ Only),18,213,0.000326223817540063,,22,10.071942446043165,4.109589041095891,16.666666666666668,28,6,22,,0.000326223817540063,52.0,48.0,0.708215199992992,1.1894753000233322,0.20778830000199378,0.12201669998466969
40.0,LP2 ($\theta$ Only),19,232,0.000326223817540063,,22,10.071942446043165,4.109589041095891,16.666666666666668,28,6,22,,0.000326223817540063,52.0,48.0,0.5954020000062883,0.6299257000209764,0.12500669993460178,0.07600330002605915
40.0,LP3 ($\theta$ Only),0,42,0.021264355081683645,,22,8.273381294964029,4.109589041095891,12.878787878787879,23,6,17,0.0005148006578465601,0.0006723287678212428,88.0,12.0,0.7490982998861,0.8928832999663427,0.09288899996317923,0.08236609993036836
40.0,LP3 ($\theta$ Only),1,43,0.021264355081683645,,22,8.273381294964029,4.109589041095891,12.878787878787879,23,6,17,0.0005148006578465601,0.0006723287678212428,88.0,12.0,0.31979320000391454,0.6090299000497907,0.06968690000940114,0.08162019995506853
40.0,LP3 ($\theta$ Only),2,45,0.021264355081683645,,22,8.273381294964029,4.109589041095891,12.878787878787879,23,6,17,0.0005148006578465601,0.0006723287678212428,88.0,12.0,0.5335667000617832,0.5879822999704629,0.08317959995474666,0.07107980002183467
40.0,LP3 ($\theta$ Only),3,48,0.021264355081683645,,22,8.273381294964029,4.109589041095891,12.878787878787879,23,6,17,0.0005148006578465601,0.0006723287678212428,88.0,12.0,0.3721620000433177,0.6138625999446958,0.07034189999103546,0.09842200006823987
40.0,LP3 ($\theta$ Only),4,52,0.021264355081683645,,22,8.273381294964029,4.109589041095891,12.878787878787879,23,6,17,0.0005148006578465601,0.0006723287678212428,88.0,12.0,0.7025447000050917,1.8132413000566885,0.11311590007971972,0.07688249996863306
40.0,LP3 ($\theta$ Only),5,57,0.021264355081683645,,22,8.273381294964029,4.109589041095891,12.878787878787879,23,6,17,0.0005148006578465601,0.0006723287678212428,88.0,12.0,0.4174928000429645,0.8831151000922546,0.13070809992495924,0.14259359997231513
40.0,LP3 ($\theta$ Only),6,63,0.021264355081683645,,22,8.273381294964029,4.109589041095891,12.878787878787879,23,6,17,0.0005148006578465601,0.0006723287678212428,88.0,12.0,0.5394741999916732,1.2585218000458553,0.09446649998426437,0.08872160001192242
40.0,LP3 ($\theta$ Only),7,70,0.021264355081683645,,22,8.273381294964029,4.109589041095891,12.878787878787879,23,6,17,0.0005148006578465601,0.0006723287678212428,88.0,12.0,0.35172119992785156,0.7861029000487179,0.10565310006495565,0.1266650001052767
40.0,LP3 ($\theta$ Only),8,78,0.021264355081683645,,22,8.273381294964029,4.109589041095891,12.878787878787879,23,6,17,0.0005148006578465601,0.0006723287678212428,88.0,12.0,0.7194864999037236,0.967629799968563,0.08802440005820245,0.0806507000233978
40.0,LP3 ($\theta$ Only),9,87,0.021264355081683645,,22,8.273381294964029,4.109589041095891,12.878787878787879,23,6,17,0.0005148006578465601,0.0006723287678212428,88.0,12.0,0.41951469995547086,0.8735097000608221,0.10970829997677356,0.09014379989821464
40.0,LP3 ($\theta$ Only),10,97,0.021264355081683645,,22,8.273381294964029,4.109589041095891,12.878787878787879,23,6,17,0.0005148006578465601,0.0006723287678212428,88.0,12.0,0.7761785999173298,0.9380024999845773,0.37209039996378124,0.08414669998455793
40.0,LP3 ($\theta$ Only),11,108,0.021264355081683645,,22,8.273381294964029,4.109589041095891,12.878787878787879,23,6,17,0.0005148006578465601,0.0006723287678212428,88.0,12.0,0.3528609999921173,0.809800999937579,0.11108499998226762,0.10705759993288666
40.0,LP3 ($\theta$ Only),12,120,0.021264355081683645,,22,8.273381294964029,4.109589041095891,12.878787878787879,23,6,17,0.0005148006578465601,0.0006723287678212428,88.0,12.0,0.5463843999896199,0.8457880999194458,0.13511200004722923,0.08761599997524172
40.0,LP3 ($\theta$ Only),13,133,0.021264355081683645,,22,8.273381294964029,4.109589041095891,12.878787878787879,23,6,17,0.0005148006578465601,0.0006723287678212428,88.0,12.0,0.3456087000668049,0.596644000033848,0.08744299993850291,0.08666020003147423
40.0,LP3 ($\theta$ Only),14,147,0.021264355081683645,,22,8.273381294964029,4.109589041095891,12.878787878787879,23,6,17,0.0005148006578465601,0.0006723287678212428,88.0,12.0,0.3317861999385059,0.9879785000812262,0.07858149998355657,0.08205610001459718
40.0,LP3 ($\theta$ Only),15,162,0.021264355081683645,,22,8.273381294964029,4.109589041095891,12.878787878787879,23,6,17,0.0005148006578465601,0.0006723287678212428,88.0,12.0,0.35918529995251447,0.6294125999556854,0.08897049992810935,0.07946819998323917
40.0,LP3 ($\theta$ Only),16,178,0.021264355081683645,,22,8.273381294964029,4.109589041095891,12.878787878787879,23,6,17,0.0005148006578465601,0.0006723287678212428,88.0,12.0,0.3701477999566123,0.830718900077045,0.09648529998958111,0.07833990000654012
40.0,LP3 ($\theta$ Only),17,195,0.021264355081683645,,22,8.273381294964029,4.109589041095891,12.878787878787879,23,6,17,0.0005148006578465601,0.0006723287678212428,88.0,12.0,0.348138100001961,0.627827399992384,0.10272099997382611,0.10760340001434088
40.0,LP3 ($\theta$ Only),18,213,0.021264355081683645,,22,8.273381294964029,4.109589041095891,12.878787878787879,23,6,17,0.0005148006578465601,0.0006723287678212428,88.0,12.0,0.708215199992992,1.1894753000233322,0.20778830000199378,0.12201669998466969
40.0,LP3 ($\theta$ Only),19,232,0.021264355081683645,,22,8.273381294964029,4.109589041095891,12.878787878787879,23,6,17,0.0005148006578465601,0.0006723287678212428,88.0,12.0,0.5954020000062883,0.6299257000209764,0.12500669993460178,0.07600330002605915
60.0,LP2 ($\theta$ Only),0,42,0.000326223817540063,,22,10.071942446043165,4.109589041095891,16.666666666666668,28,6,22,,0.000326223817540063,52.0,48.0,0.5171993999974802,0.6618569999700412,0.08316430007107556,0.09943090006709099
60.0,LP2 ($\theta$ Only),1,43,0.000326223817540063,,22,10.071942446043165,4.109589041095891,16.666666666666668,28,6,22,,0.000326223817540063,52.0,48.0,0.6091120999772102,1.5022288999753073,0.1547136000590399,0.11873500002548099
60.0,LP2 ($\theta$ Only),2,45,0.000326223817540063,,22,10.071942446043165,4.109589041095891,16.666666666666668,28,6,22,,0.000326223817540063,52.0,48.0,0.6641769999405369,0.7403959999792278,0.09303640003781766,0.08254009997472167
60.0,LP2 ($\theta$ Only),3,48,0.000326223817540063,,22,10.071942446043165,4.109589041095891,16.666666666666668,28,6,22,,0.000326223817540063,52.0,48.0,0.4410879999632016,0.7022042999742553,0.13438499998301268,0.11733119993004948
60.0,LP2 ($\theta$ Only),4,52,0.000326223817540063,,22,10.071942446043165,4.109589041095891,16.666666666666668,28,6,22,,0.000326223817540063,52.0,48.0,0.6876846000086516,1.2094195000827312,0.1200358000351116,0.11263320001307875
60.0,LP2 ($\theta$ Only),5,57,0.000326223817540063,,22,10.071942446043165,4.109589041095891,16.666666666666668,28,6,22,,0.000326223817540063,52.0,48.0,0.45541150006465614,0.8268095999956131,0.0826747000683099,0.0725326999090612
60.0,LP2 ($\theta$ Only),6,63,0.000326223817540063,,22,10.071942446043165,4.109589041095891,16.666666666666668,28,6,22,,0.000326223817540063,52.0,48.0,0.6462095000315458,0.844162099994719,0.09894499997608364,0.10412209993228316
60.0,LP2 ($\theta$ Only),7,70,0.000326223817540063,,22,10.071942446043165,4.109589041095891,16.666666666666668,28,6,22,,0.000326223817540063,52.0,48.0,0.5371213000034913,1.4806059000547975,0.14313550002407283,0.10728420002851635
60.0,LP2 ($\theta$ Only),8,78,0.000326223817540063,,22,10.071942446043165,4.109589041095891,16.666666666666668,28,6,22,,0.000326223817540063,52.0,48.0,0.6713298999238759,0.921120599959977,0.08261620008852333,0.09286370000336319
60.0,LP2 ($\theta$ Only),9,87,0.000326223817540063,,22,10.071942446043165,4.109589041095891,16.666666666666668,28,6,22,,0.000326223817540063,52.0,48.0,0.40973750001285225,0.9660695999627933,0.08242310001514852,0.0821701999520883
60.0,LP2 ($\theta$ Only),10,97,0.000326223817540063,,22,10.071942446043165,4.109589041095891,16.666666666666668,28,6,22,,0.000326223817540063,52.0,48.0,0.40116330003365874,0.7191213999176398,0.0817809000145644,0.07506889989599586
60.0,LP2 ($\theta$ Only),11,108,0.000326223817540063,,22,10.071942446043165,4.109589041095891,16.666666666666668,28,6,22,,0.000326223817540063,52.0,48.0,0.37567679991479963,1.0086601000512019,0.07079359993804246,0.0802045000018552
60.0,LP2 ($\theta$ Only),12,120,0.000326223817540063,,22,10.071942446043165,4.109589041095891,16.666666666666668,28,6,22,,0.000326223817540063,52.0,48.0,0.3314614000264555,0.7019399999408051,0.07568910007830709,0.09294540004339069
60.0,LP2 ($\theta$ Only),13,133,0.000326223817540063,,22,10.071942446043165,4.109589041095891,16.666666666666668,28,6,22,,0.000326223817540063,52.0,48.0,0.3899733000434935,0.8086748999776319,0.12975640001241118,0.12486410001292825
60.0,LP2 ($\theta$ Only),14,147,0.000326223817540063,,22,10.071942446043165,4.109589041095891,16.666666666666668,28,6,22,,0.000326223817540063,52.0,48.0,0.8739442999940366,0.6697544999187812,0.19792920001782477,0.11516929999925196
60.0,LP2 ($\theta$ Only),15,162,0.000326223817540063,,22,10.071942446043165,4.109589041095891,16.666666666666668,28,6,22,,0.000326223817540063,52.0,48.0,0.4751061999704689,0.8645751000149176,0.07866370002739131,0.07938250002916902
60.0,LP2 ($\theta$ Only),16,178,0.000326223817540063,,22,10.071942446043165,4.109589041095891,16.666666666666668,28,6,22,,0.000326223817540063,52.0,48.0,0.32628969999495894,0.6230161000275984,0.16375930001959205,0.07427770004142076
60.0,LP2 ($\theta$ Only),17,195,0.000326223817540063,,22,10.071942446043165,4.109589041095891,16.666666666666668,28,6,22,,0.000326223817540063,52.0,48.0,0.35935239994432777,0.964795499923639,0.08494440000504255,0.0720251000020653
60.0,LP2 ($\theta$ Only),18,213,0.000326223817540063,,22,10.071942446043165,4.109589041095891,16.666666666666668,28,6,22,,0.000326223817540063,52.0,48.0,0.3347770000109449,0.86677740002051,0.12665210000704974,0.08960820001084358
60.0,LP2 ($\theta$ Only),19,232,0.000326223817540063,,22,10.071942446043165,4.109589041095891,16.666666666666668,28,6,22,,0.000326223817540063,52.0,48.0,0.3574787999968976,0.5828675999073312,0.07758210005704314,0.0763416999252513
60.0,LP3 ($\theta$ Only),0,42,0.03156036823861484,,22,8.273381294964029,4.109589041095891,12.878787878787879,23,6,17,0.0005148006578465601,0.0006723287678212428,88.0,12.0,0.5171993999974802,0.6618569999700412,0.08316430007107556,0.09943090006709099
60.0,LP3 ($\theta$ Only),1,43,0.03156036823861484,,22,8.273381294964029,4.109589041095891,12.878787878787879,23,6,17,0.0005148006578465601,0.0006723287678212428,88.0,12.0,0.6091120999772102,1.5022288999753073,0.1547136000590399,0.11873500002548099
60.0,LP3 ($\theta$ Only),2,45,0.03156036823861484,,22,8.273381294964029,4.109589041095891,12.878787878787879,23,6,17,0.0005148006578465601,0.0006723287678212428,88.0,12.0,0.6641769999405369,0.7403959999792278,0.09303640003781766,0.08254009997472167
60.0,LP3 ($\theta$ Only),3,48,0.03156036823861484,,22,8.273381294964029,4.109589041095891,12.878787878787879,23,6,17,0.0005148006578465601,0.0006723287678212428,88.0,12.0,0.4410879999632016,0.7022042999742553,0.13438499998301268,0.11733119993004948
60.0,LP3 ($\theta$ Only),4,52,0.03156036823861484,,22,8.273381294964029,4.109589041095891,12.878787878787879,23,6,17,0.0005148006578465601,0.0006723287678212428,88.0,12.0,0.6876846000086516,1.2094195000827312,0.1200358000351116,0.11263320001307875
60.0,LP3 ($\theta$ Only),5,57,0.03156036823861484,,22,8.273381294964029,4.109589041095891,12.878787878787879,23,6,17,0.0005148006578465601,0.0006723287678212428,88.0,12.0,0.45541150006465614,0.8268095999956131,0.0826747000683099,0.0725326999090612
60.0,LP3 ($\theta$ Only),6,63,0.03156036823861484,,22,8.273381294964029,4.109589041095891,12.878787878787879,23,6,17,0.0005148006578465601,0.0006723287678212428,88.0,12.0,0.6462095000315458,0.844162099994719,0.09894499997608364,0.10412209993228316
60.0,LP3 ($\theta$ Only),7,70,0.03156036823861484,,22,8.273381294964029,4.109589041095891,12.878787878787879,23,6,17,0.0005148006578465601,0.0006723287678212428,88.0,12.0,0.5371213000034913,1.4806059000547975,0.14313550002407283,0.10728420002851635
60.0,LP3 ($\theta$ Only),8,78,0.03156036823861484,,22,8.273381294964029,4.109589041095891,12.878787878787879,23,6,17,0.0005148006578465601,0.0006723287678212428,88.0,12.0,0.6713298999238759,0.921120599959977,0.08261620008852333,0.09286370000336319
60.0,LP3 ($\theta$ Only),9,87,0.03156036823861484,,22,8.273381294964029,4.109589041095891,12.878787878787879,23,6,17,0.0005148006578465601,0.0006723287678212428,88.0,12.0,0.40973750001285225,0.9660695999627933,0.08242310001514852,0.0821701999520883
60.0,LP3 ($\theta$ Only),10,97,0.03156036823861484,,22,8.273381294964029,4.109589041095891,12.878787878787879,23,6,17,0.0005148006578465601,0.0006723287678212428,88.0,12.0,0.40116330003365874,0.7191213999176398,0.0817809000145644,0.07506889989599586
60.0,LP3 ($\theta$ Only),11,108,0.03156036823861484,,22,8.273381294964029,4.109589041095891,12.878787878787879,23,6,17,0.0005148006578465601,0.0006723287678212428,88.0,12.0,0.37567679991479963,1.0086601000512019,0.07079359993804246,0.0802045000018552
60.0,LP3 ($\theta$ Only),12,120,0.03156036823861484,,22,8.273381294964029,4.109589041095891,12.878787878787879,23,6,17,0.0005148006578465601,0.0006723287678212428,88.0,12.0,0.3314614000264555,0.7019399999408051,0.07568910007830709,0.09294540004339069
60.0,LP3 ($\theta$ Only),13,133,0.03156036823861484,,22,8.273381294964029,4.109589041095891,12.878787878787879,23,6,17,0.0005148006578465601,0.0006723287678212428,88.0,12.0,0.3899733000434935,0.8086748999776319,0.12975640001241118,0.12486410001292825
60.0,LP3 ($\theta$ Only),14,147,0.03156036823861484,,22,8.273381294964029,4.109589041095891,12.878787878787879,23,6,17,0.0005148006578465601,0.0006723287678212428,88.0,12.0,0.8739442999940366,0.6697544999187812,0.19792920001782477,0.11516929999925196
60.0,LP3 ($\theta$ Only),15,162,0.03156036823861484,,22,8.273381294964029,4.109589041095891,12.878787878787879,23,6,17,0.0005148006578465601,0.0006723287678212428,88.0,12.0,0.4751061999704689,0.8645751000149176,0.07866370002739131,0.07938250002916902
60.0,LP3 ($\theta$ Only),16,178,0.03156036823861484,,22,8.273381294964029,4.109589041095891,12.878787878787879,23,6,17,0.0005148006578465601,0.0006723287678212428,88.0,12.0,0.32628969999495894,0.6230161000275984,0.16375930001959205,0.07427770004142076
60.0,LP3 ($\theta$ Only),17,195,0.03156036823861484,,22,8.273381294964029,4.109589041095891,12.878787878787879,23,6,17,0.0005148006578465601,0.0006723287678212428,88.0,12.0,0.35935239994432777,0.964795499923639,0.08494440000504255,0.0720251000020653
60.0,LP3 ($\theta$ Only),18,213,0.03156036823861484,,22,8.273381294964029,4.109589041095891,12.878787878787879,23,6,17,0.0005148006578465601,0.0006723287678212428,88.0,12.0,0.3347770000109449,0.86677740002051,0.12665210000704974,0.08960820001084358
60.0,LP3 ($\theta$ Only),19,232,0.03156036823861484,,22,8.273381294964029,4.109589041095891,12.878787878787879,23,6,17,0.0005148006578465601,0.0006723287678212428,88.0,12.0,0.3574787999968976,0.5828675999073312,0.07758210005704314,0.0763416999252513
80.0,LP2 ($\theta$ Only),0,42,0.000326223817540063,,22,10.071942446043165,4.109589041095891,16.666666666666668,28,6,22,,0.000326223817540063,52.0,48.0,0.5613790000788867,0.9896186999976635,0.07969579997006804,0.0762678999453783
80.0,LP2 ($\theta$ Only),1,43,0.000326223817540063,,22,10.071942446043165,4.109589041095891,16.666666666666668,28,6,22,,0.000326223817540063,52.0,48.0,0.32755799998994917,0.6743791999761015,0.0909393000183627,0.08461060002446175
80.0,LP2 ($\theta$ Only),2,45,0.000326223817540063,,22,10.071942446043165,4.109589041095891,16.666666666666668,28,6,22,,0.000326223817540063,52.0,48.0,0.70058359997347,0.6272245000582188,0.14141399995423853,0.07806379999965429
80.0,LP2 ($\theta$ Only),3,48,0.000326223817540063,,22,10.071942446043165,4.109589041095891,16.666666666666668,28,6,22,,0.000326223817540063,52.0,48.0,0.3436204999452457,0.6364304000744596,0.09659380000084639,0.07601930003147572
80.0,LP2 ($\theta$ Only),4,52,0.000326223817540063,,22,10.071942446043165,4.109589041095891,16.666666666666668,28,6,22,,0.000326223817540063,52.0,48.0,0.5130314000416547,0.6387603000039235,0.0791570000583306,0.07348749996162951
80.0,LP2 ($\theta$ Only),5,57,0.000326223817540063,,22,10.071942446043165,4.109589041095891,16.666666666666668,28,6,22,,0.000326223817540063,52.0,48.0,0.4720564999151975,0.6294941999949515,0.09454069996718317,0.07815099996514618
80.0,LP2 ($\theta$ Only),6,63,0.000326223817540063,,22,10.071942446043165,4.109589041095891,16.666666666666668,28,6,22,,0.000326223817540063,52.0,48.0,0.738847800064832,0.6562072999076918,0.0920605999417603,0.07726789999287575
80.0,LP2 ($\theta$ Only),7,70,0.000326223817540063,,22,10.071942446043165,4.109589041095891,16.666666666666668,28,6,22,,0.000326223817540063,52.0,48.0,0.47052169998642057,0.6587305999128148,0.07781190006062388,0.09674080007243901
80.0,LP2 ($\theta$ Only),8,78,0.000326223817540063,,22,10.071942446043165,4.109589041095891,16.666666666666668,28,6,22,,0.000326223817540063,52.0,48.0,0.7020445000380278,0.7019268999574706,0.10201210004743189,0.10423989989794791
80.0,LP2 ($\theta$ Only),9,87,0.000326223817540063,,22,10.071942446043165,4.109589041095891,16.666666666666668,28,6,22,,0.000326223817540063,52.0,48.0,0.42011510010343045,0.7621361999772489,0.08186679997015744,0.0759769999422133
80.0,LP2 ($\theta$ Only),10,97,0.000326223817540063,,22,10.071942446043165,4.109589041095891,16.666666666666668,28,6,22,,0.000326223817540063,52.0,48.0,0.6062401999952272,0.736360700102523,0.09309570002369583,0.08715420006774366
80.0,LP2 ($\theta$ Only),11,108,0.000326223817540063,,22,10.071942446043165,4.109589041095891,16.666666666666668,28,6,22,,0.000326223817540063,52.0,48.0,0.4894346999935806,0.9278183000860736,0.2533424000721425,0.11108519998379052
80.0,LP2 ($\theta$ Only),12,120,0.000326223817540063,,22,10.071942446043165,4.109589041095891,16.666666666666668,28,6,22,,0.000326223817540063,52.0,48.0,0.6411335000302643,0.6459459000034258,0.06974609999451786,0.08168079995084554
80.0,LP2 ($\theta$ Only),13,133,0.000326223817540063,,22,10.071942446043165,4.109589041095891,16.666666666666668,28,6,22,,0.000326223817540063,52.0,48.0,0.3685126999625936,0.593392499955371,0.07561050006188452,0.08405860001221299
80.0,LP2 ($\theta$ Only),14,147,0.000326223817540063,,22,10.071942446043165,4.109589041095891,16.666666666666668,28,6,22,,0.000326223817540063,52.0,48.0,0.5159232000587508,0.6002671999158338,0.08092560002114624,0.11222909996286035
80.0,LP2 ($\theta$ Only),15,162,0.000326223817540063,,22,10.071942446043165,4.109589041095891,16.666666666666668,28,6,22,,0.000326223817540063,52.0,48.0,0.37106629996560514,0.6821292999666184,0.0852746000746265,0.08876870002131909
80.0,LP2 ($\theta$ Only),16,178,0.000326223817540063,,22,10.071942446043165,4.109589041095891,16.666666666666668,28,6,22,,0.000326223817540063,52.0,48.0,0.5024856000673026,0.6706133999396116,0.08252769999671727,0.08361159998457879
80.0,LP2 ($\theta$ Only),17,195,0.000326223817540063,,22,10.071942446043165,4.109589041095891,16.666666666666668,28,6,22,,0.000326223817540063,52.0,48.0,0.366769100073725,0.6752862998982891,0.07672790007200092,0.08125060005113482
80.0,LP2 ($\theta$ Only),18,213,0.000326223817540063,,22,10.071942446043165,4.109589041095891,16.666666666666668,28,6,22,,0.000326223817540063,52.0,48.0,0.5499911999795586,0.6967653000028804,0.09352169989142567,0.068581199971959
80.0,LP2 ($\theta$ Only),19,232,0.000326223817540063,,22,10.071942446043165,4.109589041095891,16.666666666666668,28,6,22,,0.000326223817540063,52.0,48.0,0.3671217999653891,0.610617300029844,0.08913350000511855,0.0789494999917224
80.0,LP3 ($\theta$ Only),0,42,0.04185638139554604,,22,8.273381294964029,4.109589041095891,12.878787878787879,23,6,17,0.0005148006578465599,0.0006723287678212431,88.0,12.0,0.5613790000788867,0.9896186999976635,0.07969579997006804,0.0762678999453783
80.0,LP3 ($\theta$ Only),1,43,0.04185638139554604,,22,8.273381294964029,4.109589041095891,12.878787878787879,23,6,17,0.0005148006578465599,0.0006723287678212431,88.0,12.0,0.32755799998994917,0.6743791999761015,0.0909393000183627,0.08461060002446175
80.0,LP3 ($\theta$ Only),2,45,0.04185638139554604,,22,8.273381294964029,4.109589041095891,12.878787878787879,23,6,17,0.0005148006578465599,0.0006723287678212431,88.0,12.0,0.70058359997347,0.6272245000582188,0.14141399995423853,0.07806379999965429
80.0,LP3 ($\theta$ Only),3,48,0.04185638139554604,,22,8.273381294964029,4.109589041095891,12.878787878787879,23,6,17,0.0005148006578465599,0.0006723287678212431,88.0,12.0,0.3436204999452457,0.6364304000744596,0.09659380000084639,0.07601930003147572
80.0,LP3 ($\theta$ Only),4,52,0.04185638139554604,,22,8.273381294964029,4.109589041095891,12.878787878787879,23,6,17,0.0005148006578465599,0.0006723287678212431,88.0,12.0,0.5130314000416547,0.6387603000039235,0.0791570000583306,0.07348749996162951
80.0,LP3 ($\theta$ Only),5,57,0.04185638139554604,,22,8.273381294964029,4.109589041095891,12.878787878787879,23,6,17,0.0005148006578465599,0.0006723287678212431,88.0,12.0,0.4720564999151975,0.6294941999949515,0.09454069996718317,0.07815099996514618
80.0,LP3 ($\theta$ Only),6,63,0.04185638139554604,,22,8.273381294964029,4.109589041095891,12.878787878787879,23,6,17,0.0005148006578465599,0.0006723287678212431,88.0,12.0,0.738847800064832,0.6562072999076918,0.0920605999417603,0.07726789999287575
80.0,LP3 ($\theta$ Only),7,70,0.04185638139554604,,22,8.273381294964029,4.109589041095891,12.878787878787879,23,6,17,0.0005148006578465599,0.0006723287678212431,88.0,12.0,0.47052169998642057,0.6587305999128148,0.07781190006062388,0.09674080007243901
80.0,LP3 ($\theta$ Only),8,78,0.04185638139554604,,22,8.273381294964029,4.109589041095891,12.878787878787879,23,6,17,0.0005148006578465599,0.0006723287678212431,88.0,12.0,0.7020445000380278,0.7019268999574706,0.10201210004743189,0.10423989989794791
80.0,LP3 ($\theta$ Only),9,87,0.04185638139554604,,22,8.273381294964029,4.109589041095891,12.878787878787879,23,6,17,0.0005148006578465599,0.0006723287678212431,88.0,12.0,0.42011510010343045,0.7621361999772489,0.08186679997015744,0.0759769999422133
80.0,LP3 ($\theta$ Only),10,97,0.04185638139554604,,22,8.273381294964029,4.109589041095891,12.878787878787879,23,6,17,0.0005148006578465599,0.0006723287678212431,88.0,12.0,0.6062401999952272,0.736360700102523,0.09309570002369583,0.08715420006774366
80.0,LP3 ($\theta$ Only),11,108,0.04185638139554604,,22,8.273381294964029,4.109589041095891,12.878787878787879,23,6,17,0.0005148006578465599,0.0006723287678212431,88.0,12.0,0.4894346999935806,0.9278183000860736,0.2533424000721425,0.11108519998379052
80.0,LP3 ($\theta$ Only),12,120,0.04185638139554604,,22,8.273381294964029,4.109589041095891,12.878787878787879,23,6,17,0.0005148006578465599,0.0006723287678212431,88.0,12.0,0.6411335000302643,0.6459459000034258,0.06974609999451786,0.08168079995084554
80.0,LP3 ($\theta$ Only),13,133,0.04185638139554604,,22,8.273381294964029,4.109589041095891,12.878787878787879,23,6,17,0.0005148006578465599,0.0006723287678212431,88.0,12.0,0.3685126999625936,0.593392499955371,0.07561050006188452,0.08405860001221299
80.0,LP3 ($\theta$ Only),14,147,0.04185638139554604,,22,8.273381294964029,4.109589041095891,12.878787878787879,23,6,17,0.0005148006578465599,0.0006723287678212431,88.0,12.0,0.5159232000587508,0.6002671999158338,0.08092560002114624,0.11222909996286035
80.0,LP3 ($\theta$ Only),15,162,0.04185638139554604,,22,8.273381294964029,4.109589041095891,12.878787878787879,23,6,17,0.0005148006578465599,0.0006723287678212431,88.0,12.0,0.37106629996560514,0.6821292999666184,0.0852746000746265,0.08876870002131909
80.0,LP3 ($\theta$ Only),16,178,0.04185638139554604,,22,8.273381294964029,4.109589041095891,12.878787878787879,23,6,17,0.0005148006578465599,0.0006723287678212431,88.0,12.0,0.5024856000673026,0.6706133999396116,0.08252769999671727,0.08361159998457879
80.0,LP3 ($\theta$ Only),17,195,0.04185638139554604,,22,8.273381294964029,4.109589041095891,12.878787878787879,23,6,17,0.0005148006578465599,0.0006723287678212431,88.0,12.0,0.366769100073725,0.6752862998982891,0.07672790007200092,0.08125060005113482
80.0,LP3 ($\theta$ Only),18,213,0.04185638139554604,,22,8.273381294964029,4.109589041095891,12.878787878787879,23,6,17,0.0005148006578465599,0.0006723287678212431,88.0,12.0,0.5499911999795586,0.6967653000028804,0.09352169989142567,0.068581199971959
80.0,LP3 ($\theta$ Only),19,232,0.04185638139554604,,22,8.273381294964029,4.109589041095891,12.878787878787879,23,6,17,0.0005148006578465599,0.0006723287678212431,88.0,12.0,0.3671217999653891,0.610617300029844,0.08913350000511855,0.0789494999917224
100.0,LP2 ($\theta$ Only),0,42,0.000326223817540063,,22,10.071942446043165,4.109589041095891,16.666666666666668,28,6,22,,0.000326223817540063,52.0,48.0,0.7569569000042975,0.725834000040777,0.11969940003473312,0.08073619997594506
100.0,LP2 ($\theta$ Only),1,43,0.000326223817540063,,22,10.071942446043165,4.109589041095891,16.666666666666668,28,6,22,,0.000326223817540063,52.0,48.0,0.36166950000915676,0.6686921999789774,0.09745190001558512,0.09994940005708486
100.0,LP2 ($\theta$ Only),2,45,0.000326223817540063,,22,10.071942446043165,4.109589041095891,16.666666666666668,28,6,22,,0.000326223817540063,52.0,48.0,0.5007556999335065,0.5971611000131816,0.07576899998821318,0.08136760001070797
100.0,LP2 ($\theta$ Only),3,48,0.000326223817540063,,22,10.071942446043165,4.109589041095891,16.666666666666668,28,6,22,,0.000326223817540063,52.0,48.0,0.3483522000024095,0.6731437999987975,0.07026399997994304,0.07869980006944388
100.0,LP2 ($\theta$ Only),4,52,0.000326223817540063,,22,10.071942446043165,4.109589041095891,16.666666666666668,28,6,22,,0.000326223817540063,52.0,48.0,0.5343007000628859,0.8491851000580937,0.2833807000424713,0.11043470003642142
100.0,LP2 ($\theta$ Only),5,57,0.000326223817540063,,22,10.071942446043165,4.109589041095891,16.666666666666668,28,6,22,,0.000326223817540063,52.0,48.0,0.40718860004562885,0.5693311000941321,0.07224040001165122,0.15790959994774312
100.0,LP2 ($\theta$ Only),6,63,0.000326223817540063,,22,10.071942446043165,4.109589041095891,16.666666666666668,28,6,22,,0.000326223817540063,52.0,48.0,0.6537647000513971,0.7359481999883428,0.08005410002078861,0.08191700000315905
100.0,LP2 ($\theta$ Only),7,70,0.000326223817540063,,22,10.071942446043165,4.109589041095891,16.666666666666668,28,6,22,,0.000326223817540063,52.0,48.0,0.3964842000277713,0.7181123999180272,0.21562449994962662,0.12084450002294034
100.0,LP2 ($\theta$ Only),8,78,0.000326223817540063,,22,10.071942446043165,4.109589041095891,16.666666666666668,28,6,22,,0.000326223817540063,52.0,48.0,0.7616889000637457,0.5612949000205845,0.0934202999342233,0.0971703000832349
100.0,LP2 ($\theta$ Only),9,87,0.000326223817540063,,22,10.071942446043165,4.109589041095891,16.666666666666668,28,6,22,,0.000326223817540063,52.0,48.0,0.4080872000195086,0.7682080999948084,0.08149310003500432,0.07303139998111874
100.0,LP2 ($\theta$ Only),10,97,0.000326223817540063,,22,10.071942446043165,4.109589041095891,16.666666666666668,28,6,22,,0.000326223817540063,52.0,48.0,0.5354371999856085,0.8182554999366403,0.09289179998449981,0.09798170009162277
100.0,LP2 ($\theta$ Only),11,108,0.000326223817540063,,22,10.071942446043165,4.109589041095891,16.666666666666668,28,6,22,,0.000326223817540063,52.0,48.0,0.47305140004027635,0.9161317000398412,0.07878510002046824,0.07616090006195009
100.0,LP2 ($\theta$ Only),12,120,0.000326223817540063,,22,10.071942446043165,4.109589041095891,16.666666666666668,28,6,22,,0.000326223817540063,52.0,48.0,0.508340899948962,0.6055064999964088,0.09557129989843816,0.07989110006019473
100.0,LP2 ($\theta$ Only),13,133,0.000326223817540063,,22,10.071942446043165,4.109589041095891,16.666666666666668,28,6,22,,0.000326223817540063,52.0,48.0,0.3437384000280872,0.7423597000306472,0.09789309999905527,0.09289080009330064
100.0,LP2 ($\theta$ Only),14,147,0.000326223817540063,,22,10.071942446043165,4.109589041095891,16.666666666666668,28,6,22,,0.000326223817540063,52.0,48.0,0.6183651000028476,0.8008801001124084,0.29347020003478974,0.17103859991766512
100.0,LP2 ($\theta$ Only),15,162,0.000326223817540063,,22,10.071942446043165,4.109589041095891,16.666666666666668,28,6,22,,0.000326223817540063,52.0,48.0,0.4217928999569267,0.9872153999749571,0.06927080010063946,0.07898630003910512
100.0,LP2 ($\theta$ Only),16,178,0.000326223817540063,,22,10.071942446043165,4.109589041095891,16.666666666666668,28,6,22,,0.000326223817540063,52.0,48.0,0.5046541000483558,0.6044989000074565,0.08118850004393607,0.0777050000615418
100.0,LP2 ($\theta$ Only),17,195,0.000326223817540063,,22,10.071942446043165,4.109589041095891,16.666666666666668,28,6,22,,0.000326223817540063,52.0,48.0,0.31027750007342547,0.6424336999189109,0.07015189994126558,0.07863340002950281
100.0,LP2 ($\theta$ Only),18,213,0.000326223817540063,,22,10.071942446043165,4.109589041095891,16.666666666666668,28,6,22,,0.000326223817540063,52.0,48.0,0.5209520000498742,0.5637050999794155,0.07981370005290955,0.06953770003747195
100.0,LP2 ($\theta$ Only),19,232,0.000326223817540063,,22,10.071942446043165,4.109589041095891,16.666666666666668,28,6,22,,0.000326223817540063,52.0,48.0,0.3399058000650257,0.9933206000132486,0.07516450004186481,0.07663909997791052
100.0,LP3 ($\theta$ Only),0,42,0.05215239455247725,,22,8.273381294964029,4.109589041095891,12.878787878787879,23,6,17,0.0005148006578465601,0.0006723287678212428,88.0,12.0,0.7569569000042975,0.725834000040777,0.11969940003473312,0.08073619997594506
100.0,LP3 ($\theta$ Only),1,43,0.05215239455247725,,22,8.273381294964029,4.109589041095891,12.878787878787879,23,6,17,0.0005148006578465601,0.0006723287678212428,88.0,12.0,0.36166950000915676,0.6686921999789774,0.09745190001558512,0.09994940005708486
100.0,LP3 ($\theta$ Only),2,45,0.05215239455247725,,22,8.273381294964029,4.109589041095891,12.878787878787879,23,6,17,0.0005148006578465601,0.0006723287678212428,88.0,12.0,0.5007556999335065,0.5971611000131816,0.07576899998821318,0.08136760001070797
100.0,LP3 ($\theta$ Only),3,48,0.05215239455247725,,22,8.273381294964029,4.109589041095891,12.878787878787879,23,6,17,0.0005148006578465601,0.0006723287678212428,88.0,12.0,0.3483522000024095,0.6731437999987975,0.07026399997994304,0.07869980006944388
100.0,LP3 ($\theta$ Only),4,52,0.05215239455247725,,22,8.273381294964029,4.109589041095891,12.878787878787879,23,6,17,0.0005148006578465601,0.0006723287678212428,88.0,12.0,0.5343007000628859,0.8491851000580937,0.2833807000424713,0.11043470003642142
100.0,LP3 ($\theta$ Only),5,57,0.05215239455247725,,22,8.273381294964029,4.109589041095891,12.878787878787879,23,6,17,0.0005148006578465601,0.0006723287678212428,88.0,12.0,0.40718860004562885,0.5693311000941321,0.07224040001165122,0.15790959994774312
100.0,LP3 ($\theta$ Only),6,63,0.05215239455247725,,22,8.273381294964029,4.109589041095891,12.878787878787879,23,6,17,0.0005148006578465601,0.0006723287678212428,88.0,12.0,0.6537647000513971,0.7359481999883428,0.08005410002078861,0.08191700000315905
100.0,LP3 ($\theta$ Only),7,70,0.05215239455247725,,22,8.273381294964029,4.109589041095891,12.878787878787879,23,6,17,0.0005148006578465601,0.0006723287678212428,88.0,12.0,0.3964842000277713,0.7181123999180272,0.21562449994962662,0.12084450002294034
100.0,LP3 ($\theta$ Only),8,78,0.05215239455247725,,22,8.273381294964029,4.109589041095891,12.878787878787879,23,6,17,0.0005148006578465601,0.0006723287678212428,88.0,12.0,0.7616889000637457,0.5612949000205845,0.0934202999342233,0.0971703000832349
100.0,LP3 ($\theta$ Only),9,87,0.05215239455247725,,22,8.273381294964029,4.109589041095891,12.878787878787879,23,6,17,0.0005148006578465601,0.0006723287678212428,88.0,12.0,0.4080872000195086,0.7682080999948084,0.08149310003500432,0.07303139998111874
100.0,LP3 ($\theta$ Only),10,97,0.05215239455247725,,22,8.273381294964029,4.109589041095891,12.878787878787879,23,6,17,0.0005148006578465601,0.0006723287678212428,88.0,12.0,0.5354371999856085,0.8182554999366403,0.09289179998449981,0.09798170009162277
100.0,LP3 ($\theta$ Only),11,108,0.05215239455247725,,22,8.273381294964029,4.109589041095891,12.878787878787879,23,6,17,0.0005148006578465601,0.0006723287678212428,88.0,12.0,0.47305140004027635,0.9161317000398412,0.07878510002046824,0.07616090006195009
100.0,LP3 ($\theta$ Only),12,120,0.05215239455247725,,22,8.273381294964029,4.109589041095891,12.878787878787879,23,6,17,0.0005148006578465601,0.0006723287678212428,88.0,12.0,0.508340899948962,0.6055064999964088,0.09557129989843816,0.07989110006019473
100.0,LP3 ($\theta$ Only),13,133,0.05215239455247725,,22,8.273381294964029,4.109589041095891,12.878787878787879,23,6,17,0.0005148006578465601,0.0006723287678212428,88.0,12.0,0.3437384000280872,0.7423597000306472,0.09789309999905527,0.09289080009330064
100.0,LP3 ($\theta$ Only),14,147,0.05215239455247725,,22,8.273381294964029,4.109589041095891,12.878787878787879,23,6,17,0.0005148006578465601,0.0006723287678212428,88.0,12.0,0.6183651000028476,0.8008801001124084,0.29347020003478974,0.17103859991766512
100.0,LP3 ($\theta$ Only),15,162,0.05215239455247725,,22,8.273381294964029,4.109589041095891,12.878787878787879,23,6,17,0.0005148006578465601,0.0006723287678212428,88.0,12.0,0.4217928999569267,0.9872153999749571,0.06927080010063946,0.07898630003910512
100.0,LP3 ($\theta$ Only),16,178,0.05215239455247725,,22,8.273381294964029,4.109589041095891,12.878787878787879,23,6,17,0.0005148006578465601,0.0006723287678212428,88.0,12.0,0.5046541000483558,0.6044989000074565,0.08118850004393607,0.0777050000615418
100.0,LP3 ($\theta$ Only),17,195,0.05215239455247725,,22,8.273381294964029,4.109589041095891,12.878787878787879,23,6,17,0.0005148006578465601,0.0006723287678212428,88.0,12.0,0.31027750007342547,0.6424336999189109,0.07015189994126558,0.07863340002950281
100.0,LP3 ($\theta$ Only),18,213,0.05215239455247725,,22,8.273381294964029,4.109589041095891,12.878787878787879,23,6,17,0.0005148006578465601,0.0006723287678212428,88.0,12.0,0.5209520000498742,0.5637050999794155,0.07981370005290955,0.06953770003747195
100.0,LP3 ($\theta$ Only),19,232,0.05215239455247725,,22,8.273381294964029,4.109589041095891,12.878787878787879,23,6,17,0.0005148006578465601,0.0006723287678212428,88.0,12.0,0.3399058000650257,0.9933206000132486,0.07516450004186481,0.07663909997791052
120.0,LP2 ($\theta$ Only),0,42,0.000326223817540063,,22,10.071942446043165,4.109589041095891,16.666666666666668,28,6,22,,0.000326223817540063,52.0,48.0,0.6492856999393553,0.6013639000011608,0.09514079999644309,0.10948230000212789
120.0,LP2 ($\theta$ Only),1,43,0.000326223817540063,,22,10.071942446043165,4.109589041095891,16.666666666666668,28,6,22,,0.000326223817540063,52.0,48.0,0.3602368999272585,0.7206103000789881,0.09228480001911521,0.09115560003556311
120.0,LP2 ($\theta$ Only),2,45,0.000326223817540063,,22,10.071942446043165,4.109589041095891,16.666666666666668,28,6,22,,0.000326223817540063,52.0,48.0,0.4939413000829518,0.6340816000010818,0.11819700000341982,0.09550069994293153
120.0,LP2 ($\theta$ Only),3,48,0.000326223817540063,,22,10.071942446043165,4.109589041095891,16.666666666666668,28,6,22,,0.000326223817540063,52.0,48.0,0.4074244999792427,0.8622250000480562,0.07995629997458309,0.0829397999914363
120.0,LP2 ($\theta$ Only),4,52,0.000326223817540063,,22,10.071942446043165,4.109589041095891,16.666666666666668,28,6,22,,0.000326223817540063,52.0,48.0,0.5615751000586897,0.5656052000122145,0.09608469996601343,0.08135230001062155
120.0,LP2 ($\theta$ Only),5,57,0.000326223817540063,,22,10.071942446043165,4.109589041095891,16.666666666666668,28,6,22,,0.000326223817540063,52.0,48.0,0.33282889996189624,0.5984928000252694,0.07094879995565861,0.07862569997087121
120.0,LP2 ($\theta$ Only),6,63,0.000326223817540063,,22,10.071942446043165,4.109589041095891,16.666666666666668,28,6,22,,0.000326223817540063,52.0,48.0,0.7722393999574706,0.7872027000412345,0.08308830007445067,0.08460330008529127
120.0,LP2 ($\theta$ Only),7,70,0.000326223817540063,,22,10.071942446043165,4.109589041095891,16.666666666666668,28,6,22,,0.000326223817540063,52.0,48.0,0.391472400049679,0.6823016999987885,0.09672520007006824,0.07625520008150488
120.0,LP2 ($\theta$ Only),8,78,0.000326223817540063,,22,10.071942446043165,4.109589041095891,16.666666666666668,28,6,22,,0.000326223817540063,52.0,48.0,0.5415956999640912,1.0825761000160128,0.08691170008387417,0.09066480002366006
120.0,LP2 ($\theta$ Only),9,87,0.000326223817540063,,22,10.071942446043165,4.109589041095891,16.666666666666668,28,6,22,,0.000326223817540063,52.0,48.0,0.6070415999274701,0.715536400093697,0.1588793999981135,0.11165549990255386
120.0,LP2 ($\theta$ Only),10,97,0.000326223817540063,,22,10.071942446043165,4.109589041095891,16.666666666666668,28,6,22,,0.000326223817540063,52.0,48.0,0.4078126000240445,0.8608202999457717,0.10755720001179725,0.09177519998047501
120.0,LP2 ($\theta$ Only),11,108,0.000326223817540063,,22,10.071942446043165,4.109589041095891,16.666666666666668,28,6,22,,0.000326223817540063,52.0,48.0,0.36635699996259063,0.6720096000935882,0.09857590007595718,0.08094780007377267
120.0,LP2 ($\theta$ Only),12,120,0.000326223817540063,,22,10.071942446043165,4.109589041095891,16.666666666666668,28,6,22,,0.000326223817540063,52.0,48.0,0.6557639000238851,0.9466582000022754,0.09579210006631911,0.23169839999172837
120.0,LP2 ($\theta$ Only),13,133,0.000326223817540063,,22,10.071942446043165,4.109589041095891,16.666666666666668,28,6,22,,0.000326223817540063,52.0,48.0,0.62513439997565,0.8672304999781772,0.09952450008131564,0.1050935999955982
120.0,LP2 ($\theta$ Only),14,147,0.000326223817540063,,22,10.071942446043165,4.109589041095891,16.666666666666668,28,6,22,,0.000326223817540063,52.0,48.0,0.4955442000646144,0.9870541000273079,0.14241089997813106,0.10072240000590682
120.0,LP2 ($\theta$ Only),15,162,0.000326223817540063,,22,10.071942446043165,4.109589041095891,16.666666666666668,28,6,22,,0.000326223817540063,52.0,48.0,0.5007059000199661,0.5914948999416083,0.12981850001960993,0.1250927000073716
120.0,LP2 ($\theta$ Only),16,178,0.000326223817540063,,22,10.071942446043165,4.109589041095891,16.666666666666668,28,6,22,,0.000326223817540063,52.0,48.0,0.6753610000014305,0.9220522999530658,0.07224580005276948,0.08439819992054254
120.0,LP2 ($\theta$ Only),17,195,0.000326223817540063,,22,10.071942446043165,4.109589041095891,16.666666666666668,28,6,22,,0.000326223817540063,52.0,48.0,0.4150473000481725,0.6573796999873593,0.0797879999736324,0.0773238999536261
120.0,LP2 ($\theta$ Only),18,213,0.000326223817540063,,22,10.071942446043165,4.109589041095891,16.666666666666668,28,6,22,,0.000326223817540063,52.0,48.0,0.5350775000406429,0.5821942999027669,0.1047236000886187,0.10243139998055995
120.0,LP2 ($\theta$ Only),19,232,0.000326223817540063,,22,10.071942446043165,4.109589041095891,16.666666666666668,28,6,22,,0.000326223817540063,52.0,48.0,0.3154221000149846,0.663862599991262,0.07865850010421127,0.07252489996608347
120.0,LP3 ($\theta$ Only),0,42,0.062448407709408446,,22,8.273381294964029,4.109589041095891,12.878787878787879,23,6,17,0.0005148006578465601,0.0006723287678212428,88.0,12.0,0.6492856999393553,0.6013639000011608,0.09514079999644309,0.10948230000212789
120.0,LP3 ($\theta$ Only),1,43,0.062448407709408446,,22,8.273381294964029,4.109589041095891,12.878787878787879,23,6,17,0.0005148006578465601,0.0006723287678212428,88.0,12.0,0.3602368999272585,0.7206103000789881,0.09228480001911521,0.09115560003556311
120.0,LP3 ($\theta$ Only),2,45,0.062448407709408446,,22,8.273381294964029,4.109589041095891,12.878787878787879,23,6,17,0.0005148006578465601,0.0006723287678212428,88.0,12.0,0.4939413000829518,0.6340816000010818,0.11819700000341982,0.09550069994293153
120.0,LP3 ($\theta$ Only),3,48,0.062448407709408446,,22,8.273381294964029,4.109589041095891,12.878787878787879,23,6,17,0.0005148006578465601,0.0006723287678212428,88.0,12.0,0.4074244999792427,0.8622250000480562,0.07995629997458309,0.0829397999914363
120.0,LP3 ($\theta$ Only),4,52,0.062448407709408446,,22,8.273381294964029,4.109589041095891,12.878787878787879,23,6,17,0.0005148006578465601,0.0006723287678212428,88.0,12.0,0.5615751000586897,0.5656052000122145,0.09608469996601343,0.08135230001062155
120.0,LP3 ($\theta$ Only),5,57,0.062448407709408446,,22,8.273381294964029,4.109589041095891,12.878787878787879,23,6,17,0.0005148006578465601,0.0006723287678212428,88.0,12.0,0.33282889996189624,0.5984928000252694,0.07094879995565861,0.07862569997087121
120.0,LP3 ($\theta$ Only),6,63,0.062448407709408446,,22,8.273381294964029,4.109589041095891,12.878787878787879,23,6,17,0.0005148006578465601,0.0006723287678212428,88.0,12.0,0.7722393999574706,0.7872027000412345,0.08308830007445067,0.08460330008529127
120.0,LP3 ($\theta$ Only),7,70,0.062448407709408446,,22,8.273381294964029,4.109589041095891,12.878787878787879,23,6,17,0.0005148006578465601,0.0006723287678212428,88.0,12.0,0.391472400049679,0.6823016999987885,0.09672520007006824,0.07625520008150488
120.0,LP3 ($\theta$ Only),8,78,0.062448407709408446,,22,8.273381294964029,4.109589041095891,12.878787878787879,23,6,17,0.0005148006578465601,0.0006723287678212428,88.0,12.0,0.5415956999640912,1.0825761000160128,0.08691170008387417,0.09066480002366006
120.0,LP3 ($\theta$ Only),9,87,0.062448407709408446,,22,8.273381294964029,4.109589041095891,12.878787878787879,23,6,17,0.0005148006578465601,0.0006723287678212428,88.0,12.0,0.6070415999274701,0.715536400093697,0.1588793999981135,0.11165549990255386
120.0,LP3 ($\theta$ Only),10,97,0.062448407709408446,,22,8.273381294964029,4.109589041095891,12.878787878787879,23,6,17,0.0005148006578465601,0.0006723287678212428,88.0,12.0,0.4078126000240445,0.8608202999457717,0.10755720001179725,0.09177519998047501
120.0,LP3 ($\theta$ Only),11,108,0.062448407709408446,,22,8.273381294964029,4.109589041095891,12.878787878787879,23,6,17,0.0005148006578465601,0.0006723287678212428,88.0,12.0,0.36635699996259063,0.6720096000935882,0.09857590007595718,0.08094780007377267
120.0,LP3 ($\theta$ Only),12,120,0.062448407709408446,,22,8.273381294964029,4.109589041095891,12.878787878787879,23,6,17,0.0005148006578465601,0.0006723287678212428,88.0,12.0,0.6557639000238851,0.9466582000022754,0.09579210006631911,0.23169839999172837
120.0,LP3 ($\theta$ Only),13,133,0.062448407709408446,,22,8.273381294964029,4.109589041095891,12.878787878787879,23,6,17,0.0005148006578465601,0.0006723287678212428,88.0,12.0,0.62513439997565,0.8672304999781772,0.09952450008131564,0.1050935999955982
120.0,LP3 ($\theta$ Only),14,147,0.062448407709408446,,22,8.273381294964029,4.109589041095891,12.878787878787879,23,6,17,0.0005148006578465601,0.0006723287678212428,88.0,12.0,0.4955442000646144,0.9870541000273079,0.14241089997813106,0.10072240000590682
120.0,LP3 ($\theta$ Only),15,162,0.062448407709408446,,22,8.273381294964029,4.109589041095891,12.878787878787879,23,6,17,0.0005148006578465601,0.0006723287678212428,88.0,12.0,0.5007059000199661,0.5914948999416083,0.12981850001960993,0.1250927000073716
120.0,LP3 ($\theta$ Only),16,178,0.062448407709408446,,22,8.273381294964029,4.109589041095891,12.878787878787879,23,6,17,0.0005148006578465601,0.0006723287678212428,88.0,12.0,0.6753610000014305,0.9220522999530658,0.07224580005276948,0.08439819992054254
120.0,LP3 ($\theta$ Only),17,195,0.062448407709408446,,22,8.273381294964029,4.109589041095891,12.878787878787879,23,6,17,0.0005148006578465601,0.0006723287678212428,88.0,12.0,0.4150473000481725,0.6573796999873593,0.0797879999736324,0.0773238999536261
120.0,LP3 ($\theta$ Only),18,213,0.062448407709408446,,22,8.273381294964029,4.109589041095891,12.878787878787879,23,6,17,0.0005148006578465601,0.0006723287678212428,88.0,12.0,0.5350775000406429,0.5821942999027669,0.1047236000886187,0.10243139998055995
120.0,LP3 ($\theta$ Only),19,232,0.062448407709408446,,22,8.273381294964029,4.109589041095891,12.878787878787879,23,6,17,0.0005148006578465601,0.0006723287678212428,88.0,12.0,0.3154221000149846,0.663862599991262,0.07865850010421127,0.07252489996608347
140.0,LP2 ($\theta$ Only),0,42,0.000326223817540063,,22,10.071942446043165,4.109589041095891,16.666666666666668,28,6,22,,0.000326223817540063,52.0,48.0,0.8059046999551356,0.5625244000693783,0.08432279992848635,0.07323670003097504
140.0,LP2 ($\theta$ Only),1,43,0.000326223817540063,,22,10.071942446043165,4.109589041095891,16.666666666666668,28,6,22,,0.000326223817540063,52.0,48.0,0.3695830999640748,0.5563044999726117,0.083723200019449,0.07294500002171844
140.0,LP2 ($\theta$ Only),2,45,0.000326223817540063,,22,10.071942446043165,4.109589041095891,16.666666666666668,28,6,22,,0.000326223817540063,52.0,48.0,0.5186502999858931,0.6095996000804007,0.07043329998850822,0.08865259995218366
140.0,LP2 ($\theta$ Only),3,48,0.000326223817540063,,22,10.071942446043165,4.109589041095891,16.666666666666668,28,6,22,,0.000326223817540063,52.0,48.0,0.43990280001889914,0.7426809999160469,0.08516579994466156,0.1053352999733761
140.0,LP2 ($\theta$ Only),4,52,0.000326223817540063,,22,10.071942446043165,4.109589041095891,16.666666666666668,28,6,22,,0.000326223817540063,52.0,48.0,0.8878100999863818,0.9925557000096887,0.11624690005555749,0.10500489990226924
140.0,LP2 ($\theta$ Only),5,57,0.000326223817540063,,22,10.071942446043165,4.109589041095891,16.666666666666668,28,6,22,,0.000326223817540063,52.0,48.0,0.4234123000642285,0.8931584999663755,0.1027546999976039,0.07658170000649989
140.0,LP2 ($\theta$ Only),6,63,0.000326223817540063,,22,10.071942446043165,4.109589041095891,16.666666666666668,28,6,22,,0.000326223817540063,52.0,48.0,0.538802900002338,0.7207991000032052,0.093718699994497,0.09136429999489337
140.0,LP2 ($\theta$ Only),7,70,0.000326223817540063,,22,10.071942446043165,4.109589041095891,16.666666666666668,28,6,22,,0.000326223817540063,52.0,48.0,0.4057865999639034,1.259438500041142,0.12168839992955327,0.08212519995868206
140.0,LP2 ($\theta$ Only),8,78,0.000326223817540063,,22,10.071942446043165,4.109589041095891,16.666666666666668,28,6,22,,0.000326223817540063,52.0,48.0,0.46876469999551773,0.6889212999958545,0.07922860002145171,0.07827539998106658
140.0,LP2 ($\theta$ Only),9,87,0.000326223817540063,,22,10.071942446043165,4.109589041095891,16.666666666666668,28,6,22,,0.000326223817540063,52.0,48.0,0.36124080000445247,0.9865593999857083,0.10825789999216795,0.22461420006584376
140.0,LP2 ($\theta$ Only),10,97,0.000326223817540063,,22,10.071942446043165,4.109589041095891,16.666666666666668,28,6,22,,0.000326223817540063,52.0,48.0,0.4221392000326887,0.6081269000424072,0.08027160004712641,0.0770584000274539
140.0,LP2 ($\theta$ Only),11,108,0.000326223817540063,,22,10.071942446043165,4.109589041095891,16.666666666666668,28,6,22,,0.000326223817540063,52.0,48.0,0.43528989993501455,0.6050565999466926,0.079218800063245,0.11088890000246465
140.0,LP2 ($\theta$ Only),12,120,0.000326223817540063,,22,10.071942446043165,4.109589041095891,16.666666666666668,28,6,22,,0.000326223817540063,52.0,48.0,0.5461792000569403,0.7511511000338942,0.09513869998045266,0.09342809999361634
140.0,LP2 ($\theta$ Only),13,133,0.000326223817540063,,22,10.071942446043165,4.109589041095891,16.666666666666668,28,6,22,,0.000326223817540063,52.0,48.0,0.5220662000356242,0.8718429999426007,0.08176690002437681,0.08303609990980476
140.0,LP2 ($\theta$ Only),14,147,0.000326223817540063,,22,10.071942446043165,4.109589041095891,16.666666666666668,28,6,22,,0.000326223817540063,52.0,48.0,0.34741539997048676,0.7237938999896869,0.09867370000574738,0.11751600005663931
140.0,LP2 ($\theta$ Only),15,162,0.000326223817540063,,22,10.071942446043165,4.109589041095891,16.666666666666668,28,6,22,,0.000326223817540063,52.0,48.0,0.6307690000394359,0.9942045999923721,0.09223140007816255,0.08824399998411536
140.0,LP2 ($\theta$ Only),16,178,0.000326223817540063,,22,10.071942446043165,4.109589041095891,16.666666666666668,28,6,22,,0.000326223817540063,52.0,48.0,0.5194370999233797,0.9130421000299975,0.13299090007785708,0.0952951000072062
140.0,LP2 ($\theta$ Only),17,195,0.000326223817540063,,22,10.071942446043165,4.109589041095891,16.666666666666668,28,6,22,,0.000326223817540063,52.0,48.0,0.5589514999883249,0.8029531999491155,0.08313379995524883,0.09628719999454916
140.0,LP2 ($\theta$ Only),18,213,0.000326223817540063,,22,10.071942446043165,4.109589041095891,16.666666666666668,28,6,22,,0.000326223817540063,52.0,48.0,0.48913989996071905,0.5705715999938548,0.0751598000060767,0.07306840003002435
140.0,LP2 ($\theta$ Only),19,232,0.000326223817540063,,22,10.071942446043165,4.109589041095891,16.666666666666668,28,6,22,,0.000326223817540063,52.0,48.0,0.3336647000396624,1.1865610999520868,0.0945360999321565,0.09099910000804812
140.0,LP3 ($\theta$ Only),0,42,0.07274253607547826,,22,7.553956834532374,3.4246575342465753,12.121212121212121,21,5,16,0.0005146348731679003,0.0006936538319722144,88.0,12.0,0.8059046999551356,0.5625244000693783,0.08432279992848635,0.07323670003097504
140.0,LP3 ($\theta$ Only),1,43,0.07274253607547826,,22,7.553956834532374,3.4246575342465753,12.121212121212121,21,5,16,0.0005146348731679003,0.0006936538319722144,88.0,12.0,0.3695830999640748,0.5563044999726117,0.083723200019449,0.07294500002171844
140.0,LP3 ($\theta$ Only),2,45,0.07274253607547826,,22,7.553956834532374,3.4246575342465753,12.121212121212121,21,5,16,0.0005146348731679003,0.0006936538319722144,88.0,12.0,0.5186502999858931,0.6095996000804007,0.07043329998850822,0.08865259995218366
140.0,LP3 ($\theta$ Only),3,48,0.07274253607547826,,22,7.553956834532374,3.4246575342465753,12.121212121212121,21,5,16,0.0005146348731679003,0.0006936538319722144,88.0,12.0,0.43990280001889914,0.7426809999160469,0.08516579994466156,0.1053352999733761
140.0,LP3 ($\theta$ Only),4,52,0.07274253607547826,,22,7.553956834532374,3.4246575342465753,12.121212121212121,21,5,16,0.0005146348731679003,0.0006936538319722144,88.0,12.0,0.8878100999863818,0.9925557000096887,0.11624690005555749,0.10500489990226924
140.0,LP3 ($\theta$ Only),5,57,0.07274253607547826,,22,7.553956834532374,3.4246575342465753,12.121212121212121,21,5,16,0.0005146348731679003,0.0006936538319722144,88.0,12.0,0.4234123000642285,0.8931584999663755,0.1027546999976039,0.07658170000649989
140.0,LP3 ($\theta$ Only),6,63,0.07274253607547826,,22,7.553956834532374,3.4246575342465753,12.121212121212121,21,5,16,0.0005146348731679003,0.0006936538319722144,88.0,12.0,0.538802900002338,0.7207991000032052,0.093718699994497,0.09136429999489337
140.0,LP3 ($\theta$ Only),7,70,0.07274253607547826,,22,7.553956834532374,3.4246575342465753,12.121212121212121,21,5,16,0.0005146348731679003,0.0006936538319722144,88.0,12.0,0.4057865999639034,1.259438500041142,0.12168839992955327,0.08212519995868206
140.0,LP3 ($\theta$ Only),8,78,0.07274253607547826,,22,7.553956834532374,3.4246575342465753,12.121212121212121,21,5,16,0.0005146348731679003,0.0006936538319722144,88.0,12.0,0.46876469999551773,0.6889212999958545,0.07922860002145171,0.07827539998106658
140.0,LP3 ($\theta$ Only),9,87,0.07274253607547826,,22,7.553956834532374,3.4246575342465753,12.121212121212121,21,5,16,0.0005146348731679003,0.0006936538319722144,88.0,12.0,0.36124080000445247,0.9865593999857083,0.10825789999216795,0.22461420006584376
140.0,LP3 ($\theta$ Only),10,97,0.07274253607547826,,22,7.553956834532374,3.4246575342465753,12.121212121212121,21,5,16,0.0005146348731679003,0.0006936538319722144,88.0,12.0,0.4221392000326887,0.6081269000424072,0.08027160004712641,0.0770584000274539
140.0,LP3 ($\theta$ Only),11,108,0.07274253607547826,,22,7.553956834532374,3.4246575342465753,12.121212121212121,21,5,16,0.0005146348731679003,0.0006936538319722144,88.0,12.0,0.43528989993501455,0.6050565999466926,0.079218800063245,0.11088890000246465
140.0,LP3 ($\theta$ Only),12,120,0.07274253607547826,,22,7.553956834532374,3.4246575342465753,12.121212121212121,21,5,16,0.0005146348731679003,0.0006936538319722144,88.0,12.0,0.5461792000569403,0.7511511000338942,0.09513869998045266,0.09342809999361634
140.0,LP3 ($\theta$ Only),13,133,0.07274253607547826,,22,7.553956834532374,3.4246575342465753,12.121212121212121,21,5,16,0.0005146348731679003,0.0006936538319722144,88.0,12.0,0.5220662000356242,0.8718429999426007,0.08176690002437681,0.08303609990980476
140.0,LP3 ($\theta$ Only),14,147,0.07274253607547826,,22,7.553956834532374,3.4246575342465753,12.121212121212121,21,5,16,0.0005146348731679003,0.0006936538319722144,88.0,12.0,0.34741539997048676,0.7237938999896869,0.09867370000574738,0.11751600005663931
140.0,LP3 ($\theta$ Only),15,162,0.07274253607547826,,22,7.553956834532374,3.4246575342465753,12.121212121212121,21,5,16,0.0005146348731679003,0.0006936538319722144,88.0,12.0,0.6307690000394359,0.9942045999923721,0.09223140007816255,0.08824399998411536
140.0,LP3 ($\theta$ Only),16,178,0.07274253607547826,,22,7.553956834532374,3.4246575342465753,12.121212121212121,21,5,16,0.0005146348731679003,0.0006936538319722144,88.0,12.0,0.5194370999233797,0.9130421000299975,0.13299090007785708,0.0952951000072062
140.0,LP3 ($\theta$ Only),17,195,0.07274253607547826,,22,7.553956834532374,3.4246575342465753,12.121212121212121,21,5,16,0.0005146348731679003,0.0006936538319722144,88.0,12.0,0.5589514999883249,0.8029531999491155,0.08313379995524883,0.09628719999454916
140.0,LP3 ($\theta$ Only),18,213,0.07274253607547826,,22,7.553956834532374,3.4246575342465753,12.121212121212121,21,5,16,0.0005146348731679003,0.0006936538319722144,88.0,12.0,0.48913989996071905,0.5705715999938548,0.0751598000060767,0.07306840003002435
140.0,LP3 ($\theta$ Only),19,232,0.07274253607547826,,22,7.553956834532374,3.4246575342465753,12.121212121212121,21,5,16,0.0005146348731679003,0.0006936538319722144,88.0,12.0,0.3336647000396624,1.1865610999520868,0.0945360999321565,0.09099910000804812
160.0,LP2 ($\theta$ Only),0,42,0.000326223817540063,,22,10.071942446043165,4.109589041095891,16.666666666666668,28,6,22,,0.000326223817540063,52.0,48.0,0.43856479995884,0.8072686999803409,0.11824939993675798,0.0700207999907434
160.0,LP2 ($\theta$ Only),1,43,0.000326223817540063,,22,10.071942446043165,4.109589041095891,16.666666666666668,28,6,22,,0.000326223817540063,52.0,48.0,0.3444633000763133,0.7984323999844491,0.0714343999279663,0.07717189996037632
160.0,LP2 ($\theta$ Only),2,45,0.000326223817540063,,22,10.071942446043165,4.109589041095891,16.666666666666668,28,6,22,,0.000326223817540063,52.0,48.0,0.3483607000671327,0.6869259999366477,0.1330830999650061,0.07139699999243021
160.0,LP2 ($\theta$ Only),3,48,0.000326223817540063,,22,10.071942446043165,4.109589041095891,16.666666666666668,28,6,22,,0.000326223817540063,52.0,48.0,0.3443314000032842,0.5771123999729753,0.07911000004969537,0.08306840003933758
160.0,LP2 ($\theta$ Only),4,52,0.000326223817540063,,22,10.071942446043165,4.109589041095891,16.666666666666668,28,6,22,,0.000326223817540063,52.0,48.0,0.5218082000501454,0.6659708999795839,0.07741539995186031,0.08735429996158928
160.0,LP2 ($\theta$ Only),5,57,0.000326223817540063,,22,10.071942446043165,4.109589041095891,16.666666666666668,28,6,22,,0.000326223817540063,52.0,48.0,0.37357739999424666,0.8095741999568418,0.07729039993137121,0.0889888999518007
160.0,LP2 ($\theta$ Only),6,63,0.000326223817540063,,22,10.071942446043165,4.109589041095891,16.666666666666668,28,6,22,,0.000326223817540063,52.0,48.0,0.3805533000268042,0.8680547000840306,0.09333279996644706,0.097829700098373
160.0,LP2 ($\theta$ Only),7,70,0.000326223817540063,,22,10.071942446043165,4.109589041095891,16.666666666666668,28,6,22,,0.000326223817540063,52.0,48.0,0.47412839997559786,1.3119561000494286,0.09459859994240105,0.09588409995194525
160.0,LP2 ($\theta$ Only),8,78,0.000326223817540063,,22,10.071942446043165,4.109589041095891,16.666666666666668,28,6,22,,0.000326223817540063,52.0,48.0,0.38482609996572137,0.5964250999968499,0.07268179999664426,0.07941290002781898
160.0,LP2 ($\theta$ Only),9,87,0.000326223817540063,,22,10.071942446043165,4.109589041095891,16.666666666666668,28,6,22,,0.000326223817540063,52.0,48.0,0.3749601999297738,0.5968456999398768,0.0798384000081569,0.08700119995046407
160.0,LP2 ($\theta$ Only),10,97,0.000326223817540063,,22,10.071942446043165,4.109589041095891,16.666666666666668,28,6,22,,0.000326223817540063,52.0,48.0,0.6942750999005511,0.5954161999979988,0.10497540002688766,0.078377699945122
160.0,LP2 ($\theta$ Only),11,108,0.000326223817540063,,22,10.071942446043165,4.109589041095891,16.666666666666668,28,6,22,,0.000326223817540063,52.0,48.0,0.35533349995967,0.9131261999718845,0.07338269997853786,0.07534280000254512
160.0,LP2 ($\theta$ Only),12,120,0.000326223817540063,,22,10.071942446043165,4.109589041095891,16.666666666666668,28,6,22,,0.000326223817540063,52.0,48.0,0.3803327999776229,0.6959679999854416,0.08064209995791316,0.07456929993350059
160.0,LP2 ($\theta$ Only),13,133,0.000326223817540063,,22,10.071942446043165,4.109589041095891,16.666666666666668,28,6,22,,0.000326223817540063,52.0,48.0,0.3811856999527663,0.8638241000007838,0.11604540003463626,0.09865140006877482
160.0,LP2 ($\theta$ Only),14,147,0.000326223817540063,,22,10.071942446043165,4.109589041095891,16.666666666666668,28,6,22,,0.000326223817540063,52.0,48.0,0.38202060002367944,0.6410486999666318,0.12547210010234267,0.09650700003840029
160.0,LP2 ($\theta$ Only),15,162,0.000326223817540063,,22,10.071942446043165,4.109589041095891,16.666666666666668,28,6,22,,0.000326223817540063,52.0,48.0,0.41876579995732754,1.1088611000450328,0.10164629993960261,0.09384919994045049
160.0,LP2 ($\theta$ Only),16,178,0.000326223817540063,,22,10.071942446043165,4.109589041095891,16.666666666666668,28,6,22,,0.000326223817540063,52.0,48.0,0.7694527999265119,0.6196780999889597,0.08966040005907416,0.08154110005125403
160.0,LP2 ($\theta$ Only),17,195,0.000326223817540063,,22,10.071942446043165,4.109589041095891,16.666666666666668,28,6,22,,0.000326223817540063,52.0,48.0,0.37387130002025515,1.181407899945043,0.1462171000894159,0.08637859998270869
160.0,LP2 ($\theta$ Only),18,213,0.000326223817540063,,22,10.071942446043165,4.109589041095891,16.666666666666668,28,6,22,,0.000326223817540063,52.0,48.0,0.4948418999556452,1.198861000011675,0.0806273000780493,0.09253760008141398
160.0,LP2 ($\theta$ Only),19,232,0.000326223817540063,,22,10.071942446043165,4.109589041095891,16.666666666666668,28,6,22,,0.000326223817540063,52.0,48.0,0.3851204999955371,1.0083777999971062,0.08046800002921373,0.08437139994930476
160.0,LP3 ($\theta$ Only),0,42,0.08303523353883631,,22,7.553956834532374,3.4246575342465753,12.121212121212121,21,5,16,0.0005146348731679004,0.000693653831972213,88.0,12.0,0.43856479995884,0.8072686999803409,0.11824939993675798,0.0700207999907434
160.0,LP3 ($\theta$ Only),1,43,0.08303523353883631,,22,7.553956834532374,3.4246575342465753,12.121212121212121,21,5,16,0.0005146348731679004,0.000693653831972213,88.0,12.0,0.3444633000763133,0.7984323999844491,0.0714343999279663,0.07717189996037632
160.0,LP3 ($\theta$ Only),2,45,0.08303523353883631,,22,7.553956834532374,3.4246575342465753,12.121212121212121,21,5,16,0.0005146348731679004,0.000693653831972213,88.0,12.0,0.3483607000671327,0.6869259999366477,0.1330830999650061,0.07139699999243021
160.0,LP3 ($\theta$ Only),3,48,0.08303523353883631,,22,7.553956834532374,3.4246575342465753,12.121212121212121,21,5,16,0.0005146348731679004,0.000693653831972213,88.0,12.0,0.3443314000032842,0.5771123999729753,0.07911000004969537,0.08306840003933758
160.0,LP3 ($\theta$ Only),4,52,0.08303523353883631,,22,7.553956834532374,3.4246575342465753,12.121212121212121,21,5,16,0.0005146348731679004,0.000693653831972213,88.0,12.0,0.5218082000501454,0.6659708999795839,0.07741539995186031,0.08735429996158928
160.0,LP3 ($\theta$ Only),5,57,0.08303523353883631,,22,7.553956834532374,3.4246575342465753,12.121212121212121,21,5,16,0.0005146348731679004,0.000693653831972213,88.0,12.0,0.37357739999424666,0.8095741999568418,0.07729039993137121,0.0889888999518007
160.0,LP3 ($\theta$ Only),6,63,0.08303523353883631,,22,7.553956834532374,3.4246575342465753,12.121212121212121,21,5,16,0.0005146348731679004,0.000693653831972213,88.0,12.0,0.3805533000268042,0.8680547000840306,0.09333279996644706,0.097829700098373
160.0,LP3 ($\theta$ Only),7,70,0.08303523353883631,,22,7.553956834532374,3.4246575342465753,12.121212121212121,21,5,16,0.0005146348731679004,0.000693653831972213,88.0,12.0,0.47412839997559786,1.3119561000494286,0.09459859994240105,0.09588409995194525
160.0,LP3 ($\theta$ Only),8,78,0.08303523353883631,,22,7.553956834532374,3.4246575342465753,12.121212121212121,21,5,16,0.0005146348731679004,0.000693653831972213,88.0,12.0,0.38482609996572137,0.5964250999968499,0.07268179999664426,0.07941290002781898
160.0,LP3 ($\theta$ Only),9,87,0.08303523353883631,,22,7.553956834532374,3.4246575342465753,12.121212121212121,21,5,16,0.0005146348731679004,0.000693653831972213,88.0,12.0,0.3749601999297738,0.5968456999398768,0.0798384000081569,0.08700119995046407
160.0,LP3 ($\theta$ Only),10,97,0.08303523353883631,,22,7.553956834532374,3.4246575342465753,12.121212121212121,21,5,16,0.0005146348731679004,0.000693653831972213,88.0,12.0,0.6942750999005511,0.5954161999979988,0.10497540002688766,0.078377699945122
160.0,LP3 ($\theta$ Only),11,108,0.08303523353883631,,22,7.553956834532374,3.4246575342465753,12.121212121212121,21,5,16,0.0005146348731679004,0.000693653831972213,88.0,12.0,0.35533349995967,0.9131261999718845,0.07338269997853786,0.07534280000254512
160.0,LP3 ($\theta$ Only),12,120,0.08303523353883631,,22,7.553956834532374,3.4246575342465753,12.121212121212121,21,5,16,0.0005146348731679004,0.000693653831972213,88.0,12.0,0.3803327999776229,0.6959679999854416,0.08064209995791316,0.07456929993350059
160.0,LP3 ($\theta$ Only),13,133,0.08303523353883631,,22,7.553956834532374,3.4246575342465753,12.121212121212121,21,5,16,0.0005146348731679004,0.000693653831972213,88.0,12.0,0.3811856999527663,0.8638241000007838,0.11604540003463626,0.09865140006877482
160.0,LP3 ($\theta$ Only),14,147,0.08303523353883631,,22,7.553956834532374,3.4246575342465753,12.121212121212121,21,5,16,0.0005146348731679004,0.000693653831972213,88.0,12.0,0.38202060002367944,0.6410486999666318,0.12547210010234267,0.09650700003840029
160.0,LP3 ($\theta$ Only),15,162,0.08303523353883631,,22,7.553956834532374,3.4246575342465753,12.121212121212121,21,5,16,0.0005146348731679004,0.000693653831972213,88.0,12.0,0.41876579995732754,1.1088611000450328,0.10164629993960261,0.09384919994045049
160.0,LP3 ($\theta$ Only),16,178,0.08303523353883631,,22,7.553956834532374,3.4246575342465753,12.121212121212121,21,5,16,0.0005146348731679004,0.000693653831972213,88.0,12.0,0.7694527999265119,0.6196780999889597,0.08966040005907416,0.08154110005125403
160.0,LP3 ($\theta$ Only),17,195,0.08303523353883631,,22,7.553956834532374,3.4246575342465753,12.121212121212121,21,5,16,0.0005146348731679004,0.000693653831972213,88.0,12.0,0.37387130002025515,1.181407899945043,0.1462171000894159,0.08637859998270869
160.0,LP3 ($\theta$ Only),18,213,0.08303523353883631,,22,7.553956834532374,3.4246575342465753,12.121212121212121,21,5,16,0.0005146348731679004,0.000693653831972213,88.0,12.0,0.4948418999556452,1.198861000011675,0.0806273000780493,0.09253760008141398
160.0,LP3 ($\theta$ Only),19,232,0.08303523353883631,,22,7.553956834532374,3.4246575342465753,12.121212121212121,21,5,16,0.0005146348731679004,0.000693653831972213,88.0,12.0,0.3851204999955371,1.0083777999971062,0.08046800002921373,0.08437139994930476
180.0,LP2 ($\theta$ Only),0,42,0.000326223817540063,,22,10.071942446043165,4.109589041095891,16.666666666666668,28,6,22,,0.000326223817540063,52.0,48.0,0.6312290000496432,0.5708461999893188,0.07956530002411455,0.08391420007683337
180.0,LP2 ($\theta$ Only),1,43,0.000326223817540063,,22,10.071942446043165,4.109589041095891,16.666666666666668,28,6,22,,0.000326223817540063,52.0,48.0,0.5844935999484733,0.9612799000460654,0.0734579999698326,0.09980500000528991
180.0,LP2 ($\theta$ Only),2,45,0.000326223817540063,,22,10.071942446043165,4.109589041095891,16.666666666666668,28,6,22,,0.000326223817540063,52.0,48.0,0.6451361000072211,0.817487100022845,0.09604450000915676,0.09880040003918111
180.0,LP2 ($\theta$ Only),3,48,0.000326223817540063,,22,10.071942446043165,4.109589041095891,16.666666666666668,28,6,22,,0.000326223817540063,52.0,48.0,0.560671899933368,0.9705683999927714,0.09025420004036278,0.11002330004703254
180.0,LP2 ($\theta$ Only),4,52,0.000326223817540063,,22,10.071942446043165,4.109589041095891,16.666666666666668,28,6,22,,0.000326223817540063,52.0,48.0,0.7508771999273449,0.9817479000193998,0.07829650002531707,0.08173079998232424
180.0,LP2 ($\theta$ Only),5,57,0.000326223817540063,,22,10.071942446043165,4.109589041095891,16.666666666666668,28,6,22,,0.000326223817540063,52.0,48.0,0.4937397000612691,1.1023500999435782,0.08040109998546541,0.10339999990537763
180.0,LP2 ($\theta$ Only),6,63,0.000326223817540063,,22,10.071942446043165,4.109589041095891,16.666666666666668,28,6,22,,0.000326223817540063,52.0,48.0,0.4236851999303326,0.9584664999274537,0.07982909993734211,0.07330579997505993
180.0,LP2 ($\theta$ Only),7,70,0.000326223817540063,,22,10.071942446043165,4.109589041095891,16.666666666666668,28,6,22,,0.000326223817540063,52.0,48.0,0.3365161999827251,0.5985539000248536,0.11462109989952296,0.09868719999212772
180.0,LP2 ($\theta$ Only),8,78,0.000326223817540063,,22,10.071942446043165,4.109589041095891,16.666666666666668,28,6,22,,0.000326223817540063,52.0,48.0,0.9362917999969795,0.7730648000724614,0.09405740001238883,0.08433820004574955
180.0,LP2 ($\theta$ Only),9,87,0.000326223817540063,,22,10.071942446043165,4.109589041095891,16.666666666666668,28,6,22,,0.000326223817540063,52.0,48.0,0.3451952999457717,1.297365100006573,0.13709800003562123,0.09773869998753071
180.0,LP2 ($\theta$ Only),10,97,0.000326223817540063,,22,10.071942446043165,4.109589041095891,16.666666666666668,28,6,22,,0.000326223817540063,52.0,48.0,0.409898400073871,0.8335945999715477,0.084114900091663,0.2815106000052765
180.0,LP2 ($\theta$ Only),11,108,0.000326223817540063,,22,10.071942446043165,4.109589041095891,16.666666666666668,28,6,22,,0.000326223817540063,52.0,48.0,0.37619680003263056,0.8710833000950515,0.09959679993335158,0.08210689993575215
180.0,LP2 ($\theta$ Only),12,120,0.000326223817540063,,22,10.071942446043165,4.109589041095891,16.666666666666668,28,6,22,,0.000326223817540063,52.0,48.0,0.3562750000273809,0.7665400999831036,0.08348730008583516,0.0752604000736028
180.0,LP2 ($\theta$ Only),13,133,0.000326223817540063,,22,10.071942446043165,4.109589041095891,16.666666666666668,28,6,22,,0.000326223817540063,52.0,48.0,0.3526728000724688,0.6222910999786109,0.08090509998146445,0.09118490002583712
180.0,LP2 ($\theta$ Only),14,147,0.000326223817540063,,22,10.071942446043165,4.109589041095891,16.666666666666668,28,6,22,,0.000326223817540063,52.0,48.0,0.528673299937509,0.6783966000657529,0.09896400000434369,0.09832760004792362
180.0,LP2 ($\theta$ Only),15,162,0.000326223817540063,,22,10.071942446043165,4.109589041095891,16.666666666666668,28,6,22,,0.000326223817540063,52.0,48.0,0.3717694999650121,0.9655590000329539,0.15091660001780838,0.22237069997936487
180.0,LP2 ($\theta$ Only),16,178,0.000326223817540063,,22,10.071942446043165,4.109589041095891,16.666666666666668,28,6,22,,0.000326223817540063,52.0,48.0,0.3464025999419391,0.6553266999544576,0.0802148999646306,0.0760152000002563
180.0,LP2 ($\theta$ Only),17,195,0.000326223817540063,,22,10.071942446043165,4.109589041095891,16.666666666666668,28,6,22,,0.000326223817540063,52.0,48.0,0.3573298999108374,0.8307103000115603,0.0860862999688834,0.0797684999415651
180.0,LP2 ($\theta$ Only),18,213,0.000326223817540063,,22,10.071942446043165,4.109589041095891,16.666666666666668,28,6,22,,0.000326223817540063,52.0,48.0,0.33587090007495135,0.5894522999878973,0.08372860006056726,0.07770969998091459
180.0,LP2 ($\theta$ Only),19,232,0.000326223817540063,,22,10.071942446043165,4.109589041095891,16.666666666666668,28,6,22,,0.000326223817540063,52.0,48.0,0.3259554000105709,0.7363256000680849,0.12186489999294281,0.07808359991759062
180.0,LP3 ($\theta$ Only),0,42,0.09332793100219428,,22,7.553956834532374,3.4246575342465753,12.121212121212121,21,5,16,0.0005146348731679003,0.0006936538319722144,88.0,12.0,0.6312290000496432,0.5708461999893188,0.07956530002411455,0.08391420007683337
180.0,LP3 ($\theta$ Only),1,43,0.09332793100219428,,22,7.553956834532374,3.4246575342465753,12.121212121212121,21,5,16,0.0005146348731679003,0.0006936538319722144,88.0,12.0,0.5844935999484733,0.9612799000460654,0.0734579999698326,0.09980500000528991
180.0,LP3 ($\theta$ Only),2,45,0.09332793100219428,,22,7.553956834532374,3.4246575342465753,12.121212121212121,21,5,16,0.0005146348731679003,0.0006936538319722144,88.0,12.0,0.6451361000072211,0.817487100022845,0.09604450000915676,0.09880040003918111
180.0,LP3 ($\theta$ Only),3,48,0.09332793100219428,,22,7.553956834532374,3.4246575342465753,12.121212121212121,21,5,16,0.0005146348731679003,0.0006936538319722144,88.0,12.0,0.560671899933368,0.9705683999927714,0.09025420004036278,0.11002330004703254
180.0,LP3 ($\theta$ Only),4,52,0.09332793100219428,,22,7.553956834532374,3.4246575342465753,12.121212121212121,21,5,16,0.0005146348731679003,0.0006936538319722144,88.0,12.0,0.7508771999273449,0.9817479000193998,0.07829650002531707,0.08173079998232424
180.0,LP3 ($\theta$ Only),5,57,0.09332793100219428,,22,7.553956834532374,3.4246575342465753,12.121212121212121,21,5,16,0.0005146348731679003,0.0006936538319722144,88.0,12.0,0.4937397000612691,1.1023500999435782,0.08040109998546541,0.10339999990537763
180.0,LP3 ($\theta$ Only),6,63,0.09332793100219428,,22,7.553956834532374,3.4246575342465753,12.121212121212121,21,5,16,0.0005146348731679003,0.0006936538319722144,88.0,12.0,0.4236851999303326,0.9584664999274537,0.07982909993734211,0.07330579997505993
180.0,LP3 ($\theta$ Only),7,70,0.09332793100219428,,22,7.553956834532374,3.4246575342465753,12.121212121212121,21,5,16,0.0005146348731679003,0.0006936538319722144,88.0,12.0,0.3365161999827251,0.5985539000248536,0.11462109989952296,0.09868719999212772
180.0,LP3 ($\theta$ Only),8,78,0.09332793100219428,,22,7.553956834532374,3.4246575342465753,12.121212121212121,21,5,16,0.0005146348731679003,0.0006936538319722144,88.0,12.0,0.9362917999969795,0.7730648000724614,0.09405740001238883,0.08433820004574955
180.0,LP3 ($\theta$ Only),9,87,0.09332793100219428,,22,7.553956834532374,3.4246575342465753,12.121212121212121,21,5,16,0.0005146348731679003,0.0006936538319722144,88.0,12.0,0.3451952999457717,1.297365100006573,0.13709800003562123,0.09773869998753071
180.0,LP3 ($\theta$ Only),10,97,0.09332793100219428,,22,7.553956834532374,3.4246575342465753,12.121212121212121,21,5,16,0.0005146348731679003,0.0006936538319722144,88.0,12.0,0.409898400073871,0.8335945999715477,0.084114900091663,0.2815106000052765
180.0,LP3 ($\theta$ Only),11,108,0.09332793100219428,,22,7.553956834532374,3.4246575342465753,12.121212121212121,21,5,16,0.0005146348731679003,0.0006936538319722144,88.0,12.0,0.37619680003263056,0.8710833000950515,0.09959679993335158,0.08210689993575215
180.0,LP3 ($\theta$ Only),12,120,0.09332793100219428,,22,7.553956834532374,3.4246575342465753,12.121212121212121,21,5,16,0.0005146348731679003,0.0006936538319722144,88.0,12.0,0.3562750000273809,0.7665400999831036,0.08348730008583516,0.0752604000736028
180.0,LP3 ($\theta$ Only),13,133,0.09332793100219428,,22,7.553956834532374,3.4246575342465753,12.121212121212121,21,5,16,0.0005146348731679003,0.0006936538319722144,88.0,12.0,0.3526728000724688,0.6222910999786109,0.08090509998146445,0.09118490002583712
180.0,LP3 ($\theta$ Only),14,147,0.09332793100219428,,22,7.553956834532374,3.4246575342465753,12.121212121212121,21,5,16,0.0005146348731679003,0.0006936538319722144,88.0,12.0,0.528673299937509,0.6783966000657529,0.09896400000434369,0.09832760004792362
180.0,LP3 ($\theta$ Only),15,162,0.09332793100219428,,22,7.553956834532374,3.4246575342465753,12.121212121212121,21,5,16,0.0005146348731679003,0.0006936538319722144,88.0,12.0,0.3717694999650121,0.9655590000329539,0.15091660001780838,0.22237069997936487
180.0,LP3 ($\theta$ Only),16,178,0.09332793100219428,,22,7.553956834532374,3.4246575342465753,12.121212121212121,21,5,16,0.0005146348731679003,0.0006936538319722144,88.0,12.0,0.3464025999419391,0.6553266999544576,0.0802148999646306,0.0760152000002563
180.0,LP3 ($\theta$ Only),17,195,0.09332793100219428,,22,7.553956834532374,3.4246575342465753,12.121212121212121,21,5,16,0.0005146348731679003,0.0006936538319722144,88.0,12.0,0.3573298999108374,0.8307103000115603,0.0860862999688834,0.0797684999415651
180.0,LP3 ($\theta$ Only),18,213,0.09332793100219428,,22,7.553956834532374,3.4246575342465753,12.121212121212121,21,5,16,0.0005146348731679003,0.0006936538319722144,88.0,12.0,0.33587090007495135,0.5894522999878973,0.08372860006056726,0.07770969998091459
180.0,LP3 ($\theta$ Only),19,232,0.09332793100219428,,22,7.553956834532374,3.4246575342465753,12.121212121212121,21,5,16,0.0005146348731679003,0.0006936538319722144,88.0,12.0,0.3259554000105709,0.7363256000680849,0.12186489999294281,0.07808359991759062
200.0,LP2 ($\theta$ Only),0,42,0.000326223817540063,,22,10.071942446043165,4.109589041095891,16.666666666666668,28,6,22,,0.000326223817540063,52.0,48.0,0.5330706000095233,0.6360892000375316,0.07856230007018894,0.07286050007678568
200.0,LP2 ($\theta$ Only),1,43,0.000326223817540063,,22,10.071942446043165,4.109589041095891,16.666666666666668,28,6,22,,0.000326223817540063,52.0,48.0,0.37738060008268803,0.7811787000391632,0.10198360006324947,0.07514109998010099
200.0,LP2 ($\theta$ Only),2,45,0.000326223817540063,,22,10.071942446043165,4.109589041095891,16.666666666666668,28,6,22,,0.000326223817540063,52.0,48.0,0.41260529996361583,1.026268900022842,0.08043750002980232,0.07435759995132685
200.0,LP2 ($\theta$ Only),3,48,0.000326223817540063,,22,10.071942446043165,4.109589041095891,16.666666666666668,28,6,22,,0.000326223817540063,52.0,48.0,0.346266100066714,0.8959637000225484,0.09140020003542304,0.08565820008516312
200.0,LP2 ($\theta$ Only),4,52,0.000326223817540063,,22,10.071942446043165,4.109589041095891,16.666666666666668,28,6,22,,0.000326223817540063,52.0,48.0,0.38271989999338984,0.6434048999799415,0.07724999997299165,0.08641340001486242
200.0,LP2 ($\theta$ Only),5,57,0.000326223817540063,,22,10.071942446043165,4.109589041095891,16.666666666666668,28,6,22,,0.000326223817540063,52.0,48.0,0.32870039995759726,0.5835204999893904,0.08456810005009174,0.07541479996871203
200.0,LP2 ($\theta$ Only),6,63,0.000326223817540063,,22,10.071942446043165,4.109589041095891,16.666666666666668,28,6,22,,0.000326223817540063,52.0,48.0,0.5587143999291584,0.646749300067313,0.08360390004236251,0.07253599993418902
200.0,LP2 ($\theta$ Only),7,70,0.000326223817540063,,22,10.071942446043165,4.109589041095891,16.666666666666668,28,6,22,,0.000326223817540063,52.0,48.0,0.3323722999775782,0.7600609000073746,0.0752752999542281,0.07529649999924004
200.0,LP2 ($\theta$ Only),8,78,0.000326223817540063,,22,10.071942446043165,4.109589041095891,16.666666666666668,28,6,22,,0.000326223817540063,52.0,48.0,0.4230328999692574,0.7255730000324547,0.07594110001809895,0.07930799992755055
200.0,LP2 ($\theta$ Only),9,87,0.000326223817540063,,22,10.071942446043165,4.109589041095891,16.666666666666668,28,6,22,,0.000326223817540063,52.0,48.0,0.32384069997351617,0.8488089999882504,0.07963059993926436,0.07810419995803386
200.0,LP2 ($\theta$ Only),10,97,0.000326223817540063,,22,10.071942446043165,4.109589041095891,16.666666666666668,28,6,22,,0.000326223817540063,52.0,48.0,0.3302026999881491,0.623688800027594,0.08288420003373176,0.0810405999654904
200.0,LP2 ($\theta$ Only),11,108,0.000326223817540063,,22,10.071942446043165,4.109589041095891,16.666666666666668,28,6,22,,0.000326223817540063,52.0,48.0,0.3546972000040114,0.6532713000196964,0.07202249998226762,0.08354349993169308
200.0,LP2 ($\theta$ Only),12,120,0.000326223817540063,,22,10.071942446043165,4.109589041095891,16.666666666666668,28,6,22,,0.000326223817540063,52.0,48.0,0.5383895999984816,0.5797881000908092,0.08962539990898222,0.08546380000188947
200.0,LP2 ($\theta$ Only),13,133,0.000326223817540063,,22,10.071942446043165,4.109589041095891,16.666666666666668,28,6,22,,0.000326223817540063,52.0,48.0,0.3267342000035569,0.7879128999775276,0.07856250007171184,0.07328550005331635
200.0,LP2 ($\theta$ Only),14,147,0.000326223817540063,,22,10.071942446043165,4.109589041095891,16.666666666666668,28,6,22,,0.000326223817540063,52.0,48.0,0.5138512999983504,0.6264002999523655,0.07338640000671148,0.0829274000134319
200.0,LP2 ($\theta$ Only),15,162,0.000326223817540063,,22,10.071942446043165,4.109589041095891,16.666666666666668,28,6,22,,0.000326223817540063,52.0,48.0,0.40017909999005497,0.6045866999775171,0.08063560002483428,0.07694209995679557
200.0,LP2 ($\theta$ Only),16,178,0.000326223817540063,,22,10.071942446043165,4.109589041095891,16.666666666666668,28,6,22,,0.000326223817540063,52.0,48.0,0.5603665000526235,0.5968287999276072,0.09599709999747574,0.08121650002431124
200.0,LP2 ($\theta$ Only),17,195,0.000326223817540063,,22,10.071942446043165,4.109589041095891,16.666666666666668,28,6,22,,0.000326223817540063,52.0,48.0,0.43337159999646246,0.8543735999846831,0.08715670008677989,0.20690870005637407
200.0,LP2 ($\theta$ Only),18,213,0.000326223817540063,,22,10.071942446043165,4.109589041095891,16.666666666666668,28,6,22,,0.000326223817540063,52.0,48.0,0.5951588000170887,0.6612388999201357,0.09778920002281666,0.07876100006978959
200.0,LP2 ($\theta$ Only),19,232,0.000326223817540063,,22,10.071942446043165,4.109589041095891,16.666666666666668,28,6,22,,0.000326223817540063,52.0,48.0,0.33312079997267574,0.6152323000133038,0.07849270000588149,0.07189169991761446
200.0,LP3 ($\theta$ Only),0,42,0.10362062846555233,,22,7.553956834532374,3.4246575342465753,12.121212121212121,21,5,16,0.0005146348731679004,0.000693653831972213,88.0,12.0,0.5330706000095233,0.6360892000375316,0.07856230007018894,0.07286050007678568
200.0,LP3 ($\theta$ Only),1,43,0.10362062846555233,,22,7.553956834532374,3.4246575342465753,12.121212121212121,21,5,16,0.0005146348731679004,0.000693653831972213,88.0,12.0,0.37738060008268803,0.7811787000391632,0.10198360006324947,0.07514109998010099
200.0,LP3 ($\theta$ Only),2,45,0.10362062846555233,,22,7.553956834532374,3.4246575342465753,12.121212121212121,21,5,16,0.0005146348731679004,0.000693653831972213,88.0,12.0,0.41260529996361583,1.026268900022842,0.08043750002980232,0.07435759995132685
200.0,LP3 ($\theta$ Only),3,48,0.10362062846555233,,22,7.553956834532374,3.4246575342465753,12.121212121212121,21,5,16,0.0005146348731679004,0.000693653831972213,88.0,12.0,0.346266100066714,0.8959637000225484,0.09140020003542304,0.08565820008516312
200.0,LP3 ($\theta$ Only),4,52,0.10362062846555233,,22,7.553956834532374,3.4246575342465753,12.121212121212121,21,5,16,0.0005146348731679004,0.000693653831972213,88.0,12.0,0.38271989999338984,0.6434048999799415,0.07724999997299165,0.08641340001486242
200.0,LP3 ($\theta$ Only),5,57,0.10362062846555233,,22,7.553956834532374,3.4246575342465753,12.121212121212121,21,5,16,0.0005146348731679004,0.000693653831972213,88.0,12.0,0.32870039995759726,0.5835204999893904,0.08456810005009174,0.07541479996871203
200.0,LP3 ($\theta$ Only),6,63,0.10362062846555233,,22,7.553956834532374,3.4246575342465753,12.121212121212121,21,5,16,0.0005146348731679004,0.000693653831972213,88.0,12.0,0.5587143999291584,0.646749300067313,0.08360390004236251,0.07253599993418902
200.0,LP3 ($\theta$ Only),7,70,0.10362062846555233,,22,7.553956834532374,3.4246575342465753,12.121212121212121,21,5,16,0.0005146348731679004,0.000693653831972213,88.0,12.0,0.3323722999775782,0.7600609000073746,0.0752752999542281,0.07529649999924004
200.0,LP3 ($\theta$ Only),8,78,0.10362062846555233,,22,7.553956834532374,3.4246575342465753,12.121212121212121,21,5,16,0.0005146348731679004,0.000693653831972213,88.0,12.0,0.4230328999692574,0.7255730000324547,0.07594110001809895,0.07930799992755055
200.0,LP3 ($\theta$ Only),9,87,0.10362062846555233,,22,7.553956834532374,3.4246575342465753,12.121212121212121,21,5,16,0.0005146348731679004,0.000693653831972213,88.0,12.0,0.32384069997351617,0.8488089999882504,0.07963059993926436,0.07810419995803386
200.0,LP3 ($\theta$ Only),10,97,0.10362062846555233,,22,7.553956834532374,3.4246575342465753,12.121212121212121,21,5,16,0.0005146348731679004,0.000693653831972213,88.0,12.0,0.3302026999881491,0.623688800027594,0.08288420003373176,0.0810405999654904
200.0,LP3 ($\theta$ Only),11,108,0.10362062846555233,,22,7.553956834532374,3.4246575342465753,12.121212121212121,21,5,16,0.0005146348731679004,0.000693653831972213,88.0,12.0,0.3546972000040114,0.6532713000196964,0.07202249998226762,0.08354349993169308
200.0,LP3 ($\theta$ Only),12,120,0.10362062846555233,,22,7.553956834532374,3.4246575342465753,12.121212121212121,21,5,16,0.0005146348731679004,0.000693653831972213,88.0,12.0,0.5383895999984816,0.5797881000908092,0.08962539990898222,0.08546380000188947
200.0,LP3 ($\theta$ Only),13,133,0.10362062846555233,,22,7.553956834532374,3.4246575342465753,12.121212121212121,21,5,16,0.0005146348731679004,0.000693653831972213,88.0,12.0,0.3267342000035569,0.7879128999775276,0.07856250007171184,0.07328550005331635
200.0,LP3 ($\theta$ Only),14,147,0.10362062846555233,,22,7.553956834532374,3.4246575342465753,12.121212121212121,21,5,16,0.0005146348731679004,0.000693653831972213,88.0,12.0,0.5138512999983504,0.6264002999523655,0.07338640000671148,0.0829274000134319
200.0,LP3 ($\theta$ Only),15,162,0.10362062846555233,,22,7.553956834532374,3.4246575342465753,12.121212121212121,21,5,16,0.0005146348731679004,0.000693653831972213,88.0,12.0,0.40017909999005497,0.6045866999775171,0.08063560002483428,0.07694209995679557
200.0,LP3 ($\theta$ Only),16,178,0.10362062846555233,,22,7.553956834532374,3.4246575342465753,12.121212121212121,21,5,16,0.0005146348731679004,0.000693653831972213,88.0,12.0,0.5603665000526235,0.5968287999276072,0.09599709999747574,0.08121650002431124
200.0,LP3 ($\theta$ Only),17,195,0.10362062846555233,,22,7.553956834532374,3.4246575342465753,12.121212121212121,21,5,16,0.0005146348731679004,0.000693653831972213,88.0,12.0,0.43337159999646246,0.8543735999846831,0.08715670008677989,0.20690870005637407
200.0,LP3 ($\theta$ Only),18,213,0.10362062846555233,,22,7.553956834532374,3.4246575342465753,12.121212121212121,21,5,16,0.0005146348731679004,0.000693653831972213,88.0,12.0,0.5951588000170887,0.6612388999201357,0.09778920002281666,0.07876100006978959
200.0,LP3 ($\theta$ Only),19,232,0.10362062846555233,,22,7.553956834532374,3.4246575342465753,12.121212121212121,21,5,16,0.0005146348731679004,0.000693653831972213,88.0,12.0,0.33312079997267574,0.6152323000133038,0.07849270000588149,0.07189169991761446
