phi,model,trial,seed,objective,loss_value,fas_size,violation_percentage,po_violation_percentage,pmc_violation_percentage,num_violations,num_po_violations,num_pmc_violations,epsilon_l1_norm,epsilon_support_percentage,epsilon_sparsity,time_Data Generation,time_Graph Construction,time_Feedback Arc Set,time_LP2 Solve,time_LP3 Solve,time_BTL Model Fitting,time_Old LP Evaluation,time_New LP Evaluation,time_BTL Evaluation
0.0,LP2 ($\theta$ Only),0,42,0.0,,0,0.0,0.0,0.0,0,0,0,0.0,0.0,100.0,0.0010784000623971224,0.0013116999762132764,0.0007735999533906579,0.04366330010816455,0.052813999936915934,0.05358860001433641,0.002962400089018047,0.002841500099748373,0.00011040002573281527
0.0,LP2 ($\theta$ Only),1,43,0.0,,0,0.0,0.0,0.0,0,0,0,0.0,0.0,100.0,0.0007024999940767884,0.000786100048571825,5.709996912628412e-05,0.02603770000860095,0.046185199986211956,0.03791539999656379,0.008635099977254868,0.0069515000795945525,0.0002821000525727868
0.0,LP2 ($\theta$ Only),2,45,0.0,,0,0.0,0.0,0.0,0,0,0,0.0,0.0,100.0,0.007279000012204051,0.0011642000172287226,7.919990457594395e-05,0.05804889998398721,0.0818120000185445,0.05671430006623268,0.0032885000109672546,0.005493100034072995,0.0001775000710040331
0.0,LP2 ($\theta$ Only),3,48,0.0,,0,0.0,0.0,0.0,0,0,0,0.0,0.0,100.0,0.0006965999491512775,0.0009122999617829919,4.630000330507755e-05,0.03789989999495447,0.16664179996587336,0.07087710010819137,0.0034194999607279897,0.0032559999963268638,0.00018780003301799297
0.0,LP2 ($\theta$ Only),4,52,0.0,,0,0.0,0.0,0.0,0,0,0,0.0,0.0,100.0,0.0008494999492540956,0.000930099980905652,4.9900030717253685e-05,0.04102880007121712,0.304125800030306,0.12247549998573959,0.007905999897047877,0.0034789000637829304,0.00010659999679774046
0.0,LP2 ($\theta$ Only),5,57,0.0,,0,0.0,0.0,0.0,0,0,0,0.0,0.0,100.0,0.0006976999575272202,0.0008972999639809132,4.83999028801918e-05,0.0396078999619931,0.0635308000491932,0.04245399998035282,0.003557699965313077,0.0034533999860286713,0.00017339992336928844
0.0,LP2 ($\theta$ Only),6,63,0.0,,0,0.0,0.0,0.0,0,0,0,0.0,0.0,100.0,0.00302389997523278,0.0011220000451430678,5.979998968541622e-05,0.04015420004725456,0.058979300083592534,0.19746900000609457,0.0071561000077053905,0.008587400079704821,0.00025319994892925024
0.0,LP2 ($\theta$ Only),7,70,0.0,,0,0.0,0.0,0.0,0,0,0,0.0,0.0,100.0,0.0023152000503614545,0.0027429000474512577,9.860005229711533e-05,0.0861911999527365,0.08307649998459965,0.04256239999085665,0.003423199988901615,0.0030743000097572803,0.00017340003978461027
0.0,LP2 ($\theta$ Only),8,78,0.0,,0,0.0,0.0,0.0,0,0,0,0.0,0.0,100.0,0.0007014999864622951,0.0008940999396145344,5.6699966080486774e-05,0.02958329999819398,0.04740150005090982,0.055175899993628263,0.0038743000477552414,0.006339100073091686,0.00024750002194195986
0.0,LP2 ($\theta$ Only),9,87,0.0,,0,0.0,0.0,0.0,0,0,0,0.0,0.0,100.0,0.001398300053551793,0.0019836999708786607,8.629995863884687e-05,0.03521629993338138,0.06040949991438538,0.05533060000743717,0.002970100031234324,0.005608099978417158,0.00010279996786266565
0.0,LP2 ($\theta$ Only),10,97,0.0,,0,0.0,0.0,0.0,0,0,0,0.0,0.0,100.0,0.0008580000139772892,0.0010487999534234405,6.159988697618246e-05,0.03581719996873289,0.039592199958860874,0.024131899932399392,0.0031130999559536576,0.003014200017787516,0.0001004999503493309
0.0,LP2 ($\theta$ Only),11,108,0.0,,0,0.0,0.0,0.0,0,0,0,0.0,0.0,100.0,0.0037152000004425645,0.0008323000511154532,4.980002995580435e-05,0.03387430007569492,0.040511999977752566,0.048191400012001395,0.0029673000099137425,0.0028201000532135367,0.0001012999564409256
0.0,LP2 ($\theta$ Only),12,120,0.0,,0,0.0,0.0,0.0,0,0,0,0.0,0.0,100.0,0.0009082999313250184,0.0039001000113785267,9.519990999251604e-05,0.03544340003281832,0.03826819988898933,0.048271300038322806,0.003375599975697696,0.003273799899034202,0.00017490005120635033
0.0,LP2 ($\theta$ Only),13,133,0.0,,0,0.0,0.0,0.0,0,0,0,0.0,0.0,100.0,0.001077700057066977,0.002213100087828934,6.739993114024401e-05,0.03229109989479184,0.03837670001666993,0.07159259996842593,0.0030581000028178096,0.004341699997894466,0.00010529998689889908
0.0,LP2 ($\theta$ Only),14,147,0.0,,0,0.0,0.0,0.0,0,0,0,0.0,0.0,100.0,0.0007627999875694513,0.0008601000299677253,4.610000178217888e-05,0.029118400067090988,0.04362719994969666,0.050274399924091995,0.004121399950236082,0.004087500041350722,0.00010369997471570969
0.0,LP2 ($\theta$ Only),15,162,0.0,,0,0.0,0.0,0.0,0,0,0,0.0,0.0,100.0,0.0006873999955132604,0.0010603000409901142,4.7200010158121586e-05,0.02945889998227358,0.03658359998371452,0.09113409998826683,0.0035879999632015824,0.0030348999425768852,0.0001039999770000577
0.0,LP2 ($\theta$ Only),16,178,0.0,,0,0.0,0.0,0.0,0,0,0,0.0,0.0,100.0,0.0006928999209776521,0.0008311000419780612,4.6900007873773575e-05,0.026216599973849952,0.046301000053063035,0.19281060004141182,0.0060643000761047006,0.007738200016319752,0.0002693000715225935
0.0,LP2 ($\theta$ Only),17,195,0.0,,0,0.0,0.0,0.0,0,0,0,0.0,0.0,100.0,0.0016931999707594514,0.0018820000113919377,9.489990770816803e-05,0.04717729997355491,0.05254329997114837,0.0398217000765726,0.002907700021751225,0.003561899997293949,0.00017530005425214767
0.0,LP2 ($\theta$ Only),18,213,0.0,,0,0.0,0.0,0.0,0,0,0,0.0,0.0,100.0,0.0007300999714061618,0.0012437999248504639,5.880009848624468e-05,0.030327899963594973,0.043086899910122156,0.026040199911221862,0.0032396999886259437,0.0028067000675946474,0.00010499998461455107
0.0,LP2 ($\theta$ Only),19,232,0.0,,0,0.0,0.0,0.0,0,0,0,0.0,0.0,100.0,0.0007034000009298325,0.0008599000284448266,4.610000178217888e-05,0.028990200022235513,0.04520679998677224,0.0524219999788329,0.002917999983765185,0.0027956999838352203,0.00010299996938556433
0.0,LP3 ($\theta$ Only),0,42,0.0,,0,0.0,0.0,0.0,0,0,0,0.0,0.0,100.0,0.0010784000623971224,0.0013116999762132764,0.0007735999533906579,0.04366330010816455,0.052813999936915934,0.05358860001433641,0.002962400089018047,0.002841500099748373,0.00011040002573281527
0.0,LP3 ($\theta$ Only),1,43,0.0,,0,0.0,0.0,0.0,0,0,0,0.0,0.0,100.0,0.0007024999940767884,0.000786100048571825,5.709996912628412e-05,0.02603770000860095,0.046185199986211956,0.03791539999656379,0.008635099977254868,0.0069515000795945525,0.0002821000525727868
0.0,LP3 ($\theta$ Only),2,45,0.0,,0,0.0,0.0,0.0,0,0,0,0.0,0.0,100.0,0.007279000012204051,0.0011642000172287226,7.919990457594395e-05,0.05804889998398721,0.0818120000185445,0.05671430006623268,0.0032885000109672546,0.005493100034072995,0.0001775000710040331
0.0,LP3 ($\theta$ Only),3,48,0.0,,0,0.0,0.0,0.0,0,0,0,0.0,0.0,100.0,0.0006965999491512775,0.0009122999617829919,4.630000330507755e-05,0.03789989999495447,0.16664179996587336,0.07087710010819137,0.0034194999607279897,0.0032559999963268638,0.00018780003301799297
0.0,LP3 ($\theta$ Only),4,52,0.0,,0,0.0,0.0,0.0,0,0,0,0.0,0.0,100.0,0.0008494999492540956,0.000930099980905652,4.9900030717253685e-05,0.04102880007121712,0.304125800030306,0.12247549998573959,0.007905999897047877,0.0034789000637829304,0.00010659999679774046
0.0,LP3 ($\theta$ Only),5,57,0.0,,0,0.0,0.0,0.0,0,0,0,0.0,0.0,100.0,0.0006976999575272202,0.0008972999639809132,4.83999028801918e-05,0.0396078999619931,0.0635308000491932,0.04245399998035282,0.003557699965313077,0.0034533999860286713,0.00017339992336928844
0.0,LP3 ($\theta$ Only),6,63,0.0,,0,0.0,0.0,0.0,0,0,0,0.0,0.0,100.0,0.00302389997523278,0.0011220000451430678,5.979998968541622e-05,0.04015420004725456,0.058979300083592534,0.19746900000609457,0.0071561000077053905,0.008587400079704821,0.00025319994892925024
0.0,LP3 ($\theta$ Only),7,70,0.0,,0,0.0,0.0,0.0,0,0,0,0.0,0.0,100.0,0.0023152000503614545,0.0027429000474512577,9.860005229711533e-05,0.0861911999527365,0.08307649998459965,0.04256239999085665,0.003423199988901615,0.0030743000097572803,0.00017340003978461027
0.0,LP3 ($\theta$ Only),8,78,0.0,,0,0.0,0.0,0.0,0,0,0,0.0,0.0,100.0,0.0007014999864622951,0.0008940999396145344,5.6699966080486774e-05,0.02958329999819398,0.04740150005090982,0.055175899993628263,0.0038743000477552414,0.006339100073091686,0.00024750002194195986
0.0,LP3 ($\theta$ Only),9,87,0.0,,0,0.0,0.0,0.0,0,0,0,0.0,0.0,100.0,0.001398300053551793,0.0019836999708786607,8.629995863884687e-05,0.03521629993338138,0.06040949991438538,0.05533060000743717,0.002970100031234324,0.005608099978417158,0.00010279996786266565
0.0,LP3 ($\theta$ Only),10,97,0.0,,0,0.0,0.0,0.0,0,0,0,0.0,0.0,100.0,0.0008580000139772892,0.0010487999534234405,6.159988697618246e-05,0.03581719996873289,0.039592199958860874,0.024131899932399392,0.0031130999559536576,0.003014200017787516,0.0001004999503493309
0.0,LP3 ($\theta$ Only),11,108,0.0,,0,0.0,0.0,0.0,0,0,0,0.0,0.0,100.0,0.0037152000004425645,0.0008323000511154532,4.980002995580435e-05,0.03387430007569492,0.040511999977752566,0.048191400012001395,0.0029673000099137425,0.0028201000532135367,0.0001012999564409256
0.0,LP3 ($\theta$ Only),12,120,0.0,,0,0.0,0.0,0.0,0,0,0,5.218048215738236e-15,16.666666666666668,83.33333333333333,0.0009082999313250184,0.0039001000113785267,9.519990999251604e-05,0.03544340003281832,0.03826819988898933,0.048271300038322806,0.003375599975697696,0.003273799899034202,0.00017490005120635033
0.0,LP3 ($\theta$ Only),13,133,0.0,,0,0.0,0.0,0.0,0,0,0,0.0,0.0,100.0,0.001077700057066977,0.002213100087828934,6.739993114024401e-05,0.03229109989479184,0.03837670001666993,0.07159259996842593,0.0030581000028178096,0.004341699997894466,0.00010529998689889908
0.0,LP3 ($\theta$ Only),14,147,0.0,,0,0.0,0.0,0.0,0,0,0,0.0,0.0,100.0,0.0007627999875694513,0.0008601000299677253,4.610000178217888e-05,0.029118400067090988,0.04362719994969666,0.050274399924091995,0.004121399950236082,0.004087500041350722,0.00010369997471570969
0.0,LP3 ($\theta$ Only),15,162,0.0,,0,0.0,0.0,0.0,0,0,0,0.0,0.0,100.0,0.0006873999955132604,0.0010603000409901142,4.7200010158121586e-05,0.02945889998227358,0.03658359998371452,0.09113409998826683,0.0035879999632015824,0.0030348999425768852,0.0001039999770000577
0.0,LP3 ($\theta$ Only),16,178,0.0,,0,0.0,0.0,0.0,0,0,0,0.0,0.0,100.0,0.0006928999209776521,0.0008311000419780612,4.6900007873773575e-05,0.026216599973849952,0.046301000053063035,0.19281060004141182,0.0060643000761047006,0.007738200016319752,0.0002693000715225935
0.0,LP3 ($\theta$ Only),17,195,0.0,,0,0.0,0.0,0.0,0,0,0,0.0,0.0,100.0,0.0016931999707594514,0.0018820000113919377,9.489990770816803e-05,0.04717729997355491,0.05254329997114837,0.0398217000765726,0.002907700021751225,0.003561899997293949,0.00017530005425214767
0.0,LP3 ($\theta$ Only),18,213,0.0,,0,0.0,0.0,0.0,0,0,0,0.0,0.0,100.0,0.0007300999714061618,0.0012437999248504639,5.880009848624468e-05,0.030327899963594973,0.043086899910122156,0.026040199911221862,0.0032396999886259437,0.0028067000675946474,0.00010499998461455107
0.0,LP3 ($\theta$ Only),19,232,0.0,,0,0.0,0.0,0.0,0,0,0,0.0,0.0,100.0,0.0007034000009298325,0.0008599000284448266,4.610000178217888e-05,0.028990200022235513,0.04520679998677224,0.0524219999788329,0.002917999983765185,0.0027956999838352203,0.00010299996938556433
0.0,Linear BTL,0,42,,-0.011918320988784085,0,0.0,0.0,0.0,0,0,0,,,,0.0010784000623971224,0.0013116999762132764,0.0007735999533906579,0.04366330010816455,0.052813999936915934,0.05358860001433641,0.002962400089018047,0.002841500099748373,0.00011040002573281527
0.0,Linear BTL,1,43,,-0.006589504745303119,0,0.0,0.0,0.0,0,0,0,,,,0.0007024999940767884,0.000786100048571825,5.709996912628412e-05,0.02603770000860095,0.046185199986211956,0.03791539999656379,0.008635099977254868,0.0069515000795945525,0.0002821000525727868
0.0,Linear BTL,2,45,,-0.26207397899734824,0,0.0,0.0,0.0,0,0,0,,,,0.007279000012204051,0.0011642000172287226,7.919990457594395e-05,0.05804889998398721,0.0818120000185445,0.05671430006623268,0.0032885000109672546,0.005493100034072995,0.0001775000710040331
0.0,Linear BTL,3,48,,-0.11979972547732931,0,0.0,0.0,0.0,0,0,0,,,,0.0006965999491512775,0.0009122999617829919,4.630000330507755e-05,0.03789989999495447,0.16664179996587336,0.07087710010819137,0.0034194999607279897,0.0032559999963268638,0.00018780003301799297
0.0,Linear BTL,4,52,,-0.0041264737919139705,0,0.0,0.0,0.0,0,0,0,,,,0.0008494999492540956,0.000930099980905652,4.9900030717253685e-05,0.04102880007121712,0.304125800030306,0.12247549998573959,0.007905999897047877,0.0034789000637829304,0.00010659999679774046
0.0,Linear BTL,5,57,,-0.03925841342507427,0,0.0,0.0,0.0,0,0,0,,,,0.0006976999575272202,0.0008972999639809132,4.83999028801918e-05,0.0396078999619931,0.0635308000491932,0.04245399998035282,0.003557699965313077,0.0034533999860286713,0.00017339992336928844
0.0,Linear BTL,6,63,,-0.00011144668294673062,0,0.0,0.0,0.0,0,0,0,,,,0.00302389997523278,0.0011220000451430678,5.979998968541622e-05,0.04015420004725456,0.058979300083592534,0.19746900000609457,0.0071561000077053905,0.008587400079704821,0.00025319994892925024
0.0,Linear BTL,7,70,,-0.02596363163685865,0,0.0,0.0,0.0,0,0,0,,,,0.0023152000503614545,0.0027429000474512577,9.860005229711533e-05,0.0861911999527365,0.08307649998459965,0.04256239999085665,0.003423199988901615,0.0030743000097572803,0.00017340003978461027
0.0,Linear BTL,8,78,,-0.013040571388317868,0,0.0,0.0,0.0,0,0,0,,,,0.0007014999864622951,0.0008940999396145344,5.6699966080486774e-05,0.02958329999819398,0.04740150005090982,0.055175899993628263,0.0038743000477552414,0.006339100073091686,0.00024750002194195986
0.0,Linear BTL,9,87,,-0.0038228515606808767,0,0.0,0.0,0.0,0,0,0,,,,0.001398300053551793,0.0019836999708786607,8.629995863884687e-05,0.03521629993338138,0.06040949991438538,0.05533060000743717,0.002970100031234324,0.005608099978417158,0.00010279996786266565
0.0,Linear BTL,10,97,,-1.0885510388196855,0,0.0,0.0,0.0,0,0,0,,,,0.0008580000139772892,0.0010487999534234405,6.159988697618246e-05,0.03581719996873289,0.039592199958860874,0.024131899932399392,0.0031130999559536576,0.003014200017787516,0.0001004999503493309
0.0,Linear BTL,11,108,,-0.24611812648664166,0,0.0,0.0,0.0,0,0,0,,,,0.0037152000004425645,0.0008323000511154532,4.980002995580435e-05,0.03387430007569492,0.040511999977752566,0.048191400012001395,0.0029673000099137425,0.0028201000532135367,0.0001012999564409256
0.0,Linear BTL,12,120,,-0.00017380970069662515,0,0.0,0.0,0.0,0,0,0,,,,0.0009082999313250184,0.0039001000113785267,9.519990999251604e-05,0.03544340003281832,0.03826819988898933,0.048271300038322806,0.003375599975697696,0.003273799899034202,0.00017490005120635033
0.0,Linear BTL,13,133,,-0.010271665878574466,0,0.0,0.0,0.0,0,0,0,,,,0.001077700057066977,0.002213100087828934,6.739993114024401e-05,0.03229109989479184,0.03837670001666993,0.07159259996842593,0.0030581000028178096,0.004341699997894466,0.00010529998689889908
0.0,Linear BTL,14,147,,-0.0072417718440323155,0,0.0,0.0,0.0,0,0,0,,,,0.0007627999875694513,0.0008601000299677253,4.610000178217888e-05,0.029118400067090988,0.04362719994969666,0.050274399924091995,0.004121399950236082,0.004087500041350722,0.00010369997471570969
0.0,Linear BTL,15,162,,-0.006042537318548081,0,0.0,0.0,0.0,0,0,0,,,,0.0006873999955132604,0.0010603000409901142,4.7200010158121586e-05,0.02945889998227358,0.03658359998371452,0.09113409998826683,0.0035879999632015824,0.0030348999425768852,0.0001039999770000577
0.0,Linear BTL,16,178,,-0.08909033209015557,0,0.0,0.0,0.0,0,0,0,,,,0.0006928999209776521,0.0008311000419780612,4.6900007873773575e-05,0.026216599973849952,0.046301000053063035,0.19281060004141182,0.0060643000761047006,0.007738200016319752,0.0002693000715225935
0.0,Linear BTL,17,195,,-0.005790481177383176,0,0.0,0.0,0.0,0,0,0,,,,0.0016931999707594514,0.0018820000113919377,9.489990770816803e-05,0.04717729997355491,0.05254329997114837,0.0398217000765726,0.002907700021751225,0.003561899997293949,0.00017530005425214767
0.0,Linear BTL,18,213,,-0.3506243241396001,0,0.0,0.0,0.0,0,0,0,,,,0.0007300999714061618,0.0012437999248504639,5.880009848624468e-05,0.030327899963594973,0.043086899910122156,0.026040199911221862,0.0032396999886259437,0.0028067000675946474,0.00010499998461455107
0.0,Linear BTL,19,232,,-0.00028718959499997396,0,0.0,0.0,0.0,0,0,0,,,,0.0007034000009298325,0.0008599000284448266,4.610000178217888e-05,0.028990200022235513,0.04520679998677224,0.0524219999788329,0.002917999983765185,0.0027956999838352203,0.00010299996938556433
0.1,LP2 ($\theta$ Only),0,42,0.0,,0,0.0,0.0,0.0,0,0,0,0.0,0.0,100.0,0.0009283000836148858,0.001184999942779541,0.00014350004494190216,0.04176759999245405,0.06314790004398674,0.027582100010477006,0.0034682999830693007,0.006093599949963391,0.0002722999779507518
0.1,LP2 ($\theta$ Only),1,43,0.0,,0,0.0,0.0,0.0,0,0,0,0.0,0.0,100.0,0.0009136999724432826,0.0007861999329179525,4.7200010158121586e-05,0.0300705999834463,0.040978900040499866,0.050760500016622245,0.0029775999719277024,0.003491099923849106,0.00011370005086064339
0.1,LP2 ($\theta$ Only),2,45,0.0,,0,0.0,0.0,0.0,0,0,0,0.0,0.0,100.0,0.0007615000940859318,0.0009361999109387398,4.7200010158121586e-05,0.0331683000549674,0.050767899956554174,0.03313719993457198,0.0029903999529778957,0.002930999966338277,0.0001841000048443675
0.1,LP2 ($\theta$ Only),3,48,0.0,,0,0.0,0.0,0.0,0,0,0,0.0,0.0,100.0,0.0007603999692946672,0.0008276998996734619,4.800001624971628e-05,0.03377470001578331,0.04476489999797195,0.04591240000445396,0.0029491999885067344,0.002814900013618171,0.00010219996329396963
0.1,LP2 ($\theta$ Only),4,52,0.0,,0,0.0,0.0,0.0,0,0,0,0.0,0.0,100.0,0.0007602999685332179,0.00091559998691082,8.860009256750345e-05,0.04477519995998591,0.05590699997264892,0.1287866000784561,0.004782300093211234,0.008415099931880832,0.00024199998006224632
0.1,LP2 ($\theta$ Only),5,57,0.0,,0,0.0,0.0,0.0,0,0,0,0.0,0.0,100.0,0.00133050000295043,0.0016662999987602234,8.289993274956942e-05,0.06847530009690672,0.09599439997691661,0.0962767000310123,0.006133500020951033,0.006485399906523526,0.00036069995258003473
0.1,LP2 ($\theta$ Only),6,63,0.0,,0,0.0,0.0,0.0,0,0,0,0.0,0.0,100.0,0.0062651000916957855,0.00196020002476871,7.90000194683671e-05,0.06448770000133663,0.09195170004386455,0.052338199922814965,0.005907199927605689,0.005450199940241873,0.00027840002439916134
0.1,LP2 ($\theta$ Only),7,70,0.0,,0,0.0,0.0,0.0,0,0,0,0.0,0.0,100.0,0.0021373999770730734,0.0023973999777808785,9.079999290406704e-05,0.06033989996649325,0.08501490007620305,0.05992629996035248,0.006416300078853965,0.007732800091616809,0.00023470004089176655
0.1,LP2 ($\theta$ Only),8,78,0.0,,0,0.0,0.0,0.0,0,0,0,0.0,0.0,100.0,0.001165800029411912,0.0009762999834492803,7.740000728517771e-05,0.05285680002998561,0.07496859994716942,0.042445900035090744,0.004124099970795214,0.005670200102031231,0.0002886999864131212
0.1,LP2 ($\theta$ Only),9,87,0.0,,0,0.0,0.0,0.0,0,0,0,0.0,0.0,100.0,0.0014221000019460917,0.002101200050674379,8.420005906373262e-05,0.04529300006106496,0.0914848999818787,0.08216549991630018,0.005446600029245019,0.006527399993501604,0.0002786999102681875
0.1,LP2 ($\theta$ Only),10,97,0.0,,0,0.0,0.0,0.0,0,0,0,0.0,0.0,100.0,0.001420999993570149,0.001979400054551661,8.409994188696146e-05,0.03160979994572699,0.0469414999242872,0.04651439993176609,0.0041458000196143985,0.003312499960884452,0.0001841000048443675
0.1,LP2 ($\theta$ Only),11,108,0.0,,0,0.0,0.0,0.0,0,0,0,0.0,0.0,100.0,0.0007530999137088656,0.0009006999898701906,8.290004916489124e-05,0.0326519999653101,0.04464169999118894,0.0325727000599727,0.005256199976429343,0.0032794999424368143,0.0001914000604301691
0.1,LP2 ($\theta$ Only),12,120,0.0,,0,0.0,0.0,0.0,0,0,0,0.0,0.0,100.0,0.0007515000179409981,0.0008883000118657947,4.979991354048252e-05,0.03916909999679774,0.039316900074481964,0.050030300044454634,0.005710200057365,0.0038418000331148505,0.00019049993716180325
0.1,LP2 ($\theta$ Only),13,133,0.0,,0,0.0,0.0,0.0,0,0,0,0.0,0.0,100.0,0.0007428999524563551,0.0008799999486654997,5.809997674077749e-05,0.033563700038939714,0.038679299992509186,0.03886680002324283,0.004055700032040477,0.003581299912184477,0.000269399955868721
0.1,LP2 ($\theta$ Only),14,147,0.0,,0,0.0,0.0,0.0,0,0,0,0.0,0.0,100.0,0.0016590000595897436,0.0017597000114619732,5.250005051493645e-05,0.03892880002968013,0.03911300003528595,0.08202010008972138,0.0037085000658407807,0.0033991000382229686,0.0001121999230235815
0.1,LP2 ($\theta$ Only),15,162,0.0,,0,0.0,0.0,0.0,0,0,0,0.0,0.0,100.0,0.0007584999548271298,0.0008641000604256988,4.630000330507755e-05,0.026443100068718195,0.04156470007728785,0.03196880000177771,0.003647100063972175,0.003040499985218048,0.00012010009959340096
0.1,LP2 ($\theta$ Only),16,178,0.0,,0,0.0,0.0,0.0,0,0,0,0.0,0.0,100.0,0.0007969000143930316,0.00090230000205338,4.850002005696297e-05,0.028114399989135563,0.04560710000805557,0.03766520007047802,0.0029615999665111303,0.0027941999724134803,0.00010770000517368317
0.1,LP2 ($\theta$ Only),17,195,0.0,,0,0.0,0.0,0.0,0,0,0,0.0,0.0,100.0,0.0011699000606313348,0.0010645999573171139,5.909998435527086e-05,0.02698719990439713,0.04674949997570366,0.03948750009294599,0.0038941000821068883,0.002946500084362924,0.0001097000204026699
0.1,LP2 ($\theta$ Only),18,213,0.0,,0,0.0,0.0,0.0,0,0,0,0.0,0.0,100.0,0.0007642999989911914,0.0009160999907180667,4.740001168102026e-05,0.026977599947713315,0.041018799995072186,0.09820160001982003,0.0060128000332042575,0.03874529991298914,0.000282399938441813
0.1,LP2 ($\theta$ Only),19,232,0.0,,0,0.0,0.0,0.0,0,0,0,0.0,0.0,100.0,0.03162090003024787,0.0022127999691292644,8.68999632075429e-05,0.04828389990143478,0.054278999916277826,0.02515620004851371,0.003052299958653748,0.0030228999676182866,0.00011619995348155499
0.1,LP3 ($\theta$ Only),0,42,0.0,,0,0.0,0.0,0.0,0,0,0,0.0,0.0,100.0,0.0009283000836148858,0.001184999942779541,0.00014350004494190216,0.04176759999245405,0.06314790004398674,0.027582100010477006,0.0034682999830693007,0.006093599949963391,0.0002722999779507518
0.1,LP3 ($\theta$ Only),1,43,0.0,,0,0.0,0.0,0.0,0,0,0,0.0,0.0,100.0,0.0009136999724432826,0.0007861999329179525,4.7200010158121586e-05,0.0300705999834463,0.040978900040499866,0.050760500016622245,0.0029775999719277024,0.003491099923849106,0.00011370005086064339
0.1,LP3 ($\theta$ Only),2,45,0.0,,0,0.0,0.0,0.0,0,0,0,0.0,0.0,100.0,0.0007615000940859318,0.0009361999109387398,4.7200010158121586e-05,0.0331683000549674,0.050767899956554174,0.03313719993457198,0.0029903999529778957,0.002930999966338277,0.0001841000048443675
0.1,LP3 ($\theta$ Only),3,48,0.0,,0,0.0,0.0,0.0,0,0,0,0.0,0.0,100.0,0.0007603999692946672,0.0008276998996734619,4.800001624971628e-05,0.03377470001578331,0.04476489999797195,0.04591240000445396,0.0029491999885067344,0.002814900013618171,0.00010219996329396963
0.1,LP3 ($\theta$ Only),4,52,0.0,,0,0.0,0.0,0.0,0,0,0,0.0,0.0,100.0,0.0007602999685332179,0.00091559998691082,8.860009256750345e-05,0.04477519995998591,0.05590699997264892,0.1287866000784561,0.004782300093211234,0.008415099931880832,0.00024199998006224632
0.1,LP3 ($\theta$ Only),5,57,0.0,,0,0.0,0.0,0.0,0,0,0,0.0,0.0,100.0,0.00133050000295043,0.0016662999987602234,8.289993274956942e-05,0.06847530009690672,0.09599439997691661,0.0962767000310123,0.006133500020951033,0.006485399906523526,0.00036069995258003473
0.1,LP3 ($\theta$ Only),6,63,0.0,,0,0.0,0.0,0.0,0,0,0,0.0,0.0,100.0,0.0062651000916957855,0.00196020002476871,7.90000194683671e-05,0.06448770000133663,0.09195170004386455,0.052338199922814965,0.005907199927605689,0.005450199940241873,0.00027840002439916134
0.1,LP3 ($\theta$ Only),7,70,0.0,,0,0.0,0.0,0.0,0,0,0,0.0,0.0,100.0,0.0021373999770730734,0.0023973999777808785,9.079999290406704e-05,0.06033989996649325,0.08501490007620305,0.05992629996035248,0.006416300078853965,0.007732800091616809,0.00023470004089176655
0.1,LP3 ($\theta$ Only),8,78,0.0,,0,0.0,0.0,0.0,0,0,0,0.0,0.0,100.0,0.001165800029411912,0.0009762999834492803,7.740000728517771e-05,0.05285680002998561,0.07496859994716942,0.042445900035090744,0.004124099970795214,0.005670200102031231,0.0002886999864131212
0.1,LP3 ($\theta$ Only),9,87,0.0,,0,0.0,0.0,0.0,0,0,0,0.0,0.0,100.0,0.0014221000019460917,0.002101200050674379,8.420005906373262e-05,0.04529300006106496,0.0914848999818787,0.08216549991630018,0.005446600029245019,0.006527399993501604,0.0002786999102681875
0.1,LP3 ($\theta$ Only),10,97,0.0,,0,0.0,0.0,0.0,0,0,0,0.0,0.0,100.0,0.001420999993570149,0.001979400054551661,8.409994188696146e-05,0.03160979994572699,0.0469414999242872,0.04651439993176609,0.0041458000196143985,0.003312499960884452,0.0001841000048443675
0.1,LP3 ($\theta$ Only),11,108,0.0,,0,0.0,0.0,0.0,0,0,0,0.0,0.0,100.0,0.0007530999137088656,0.0009006999898701906,8.290004916489124e-05,0.0326519999653101,0.04464169999118894,0.0325727000599727,0.005256199976429343,0.0032794999424368143,0.0001914000604301691
0.1,LP3 ($\theta$ Only),12,120,0.0,,0,0.0,0.0,0.0,0,0,0,0.0,0.0,100.0,0.0007515000179409981,0.0008883000118657947,4.979991354048252e-05,0.03916909999679774,0.039316900074481964,0.050030300044454634,0.005710200057365,0.0038418000331148505,0.00019049993716180325
0.1,LP3 ($\theta$ Only),13,133,0.0,,0,0.0,0.0,0.0,0,0,0,0.0,0.0,100.0,0.0007428999524563551,0.0008799999486654997,5.809997674077749e-05,0.033563700038939714,0.038679299992509186,0.03886680002324283,0.004055700032040477,0.003581299912184477,0.000269399955868721
0.1,LP3 ($\theta$ Only),14,147,0.0,,0,0.0,0.0,0.0,0,0,0,0.0,0.0,100.0,0.0016590000595897436,0.0017597000114619732,5.250005051493645e-05,0.03892880002968013,0.03911300003528595,0.08202010008972138,0.0037085000658407807,0.0033991000382229686,0.0001121999230235815
0.1,LP3 ($\theta$ Only),15,162,0.0,,0,0.0,0.0,0.0,0,0,0,0.0,0.0,100.0,0.0007584999548271298,0.0008641000604256988,4.630000330507755e-05,0.026443100068718195,0.04156470007728785,0.03196880000177771,0.003647100063972175,0.003040499985218048,0.00012010009959340096
0.1,LP3 ($\theta$ Only),16,178,0.0,,0,0.0,0.0,0.0,0,0,0,0.0,0.0,100.0,0.0007969000143930316,0.00090230000205338,4.850002005696297e-05,0.028114399989135563,0.04560710000805557,0.03766520007047802,0.0029615999665111303,0.0027941999724134803,0.00010770000517368317
0.1,LP3 ($\theta$ Only),17,195,0.0,,0,0.0,0.0,0.0,0,0,0,0.0,0.0,100.0,0.0011699000606313348,0.0010645999573171139,5.909998435527086e-05,0.02698719990439713,0.04674949997570366,0.03948750009294599,0.0038941000821068883,0.002946500084362924,0.0001097000204026699
0.1,LP3 ($\theta$ Only),18,213,0.0,,0,0.0,0.0,0.0,0,0,0,0.0,0.0,100.0,0.0007642999989911914,0.0009160999907180667,4.740001168102026e-05,0.026977599947713315,0.041018799995072186,0.09820160001982003,0.0060128000332042575,0.03874529991298914,0.000282399938441813
0.1,LP3 ($\theta$ Only),19,232,0.0,,0,0.0,0.0,0.0,0,0,0,0.0,0.0,100.0,0.03162090003024787,0.0022127999691292644,8.68999632075429e-05,0.04828389990143478,0.054278999916277826,0.02515620004851371,0.003052299958653748,0.0030228999676182866,0.00011619995348155499
0.1,Linear BTL,0,42,,-4.805266556994992,0,0.0,0.0,0.0,0,0,0,,,,0.0009283000836148858,0.001184999942779541,0.00014350004494190216,0.04176759999245405,0.06314790004398674,0.027582100010477006,0.0034682999830693007,0.006093599949963391,0.0002722999779507518
0.1,Linear BTL,1,43,,-4.782872500401302,0,6.666666666666667,0.0,50.0,1,0,1,,,,0.0009136999724432826,0.0007861999329179525,4.7200010158121586e-05,0.0300705999834463,0.040978900040499866,0.050760500016622245,0.0029775999719277024,0.003491099923849106,0.00011370005086064339
0.1,Linear BTL,2,45,,-1.9110089194284194,0,0.0,0.0,0.0,0,0,0,,,,0.0007615000940859318,0.0009361999109387398,4.7200010158121586e-05,0.0331683000549674,0.050767899956554174,0.03313719993457198,0.0029903999529778957,0.002930999966338277,0.0001841000048443675
0.1,Linear BTL,3,48,,-0.00584863440228051,0,0.0,0.0,0.0,0,0,0,,,,0.0007603999692946672,0.0008276998996734619,4.800001624971628e-05,0.03377470001578331,0.04476489999797195,0.04591240000445396,0.0029491999885067344,0.002814900013618171,0.00010219996329396963
0.1,Linear BTL,4,52,,-3.270004280993716e-05,0,0.0,0.0,0.0,0,0,0,,,,0.0007602999685332179,0.00091559998691082,8.860009256750345e-05,0.04477519995998591,0.05590699997264892,0.1287866000784561,0.004782300093211234,0.008415099931880832,0.00024199998006224632
0.1,Linear BTL,5,57,,-0.12343012861936739,0,0.0,0.0,0.0,0,0,0,,,,0.00133050000295043,0.0016662999987602234,8.289993274956942e-05,0.06847530009690672,0.09599439997691661,0.0962767000310123,0.006133500020951033,0.006485399906523526,0.00036069995258003473
0.1,Linear BTL,6,63,,-7.718800786963378,0,0.0,0.0,0.0,0,0,0,,,,0.0062651000916957855,0.00196020002476871,7.90000194683671e-05,0.06448770000133663,0.09195170004386455,0.052338199922814965,0.005907199927605689,0.005450199940241873,0.00027840002439916134
0.1,Linear BTL,7,70,,-1.915604200362227,0,0.0,0.0,0.0,0,0,0,,,,0.0021373999770730734,0.0023973999777808785,9.079999290406704e-05,0.06033989996649325,0.08501490007620305,0.05992629996035248,0.006416300078853965,0.007732800091616809,0.00023470004089176655
0.1,Linear BTL,8,78,,-1.9096717492239834,0,0.0,0.0,0.0,0,0,0,,,,0.001165800029411912,0.0009762999834492803,7.740000728517771e-05,0.05285680002998561,0.07496859994716942,0.042445900035090744,0.004124099970795214,0.005670200102031231,0.0002886999864131212
0.1,Linear BTL,9,87,,-4.237108667421939,0,0.0,0.0,0.0,0,0,0,,,,0.0014221000019460917,0.002101200050674379,8.420005906373262e-05,0.04529300006106496,0.0914848999818787,0.08216549991630018,0.005446600029245019,0.006527399993501604,0.0002786999102681875
0.1,Linear BTL,10,97,,-1.9099226908547065,0,0.0,0.0,0.0,0,0,0,,,,0.001420999993570149,0.001979400054551661,8.409994188696146e-05,0.03160979994572699,0.0469414999242872,0.04651439993176609,0.0041458000196143985,0.003312499960884452,0.0001841000048443675
0.1,Linear BTL,11,108,,-11.453625060841272,0,6.666666666666667,0.0,20.0,1,0,1,,,,0.0007530999137088656,0.0009006999898701906,8.290004916489124e-05,0.0326519999653101,0.04464169999118894,0.0325727000599727,0.005256199976429343,0.0032794999424368143,0.0001914000604301691
0.1,Linear BTL,12,120,,-4.237205735313176,0,0.0,0.0,0.0,0,0,0,,,,0.0007515000179409981,0.0008883000118657947,4.979991354048252e-05,0.03916909999679774,0.039316900074481964,0.050030300044454634,0.005710200057365,0.0038418000331148505,0.00019049993716180325
0.1,Linear BTL,13,133,,-4.237105524302445,0,0.0,0.0,0.0,0,0,0,,,,0.0007428999524563551,0.0008799999486654997,5.809997674077749e-05,0.033563700038939714,0.038679299992509186,0.03886680002324283,0.004055700032040477,0.003581299912184477,0.000269399955868721
0.1,Linear BTL,14,147,,-1.9499422264630524,0,0.0,0.0,0.0,0,0,0,,,,0.0016590000595897436,0.0017597000114619732,5.250005051493645e-05,0.03892880002968013,0.03911300003528595,0.08202010008972138,0.0037085000658407807,0.0033991000382229686,0.0001121999230235815
0.1,Linear BTL,15,162,,-6.478312223709096,0,0.0,0.0,0.0,0,0,0,,,,0.0007584999548271298,0.0008641000604256988,4.630000330507755e-05,0.026443100068718195,0.04156470007728785,0.03196880000177771,0.003647100063972175,0.003040499985218048,0.00012010009959340096
0.1,Linear BTL,16,178,,-1.910114660428458,0,0.0,0.0,0.0,0,0,0,,,,0.0007969000143930316,0.00090230000205338,4.850002005696297e-05,0.028114399989135563,0.04560710000805557,0.03766520007047802,0.0029615999665111303,0.0027941999724134803,0.00010770000517368317
0.1,Linear BTL,17,195,,-1.909546153008769,0,0.0,0.0,0.0,0,0,0,,,,0.0011699000606313348,0.0010645999573171139,5.909998435527086e-05,0.02698719990439713,0.04674949997570366,0.03948750009294599,0.0038941000821068883,0.002946500084362924,0.0001097000204026699
0.1,Linear BTL,18,213,,-1.9163057036075863,0,0.0,0.0,0.0,0,0,0,,,,0.0007642999989911914,0.0009160999907180667,4.740001168102026e-05,0.026977599947713315,0.041018799995072186,0.09820160001982003,0.0060128000332042575,0.03874529991298914,0.000282399938441813
0.1,Linear BTL,19,232,,-7.124341695198258,0,6.666666666666667,0.0,33.333333333333336,1,0,1,,,,0.03162090003024787,0.0022127999691292644,8.68999632075429e-05,0.04828389990143478,0.054278999916277826,0.02515620004851371,0.003052299958653748,0.0030228999676182866,0.00011619995348155499
0.2,LP2 ($\theta$ Only),0,42,0.0,,0,0.0,0.0,0.0,0,0,0,0.0,0.0,100.0,0.001836499897763133,0.0021102000027894974,9.829993359744549e-05,0.05152860004454851,0.05713650002144277,0.045952800079248846,0.003379100002348423,0.00403589999768883,0.0005103000439703465
0.2,LP2 ($\theta$ Only),1,43,0.0,,0,0.0,0.0,0.0,0,0,0,0.0,0.0,100.0,0.001032099942676723,0.0007941999938338995,4.859990440309048e-05,0.028075600042939186,0.04093499993905425,0.038929899921640754,0.0036799999652430415,0.0037462000036612153,0.00019349996000528336
0.2,LP2 ($\theta$ Only),2,45,0.0,,0,0.0,0.0,0.0,0,0,0,0.0,0.0,100.0,0.0007568000582978129,0.0009085000492632389,4.7200010158121586e-05,0.02722439996432513,0.04725420009344816,0.054867599974386394,0.0029223000165075064,0.002773100044578314,0.00010619999375194311
0.2,LP2 ($\theta$ Only),3,48,0.0,,0,0.0,0.0,0.0,0,0,0,0.0,0.0,100.0,0.0007524000247940421,0.0009235000470653176,4.5900000259280205e-05,0.02972690004389733,0.04788080009166151,0.045343900099396706,0.009151900070719421,0.0028346000472083688,0.00010830000974237919
0.2,LP2 ($\theta$ Only),4,52,0.0,,0,0.0,0.0,0.0,0,0,0,0.0,0.0,100.0,0.0009114999556913972,0.0009415000677108765,5.339994095265865e-05,0.035109999938867986,0.07127590000163764,0.06783429998904467,0.006429300061427057,0.00383129995316267,0.0003269999288022518
0.2,LP2 ($\theta$ Only),5,57,0.0,,0,0.0,0.0,0.0,0,0,0,0.0,0.0,100.0,0.001154000055976212,0.002177200047299266,8.750008419156075e-05,0.04498849995434284,0.05520249996334314,0.03973099996801466,0.004023700021207333,0.0055068000219762325,0.00011100003030151129
0.2,LP2 ($\theta$ Only),6,63,0.0,,2,0.0,0.0,0.0,0,0,0,0.0,0.0,100.0,0.0007519000209867954,0.0008462999248877168,0.0001265000319108367,0.033326199976727366,0.041000899975188076,0.04399789997842163,0.002934600110165775,0.0033011999912559986,0.00016629998572170734
0.2,LP2 ($\theta$ Only),7,70,0.0,,0,0.0,0.0,0.0,0,0,0,0.0,0.0,100.0,0.0007530000293627381,0.0018736000638455153,6.980006583034992e-05,0.04265389998909086,0.0486193000106141,0.05124669999349862,0.003924599965102971,0.004591099917888641,0.00011100003030151129
0.2,LP2 ($\theta$ Only),8,78,0.0,,0,0.0,0.0,0.0,0,0,0,0.0,0.0,100.0,0.003480499959550798,0.0008905000286176801,4.770001396536827e-05,0.03594370000064373,0.04550280002877116,0.04726939997635782,0.003640600014477968,0.0028217999497428536,0.0001086000120267272
0.2,LP2 ($\theta$ Only),9,87,0.0,,0,0.0,0.0,0.0,0,0,0,0.0,0.0,100.0,0.0009527000365778804,0.0009341000113636255,4.9600028432905674e-05,0.04595480009447783,0.044102099956944585,0.02911459992174059,0.003293100045993924,0.0031690000323578715,0.00011669995728880167
0.2,LP2 ($\theta$ Only),10,97,0.0,,0,0.0,0.0,0.0,0,0,0,0.0,0.0,100.0,0.0008231999818235636,0.000981000019237399,5.310005508363247e-05,0.03714100003708154,0.03901910001877695,0.02605990006122738,0.006139899953268468,0.0028711999766528606,0.00010840001050382853
0.2,LP2 ($\theta$ Only),11,108,0.0,,2,0.0,0.0,0.0,0,0,0,0.0,0.0,100.0,0.0009321999968960881,0.0009483000030741096,0.00013979990035295486,0.03190639999229461,0.037273599999025464,0.03099970007315278,0.0027532000094652176,0.002643299987539649,9.839993435889482e-05
0.2,LP2 ($\theta$ Only),12,120,0.0,,0,0.0,0.0,0.0,0,0,0,0.0,0.0,100.0,0.0007944999961182475,0.0008302999194711447,4.75000124424696e-05,0.03262299997732043,0.04075020004529506,0.04269060003571212,0.0029833000153303146,0.002822499955072999,0.00010439998004585505
0.2,LP2 ($\theta$ Only),13,133,0.0,,0,0.0,0.0,0.0,0,0,0,0.0,0.0,100.0,0.0008280000183731318,0.0008744000224396586,4.780001472681761e-05,0.03503279993310571,0.04229440004564822,0.02261809993069619,0.002885799971409142,0.002740300027653575,0.00010609999299049377
0.2,LP2 ($\theta$ Only),14,147,0.0,,0,0.0,0.0,0.0,0,0,0,0.0,0.0,100.0,0.0023252000100910664,0.000981799908913672,6.740004755556583e-05,0.03987450001295656,0.05309269996359944,0.03296560002490878,0.0028961999341845512,0.0043805999448522925,0.0002734999870881438
0.2,LP2 ($\theta$ Only),15,162,0.0,,0,0.0,0.0,0.0,0,0,0,0.0,0.0,100.0,0.0011006999993696809,0.0012540000025182962,5.889998283237219e-05,0.03817930002696812,0.04524389992002398,0.023500399896875024,0.0034084999933838844,0.0027611999539658427,0.00010659999679774046
0.2,LP2 ($\theta$ Only),16,178,0.0,,0,0.0,0.0,0.0,0,0,0,0.0,0.0,100.0,0.0007469999836757779,0.0008566000033169985,4.600000102072954e-05,0.029704199987463653,0.04431600007228553,0.050059900037012994,0.005997100030072033,0.0029124999418854713,0.00010810000821948051
0.2,LP2 ($\theta$ Only),17,195,0.0,,0,0.0,0.0,0.0,0,0,0,0.0,0.0,100.0,0.0009249999420717359,0.0008242001058533788,4.910002462565899e-05,0.029455600073561072,0.05357620003633201,0.03175990004092455,0.0029545999132096767,0.00281660002656281,0.00010639999527484179
0.2,LP2 ($\theta$ Only),18,213,0.0,,0,0.0,0.0,0.0,0,0,0,0.0,0.0,100.0,0.0008284000214189291,0.0009078999282792211,4.6900007873773575e-05,0.033059700042940676,0.04652079998049885,0.034741399926133454,0.0029511000029742718,0.003591199987567961,0.00010909989941865206
0.2,LP2 ($\theta$ Only),19,232,0.0,,0,0.0,0.0,0.0,0,0,0,0.0,0.0,100.0,0.0036521999863907695,0.0010491000721231103,5.949998740106821e-05,0.034812400001101196,0.04095009993761778,0.026805600035004318,0.0029844000237062573,0.006022499990649521,0.00011269992683082819
0.2,LP3 ($\theta$ Only),0,42,0.0,,0,0.0,0.0,0.0,0,0,0,0.0,0.0,100.0,0.001836499897763133,0.0021102000027894974,9.829993359744549e-05,0.05152860004454851,0.05713650002144277,0.045952800079248846,0.003379100002348423,0.00403589999768883,0.0005103000439703465
0.2,LP3 ($\theta$ Only),1,43,0.0,,0,0.0,0.0,0.0,0,0,0,0.0,0.0,100.0,0.001032099942676723,0.0007941999938338995,4.859990440309048e-05,0.028075600042939186,0.04093499993905425,0.038929899921640754,0.0036799999652430415,0.0037462000036612153,0.00019349996000528336
0.2,LP3 ($\theta$ Only),2,45,0.0,,0,0.0,0.0,0.0,0,0,0,0.0,0.0,100.0,0.0007568000582978129,0.0009085000492632389,4.7200010158121586e-05,0.02722439996432513,0.04725420009344816,0.054867599974386394,0.0029223000165075064,0.002773100044578314,0.00010619999375194311
0.2,LP3 ($\theta$ Only),3,48,0.0,,0,0.0,0.0,0.0,0,0,0,0.0,0.0,100.0,0.0007524000247940421,0.0009235000470653176,4.5900000259280205e-05,0.02972690004389733,0.04788080009166151,0.045343900099396706,0.009151900070719421,0.0028346000472083688,0.00010830000974237919
0.2,LP3 ($\theta$ Only),4,52,0.0,,0,0.0,0.0,0.0,0,0,0,0.0,0.0,100.0,0.0009114999556913972,0.0009415000677108765,5.339994095265865e-05,0.035109999938867986,0.07127590000163764,0.06783429998904467,0.006429300061427057,0.00383129995316267,0.0003269999288022518
0.2,LP3 ($\theta$ Only),5,57,0.0,,0,0.0,0.0,0.0,0,0,0,0.0,0.0,100.0,0.001154000055976212,0.002177200047299266,8.750008419156075e-05,0.04498849995434284,0.05520249996334314,0.03973099996801466,0.004023700021207333,0.0055068000219762325,0.00011100003030151129
0.2,LP3 ($\theta$ Only),6,63,0.0,,2,0.0,0.0,0.0,0,0,0,0.0,0.0,100.0,0.0007519000209867954,0.0008462999248877168,0.0001265000319108367,0.033326199976727366,0.041000899975188076,0.04399789997842163,0.002934600110165775,0.0033011999912559986,0.00016629998572170734
0.2,LP3 ($\theta$ Only),7,70,0.0,,0,0.0,0.0,0.0,0,0,0,0.0,0.0,100.0,0.0007530000293627381,0.0018736000638455153,6.980006583034992e-05,0.04265389998909086,0.0486193000106141,0.05124669999349862,0.003924599965102971,0.004591099917888641,0.00011100003030151129
0.2,LP3 ($\theta$ Only),8,78,0.0,,0,0.0,0.0,0.0,0,0,0,0.0,0.0,100.0,0.003480499959550798,0.0008905000286176801,4.770001396536827e-05,0.03594370000064373,0.04550280002877116,0.04726939997635782,0.003640600014477968,0.0028217999497428536,0.0001086000120267272
0.2,LP3 ($\theta$ Only),9,87,0.0,,0,0.0,0.0,0.0,0,0,0,0.0,0.0,100.0,0.0009527000365778804,0.0009341000113636255,4.9600028432905674e-05,0.04595480009447783,0.044102099956944585,0.02911459992174059,0.003293100045993924,0.0031690000323578715,0.00011669995728880167
0.2,LP3 ($\theta$ Only),10,97,0.0,,0,0.0,0.0,0.0,0,0,0,0.0,0.0,100.0,0.0008231999818235636,0.000981000019237399,5.310005508363247e-05,0.03714100003708154,0.03901910001877695,0.02605990006122738,0.006139899953268468,0.0028711999766528606,0.00010840001050382853
0.2,LP3 ($\theta$ Only),11,108,0.0,,2,0.0,0.0,0.0,0,0,0,0.0,0.0,100.0,0.0009321999968960881,0.0009483000030741096,0.00013979990035295486,0.03190639999229461,0.037273599999025464,0.03099970007315278,0.0027532000094652176,0.002643299987539649,9.839993435889482e-05
0.2,LP3 ($\theta$ Only),12,120,0.0,,0,0.0,0.0,0.0,0,0,0,0.0,0.0,100.0,0.0007944999961182475,0.0008302999194711447,4.75000124424696e-05,0.03262299997732043,0.04075020004529506,0.04269060003571212,0.0029833000153303146,0.002822499955072999,0.00010439998004585505
0.2,LP3 ($\theta$ Only),13,133,0.0,,0,0.0,0.0,0.0,0,0,0,0.0,0.0,100.0,0.0008280000183731318,0.0008744000224396586,4.780001472681761e-05,0.03503279993310571,0.04229440004564822,0.02261809993069619,0.002885799971409142,0.002740300027653575,0.00010609999299049377
0.2,LP3 ($\theta$ Only),14,147,0.0,,0,0.0,0.0,0.0,0,0,0,0.0,0.0,100.0,0.0023252000100910664,0.000981799908913672,6.740004755556583e-05,0.03987450001295656,0.05309269996359944,0.03296560002490878,0.0028961999341845512,0.0043805999448522925,0.0002734999870881438
0.2,LP3 ($\theta$ Only),15,162,0.0,,0,0.0,0.0,0.0,0,0,0,0.0,0.0,100.0,0.0011006999993696809,0.0012540000025182962,5.889998283237219e-05,0.03817930002696812,0.04524389992002398,0.023500399896875024,0.0034084999933838844,0.0027611999539658427,0.00010659999679774046
0.2,LP3 ($\theta$ Only),16,178,0.0,,0,0.0,0.0,0.0,0,0,0,0.0,0.0,100.0,0.0007469999836757779,0.0008566000033169985,4.600000102072954e-05,0.029704199987463653,0.04431600007228553,0.050059900037012994,0.005997100030072033,0.0029124999418854713,0.00010810000821948051
0.2,LP3 ($\theta$ Only),17,195,0.0,,0,0.0,0.0,0.0,0,0,0,0.0,0.0,100.0,0.0009249999420717359,0.0008242001058533788,4.910002462565899e-05,0.029455600073561072,0.05357620003633201,0.03175990004092455,0.0029545999132096767,0.00281660002656281,0.00010639999527484179
0.2,LP3 ($\theta$ Only),18,213,0.0,,0,0.0,0.0,0.0,0,0,0,0.0,0.0,100.0,0.0008284000214189291,0.0009078999282792211,4.6900007873773575e-05,0.033059700042940676,0.04652079998049885,0.034741399926133454,0.0029511000029742718,0.003591199987567961,0.00010909989941865206
0.2,LP3 ($\theta$ Only),19,232,0.0,,0,0.0,0.0,0.0,0,0,0,0.0,0.0,100.0,0.0036521999863907695,0.0010491000721231103,5.949998740106821e-05,0.034812400001101196,0.04095009993761778,0.026805600035004318,0.0029844000237062573,0.006022499990649521,0.00011269992683082819
0.2,Linear BTL,0,42,,-13.113381435466728,0,0.0,0.0,0.0,0,0,0,,,,0.001836499897763133,0.0021102000027894974,9.829993359744549e-05,0.05152860004454851,0.05713650002144277,0.045952800079248846,0.003379100002348423,0.00403589999768883,0.0005103000439703465
0.2,Linear BTL,1,43,,-12.20199790098926,0,6.666666666666667,0.0,20.0,1,0,1,,,,0.001032099942676723,0.0007941999938338995,4.859990440309048e-05,0.028075600042939186,0.04093499993905425,0.038929899921640754,0.0036799999652430415,0.0037462000036612153,0.00019349996000528336
0.2,Linear BTL,2,45,,-6.146964587099588,0,0.0,0.0,0.0,0,0,0,,,,0.0007568000582978129,0.0009085000492632389,4.7200010158121586e-05,0.02722439996432513,0.04725420009344816,0.054867599974386394,0.0029223000165075064,0.002773100044578314,0.00010619999375194311
0.2,Linear BTL,3,48,,-5.169416546918528,0,0.0,0.0,0.0,0,0,0,,,,0.0007524000247940421,0.0009235000470653176,4.5900000259280205e-05,0.02972690004389733,0.04788080009166151,0.045343900099396706,0.009151900070719421,0.0028346000472083688,0.00010830000974237919
0.2,Linear BTL,4,52,,-4.237178891168037,0,0.0,0.0,0.0,0,0,0,,,,0.0009114999556913972,0.0009415000677108765,5.339994095265865e-05,0.035109999938867986,0.07127590000163764,0.06783429998904467,0.006429300061427057,0.00383129995316267,0.0003269999288022518
0.2,Linear BTL,5,57,,-4.030015635302251,0,0.0,0.0,0.0,0,0,0,,,,0.001154000055976212,0.002177200047299266,8.750008419156075e-05,0.04498849995434284,0.05520249996334314,0.03973099996801466,0.004023700021207333,0.0055068000219762325,0.00011100003030151129
0.2,Linear BTL,6,63,,-15.988964675172182,2,0.0,0.0,0.0,0,0,0,,,,0.0007519000209867954,0.0008462999248877168,0.0001265000319108367,0.033326199976727366,0.041000899975188076,0.04399789997842163,0.002934600110165775,0.0033011999912559986,0.00016629998572170734
0.2,Linear BTL,7,70,,-7.057703277669765,0,6.666666666666667,0.0,33.333333333333336,1,0,1,,,,0.0007530000293627381,0.0018736000638455153,6.980006583034992e-05,0.04265389998909086,0.0486193000106141,0.05124669999349862,0.003924599965102971,0.004591099917888641,0.00011100003030151129
0.2,Linear BTL,8,78,,-1.911576081291987,0,0.0,0.0,0.0,0,0,0,,,,0.003480499959550798,0.0008905000286176801,4.770001396536827e-05,0.03594370000064373,0.04550280002877116,0.04726939997635782,0.003640600014477968,0.0028217999497428536,0.0001086000120267272
0.2,Linear BTL,9,87,,-9.802477615194729,0,0.0,0.0,0.0,0,0,0,,,,0.0009527000365778804,0.0009341000113636255,4.9600028432905674e-05,0.04595480009447783,0.044102099956944585,0.02911459992174059,0.003293100045993924,0.0031690000323578715,0.00011669995728880167
0.2,Linear BTL,10,97,,-7.6918591049918685,0,0.0,0.0,0.0,0,0,0,,,,0.0008231999818235636,0.000981000019237399,5.310005508363247e-05,0.03714100003708154,0.03901910001877695,0.02605990006122738,0.006139899953268468,0.0028711999766528606,0.00010840001050382853
0.2,Linear BTL,11,108,,-21.38302808495087,2,0.0,0.0,0.0,0,0,0,,,,0.0009321999968960881,0.0009483000030741096,0.00013979990035295486,0.03190639999229461,0.037273599999025464,0.03099970007315278,0.0027532000094652176,0.002643299987539649,9.839993435889482e-05
0.2,Linear BTL,12,120,,-9.019904194668772,0,0.0,0.0,0.0,0,0,0,,,,0.0007944999961182475,0.0008302999194711447,4.75000124424696e-05,0.03262299997732043,0.04075020004529506,0.04269060003571212,0.0029833000153303146,0.002822499955072999,0.00010439998004585505
0.2,Linear BTL,13,133,,-7.637880395115719,0,0.0,0.0,0.0,0,0,0,,,,0.0008280000183731318,0.0008744000224396586,4.780001472681761e-05,0.03503279993310571,0.04229440004564822,0.02261809993069619,0.002885799971409142,0.002740300027653575,0.00010609999299049377
0.2,Linear BTL,14,147,,-1.9097924936154091,0,0.0,0.0,0.0,0,0,0,,,,0.0023252000100910664,0.000981799908913672,6.740004755556583e-05,0.03987450001295656,0.05309269996359944,0.03296560002490878,0.0028961999341845512,0.0043805999448522925,0.0002734999870881438
0.2,Linear BTL,15,162,,-8.991779874103669,0,6.666666666666667,0.0,25.0,1,0,1,,,,0.0011006999993696809,0.0012540000025182962,5.889998283237219e-05,0.03817930002696812,0.04524389992002398,0.023500399896875024,0.0034084999933838844,0.0027611999539658427,0.00010659999679774046
0.2,Linear BTL,16,178,,-5.945471864530584,0,0.0,0.0,0.0,0,0,0,,,,0.0007469999836757779,0.0008566000033169985,4.600000102072954e-05,0.029704199987463653,0.04431600007228553,0.050059900037012994,0.005997100030072033,0.0029124999418854713,0.00010810000821948051
0.2,Linear BTL,17,195,,-3.8261498610506335,0,0.0,0.0,0.0,0,0,0,,,,0.0009249999420717359,0.0008242001058533788,4.910002462565899e-05,0.029455600073561072,0.05357620003633201,0.03175990004092455,0.0029545999132096767,0.00281660002656281,0.00010639999527484179
0.2,Linear BTL,18,213,,-4.7978259334213655,0,6.666666666666667,0.0,50.0,1,0,1,,,,0.0008284000214189291,0.0009078999282792211,4.6900007873773575e-05,0.033059700042940676,0.04652079998049885,0.034741399926133454,0.0029511000029742718,0.003591199987567961,0.00010909989941865206
0.2,Linear BTL,19,232,,-16.064141673590267,0,6.666666666666667,0.0,14.285714285714286,1,0,1,,,,0.0036521999863907695,0.0010491000721231103,5.949998740106821e-05,0.034812400001101196,0.04095009993761778,0.026805600035004318,0.0029844000237062573,0.006022499990649521,0.00011269992683082819
0.3,LP2 ($\theta$ Only),0,42,0.0,,0,0.0,0.0,0.0,0,0,0,0.0,0.0,100.0,0.0014533000066876411,0.0021066999761387706,8.819997310638428e-05,0.0409118999959901,0.06703169993124902,0.04077259998302907,0.0035425000824034214,0.0034283000277355313,0.00021909992210566998
0.3,LP2 ($\theta$ Only),1,43,0.0,,0,0.0,0.0,0.0,0,0,0,0.0,0.0,100.0,0.0010368999792262912,0.001145699992775917,4.9600028432905674e-05,0.0276257999939844,0.06749629997648299,0.05792930000461638,0.0058469000505283475,0.0030963000608608127,0.00011040002573281527
0.3,LP2 ($\theta$ Only),2,45,0.0,,0,0.0,0.0,0.0,0,0,0,0.0,0.0,100.0,0.001013200031593442,0.0013290999922901392,6.220000796020031e-05,0.03936139994766563,0.05446219991426915,0.02557679999154061,0.0035692000528797507,0.0034014000557363033,0.0001838000025600195
0.3,LP2 ($\theta$ Only),3,48,0.0,,0,0.0,0.0,0.0,0,0,0,0.0,0.0,100.0,0.0007399999303743243,0.0008486999431625009,4.6200002543628216e-05,0.03684730001259595,0.048447899986058474,0.04413649998605251,0.0033051000209525228,0.0035800000187009573,0.004169599968008697
0.3,LP2 ($\theta$ Only),4,52,0.0,,0,0.0,0.0,0.0,0,0,0,0.0,0.0,100.0,0.0009783999994397163,0.0008515999652445316,4.8600020818412304e-05,0.08640799997374415,0.13062609999906272,0.03630789997987449,0.002892000018619001,0.0033173999981954694,0.00010579999070614576
0.3,LP2 ($\theta$ Only),5,57,0.0,,0,0.0,0.0,0.0,0,0,0,0.0,0.0,100.0,0.002630900009535253,0.0011799000203609467,6.059999577701092e-05,0.03494260006118566,0.05152620002627373,0.04240200005006045,0.004993600072339177,0.002798300003632903,0.0001086000120267272
0.3,LP2 ($\theta$ Only),6,63,0.0,,1,0.0,0.0,0.0,0,0,0,0.0,0.0,100.0,0.0007657000096514821,0.0009500999003648758,0.00011719996109604836,0.03031070006545633,0.05049709999002516,0.01881909999065101,0.0027447999455034733,0.0026213000528514385,0.00010179996024817228
0.3,LP2 ($\theta$ Only),7,70,0.0,,0,0.0,0.0,0.0,0,0,0,0.0,0.0,100.0,0.0008232999825850129,0.0036231999984011054,0.0001026000827550888,0.0410365000134334,0.057466399972327054,0.023626800044439733,0.0034079001052305102,0.0059874000726267695,0.00011100003030151129
0.3,LP2 ($\theta$ Only),8,78,0.0,,0,0.0,0.0,0.0,0,0,0,0.0,0.0,100.0,0.0007588999578729272,0.000825700000859797,4.740001168102026e-05,0.03777369996532798,0.05496109998784959,0.0407828000606969,0.0029152999632060528,0.0027660999912768602,0.00010629999451339245
0.3,LP2 ($\theta$ Only),9,87,0.0,,0,0.0,0.0,0.0,0,0,0,0.0,0.0,100.0,0.0007558000506833196,0.001334100030362606,4.950002767145634e-05,0.03033709991723299,0.046225399943068624,0.022989300079643726,0.0036765000550076365,0.002770099905319512,0.00010750000365078449
0.3,LP2 ($\theta$ Only),10,97,0.0,,2,0.0,0.0,0.0,0,0,0,0.0,0.0,100.0,0.0007662000134587288,0.0013207999290898442,0.00011599995195865631,0.026286999927833676,0.036617100005969405,0.020606699981726706,0.00271569995675236,0.0026715999701991677,0.0001238000113517046
0.3,LP2 ($\theta$ Only),11,108,0.0,,1,0.0,0.0,0.0,0,0,0,0.0,0.0,100.0,0.0007505000103265047,0.0010764999315142632,0.00015380000695586205,0.03528920002281666,0.04326780000701547,0.03082039998844266,0.0027487999759614468,0.0032526999711990356,0.00010429997928440571
0.3,LP2 ($\theta$ Only),12,120,0.0,,0,0.0,0.0,0.0,0,0,0,0.0,0.0,100.0,0.0016388999065384269,0.0009446999756619334,4.910002462565899e-05,0.029406300047412515,0.040546200005337596,0.04732240003068,0.0029494999907910824,0.0028062999481335282,0.00010710000060498714
0.3,LP2 ($\theta$ Only),13,133,0.0,,0,0.0,0.0,0.0,0,0,0,0.0,0.0,100.0,0.0007502000080421567,0.0008839999791234732,4.600000102072954e-05,0.029222600045613945,0.04248970001935959,0.028797800070606172,0.0038995000068098307,0.003759099985472858,0.00011289992835372686
0.3,LP2 ($\theta$ Only),14,147,0.0,,0,0.0,0.0,0.0,0,0,0,0.0,0.0,100.0,0.000758900074288249,0.0008446999127045274,4.730001091957092e-05,0.028645000071264803,0.047186800045892596,0.027160100056789815,0.0029072000179439783,0.0036982999881729484,0.00018510001245886087
0.3,LP2 ($\theta$ Only),15,162,0.0,,0,0.0,0.0,0.0,0,0,0,0.0,0.0,100.0,0.0013658000389114022,0.000849400064907968,4.780001472681761e-05,0.02798770007211715,0.0454890999244526,0.029673999990336597,0.0035531000467017293,0.0034327999455854297,0.00018540001474320889
0.3,LP2 ($\theta$ Only),16,178,0.0,,0,0.0,0.0,0.0,0,0,0,0.0,0.0,100.0,0.0012387000024318695,0.0013467000098899007,5.439994856715202e-05,0.028084399993531406,0.05154550005681813,0.041136099956929684,0.0029903999529778957,0.0028117999900132418,0.0001086000120267272
0.3,LP2 ($\theta$ Only),17,195,0.0,,0,0.0,0.0,0.0,0,0,0,0.0,0.0,100.0,0.0009627999970689416,0.0009323999984189868,4.75000124424696e-05,0.028842999949119985,0.04332810000050813,0.035588799975812435,0.003048500046133995,0.0028967000544071198,0.00010830000974237919
0.3,LP2 ($\theta$ Only),18,213,0.0,,0,0.0,0.0,0.0,0,0,0,0.0,0.0,100.0,0.0007426999509334564,0.0008492000633850694,4.7200010158121586e-05,0.05225319997407496,0.06929859996307641,0.03663079999387264,0.0029770999681204557,0.0028745000017806888,0.00010569998994469643
0.3,LP2 ($\theta$ Only),19,232,0.0,,2,0.0,0.0,0.0,0,0,0,0.0,0.0,100.0,0.0008909000316634774,0.0010089999996125698,0.00012539990711957216,0.02965419995598495,0.043122599949128926,0.020588599960319698,0.0026439999928697944,0.002500199945643544,9.829993359744549e-05
0.3,LP3 ($\theta$ Only),0,42,0.0,,0,0.0,0.0,0.0,0,0,0,0.0,0.0,100.0,0.0014533000066876411,0.0021066999761387706,8.819997310638428e-05,0.0409118999959901,0.06703169993124902,0.04077259998302907,0.0035425000824034214,0.0034283000277355313,0.00021909992210566998
0.3,LP3 ($\theta$ Only),1,43,0.0,,0,0.0,0.0,0.0,0,0,0,0.0,0.0,100.0,0.0010368999792262912,0.001145699992775917,4.9600028432905674e-05,0.0276257999939844,0.06749629997648299,0.05792930000461638,0.0058469000505283475,0.0030963000608608127,0.00011040002573281527
0.3,LP3 ($\theta$ Only),2,45,0.0,,0,0.0,0.0,0.0,0,0,0,0.0,0.0,100.0,0.001013200031593442,0.0013290999922901392,6.220000796020031e-05,0.03936139994766563,0.05446219991426915,0.02557679999154061,0.0035692000528797507,0.0034014000557363033,0.0001838000025600195
0.3,LP3 ($\theta$ Only),3,48,0.0,,0,0.0,0.0,0.0,0,0,0,0.0,0.0,100.0,0.0007399999303743243,0.0008486999431625009,4.6200002543628216e-05,0.03684730001259595,0.048447899986058474,0.04413649998605251,0.0033051000209525228,0.0035800000187009573,0.004169599968008697
0.3,LP3 ($\theta$ Only),4,52,0.0,,0,0.0,0.0,0.0,0,0,0,0.0,0.0,100.0,0.0009783999994397163,0.0008515999652445316,4.8600020818412304e-05,0.08640799997374415,0.13062609999906272,0.03630789997987449,0.002892000018619001,0.0033173999981954694,0.00010579999070614576
0.3,LP3 ($\theta$ Only),5,57,0.0,,0,0.0,0.0,0.0,0,0,0,0.0,0.0,100.0,0.002630900009535253,0.0011799000203609467,6.059999577701092e-05,0.03494260006118566,0.05152620002627373,0.04240200005006045,0.004993600072339177,0.002798300003632903,0.0001086000120267272
0.3,LP3 ($\theta$ Only),6,63,0.0,,1,0.0,0.0,0.0,0,0,0,0.0,0.0,100.0,0.0007657000096514821,0.0009500999003648758,0.00011719996109604836,0.03031070006545633,0.05049709999002516,0.01881909999065101,0.0027447999455034733,0.0026213000528514385,0.00010179996024817228
0.3,LP3 ($\theta$ Only),7,70,0.0,,0,0.0,0.0,0.0,0,0,0,0.0,0.0,100.0,0.0008232999825850129,0.0036231999984011054,0.0001026000827550888,0.0410365000134334,0.057466399972327054,0.023626800044439733,0.0034079001052305102,0.0059874000726267695,0.00011100003030151129
0.3,LP3 ($\theta$ Only),8,78,0.0,,0,0.0,0.0,0.0,0,0,0,0.0,0.0,100.0,0.0007588999578729272,0.000825700000859797,4.740001168102026e-05,0.03777369996532798,0.05496109998784959,0.0407828000606969,0.0029152999632060528,0.0027660999912768602,0.00010629999451339245
0.3,LP3 ($\theta$ Only),9,87,0.0,,0,0.0,0.0,0.0,0,0,0,0.0,0.0,100.0,0.0007558000506833196,0.001334100030362606,4.950002767145634e-05,0.03033709991723299,0.046225399943068624,0.022989300079643726,0.0036765000550076365,0.002770099905319512,0.00010750000365078449
0.3,LP3 ($\theta$ Only),10,97,0.0,,2,0.0,0.0,0.0,0,0,0,0.0,0.0,100.0,0.0007662000134587288,0.0013207999290898442,0.00011599995195865631,0.026286999927833676,0.036617100005969405,0.020606699981726706,0.00271569995675236,0.0026715999701991677,0.0001238000113517046
0.3,LP3 ($\theta$ Only),11,108,0.0,,1,0.0,0.0,0.0,0,0,0,0.0,0.0,100.0,0.0007505000103265047,0.0010764999315142632,0.00015380000695586205,0.03528920002281666,0.04326780000701547,0.03082039998844266,0.0027487999759614468,0.0032526999711990356,0.00010429997928440571
0.3,LP3 ($\theta$ Only),12,120,0.0,,0,0.0,0.0,0.0,0,0,0,0.0,0.0,100.0,0.0016388999065384269,0.0009446999756619334,4.910002462565899e-05,0.029406300047412515,0.040546200005337596,0.04732240003068,0.0029494999907910824,0.0028062999481335282,0.00010710000060498714
0.3,LP3 ($\theta$ Only),13,133,0.0,,0,0.0,0.0,0.0,0,0,0,0.0,0.0,100.0,0.0007502000080421567,0.0008839999791234732,4.600000102072954e-05,0.029222600045613945,0.04248970001935959,0.028797800070606172,0.0038995000068098307,0.003759099985472858,0.00011289992835372686
0.3,LP3 ($\theta$ Only),14,147,0.0,,0,0.0,0.0,0.0,0,0,0,0.0,0.0,100.0,0.000758900074288249,0.0008446999127045274,4.730001091957092e-05,0.028645000071264803,0.047186800045892596,0.027160100056789815,0.0029072000179439783,0.0036982999881729484,0.00018510001245886087
0.3,LP3 ($\theta$ Only),15,162,0.0,,0,0.0,0.0,0.0,0,0,0,0.0,0.0,100.0,0.0013658000389114022,0.000849400064907968,4.780001472681761e-05,0.02798770007211715,0.0454890999244526,0.029673999990336597,0.0035531000467017293,0.0034327999455854297,0.00018540001474320889
0.3,LP3 ($\theta$ Only),16,178,0.0,,0,0.0,0.0,0.0,0,0,0,0.0,0.0,100.0,0.0012387000024318695,0.0013467000098899007,5.439994856715202e-05,0.028084399993531406,0.05154550005681813,0.041136099956929684,0.0029903999529778957,0.0028117999900132418,0.0001086000120267272
0.3,LP3 ($\theta$ Only),17,195,0.0,,0,0.0,0.0,0.0,0,0,0,0.0,0.0,100.0,0.0009627999970689416,0.0009323999984189868,4.75000124424696e-05,0.028842999949119985,0.04332810000050813,0.035588799975812435,0.003048500046133995,0.0028967000544071198,0.00010830000974237919
0.3,LP3 ($\theta$ Only),18,213,0.0,,0,0.0,0.0,0.0,0,0,0,0.0,0.0,100.0,0.0007426999509334564,0.0008492000633850694,4.7200010158121586e-05,0.05225319997407496,0.06929859996307641,0.03663079999387264,0.0029770999681204557,0.0028745000017806888,0.00010569998994469643
0.3,LP3 ($\theta$ Only),19,232,0.0,,2,0.0,0.0,0.0,0,0,0,0.0,0.0,100.0,0.0008909000316634774,0.0010089999996125698,0.00012539990711957216,0.02965419995598495,0.043122599949128926,0.020588599960319698,0.0026439999928697944,0.002500199945643544,9.829993359744549e-05
0.3,Linear BTL,0,42,,-15.020320880457582,0,6.666666666666667,0.0,14.285714285714286,1,0,1,,,,0.0014533000066876411,0.0021066999761387706,8.819997310638428e-05,0.0409118999959901,0.06703169993124902,0.04077259998302907,0.0035425000824034214,0.0034283000277355313,0.00021909992210566998
0.3,Linear BTL,1,43,,-20.807590706232638,0,13.333333333333334,0.0,22.22222222222222,2,0,2,,,,0.0010368999792262912,0.001145699992775917,4.9600028432905674e-05,0.0276257999939844,0.06749629997648299,0.05792930000461638,0.0058469000505283475,0.0030963000608608127,0.00011040002573281527
0.3,Linear BTL,2,45,,-10.33990529494939,0,0.0,0.0,0.0,0,0,0,,,,0.001013200031593442,0.0013290999922901392,6.220000796020031e-05,0.03936139994766563,0.05446219991426915,0.02557679999154061,0.0035692000528797507,0.0034014000557363033,0.0001838000025600195
0.3,Linear BTL,3,48,,-11.156167904339359,0,6.666666666666667,0.0,20.0,1,0,1,,,,0.0007399999303743243,0.0008486999431625009,4.6200002543628216e-05,0.03684730001259595,0.048447899986058474,0.04413649998605251,0.0033051000209525228,0.0035800000187009573,0.004169599968008697
0.3,Linear BTL,4,52,,-4.237454902849583,0,0.0,0.0,0.0,0,0,0,,,,0.0009783999994397163,0.0008515999652445316,4.8600020818412304e-05,0.08640799997374415,0.13062609999906272,0.03630789997987449,0.002892000018619001,0.0033173999981954694,0.00010579999070614576
0.3,Linear BTL,5,57,,-6.6923633262033295,0,0.0,0.0,0.0,0,0,0,,,,0.002630900009535253,0.0011799000203609467,6.059999577701092e-05,0.03494260006118566,0.05152620002627373,0.04240200005006045,0.004993600072339177,0.002798300003632903,0.0001086000120267272
0.3,Linear BTL,6,63,,-20.60541528373394,1,14.285714285714286,0.0,25.0,2,0,2,,,,0.0007657000096514821,0.0009500999003648758,0.00011719996109604836,0.03031070006545633,0.05049709999002516,0.01881909999065101,0.0027447999455034733,0.0026213000528514385,0.00010179996024817228
0.3,Linear BTL,7,70,,-13.73880520111601,0,6.666666666666667,0.0,20.0,1,0,1,,,,0.0008232999825850129,0.0036231999984011054,0.0001026000827550888,0.0410365000134334,0.057466399972327054,0.023626800044439733,0.0034079001052305102,0.0059874000726267695,0.00011100003030151129
0.3,Linear BTL,8,78,,-4.869704302131089,0,0.0,0.0,0.0,0,0,0,,,,0.0007588999578729272,0.000825700000859797,4.740001168102026e-05,0.03777369996532798,0.05496109998784959,0.0407828000606969,0.0029152999632060528,0.0027660999912768602,0.00010629999451339245
0.3,Linear BTL,9,87,,-11.529742481123204,0,0.0,0.0,0.0,0,0,0,,,,0.0007558000506833196,0.001334100030362606,4.950002767145634e-05,0.03033709991723299,0.046225399943068624,0.022989300079643726,0.0036765000550076365,0.002770099905319512,0.00010750000365078449
0.3,Linear BTL,10,97,,-17.654165925553844,2,7.6923076923076925,0.0,25.0,1,0,1,,,,0.0007662000134587288,0.0013207999290898442,0.00011599995195865631,0.026286999927833676,0.036617100005969405,0.020606699981726706,0.00271569995675236,0.0026715999701991677,0.0001238000113517046
0.3,Linear BTL,11,108,,-21.936031735894222,1,0.0,0.0,0.0,0,0,0,,,,0.0007505000103265047,0.0010764999315142632,0.00015380000695586205,0.03528920002281666,0.04326780000701547,0.03082039998844266,0.0027487999759614468,0.0032526999711990356,0.00010429997928440571
0.3,Linear BTL,12,120,,-9.019904245470109,0,0.0,0.0,0.0,0,0,0,,,,0.0016388999065384269,0.0009446999756619334,4.910002462565899e-05,0.029406300047412515,0.040546200005337596,0.04732240003068,0.0029494999907910824,0.0028062999481335282,0.00010710000060498714
0.3,Linear BTL,13,133,,-11.17994568598434,0,6.666666666666667,0.0,25.0,1,0,1,,,,0.0007502000080421567,0.0008839999791234732,4.600000102072954e-05,0.029222600045613945,0.04248970001935959,0.028797800070606172,0.0038995000068098307,0.003759099985472858,0.00011289992835372686
0.3,Linear BTL,14,147,,-9.049857347145359,0,0.0,0.0,0.0,0,0,0,,,,0.000758900074288249,0.0008446999127045274,4.730001091957092e-05,0.028645000071264803,0.047186800045892596,0.027160100056789815,0.0029072000179439783,0.0036982999881729484,0.00018510001245886087
0.3,Linear BTL,15,162,,-12.209814004078195,0,13.333333333333334,0.0,40.0,2,0,2,,,,0.0013658000389114022,0.000849400064907968,4.780001472681761e-05,0.02798770007211715,0.0454890999244526,0.029673999990336597,0.0035531000467017293,0.0034327999455854297,0.00018540001474320889
0.3,Linear BTL,16,178,,-7.850395596036158,0,6.666666666666667,0.0,33.333333333333336,1,0,1,,,,0.0012387000024318695,0.0013467000098899007,5.439994856715202e-05,0.028084399993531406,0.05154550005681813,0.041136099956929684,0.0029903999529778957,0.0028117999900132418,0.0001086000120267272
0.3,Linear BTL,17,195,,-10.565132125371848,0,6.666666666666667,0.0,20.0,1,0,1,,,,0.0009627999970689416,0.0009323999984189868,4.75000124424696e-05,0.028842999949119985,0.04332810000050813,0.035588799975812435,0.003048500046133995,0.0028967000544071198,0.00010830000974237919
0.3,Linear BTL,18,213,,-5.787797725944351,0,0.0,0.0,0.0,0,0,0,,,,0.0007426999509334564,0.0008492000633850694,4.7200010158121586e-05,0.05225319997407496,0.06929859996307641,0.03663079999387264,0.0029770999681204557,0.0028745000017806888,0.00010569998994469643
0.3,Linear BTL,19,232,,-19.14096124619711,2,0.0,0.0,0.0,0,0,0,,,,0.0008909000316634774,0.0010089999996125698,0.00012539990711957216,0.02965419995598495,0.043122599949128926,0.020588599960319698,0.0026439999928697944,0.002500199945643544,9.829993359744549e-05
0.4,LP2 ($\theta$ Only),0,42,0.0,,0,0.0,0.0,0.0,0,0,0,0.0,0.0,100.0,0.0011678000446408987,0.0021075999829918146,8.79999715834856e-05,0.045611699926666915,0.0565285999327898,0.042285499977879226,0.0034317999379709363,0.0033143999753519893,0.00018500001169741154
0.4,LP2 ($\theta$ Only),1,43,0.0,,1,0.0,0.0,0.0,0,0,0,0.0,0.0,100.0,0.0007365000201389194,0.0008570000063627958,0.00011389993596822023,0.028113999986089766,0.04869570001028478,0.022765700006857514,0.004190500010736287,0.004142699996009469,0.00018019997514784336
0.4,LP2 ($\theta$ Only),2,45,0.0,,0,0.0,0.0,0.0,0,0,0,0.0,0.0,100.0,0.0007436000742018223,0.0008777999319136143,4.569999873638153e-05,0.028598400065675378,0.040444300044327974,0.020870200009085238,0.005032800021581352,0.004063399974256754,0.0001876999158412218
0.4,LP2 ($\theta$ Only),3,48,0.0,,0,0.0,0.0,0.0,0,0,0,0.0,0.0,100.0,0.0007473999867215753,0.0009168999968096614,4.75000124424696e-05,0.0290777999907732,0.040931800031103194,0.03873479994945228,0.0030122000025585294,0.0028028000378981233,0.0001086000120267272
0.4,LP2 ($\theta$ Only),4,52,0.0,,0,0.0,0.0,0.0,0,0,0,0.0,0.0,100.0,0.0007606999715790153,0.0008922999259084463,4.710000939667225e-05,0.029042600071989,0.06588480004575104,0.03357610001694411,0.0028593000024557114,0.002742100041359663,0.00010619999375194311
0.4,LP2 ($\theta$ Only),5,57,0.0,,0,0.0,0.0,0.0,0,0,0,0.0,0.0,100.0,0.000735200010240078,0.0009350000182166696,4.800001624971628e-05,0.03663999994751066,0.05757649999577552,0.037107700016349554,0.0029220000142231584,0.0066590000642463565,0.00018660002388060093
0.4,LP2 ($\theta$ Only),6,63,0.0,,1,0.0,0.0,0.0,0,0,0,0.0,0.0,100.0,0.0007462999783456326,0.0008753000292927027,0.00012240000069141388,0.034677700023166835,0.0527992999413982,0.031724700005725026,0.003221699967980385,0.003558599972166121,0.0003996000159531832
0.4,LP2 ($\theta$ Only),7,70,0.0,,0,0.0,0.0,0.0,0,0,0,0.0,0.0,100.0,0.0021321000531315804,0.001206299988552928,6.029999349266291e-05,0.0348191000521183,0.05521180003415793,0.01689009997062385,0.00400630000513047,0.005743999965488911,0.00018800003454089165
0.4,LP2 ($\theta$ Only),8,78,0.0,,0,0.0,0.0,0.0,0,0,0,0.0,0.0,100.0,0.0007547000423073769,0.0007748999632894993,4.640000406652689e-05,0.03178449999541044,0.05494000006001443,0.038337299949489534,0.006098799989558756,0.0033170999959111214,0.00018599990289658308
0.4,LP2 ($\theta$ Only),9,87,0.0,,0,0.0,0.0,0.0,0,0,0,0.0,0.0,100.0,0.0007548999274149537,0.0008285000221803784,4.740001168102026e-05,0.037537300027906895,0.055064599961042404,0.05077040009200573,0.0028990000719204545,0.00276640010997653,0.00010639999527484179
0.4,LP2 ($\theta$ Only),10,97,0.0,,0,0.0,0.0,0.0,0,0,0,0.0,0.0,100.0,0.0007429000688716769,0.000888100010342896,4.610000178217888e-05,0.03885629994329065,0.045821000006981194,0.017461500014178455,0.003814500058069825,0.0029678000137209892,0.00011000002268701792
0.4,LP2 ($\theta$ Only),11,108,0.0,,2,0.0,0.0,0.0,0,0,0,0.0,0.0,100.0,0.000739299925044179,0.0009329000022262335,0.00011179991997778416,0.03184700000565499,0.049005000037141144,0.01757640007417649,0.002609900082461536,0.0024379000533372164,9.919994045048952e-05
0.4,LP2 ($\theta$ Only),12,120,0.0,,0,0.0,0.0,0.0,0,0,0,0.0,0.0,100.0,0.0007379000307992101,0.0007526999106630683,4.630000330507755e-05,0.030393299995921552,0.045454699895344675,0.021279899985529482,0.0029139999533072114,0.0029077999060973525,0.0002954000374302268
0.4,LP2 ($\theta$ Only),13,133,0.0,,0,0.0,0.0,0.0,0,0,0,0.0,0.0,100.0,0.0007670000195503235,0.0009169999975711107,4.6900007873773575e-05,0.02902630006428808,0.04723560006823391,0.06793620006646961,0.006104400032199919,0.005465799942612648,0.0002828999422490597
0.4,LP2 ($\theta$ Only),14,147,0.0,,0,0.0,0.0,0.0,0,0,0,0.0,0.0,100.0,0.001407700008712709,0.001908699981868267,8.9599983766675e-05,0.07074789993930608,0.05465009994804859,0.023696200107224286,0.003408699994906783,0.0031783999875187874,0.00010930001735687256
0.4,LP2 ($\theta$ Only),15,162,0.0,,0,0.0,0.0,0.0,0,0,0,0.0,0.0,100.0,0.003387899952940643,0.000920299906283617,4.9299909733235836e-05,0.046505199978128076,0.07225900003686547,0.03713019995484501,0.004507499979808927,0.003086899989284575,0.00018610002007335424
0.4,LP2 ($\theta$ Only),16,178,0.0,,0,0.0,0.0,0.0,0,0,0,0.0,0.0,100.0,0.0007601000834256411,0.000916799996048212,4.7200010158121586e-05,0.031147200032137334,0.040703600039705634,0.036988999927416444,0.004592599929310381,0.003250500070862472,0.00018630002159625292
0.4,LP2 ($\theta$ Only),17,195,0.0,,0,0.0,0.0,0.0,0,0,0,0.0,0.0,100.0,0.000803199945949018,0.001182700041681528,4.83999028801918e-05,0.03071069996803999,0.037625900004059076,0.019747299957089126,0.0029416000470519066,0.0028254000935703516,0.00010639999527484179
0.4,LP2 ($\theta$ Only),18,213,0.0,,0,0.0,0.0,0.0,0,0,0,0.0,0.0,100.0,0.0033822000259533525,0.0008357999613508582,4.770001396536827e-05,0.037900099996477365,0.0410865000449121,0.03858509997371584,0.003295699949376285,0.007658499991521239,0.00037650007288903
0.4,LP2 ($\theta$ Only),19,232,0.0,,1,0.0,0.0,0.0,0,0,0,0.0,0.0,100.0,0.001040700008161366,0.001092399936169386,0.0001653999788686633,0.03230790002271533,0.03637200000230223,0.0290853000478819,0.002805700059980154,0.002673799986951053,0.00010170007590204477
0.4,LP3 ($\theta$ Only),0,42,0.0,,0,0.0,0.0,0.0,0,0,0,0.0,0.0,100.0,0.0011678000446408987,0.0021075999829918146,8.79999715834856e-05,0.045611699926666915,0.0565285999327898,0.042285499977879226,0.0034317999379709363,0.0033143999753519893,0.00018500001169741154
0.4,LP3 ($\theta$ Only),1,43,0.0,,1,0.0,0.0,0.0,0,0,0,0.0,0.0,100.0,0.0007365000201389194,0.0008570000063627958,0.00011389993596822023,0.028113999986089766,0.04869570001028478,0.022765700006857514,0.004190500010736287,0.004142699996009469,0.00018019997514784336
0.4,LP3 ($\theta$ Only),2,45,0.0,,0,0.0,0.0,0.0,0,0,0,0.0,0.0,100.0,0.0007436000742018223,0.0008777999319136143,4.569999873638153e-05,0.028598400065675378,0.040444300044327974,0.020870200009085238,0.005032800021581352,0.004063399974256754,0.0001876999158412218
0.4,LP3 ($\theta$ Only),3,48,0.0,,0,0.0,0.0,0.0,0,0,0,0.0,0.0,100.0,0.0007473999867215753,0.0009168999968096614,4.75000124424696e-05,0.0290777999907732,0.040931800031103194,0.03873479994945228,0.0030122000025585294,0.0028028000378981233,0.0001086000120267272
0.4,LP3 ($\theta$ Only),4,52,0.0,,0,0.0,0.0,0.0,0,0,0,0.0,0.0,100.0,0.0007606999715790153,0.0008922999259084463,4.710000939667225e-05,0.029042600071989,0.06588480004575104,0.03357610001694411,0.0028593000024557114,0.002742100041359663,0.00010619999375194311
0.4,LP3 ($\theta$ Only),5,57,0.0,,0,0.0,0.0,0.0,0,0,0,0.0,0.0,100.0,0.000735200010240078,0.0009350000182166696,4.800001624971628e-05,0.03663999994751066,0.05757649999577552,0.037107700016349554,0.0029220000142231584,0.0066590000642463565,0.00018660002388060093
0.4,LP3 ($\theta$ Only),6,63,0.0,,1,0.0,0.0,0.0,0,0,0,0.0,0.0,100.0,0.0007462999783456326,0.0008753000292927027,0.00012240000069141388,0.034677700023166835,0.0527992999413982,0.031724700005725026,0.003221699967980385,0.003558599972166121,0.0003996000159531832
0.4,LP3 ($\theta$ Only),7,70,0.0,,0,0.0,0.0,0.0,0,0,0,0.0,0.0,100.0,0.0021321000531315804,0.001206299988552928,6.029999349266291e-05,0.0348191000521183,0.05521180003415793,0.01689009997062385,0.00400630000513047,0.005743999965488911,0.00018800003454089165
0.4,LP3 ($\theta$ Only),8,78,0.0,,0,0.0,0.0,0.0,0,0,0,0.0,0.0,100.0,0.0007547000423073769,0.0007748999632894993,4.640000406652689e-05,0.03178449999541044,0.05494000006001443,0.038337299949489534,0.006098799989558756,0.0033170999959111214,0.00018599990289658308
0.4,LP3 ($\theta$ Only),9,87,0.0,,0,0.0,0.0,0.0,0,0,0,0.0,0.0,100.0,0.0007548999274149537,0.0008285000221803784,4.740001168102026e-05,0.037537300027906895,0.055064599961042404,0.05077040009200573,0.0028990000719204545,0.00276640010997653,0.00010639999527484179
0.4,LP3 ($\theta$ Only),10,97,0.0,,0,0.0,0.0,0.0,0,0,0,0.0,0.0,100.0,0.0007429000688716769,0.000888100010342896,4.610000178217888e-05,0.03885629994329065,0.045821000006981194,0.017461500014178455,0.003814500058069825,0.0029678000137209892,0.00011000002268701792
0.4,LP3 ($\theta$ Only),11,108,0.0,,2,0.0,0.0,0.0,0,0,0,0.0,0.0,100.0,0.000739299925044179,0.0009329000022262335,0.00011179991997778416,0.03184700000565499,0.049005000037141144,0.01757640007417649,0.002609900082461536,0.0024379000533372164,9.919994045048952e-05
0.4,LP3 ($\theta$ Only),12,120,0.0,,0,0.0,0.0,0.0,0,0,0,0.0,0.0,100.0,0.0007379000307992101,0.0007526999106630683,4.630000330507755e-05,0.030393299995921552,0.045454699895344675,0.021279899985529482,0.0029139999533072114,0.0029077999060973525,0.0002954000374302268
0.4,LP3 ($\theta$ Only),13,133,0.0,,0,0.0,0.0,0.0,0,0,0,0.0,0.0,100.0,0.0007670000195503235,0.0009169999975711107,4.6900007873773575e-05,0.02902630006428808,0.04723560006823391,0.06793620006646961,0.006104400032199919,0.005465799942612648,0.0002828999422490597
0.4,LP3 ($\theta$ Only),14,147,0.0,,0,0.0,0.0,0.0,0,0,0,0.0,0.0,100.0,0.001407700008712709,0.001908699981868267,8.9599983766675e-05,0.07074789993930608,0.05465009994804859,0.023696200107224286,0.003408699994906783,0.0031783999875187874,0.00010930001735687256
0.4,LP3 ($\theta$ Only),15,162,0.0,,0,0.0,0.0,0.0,0,0,0,0.0,0.0,100.0,0.003387899952940643,0.000920299906283617,4.9299909733235836e-05,0.046505199978128076,0.07225900003686547,0.03713019995484501,0.004507499979808927,0.003086899989284575,0.00018610002007335424
0.4,LP3 ($\theta$ Only),16,178,0.0,,0,0.0,0.0,0.0,0,0,0,0.0,0.0,100.0,0.0007601000834256411,0.000916799996048212,4.7200010158121586e-05,0.031147200032137334,0.040703600039705634,0.036988999927416444,0.004592599929310381,0.003250500070862472,0.00018630002159625292
0.4,LP3 ($\theta$ Only),17,195,0.0,,0,0.0,0.0,0.0,0,0,0,0.0,0.0,100.0,0.000803199945949018,0.001182700041681528,4.83999028801918e-05,0.03071069996803999,0.037625900004059076,0.019747299957089126,0.0029416000470519066,0.0028254000935703516,0.00010639999527484179
0.4,LP3 ($\theta$ Only),18,213,0.0,,0,0.0,0.0,0.0,0,0,0,0.0,0.0,100.0,0.0033822000259533525,0.0008357999613508582,4.770001396536827e-05,0.037900099996477365,0.0410865000449121,0.03858509997371584,0.003295699949376285,0.007658499991521239,0.00037650007288903
0.4,LP3 ($\theta$ Only),19,232,0.0,,1,0.0,0.0,0.0,0,0,0,0.0,0.0,100.0,0.001040700008161366,0.001092399936169386,0.0001653999788686633,0.03230790002271533,0.03637200000230223,0.0290853000478819,0.002805700059980154,0.002673799986951053,0.00010170007590204477
0.4,Linear BTL,0,42,,-18.83373713509838,0,6.666666666666667,0.0,11.11111111111111,1,0,1,,,,0.0011678000446408987,0.0021075999829918146,8.79999715834856e-05,0.045611699926666915,0.0565285999327898,0.042285499977879226,0.0034317999379709363,0.0033143999753519893,0.00018500001169741154
0.4,Linear BTL,1,43,,-22.352166562909837,1,7.142857142857143,0.0,11.11111111111111,1,0,1,,,,0.0007365000201389194,0.0008570000063627958,0.00011389993596822023,0.028113999986089766,0.04869570001028478,0.022765700006857514,0.004190500010736287,0.004142699996009469,0.00018019997514784336
0.4,Linear BTL,2,45,,-14.251566725602805,0,0.0,0.0,0.0,0,0,0,,,,0.0007436000742018223,0.0008777999319136143,4.569999873638153e-05,0.028598400065675378,0.040444300044327974,0.020870200009085238,0.005032800021581352,0.004063399974256754,0.0001876999158412218
0.4,Linear BTL,3,48,,-11.156167961878657,0,6.666666666666667,0.0,20.0,1,0,1,,,,0.0007473999867215753,0.0009168999968096614,4.75000124424696e-05,0.0290777999907732,0.040931800031103194,0.03873479994945228,0.0030122000025585294,0.0028028000378981233,0.0001086000120267272
0.4,Linear BTL,4,52,,-11.053951418586829,0,0.0,0.0,0.0,0,0,0,,,,0.0007606999715790153,0.0008922999259084463,4.710000939667225e-05,0.029042600071989,0.06588480004575104,0.03357610001694411,0.0028593000024557114,0.002742100041359663,0.00010619999375194311
0.4,Linear BTL,5,57,,-11.053949379945832,0,0.0,0.0,0.0,0,0,0,,,,0.000735200010240078,0.0009350000182166696,4.800001624971628e-05,0.03663999994751066,0.05757649999577552,0.037107700016349554,0.0029220000142231584,0.0066590000642463565,0.00018660002388060093
0.4,Linear BTL,6,63,,-21.265737712051724,1,14.285714285714286,0.0,25.0,2,0,2,,,,0.0007462999783456326,0.0008753000292927027,0.00012240000069141388,0.034677700023166835,0.0527992999413982,0.031724700005725026,0.003221699967980385,0.003558599972166121,0.0003996000159531832
0.4,Linear BTL,7,70,,-17.76925502316687,0,6.666666666666667,0.0,16.666666666666668,1,0,1,,,,0.0021321000531315804,0.001206299988552928,6.029999349266291e-05,0.0348191000521183,0.05521180003415793,0.01689009997062385,0.00400630000513047,0.005743999965488911,0.00018800003454089165
0.4,Linear BTL,8,78,,-8.439815092372143,0,0.0,0.0,0.0,0,0,0,,,,0.0007547000423073769,0.0007748999632894993,4.640000406652689e-05,0.03178449999541044,0.05494000006001443,0.038337299949489534,0.006098799989558756,0.0033170999959111214,0.00018599990289658308
0.4,Linear BTL,9,87,,-13.473271926751723,0,0.0,0.0,0.0,0,0,0,,,,0.0007548999274149537,0.0008285000221803784,4.740001168102026e-05,0.037537300027906895,0.055064599961042404,0.05077040009200573,0.0028990000719204545,0.00276640010997653,0.00010639999527484179
0.4,Linear BTL,10,97,,-19.21695817520156,0,13.333333333333334,0.0,28.571428571428573,2,0,2,,,,0.0007429000688716769,0.000888100010342896,4.610000178217888e-05,0.03885629994329065,0.045821000006981194,0.017461500014178455,0.003814500058069825,0.0029678000137209892,0.00011000002268701792
0.4,Linear BTL,11,108,,-23.320441445765123,2,0.0,0.0,0.0,0,0,0,,,,0.000739299925044179,0.0009329000022262335,0.00011179991997778416,0.03184700000565499,0.049005000037141144,0.01757640007417649,0.002609900082461536,0.0024379000533372164,9.919994045048952e-05
0.4,Linear BTL,12,120,,-13.925709510855299,0,0.0,0.0,0.0,0,0,0,,,,0.0007379000307992101,0.0007526999106630683,4.630000330507755e-05,0.030393299995921552,0.045454699895344675,0.021279899985529482,0.0029139999533072114,0.0029077999060973525,0.0002954000374302268
0.4,Linear BTL,13,133,,-10.529295524346669,0,0.0,0.0,0.0,0,0,0,,,,0.0007670000195503235,0.0009169999975711107,4.6900007873773575e-05,0.02902630006428808,0.04723560006823391,0.06793620006646961,0.006104400032199919,0.005465799942612648,0.0002828999422490597
0.4,Linear BTL,14,147,,-12.994821354735778,0,0.0,0.0,0.0,0,0,0,,,,0.001407700008712709,0.001908699981868267,8.9599983766675e-05,0.07074789993930608,0.05465009994804859,0.023696200107224286,0.003408699994906783,0.0031783999875187874,0.00010930001735687256
0.4,Linear BTL,15,162,,-20.605292585173235,0,0.0,0.0,0.0,0,0,0,,,,0.003387899952940643,0.000920299906283617,4.9299909733235836e-05,0.046505199978128076,0.07225900003686547,0.03713019995484501,0.004507499979808927,0.003086899989284575,0.00018610002007335424
0.4,Linear BTL,16,178,,-8.08164735215027,0,0.0,0.0,0.0,0,0,0,,,,0.0007601000834256411,0.000916799996048212,4.7200010158121586e-05,0.031147200032137334,0.040703600039705634,0.036988999927416444,0.004592599929310381,0.003250500070862472,0.00018630002159625292
0.4,Linear BTL,17,195,,-14.331247181077368,0,6.666666666666667,0.0,16.666666666666668,1,0,1,,,,0.000803199945949018,0.001182700041681528,4.83999028801918e-05,0.03071069996803999,0.037625900004059076,0.019747299957089126,0.0029416000470519066,0.0028254000935703516,0.00010639999527484179
0.4,Linear BTL,18,213,,-10.12578579796387,0,0.0,0.0,0.0,0,0,0,,,,0.0033822000259533525,0.0008357999613508582,4.770001396536827e-05,0.037900099996477365,0.0410865000449121,0.03858509997371584,0.003295699949376285,0.007658499991521239,0.00037650007288903
0.4,Linear BTL,19,232,,-21.390014245949075,1,0.0,0.0,0.0,0,0,0,,,,0.001040700008161366,0.001092399936169386,0.0001653999788686633,0.03230790002271533,0.03637200000230223,0.0290853000478819,0.002805700059980154,0.002673799986951053,0.00010170007590204477
0.5,LP2 ($\theta$ Only),0,42,0.0,,0,0.0,0.0,0.0,0,0,0,0.0,0.0,100.0,0.0008732000133022666,0.0010317000560462475,5.050003528594971e-05,0.042699500103481114,0.049450799939222634,0.042053100070916116,0.003474000026471913,0.004014499951153994,0.0004496000474318862
0.5,LP2 ($\theta$ Only),1,43,0.0,,2,0.0,0.0,0.0,0,0,0,0.0,0.0,100.0,0.001127899973653257,0.001012600027024746,0.00012769992463290691,0.03427569998893887,0.036544500035233796,0.026161600020714104,0.0025462000630795956,0.0024392000632360578,9.819993283599615e-05
0.5,LP2 ($\theta$ Only),2,45,0.0,,0,0.0,0.0,0.0,0,0,0,0.0,0.0,100.0,0.0007381999166682363,0.0009133000858128071,4.650000482797623e-05,0.0390352999093011,0.04054740001447499,0.02613430004566908,0.002929799957200885,0.0028125999961048365,0.00010699999984353781
0.5,LP2 ($\theta$ Only),3,48,0.0,,0,0.0,0.0,0.0,0,0,0,0.0,0.0,100.0,0.0007415000582113862,0.0008832999737933278,4.6200002543628216e-05,0.03198059997521341,0.04880210000555962,0.025386099936440587,0.0033853999339044094,0.00325080007314682,0.00018309999722987413
0.5,LP2 ($\theta$ Only),4,52,0.0,,0,0.0,0.0,0.0,0,0,0,0.0,0.0,100.0,0.0007409999379888177,0.0008468000451102853,4.630000330507755e-05,0.03923280001617968,0.05198019999079406,0.02549969998653978,0.003459800034761429,0.004845999996177852,0.00051249994430691
0.5,LP2 ($\theta$ Only),5,57,0.0,,0,0.0,0.0,0.0,0,0,0,0.0,0.0,100.0,0.0007752000819891691,0.0008030999451875687,4.740001168102026e-05,0.03407399996649474,0.0536440999712795,0.023372200084850192,0.008052500081248581,0.004988200031220913,0.0001990000018849969
0.5,LP2 ($\theta$ Only),6,63,0.0,,2,0.0,0.0,0.0,0,0,0,0.0,0.0,100.0,0.0019548999844118953,0.0023771999403834343,0.00027469999622553587,0.039085199940018356,0.054464500048197806,0.02153639995958656,0.00441540009342134,0.002835500054061413,0.00016789999790489674
0.5,LP2 ($\theta$ Only),7,70,0.0,,0,0.0,0.0,0.0,0,0,0,0.0,0.0,100.0,0.0007662000134587288,0.0008368999697268009,4.5900000259280205e-05,0.033677599974907935,0.049012099974788725,0.03216120006982237,0.0029079000232741237,0.0032140000257641077,0.00015079998411238194
0.5,LP2 ($\theta$ Only),8,78,0.0,,0,0.0,0.0,0.0,0,0,0,0.0,0.0,100.0,0.0007557999342679977,0.0027390000177547336,6.699992809444666e-05,0.04232789995148778,0.04865270003210753,0.035904399934224784,0.004196699941530824,0.007181799970567226,0.00011100003030151129
0.5,LP2 ($\theta$ Only),9,87,0.0,,0,0.0,0.0,0.0,0,0,0,0.0,0.0,100.0,0.0009576000738888979,0.0010306000476703048,6.370001938194036e-05,0.03372839989606291,0.053982899989932775,0.02099859993904829,0.0030263999942690134,0.002875200007110834,0.00010559998918324709
0.5,LP2 ($\theta$ Only),10,97,0.0,,0,0.0,0.0,0.0,0,0,0,0.0,0.0,100.0,0.003496199962683022,0.0014621999580413103,4.840001929551363e-05,0.038973100017756224,0.04824989999178797,0.017154800007119775,0.0031344000017270446,0.0030007000314071774,0.00010760000441223383
0.5,LP2 ($\theta$ Only),11,108,0.0,,0,0.0,0.0,0.0,0,0,0,0.0,0.0,100.0,0.003315499983727932,0.0009928999934345484,4.770001396536827e-05,0.035243299906142056,0.04741559992544353,0.020828000036999583,0.002983599901199341,0.0028649000450968742,0.0001066999975591898
0.5,LP2 ($\theta$ Only),12,120,0.0,,0,0.0,0.0,0.0,0,0,0,0.0,0.0,100.0,0.0008228999795392156,0.0008954999502748251,4.5900000259280205e-05,0.03237629996147007,0.040683899889700115,0.018327899975702167,0.0029548999154940248,0.0028155000181868672,0.00010810000821948051
0.5,LP2 ($\theta$ Only),13,133,0.0,,2,0.0,0.0,0.0,0,0,0,0.0,0.0,100.0,0.000746200093999505,0.0009123000781983137,0.00011749996338039637,0.044733499991707504,0.061876900028437376,0.030227300012484193,0.003120900015346706,0.0025621000677347183,0.0001004999503493309
0.5,LP2 ($\theta$ Only),14,147,0.0,,0,0.0,0.0,0.0,0,0,0,0.0,0.0,100.0,0.0007860000478103757,0.0007878000615164638,4.680000711232424e-05,0.033499599900096655,0.04194010002538562,0.02213940001092851,0.0029329999815672636,0.002775199944153428,0.00010740000288933516
0.5,LP2 ($\theta$ Only),15,162,0.0,,0,0.0,0.0,0.0,0,0,0,0.0,0.0,100.0,0.0007371000247076154,0.0008236999856308103,4.5599997974932194e-05,0.026234400109387934,0.04159449995495379,0.031521799974143505,0.0034045999636873603,0.003802599967457354,0.00018619990441948175
0.5,LP2 ($\theta$ Only),16,178,0.0,,0,0.0,0.0,0.0,0,0,0,0.0,0.0,100.0,0.0013502000365406275,0.0008568000048398972,4.7200010158121586e-05,0.02915189997293055,0.04554890003055334,0.03347140003461391,0.0036356999771669507,0.0038001000648364425,0.00012620002962648869
0.5,LP2 ($\theta$ Only),17,195,0.0,,0,0.0,0.0,0.0,0,0,0,0.0,0.0,100.0,0.0007528000278398395,0.0009469999931752682,4.830001853406429e-05,0.02928959997370839,0.047257800004445016,0.023155499948188663,0.003544699982739985,0.0034064999781548977,0.00018390000332146883
0.5,LP2 ($\theta$ Only),18,213,0.0,,0,0.0,0.0,0.0,0,0,0,0.0,0.0,100.0,0.0007857999298721552,0.0013028000248596072,5.1200040616095066e-05,0.028551600058563054,0.045417599962092936,0.021695900009945035,0.0029421999352052808,0.004044099943712354,0.0005524000152945518
0.5,LP2 ($\theta$ Only),19,232,0.0,,2,0.0,0.0,0.0,0,0,0,0.0,0.0,100.0,0.0009522000327706337,0.000920599908567965,0.00011429993901401758,0.027106800000183284,0.0436601999681443,0.023901699925772846,0.006735799950547516,0.0030936000403016806,0.00018470000941306353
0.5,LP3 ($\theta$ Only),0,42,0.0,,0,0.0,0.0,0.0,0,0,0,0.0,0.0,100.0,0.0008732000133022666,0.0010317000560462475,5.050003528594971e-05,0.042699500103481114,0.049450799939222634,0.042053100070916116,0.003474000026471913,0.004014499951153994,0.0004496000474318862
0.5,LP3 ($\theta$ Only),1,43,0.0,,2,0.0,0.0,0.0,0,0,0,5.551115123125783e-14,16.666666666666668,83.33333333333333,0.001127899973653257,0.001012600027024746,0.00012769992463290691,0.03427569998893887,0.036544500035233796,0.026161600020714104,0.0025462000630795956,0.0024392000632360578,9.819993283599615e-05
0.5,LP3 ($\theta$ Only),2,45,0.0,,0,0.0,0.0,0.0,0,0,0,0.0,0.0,100.0,0.0007381999166682363,0.0009133000858128071,4.650000482797623e-05,0.0390352999093011,0.04054740001447499,0.02613430004566908,0.002929799957200885,0.0028125999961048365,0.00010699999984353781
0.5,LP3 ($\theta$ Only),3,48,0.0,,0,0.0,0.0,0.0,0,0,0,0.0,0.0,100.0,0.0007415000582113862,0.0008832999737933278,4.6200002543628216e-05,0.03198059997521341,0.04880210000555962,0.025386099936440587,0.0033853999339044094,0.00325080007314682,0.00018309999722987413
0.5,LP3 ($\theta$ Only),4,52,0.0,,0,0.0,0.0,0.0,0,0,0,0.0,0.0,100.0,0.0007409999379888177,0.0008468000451102853,4.630000330507755e-05,0.03923280001617968,0.05198019999079406,0.02549969998653978,0.003459800034761429,0.004845999996177852,0.00051249994430691
0.5,LP3 ($\theta$ Only),5,57,0.0,,0,0.0,0.0,0.0,0,0,0,0.0,0.0,100.0,0.0007752000819891691,0.0008030999451875687,4.740001168102026e-05,0.03407399996649474,0.0536440999712795,0.023372200084850192,0.008052500081248581,0.004988200031220913,0.0001990000018849969
0.5,LP3 ($\theta$ Only),6,63,0.0,,2,0.0,0.0,0.0,0,0,0,0.0,0.0,100.0,0.0019548999844118953,0.0023771999403834343,0.00027469999622553587,0.039085199940018356,0.054464500048197806,0.02153639995958656,0.00441540009342134,0.002835500054061413,0.00016789999790489674
0.5,LP3 ($\theta$ Only),7,70,0.0,,0,0.0,0.0,0.0,0,0,0,0.0,0.0,100.0,0.0007662000134587288,0.0008368999697268009,4.5900000259280205e-05,0.033677599974907935,0.049012099974788725,0.03216120006982237,0.0029079000232741237,0.0032140000257641077,0.00015079998411238194
0.5,LP3 ($\theta$ Only),8,78,0.0,,0,0.0,0.0,0.0,0,0,0,0.0,0.0,100.0,0.0007557999342679977,0.0027390000177547336,6.699992809444666e-05,0.04232789995148778,0.04865270003210753,0.035904399934224784,0.004196699941530824,0.007181799970567226,0.00011100003030151129
0.5,LP3 ($\theta$ Only),9,87,0.0,,0,0.0,0.0,0.0,0,0,0,0.0,0.0,100.0,0.0009576000738888979,0.0010306000476703048,6.370001938194036e-05,0.03372839989606291,0.053982899989932775,0.02099859993904829,0.0030263999942690134,0.002875200007110834,0.00010559998918324709
0.5,LP3 ($\theta$ Only),10,97,0.0,,0,0.0,0.0,0.0,0,0,0,0.0,0.0,100.0,0.003496199962683022,0.0014621999580413103,4.840001929551363e-05,0.038973100017756224,0.04824989999178797,0.017154800007119775,0.0031344000017270446,0.0030007000314071774,0.00010760000441223383
0.5,LP3 ($\theta$ Only),11,108,0.0,,0,0.0,0.0,0.0,0,0,0,0.0,0.0,100.0,0.003315499983727932,0.0009928999934345484,4.770001396536827e-05,0.035243299906142056,0.04741559992544353,0.020828000036999583,0.002983599901199341,0.0028649000450968742,0.0001066999975591898
0.5,LP3 ($\theta$ Only),12,120,0.0,,0,0.0,0.0,0.0,0,0,0,0.0,0.0,100.0,0.0008228999795392156,0.0008954999502748251,4.5900000259280205e-05,0.03237629996147007,0.040683899889700115,0.018327899975702167,0.0029548999154940248,0.0028155000181868672,0.00010810000821948051
0.5,LP3 ($\theta$ Only),13,133,0.0,,2,0.0,0.0,0.0,0,0,0,0.0,0.0,100.0,0.000746200093999505,0.0009123000781983137,0.00011749996338039637,0.044733499991707504,0.061876900028437376,0.030227300012484193,0.003120900015346706,0.0025621000677347183,0.0001004999503493309
0.5,LP3 ($\theta$ Only),14,147,0.0,,0,0.0,0.0,0.0,0,0,0,0.0,0.0,100.0,0.0007860000478103757,0.0007878000615164638,4.680000711232424e-05,0.033499599900096655,0.04194010002538562,0.02213940001092851,0.0029329999815672636,0.002775199944153428,0.00010740000288933516
0.5,LP3 ($\theta$ Only),15,162,0.0,,0,0.0,0.0,0.0,0,0,0,0.0,0.0,100.0,0.0007371000247076154,0.0008236999856308103,4.5599997974932194e-05,0.026234400109387934,0.04159449995495379,0.031521799974143505,0.0034045999636873603,0.003802599967457354,0.00018619990441948175
0.5,LP3 ($\theta$ Only),16,178,0.0,,0,0.0,0.0,0.0,0,0,0,0.0,0.0,100.0,0.0013502000365406275,0.0008568000048398972,4.7200010158121586e-05,0.02915189997293055,0.04554890003055334,0.03347140003461391,0.0036356999771669507,0.0038001000648364425,0.00012620002962648869
0.5,LP3 ($\theta$ Only),17,195,0.0,,0,0.0,0.0,0.0,0,0,0,0.0,0.0,100.0,0.0007528000278398395,0.0009469999931752682,4.830001853406429e-05,0.02928959997370839,0.047257800004445016,0.023155499948188663,0.003544699982739985,0.0034064999781548977,0.00018390000332146883
0.5,LP3 ($\theta$ Only),18,213,0.0,,0,0.0,0.0,0.0,0,0,0,1.0103029524088925e-14,16.666666666666668,83.33333333333333,0.0007857999298721552,0.0013028000248596072,5.1200040616095066e-05,0.028551600058563054,0.045417599962092936,0.021695900009945035,0.0029421999352052808,0.004044099943712354,0.0005524000152945518
0.5,LP3 ($\theta$ Only),19,232,0.0,,2,0.0,0.0,0.0,0,0,0,0.0,0.0,100.0,0.0009522000327706337,0.000920599908567965,0.00011429993901401758,0.027106800000183284,0.0436601999681443,0.023901699925772846,0.006735799950547516,0.0030936000403016806,0.00018470000941306353
0.5,Linear BTL,0,42,,-18.834766887035435,0,6.666666666666667,0.0,11.11111111111111,1,0,1,,,,0.0008732000133022666,0.0010317000560462475,5.050003528594971e-05,0.042699500103481114,0.049450799939222634,0.042053100070916116,0.003474000026471913,0.004014499951153994,0.0004496000474318862
0.5,Linear BTL,1,43,,-27.964154248501234,2,15.384615384615385,0.0,18.181818181818183,2,0,2,,,,0.001127899973653257,0.001012600027024746,0.00012769992463290691,0.03427569998893887,0.036544500035233796,0.026161600020714104,0.0025462000630795956,0.0024392000632360578,9.819993283599615e-05
0.5,Linear BTL,2,45,,-11.973662899647062,0,0.0,0.0,0.0,0,0,0,,,,0.0007381999166682363,0.0009133000858128071,4.650000482797623e-05,0.0390352999093011,0.04054740001447499,0.02613430004566908,0.002929799957200885,0.0028125999961048365,0.00010699999984353781
0.5,Linear BTL,3,48,,-14.25777865682511,0,0.0,0.0,0.0,0,0,0,,,,0.0007415000582113862,0.0008832999737933278,4.6200002543628216e-05,0.03198059997521341,0.04880210000555962,0.025386099936440587,0.0033853999339044094,0.00325080007314682,0.00018309999722987413
0.5,Linear BTL,4,52,,-16.04187339690212,0,0.0,0.0,0.0,0,0,0,,,,0.0007409999379888177,0.0008468000451102853,4.630000330507755e-05,0.03923280001617968,0.05198019999079406,0.02549969998653978,0.003459800034761429,0.004845999996177852,0.00051249994430691
0.5,Linear BTL,5,57,,-16.430971494276516,0,0.0,0.0,0.0,0,0,0,,,,0.0007752000819891691,0.0008030999451875687,4.740001168102026e-05,0.03407399996649474,0.0536440999712795,0.023372200084850192,0.008052500081248581,0.004988200031220913,0.0001990000018849969
0.5,Linear BTL,6,63,,-25.694616015650727,2,0.0,0.0,0.0,0,0,0,,,,0.0019548999844118953,0.0023771999403834343,0.00027469999622553587,0.039085199940018356,0.054464500048197806,0.02153639995958656,0.00441540009342134,0.002835500054061413,0.00016789999790489674
0.5,Linear BTL,7,70,,-16.79760566927344,0,0.0,0.0,0.0,0,0,0,,,,0.0007662000134587288,0.0008368999697268009,4.5900000259280205e-05,0.033677599974907935,0.049012099974788725,0.03216120006982237,0.0029079000232741237,0.0032140000257641077,0.00015079998411238194
0.5,Linear BTL,8,78,,-8.831265766652482,0,0.0,0.0,0.0,0,0,0,,,,0.0007557999342679977,0.0027390000177547336,6.699992809444666e-05,0.04232789995148778,0.04865270003210753,0.035904399934224784,0.004196699941530824,0.007181799970567226,0.00011100003030151129
0.5,Linear BTL,9,87,,-20.425614605617913,0,0.0,0.0,0.0,0,0,0,,,,0.0009576000738888979,0.0010306000476703048,6.370001938194036e-05,0.03372839989606291,0.053982899989932775,0.02099859993904829,0.0030263999942690134,0.002875200007110834,0.00010559998918324709
0.5,Linear BTL,10,97,,-20.605292788313317,0,13.333333333333334,0.0,25.0,2,0,2,,,,0.003496199962683022,0.0014621999580413103,4.840001929551363e-05,0.038973100017756224,0.04824989999178797,0.017154800007119775,0.0031344000017270446,0.0030007000314071774,0.00010760000441223383
0.5,Linear BTL,11,108,,-24.504803625041887,0,0.0,0.0,0.0,0,0,0,,,,0.003315499983727932,0.0009928999934345484,4.770001396536827e-05,0.035243299906142056,0.04741559992544353,0.020828000036999583,0.002983599901199341,0.0028649000450968742,0.0001066999975591898
0.5,Linear BTL,12,120,,-19.546111403418724,0,13.333333333333334,0.0,28.571428571428573,2,0,2,,,,0.0008228999795392156,0.0008954999502748251,4.5900000259280205e-05,0.03237629996147007,0.040683899889700115,0.018327899975702167,0.0029548999154940248,0.0028155000181868672,0.00010810000821948051
0.5,Linear BTL,13,133,,-13.903081997986465,2,7.6923076923076925,0.0,20.0,1,0,1,,,,0.000746200093999505,0.0009123000781983137,0.00011749996338039637,0.044733499991707504,0.061876900028437376,0.030227300012484193,0.003120900015346706,0.0025621000677347183,0.0001004999503493309
0.5,Linear BTL,14,147,,-15.337998592920558,0,6.666666666666667,0.0,14.285714285714286,1,0,1,,,,0.0007860000478103757,0.0007878000615164638,4.680000711232424e-05,0.033499599900096655,0.04194010002538562,0.02213940001092851,0.0029329999815672636,0.002775199944153428,0.00010740000288933516
0.5,Linear BTL,15,162,,-16.49414112423817,0,13.333333333333334,0.0,28.571428571428573,2,0,2,,,,0.0007371000247076154,0.0008236999856308103,4.5599997974932194e-05,0.026234400109387934,0.04159449995495379,0.031521799974143505,0.0034045999636873603,0.003802599967457354,0.00018619990441948175
0.5,Linear BTL,16,178,,-8.716921356041226,0,13.333333333333334,0.0,66.66666666666667,2,0,2,,,,0.0013502000365406275,0.0008568000048398972,4.7200010158121586e-05,0.02915189997293055,0.04554890003055334,0.03347140003461391,0.0036356999771669507,0.0038001000648364425,0.00012620002962648869
0.5,Linear BTL,17,195,,-14.331247334822484,0,0.0,0.0,0.0,0,0,0,,,,0.0007528000278398395,0.0009469999931752682,4.830001853406429e-05,0.02928959997370839,0.047257800004445016,0.023155499948188663,0.003544699982739985,0.0034064999781548977,0.00018390000332146883
0.5,Linear BTL,18,213,,-11.749720522152279,0,0.0,0.0,0.0,0,0,0,,,,0.0007857999298721552,0.0013028000248596072,5.1200040616095066e-05,0.028551600058563054,0.045417599962092936,0.021695900009945035,0.0029421999352052808,0.004044099943712354,0.0005524000152945518
0.5,Linear BTL,19,232,,-26.200830993447514,2,0.0,0.0,0.0,0,0,0,,,,0.0009522000327706337,0.000920599908567965,0.00011429993901401758,0.027106800000183284,0.0436601999681443,0.023901699925772846,0.006735799950547516,0.0030936000403016806,0.00018470000941306353
0.6,LP2 ($\theta$ Only),0,42,0.0,,0,0.0,0.0,0.0,0,0,0,0.0,0.0,100.0,0.0008486999431625009,0.0008894999045878649,4.880002234131098e-05,0.03686949994880706,0.04706559993792325,0.03738499991595745,0.003008499974384904,0.0033004999859258533,0.00011809996794909239
0.6,LP2 ($\theta$ Only),1,43,0.0,,4,0.0,0.0,0.0,0,0,0,0.0,0.0,100.0,0.0016015999717637897,0.0017499999376013875,0.00015929993242025375,0.028509899973869324,0.038688899949193,0.025633999961428344,0.002719599986448884,0.0024256000760942698,0.00015350000467151403
0.6,LP2 ($\theta$ Only),2,45,0.0,,0,0.0,0.0,0.0,0,0,0,0.0,0.0,100.0,0.0007471001008525491,0.0008604000322520733,4.900002386420965e-05,0.035277900053188205,0.11866220005322248,0.0656033999985084,0.004430899978615344,0.0033774999901652336,0.00017040001694113016
0.6,LP2 ($\theta$ Only),3,48,0.0,,0,0.0,0.0,0.0,0,0,0,0.0,0.0,100.0,0.0007837000302970409,0.0009680000366643071,4.780001472681761e-05,0.03353960008826107,0.04400069999974221,0.023011700017377734,0.0034022999461740255,0.0038835000013932586,0.00018580001778900623
0.6,LP2 ($\theta$ Only),4,52,0.0,,0,0.0,0.0,0.0,0,0,0,0.0,0.0,100.0,0.0007447999669238925,0.0009177000029012561,4.630000330507755e-05,0.04066129995044321,0.061329100048169494,0.03004550002515316,0.003397399908863008,0.005978900007903576,0.00010950001887977123
0.6,LP2 ($\theta$ Only),5,57,0.0,,0,0.0,0.0,0.0,0,0,0,0.0,0.0,100.0,0.0007640999974682927,0.0008958000689744949,4.67000063508749e-05,0.037160799955017865,0.052960500004701316,0.018615400069393218,0.005058599985204637,0.0034539999905973673,0.0001868000254034996
0.6,LP2 ($\theta$ Only),6,63,0.0,,3,0.0,0.0,0.0,0,0,0,0.0,0.0,100.0,0.0007532000308856368,0.0007653000066056848,0.00011360005009919405,0.03440460003912449,0.05601050006225705,0.02109940000809729,0.0023325999500229955,0.0021982999751344323,9.350001346319914e-05
0.6,LP2 ($\theta$ Only),7,70,0.0,,2,0.0,0.0,0.0,0,0,0,0.0,0.0,100.0,0.0007428999524563551,0.0007573000621050596,0.0001132000470533967,0.03983469994273037,0.050233300076797605,0.02815190004184842,0.003919600043445826,0.003351299907080829,0.00017040001694113016
0.6,LP2 ($\theta$ Only),8,78,0.0,,0,0.0,0.0,0.0,0,0,0,0.0,0.0,100.0,0.0008348999544978142,0.0008807000704109669,4.730001091957092e-05,0.035725300083868206,0.061890200013294816,0.028703600051812828,0.0047871998976916075,0.003258800017647445,0.0001903999364003539
0.6,LP2 ($\theta$ Only),9,87,0.0,,0,0.0,0.0,0.0,0,0,0,0.0,0.0,100.0,0.0007485999958589673,0.0008018000517040491,4.6600005589425564e-05,0.03403139999136329,0.060233799973502755,0.03104219993110746,0.004324199981056154,0.003268499975092709,0.00018639990594238043
0.6,LP2 ($\theta$ Only),10,97,0.0,,0,0.0,0.0,0.0,0,0,0,0.0,0.0,100.0,0.0007558999350294471,0.0009713999461382627,4.650000482797623e-05,0.029302099952474236,0.06546219997107983,0.04505570000037551,0.0031859000446274877,0.0032851999858394265,0.00011470005847513676
0.6,LP2 ($\theta$ Only),11,108,0.0,,2,0.0,0.0,0.0,0,0,0,0.0,0.0,100.0,0.001108999946154654,0.0017179999267682433,0.00022169994190335274,0.03681810002308339,0.04011010006070137,0.031945600057952106,0.0029566000448539853,0.0028625999111682177,0.00016679998952895403
0.6,LP2 ($\theta$ Only),12,120,0.0,,0,0.0,0.0,0.0,0,0,0,0.0,0.0,100.0,0.0011241999454796314,0.0009064000332728028,4.740001168102026e-05,0.032455199980176985,0.04461939993780106,0.020122200017794967,0.0032360999612137675,0.00487589999102056,0.00019019993487745523
0.6,LP2 ($\theta$ Only),13,133,0.0,,1,0.0,0.0,0.0,0,0,0,0.0,0.0,100.0,0.0007855999283492565,0.0008331999415531754,0.00011579995043575764,0.03375369997229427,0.04017499997280538,0.02999820001423359,0.003049599938094616,0.004270800040103495,0.00010539998766034842
0.6,LP2 ($\theta$ Only),14,147,0.0,,0,0.0,0.0,0.0,0,0,0,0.0,0.0,100.0,0.0007650000043213367,0.001025900011882186,4.680000711232424e-05,0.028407500009052455,0.04671410005539656,0.02283139992505312,0.0029187999898567796,0.0027443000581115484,0.0001058999914675951
0.6,LP2 ($\theta$ Only),15,162,0.0,,0,0.0,0.0,0.0,0,0,0,0.0,0.0,100.0,0.0007455999730154872,0.0008681000908836722,4.6600005589425564e-05,0.03270189999602735,0.042841300019063056,0.028395900037139654,0.004367000074125826,0.0027652999851852655,0.00010900001507252455
0.6,LP2 ($\theta$ Only),16,178,0.0,,0,0.0,0.0,0.0,0,0,0,0.0,0.0,100.0,0.0007588999578729272,0.0008369999704882503,5.159992724657059e-05,0.02915810002014041,0.049090599990449846,0.03353439993225038,0.002928100060671568,0.002771700033918023,0.00010599999222904444
0.6,LP2 ($\theta$ Only),17,195,0.0,,0,0.0,0.0,0.0,0,0,0,0.0,0.0,100.0,0.0007489999989047647,0.0008820999646559358,4.650000482797623e-05,0.027369100018404424,0.04150400008074939,0.03490169998258352,0.009611499961465597,0.0038891000440344214,0.00022430007811635733
0.6,LP2 ($\theta$ Only),18,213,0.0,,0,0.0,0.0,0.0,0,0,0,0.0,0.0,100.0,0.0013798000290989876,0.005547399981878698,0.0001398000167682767,0.06438949995208532,0.05545169999822974,0.043392700026743114,0.002991699962876737,0.0028510999400168657,0.00010810000821948051
0.6,LP2 ($\theta$ Only),19,232,0.0,,5,0.0,0.0,0.0,0,0,0,0.0,0.0,100.0,0.0035898000933229923,0.0009302999824285507,0.0001341000897809863,0.0327951000072062,0.033436300000175834,0.014393899939022958,0.0020052000181749463,0.0018517998978495598,8.240004535764456e-05
0.6,LP3 ($\theta$ Only),0,42,0.0,,0,0.0,0.0,0.0,0,0,0,0.0,0.0,100.0,0.0008486999431625009,0.0008894999045878649,4.880002234131098e-05,0.03686949994880706,0.04706559993792325,0.03738499991595745,0.003008499974384904,0.0033004999859258533,0.00011809996794909239
0.6,LP3 ($\theta$ Only),1,43,0.0,,4,0.0,0.0,0.0,0,0,0,0.0,0.0,100.0,0.0016015999717637897,0.0017499999376013875,0.00015929993242025375,0.028509899973869324,0.038688899949193,0.025633999961428344,0.002719599986448884,0.0024256000760942698,0.00015350000467151403
0.6,LP3 ($\theta$ Only),2,45,0.0,,0,0.0,0.0,0.0,0,0,0,0.0,0.0,100.0,0.0007471001008525491,0.0008604000322520733,4.900002386420965e-05,0.035277900053188205,0.11866220005322248,0.0656033999985084,0.004430899978615344,0.0033774999901652336,0.00017040001694113016
0.6,LP3 ($\theta$ Only),3,48,0.0,,0,0.0,0.0,0.0,0,0,0,0.0,0.0,100.0,0.0007837000302970409,0.0009680000366643071,4.780001472681761e-05,0.03353960008826107,0.04400069999974221,0.023011700017377734,0.0034022999461740255,0.0038835000013932586,0.00018580001778900623
0.6,LP3 ($\theta$ Only),4,52,0.0,,0,0.0,0.0,0.0,0,0,0,0.0,0.0,100.0,0.0007447999669238925,0.0009177000029012561,4.630000330507755e-05,0.04066129995044321,0.061329100048169494,0.03004550002515316,0.003397399908863008,0.005978900007903576,0.00010950001887977123
0.6,LP3 ($\theta$ Only),5,57,0.0,,0,0.0,0.0,0.0,0,0,0,0.0,0.0,100.0,0.0007640999974682927,0.0008958000689744949,4.67000063508749e-05,0.037160799955017865,0.052960500004701316,0.018615400069393218,0.005058599985204637,0.0034539999905973673,0.0001868000254034996
0.6,LP3 ($\theta$ Only),6,63,0.0,,3,0.0,0.0,0.0,0,0,0,0.0,0.0,100.0,0.0007532000308856368,0.0007653000066056848,0.00011360005009919405,0.03440460003912449,0.05601050006225705,0.02109940000809729,0.0023325999500229955,0.0021982999751344323,9.350001346319914e-05
0.6,LP3 ($\theta$ Only),7,70,0.0,,2,0.0,0.0,0.0,0,0,0,0.0,0.0,100.0,0.0007428999524563551,0.0007573000621050596,0.0001132000470533967,0.03983469994273037,0.050233300076797605,0.02815190004184842,0.003919600043445826,0.003351299907080829,0.00017040001694113016
0.6,LP3 ($\theta$ Only),8,78,0.0,,0,0.0,0.0,0.0,0,0,0,0.0,0.0,100.0,0.0008348999544978142,0.0008807000704109669,4.730001091957092e-05,0.035725300083868206,0.061890200013294816,0.028703600051812828,0.0047871998976916075,0.003258800017647445,0.0001903999364003539
0.6,LP3 ($\theta$ Only),9,87,0.0,,0,0.0,0.0,0.0,0,0,0,0.0,0.0,100.0,0.0007485999958589673,0.0008018000517040491,4.6600005589425564e-05,0.03403139999136329,0.060233799973502755,0.03104219993110746,0.004324199981056154,0.003268499975092709,0.00018639990594238043
0.6,LP3 ($\theta$ Only),10,97,0.0,,0,0.0,0.0,0.0,0,0,0,0.0,0.0,100.0,0.0007558999350294471,0.0009713999461382627,4.650000482797623e-05,0.029302099952474236,0.06546219997107983,0.04505570000037551,0.0031859000446274877,0.0032851999858394265,0.00011470005847513676
0.6,LP3 ($\theta$ Only),11,108,0.0,,2,0.0,0.0,0.0,0,0,0,0.0,0.0,100.0,0.001108999946154654,0.0017179999267682433,0.00022169994190335274,0.03681810002308339,0.04011010006070137,0.031945600057952106,0.0029566000448539853,0.0028625999111682177,0.00016679998952895403
0.6,LP3 ($\theta$ Only),12,120,0.0,,0,0.0,0.0,0.0,0,0,0,0.0,0.0,100.0,0.0011241999454796314,0.0009064000332728028,4.740001168102026e-05,0.032455199980176985,0.04461939993780106,0.020122200017794967,0.0032360999612137675,0.00487589999102056,0.00019019993487745523
0.6,LP3 ($\theta$ Only),13,133,0.0,,1,0.0,0.0,0.0,0,0,0,0.0,0.0,100.0,0.0007855999283492565,0.0008331999415531754,0.00011579995043575764,0.03375369997229427,0.04017499997280538,0.02999820001423359,0.003049599938094616,0.004270800040103495,0.00010539998766034842
0.6,LP3 ($\theta$ Only),14,147,0.0,,0,0.0,0.0,0.0,0,0,0,0.0,0.0,100.0,0.0007650000043213367,0.001025900011882186,4.680000711232424e-05,0.028407500009052455,0.04671410005539656,0.02283139992505312,0.0029187999898567796,0.0027443000581115484,0.0001058999914675951
0.6,LP3 ($\theta$ Only),15,162,0.0,,0,0.0,0.0,0.0,0,0,0,0.0,0.0,100.0,0.0007455999730154872,0.0008681000908836722,4.6600005589425564e-05,0.03270189999602735,0.042841300019063056,0.028395900037139654,0.004367000074125826,0.0027652999851852655,0.00010900001507252455
0.6,LP3 ($\theta$ Only),16,178,0.0,,0,0.0,0.0,0.0,0,0,0,0.0,0.0,100.0,0.0007588999578729272,0.0008369999704882503,5.159992724657059e-05,0.02915810002014041,0.049090599990449846,0.03353439993225038,0.002928100060671568,0.002771700033918023,0.00010599999222904444
0.6,LP3 ($\theta$ Only),17,195,0.0,,0,0.0,0.0,0.0,0,0,0,5.384581669432009e-15,16.666666666666668,83.33333333333333,0.0007489999989047647,0.0008820999646559358,4.650000482797623e-05,0.027369100018404424,0.04150400008074939,0.03490169998258352,0.009611499961465597,0.0038891000440344214,0.00022430007811635733
0.6,LP3 ($\theta$ Only),18,213,0.0,,0,0.0,0.0,0.0,0,0,0,0.0,0.0,100.0,0.0013798000290989876,0.005547399981878698,0.0001398000167682767,0.06438949995208532,0.05545169999822974,0.043392700026743114,0.002991699962876737,0.0028510999400168657,0.00010810000821948051
0.6,LP3 ($\theta$ Only),19,232,0.0,,5,0.0,0.0,0.0,0,0,0,0.0,0.0,100.0,0.0035898000933229923,0.0009302999824285507,0.0001341000897809863,0.0327951000072062,0.033436300000175834,0.014393899939022958,0.0020052000181749463,0.0018517998978495598,8.240004535764456e-05
0.6,Linear BTL,0,42,,-25.28702507206995,0,6.666666666666667,0.0,8.333333333333334,1,0,1,,,,0.0008486999431625009,0.0008894999045878649,4.880002234131098e-05,0.03686949994880706,0.04706559993792325,0.03738499991595745,0.003008499974384904,0.0033004999859258533,0.00011809996794909239
0.6,Linear BTL,1,43,,-28.461521818275667,4,9.090909090909092,0.0,11.11111111111111,1,0,1,,,,0.0016015999717637897,0.0017499999376013875,0.00015929993242025375,0.028509899973869324,0.038688899949193,0.025633999961428344,0.002719599986448884,0.0024256000760942698,0.00015350000467151403
0.6,Linear BTL,2,45,,-17.049261783807584,0,6.666666666666667,0.0,12.5,1,0,1,,,,0.0007471001008525491,0.0008604000322520733,4.900002386420965e-05,0.035277900053188205,0.11866220005322248,0.0656033999985084,0.004430899978615344,0.0033774999901652336,0.00017040001694113016
0.6,Linear BTL,3,48,,-15.533454986824607,0,6.666666666666667,0.0,14.285714285714286,1,0,1,,,,0.0007837000302970409,0.0009680000366643071,4.780001472681761e-05,0.03353960008826107,0.04400069999974221,0.023011700017377734,0.0034022999461740255,0.0038835000013932586,0.00018580001778900623
0.6,Linear BTL,4,52,,-17.27684651275405,0,0.0,0.0,0.0,0,0,0,,,,0.0007447999669238925,0.0009177000029012561,4.630000330507755e-05,0.04066129995044321,0.061329100048169494,0.03004550002515316,0.003397399908863008,0.005978900007903576,0.00010950001887977123
0.6,Linear BTL,5,57,,-17.167769586978523,0,0.0,0.0,0.0,0,0,0,,,,0.0007640999974682927,0.0008958000689744949,4.67000063508749e-05,0.037160799955017865,0.052960500004701316,0.018615400069393218,0.005058599985204637,0.0034539999905973673,0.0001868000254034996
0.6,Linear BTL,6,63,,-28.23163018919736,3,0.0,0.0,0.0,0,0,0,,,,0.0007532000308856368,0.0007653000066056848,0.00011360005009919405,0.03440460003912449,0.05601050006225705,0.02109940000809729,0.0023325999500229955,0.0021982999751344323,9.350001346319914e-05
0.6,Linear BTL,7,70,,-23.034917073080564,2,7.6923076923076925,0.0,12.5,1,0,1,,,,0.0007428999524563551,0.0007573000621050596,0.0001132000470533967,0.03983469994273037,0.050233300076797605,0.02815190004184842,0.003919600043445826,0.003351299907080829,0.00017040001694113016
0.6,Linear BTL,8,78,,-11.65151107265382,0,6.666666666666667,0.0,20.0,1,0,1,,,,0.0008348999544978142,0.0008807000704109669,4.730001091957092e-05,0.035725300083868206,0.061890200013294816,0.028703600051812828,0.0047871998976916075,0.003258800017647445,0.0001903999364003539
0.6,Linear BTL,9,87,,-20.134851910785066,0,0.0,0.0,0.0,0,0,0,,,,0.0007485999958589673,0.0008018000517040491,4.6600005589425564e-05,0.03403139999136329,0.060233799973502755,0.03104219993110746,0.004324199981056154,0.003268499975092709,0.00018639990594238043
0.6,Linear BTL,10,97,,-21.249865006160903,0,13.333333333333334,0.0,22.22222222222222,2,0,2,,,,0.0007558999350294471,0.0009713999461382627,4.650000482797623e-05,0.029302099952474236,0.06546219997107983,0.04505570000037551,0.0031859000446274877,0.0032851999858394265,0.00011470005847513676
0.6,Linear BTL,11,108,,-28.70187458901355,2,0.0,0.0,0.0,0,0,0,,,,0.001108999946154654,0.0017179999267682433,0.00022169994190335274,0.03681810002308339,0.04011010006070137,0.031945600057952106,0.0029566000448539853,0.0028625999111682177,0.00016679998952895403
0.6,Linear BTL,12,120,,-19.546111323797355,0,13.333333333333334,0.0,28.571428571428573,2,0,2,,,,0.0011241999454796314,0.0009064000332728028,4.740001168102026e-05,0.032455199980176985,0.04461939993780106,0.020122200017794967,0.0032360999612137675,0.00487589999102056,0.00019019993487745523
0.6,Linear BTL,13,133,,-14.970990423718785,1,7.142857142857143,0.0,16.666666666666668,1,0,1,,,,0.0007855999283492565,0.0008331999415531754,0.00011579995043575764,0.03375369997229427,0.04017499997280538,0.02999820001423359,0.003049599938094616,0.004270800040103495,0.00010539998766034842
0.6,Linear BTL,14,147,,-17.13603259737613,0,0.0,0.0,0.0,0,0,0,,,,0.0007650000043213367,0.001025900011882186,4.680000711232424e-05,0.028407500009052455,0.04671410005539656,0.02283139992505312,0.0029187999898567796,0.0027443000581115484,0.0001058999914675951
0.6,Linear BTL,15,162,,-19.023003690708904,0,6.666666666666667,0.0,12.5,1,0,1,,,,0.0007455999730154872,0.0008681000908836722,4.6600005589425564e-05,0.03270189999602735,0.042841300019063056,0.028395900037139654,0.004367000074125826,0.0027652999851852655,0.00010900001507252455
0.6,Linear BTL,16,178,,-10.578233203115392,0,0.0,0.0,0.0,0,0,0,,,,0.0007588999578729272,0.0008369999704882503,5.159992724657059e-05,0.02915810002014041,0.049090599990449846,0.03353439993225038,0.002928100060671568,0.002771700033918023,0.00010599999222904444
0.6,Linear BTL,17,195,,-16.63359807278726,0,0.0,0.0,0.0,0,0,0,,,,0.0007489999989047647,0.0008820999646559358,4.650000482797623e-05,0.027369100018404424,0.04150400008074939,0.03490169998258352,0.009611499961465597,0.0038891000440344214,0.00022430007811635733
0.6,Linear BTL,18,213,,-16.974071509148402,0,6.666666666666667,0.0,12.5,1,0,1,,,,0.0013798000290989876,0.005547399981878698,0.0001398000167682767,0.06438949995208532,0.05545169999822974,0.043392700026743114,0.002991699962876737,0.0028510999400168657,0.00010810000821948051
0.6,Linear BTL,19,232,,-27.25418618658275,5,0.0,0.0,0.0,0,0,0,,,,0.0035898000933229923,0.0009302999824285507,0.0001341000897809863,0.0327951000072062,0.033436300000175834,0.014393899939022958,0.0020052000181749463,0.0018517998978495598,8.240004535764456e-05
0.7,LP2 ($\theta$ Only),0,42,0.0,,0,0.0,0.0,0.0,0,0,0,0.0,0.0,100.0,0.013504000031389296,0.00246969994623214,6.97999494150281e-05,0.037139100022614,0.06377170002087951,0.028714300016872585,0.003394800005480647,0.003266100073233247,0.00018470000941306353
0.7,LP2 ($\theta$ Only),1,43,0.0,,1,0.0,0.0,0.0,0,0,0,0.0,0.0,100.0,0.0007391999242827296,0.002620800049044192,0.0003443000605329871,0.032428500009700656,0.03967149998061359,0.02956709999125451,0.0032362000783905387,0.0030713999876752496,0.00017790007404983044
0.7,LP2 ($\theta$ Only),2,45,0.0,,0,0.0,0.0,0.0,0,0,0,0.0,0.0,100.0,0.0007445999654009938,0.0008083999855443835,4.740001168102026e-05,0.030006199958734214,0.04770739993546158,0.02863350010011345,0.00345509999897331,0.0032496999483555555,0.00018430000636726618
0.7,LP2 ($\theta$ Only),3,48,0.0,,1,0.0,0.0,0.0,0,0,0,0.0,0.0,100.0,0.0007581999525427818,0.0008715000003576279,0.00011509994510561228,0.02992580004502088,0.038790600025095046,0.02399879996664822,0.003192199976183474,0.003070899983868003,0.0001772999530658126
0.7,LP2 ($\theta$ Only),4,52,0.0,,0,0.0,0.0,0.0,0,0,0,0.0,0.0,100.0,0.0007421000627800822,0.0008065999718382955,4.650000482797623e-05,0.029980899998918176,0.05410029995255172,0.03376890008803457,0.005449000047519803,0.0038568000309169292,0.00018779991660267115
0.7,LP2 ($\theta$ Only),5,57,0.0,,0,0.0,0.0,0.0,0,0,0,0.0,0.0,100.0,0.0007624999852851033,0.0008973999647423625,4.640000406652689e-05,0.037972899968735874,0.05975939997006208,0.02299030008725822,0.004965200088918209,0.00517540005967021,0.00018830003682523966
0.7,LP2 ($\theta$ Only),6,63,0.0,,3,0.0,0.0,0.0,0,0,0,0.0,0.0,100.0,0.0008070999756455421,0.0009340998949483037,0.0001292000524699688,0.03400159999728203,0.0564698000671342,0.02898750000167638,0.002384199993684888,0.005663700052537024,0.00016250007320195436
0.7,LP2 ($\theta$ Only),7,70,0.0,,2,0.0,0.0,0.0,0,0,0,0.0,0.0,100.0,0.0007668000180274248,0.0008825999684631824,0.00011720007751137018,0.03356840007472783,0.050362000009045005,0.03273689991328865,0.002556100022047758,0.0025548000121489167,9.970006067305803e-05
0.7,LP2 ($\theta$ Only),8,78,0.0,,2,0.0,0.0,0.0,0,0,0,0.0,0.0,100.0,0.0007366000209003687,0.0008669000817462802,0.00010990002192556858,0.04134209989570081,0.06535369995981455,0.05429749994073063,0.0031063000205904245,0.007161100045777857,0.00018619990441948175
0.7,LP2 ($\theta$ Only),9,87,0.0,,0,0.0,0.0,0.0,0,0,0,0.0,0.0,100.0,0.0008198000723496079,0.0010091000003740191,5.10999234393239e-05,0.052059800014831126,0.06369550002273172,0.030198600026778877,0.004471000051125884,0.002999299904331565,0.0001094000181183219
0.7,LP2 ($\theta$ Only),10,97,0.0,,1,0.0,0.0,0.0,0,0,0,0.0,0.0,100.0,0.0034886000212281942,0.0008953999495133758,0.00012529990635812283,0.03704770002514124,0.03985169995576143,0.017974299960769713,0.002726400038227439,0.0025782999582588673,0.00010359997395426035
0.7,LP2 ($\theta$ Only),11,108,0.0,,2,0.0,0.0,0.0,0,0,0,0.0,0.0,100.0,0.0009624999947845936,0.0008336000610142946,0.00010930001735687256,0.029720699996687472,0.15512679994571954,0.02784100000280887,0.004174000001512468,0.002913700067438185,0.00017689995002001524
0.7,LP2 ($\theta$ Only),12,120,0.0,,0,0.0,0.0,0.0,0,0,0,0.0,0.0,100.0,0.0013049999251961708,0.001025000005029142,5.909998435527086e-05,0.030515799997374415,0.04014260007534176,0.029856799985282123,0.0034389999927952886,0.0038892999291419983,0.00032380002085119486
0.7,LP2 ($\theta$ Only),13,133,0.0,,0,0.0,0.0,0.0,0,0,0,0.0,0.0,100.0,0.0013303000014275312,0.0010040999623015523,4.909990821033716e-05,0.030182700022123754,0.04677879996597767,0.024761199951171875,0.0034073999850079417,0.0032888000132516026,0.00018339999951422215
0.7,LP2 ($\theta$ Only),14,147,0.0,,0,0.0,0.0,0.0,0,0,0,0.0,0.0,100.0,0.0008085999870672822,0.001250400091521442,4.75000124424696e-05,0.028365800040774047,0.045926300110295415,0.03095229994505644,0.002931399969384074,0.0027821999974548817,0.00010629999451339245
0.7,LP2 ($\theta$ Only),15,162,0.0,,0,0.0,0.0,0.0,0,0,0,0.0,0.0,100.0,0.0007337999995797873,0.0008806000696495175,4.5900000259280205e-05,0.035778600024059415,0.04937430005520582,0.025561699992977083,0.0029426999390125275,0.002928399946540594,0.00010730000212788582
0.7,LP2 ($\theta$ Only),16,178,0.0,,0,0.0,0.0,0.0,0,0,0,0.0,0.0,100.0,0.0007382000330835581,0.0011433999752625823,4.840001929551363e-05,0.03616269992198795,0.05636559997219592,0.03726949996780604,0.005231500021182001,0.0038750000530853868,0.00011310004629194736
0.7,LP2 ($\theta$ Only),17,195,0.0,,0,0.0,0.0,0.0,0,0,0,0.0,0.0,100.0,0.0007794999983161688,0.0008940999396145344,6.10999995842576e-05,0.03992879996076226,0.07478270004503429,0.02380209998227656,0.0030755000188946724,0.002921900013461709,0.00018589990213513374
0.7,LP2 ($\theta$ Only),18,213,0.0,,0,0.0,0.0,0.0,0,0,0,0.0,0.0,100.0,0.0007956000044941902,0.0009005001047626138,4.630000330507755e-05,0.029144200030714273,0.04397600004449487,0.06711800000630319,0.003174099954776466,0.0028075999580323696,0.00010740000288933516
0.7,LP2 ($\theta$ Only),19,232,0.0,,6,0.0,0.0,0.0,0,0,0,0.0,0.0,100.0,0.0010991999879479408,0.0008687999797984958,0.00011020002420991659,0.02722310007084161,0.03268840000964701,0.03097429999615997,0.0018534999107941985,0.0016962999943643808,8.040003012865782e-05
0.7,LP3 ($\theta$ Only),0,42,0.0,,0,0.0,0.0,0.0,0,0,0,0.0,0.0,100.0,0.013504000031389296,0.00246969994623214,6.97999494150281e-05,0.037139100022614,0.06377170002087951,0.028714300016872585,0.003394800005480647,0.003266100073233247,0.00018470000941306353
0.7,LP3 ($\theta$ Only),1,43,0.0,,1,0.0,0.0,0.0,0,0,0,0.0,0.0,100.0,0.0007391999242827296,0.002620800049044192,0.0003443000605329871,0.032428500009700656,0.03967149998061359,0.02956709999125451,0.0032362000783905387,0.0030713999876752496,0.00017790007404983044
0.7,LP3 ($\theta$ Only),2,45,0.0,,0,0.0,0.0,0.0,0,0,0,0.0,0.0,100.0,0.0007445999654009938,0.0008083999855443835,4.740001168102026e-05,0.030006199958734214,0.04770739993546158,0.02863350010011345,0.00345509999897331,0.0032496999483555555,0.00018430000636726618
0.7,LP3 ($\theta$ Only),3,48,0.0,,1,0.0,0.0,0.0,0,0,0,0.0,0.0,100.0,0.0007581999525427818,0.0008715000003576279,0.00011509994510561228,0.02992580004502088,0.038790600025095046,0.02399879996664822,0.003192199976183474,0.003070899983868003,0.0001772999530658126
0.7,LP3 ($\theta$ Only),4,52,0.0,,0,0.0,0.0,0.0,0,0,0,0.0,0.0,100.0,0.0007421000627800822,0.0008065999718382955,4.650000482797623e-05,0.029980899998918176,0.05410029995255172,0.03376890008803457,0.005449000047519803,0.0038568000309169292,0.00018779991660267115
0.7,LP3 ($\theta$ Only),5,57,0.0,,0,0.0,0.0,0.0,0,0,0,0.0,0.0,100.0,0.0007624999852851033,0.0008973999647423625,4.640000406652689e-05,0.037972899968735874,0.05975939997006208,0.02299030008725822,0.004965200088918209,0.00517540005967021,0.00018830003682523966
0.7,LP3 ($\theta$ Only),6,63,0.0,,3,0.0,0.0,0.0,0,0,0,0.0,0.0,100.0,0.0008070999756455421,0.0009340998949483037,0.0001292000524699688,0.03400159999728203,0.0564698000671342,0.02898750000167638,0.002384199993684888,0.005663700052537024,0.00016250007320195436
0.7,LP3 ($\theta$ Only),7,70,0.0,,2,0.0,0.0,0.0,0,0,0,0.0,0.0,100.0,0.0007668000180274248,0.0008825999684631824,0.00011720007751137018,0.03356840007472783,0.050362000009045005,0.03273689991328865,0.002556100022047758,0.0025548000121489167,9.970006067305803e-05
0.7,LP3 ($\theta$ Only),8,78,0.0,,2,0.0,0.0,0.0,0,0,0,0.0,0.0,100.0,0.0007366000209003687,0.0008669000817462802,0.00010990002192556858,0.04134209989570081,0.06535369995981455,0.05429749994073063,0.0031063000205904245,0.007161100045777857,0.00018619990441948175
0.7,LP3 ($\theta$ Only),9,87,0.0,,0,0.0,0.0,0.0,0,0,0,0.0,0.0,100.0,0.0008198000723496079,0.0010091000003740191,5.10999234393239e-05,0.052059800014831126,0.06369550002273172,0.030198600026778877,0.004471000051125884,0.002999299904331565,0.0001094000181183219
0.7,LP3 ($\theta$ Only),10,97,0.0,,1,0.0,0.0,0.0,0,0,0,0.0,0.0,100.0,0.0034886000212281942,0.0008953999495133758,0.00012529990635812283,0.03704770002514124,0.03985169995576143,0.017974299960769713,0.002726400038227439,0.0025782999582588673,0.00010359997395426035
0.7,LP3 ($\theta$ Only),11,108,0.0,,2,0.0,0.0,0.0,0,0,0,0.0,0.0,100.0,0.0009624999947845936,0.0008336000610142946,0.00010930001735687256,0.029720699996687472,0.15512679994571954,0.02784100000280887,0.004174000001512468,0.002913700067438185,0.00017689995002001524
0.7,LP3 ($\theta$ Only),12,120,0.0,,0,0.0,0.0,0.0,0,0,0,0.0,0.0,100.0,0.0013049999251961708,0.001025000005029142,5.909998435527086e-05,0.030515799997374415,0.04014260007534176,0.029856799985282123,0.0034389999927952886,0.0038892999291419983,0.00032380002085119486
0.7,LP3 ($\theta$ Only),13,133,0.0,,0,0.0,0.0,0.0,0,0,0,0.0,0.0,100.0,0.0013303000014275312,0.0010040999623015523,4.909990821033716e-05,0.030182700022123754,0.04677879996597767,0.024761199951171875,0.0034073999850079417,0.0032888000132516026,0.00018339999951422215
0.7,LP3 ($\theta$ Only),14,147,0.0,,0,0.0,0.0,0.0,0,0,0,0.0,0.0,100.0,0.0008085999870672822,0.001250400091521442,4.75000124424696e-05,0.028365800040774047,0.045926300110295415,0.03095229994505644,0.002931399969384074,0.0027821999974548817,0.00010629999451339245
0.7,LP3 ($\theta$ Only),15,162,0.0,,0,0.0,0.0,0.0,0,0,0,0.0,0.0,100.0,0.0007337999995797873,0.0008806000696495175,4.5900000259280205e-05,0.035778600024059415,0.04937430005520582,0.025561699992977083,0.0029426999390125275,0.002928399946540594,0.00010730000212788582
0.7,LP3 ($\theta$ Only),16,178,0.0,,0,0.0,0.0,0.0,0,0,0,0.0,0.0,100.0,0.0007382000330835581,0.0011433999752625823,4.840001929551363e-05,0.03616269992198795,0.05636559997219592,0.03726949996780604,0.005231500021182001,0.0038750000530853868,0.00011310004629194736
0.7,LP3 ($\theta$ Only),17,195,0.0,,0,0.0,0.0,0.0,0,0,0,0.0,0.0,100.0,0.0007794999983161688,0.0008940999396145344,6.10999995842576e-05,0.03992879996076226,0.07478270004503429,0.02380209998227656,0.0030755000188946724,0.002921900013461709,0.00018589990213513374
0.7,LP3 ($\theta$ Only),18,213,0.0,,0,0.0,0.0,0.0,0,0,0,0.0,0.0,100.0,0.0007956000044941902,0.0009005001047626138,4.630000330507755e-05,0.029144200030714273,0.04397600004449487,0.06711800000630319,0.003174099954776466,0.0028075999580323696,0.00010740000288933516
0.7,LP3 ($\theta$ Only),19,232,0.0,,6,0.0,0.0,0.0,0,0,0,0.0,0.0,100.0,0.0010991999879479408,0.0008687999797984958,0.00011020002420991659,0.02722310007084161,0.03268840000964701,0.03097429999615997,0.0018534999107941985,0.0016962999943643808,8.040003012865782e-05
0.7,Linear BTL,0,42,,-25.27620698153637,0,13.333333333333334,0.0,16.666666666666668,2,0,2,,,,0.013504000031389296,0.00246969994623214,6.97999494150281e-05,0.037139100022614,0.06377170002087951,0.028714300016872585,0.003394800005480647,0.003266100073233247,0.00018470000941306353
0.7,Linear BTL,1,43,,-29.16892149131219,1,7.142857142857143,0.0,7.6923076923076925,1,0,1,,,,0.0007391999242827296,0.002620800049044192,0.0003443000605329871,0.032428500009700656,0.03967149998061359,0.02956709999125451,0.0032362000783905387,0.0030713999876752496,0.00017790007404983044
0.7,Linear BTL,2,45,,-24.50480348699858,0,0.0,0.0,0.0,0,0,0,,,,0.0007445999654009938,0.0008083999855443835,4.740001168102026e-05,0.030006199958734214,0.04770739993546158,0.02863350010011345,0.00345509999897331,0.0032496999483555555,0.00018430000636726618
0.7,Linear BTL,3,48,,-23.96702231307315,1,0.0,0.0,0.0,0,0,0,,,,0.0007581999525427818,0.0008715000003576279,0.00011509994510561228,0.02992580004502088,0.038790600025095046,0.02399879996664822,0.003192199976183474,0.003070899983868003,0.0001772999530658126
0.7,Linear BTL,4,52,,-24.1012835930648,0,13.333333333333334,0.0,18.181818181818183,2,0,2,,,,0.0007421000627800822,0.0008065999718382955,4.650000482797623e-05,0.029980899998918176,0.05410029995255172,0.03376890008803457,0.005449000047519803,0.0038568000309169292,0.00018779991660267115
0.7,Linear BTL,5,57,,-19.206166327752506,0,0.0,0.0,0.0,0,0,0,,,,0.0007624999852851033,0.0008973999647423625,4.640000406652689e-05,0.037972899968735874,0.05975939997006208,0.02299030008725822,0.004965200088918209,0.00517540005967021,0.00018830003682523966
0.7,Linear BTL,6,63,,-29.31822741621116,3,8.333333333333334,0.0,10.0,1,0,1,,,,0.0008070999756455421,0.0009340998949483037,0.0001292000524699688,0.03400159999728203,0.0564698000671342,0.02898750000167638,0.002384199993684888,0.005663700052537024,0.00016250007320195436
0.7,Linear BTL,7,70,,-24.72900146729513,2,15.384615384615385,0.0,25.0,2,0,2,,,,0.0007668000180274248,0.0008825999684631824,0.00011720007751137018,0.03356840007472783,0.050362000009045005,0.03273689991328865,0.002556100022047758,0.0025548000121489167,9.970006067305803e-05
0.7,Linear BTL,8,78,,-18.285125830862967,2,0.0,0.0,0.0,0,0,0,,,,0.0007366000209003687,0.0008669000817462802,0.00010990002192556858,0.04134209989570081,0.06535369995981455,0.05429749994073063,0.0031063000205904245,0.007161100045777857,0.00018619990441948175
0.7,Linear BTL,9,87,,-22.934092438387125,0,6.666666666666667,0.0,10.0,1,0,1,,,,0.0008198000723496079,0.0010091000003740191,5.10999234393239e-05,0.052059800014831126,0.06369550002273172,0.030198600026778877,0.004471000051125884,0.002999299904331565,0.0001094000181183219
0.7,Linear BTL,10,97,,-21.572803087293146,1,21.428571428571427,0.0,37.5,3,0,3,,,,0.0034886000212281942,0.0008953999495133758,0.00012529990635812283,0.03704770002514124,0.03985169995576143,0.017974299960769713,0.002726400038227439,0.0025782999582588673,0.00010359997395426035
0.7,Linear BTL,11,108,,-29.168921310847512,2,7.6923076923076925,0.0,8.333333333333334,1,0,1,,,,0.0009624999947845936,0.0008336000610142946,0.00010930001735687256,0.029720699996687472,0.15512679994571954,0.02784100000280887,0.004174000001512468,0.002913700067438185,0.00017689995002001524
0.7,Linear BTL,12,120,,-20.808465579097874,0,13.333333333333334,0.0,22.22222222222222,2,0,2,,,,0.0013049999251961708,0.001025000005029142,5.909998435527086e-05,0.030515799997374415,0.04014260007534176,0.029856799985282123,0.0034389999927952886,0.0038892999291419983,0.00032380002085119486
0.7,Linear BTL,13,133,,-14.932721540827814,0,6.666666666666667,0.0,14.285714285714286,1,0,1,,,,0.0013303000014275312,0.0010040999623015523,4.909990821033716e-05,0.030182700022123754,0.04677879996597767,0.024761199951171875,0.0034073999850079417,0.0032888000132516026,0.00018339999951422215
0.7,Linear BTL,14,147,,-19.29064627088952,0,0.0,0.0,0.0,0,0,0,,,,0.0008085999870672822,0.001250400091521442,4.75000124424696e-05,0.028365800040774047,0.045926300110295415,0.03095229994505644,0.002931399969384074,0.0027821999974548817,0.00010629999451339245
0.7,Linear BTL,15,162,,-23.00738774381625,0,6.666666666666667,0.0,10.0,1,0,1,,,,0.0007337999995797873,0.0008806000696495175,4.5900000259280205e-05,0.035778600024059415,0.04937430005520582,0.025561699992977083,0.0029426999390125275,0.002928399946540594,0.00010730000212788582
0.7,Linear BTL,16,178,,-14.374416992062379,0,13.333333333333334,0.0,28.571428571428573,2,0,2,,,,0.0007382000330835581,0.0011433999752625823,4.840001929551363e-05,0.03616269992198795,0.05636559997219592,0.03726949996780604,0.005231500021182001,0.0038750000530853868,0.00011310004629194736
0.7,Linear BTL,17,195,,-16.25191333962541,0,0.0,0.0,0.0,0,0,0,,,,0.0007794999983161688,0.0008940999396145344,6.10999995842576e-05,0.03992879996076226,0.07478270004503429,0.02380209998227656,0.0030755000188946724,0.002921900013461709,0.00018589990213513374
0.7,Linear BTL,18,213,,-15.667776501171609,0,6.666666666666667,0.0,14.285714285714286,1,0,1,,,,0.0007956000044941902,0.0009005001047626138,4.630000330507755e-05,0.029144200030714273,0.04397600004449487,0.06711800000630319,0.003174099954776466,0.0028075999580323696,0.00010740000288933516
0.7,Linear BTL,19,232,,-29.426054307805334,6,11.11111111111111,0.0,14.285714285714286,1,0,1,,,,0.0010991999879479408,0.0008687999797984958,0.00011020002420991659,0.02722310007084161,0.03268840000964701,0.03097429999615997,0.0018534999107941985,0.0016962999943643808,8.040003012865782e-05
0.8,LP2 ($\theta$ Only),0,42,0.0,,0,0.0,0.0,0.0,0,0,0,0.0,0.0,100.0,0.001617699977941811,0.0008972999639809132,5.5200071074068546e-05,0.03868950007017702,0.060484099900349975,0.026579099940136075,0.003165600006468594,0.002876000013202429,0.00010920001659542322
0.8,LP2 ($\theta$ Only),1,43,0.0,,0,0.0,0.0,0.0,0,0,0,0.0,0.0,100.0,0.003513399977236986,0.000919999903999269,5.309993866831064e-05,0.04166809993330389,0.05353469995316118,0.05332710000220686,0.0066757999593392015,0.003675800049677491,0.0003084999043494463
0.8,LP2 ($\theta$ Only),2,45,0.0,,0,0.0,0.0,0.0,0,0,0,0.0,0.0,100.0,0.0009963000193238258,0.001253900001756847,6.480002775788307e-05,0.03806859999895096,0.054812800022773445,0.031630099983885884,0.0030401999829337,0.0030172999249771237,0.00010930001735687256
0.8,LP2 ($\theta$ Only),3,48,0.0,,2,0.0,0.0,0.0,0,0,0,0.0,0.0,100.0,0.0007607999723404646,0.0008992999792098999,0.00011829996947199106,0.02591470000334084,0.04572479997295886,0.023514200001955032,0.0029912000754848123,0.0028671000618487597,0.00021959992591291666
0.8,LP2 ($\theta$ Only),4,52,0.0,,3,0.0,0.0,0.0,0,0,0,0.0,0.0,100.0,0.0011491000186651945,0.0008838000940158963,0.00011330004781484604,0.04008800000883639,0.047299700090661645,0.027579099987633526,0.0050938999047502875,0.0037611000007018447,9.869993664324284e-05
0.8,LP2 ($\theta$ Only),5,57,0.0,,2,0.0,0.0,0.0,0,0,0,0.0,0.0,100.0,0.0007541000377386808,0.0009118999587371945,0.00012290000449866056,0.048568999976851046,0.0722234999993816,0.024781599990092218,0.0029694000259041786,0.0028597000055015087,0.00016719999257475138
0.8,LP2 ($\theta$ Only),6,63,0.0,,3,0.0,0.0,0.0,0,0,0,0.0,0.0,100.0,0.000744100078009069,0.0009188998956233263,0.00018970004748553038,0.03440190001856536,0.04739049996715039,0.02419030002783984,0.003578400006517768,0.002610199968330562,0.00016229995526373386
0.8,LP2 ($\theta$ Only),7,70,0.0,,1,0.0,0.0,0.0,0,0,0,0.0,0.0,100.0,0.0007458999752998352,0.0008049000753089786,0.0001194999786093831,0.03426210000179708,0.05000470008235425,0.03228679997846484,0.002710800035856664,0.0049989999970421195,0.00015360000543296337
0.8,LP2 ($\theta$ Only),8,78,0.0,,1,0.0,0.0,0.0,0,0,0,0.0,0.0,100.0,0.001153700053691864,0.0009307999862357974,0.00011330004781484604,0.035083599970676005,0.050012199906632304,0.025322900037281215,0.0057366000255569816,0.003041099989786744,0.00017889996524900198
0.8,LP2 ($\theta$ Only),9,87,0.0,,0,0.0,0.0,0.0,0,0,0,0.0,0.0,100.0,0.0007509000133723021,0.0008478000527247787,4.700000863522291e-05,0.03509060002397746,0.059067499940283597,0.03288700000848621,0.0048840000526979566,0.003425200004130602,0.00018850003834813833
0.8,LP2 ($\theta$ Only),10,97,0.0,,0,0.0,0.0,0.0,0,0,0,0.0,0.0,100.0,0.0007521000225096941,0.000879199942573905,4.700000863522291e-05,0.03099390002898872,0.06245810003019869,0.021275200066156685,0.004516700049862266,0.003101399983279407,0.00019839999731630087
0.8,LP2 ($\theta$ Only),11,108,0.0,,2,0.0,0.0,0.0,0,0,0,0.0,0.0,100.0,0.0007605999708175659,0.000838999985717237,0.00011249992530792952,0.02687029994558543,0.03965940000489354,0.023929100017994642,0.0050475000170990825,0.002986400038935244,0.0001857000170275569
0.8,LP2 ($\theta$ Only),12,120,0.0,,0,0.0,0.0,0.0,0,0,0,0.0,0.0,100.0,0.0007462999783456326,0.0008091999916359782,4.6200002543628216e-05,0.028635900001972914,0.047730399994179606,0.01671550003811717,0.0034537999890744686,0.003308700048364699,0.00018660002388060093
0.8,LP2 ($\theta$ Only),13,133,0.0,,0,0.0,0.0,0.0,0,0,0,0.0,0.0,100.0,0.0007446999661624432,0.0008918000385165215,4.610000178217888e-05,0.03462629998102784,0.04337129998020828,0.03373940009623766,0.0028840000741183758,0.002737100003287196,0.00010830000974237919
0.8,LP2 ($\theta$ Only),14,147,0.0,,0,0.0,0.0,0.0,0,0,0,0.0,0.0,100.0,0.0007427000673487782,0.0009608999826014042,4.780001472681761e-05,0.028214000049047172,0.04352760000620037,0.0374505000654608,0.002988100051879883,0.00280149991158396,0.00010609999299049377
0.8,LP2 ($\theta$ Only),15,162,0.0,,0,0.0,0.0,0.0,0,0,0,0.0,0.0,100.0,0.000746200093999505,0.0008953999495133758,4.549999721348286e-05,0.029473000089637935,0.04588730004616082,0.03742649999912828,0.0032945999410003424,0.004463799996301532,0.00011150003410875797
0.8,LP2 ($\theta$ Only),16,178,0.0,,0,0.0,0.0,0.0,0,0,0,0.0,0.0,100.0,0.0007596999639645219,0.00083430006634444,4.650000482797623e-05,0.027649899944663048,0.040854600025340915,0.03559570002835244,0.003420199966058135,0.004204700002446771,0.00031130004208534956
0.8,LP2 ($\theta$ Only),17,195,0.0,,0,0.0,0.0,0.0,0,0,0,0.0,0.0,100.0,0.00090079999063164,0.0008953000651672482,4.830001853406429e-05,0.027410700102336705,0.05186350003350526,0.025892099947668612,0.002934899996034801,0.0029167000902816653,0.00015940004959702492
0.8,LP2 ($\theta$ Only),18,213,0.0,,0,0.0,0.0,0.0,0,0,0,0.0,0.0,100.0,0.0010973000898957253,0.0013708999613299966,5.0200033001601696e-05,0.028779599932022393,0.045929100015200675,0.059144599945284426,0.0029720000457018614,0.0028125999961048365,0.00011540006380528212
0.8,LP2 ($\theta$ Only),19,232,0.0,,3,0.0,0.0,0.0,0,0,0,0.0,0.0,100.0,0.0007612999761477113,0.000816799933090806,0.00011460005771368742,0.028656100039370358,0.09792189998552203,0.03655670001171529,0.004434800008311868,0.023117699893191457,0.00010629999451339245
0.8,LP3 ($\theta$ Only),0,42,0.0,,0,0.0,0.0,0.0,0,0,0,0.0,0.0,100.0,0.001617699977941811,0.0008972999639809132,5.5200071074068546e-05,0.03868950007017702,0.060484099900349975,0.026579099940136075,0.003165600006468594,0.002876000013202429,0.00010920001659542322
0.8,LP3 ($\theta$ Only),1,43,0.0,,0,0.0,0.0,0.0,0,0,0,0.0,0.0,100.0,0.003513399977236986,0.000919999903999269,5.309993866831064e-05,0.04166809993330389,0.05353469995316118,0.05332710000220686,0.0066757999593392015,0.003675800049677491,0.0003084999043494463
0.8,LP3 ($\theta$ Only),2,45,0.0,,0,0.0,0.0,0.0,0,0,0,0.0,0.0,100.0,0.0009963000193238258,0.001253900001756847,6.480002775788307e-05,0.03806859999895096,0.054812800022773445,0.031630099983885884,0.0030401999829337,0.0030172999249771237,0.00010930001735687256
0.8,LP3 ($\theta$ Only),3,48,0.0,,2,0.0,0.0,0.0,0,0,0,0.0,0.0,100.0,0.0007607999723404646,0.0008992999792098999,0.00011829996947199106,0.02591470000334084,0.04572479997295886,0.023514200001955032,0.0029912000754848123,0.0028671000618487597,0.00021959992591291666
0.8,LP3 ($\theta$ Only),4,52,0.0,,3,0.0,0.0,0.0,0,0,0,0.0,0.0,100.0,0.0011491000186651945,0.0008838000940158963,0.00011330004781484604,0.04008800000883639,0.047299700090661645,0.027579099987633526,0.0050938999047502875,0.0037611000007018447,9.869993664324284e-05
0.8,LP3 ($\theta$ Only),5,57,0.0,,2,0.0,0.0,0.0,0,0,0,0.0,0.0,100.0,0.0007541000377386808,0.0009118999587371945,0.00012290000449866056,0.048568999976851046,0.0722234999993816,0.024781599990092218,0.0029694000259041786,0.0028597000055015087,0.00016719999257475138
0.8,LP3 ($\theta$ Only),6,63,0.0,,3,0.0,0.0,0.0,0,0,0,0.0,0.0,100.0,0.000744100078009069,0.0009188998956233263,0.00018970004748553038,0.03440190001856536,0.04739049996715039,0.02419030002783984,0.003578400006517768,0.002610199968330562,0.00016229995526373386
0.8,LP3 ($\theta$ Only),7,70,0.0,,1,0.0,0.0,0.0,0,0,0,0.0,0.0,100.0,0.0007458999752998352,0.0008049000753089786,0.0001194999786093831,0.03426210000179708,0.05000470008235425,0.03228679997846484,0.002710800035856664,0.0049989999970421195,0.00015360000543296337
0.8,LP3 ($\theta$ Only),8,78,0.0,,1,0.0,0.0,0.0,0,0,0,0.0,0.0,100.0,0.001153700053691864,0.0009307999862357974,0.00011330004781484604,0.035083599970676005,0.050012199906632304,0.025322900037281215,0.0057366000255569816,0.003041099989786744,0.00017889996524900198
0.8,LP3 ($\theta$ Only),9,87,0.0,,0,0.0,0.0,0.0,0,0,0,0.0,0.0,100.0,0.0007509000133723021,0.0008478000527247787,4.700000863522291e-05,0.03509060002397746,0.059067499940283597,0.03288700000848621,0.0048840000526979566,0.003425200004130602,0.00018850003834813833
0.8,LP3 ($\theta$ Only),10,97,0.0,,0,0.0,0.0,0.0,0,0,0,0.0,0.0,100.0,0.0007521000225096941,0.000879199942573905,4.700000863522291e-05,0.03099390002898872,0.06245810003019869,0.021275200066156685,0.004516700049862266,0.003101399983279407,0.00019839999731630087
0.8,LP3 ($\theta$ Only),11,108,0.0,,2,0.0,0.0,0.0,0,0,0,0.0,0.0,100.0,0.0007605999708175659,0.000838999985717237,0.00011249992530792952,0.02687029994558543,0.03965940000489354,0.023929100017994642,0.0050475000170990825,0.002986400038935244,0.0001857000170275569
0.8,LP3 ($\theta$ Only),12,120,0.0,,0,0.0,0.0,0.0,0,0,0,0.0,0.0,100.0,0.0007462999783456326,0.0008091999916359782,4.6200002543628216e-05,0.028635900001972914,0.047730399994179606,0.01671550003811717,0.0034537999890744686,0.003308700048364699,0.00018660002388060093
0.8,LP3 ($\theta$ Only),13,133,0.0,,0,0.0,0.0,0.0,0,0,0,0.0,0.0,100.0,0.0007446999661624432,0.0008918000385165215,4.610000178217888e-05,0.03462629998102784,0.04337129998020828,0.03373940009623766,0.0028840000741183758,0.002737100003287196,0.00010830000974237919
0.8,LP3 ($\theta$ Only),14,147,0.0,,0,0.0,0.0,0.0,0,0,0,0.0,0.0,100.0,0.0007427000673487782,0.0009608999826014042,4.780001472681761e-05,0.028214000049047172,0.04352760000620037,0.0374505000654608,0.002988100051879883,0.00280149991158396,0.00010609999299049377
0.8,LP3 ($\theta$ Only),15,162,0.0,,0,0.0,0.0,0.0,0,0,0,0.0,0.0,100.0,0.000746200093999505,0.0008953999495133758,4.549999721348286e-05,0.029473000089637935,0.04588730004616082,0.03742649999912828,0.0032945999410003424,0.004463799996301532,0.00011150003410875797
0.8,LP3 ($\theta$ Only),16,178,0.0,,0,0.0,0.0,0.0,0,0,0,0.0,0.0,100.0,0.0007596999639645219,0.00083430006634444,4.650000482797623e-05,0.027649899944663048,0.040854600025340915,0.03559570002835244,0.003420199966058135,0.004204700002446771,0.00031130004208534956
0.8,LP3 ($\theta$ Only),17,195,0.0,,0,0.0,0.0,0.0,0,0,0,0.0,0.0,100.0,0.00090079999063164,0.0008953000651672482,4.830001853406429e-05,0.027410700102336705,0.05186350003350526,0.025892099947668612,0.002934899996034801,0.0029167000902816653,0.00015940004959702492
0.8,LP3 ($\theta$ Only),18,213,0.0,,0,0.0,0.0,0.0,0,0,0,0.0,0.0,100.0,0.0010973000898957253,0.0013708999613299966,5.0200033001601696e-05,0.028779599932022393,0.045929100015200675,0.059144599945284426,0.0029720000457018614,0.0028125999961048365,0.00011540006380528212
0.8,LP3 ($\theta$ Only),19,232,0.0,,3,0.0,0.0,0.0,0,0,0,0.0,0.0,100.0,0.0007612999761477113,0.000816799933090806,0.00011460005771368742,0.028656100039370358,0.09792189998552203,0.03655670001171529,0.004434800008311868,0.023117699893191457,0.00010629999451339245
0.8,Linear BTL,0,42,,-21.098066005627388,0,13.333333333333334,0.0,22.22222222222222,2,0,2,,,,0.001617699977941811,0.0008972999639809132,5.5200071074068546e-05,0.03868950007017702,0.060484099900349975,0.026579099940136075,0.003165600006468594,0.002876000013202429,0.00010920001659542322
0.8,Linear BTL,1,43,,-27.982063285797526,0,6.666666666666667,0.0,7.6923076923076925,1,0,1,,,,0.003513399977236986,0.000919999903999269,5.309993866831064e-05,0.04166809993330389,0.05353469995316118,0.05332710000220686,0.0066757999593392015,0.003675800049677491,0.0003084999043494463
0.8,Linear BTL,2,45,,-25.680913032371716,0,0.0,0.0,0.0,0,0,0,,,,0.0009963000193238258,0.001253900001756847,6.480002775788307e-05,0.03806859999895096,0.054812800022773445,0.031630099983885884,0.0030401999829337,0.0030172999249771237,0.00010930001735687256
0.8,Linear BTL,3,48,,-25.15903696661647,2,7.6923076923076925,0.0,11.11111111111111,1,0,1,,,,0.0007607999723404646,0.0008992999792098999,0.00011829996947199106,0.02591470000334084,0.04572479997295886,0.023514200001955032,0.0029912000754848123,0.0028671000618487597,0.00021959992591291666
0.8,Linear BTL,4,52,,-26.200830714649342,3,16.666666666666668,0.0,22.22222222222222,2,0,2,,,,0.0011491000186651945,0.0008838000940158963,0.00011330004781484604,0.04008800000883639,0.047299700090661645,0.027579099987633526,0.0050938999047502875,0.0037611000007018447,9.869993664324284e-05
0.8,Linear BTL,5,57,,-21.987079835180616,2,0.0,0.0,0.0,0,0,0,,,,0.0007541000377386808,0.0009118999587371945,0.00012290000449866056,0.048568999976851046,0.0722234999993816,0.024781599990092218,0.0029694000259041786,0.0028597000055015087,0.00016719999257475138
0.8,Linear BTL,6,63,,-29.24862162205128,3,8.333333333333334,0.0,10.0,1,0,1,,,,0.000744100078009069,0.0009188998956233263,0.00018970004748553038,0.03440190001856536,0.04739049996715039,0.02419030002783984,0.003578400006517768,0.002610199968330562,0.00016229995526373386
0.8,Linear BTL,7,70,,-25.936249568661786,1,0.0,0.0,0.0,0,0,0,,,,0.0007458999752998352,0.0008049000753089786,0.0001194999786093831,0.03426210000179708,0.05000470008235425,0.03228679997846484,0.002710800035856664,0.0049989999970421195,0.00015360000543296337
0.8,Linear BTL,8,78,,-20.605292633968542,1,7.142857142857143,0.0,12.5,1,0,1,,,,0.001153700053691864,0.0009307999862357974,0.00011330004781484604,0.035083599970676005,0.050012199906632304,0.025322900037281215,0.0057366000255569816,0.003041099989786744,0.00017889996524900198
0.8,Linear BTL,9,87,,-21.24014548261258,0,6.666666666666667,0.0,10.0,1,0,1,,,,0.0007509000133723021,0.0008478000527247787,4.700000863522291e-05,0.03509060002397746,0.059067499940283597,0.03288700000848621,0.0048840000526979566,0.003425200004130602,0.00018850003834813833
0.8,Linear BTL,10,97,,-25.680912938221983,0,13.333333333333334,0.0,16.666666666666668,2,0,2,,,,0.0007521000225096941,0.000879199942573905,4.700000863522291e-05,0.03099390002898872,0.06245810003019869,0.021275200066156685,0.004516700049862266,0.003101399983279407,0.00019839999731630087
0.8,Linear BTL,11,108,,-25.777394606466217,2,15.384615384615385,0.0,20.0,2,0,2,,,,0.0007605999708175659,0.000838999985717237,0.00011249992530792952,0.02687029994558543,0.03965940000489354,0.023929100017994642,0.0050475000170990825,0.002986400038935244,0.0001857000170275569
0.8,Linear BTL,12,120,,-20.228139439382414,0,13.333333333333334,0.0,25.0,2,0,2,,,,0.0007462999783456326,0.0008091999916359782,4.6200002543628216e-05,0.028635900001972914,0.047730399994179606,0.01671550003811717,0.0034537999890744686,0.003308700048364699,0.00018660002388060093
0.8,Linear BTL,13,133,,-17.108193792502632,0,6.666666666666667,0.0,12.5,1,0,1,,,,0.0007446999661624432,0.0008918000385165215,4.610000178217888e-05,0.03462629998102784,0.04337129998020828,0.03373940009623766,0.0028840000741183758,0.002737100003287196,0.00010830000974237919
0.8,Linear BTL,14,147,,-21.38302781900031,0,0.0,0.0,0.0,0,0,0,,,,0.0007427000673487782,0.0009608999826014042,4.780001472681761e-05,0.028214000049047172,0.04352760000620037,0.0374505000654608,0.002988100051879883,0.00280149991158396,0.00010609999299049377
0.8,Linear BTL,15,162,,-27.761199697008735,0,13.333333333333334,0.0,15.384615384615385,2,0,2,,,,0.000746200093999505,0.0008953999495133758,4.549999721348286e-05,0.029473000089637935,0.04588730004616082,0.03742649999912828,0.0032945999410003424,0.004463799996301532,0.00011150003410875797
0.8,Linear BTL,16,178,,-17.172957602809376,0,13.333333333333334,0.0,28.571428571428573,2,0,2,,,,0.0007596999639645219,0.00083430006634444,4.650000482797623e-05,0.027649899944663048,0.040854600025340915,0.03559570002835244,0.003420199966058135,0.004204700002446771,0.00031130004208534956
0.8,Linear BTL,17,195,,-18.314649079382946,0,0.0,0.0,0.0,0,0,0,,,,0.00090079999063164,0.0008953000651672482,4.830001853406429e-05,0.027410700102336705,0.05186350003350526,0.025892099947668612,0.002934899996034801,0.0029167000902816653,0.00015940004959702492
0.8,Linear BTL,18,213,,-13.631628282465847,0,0.0,0.0,0.0,0,0,0,,,,0.0010973000898957253,0.0013708999613299966,5.0200033001601696e-05,0.028779599932022393,0.045929100015200675,0.059144599945284426,0.0029720000457018614,0.0028125999961048365,0.00011540006380528212
0.8,Linear BTL,19,232,,-29.16892168685885,3,8.333333333333334,0.0,9.090909090909092,1,0,1,,,,0.0007612999761477113,0.000816799933090806,0.00011460005771368742,0.028656100039370358,0.09792189998552203,0.03655670001171529,0.004434800008311868,0.023117699893191457,0.00010629999451339245
0.9,LP2 ($\theta$ Only),0,42,0.0,,0,0.0,0.0,0.0,0,0,0,0.0,0.0,100.0,0.0012402000138536096,0.0025891000404953957,9.380001574754715e-05,0.05331109999679029,0.05853229993954301,0.02465699997264892,0.003421999979764223,0.00494849996175617,0.0003082000184804201
0.9,LP2 ($\theta$ Only),1,43,0.0,,0,0.0,0.0,0.0,0,0,0,0.0,0.0,100.0,0.0012753000482916832,0.001277600065805018,6.149988621473312e-05,0.03156240005046129,0.04109089996200055,0.032038999954238534,0.003541399957612157,0.00466109998524189,0.0001137999352067709
0.9,LP2 ($\theta$ Only),2,45,0.0,,2,0.0,0.0,0.0,0,0,0,0.0,0.0,100.0,0.0007540000369772315,0.0008914999198168516,0.0001151000615209341,0.03503369993995875,0.06457790010608733,0.0225693000247702,0.004559800028800964,0.0034163999371230602,0.0001020999625325203
0.9,LP2 ($\theta$ Only),3,48,0.0,,2,0.0,0.0,0.0,0,0,0,0.0,0.0,100.0,0.0007801000028848648,0.0009048000210896134,0.00012630003038793802,0.024452900048345327,0.04541270004119724,0.018488099914975464,0.004687199951149523,0.004121999954804778,0.00010800000745803118
0.9,LP2 ($\theta$ Only),4,52,0.0,,1,0.0,0.0,0.0,0,0,0,0.0,0.0,100.0,0.000813000020571053,0.0028252999763935804,0.00018749991431832314,0.036617300007492304,0.06137400004081428,0.03618329996243119,0.003155799931846559,0.003055199980735779,0.000174800050444901
0.9,LP2 ($\theta$ Only),5,57,0.0,,2,0.0,0.0,0.0,0,0,0,0.0,0.0,100.0,0.0007383999181911349,0.0011017000069841743,0.0005889999447390437,0.03939719998743385,0.05140480003319681,0.023100899998098612,0.004467000020667911,0.0039293000008910894,0.0001705000177025795
0.9,LP2 ($\theta$ Only),6,63,0.0,,3,0.0,0.0,0.0,0,0,0,0.0,0.0,100.0,0.0007537000346928835,0.0008795000612735748,0.00011110003106296062,0.03393080004025251,0.04903679993003607,0.03797850001137704,0.0028876999858766794,0.005682300077751279,9.790004696696997e-05
0.9,LP2 ($\theta$ Only),7,70,0.0,,3,0.0,0.0,0.0,0,0,0,0.0,0.0,100.0,0.0007542000385001302,0.0008794000605121255,0.0001086000120267272,0.029280300019308925,0.053950499976053834,0.023214900051243603,0.004258099943399429,0.004259299952536821,0.0001620999537408352
0.9,LP2 ($\theta$ Only),8,78,0.0,,1,0.0,0.0,0.0,0,0,0,0.0,0.0,100.0,0.000753799919039011,0.0008851999882608652,0.00011939997784793377,0.03673220006749034,0.05857670004479587,0.03781789995264262,0.0031500000040978193,0.0030164000345394015,0.00018710002768784761
0.9,LP2 ($\theta$ Only),9,87,0.0,,0,0.0,0.0,0.0,0,0,0,0.0,0.0,100.0,0.0010715000098571181,0.0017369999550282955,6.440002471208572e-05,0.03906600002665073,0.05082690005656332,0.0363644000608474,0.004302800050936639,0.003522000042721629,0.00011520006228238344
0.9,LP2 ($\theta$ Only),10,97,0.0,,1,0.0,0.0,0.0,0,0,0,0.0,0.0,100.0,0.002311500022187829,0.0010829000966623425,0.00015979993622750044,0.030530199990607798,0.04685300006531179,0.02166109997779131,0.00274529994931072,0.0025957999750971794,0.0001026000827550888
0.9,LP2 ($\theta$ Only),11,108,0.0,,0,0.0,0.0,0.0,0,0,0,0.0,0.0,100.0,0.0007615999784320593,0.0012602000497281551,5.10999234393239e-05,0.030307100038044155,0.038024600013159215,0.025029600015841424,0.002921899897046387,0.004743700032122433,0.00038240000139921904
0.9,LP2 ($\theta$ Only),12,120,0.0,,0,0.0,0.0,0.0,0,0,0,0.0,0.0,100.0,0.0016873999265953898,0.0010479000629857183,5.010003224015236e-05,0.03409670002292842,0.039534600102342665,0.02550119999796152,0.0029864999232813716,0.0028591000009328127,0.00010710000060498714
0.9,LP2 ($\theta$ Only),13,133,0.0,,0,0.0,0.0,0.0,0,0,0,0.0,0.0,100.0,0.0008249999955296516,0.0008355999598279595,4.579999949783087e-05,0.033360500005073845,0.04194090003147721,0.01980450004339218,0.0028954000445082784,0.002771299914456904,0.00010760000441223383
0.9,LP2 ($\theta$ Only),14,147,0.0,,0,0.0,0.0,0.0,0,0,0,0.0,0.0,100.0,0.0007332999957725406,0.0008613000391051173,4.770001396536827e-05,0.029964299988932908,0.05031560000497848,0.029587300028651953,0.002902899985201657,0.0027722999220713973,0.00010649999603629112
0.9,LP2 ($\theta$ Only),15,162,0.0,,0,0.0,0.0,0.0,0,0,0,0.0,0.0,100.0,0.0035824000369757414,0.0007844999199733138,4.740001168102026e-05,0.02909139997791499,0.04867960000410676,0.01692449999973178,0.0032124000135809183,0.003285299986600876,0.0001843998907133937
0.9,LP2 ($\theta$ Only),16,178,0.0,,0,0.0,0.0,0.0,0,0,0,0.0,0.0,100.0,0.0007433999562636018,0.0008490999462082982,5.3299940191209316e-05,0.030126399942673743,0.043987899902276695,0.024978200090117753,0.002967400010675192,0.0028110999846830964,0.00010810000821948051
0.9,LP2 ($\theta$ Only),17,195,0.0,,1,0.0,0.0,0.0,0,0,0,0.0,0.0,100.0,0.0007388999219983816,0.000916799996048212,0.00011589995119720697,0.038636800018139184,0.08591479994356632,0.03330990008544177,0.0053403000347316265,0.003384500043466687,0.00010799989104270935
0.9,LP2 ($\theta$ Only),18,213,0.0,,0,0.0,0.0,0.0,0,0,0,0.0,0.0,100.0,0.0007668999023735523,0.003733099903911352,9.039998985826969e-05,0.038039400009438396,0.06873079994693398,0.03412930003833026,0.004498499911278486,0.00424050004221499,0.00011080002877861261
0.9,LP2 ($\theta$ Only),19,232,0.0,,2,0.0,0.0,0.0,0,0,0,0.0,0.0,100.0,0.0007574999472126365,0.0008936000522226095,0.00012360000982880592,0.03759990003891289,0.04972719994839281,0.03146159998141229,0.0031075000297278166,0.004772200016304851,0.00028089992702007294
0.9,LP3 ($\theta$ Only),0,42,0.0,,0,0.0,0.0,0.0,0,0,0,0.0,0.0,100.0,0.0012402000138536096,0.0025891000404953957,9.380001574754715e-05,0.05331109999679029,0.05853229993954301,0.02465699997264892,0.003421999979764223,0.00494849996175617,0.0003082000184804201
0.9,LP3 ($\theta$ Only),1,43,0.0,,0,0.0,0.0,0.0,0,0,0,0.0,0.0,100.0,0.0012753000482916832,0.001277600065805018,6.149988621473312e-05,0.03156240005046129,0.04109089996200055,0.032038999954238534,0.003541399957612157,0.00466109998524189,0.0001137999352067709
0.9,LP3 ($\theta$ Only),2,45,0.0,,2,0.0,0.0,0.0,0,0,0,0.0,0.0,100.0,0.0007540000369772315,0.0008914999198168516,0.0001151000615209341,0.03503369993995875,0.06457790010608733,0.0225693000247702,0.004559800028800964,0.0034163999371230602,0.0001020999625325203
0.9,LP3 ($\theta$ Only),3,48,0.0,,2,0.0,0.0,0.0,0,0,0,0.0,0.0,100.0,0.0007801000028848648,0.0009048000210896134,0.00012630003038793802,0.024452900048345327,0.04541270004119724,0.018488099914975464,0.004687199951149523,0.004121999954804778,0.00010800000745803118
0.9,LP3 ($\theta$ Only),4,52,0.0,,1,0.0,0.0,0.0,0,0,0,0.0,0.0,100.0,0.000813000020571053,0.0028252999763935804,0.00018749991431832314,0.036617300007492304,0.06137400004081428,0.03618329996243119,0.003155799931846559,0.003055199980735779,0.000174800050444901
0.9,LP3 ($\theta$ Only),5,57,0.0,,2,0.0,0.0,0.0,0,0,0,0.0,0.0,100.0,0.0007383999181911349,0.0011017000069841743,0.0005889999447390437,0.03939719998743385,0.05140480003319681,0.023100899998098612,0.004467000020667911,0.0039293000008910894,0.0001705000177025795
0.9,LP3 ($\theta$ Only),6,63,0.0,,3,0.0,0.0,0.0,0,0,0,0.0,0.0,100.0,0.0007537000346928835,0.0008795000612735748,0.00011110003106296062,0.03393080004025251,0.04903679993003607,0.03797850001137704,0.0028876999858766794,0.005682300077751279,9.790004696696997e-05
0.9,LP3 ($\theta$ Only),7,70,0.0,,3,0.0,0.0,0.0,0,0,0,0.0,0.0,100.0,0.0007542000385001302,0.0008794000605121255,0.0001086000120267272,0.029280300019308925,0.053950499976053834,0.023214900051243603,0.004258099943399429,0.004259299952536821,0.0001620999537408352
0.9,LP3 ($\theta$ Only),8,78,0.0,,1,0.0,0.0,0.0,0,0,0,0.0,0.0,100.0,0.000753799919039011,0.0008851999882608652,0.00011939997784793377,0.03673220006749034,0.05857670004479587,0.03781789995264262,0.0031500000040978193,0.0030164000345394015,0.00018710002768784761
0.9,LP3 ($\theta$ Only),9,87,0.0,,0,0.0,0.0,0.0,0,0,0,0.0,0.0,100.0,0.0010715000098571181,0.0017369999550282955,6.440002471208572e-05,0.03906600002665073,0.05082690005656332,0.0363644000608474,0.004302800050936639,0.003522000042721629,0.00011520006228238344
0.9,LP3 ($\theta$ Only),10,97,0.0,,1,0.0,0.0,0.0,0,0,0,0.0,0.0,100.0,0.002311500022187829,0.0010829000966623425,0.00015979993622750044,0.030530199990607798,0.04685300006531179,0.02166109997779131,0.00274529994931072,0.0025957999750971794,0.0001026000827550888
0.9,LP3 ($\theta$ Only),11,108,0.0,,0,0.0,0.0,0.0,0,0,0,0.0,0.0,100.0,0.0007615999784320593,0.0012602000497281551,5.10999234393239e-05,0.030307100038044155,0.038024600013159215,0.025029600015841424,0.002921899897046387,0.004743700032122433,0.00038240000139921904
0.9,LP3 ($\theta$ Only),12,120,0.0,,0,0.0,0.0,0.0,0,0,0,0.0,0.0,100.0,0.0016873999265953898,0.0010479000629857183,5.010003224015236e-05,0.03409670002292842,0.039534600102342665,0.02550119999796152,0.0029864999232813716,0.0028591000009328127,0.00010710000060498714
0.9,LP3 ($\theta$ Only),13,133,0.0,,0,0.0,0.0,0.0,0,0,0,0.0,0.0,100.0,0.0008249999955296516,0.0008355999598279595,4.579999949783087e-05,0.033360500005073845,0.04194090003147721,0.01980450004339218,0.0028954000445082784,0.002771299914456904,0.00010760000441223383
0.9,LP3 ($\theta$ Only),14,147,0.0,,0,0.0,0.0,0.0,0,0,0,0.0,0.0,100.0,0.0007332999957725406,0.0008613000391051173,4.770001396536827e-05,0.029964299988932908,0.05031560000497848,0.029587300028651953,0.002902899985201657,0.0027722999220713973,0.00010649999603629112
0.9,LP3 ($\theta$ Only),15,162,0.0,,0,0.0,0.0,0.0,0,0,0,0.0,0.0,100.0,0.0035824000369757414,0.0007844999199733138,4.740001168102026e-05,0.02909139997791499,0.04867960000410676,0.01692449999973178,0.0032124000135809183,0.003285299986600876,0.0001843998907133937
0.9,LP3 ($\theta$ Only),16,178,0.0,,0,0.0,0.0,0.0,0,0,0,0.0,0.0,100.0,0.0007433999562636018,0.0008490999462082982,5.3299940191209316e-05,0.030126399942673743,0.043987899902276695,0.024978200090117753,0.002967400010675192,0.0028110999846830964,0.00010810000821948051
0.9,LP3 ($\theta$ Only),17,195,0.0,,1,0.0,0.0,0.0,0,0,0,0.0,0.0,100.0,0.0007388999219983816,0.000916799996048212,0.00011589995119720697,0.038636800018139184,0.08591479994356632,0.03330990008544177,0.0053403000347316265,0.003384500043466687,0.00010799989104270935
0.9,LP3 ($\theta$ Only),18,213,0.0,,0,0.0,0.0,0.0,0,0,0,0.0,0.0,100.0,0.0007668999023735523,0.003733099903911352,9.039998985826969e-05,0.038039400009438396,0.06873079994693398,0.03412930003833026,0.004498499911278486,0.00424050004221499,0.00011080002877861261
0.9,LP3 ($\theta$ Only),19,232,0.0,,2,0.0,0.0,0.0,0,0,0,0.0,0.0,100.0,0.0007574999472126365,0.0008936000522226095,0.00012360000982880592,0.03759990003891289,0.04972719994839281,0.03146159998141229,0.0031075000297278166,0.004772200016304851,0.00028089992702007294
0.9,Linear BTL,0,42,,-21.48988479846069,0,0.0,0.0,0.0,0,0,0,,,,0.0012402000138536096,0.0025891000404953957,9.380001574754715e-05,0.05331109999679029,0.05853229993954301,0.02465699997264892,0.003421999979764223,0.00494849996175617,0.0003082000184804201
0.9,Linear BTL,1,43,,-26.248591995474996,0,6.666666666666667,0.0,8.333333333333334,1,0,1,,,,0.0012753000482916832,0.001277600065805018,6.149988621473312e-05,0.03156240005046129,0.04109089996200055,0.032038999954238534,0.003541399957612157,0.00466109998524189,0.0001137999352067709
0.9,Linear BTL,2,45,,-25.527654761043923,2,7.6923076923076925,0.0,10.0,1,0,1,,,,0.0007540000369772315,0.0008914999198168516,0.0001151000615209341,0.03503369993995875,0.06457790010608733,0.0225693000247702,0.004559800028800964,0.0034163999371230602,0.0001020999625325203
0.9,Linear BTL,3,48,,-26.441537384166512,2,0.0,0.0,0.0,0,0,0,,,,0.0007801000028848648,0.0009048000210896134,0.00012630003038793802,0.024452900048345327,0.04541270004119724,0.018488099914975464,0.004687199951149523,0.004121999954804778,0.00010800000745803118
0.9,Linear BTL,4,52,,-25.696673785397007,1,0.0,0.0,0.0,0,0,0,,,,0.000813000020571053,0.0028252999763935804,0.00018749991431832314,0.036617300007492304,0.06137400004081428,0.03618329996243119,0.003155799931846559,0.003055199980735779,0.000174800050444901
0.9,Linear BTL,5,57,,-25.15903754683202,2,0.0,0.0,0.0,0,0,0,,,,0.0007383999181911349,0.0011017000069841743,0.0005889999447390437,0.03939719998743385,0.05140480003319681,0.023100899998098612,0.004467000020667911,0.0039293000008910894,0.0001705000177025795
0.9,Linear BTL,6,63,,-29.27156459661435,3,25.0,0.0,33.333333333333336,3,0,3,,,,0.0007537000346928835,0.0008795000612735748,0.00011110003106296062,0.03393080004025251,0.04903679993003607,0.03797850001137704,0.0028876999858766794,0.005682300077751279,9.790004696696997e-05
0.9,Linear BTL,7,70,,-29.0658488065991,3,8.333333333333334,0.0,9.090909090909092,1,0,1,,,,0.0007542000385001302,0.0008794000605121255,0.0001086000120267272,0.029280300019308925,0.053950499976053834,0.023214900051243603,0.004258099943399429,0.004259299952536821,0.0001620999537408352
0.9,Linear BTL,8,78,,-25.68844007542248,1,14.285714285714286,0.0,18.181818181818183,2,0,2,,,,0.000753799919039011,0.0008851999882608652,0.00011939997784793377,0.03673220006749034,0.05857670004479587,0.03781789995264262,0.0031500000040978193,0.0030164000345394015,0.00018710002768784761
0.9,Linear BTL,9,87,,-22.854265045681096,0,0.0,0.0,0.0,0,0,0,,,,0.0010715000098571181,0.0017369999550282955,6.440002471208572e-05,0.03906600002665073,0.05082690005656332,0.0363644000608474,0.004302800050936639,0.003522000042721629,0.00011520006228238344
0.9,Linear BTL,10,97,,-25.93624956471059,1,14.285714285714286,0.0,18.181818181818183,2,0,2,,,,0.002311500022187829,0.0010829000966623425,0.00015979993622750044,0.030530199990607798,0.04685300006531179,0.02166109997779131,0.00274529994931072,0.0025957999750971794,0.0001026000827550888
0.9,Linear BTL,11,108,,-25.527654582662986,0,6.666666666666667,0.0,8.333333333333334,1,0,1,,,,0.0007615999784320593,0.0012602000497281551,5.10999234393239e-05,0.030307100038044155,0.038024600013159215,0.025029600015841424,0.002921899897046387,0.004743700032122433,0.00038240000139921904
0.9,Linear BTL,12,120,,-22.02234358025069,0,13.333333333333334,0.0,22.22222222222222,2,0,2,,,,0.0016873999265953898,0.0010479000629857183,5.010003224015236e-05,0.03409670002292842,0.039534600102342665,0.02550119999796152,0.0029864999232813716,0.0028591000009328127,0.00010710000060498714
0.9,Linear BTL,13,133,,-18.007263044261414,0,6.666666666666667,0.0,12.5,1,0,1,,,,0.0008249999955296516,0.0008355999598279595,4.579999949783087e-05,0.033360500005073845,0.04194090003147721,0.01980450004339218,0.0028954000445082784,0.002771299914456904,0.00010760000441223383
0.9,Linear BTL,14,147,,-21.38302788867152,0,0.0,0.0,0.0,0,0,0,,,,0.0007332999957725406,0.0008613000391051173,4.770001396536827e-05,0.029964299988932908,0.05031560000497848,0.029587300028651953,0.002902899985201657,0.0027722999220713973,0.00010649999603629112
0.9,Linear BTL,15,162,,-26.200830381779802,0,6.666666666666667,0.0,8.333333333333334,1,0,1,,,,0.0035824000369757414,0.0007844999199733138,4.740001168102026e-05,0.02909139997791499,0.04867960000410676,0.01692449999973178,0.0032124000135809183,0.003285299986600876,0.0001843998907133937
0.9,Linear BTL,16,178,,-18.42770989101063,0,6.666666666666667,10.0,0.0,1,1,0,,,,0.0007433999562636018,0.0008490999462082982,5.3299940191209316e-05,0.030126399942673743,0.043987899902276695,0.024978200090117753,0.002967400010675192,0.0028110999846830964,0.00010810000821948051
0.9,Linear BTL,17,195,,-20.792681621958224,1,7.142857142857143,0.0,12.5,1,0,1,,,,0.0007388999219983816,0.000916799996048212,0.00011589995119720697,0.038636800018139184,0.08591479994356632,0.03330990008544177,0.0053403000347316265,0.003384500043466687,0.00010799989104270935
0.9,Linear BTL,18,213,,-18.243439370159834,0,0.0,0.0,0.0,0,0,0,,,,0.0007668999023735523,0.003733099903911352,9.039998985826969e-05,0.038039400009438396,0.06873079994693398,0.03412930003833026,0.004498499911278486,0.00424050004221499,0.00011080002877861261
0.9,Linear BTL,19,232,,-27.175202158973196,2,15.384615384615385,0.0,18.181818181818183,2,0,2,,,,0.0007574999472126365,0.0008936000522226095,0.00012360000982880592,0.03759990003891289,0.04972719994839281,0.03146159998141229,0.0031075000297278166,0.004772200016304851,0.00028089992702007294
1.0,LP2 ($\theta$ Only),0,42,0.0,,0,0.0,0.0,0.0,0,0,0,0.0,0.0,100.0,0.0022152001038193703,0.0021100000012665987,8.36000544950366e-05,0.08722700004000217,0.08643869997467846,0.04105859994888306,0.004960799938999116,0.0051232000114396214,0.00019260006956756115
1.0,LP2 ($\theta$ Only),1,43,0.0,,0,0.0,0.0,0.0,0,0,0,0.0,0.0,100.0,0.000662999926134944,0.0009282000828534365,5.140004213899374e-05,0.043912700028158724,0.05224170000292361,0.025877400068566203,0.0034398999996483326,0.003590499982237816,0.00011100003030151129
1.0,LP2 ($\theta$ Only),2,45,0.0,,2,0.0,0.0,0.0,0,0,0,0.0,0.0,100.0,0.003309300052933395,0.0008699999889358878,0.00012169999536126852,0.030456000007689,0.048908299999311566,0.015447999932803214,0.002620200044475496,0.002484200056642294,0.00010029994882643223
1.0,LP2 ($\theta$ Only),3,48,0.0,,0,0.0,0.0,0.0,0,0,0,0.0,0.0,100.0,0.0032975999638438225,0.0008874000050127506,6.019999273121357e-05,0.04220820008777082,0.059296100051142275,0.030928899999707937,0.0031488999957218766,0.007454599952325225,0.00028309994377195835
1.0,LP2 ($\theta$ Only),4,52,0.0,,2,0.0,0.0,0.0,0,0,0,0.0,0.0,100.0,0.001246199943125248,0.0019690999761223793,0.0002457000082358718,0.21482469991315156,0.08212969999294728,0.039316499955020845,0.002722600009292364,0.007174200029112399,0.00018759991507977247
1.0,LP2 ($\theta$ Only),5,57,0.0,,3,0.0,0.0,0.0,0,0,0,0.0,0.0,100.0,0.0006952999392524362,0.0012004999443888664,0.0001414999132975936,0.05293429992161691,0.07895900006406009,0.0409936000360176,0.007105899974703789,0.002723700017668307,0.0001642999704927206
1.0,LP2 ($\theta$ Only),6,63,0.0,,4,0.0,0.0,0.0,0,0,0,0.0,0.0,100.0,0.0006853999802842736,0.000901099992915988,0.00012159999459981918,0.03661940002348274,0.0744503999594599,0.021785099990665913,0.0025852000107988715,0.0027634999714791775,0.0003208999987691641
1.0,LP2 ($\theta$ Only),7,70,0.0,,3,0.0,0.0,0.0,0,0,0,0.0,0.0,100.0,0.002015999983996153,0.0009364000288769603,0.00011339993216097355,0.0290080999257043,0.04008240008261055,0.018786299973726273,0.002894400036893785,0.0027609000680968165,0.00014729995746165514
1.0,LP2 ($\theta$ Only),8,78,0.0,,2,0.0,0.0,0.0,0,0,0,0.0,0.0,100.0,0.002203900017775595,0.0019069999689236283,0.00017170002683997154,0.03020240005571395,0.03871250001247972,0.029266800032928586,0.003393599996343255,0.002835000050254166,0.00017060001846402884
1.0,LP2 ($\theta$ Only),9,87,0.0,,0,0.0,0.0,0.0,0,0,0,0.0,0.0,100.0,0.000646200031042099,0.0009047000203281641,4.83999028801918e-05,0.028566300054080784,0.04035629995632917,0.030703899916261435,0.003573099966160953,0.0042631999822333455,0.00011090002954006195
1.0,LP2 ($\theta$ Only),10,97,0.0,,2,0.0,0.0,0.0,0,0,0,0.0,0.0,100.0,0.0006550999823957682,0.0008232999825850129,0.0001346999779343605,0.026268099900335073,0.03741099999751896,0.022337000002153218,0.002585000009275973,0.002431000000797212,9.77999297901988e-05
1.0,LP2 ($\theta$ Only),11,108,0.0,,0,0.0,0.0,0.0,0,0,0,0.0,0.0,100.0,0.0006333999335765839,0.00084910006262362,4.7900015488266945e-05,0.02950750000309199,0.03975599992554635,0.026286400039680302,0.0031530000269412994,0.006269300007261336,0.00011200003791600466
1.0,LP2 ($\theta$ Only),12,120,0.0,,0,0.0,0.0,0.0,0,0,0,0.0,0.0,100.0,0.0007372000254690647,0.0008864999981597066,4.910002462565899e-05,0.03000829997472465,0.03785960003733635,0.02196500007994473,0.005951100029051304,0.003036299953237176,0.0001105000264942646
1.0,LP2 ($\theta$ Only),13,133,0.0,,0,0.0,0.0,0.0,0,0,0,0.0,0.0,100.0,0.0008134000236168504,0.0009963000193238258,5.180004518479109e-05,0.0324566001072526,0.045906499959528446,0.01883690000977367,0.0030444000149145722,0.0028580999933183193,0.00010569998994469643
1.0,LP2 ($\theta$ Only),14,147,0.0,,1,0.0,0.0,0.0,0,0,0,0.0,0.0,100.0,0.003319400013424456,0.0012907000491395593,0.00016259995754808187,0.03599070000927895,0.04326710000168532,0.023049499955959618,0.002949699992313981,0.0027974999975413084,0.0001023000804707408
1.0,LP2 ($\theta$ Only),15,162,0.0,,0,0.0,0.0,0.0,0,0,0,0.0,0.0,100.0,0.0032958999508991838,0.0008036000654101372,4.6900007873773575e-05,0.03069419995881617,0.041441600071266294,0.016923799994401634,0.005163000081665814,0.010442800004966557,0.00022479996550828218
1.0,LP2 ($\theta$ Only),16,178,0.0,,0,0.0,0.0,0.0,0,0,0,0.0,0.0,100.0,0.0027901000576093793,0.002119199954904616,7.580011151731014e-05,0.05784800008405,0.06847880000714213,0.027656499994918704,0.0028948000399395823,0.0036392000038176775,0.00017030001617968082
1.0,LP2 ($\theta$ Only),17,195,0.0,,2,0.0,0.0,0.0,0,0,0,0.0,0.0,100.0,0.0006786000449210405,0.0009318999946117401,0.0001159000676125288,0.026311399997211993,0.04599879996385425,0.02907360007520765,0.0031080000335350633,0.0029636999825015664,0.00016870000399649143
1.0,LP2 ($\theta$ Only),18,213,0.0,,0,0.0,0.0,0.0,0,0,0,0.0,0.0,100.0,0.0006266999989748001,0.0008221999742090702,4.610000178217888e-05,0.028088699909858406,0.03815969999413937,0.025440299999900162,0.00300330005120486,0.0028584999963641167,0.00010569998994469643
1.0,LP2 ($\theta$ Only),19,232,0.0,,3,0.0,0.0,0.0,0,0,0,0.0,0.0,100.0,0.0007038000039756298,0.0016801999881863594,0.00017140002455562353,0.0313002000330016,0.035470400005578995,0.030426800018176436,0.0058753000339493155,0.002336599980480969,0.00010539998766034842
1.0,LP3 ($\theta$ Only),0,42,0.0,,0,0.0,0.0,0.0,0,0,0,0.0,0.0,100.0,0.0022152001038193703,0.0021100000012665987,8.36000544950366e-05,0.08722700004000217,0.08643869997467846,0.04105859994888306,0.004960799938999116,0.0051232000114396214,0.00019260006956756115
1.0,LP3 ($\theta$ Only),1,43,0.0,,0,0.0,0.0,0.0,0,0,0,0.0,0.0,100.0,0.000662999926134944,0.0009282000828534365,5.140004213899374e-05,0.043912700028158724,0.05224170000292361,0.025877400068566203,0.0034398999996483326,0.003590499982237816,0.00011100003030151129
1.0,LP3 ($\theta$ Only),2,45,0.0,,2,0.0,0.0,0.0,0,0,0,0.0,0.0,100.0,0.003309300052933395,0.0008699999889358878,0.00012169999536126852,0.030456000007689,0.048908299999311566,0.015447999932803214,0.002620200044475496,0.002484200056642294,0.00010029994882643223
1.0,LP3 ($\theta$ Only),3,48,0.0,,0,0.0,0.0,0.0,0,0,0,0.0,0.0,100.0,0.0032975999638438225,0.0008874000050127506,6.019999273121357e-05,0.04220820008777082,0.059296100051142275,0.030928899999707937,0.0031488999957218766,0.007454599952325225,0.00028309994377195835
1.0,LP3 ($\theta$ Only),4,52,0.0,,2,0.0,0.0,0.0,0,0,0,0.0,0.0,100.0,0.001246199943125248,0.0019690999761223793,0.0002457000082358718,0.21482469991315156,0.08212969999294728,0.039316499955020845,0.002722600009292364,0.007174200029112399,0.00018759991507977247
1.0,LP3 ($\theta$ Only),5,57,0.0,,3,0.0,0.0,0.0,0,0,0,0.0,0.0,100.0,0.0006952999392524362,0.0012004999443888664,0.0001414999132975936,0.05293429992161691,0.07895900006406009,0.0409936000360176,0.007105899974703789,0.002723700017668307,0.0001642999704927206
1.0,LP3 ($\theta$ Only),6,63,0.0,,4,0.0,0.0,0.0,0,0,0,0.0,0.0,100.0,0.0006853999802842736,0.000901099992915988,0.00012159999459981918,0.03661940002348274,0.0744503999594599,0.021785099990665913,0.0025852000107988715,0.0027634999714791775,0.0003208999987691641
1.0,LP3 ($\theta$ Only),7,70,0.0,,3,0.0,0.0,0.0,0,0,0,0.0,0.0,100.0,0.002015999983996153,0.0009364000288769603,0.00011339993216097355,0.0290080999257043,0.04008240008261055,0.018786299973726273,0.002894400036893785,0.0027609000680968165,0.00014729995746165514
1.0,LP3 ($\theta$ Only),8,78,0.0,,2,0.0,0.0,0.0,0,0,0,0.0,0.0,100.0,0.002203900017775595,0.0019069999689236283,0.00017170002683997154,0.03020240005571395,0.03871250001247972,0.029266800032928586,0.003393599996343255,0.002835000050254166,0.00017060001846402884
1.0,LP3 ($\theta$ Only),9,87,0.0,,0,0.0,0.0,0.0,0,0,0,0.0,0.0,100.0,0.000646200031042099,0.0009047000203281641,4.83999028801918e-05,0.028566300054080784,0.04035629995632917,0.030703899916261435,0.003573099966160953,0.0042631999822333455,0.00011090002954006195
1.0,LP3 ($\theta$ Only),10,97,0.0,,2,0.0,0.0,0.0,0,0,0,0.0,0.0,100.0,0.0006550999823957682,0.0008232999825850129,0.0001346999779343605,0.026268099900335073,0.03741099999751896,0.022337000002153218,0.002585000009275973,0.002431000000797212,9.77999297901988e-05
1.0,LP3 ($\theta$ Only),11,108,0.0,,0,0.0,0.0,0.0,0,0,0,0.0,0.0,100.0,0.0006333999335765839,0.00084910006262362,4.7900015488266945e-05,0.02950750000309199,0.03975599992554635,0.026286400039680302,0.0031530000269412994,0.006269300007261336,0.00011200003791600466
1.0,LP3 ($\theta$ Only),12,120,0.0,,0,0.0,0.0,0.0,0,0,0,0.0,0.0,100.0,0.0007372000254690647,0.0008864999981597066,4.910002462565899e-05,0.03000829997472465,0.03785960003733635,0.02196500007994473,0.005951100029051304,0.003036299953237176,0.0001105000264942646
1.0,LP3 ($\theta$ Only),13,133,0.0,,0,0.0,0.0,0.0,0,0,0,0.0,0.0,100.0,0.0008134000236168504,0.0009963000193238258,5.180004518479109e-05,0.0324566001072526,0.045906499959528446,0.01883690000977367,0.0030444000149145722,0.0028580999933183193,0.00010569998994469643
1.0,LP3 ($\theta$ Only),14,147,0.0,,1,0.0,0.0,0.0,0,0,0,0.0,0.0,100.0,0.003319400013424456,0.0012907000491395593,0.00016259995754808187,0.03599070000927895,0.04326710000168532,0.023049499955959618,0.002949699992313981,0.0027974999975413084,0.0001023000804707408
1.0,LP3 ($\theta$ Only),15,162,0.0,,0,0.0,0.0,0.0,0,0,0,0.0,0.0,100.0,0.0032958999508991838,0.0008036000654101372,4.6900007873773575e-05,0.03069419995881617,0.041441600071266294,0.016923799994401634,0.005163000081665814,0.010442800004966557,0.00022479996550828218
1.0,LP3 ($\theta$ Only),16,178,0.0,,0,0.0,0.0,0.0,0,0,0,0.0,0.0,100.0,0.0027901000576093793,0.002119199954904616,7.580011151731014e-05,0.05784800008405,0.06847880000714213,0.027656499994918704,0.0028948000399395823,0.0036392000038176775,0.00017030001617968082
1.0,LP3 ($\theta$ Only),17,195,0.0,,2,0.0,0.0,0.0,0,0,0,0.0,0.0,100.0,0.0006786000449210405,0.0009318999946117401,0.0001159000676125288,0.026311399997211993,0.04599879996385425,0.02907360007520765,0.0031080000335350633,0.0029636999825015664,0.00016870000399649143
1.0,LP3 ($\theta$ Only),18,213,0.0,,0,0.0,0.0,0.0,0,0,0,0.0,0.0,100.0,0.0006266999989748001,0.0008221999742090702,4.610000178217888e-05,0.028088699909858406,0.03815969999413937,0.025440299999900162,0.00300330005120486,0.0028584999963641167,0.00010569998994469643
1.0,LP3 ($\theta$ Only),19,232,0.0,,3,0.0,0.0,0.0,0,0,0,0.0,0.0,100.0,0.0007038000039756298,0.0016801999881863594,0.00017140002455562353,0.0313002000330016,0.035470400005578995,0.030426800018176436,0.0058753000339493155,0.002336599980480969,0.00010539998766034842
1.0,Linear BTL,0,42,,-21.727079807888973,0,6.666666666666667,0.0,10.0,1,0,1,,,,0.0022152001038193703,0.0021100000012665987,8.36000544950366e-05,0.08722700004000217,0.08643869997467846,0.04105859994888306,0.004960799938999116,0.0051232000114396214,0.00019260006956756115
1.0,Linear BTL,1,43,,-26.248591897030387,0,13.333333333333334,0.0,16.666666666666668,2,0,2,,,,0.000662999926134944,0.0009282000828534365,5.140004213899374e-05,0.043912700028158724,0.05224170000292361,0.025877400068566203,0.0034398999996483326,0.003590499982237816,0.00011100003030151129
1.0,Linear BTL,2,45,,-27.191813090260354,2,7.6923076923076925,0.0,9.090909090909092,1,0,1,,,,0.003309300052933395,0.0008699999889358878,0.00012169999536126852,0.030456000007689,0.048908299999311566,0.015447999932803214,0.002620200044475496,0.002484200056642294,0.00010029994882643223
1.0,Linear BTL,3,48,,-25.723040115506464,0,6.666666666666667,0.0,8.333333333333334,1,0,1,,,,0.0032975999638438225,0.0008874000050127506,6.019999273121357e-05,0.04220820008777082,0.059296100051142275,0.030928899999707937,0.0031488999957218766,0.007454599952325225,0.00028309994377195835
1.0,Linear BTL,4,52,,-27.254186157161794,2,7.6923076923076925,0.0,9.090909090909092,1,0,1,,,,0.001246199943125248,0.0019690999761223793,0.0002457000082358718,0.21482469991315156,0.08212969999294728,0.039316499955020845,0.002722600009292364,0.007174200029112399,0.00018759991507977247
1.0,Linear BTL,5,57,,-26.189113833944045,3,8.333333333333334,0.0,12.5,1,0,1,,,,0.0006952999392524362,0.0012004999443888664,0.0001414999132975936,0.05293429992161691,0.07895900006406009,0.0409936000360176,0.007105899974703789,0.002723700017668307,0.0001642999704927206
1.0,Linear BTL,6,63,,-29.97855796888967,4,18.181818181818183,0.0,25.0,2,0,2,,,,0.0006853999802842736,0.000901099992915988,0.00012159999459981918,0.03661940002348274,0.0744503999594599,0.021785099990665913,0.0025852000107988715,0.0027634999714791775,0.0003208999987691641
1.0,Linear BTL,7,70,,-29.65664445394245,3,0.0,0.0,0.0,0,0,0,,,,0.002015999983996153,0.0009364000288769603,0.00011339993216097355,0.0290080999257043,0.04008240008261055,0.018786299973726273,0.002894400036893785,0.0027609000680968165,0.00014729995746165514
1.0,Linear BTL,8,78,,-27.24271570498878,2,15.384615384615385,0.0,18.181818181818183,2,0,2,,,,0.002203900017775595,0.0019069999689236283,0.00017170002683997154,0.03020240005571395,0.03871250001247972,0.029266800032928586,0.003393599996343255,0.002835000050254166,0.00017060001846402884
1.0,Linear BTL,9,87,,-21.536902296193844,0,6.666666666666667,0.0,11.11111111111111,1,0,1,,,,0.000646200031042099,0.0009047000203281641,4.83999028801918e-05,0.028566300054080784,0.04035629995632917,0.030703899916261435,0.003573099966160953,0.0042631999822333455,0.00011090002954006195
1.0,Linear BTL,10,97,,-27.236778518670775,2,7.6923076923076925,0.0,9.090909090909092,1,0,1,,,,0.0006550999823957682,0.0008232999825850129,0.0001346999779343605,0.026268099900335073,0.03741099999751896,0.022337000002153218,0.002585000009275973,0.002431000000797212,9.77999297901988e-05
1.0,Linear BTL,11,108,,-23.320441551415836,0,6.666666666666667,0.0,9.090909090909092,1,0,1,,,,0.0006333999335765839,0.00084910006262362,4.7900015488266945e-05,0.02950750000309199,0.03975599992554635,0.026286400039680302,0.0031530000269412994,0.006269300007261336,0.00011200003791600466
1.0,Linear BTL,12,120,,-25.227399500165166,0,13.333333333333334,0.0,18.181818181818183,2,0,2,,,,0.0007372000254690647,0.0008864999981597066,4.910002462565899e-05,0.03000829997472465,0.03785960003733635,0.02196500007994473,0.005951100029051304,0.003036299953237176,0.0001105000264942646
1.0,Linear BTL,13,133,,-17.60473340212357,0,0.0,0.0,0.0,0,0,0,,,,0.0008134000236168504,0.0009963000193238258,5.180004518479109e-05,0.0324566001072526,0.045906499959528446,0.01883690000977367,0.0030444000149145722,0.0028580999933183193,0.00010569998994469643
1.0,Linear BTL,14,147,,-19.45404563023622,1,7.142857142857143,0.0,12.5,1,0,1,,,,0.003319400013424456,0.0012907000491395593,0.00016259995754808187,0.03599070000927895,0.04326710000168532,0.023049499955959618,0.002949699992313981,0.0027974999975413084,0.0001023000804707408
1.0,Linear BTL,15,162,,-26.947938791732955,0,0.0,0.0,0.0,0,0,0,,,,0.0032958999508991838,0.0008036000654101372,4.6900007873773575e-05,0.03069419995881617,0.041441600071266294,0.016923799994401634,0.005163000081665814,0.010442800004966557,0.00022479996550828218
1.0,Linear BTL,16,178,,-15.459313357828872,0,6.666666666666667,0.0,20.0,1,0,1,,,,0.0027901000576093793,0.002119199954904616,7.580011151731014e-05,0.05784800008405,0.06847880000714213,0.027656499994918704,0.0028948000399395823,0.0036392000038176775,0.00017030001617968082
1.0,Linear BTL,17,195,,-20.792681596087082,2,7.6923076923076925,0.0,14.285714285714286,1,0,1,,,,0.0006786000449210405,0.0009318999946117401,0.0001159000676125288,0.026311399997211993,0.04599879996385425,0.02907360007520765,0.0031080000335350633,0.0029636999825015664,0.00016870000399649143
1.0,Linear BTL,18,213,,-17.136032448712815,0,0.0,0.0,0.0,0,0,0,,,,0.0006266999989748001,0.0008221999742090702,4.610000178217888e-05,0.028088699909858406,0.03815969999413937,0.025440299999900162,0.00300330005120486,0.0028584999963641167,0.00010569998994469643
1.0,Linear BTL,19,232,,-28.201927354081985,3,0.0,0.0,0.0,0,0,0,,,,0.0007038000039756298,0.0016801999881863594,0.00017140002455562353,0.0313002000330016,0.035470400005578995,0.030426800018176436,0.0058753000339493155,0.002336599980480969,0.00010539998766034842
